image_id,source_record_id,true_identity,image_path,low_quality_path,assigned_identity,quality_condition,noise_level,is_noisy
T000123,18087,138,data/corrupted/100k_blur_15x15_s5/train/T000123.png,data/corrupted/100k_blur_15x15_s5/train/T000123.png,3459,LOW,5%,1
T000173,107895,1321,data/corrupted/100k_blur_15x15_s5/train/T000173.png,data/corrupted/100k_blur_15x15_s5/train/T000173.png,6685,LOW,5%,1
T000180,107993,1321,data/corrupted/100k_blur_15x15_s5/train/T000180.png,data/corrupted/100k_blur_15x15_s5/train/T000180.png,2804,LOW,5%,1
T000202,205606,3384,data/corrupted/100k_blur_15x15_s5/train/T000202.png,data/corrupted/100k_blur_15x15_s5/train/T000202.png,7300,LOW,5%,1
T000233,205962,3384,data/corrupted/100k_blur_15x15_s5/train/T000233.png,data/corrupted/100k_blur_15x15_s5/train/T000233.png,1709,LOW,5%,1
T000240,205849,3384,data/corrupted/100k_blur_15x15_s5/train/T000240.png,data/corrupted/100k_blur_15x15_s5/train/T000240.png,8303,LOW,5%,1
T000286,148485,2188,data/corrupted/100k_blur_15x15_s5/train/T000286.png,data/corrupted/100k_blur_15x15_s5/train/T000286.png,2949,LOW,5%,1
T000305,189809,3024,data/corrupted/100k_blur_15x15_s5/train/T000305.png,data/corrupted/100k_blur_15x15_s5/train/T000305.png,3676,LOW,5%,1
T000311,189926,3024,data/corrupted/100k_blur_15x15_s5/train/T000311.png,data/corrupted/100k_blur_15x15_s5/train/T000311.png,275,LOW,5%,1
T000317,190302,3024,data/corrupted/100k_blur_15x15_s5/train/T000317.png,data/corrupted/100k_blur_15x15_s5/train/T000317.png,275,LOW,5%,1
T000337,190056,3024,data/corrupted/100k_blur_15x15_s5/train/T000337.png,data/corrupted/100k_blur_15x15_s5/train/T000337.png,4711,LOW,5%,1
T000347,190076,3024,data/corrupted/100k_blur_15x15_s5/train/T000347.png,data/corrupted/100k_blur_15x15_s5/train/T000347.png,187,LOW,5%,1
T000362,73059,872,data/corrupted/100k_blur_15x15_s5/train/T000362.png,data/corrupted/100k_blur_15x15_s5/train/T000362.png,8663,LOW,5%,1
T000377,73110,872,data/corrupted/100k_blur_15x15_s5/train/T000377.png,data/corrupted/100k_blur_15x15_s5/train/T000377.png,8444,LOW,5%,1
T000405,177502,2749,data/corrupted/100k_blur_15x15_s5/train/T000405.png,data/corrupted/100k_blur_15x15_s5/train/T000405.png,5714,LOW,5%,1
T000413,177315,2749,data/corrupted/100k_blur_15x15_s5/train/T000413.png,data/corrupted/100k_blur_15x15_s5/train/T000413.png,46,LOW,5%,1
T000427,177301,2749,data/corrupted/100k_blur_15x15_s5/train/T000427.png,data/corrupted/100k_blur_15x15_s5/train/T000427.png,9923,LOW,5%,1
T000450,239511,4111,data/corrupted/100k_blur_15x15_s5/train/T000450.png,data/corrupted/100k_blur_15x15_s5/train/T000450.png,2941,LOW,5%,1
T000461,239499,4111,data/corrupted/100k_blur_15x15_s5/train/T000461.png,data/corrupted/100k_blur_15x15_s5/train/T000461.png,1375,LOW,5%,1
T000467,239184,4111,data/corrupted/100k_blur_15x15_s5/train/T000467.png,data/corrupted/100k_blur_15x15_s5/train/T000467.png,1876,LOW,5%,1
T000471,239754,4111,data/corrupted/100k_blur_15x15_s5/train/T000471.png,data/corrupted/100k_blur_15x15_s5/train/T000471.png,673,LOW,5%,1
T000475,239650,4111,data/corrupted/100k_blur_15x15_s5/train/T000475.png,data/corrupted/100k_blur_15x15_s5/train/T000475.png,6575,LOW,5%,1
T000494,239649,4111,data/corrupted/100k_blur_15x15_s5/train/T000494.png,data/corrupted/100k_blur_15x15_s5/train/T000494.png,889,LOW,5%,1
T000549,149024,2189,data/corrupted/100k_blur_15x15_s5/train/T000549.png,data/corrupted/100k_blur_15x15_s5/train/T000549.png,6787,LOW,5%,1
T000555,293848,5287,data/corrupted/100k_blur_15x15_s5/train/T000555.png,data/corrupted/100k_blur_15x15_s5/train/T000555.png,4808,LOW,5%,1
T000582,293776,5287,data/corrupted/100k_blur_15x15_s5/train/T000582.png,data/corrupted/100k_blur_15x15_s5/train/T000582.png,3055,LOW,5%,1
T000585,293840,5287,data/corrupted/100k_blur_15x15_s5/train/T000585.png,data/corrupted/100k_blur_15x15_s5/train/T000585.png,5725,LOW,5%,1
T000587,293981,5287,data/corrupted/100k_blur_15x15_s5/train/T000587.png,data/corrupted/100k_blur_15x15_s5/train/T000587.png,5889,LOW,5%,1
T000595,293996,5287,data/corrupted/100k_blur_15x15_s5/train/T000595.png,data/corrupted/100k_blur_15x15_s5/train/T000595.png,7037,LOW,5%,1
T000603,344185,6374,data/corrupted/100k_blur_15x15_s5/train/T000603.png,data/corrupted/100k_blur_15x15_s5/train/T000603.png,8416,LOW,5%,1
T000647,344395,6374,data/corrupted/100k_blur_15x15_s5/train/T000647.png,data/corrupted/100k_blur_15x15_s5/train/T000647.png,891,LOW,5%,1
T000653,265739,4670,data/corrupted/100k_blur_15x15_s5/train/T000653.png,data/corrupted/100k_blur_15x15_s5/train/T000653.png,3871,LOW,5%,1
T000744,7826,41,data/corrupted/100k_blur_15x15_s5/train/T000744.png,data/corrupted/100k_blur_15x15_s5/train/T000744.png,1079,LOW,5%,1
T000852,278726,4968,data/corrupted/100k_blur_15x15_s5/train/T000852.png,data/corrupted/100k_blur_15x15_s5/train/T000852.png,893,LOW,5%,1
T000857,278391,4968,data/corrupted/100k_blur_15x15_s5/train/T000857.png,data/corrupted/100k_blur_15x15_s5/train/T000857.png,9836,LOW,5%,1
T000865,278741,4968,data/corrupted/100k_blur_15x15_s5/train/T000865.png,data/corrupted/100k_blur_15x15_s5/train/T000865.png,2965,LOW,5%,1
T000877,278667,4968,data/corrupted/100k_blur_15x15_s5/train/T000877.png,data/corrupted/100k_blur_15x15_s5/train/T000877.png,3870,LOW,5%,1
T000903,6736,37,data/corrupted/100k_blur_15x15_s5/train/T000903.png,data/corrupted/100k_blur_15x15_s5/train/T000903.png,1959,LOW,5%,1
T000970,336429,6224,data/corrupted/100k_blur_15x15_s5/train/T000970.png,data/corrupted/100k_blur_15x15_s5/train/T000970.png,1935,LOW,5%,1
T000976,336168,6224,data/corrupted/100k_blur_15x15_s5/train/T000976.png,data/corrupted/100k_blur_15x15_s5/train/T000976.png,333,LOW,5%,1
T000982,336381,6224,data/corrupted/100k_blur_15x15_s5/train/T000982.png,data/corrupted/100k_blur_15x15_s5/train/T000982.png,7981,LOW,5%,1
T000996,336285,6224,data/corrupted/100k_blur_15x15_s5/train/T000996.png,data/corrupted/100k_blur_15x15_s5/train/T000996.png,4183,LOW,5%,1
T000999,335972,6224,data/corrupted/100k_blur_15x15_s5/train/T000999.png,data/corrupted/100k_blur_15x15_s5/train/T000999.png,9997,LOW,5%,1
T001051,341404,6332,data/corrupted/100k_blur_15x15_s5/train/T001051.png,data/corrupted/100k_blur_15x15_s5/train/T001051.png,738,LOW,5%,1
T001095,341245,6332,data/corrupted/100k_blur_15x15_s5/train/T001095.png,data/corrupted/100k_blur_15x15_s5/train/T001095.png,1098,LOW,5%,1
T001107,106822,1317,data/corrupted/100k_blur_15x15_s5/train/T001107.png,data/corrupted/100k_blur_15x15_s5/train/T001107.png,4292,LOW,5%,1
T001110,107090,1317,data/corrupted/100k_blur_15x15_s5/train/T001110.png,data/corrupted/100k_blur_15x15_s5/train/T001110.png,8067,LOW,5%,1
T001131,107040,1317,data/corrupted/100k_blur_15x15_s5/train/T001131.png,data/corrupted/100k_blur_15x15_s5/train/T001131.png,5834,LOW,5%,1
T001171,60303,658,data/corrupted/100k_blur_15x15_s5/train/T001171.png,data/corrupted/100k_blur_15x15_s5/train/T001171.png,32,LOW,5%,1
T001249,105815,1299,data/corrupted/100k_blur_15x15_s5/train/T001249.png,data/corrupted/100k_blur_15x15_s5/train/T001249.png,5846,LOW,5%,1
T001257,102461,1245,data/corrupted/100k_blur_15x15_s5/train/T001257.png,data/corrupted/100k_blur_15x15_s5/train/T001257.png,4621,LOW,5%,1
T001272,102708,1245,data/corrupted/100k_blur_15x15_s5/train/T001272.png,data/corrupted/100k_blur_15x15_s5/train/T001272.png,5839,LOW,5%,1
T001355,30993,256,data/corrupted/100k_blur_15x15_s5/train/T001355.png,data/corrupted/100k_blur_15x15_s5/train/T001355.png,5067,LOW,5%,1
T001364,31128,256,data/corrupted/100k_blur_15x15_s5/train/T001364.png,data/corrupted/100k_blur_15x15_s5/train/T001364.png,1286,LOW,5%,1
T001381,31059,256,data/corrupted/100k_blur_15x15_s5/train/T001381.png,data/corrupted/100k_blur_15x15_s5/train/T001381.png,462,LOW,5%,1
T001403,254031,4401,data/corrupted/100k_blur_15x15_s5/train/T001403.png,data/corrupted/100k_blur_15x15_s5/train/T001403.png,4312,LOW,5%,1
T001408,254358,4401,data/corrupted/100k_blur_15x15_s5/train/T001408.png,data/corrupted/100k_blur_15x15_s5/train/T001408.png,4603,LOW,5%,1
T001431,253969,4401,data/corrupted/100k_blur_15x15_s5/train/T001431.png,data/corrupted/100k_blur_15x15_s5/train/T001431.png,2806,LOW,5%,1
T001438,254404,4401,data/corrupted/100k_blur_15x15_s5/train/T001438.png,data/corrupted/100k_blur_15x15_s5/train/T001438.png,8791,LOW,5%,1
T001457,3910,23,data/corrupted/100k_blur_15x15_s5/train/T001457.png,data/corrupted/100k_blur_15x15_s5/train/T001457.png,9987,LOW,5%,1
T001458,3753,23,data/corrupted/100k_blur_15x15_s5/train/T001458.png,data/corrupted/100k_blur_15x15_s5/train/T001458.png,193,LOW,5%,1
T001485,3976,23,data/corrupted/100k_blur_15x15_s5/train/T001485.png,data/corrupted/100k_blur_15x15_s5/train/T001485.png,966,LOW,5%,1
T001489,3729,23,data/corrupted/100k_blur_15x15_s5/train/T001489.png,data/corrupted/100k_blur_15x15_s5/train/T001489.png,5067,LOW,5%,1
T001506,23921,194,data/corrupted/100k_blur_15x15_s5/train/T001506.png,data/corrupted/100k_blur_15x15_s5/train/T001506.png,2027,LOW,5%,1
T001513,23886,194,data/corrupted/100k_blur_15x15_s5/train/T001513.png,data/corrupted/100k_blur_15x15_s5/train/T001513.png,605,LOW,5%,1
T001530,23845,194,data/corrupted/100k_blur_15x15_s5/train/T001530.png,data/corrupted/100k_blur_15x15_s5/train/T001530.png,5657,LOW,5%,1
T001552,131143,1822,data/corrupted/100k_blur_15x15_s5/train/T001552.png,data/corrupted/100k_blur_15x15_s5/train/T001552.png,1004,LOW,5%,1
T001556,131373,1822,data/corrupted/100k_blur_15x15_s5/train/T001556.png,data/corrupted/100k_blur_15x15_s5/train/T001556.png,10535,LOW,5%,1
T001559,131282,1822,data/corrupted/100k_blur_15x15_s5/train/T001559.png,data/corrupted/100k_blur_15x15_s5/train/T001559.png,1468,LOW,5%,1
T001570,130961,1822,data/corrupted/100k_blur_15x15_s5/train/T001570.png,data/corrupted/100k_blur_15x15_s5/train/T001570.png,9936,LOW,5%,1
T001593,131166,1822,data/corrupted/100k_blur_15x15_s5/train/T001593.png,data/corrupted/100k_blur_15x15_s5/train/T001593.png,3676,LOW,5%,1
T001595,131353,1822,data/corrupted/100k_blur_15x15_s5/train/T001595.png,data/corrupted/100k_blur_15x15_s5/train/T001595.png,764,LOW,5%,1
T001612,233796,3989,data/corrupted/100k_blur_15x15_s5/train/T001612.png,data/corrupted/100k_blur_15x15_s5/train/T001612.png,9524,LOW,5%,1
T001643,233604,3989,data/corrupted/100k_blur_15x15_s5/train/T001643.png,data/corrupted/100k_blur_15x15_s5/train/T001643.png,6777,LOW,5%,1
T001685,100342,1226,data/corrupted/100k_blur_15x15_s5/train/T001685.png,data/corrupted/100k_blur_15x15_s5/train/T001685.png,6094,LOW,5%,1
T001686,100732,1226,data/corrupted/100k_blur_15x15_s5/train/T001686.png,data/corrupted/100k_blur_15x15_s5/train/T001686.png,9118,LOW,5%,1
T001703,49290,513,data/corrupted/100k_blur_15x15_s5/train/T001703.png,data/corrupted/100k_blur_15x15_s5/train/T001703.png,6271,LOW,5%,1
T001708,49421,513,data/corrupted/100k_blur_15x15_s5/train/T001708.png,data/corrupted/100k_blur_15x15_s5/train/T001708.png,1933,LOW,5%,1
T001716,49472,513,data/corrupted/100k_blur_15x15_s5/train/T001716.png,data/corrupted/100k_blur_15x15_s5/train/T001716.png,6675,LOW,5%,1
T001720,49253,513,data/corrupted/100k_blur_15x15_s5/train/T001720.png,data/corrupted/100k_blur_15x15_s5/train/T001720.png,18,LOW,5%,1
T001723,49653,513,data/corrupted/100k_blur_15x15_s5/train/T001723.png,data/corrupted/100k_blur_15x15_s5/train/T001723.png,9544,LOW,5%,1
T001731,49276,513,data/corrupted/100k_blur_15x15_s5/train/T001731.png,data/corrupted/100k_blur_15x15_s5/train/T001731.png,497,LOW,5%,1
T001749,49345,513,data/corrupted/100k_blur_15x15_s5/train/T001749.png,data/corrupted/100k_blur_15x15_s5/train/T001749.png,2227,LOW,5%,1
T001771,409182,8071,data/corrupted/100k_blur_15x15_s5/train/T001771.png,data/corrupted/100k_blur_15x15_s5/train/T001771.png,1266,LOW,5%,1
T001775,409504,8071,data/corrupted/100k_blur_15x15_s5/train/T001775.png,data/corrupted/100k_blur_15x15_s5/train/T001775.png,2715,LOW,5%,1
T001802,161074,2439,data/corrupted/100k_blur_15x15_s5/train/T001802.png,data/corrupted/100k_blur_15x15_s5/train/T001802.png,8739,LOW,5%,1
T001847,161026,2439,data/corrupted/100k_blur_15x15_s5/train/T001847.png,data/corrupted/100k_blur_15x15_s5/train/T001847.png,9292,LOW,5%,1
T001875,257897,4478,data/corrupted/100k_blur_15x15_s5/train/T001875.png,data/corrupted/100k_blur_15x15_s5/train/T001875.png,578,LOW,5%,1
T001911,318350,5830,data/corrupted/100k_blur_15x15_s5/train/T001911.png,data/corrupted/100k_blur_15x15_s5/train/T001911.png,158,LOW,5%,1
T002040,11446,69,data/corrupted/100k_blur_15x15_s5/train/T002040.png,data/corrupted/100k_blur_15x15_s5/train/T002040.png,9237,LOW,5%,1
T002047,11169,69,data/corrupted/100k_blur_15x15_s5/train/T002047.png,data/corrupted/100k_blur_15x15_s5/train/T002047.png,4486,LOW,5%,1
T002164,176427,2738,data/corrupted/100k_blur_15x15_s5/train/T002164.png,data/corrupted/100k_blur_15x15_s5/train/T002164.png,191,LOW,5%,1
T002187,176621,2738,data/corrupted/100k_blur_15x15_s5/train/T002187.png,data/corrupted/100k_blur_15x15_s5/train/T002187.png,280,LOW,5%,1
T002196,176669,2738,data/corrupted/100k_blur_15x15_s5/train/T002196.png,data/corrupted/100k_blur_15x15_s5/train/T002196.png,2935,LOW,5%,1
T002198,176665,2738,data/corrupted/100k_blur_15x15_s5/train/T002198.png,data/corrupted/100k_blur_15x15_s5/train/T002198.png,524,LOW,5%,1
T002202,300487,5444,data/corrupted/100k_blur_15x15_s5/train/T002202.png,data/corrupted/100k_blur_15x15_s5/train/T002202.png,2644,LOW,5%,1
T002218,300498,5444,data/corrupted/100k_blur_15x15_s5/train/T002218.png,data/corrupted/100k_blur_15x15_s5/train/T002218.png,5408,LOW,5%,1
T002231,300461,5444,data/corrupted/100k_blur_15x15_s5/train/T002231.png,data/corrupted/100k_blur_15x15_s5/train/T002231.png,3007,LOW,5%,1
T002246,300378,5444,data/corrupted/100k_blur_15x15_s5/train/T002246.png,data/corrupted/100k_blur_15x15_s5/train/T002246.png,470,LOW,5%,1
T002255,326883,6023,data/corrupted/100k_blur_15x15_s5/train/T002255.png,data/corrupted/100k_blur_15x15_s5/train/T002255.png,2794,LOW,5%,1
T002275,326759,6023,data/corrupted/100k_blur_15x15_s5/train/T002275.png,data/corrupted/100k_blur_15x15_s5/train/T002275.png,2804,LOW,5%,1
T002277,326945,6023,data/corrupted/100k_blur_15x15_s5/train/T002277.png,data/corrupted/100k_blur_15x15_s5/train/T002277.png,6406,LOW,5%,1
T002283,326815,6023,data/corrupted/100k_blur_15x15_s5/train/T002283.png,data/corrupted/100k_blur_15x15_s5/train/T002283.png,2040,LOW,5%,1
T002284,326909,6023,data/corrupted/100k_blur_15x15_s5/train/T002284.png,data/corrupted/100k_blur_15x15_s5/train/T002284.png,6509,LOW,5%,1
T002299,326992,6023,data/corrupted/100k_blur_15x15_s5/train/T002299.png,data/corrupted/100k_blur_15x15_s5/train/T002299.png,8855,LOW,5%,1
T002347,200680,3274,data/corrupted/100k_blur_15x15_s5/train/T002347.png,data/corrupted/100k_blur_15x15_s5/train/T002347.png,2275,LOW,5%,1
T002366,3143,21,data/corrupted/100k_blur_15x15_s5/train/T002366.png,data/corrupted/100k_blur_15x15_s5/train/T002366.png,6202,LOW,5%,1
T002413,188079,2986,data/corrupted/100k_blur_15x15_s5/train/T002413.png,data/corrupted/100k_blur_15x15_s5/train/T002413.png,6954,LOW,5%,1
T002417,187932,2986,data/corrupted/100k_blur_15x15_s5/train/T002417.png,data/corrupted/100k_blur_15x15_s5/train/T002417.png,1801,LOW,5%,1
T002449,188220,2986,data/corrupted/100k_blur_15x15_s5/train/T002449.png,data/corrupted/100k_blur_15x15_s5/train/T002449.png,2308,LOW,5%,1
T002465,2528,18,data/corrupted/100k_blur_15x15_s5/train/T002465.png,data/corrupted/100k_blur_15x15_s5/train/T002465.png,7925,LOW,5%,1
T002469,2409,18,data/corrupted/100k_blur_15x15_s5/train/T002469.png,data/corrupted/100k_blur_15x15_s5/train/T002469.png,3190,LOW,5%,1
T002492,2652,18,data/corrupted/100k_blur_15x15_s5/train/T002492.png,data/corrupted/100k_blur_15x15_s5/train/T002492.png,148,LOW,5%,1
T002501,9081,47,data/corrupted/100k_blur_15x15_s5/train/T002501.png,data/corrupted/100k_blur_15x15_s5/train/T002501.png,4145,LOW,5%,1
T002522,9249,47,data/corrupted/100k_blur_15x15_s5/train/T002522.png,data/corrupted/100k_blur_15x15_s5/train/T002522.png,5210,LOW,5%,1
T002528,9174,47,data/corrupted/100k_blur_15x15_s5/train/T002528.png,data/corrupted/100k_blur_15x15_s5/train/T002528.png,9519,LOW,5%,1
T002534,9185,47,data/corrupted/100k_blur_15x15_s5/train/T002534.png,data/corrupted/100k_blur_15x15_s5/train/T002534.png,3066,LOW,5%,1
T002548,9297,47,data/corrupted/100k_blur_15x15_s5/train/T002548.png,data/corrupted/100k_blur_15x15_s5/train/T002548.png,2293,LOW,5%,1
T002574,378,3,data/corrupted/100k_blur_15x15_s5/train/T002574.png,data/corrupted/100k_blur_15x15_s5/train/T002574.png,456,LOW,5%,1
T002580,575,3,data/corrupted/100k_blur_15x15_s5/train/T002580.png,data/corrupted/100k_blur_15x15_s5/train/T002580.png,4958,LOW,5%,1
T002583,484,3,data/corrupted/100k_blur_15x15_s5/train/T002583.png,data/corrupted/100k_blur_15x15_s5/train/T002583.png,250,LOW,5%,1
T002632,170753,2639,data/corrupted/100k_blur_15x15_s5/train/T002632.png,data/corrupted/100k_blur_15x15_s5/train/T002632.png,6128,LOW,5%,1
T002657,1917,14,data/corrupted/100k_blur_15x15_s5/train/T002657.png,data/corrupted/100k_blur_15x15_s5/train/T002657.png,7759,LOW,5%,1
T002711,120090,1595,data/corrupted/100k_blur_15x15_s5/train/T002711.png,data/corrupted/100k_blur_15x15_s5/train/T002711.png,647,LOW,5%,1
T002727,120345,1595,data/corrupted/100k_blur_15x15_s5/train/T002727.png,data/corrupted/100k_blur_15x15_s5/train/T002727.png,2987,LOW,5%,1
T002732,120258,1595,data/corrupted/100k_blur_15x15_s5/train/T002732.png,data/corrupted/100k_blur_15x15_s5/train/T002732.png,4706,LOW,5%,1
T002740,120335,1595,data/corrupted/100k_blur_15x15_s5/train/T002740.png,data/corrupted/100k_blur_15x15_s5/train/T002740.png,4682,LOW,5%,1
T002776,251554,4362,data/corrupted/100k_blur_15x15_s5/train/T002776.png,data/corrupted/100k_blur_15x15_s5/train/T002776.png,360,LOW,5%,1
T002794,251589,4362,data/corrupted/100k_blur_15x15_s5/train/T002794.png,data/corrupted/100k_blur_15x15_s5/train/T002794.png,2554,LOW,5%,1
T002797,251743,4362,data/corrupted/100k_blur_15x15_s5/train/T002797.png,data/corrupted/100k_blur_15x15_s5/train/T002797.png,9199,LOW,5%,1
T002811,122527,1649,data/corrupted/100k_blur_15x15_s5/train/T002811.png,data/corrupted/100k_blur_15x15_s5/train/T002811.png,9241,LOW,5%,1
T002878,140787,2027,data/corrupted/100k_blur_15x15_s5/train/T002878.png,data/corrupted/100k_blur_15x15_s5/train/T002878.png,7987,LOW,5%,1
T002884,140812,2027,data/corrupted/100k_blur_15x15_s5/train/T002884.png,data/corrupted/100k_blur_15x15_s5/train/T002884.png,383,LOW,5%,1
T002910,33813,291,data/corrupted/100k_blur_15x15_s5/train/T002910.png,data/corrupted/100k_blur_15x15_s5/train/T002910.png,599,LOW,5%,1
T002923,33960,291,data/corrupted/100k_blur_15x15_s5/train/T002923.png,data/corrupted/100k_blur_15x15_s5/train/T002923.png,1204,LOW,5%,1
T002932,33684,291,data/corrupted/100k_blur_15x15_s5/train/T002932.png,data/corrupted/100k_blur_15x15_s5/train/T002932.png,1603,LOW,5%,1
T002967,249459,4312,data/corrupted/100k_blur_15x15_s5/train/T002967.png,data/corrupted/100k_blur_15x15_s5/train/T002967.png,7115,LOW,5%,1
T002975,249361,4312,data/corrupted/100k_blur_15x15_s5/train/T002975.png,data/corrupted/100k_blur_15x15_s5/train/T002975.png,4646,LOW,5%,1
T002988,249258,4312,data/corrupted/100k_blur_15x15_s5/train/T002988.png,data/corrupted/100k_blur_15x15_s5/train/T002988.png,1122,LOW,5%,1
T003020,248341,4290,data/corrupted/100k_blur_15x15_s5/train/T003020.png,data/corrupted/100k_blur_15x15_s5/train/T003020.png,385,LOW,5%,1
T003024,247990,4290,data/corrupted/100k_blur_15x15_s5/train/T003024.png,data/corrupted/100k_blur_15x15_s5/train/T003024.png,7372,LOW,5%,1
T003029,248095,4290,data/corrupted/100k_blur_15x15_s5/train/T003029.png,data/corrupted/100k_blur_15x15_s5/train/T003029.png,1466,LOW,5%,1
T003079,171099,2644,data/corrupted/100k_blur_15x15_s5/train/T003079.png,data/corrupted/100k_blur_15x15_s5/train/T003079.png,1008,LOW,5%,1
T003088,171028,2644,data/corrupted/100k_blur_15x15_s5/train/T003088.png,data/corrupted/100k_blur_15x15_s5/train/T003088.png,7529,LOW,5%,1
T003126,327928,6049,data/corrupted/100k_blur_15x15_s5/train/T003126.png,data/corrupted/100k_blur_15x15_s5/train/T003126.png,4329,LOW,5%,1
T003132,328249,6049,data/corrupted/100k_blur_15x15_s5/train/T003132.png,data/corrupted/100k_blur_15x15_s5/train/T003132.png,238,LOW,5%,1
T003138,328103,6049,data/corrupted/100k_blur_15x15_s5/train/T003138.png,data/corrupted/100k_blur_15x15_s5/train/T003138.png,3479,LOW,5%,1
T003173,83017,1005,data/corrupted/100k_blur_15x15_s5/train/T003173.png,data/corrupted/100k_blur_15x15_s5/train/T003173.png,2243,LOW,5%,1
T003199,82963,1005,data/corrupted/100k_blur_15x15_s5/train/T003199.png,data/corrupted/100k_blur_15x15_s5/train/T003199.png,863,LOW,5%,1
T003245,165363,2526,data/corrupted/100k_blur_15x15_s5/train/T003245.png,data/corrupted/100k_blur_15x15_s5/train/T003245.png,787,LOW,5%,1
T003246,165168,2526,data/corrupted/100k_blur_15x15_s5/train/T003246.png,data/corrupted/100k_blur_15x15_s5/train/T003246.png,808,LOW,5%,1
T003261,301169,5447,data/corrupted/100k_blur_15x15_s5/train/T003261.png,data/corrupted/100k_blur_15x15_s5/train/T003261.png,1791,LOW,5%,1
T003265,301056,5447,data/corrupted/100k_blur_15x15_s5/train/T003265.png,data/corrupted/100k_blur_15x15_s5/train/T003265.png,4844,LOW,5%,1
T003355,83769,1014,data/corrupted/100k_blur_15x15_s5/train/T003355.png,data/corrupted/100k_blur_15x15_s5/train/T003355.png,8715,LOW,5%,1
T003363,83831,1014,data/corrupted/100k_blur_15x15_s5/train/T003363.png,data/corrupted/100k_blur_15x15_s5/train/T003363.png,89,LOW,5%,1
T003378,83815,1014,data/corrupted/100k_blur_15x15_s5/train/T003378.png,data/corrupted/100k_blur_15x15_s5/train/T003378.png,3729,LOW,5%,1
T003407,58052,626,data/corrupted/100k_blur_15x15_s5/train/T003407.png,data/corrupted/100k_blur_15x15_s5/train/T003407.png,976,LOW,5%,1
T003423,58027,626,data/corrupted/100k_blur_15x15_s5/train/T003423.png,data/corrupted/100k_blur_15x15_s5/train/T003423.png,8545,LOW,5%,1
T003431,57836,626,data/corrupted/100k_blur_15x15_s5/train/T003431.png,data/corrupted/100k_blur_15x15_s5/train/T003431.png,6332,LOW,5%,1
T003433,57874,626,data/corrupted/100k_blur_15x15_s5/train/T003433.png,data/corrupted/100k_blur_15x15_s5/train/T003433.png,5991,LOW,5%,1
T003441,57835,626,data/corrupted/100k_blur_15x15_s5/train/T003441.png,data/corrupted/100k_blur_15x15_s5/train/T003441.png,8751,LOW,5%,1
T003443,57738,626,data/corrupted/100k_blur_15x15_s5/train/T003443.png,data/corrupted/100k_blur_15x15_s5/train/T003443.png,4064,LOW,5%,1
T003467,142268,2059,data/corrupted/100k_blur_15x15_s5/train/T003467.png,data/corrupted/100k_blur_15x15_s5/train/T003467.png,1422,LOW,5%,1
T003471,142468,2059,data/corrupted/100k_blur_15x15_s5/train/T003471.png,data/corrupted/100k_blur_15x15_s5/train/T003471.png,267,LOW,5%,1
T003472,142355,2059,data/corrupted/100k_blur_15x15_s5/train/T003472.png,data/corrupted/100k_blur_15x15_s5/train/T003472.png,7088,LOW,5%,1
T003474,142411,2059,data/corrupted/100k_blur_15x15_s5/train/T003474.png,data/corrupted/100k_blur_15x15_s5/train/T003474.png,4208,LOW,5%,1
T003502,358367,6723,data/corrupted/100k_blur_15x15_s5/train/T003502.png,data/corrupted/100k_blur_15x15_s5/train/T003502.png,3926,LOW,5%,1
T003508,358530,6723,data/corrupted/100k_blur_15x15_s5/train/T003508.png,data/corrupted/100k_blur_15x15_s5/train/T003508.png,7542,LOW,5%,1
T003550,362492,6811,data/corrupted/100k_blur_15x15_s5/train/T003550.png,data/corrupted/100k_blur_15x15_s5/train/T003550.png,7940,LOW,5%,1
T003590,362439,6811,data/corrupted/100k_blur_15x15_s5/train/T003590.png,data/corrupted/100k_blur_15x15_s5/train/T003590.png,4670,LOW,5%,1
T003620,320949,5889,data/corrupted/100k_blur_15x15_s5/train/T003620.png,data/corrupted/100k_blur_15x15_s5/train/T003620.png,2626,LOW,5%,1
T003650,305827,5547,data/corrupted/100k_blur_15x15_s5/train/T003650.png,data/corrupted/100k_blur_15x15_s5/train/T003650.png,8867,LOW,5%,1
T003682,305665,5547,data/corrupted/100k_blur_15x15_s5/train/T003682.png,data/corrupted/100k_blur_15x15_s5/train/T003682.png,4096,LOW,5%,1
T003684,305846,5547,data/corrupted/100k_blur_15x15_s5/train/T003684.png,data/corrupted/100k_blur_15x15_s5/train/T003684.png,10195,LOW,5%,1
T003696,305753,5547,data/corrupted/100k_blur_15x15_s5/train/T003696.png,data/corrupted/100k_blur_15x15_s5/train/T003696.png,4431,LOW,5%,1
T003701,421344,8401,data/corrupted/100k_blur_15x15_s5/train/T003701.png,data/corrupted/100k_blur_15x15_s5/train/T003701.png,596,LOW,5%,1
T003721,421190,8401,data/corrupted/100k_blur_15x15_s5/train/T003721.png,data/corrupted/100k_blur_15x15_s5/train/T003721.png,760,LOW,5%,1
T003734,421023,8401,data/corrupted/100k_blur_15x15_s5/train/T003734.png,data/corrupted/100k_blur_15x15_s5/train/T003734.png,10293,LOW,5%,1
T003776,37376,343,data/corrupted/100k_blur_15x15_s5/train/T003776.png,data/corrupted/100k_blur_15x15_s5/train/T003776.png,1727,LOW,5%,1
T003801,35011,308,data/corrupted/100k_blur_15x15_s5/train/T003801.png,data/corrupted/100k_blur_15x15_s5/train/T003801.png,5503,LOW,5%,1
T003809,35063,308,data/corrupted/100k_blur_15x15_s5/train/T003809.png,data/corrupted/100k_blur_15x15_s5/train/T003809.png,56,LOW,5%,1
T003814,34915,308,data/corrupted/100k_blur_15x15_s5/train/T003814.png,data/corrupted/100k_blur_15x15_s5/train/T003814.png,10067,LOW,5%,1
T003819,34947,308,data/corrupted/100k_blur_15x15_s5/train/T003819.png,data/corrupted/100k_blur_15x15_s5/train/T003819.png,9906,LOW,5%,1
T003823,34897,308,data/corrupted/100k_blur_15x15_s5/train/T003823.png,data/corrupted/100k_blur_15x15_s5/train/T003823.png,6374,LOW,5%,1
T003831,34930,308,data/corrupted/100k_blur_15x15_s5/train/T003831.png,data/corrupted/100k_blur_15x15_s5/train/T003831.png,3066,LOW,5%,1
T003852,219374,3687,data/corrupted/100k_blur_15x15_s5/train/T003852.png,data/corrupted/100k_blur_15x15_s5/train/T003852.png,4487,LOW,5%,1
T003860,219463,3687,data/corrupted/100k_blur_15x15_s5/train/T003860.png,data/corrupted/100k_blur_15x15_s5/train/T003860.png,1047,LOW,5%,1
T003880,219352,3687,data/corrupted/100k_blur_15x15_s5/train/T003880.png,data/corrupted/100k_blur_15x15_s5/train/T003880.png,673,LOW,5%,1
T003882,219307,3687,data/corrupted/100k_blur_15x15_s5/train/T003882.png,data/corrupted/100k_blur_15x15_s5/train/T003882.png,1,LOW,5%,1
T003889,219625,3687,data/corrupted/100k_blur_15x15_s5/train/T003889.png,data/corrupted/100k_blur_15x15_s5/train/T003889.png,4874,LOW,5%,1
T003895,219472,3687,data/corrupted/100k_blur_15x15_s5/train/T003895.png,data/corrupted/100k_blur_15x15_s5/train/T003895.png,5233,LOW,5%,1
T003905,181470,2834,data/corrupted/100k_blur_15x15_s5/train/T003905.png,data/corrupted/100k_blur_15x15_s5/train/T003905.png,3764,LOW,5%,1
T003907,181436,2834,data/corrupted/100k_blur_15x15_s5/train/T003907.png,data/corrupted/100k_blur_15x15_s5/train/T003907.png,7242,LOW,5%,1
T003940,181384,2834,data/corrupted/100k_blur_15x15_s5/train/T003940.png,data/corrupted/100k_blur_15x15_s5/train/T003940.png,1115,LOW,5%,1
T003960,42217,406,data/corrupted/100k_blur_15x15_s5/train/T003960.png,data/corrupted/100k_blur_15x15_s5/train/T003960.png,554,LOW,5%,1
T003961,42408,406,data/corrupted/100k_blur_15x15_s5/train/T003961.png,data/corrupted/100k_blur_15x15_s5/train/T003961.png,86,LOW,5%,1
T004007,245716,4238,data/corrupted/100k_blur_15x15_s5/train/T004007.png,data/corrupted/100k_blur_15x15_s5/train/T004007.png,1629,LOW,5%,1
T004009,245775,4238,data/corrupted/100k_blur_15x15_s5/train/T004009.png,data/corrupted/100k_blur_15x15_s5/train/T004009.png,1388,LOW,5%,1
T004028,245996,4238,data/corrupted/100k_blur_15x15_s5/train/T004028.png,data/corrupted/100k_blur_15x15_s5/train/T004028.png,690,LOW,5%,1
T004036,245742,4238,data/corrupted/100k_blur_15x15_s5/train/T004036.png,data/corrupted/100k_blur_15x15_s5/train/T004036.png,3956,LOW,5%,1
T004049,245766,4238,data/corrupted/100k_blur_15x15_s5/train/T004049.png,data/corrupted/100k_blur_15x15_s5/train/T004049.png,8206,LOW,5%,1
T004089,417516,8313,data/corrupted/100k_blur_15x15_s5/train/T004089.png,data/corrupted/100k_blur_15x15_s5/train/T004089.png,130,LOW,5%,1
T004106,62780,693,data/corrupted/100k_blur_15x15_s5/train/T004106.png,data/corrupted/100k_blur_15x15_s5/train/T004106.png,9544,LOW,5%,1
T004109,62750,693,data/corrupted/100k_blur_15x15_s5/train/T004109.png,data/corrupted/100k_blur_15x15_s5/train/T004109.png,8746,LOW,5%,1
T004112,62825,693,data/corrupted/100k_blur_15x15_s5/train/T004112.png,data/corrupted/100k_blur_15x15_s5/train/T004112.png,847,LOW,5%,1
T004124,62922,693,data/corrupted/100k_blur_15x15_s5/train/T004124.png,data/corrupted/100k_blur_15x15_s5/train/T004124.png,582,LOW,5%,1
T004150,158186,2390,data/corrupted/100k_blur_15x15_s5/train/T004150.png,data/corrupted/100k_blur_15x15_s5/train/T004150.png,8565,LOW,5%,1
T004160,158113,2390,data/corrupted/100k_blur_15x15_s5/train/T004160.png,data/corrupted/100k_blur_15x15_s5/train/T004160.png,1592,LOW,5%,1
T004168,158023,2390,data/corrupted/100k_blur_15x15_s5/train/T004168.png,data/corrupted/100k_blur_15x15_s5/train/T004168.png,7076,LOW,5%,1
T004170,158270,2390,data/corrupted/100k_blur_15x15_s5/train/T004170.png,data/corrupted/100k_blur_15x15_s5/train/T004170.png,899,LOW,5%,1
T004178,158045,2390,data/corrupted/100k_blur_15x15_s5/train/T004178.png,data/corrupted/100k_blur_15x15_s5/train/T004178.png,2535,LOW,5%,1
T004185,158012,2390,data/corrupted/100k_blur_15x15_s5/train/T004185.png,data/corrupted/100k_blur_15x15_s5/train/T004185.png,9,LOW,5%,1
T004191,158065,2390,data/corrupted/100k_blur_15x15_s5/train/T004191.png,data/corrupted/100k_blur_15x15_s5/train/T004191.png,714,LOW,5%,1
T004201,24908,199,data/corrupted/100k_blur_15x15_s5/train/T004201.png,data/corrupted/100k_blur_15x15_s5/train/T004201.png,1095,LOW,5%,1
T004203,24738,199,data/corrupted/100k_blur_15x15_s5/train/T004203.png,data/corrupted/100k_blur_15x15_s5/train/T004203.png,32,LOW,5%,1
T004229,24740,199,data/corrupted/100k_blur_15x15_s5/train/T004229.png,data/corrupted/100k_blur_15x15_s5/train/T004229.png,5726,LOW,5%,1
T004240,24799,199,data/corrupted/100k_blur_15x15_s5/train/T004240.png,data/corrupted/100k_blur_15x15_s5/train/T004240.png,5882,LOW,5%,1
T004258,84618,1022,data/corrupted/100k_blur_15x15_s5/train/T004258.png,data/corrupted/100k_blur_15x15_s5/train/T004258.png,581,LOW,5%,1
T004303,103033,1248,data/corrupted/100k_blur_15x15_s5/train/T004303.png,data/corrupted/100k_blur_15x15_s5/train/T004303.png,6601,LOW,5%,1
T004320,102888,1248,data/corrupted/100k_blur_15x15_s5/train/T004320.png,data/corrupted/100k_blur_15x15_s5/train/T004320.png,3374,LOW,5%,1
T004334,103222,1248,data/corrupted/100k_blur_15x15_s5/train/T004334.png,data/corrupted/100k_blur_15x15_s5/train/T004334.png,3010,LOW,5%,1
T004339,103096,1248,data/corrupted/100k_blur_15x15_s5/train/T004339.png,data/corrupted/100k_blur_15x15_s5/train/T004339.png,632,LOW,5%,1
T004349,103152,1248,data/corrupted/100k_blur_15x15_s5/train/T004349.png,data/corrupted/100k_blur_15x15_s5/train/T004349.png,5944,LOW,5%,1
T004401,47089,476,data/corrupted/100k_blur_15x15_s5/train/T004401.png,data/corrupted/100k_blur_15x15_s5/train/T004401.png,4281,LOW,5%,1
T004438,47188,476,data/corrupted/100k_blur_15x15_s5/train/T004438.png,data/corrupted/100k_blur_15x15_s5/train/T004438.png,534,LOW,5%,1
T004447,47116,476,data/corrupted/100k_blur_15x15_s5/train/T004447.png,data/corrupted/100k_blur_15x15_s5/train/T004447.png,5769,LOW,5%,1
T004449,46891,476,data/corrupted/100k_blur_15x15_s5/train/T004449.png,data/corrupted/100k_blur_15x15_s5/train/T004449.png,7684,LOW,5%,1
T004453,127655,1764,data/corrupted/100k_blur_15x15_s5/train/T004453.png,data/corrupted/100k_blur_15x15_s5/train/T004453.png,8712,LOW,5%,1
T004499,127603,1764,data/corrupted/100k_blur_15x15_s5/train/T004499.png,data/corrupted/100k_blur_15x15_s5/train/T004499.png,2749,LOW,5%,1
T004519,392374,7601,data/corrupted/100k_blur_15x15_s5/train/T004519.png,data/corrupted/100k_blur_15x15_s5/train/T004519.png,6014,LOW,5%,1
T004535,392416,7601,data/corrupted/100k_blur_15x15_s5/train/T004535.png,data/corrupted/100k_blur_15x15_s5/train/T004535.png,467,LOW,5%,1
T004537,392194,7601,data/corrupted/100k_blur_15x15_s5/train/T004537.png,data/corrupted/100k_blur_15x15_s5/train/T004537.png,4769,LOW,5%,1
T004561,398196,7766,data/corrupted/100k_blur_15x15_s5/train/T004561.png,data/corrupted/100k_blur_15x15_s5/train/T004561.png,6514,LOW,5%,1
T004565,398410,7766,data/corrupted/100k_blur_15x15_s5/train/T004565.png,data/corrupted/100k_blur_15x15_s5/train/T004565.png,6301,LOW,5%,1
T004599,398256,7766,data/corrupted/100k_blur_15x15_s5/train/T004599.png,data/corrupted/100k_blur_15x15_s5/train/T004599.png,10177,LOW,5%,1
T004619,123218,1657,data/corrupted/100k_blur_15x15_s5/train/T004619.png,data/corrupted/100k_blur_15x15_s5/train/T004619.png,987,LOW,5%,1
T004642,123136,1657,data/corrupted/100k_blur_15x15_s5/train/T004642.png,data/corrupted/100k_blur_15x15_s5/train/T004642.png,2439,LOW,5%,1
T004646,123099,1657,data/corrupted/100k_blur_15x15_s5/train/T004646.png,data/corrupted/100k_blur_15x15_s5/train/T004646.png,2486,LOW,5%,1
T004653,54417,578,data/corrupted/100k_blur_15x15_s5/train/T004653.png,data/corrupted/100k_blur_15x15_s5/train/T004653.png,170,LOW,5%,1
T004674,54277,578,data/corrupted/100k_blur_15x15_s5/train/T004674.png,data/corrupted/100k_blur_15x15_s5/train/T004674.png,5364,LOW,5%,1
T004686,54259,578,data/corrupted/100k_blur_15x15_s5/train/T004686.png,data/corrupted/100k_blur_15x15_s5/train/T004686.png,2697,LOW,5%,1
T004742,101229,1236,data/corrupted/100k_blur_15x15_s5/train/T004742.png,data/corrupted/100k_blur_15x15_s5/train/T004742.png,57,LOW,5%,1
T004754,85887,1039,data/corrupted/100k_blur_15x15_s5/train/T004754.png,data/corrupted/100k_blur_15x15_s5/train/T004754.png,3938,LOW,5%,1
T004788,85766,1039,data/corrupted/100k_blur_15x15_s5/train/T004788.png,data/corrupted/100k_blur_15x15_s5/train/T004788.png,9940,LOW,5%,1
T004794,85825,1039,data/corrupted/100k_blur_15x15_s5/train/T004794.png,data/corrupted/100k_blur_15x15_s5/train/T004794.png,59,LOW,5%,1
T004827,139915,2013,data/corrupted/100k_blur_15x15_s5/train/T004827.png,data/corrupted/100k_blur_15x15_s5/train/T004827.png,5233,LOW,5%,1
T004829,139959,2013,data/corrupted/100k_blur_15x15_s5/train/T004829.png,data/corrupted/100k_blur_15x15_s5/train/T004829.png,7030,LOW,5%,1
T004891,94018,1147,data/corrupted/100k_blur_15x15_s5/train/T004891.png,data/corrupted/100k_blur_15x15_s5/train/T004891.png,3759,LOW,5%,1
T004899,93764,1147,data/corrupted/100k_blur_15x15_s5/train/T004899.png,data/corrupted/100k_blur_15x15_s5/train/T004899.png,176,LOW,5%,1
T004907,21883,176,data/corrupted/100k_blur_15x15_s5/train/T004907.png,data/corrupted/100k_blur_15x15_s5/train/T004907.png,6284,LOW,5%,1
T004911,21938,176,data/corrupted/100k_blur_15x15_s5/train/T004911.png,data/corrupted/100k_blur_15x15_s5/train/T004911.png,7334,LOW,5%,1
T004934,22017,176,data/corrupted/100k_blur_15x15_s5/train/T004934.png,data/corrupted/100k_blur_15x15_s5/train/T004934.png,4191,LOW,5%,1
T004942,21880,176,data/corrupted/100k_blur_15x15_s5/train/T004942.png,data/corrupted/100k_blur_15x15_s5/train/T004942.png,1631,LOW,5%,1
T004953,7622,39,data/corrupted/100k_blur_15x15_s5/train/T004953.png,data/corrupted/100k_blur_15x15_s5/train/T004953.png,7002,LOW,5%,1
T004958,7524,39,data/corrupted/100k_blur_15x15_s5/train/T004958.png,data/corrupted/100k_blur_15x15_s5/train/T004958.png,1017,LOW,5%,1
T004965,7488,39,data/corrupted/100k_blur_15x15_s5/train/T004965.png,data/corrupted/100k_blur_15x15_s5/train/T004965.png,4367,LOW,5%,1
T004984,7496,39,data/corrupted/100k_blur_15x15_s5/train/T004984.png,data/corrupted/100k_blur_15x15_s5/train/T004984.png,4004,LOW,5%,1
T004987,7605,39,data/corrupted/100k_blur_15x15_s5/train/T004987.png,data/corrupted/100k_blur_15x15_s5/train/T004987.png,6983,LOW,5%,1
T005011,94819,1154,data/corrupted/100k_blur_15x15_s5/train/T005011.png,data/corrupted/100k_blur_15x15_s5/train/T005011.png,985,LOW,5%,1
T005015,94644,1154,data/corrupted/100k_blur_15x15_s5/train/T005015.png,data/corrupted/100k_blur_15x15_s5/train/T005015.png,187,LOW,5%,1
T005050,303865,5511,data/corrupted/100k_blur_15x15_s5/train/T005050.png,data/corrupted/100k_blur_15x15_s5/train/T005050.png,7937,LOW,5%,1
T005080,304005,5511,data/corrupted/100k_blur_15x15_s5/train/T005080.png,data/corrupted/100k_blur_15x15_s5/train/T005080.png,3331,LOW,5%,1
T005096,303967,5511,data/corrupted/100k_blur_15x15_s5/train/T005096.png,data/corrupted/100k_blur_15x15_s5/train/T005096.png,889,LOW,5%,1
T005098,303706,5511,data/corrupted/100k_blur_15x15_s5/train/T005098.png,data/corrupted/100k_blur_15x15_s5/train/T005098.png,6605,LOW,5%,1
T005101,370128,7002,data/corrupted/100k_blur_15x15_s5/train/T005101.png,data/corrupted/100k_blur_15x15_s5/train/T005101.png,9236,LOW,5%,1
T005119,370074,7002,data/corrupted/100k_blur_15x15_s5/train/T005119.png,data/corrupted/100k_blur_15x15_s5/train/T005119.png,683,LOW,5%,1
T005124,369889,7002,data/corrupted/100k_blur_15x15_s5/train/T005124.png,data/corrupted/100k_blur_15x15_s5/train/T005124.png,5982,LOW,5%,1
T005144,370046,7002,data/corrupted/100k_blur_15x15_s5/train/T005144.png,data/corrupted/100k_blur_15x15_s5/train/T005144.png,264,LOW,5%,1
T005195,236089,4038,data/corrupted/100k_blur_15x15_s5/train/T005195.png,data/corrupted/100k_blur_15x15_s5/train/T005195.png,3114,LOW,5%,1
T005232,46173,469,data/corrupted/100k_blur_15x15_s5/train/T005232.png,data/corrupted/100k_blur_15x15_s5/train/T005232.png,3430,LOW,5%,1
T005273,252353,4367,data/corrupted/100k_blur_15x15_s5/train/T005273.png,data/corrupted/100k_blur_15x15_s5/train/T005273.png,279,LOW,5%,1
T005289,252398,4367,data/corrupted/100k_blur_15x15_s5/train/T005289.png,data/corrupted/100k_blur_15x15_s5/train/T005289.png,6745,LOW,5%,1
T005306,230944,3941,data/corrupted/100k_blur_15x15_s5/train/T005306.png,data/corrupted/100k_blur_15x15_s5/train/T005306.png,198,LOW,5%,1
T005323,231037,3941,data/corrupted/100k_blur_15x15_s5/train/T005323.png,data/corrupted/100k_blur_15x15_s5/train/T005323.png,4523,LOW,5%,1
T005345,231009,3941,data/corrupted/100k_blur_15x15_s5/train/T005345.png,data/corrupted/100k_blur_15x15_s5/train/T005345.png,84,LOW,5%,1
T005353,336799,6232,data/corrupted/100k_blur_15x15_s5/train/T005353.png,data/corrupted/100k_blur_15x15_s5/train/T005353.png,4499,LOW,5%,1
T005361,336888,6232,data/corrupted/100k_blur_15x15_s5/train/T005361.png,data/corrupted/100k_blur_15x15_s5/train/T005361.png,4502,LOW,5%,1
T005399,336614,6232,data/corrupted/100k_blur_15x15_s5/train/T005399.png,data/corrupted/100k_blur_15x15_s5/train/T005399.png,4212,LOW,5%,1
T005407,450342,9237,data/corrupted/100k_blur_15x15_s5/train/T005407.png,data/corrupted/100k_blur_15x15_s5/train/T005407.png,270,LOW,5%,1
T005419,450405,9237,data/corrupted/100k_blur_15x15_s5/train/T005419.png,data/corrupted/100k_blur_15x15_s5/train/T005419.png,4420,LOW,5%,1
T005427,450399,9237,data/corrupted/100k_blur_15x15_s5/train/T005427.png,data/corrupted/100k_blur_15x15_s5/train/T005427.png,6602,LOW,5%,1
T005448,450537,9237,data/corrupted/100k_blur_15x15_s5/train/T005448.png,data/corrupted/100k_blur_15x15_s5/train/T005448.png,340,LOW,5%,1
T005452,348832,6485,data/corrupted/100k_blur_15x15_s5/train/T005452.png,data/corrupted/100k_blur_15x15_s5/train/T005452.png,175,LOW,5%,1
T005456,348847,6485,data/corrupted/100k_blur_15x15_s5/train/T005456.png,data/corrupted/100k_blur_15x15_s5/train/T005456.png,819,LOW,5%,1
T005493,348727,6485,data/corrupted/100k_blur_15x15_s5/train/T005493.png,data/corrupted/100k_blur_15x15_s5/train/T005493.png,2004,LOW,5%,1
T005502,4562,25,data/corrupted/100k_blur_15x15_s5/train/T005502.png,data/corrupted/100k_blur_15x15_s5/train/T005502.png,3362,LOW,5%,1
T005512,4582,25,data/corrupted/100k_blur_15x15_s5/train/T005512.png,data/corrupted/100k_blur_15x15_s5/train/T005512.png,2881,LOW,5%,1
T005518,4609,25,data/corrupted/100k_blur_15x15_s5/train/T005518.png,data/corrupted/100k_blur_15x15_s5/train/T005518.png,1095,LOW,5%,1
T005557,26946,221,data/corrupted/100k_blur_15x15_s5/train/T005557.png,data/corrupted/100k_blur_15x15_s5/train/T005557.png,2387,LOW,5%,1
T005559,26954,221,data/corrupted/100k_blur_15x15_s5/train/T005559.png,data/corrupted/100k_blur_15x15_s5/train/T005559.png,4263,LOW,5%,1
T005578,27053,221,data/corrupted/100k_blur_15x15_s5/train/T005578.png,data/corrupted/100k_blur_15x15_s5/train/T005578.png,3274,LOW,5%,1
T005604,171715,2646,data/corrupted/100k_blur_15x15_s5/train/T005604.png,data/corrupted/100k_blur_15x15_s5/train/T005604.png,5953,LOW,5%,1
T005628,171822,2646,data/corrupted/100k_blur_15x15_s5/train/T005628.png,data/corrupted/100k_blur_15x15_s5/train/T005628.png,3788,LOW,5%,1
T005652,242123,4168,data/corrupted/100k_blur_15x15_s5/train/T005652.png,data/corrupted/100k_blur_15x15_s5/train/T005652.png,4226,LOW,5%,1
T005657,242196,4168,data/corrupted/100k_blur_15x15_s5/train/T005657.png,data/corrupted/100k_blur_15x15_s5/train/T005657.png,2154,LOW,5%,1
T005660,242063,4168,data/corrupted/100k_blur_15x15_s5/train/T005660.png,data/corrupted/100k_blur_15x15_s5/train/T005660.png,128,LOW,5%,1
T005691,242259,4168,data/corrupted/100k_blur_15x15_s5/train/T005691.png,data/corrupted/100k_blur_15x15_s5/train/T005691.png,1212,LOW,5%,1
T005706,340612,6323,data/corrupted/100k_blur_15x15_s5/train/T005706.png,data/corrupted/100k_blur_15x15_s5/train/T005706.png,1755,LOW,5%,1
T005716,340362,6323,data/corrupted/100k_blur_15x15_s5/train/T005716.png,data/corrupted/100k_blur_15x15_s5/train/T005716.png,1815,LOW,5%,1
T005756,222846,3749,data/corrupted/100k_blur_15x15_s5/train/T005756.png,data/corrupted/100k_blur_15x15_s5/train/T005756.png,10206,LOW,5%,1
T005780,222994,3749,data/corrupted/100k_blur_15x15_s5/train/T005780.png,data/corrupted/100k_blur_15x15_s5/train/T005780.png,43,LOW,5%,1
T005783,222853,3749,data/corrupted/100k_blur_15x15_s5/train/T005783.png,data/corrupted/100k_blur_15x15_s5/train/T005783.png,5589,LOW,5%,1
T005789,222773,3749,data/corrupted/100k_blur_15x15_s5/train/T005789.png,data/corrupted/100k_blur_15x15_s5/train/T005789.png,1933,LOW,5%,1
T005856,151183,2244,data/corrupted/100k_blur_15x15_s5/train/T005856.png,data/corrupted/100k_blur_15x15_s5/train/T005856.png,2787,LOW,5%,1
T005858,151314,2244,data/corrupted/100k_blur_15x15_s5/train/T005858.png,data/corrupted/100k_blur_15x15_s5/train/T005858.png,4314,LOW,5%,1
T005880,151412,2244,data/corrupted/100k_blur_15x15_s5/train/T005880.png,data/corrupted/100k_blur_15x15_s5/train/T005880.png,4856,LOW,5%,1
T005886,151305,2244,data/corrupted/100k_blur_15x15_s5/train/T005886.png,data/corrupted/100k_blur_15x15_s5/train/T005886.png,233,LOW,5%,1
T005895,151233,2244,data/corrupted/100k_blur_15x15_s5/train/T005895.png,data/corrupted/100k_blur_15x15_s5/train/T005895.png,2418,LOW,5%,1
T005913,13677,88,data/corrupted/100k_blur_15x15_s5/train/T005913.png,data/corrupted/100k_blur_15x15_s5/train/T005913.png,6271,LOW,5%,1
T005917,13787,88,data/corrupted/100k_blur_15x15_s5/train/T005917.png,data/corrupted/100k_blur_15x15_s5/train/T005917.png,1164,LOW,5%,1
T005966,6112,34,data/corrupted/100k_blur_15x15_s5/train/T005966.png,data/corrupted/100k_blur_15x15_s5/train/T005966.png,5393,LOW,5%,1
T006048,91357,1117,data/corrupted/100k_blur_15x15_s5/train/T006048.png,data/corrupted/100k_blur_15x15_s5/train/T006048.png,1514,LOW,5%,1
T006051,108552,1336,data/corrupted/100k_blur_15x15_s5/train/T006051.png,data/corrupted/100k_blur_15x15_s5/train/T006051.png,2118,LOW,5%,1
T006097,108697,1336,data/corrupted/100k_blur_15x15_s5/train/T006097.png,data/corrupted/100k_blur_15x15_s5/train/T006097.png,5392,LOW,5%,1
T006146,268726,4728,data/corrupted/100k_blur_15x15_s5/train/T006146.png,data/corrupted/100k_blur_15x15_s5/train/T006146.png,8075,LOW,5%,1
T006193,271503,4800,data/corrupted/100k_blur_15x15_s5/train/T006193.png,data/corrupted/100k_blur_15x15_s5/train/T006193.png,4221,LOW,5%,1
T006209,309402,5624,data/corrupted/100k_blur_15x15_s5/train/T006209.png,data/corrupted/100k_blur_15x15_s5/train/T006209.png,159,LOW,5%,1
T006211,309334,5624,data/corrupted/100k_blur_15x15_s5/train/T006211.png,data/corrupted/100k_blur_15x15_s5/train/T006211.png,1189,LOW,5%,1
T006216,309360,5624,data/corrupted/100k_blur_15x15_s5/train/T006216.png,data/corrupted/100k_blur_15x15_s5/train/T006216.png,3343,LOW,5%,1
T006226,309418,5624,data/corrupted/100k_blur_15x15_s5/train/T006226.png,data/corrupted/100k_blur_15x15_s5/train/T006226.png,2433,LOW,5%,1
T006238,309325,5624,data/corrupted/100k_blur_15x15_s5/train/T006238.png,data/corrupted/100k_blur_15x15_s5/train/T006238.png,7811,LOW,5%,1
T006241,309266,5624,data/corrupted/100k_blur_15x15_s5/train/T006241.png,data/corrupted/100k_blur_15x15_s5/train/T006241.png,2493,LOW,5%,1
T006248,309386,5624,data/corrupted/100k_blur_15x15_s5/train/T006248.png,data/corrupted/100k_blur_15x15_s5/train/T006248.png,6949,LOW,5%,1
T006271,13376,86,data/corrupted/100k_blur_15x15_s5/train/T006271.png,data/corrupted/100k_blur_15x15_s5/train/T006271.png,6685,LOW,5%,1
T006272,13424,86,data/corrupted/100k_blur_15x15_s5/train/T006272.png,data/corrupted/100k_blur_15x15_s5/train/T006272.png,101,LOW,5%,1
T006295,13213,86,data/corrupted/100k_blur_15x15_s5/train/T006295.png,data/corrupted/100k_blur_15x15_s5/train/T006295.png,1202,LOW,5%,1
T006331,97405,1188,data/corrupted/100k_blur_15x15_s5/train/T006331.png,data/corrupted/100k_blur_15x15_s5/train/T006331.png,5708,LOW,5%,1
T006334,97326,1188,data/corrupted/100k_blur_15x15_s5/train/T006334.png,data/corrupted/100k_blur_15x15_s5/train/T006334.png,3007,LOW,5%,1
T006362,12897,85,data/corrupted/100k_blur_15x15_s5/train/T006362.png,data/corrupted/100k_blur_15x15_s5/train/T006362.png,4486,LOW,5%,1
T006388,12927,85,data/corrupted/100k_blur_15x15_s5/train/T006388.png,data/corrupted/100k_blur_15x15_s5/train/T006388.png,1552,LOW,5%,1
T006391,13006,85,data/corrupted/100k_blur_15x15_s5/train/T006391.png,data/corrupted/100k_blur_15x15_s5/train/T006391.png,3708,LOW,5%,1
T006444,216525,3619,data/corrupted/100k_blur_15x15_s5/train/T006444.png,data/corrupted/100k_blur_15x15_s5/train/T006444.png,384,LOW,5%,1
T006450,17566,136,data/corrupted/100k_blur_15x15_s5/train/T006450.png,data/corrupted/100k_blur_15x15_s5/train/T006450.png,2613,LOW,5%,1
T006459,17393,136,data/corrupted/100k_blur_15x15_s5/train/T006459.png,data/corrupted/100k_blur_15x15_s5/train/T006459.png,1704,LOW,5%,1
T006465,17660,136,data/corrupted/100k_blur_15x15_s5/train/T006465.png,data/corrupted/100k_blur_15x15_s5/train/T006465.png,2355,LOW,5%,1
T006476,17451,136,data/corrupted/100k_blur_15x15_s5/train/T006476.png,data/corrupted/100k_blur_15x15_s5/train/T006476.png,6647,LOW,5%,1
T006485,17658,136,data/corrupted/100k_blur_15x15_s5/train/T006485.png,data/corrupted/100k_blur_15x15_s5/train/T006485.png,253,LOW,5%,1
T006503,199409,3241,data/corrupted/100k_blur_15x15_s5/train/T006503.png,data/corrupted/100k_blur_15x15_s5/train/T006503.png,3056,LOW,5%,1
T006504,199389,3241,data/corrupted/100k_blur_15x15_s5/train/T006504.png,data/corrupted/100k_blur_15x15_s5/train/T006504.png,171,LOW,5%,1
T006516,199279,3241,data/corrupted/100k_blur_15x15_s5/train/T006516.png,data/corrupted/100k_blur_15x15_s5/train/T006516.png,8050,LOW,5%,1
T006520,199313,3241,data/corrupted/100k_blur_15x15_s5/train/T006520.png,data/corrupted/100k_blur_15x15_s5/train/T006520.png,391,LOW,5%,1
T006551,266372,4682,data/corrupted/100k_blur_15x15_s5/train/T006551.png,data/corrupted/100k_blur_15x15_s5/train/T006551.png,240,LOW,5%,1
T006570,266369,4682,data/corrupted/100k_blur_15x15_s5/train/T006570.png,data/corrupted/100k_blur_15x15_s5/train/T006570.png,6357,LOW,5%,1
T006571,266311,4682,data/corrupted/100k_blur_15x15_s5/train/T006571.png,data/corrupted/100k_blur_15x15_s5/train/T006571.png,610,LOW,5%,1
T006573,266294,4682,data/corrupted/100k_blur_15x15_s5/train/T006573.png,data/corrupted/100k_blur_15x15_s5/train/T006573.png,4450,LOW,5%,1
T006580,266202,4682,data/corrupted/100k_blur_15x15_s5/train/T006580.png,data/corrupted/100k_blur_15x15_s5/train/T006580.png,6332,LOW,5%,1
T006594,266341,4682,data/corrupted/100k_blur_15x15_s5/train/T006594.png,data/corrupted/100k_blur_15x15_s5/train/T006594.png,5132,LOW,5%,1
T006607,191450,3056,data/corrupted/100k_blur_15x15_s5/train/T006607.png,data/corrupted/100k_blur_15x15_s5/train/T006607.png,6606,LOW,5%,1
T006610,191692,3056,data/corrupted/100k_blur_15x15_s5/train/T006610.png,data/corrupted/100k_blur_15x15_s5/train/T006610.png,3609,LOW,5%,1
T006658,8761,46,data/corrupted/100k_blur_15x15_s5/train/T006658.png,data/corrupted/100k_blur_15x15_s5/train/T006658.png,1798,LOW,5%,1
T006674,8709,46,data/corrupted/100k_blur_15x15_s5/train/T006674.png,data/corrupted/100k_blur_15x15_s5/train/T006674.png,6030,LOW,5%,1
T006705,257334,4469,data/corrupted/100k_blur_15x15_s5/train/T006705.png,data/corrupted/100k_blur_15x15_s5/train/T006705.png,6059,LOW,5%,1
T006713,257247,4469,data/corrupted/100k_blur_15x15_s5/train/T006713.png,data/corrupted/100k_blur_15x15_s5/train/T006713.png,1994,LOW,5%,1
T006801,382836,7334,data/corrupted/100k_blur_15x15_s5/train/T006801.png,data/corrupted/100k_blur_15x15_s5/train/T006801.png,448,LOW,5%,1
T006845,382907,7334,data/corrupted/100k_blur_15x15_s5/train/T006845.png,data/corrupted/100k_blur_15x15_s5/train/T006845.png,235,LOW,5%,1
T006861,71004,852,data/corrupted/100k_blur_15x15_s5/train/T006861.png,data/corrupted/100k_blur_15x15_s5/train/T006861.png,863,LOW,5%,1
T006864,71069,852,data/corrupted/100k_blur_15x15_s5/train/T006864.png,data/corrupted/100k_blur_15x15_s5/train/T006864.png,7049,LOW,5%,1
T006907,95815,1168,data/corrupted/100k_blur_15x15_s5/train/T006907.png,data/corrupted/100k_blur_15x15_s5/train/T006907.png,903,LOW,5%,1
T006925,95745,1168,data/corrupted/100k_blur_15x15_s5/train/T006925.png,data/corrupted/100k_blur_15x15_s5/train/T006925.png,1468,LOW,5%,1
T006928,95679,1168,data/corrupted/100k_blur_15x15_s5/train/T006928.png,data/corrupted/100k_blur_15x15_s5/train/T006928.png,7372,LOW,5%,1
T006932,95881,1168,data/corrupted/100k_blur_15x15_s5/train/T006932.png,data/corrupted/100k_blur_15x15_s5/train/T006932.png,5994,LOW,5%,1
T006958,141805,2042,data/corrupted/100k_blur_15x15_s5/train/T006958.png,data/corrupted/100k_blur_15x15_s5/train/T006958.png,3611,LOW,5%,1
T006989,141542,2042,data/corrupted/100k_blur_15x15_s5/train/T006989.png,data/corrupted/100k_blur_15x15_s5/train/T006989.png,5963,LOW,5%,1
T007011,339032,6284,data/corrupted/100k_blur_15x15_s5/train/T007011.png,data/corrupted/100k_blur_15x15_s5/train/T007011.png,6513,LOW,5%,1
T007017,339020,6284,data/corrupted/100k_blur_15x15_s5/train/T007017.png,data/corrupted/100k_blur_15x15_s5/train/T007017.png,226,LOW,5%,1
T007047,338978,6284,data/corrupted/100k_blur_15x15_s5/train/T007047.png,data/corrupted/100k_blur_15x15_s5/train/T007047.png,1399,LOW,5%,1
T007068,370654,7018,data/corrupted/100k_blur_15x15_s5/train/T007068.png,data/corrupted/100k_blur_15x15_s5/train/T007068.png,137,LOW,5%,1
T007110,224177,3774,data/corrupted/100k_blur_15x15_s5/train/T007110.png,data/corrupted/100k_blur_15x15_s5/train/T007110.png,1223,LOW,5%,1
T007117,224327,3774,data/corrupted/100k_blur_15x15_s5/train/T007117.png,data/corrupted/100k_blur_15x15_s5/train/T007117.png,926,LOW,5%,1
T007122,224119,3774,data/corrupted/100k_blur_15x15_s5/train/T007122.png,data/corrupted/100k_blur_15x15_s5/train/T007122.png,5879,LOW,5%,1
T007166,263057,4603,data/corrupted/100k_blur_15x15_s5/train/T007166.png,data/corrupted/100k_blur_15x15_s5/train/T007166.png,1379,LOW,5%,1
T007168,263030,4603,data/corrupted/100k_blur_15x15_s5/train/T007168.png,data/corrupted/100k_blur_15x15_s5/train/T007168.png,1306,LOW,5%,1
T007171,263063,4603,data/corrupted/100k_blur_15x15_s5/train/T007171.png,data/corrupted/100k_blur_15x15_s5/train/T007171.png,266,LOW,5%,1
T007185,262913,4603,data/corrupted/100k_blur_15x15_s5/train/T007185.png,data/corrupted/100k_blur_15x15_s5/train/T007185.png,6796,LOW,5%,1
T007238,183488,2881,data/corrupted/100k_blur_15x15_s5/train/T007238.png,data/corrupted/100k_blur_15x15_s5/train/T007238.png,5233,LOW,5%,1
T007244,183437,2881,data/corrupted/100k_blur_15x15_s5/train/T007244.png,data/corrupted/100k_blur_15x15_s5/train/T007244.png,629,LOW,5%,1
T007252,209572,3451,data/corrupted/100k_blur_15x15_s5/train/T007252.png,data/corrupted/100k_blur_15x15_s5/train/T007252.png,5746,LOW,5%,1
T007261,209318,3451,data/corrupted/100k_blur_15x15_s5/train/T007261.png,data/corrupted/100k_blur_15x15_s5/train/T007261.png,7333,LOW,5%,1
T007273,209507,3451,data/corrupted/100k_blur_15x15_s5/train/T007273.png,data/corrupted/100k_blur_15x15_s5/train/T007273.png,4048,LOW,5%,1
T007291,209499,3451,data/corrupted/100k_blur_15x15_s5/train/T007291.png,data/corrupted/100k_blur_15x15_s5/train/T007291.png,3456,LOW,5%,1
T007321,86041,1040,data/corrupted/100k_blur_15x15_s5/train/T007321.png,data/corrupted/100k_blur_15x15_s5/train/T007321.png,3003,LOW,5%,1
T007330,86280,1040,data/corrupted/100k_blur_15x15_s5/train/T007330.png,data/corrupted/100k_blur_15x15_s5/train/T007330.png,168,LOW,5%,1
T007361,181810,2842,data/corrupted/100k_blur_15x15_s5/train/T007361.png,data/corrupted/100k_blur_15x15_s5/train/T007361.png,9351,LOW,5%,1
T007409,366562,6909,data/corrupted/100k_blur_15x15_s5/train/T007409.png,data/corrupted/100k_blur_15x15_s5/train/T007409.png,2434,LOW,5%,1
T007432,366640,6909,data/corrupted/100k_blur_15x15_s5/train/T007432.png,data/corrupted/100k_blur_15x15_s5/train/T007432.png,1179,LOW,5%,1
T007436,366576,6909,data/corrupted/100k_blur_15x15_s5/train/T007436.png,data/corrupted/100k_blur_15x15_s5/train/T007436.png,7673,LOW,5%,1
T007471,71949,863,data/corrupted/100k_blur_15x15_s5/train/T007471.png,data/corrupted/100k_blur_15x15_s5/train/T007471.png,5368,LOW,5%,1
T007488,71920,863,data/corrupted/100k_blur_15x15_s5/train/T007488.png,data/corrupted/100k_blur_15x15_s5/train/T007488.png,3459,LOW,5%,1
T007497,72006,863,data/corrupted/100k_blur_15x15_s5/train/T007497.png,data/corrupted/100k_blur_15x15_s5/train/T007497.png,6796,LOW,5%,1
T007519,40473,386,data/corrupted/100k_blur_15x15_s5/train/T007519.png,data/corrupted/100k_blur_15x15_s5/train/T007519.png,6754,LOW,5%,1
T007538,40667,386,data/corrupted/100k_blur_15x15_s5/train/T007538.png,data/corrupted/100k_blur_15x15_s5/train/T007538.png,4862,LOW,5%,1
T007558,312325,5708,data/corrupted/100k_blur_15x15_s5/train/T007558.png,data/corrupted/100k_blur_15x15_s5/train/T007558.png,5009,LOW,5%,1
T007646,72891,871,data/corrupted/100k_blur_15x15_s5/train/T007646.png,data/corrupted/100k_blur_15x15_s5/train/T007646.png,1243,LOW,5%,1
T007666,38316,359,data/corrupted/100k_blur_15x15_s5/train/T007666.png,data/corrupted/100k_blur_15x15_s5/train/T007666.png,1039,LOW,5%,1
T007688,38137,359,data/corrupted/100k_blur_15x15_s5/train/T007688.png,data/corrupted/100k_blur_15x15_s5/train/T007688.png,1613,LOW,5%,1
T007727,394158,7645,data/corrupted/100k_blur_15x15_s5/train/T007727.png,data/corrupted/100k_blur_15x15_s5/train/T007727.png,5985,LOW,5%,1
T007762,96844,1183,data/corrupted/100k_blur_15x15_s5/train/T007762.png,data/corrupted/100k_blur_15x15_s5/train/T007762.png,9175,LOW,5%,1
T007768,96894,1183,data/corrupted/100k_blur_15x15_s5/train/T007768.png,data/corrupted/100k_blur_15x15_s5/train/T007768.png,5944,LOW,5%,1
T007807,371398,7031,data/corrupted/100k_blur_15x15_s5/train/T007807.png,data/corrupted/100k_blur_15x15_s5/train/T007807.png,9833,LOW,5%,1
T007826,371487,7031,data/corrupted/100k_blur_15x15_s5/train/T007826.png,data/corrupted/100k_blur_15x15_s5/train/T007826.png,4285,LOW,5%,1
T007830,371351,7031,data/corrupted/100k_blur_15x15_s5/train/T007830.png,data/corrupted/100k_blur_15x15_s5/train/T007830.png,6897,LOW,5%,1
T007848,371555,7031,data/corrupted/100k_blur_15x15_s5/train/T007848.png,data/corrupted/100k_blur_15x15_s5/train/T007848.png,3708,LOW,5%,1
T007871,3562,22,data/corrupted/100k_blur_15x15_s5/train/T007871.png,data/corrupted/100k_blur_15x15_s5/train/T007871.png,71,LOW,5%,1
T007945,140424,2023,data/corrupted/100k_blur_15x15_s5/train/T007945.png,data/corrupted/100k_blur_15x15_s5/train/T007945.png,1008,LOW,5%,1
T007949,140408,2023,data/corrupted/100k_blur_15x15_s5/train/T007949.png,data/corrupted/100k_blur_15x15_s5/train/T007949.png,155,LOW,5%,1
T007958,70292,843,data/corrupted/100k_blur_15x15_s5/train/T007958.png,data/corrupted/100k_blur_15x15_s5/train/T007958.png,7766,LOW,5%,1
T007984,70307,843,data/corrupted/100k_blur_15x15_s5/train/T007984.png,data/corrupted/100k_blur_15x15_s5/train/T007984.png,8401,LOW,5%,1
T007985,70257,843,data/corrupted/100k_blur_15x15_s5/train/T007985.png,data/corrupted/100k_blur_15x15_s5/train/T007985.png,5592,LOW,5%,1
T008016,284705,5086,data/corrupted/100k_blur_15x15_s5/train/T008016.png,data/corrupted/100k_blur_15x15_s5/train/T008016.png,7981,LOW,5%,1
T008025,284737,5086,data/corrupted/100k_blur_15x15_s5/train/T008025.png,data/corrupted/100k_blur_15x15_s5/train/T008025.png,5319,LOW,5%,1
T008030,284707,5086,data/corrupted/100k_blur_15x15_s5/train/T008030.png,data/corrupted/100k_blur_15x15_s5/train/T008030.png,3012,LOW,5%,1
T008077,314799,5748,data/corrupted/100k_blur_15x15_s5/train/T008077.png,data/corrupted/100k_blur_15x15_s5/train/T008077.png,3585,LOW,5%,1
T008108,22435,178,data/corrupted/100k_blur_15x15_s5/train/T008108.png,data/corrupted/100k_blur_15x15_s5/train/T008108.png,985,LOW,5%,1
T008139,22450,178,data/corrupted/100k_blur_15x15_s5/train/T008139.png,data/corrupted/100k_blur_15x15_s5/train/T008139.png,2794,LOW,5%,1
T008157,86898,1048,data/corrupted/100k_blur_15x15_s5/train/T008157.png,data/corrupted/100k_blur_15x15_s5/train/T008157.png,1102,LOW,5%,1
T008188,86714,1048,data/corrupted/100k_blur_15x15_s5/train/T008188.png,data/corrupted/100k_blur_15x15_s5/train/T008188.png,3749,LOW,5%,1
T008189,86706,1048,data/corrupted/100k_blur_15x15_s5/train/T008189.png,data/corrupted/100k_blur_15x15_s5/train/T008189.png,9952,LOW,5%,1
T008231,94205,1150,data/corrupted/100k_blur_15x15_s5/train/T008231.png,data/corrupted/100k_blur_15x15_s5/train/T008231.png,6500,LOW,5%,1
T008237,94177,1150,data/corrupted/100k_blur_15x15_s5/train/T008237.png,data/corrupted/100k_blur_15x15_s5/train/T008237.png,155,LOW,5%,1
T008257,469663,9833,data/corrupted/100k_blur_15x15_s5/train/T008257.png,data/corrupted/100k_blur_15x15_s5/train/T008257.png,8664,LOW,5%,1
T008295,469475,9833,data/corrupted/100k_blur_15x15_s5/train/T008295.png,data/corrupted/100k_blur_15x15_s5/train/T008295.png,291,LOW,5%,1
T008302,81313,986,data/corrupted/100k_blur_15x15_s5/train/T008302.png,data/corrupted/100k_blur_15x15_s5/train/T008302.png,609,LOW,5%,1
T008329,81291,986,data/corrupted/100k_blur_15x15_s5/train/T008329.png,data/corrupted/100k_blur_15x15_s5/train/T008329.png,607,LOW,5%,1
T008334,81322,986,data/corrupted/100k_blur_15x15_s5/train/T008334.png,data/corrupted/100k_blur_15x15_s5/train/T008334.png,4489,LOW,5%,1
T008341,81344,986,data/corrupted/100k_blur_15x15_s5/train/T008341.png,data/corrupted/100k_blur_15x15_s5/train/T008341.png,5610,LOW,5%,1
T008353,45885,467,data/corrupted/100k_blur_15x15_s5/train/T008353.png,data/corrupted/100k_blur_15x15_s5/train/T008353.png,3232,LOW,5%,1
T008355,46077,467,data/corrupted/100k_blur_15x15_s5/train/T008355.png,data/corrupted/100k_blur_15x15_s5/train/T008355.png,43,LOW,5%,1
T008362,45900,467,data/corrupted/100k_blur_15x15_s5/train/T008362.png,data/corrupted/100k_blur_15x15_s5/train/T008362.png,8507,LOW,5%,1
T008401,365650,6891,data/corrupted/100k_blur_15x15_s5/train/T008401.png,data/corrupted/100k_blur_15x15_s5/train/T008401.png,10188,LOW,5%,1
T008407,365686,6891,data/corrupted/100k_blur_15x15_s5/train/T008407.png,data/corrupted/100k_blur_15x15_s5/train/T008407.png,12,LOW,5%,1
T008456,158509,2397,data/corrupted/100k_blur_15x15_s5/train/T008456.png,data/corrupted/100k_blur_15x15_s5/train/T008456.png,684,LOW,5%,1
T008474,158623,2397,data/corrupted/100k_blur_15x15_s5/train/T008474.png,data/corrupted/100k_blur_15x15_s5/train/T008474.png,5408,LOW,5%,1
T008475,158702,2397,data/corrupted/100k_blur_15x15_s5/train/T008475.png,data/corrupted/100k_blur_15x15_s5/train/T008475.png,5120,LOW,5%,1
T008535,194781,3134,data/corrupted/100k_blur_15x15_s5/train/T008535.png,data/corrupted/100k_blur_15x15_s5/train/T008535.png,3464,LOW,5%,1
T008540,194736,3134,data/corrupted/100k_blur_15x15_s5/train/T008540.png,data/corrupted/100k_blur_15x15_s5/train/T008540.png,5627,LOW,5%,1
T008568,318662,5834,data/corrupted/100k_blur_15x15_s5/train/T008568.png,data/corrupted/100k_blur_15x15_s5/train/T008568.png,8922,LOW,5%,1
T008596,318503,5834,data/corrupted/100k_blur_15x15_s5/train/T008596.png,data/corrupted/100k_blur_15x15_s5/train/T008596.png,532,LOW,5%,1
T008597,318589,5834,data/corrupted/100k_blur_15x15_s5/train/T008597.png,data/corrupted/100k_blur_15x15_s5/train/T008597.png,1005,LOW,5%,1
T008602,322844,5944,data/corrupted/100k_blur_15x15_s5/train/T008602.png,data/corrupted/100k_blur_15x15_s5/train/T008602.png,3956,LOW,5%,1
T008606,323070,5944,data/corrupted/100k_blur_15x15_s5/train/T008606.png,data/corrupted/100k_blur_15x15_s5/train/T008606.png,2023,LOW,5%,1
T008650,290610,5225,data/corrupted/100k_blur_15x15_s5/train/T008650.png,data/corrupted/100k_blur_15x15_s5/train/T008650.png,7811,LOW,5%,1
T008666,290412,5225,data/corrupted/100k_blur_15x15_s5/train/T008666.png,data/corrupted/100k_blur_15x15_s5/train/T008666.png,6709,LOW,5%,1
T008682,290396,5225,data/corrupted/100k_blur_15x15_s5/train/T008682.png,data/corrupted/100k_blur_15x15_s5/train/T008682.png,8691,LOW,5%,1
T008698,290510,5225,data/corrupted/100k_blur_15x15_s5/train/T008698.png,data/corrupted/100k_blur_15x15_s5/train/T008698.png,1891,LOW,5%,1
T008704,15429,105,data/corrupted/100k_blur_15x15_s5/train/T008704.png,data/corrupted/100k_blur_15x15_s5/train/T008704.png,9351,LOW,5%,1
T008712,15281,105,data/corrupted/100k_blur_15x15_s5/train/T008712.png,data/corrupted/100k_blur_15x15_s5/train/T008712.png,690,LOW,5%,1
T008783,80415,976,data/corrupted/100k_blur_15x15_s5/train/T008783.png,data/corrupted/100k_blur_15x15_s5/train/T008783.png,2558,LOW,5%,1
T008788,80432,976,data/corrupted/100k_blur_15x15_s5/train/T008788.png,data/corrupted/100k_blur_15x15_s5/train/T008788.png,4232,LOW,5%,1
T008863,231733,3954,data/corrupted/100k_blur_15x15_s5/train/T008863.png,data/corrupted/100k_blur_15x15_s5/train/T008863.png,3927,LOW,5%,1
T008865,231831,3954,data/corrupted/100k_blur_15x15_s5/train/T008865.png,data/corrupted/100k_blur_15x15_s5/train/T008865.png,2471,LOW,5%,1
T008881,231746,3954,data/corrupted/100k_blur_15x15_s5/train/T008881.png,data/corrupted/100k_blur_15x15_s5/train/T008881.png,1130,LOW,5%,1
T008883,231669,3954,data/corrupted/100k_blur_15x15_s5/train/T008883.png,data/corrupted/100k_blur_15x15_s5/train/T008883.png,1292,LOW,5%,1
T008897,231888,3954,data/corrupted/100k_blur_15x15_s5/train/T008897.png,data/corrupted/100k_blur_15x15_s5/train/T008897.png,3610,LOW,5%,1
T008912,437402,8855,data/corrupted/100k_blur_15x15_s5/train/T008912.png,data/corrupted/100k_blur_15x15_s5/train/T008912.png,8089,LOW,5%,1
T008914,437343,8855,data/corrupted/100k_blur_15x15_s5/train/T008914.png,data/corrupted/100k_blur_15x15_s5/train/T008914.png,18,LOW,5%,1
T008935,437347,8855,data/corrupted/100k_blur_15x15_s5/train/T008935.png,data/corrupted/100k_blur_15x15_s5/train/T008935.png,616,LOW,5%,1
T008936,437363,8855,data/corrupted/100k_blur_15x15_s5/train/T008936.png,data/corrupted/100k_blur_15x15_s5/train/T008936.png,2637,LOW,5%,1
T008942,437494,8855,data/corrupted/100k_blur_15x15_s5/train/T008942.png,data/corrupted/100k_blur_15x15_s5/train/T008942.png,2275,LOW,5%,1
T008951,5272,31,data/corrupted/100k_blur_15x15_s5/train/T008951.png,data/corrupted/100k_blur_15x15_s5/train/T008951.png,7803,LOW,5%,1
T008964,5347,31,data/corrupted/100k_blur_15x15_s5/train/T008964.png,data/corrupted/100k_blur_15x15_s5/train/T008964.png,1061,LOW,5%,1
T008992,5340,31,data/corrupted/100k_blur_15x15_s5/train/T008992.png,data/corrupted/100k_blur_15x15_s5/train/T008992.png,5726,LOW,5%,1
T009009,42007,404,data/corrupted/100k_blur_15x15_s5/train/T009009.png,data/corrupted/100k_blur_15x15_s5/train/T009009.png,2418,LOW,5%,1
T009019,42037,404,data/corrupted/100k_blur_15x15_s5/train/T009019.png,data/corrupted/100k_blur_15x15_s5/train/T009019.png,2719,LOW,5%,1
T009020,41838,404,data/corrupted/100k_blur_15x15_s5/train/T009020.png,data/corrupted/100k_blur_15x15_s5/train/T009020.png,589,LOW,5%,1
T009028,42014,404,data/corrupted/100k_blur_15x15_s5/train/T009028.png,data/corrupted/100k_blur_15x15_s5/train/T009028.png,4432,LOW,5%,1
T009060,51168,532,data/corrupted/100k_blur_15x15_s5/train/T009060.png,data/corrupted/100k_blur_15x15_s5/train/T009060.png,9272,LOW,5%,1
T009085,51327,532,data/corrupted/100k_blur_15x15_s5/train/T009085.png,data/corrupted/100k_blur_15x15_s5/train/T009085.png,6558,LOW,5%,1
T009106,12053,76,data/corrupted/100k_blur_15x15_s5/train/T009106.png,data/corrupted/100k_blur_15x15_s5/train/T009106.png,1088,LOW,5%,1
T009162,56967,612,data/corrupted/100k_blur_15x15_s5/train/T009162.png,data/corrupted/100k_blur_15x15_s5/train/T009162.png,4888,LOW,5%,1
T009168,57026,612,data/corrupted/100k_blur_15x15_s5/train/T009168.png,data/corrupted/100k_blur_15x15_s5/train/T009168.png,6334,LOW,5%,1
T009180,57060,612,data/corrupted/100k_blur_15x15_s5/train/T009180.png,data/corrupted/100k_blur_15x15_s5/train/T009180.png,9512,LOW,5%,1
T009186,57126,612,data/corrupted/100k_blur_15x15_s5/train/T009186.png,data/corrupted/100k_blur_15x15_s5/train/T009186.png,6374,LOW,5%,1
T009189,57068,612,data/corrupted/100k_blur_15x15_s5/train/T009189.png,data/corrupted/100k_blur_15x15_s5/train/T009189.png,2881,LOW,5%,1
T009217,232914,3982,data/corrupted/100k_blur_15x15_s5/train/T009217.png,data/corrupted/100k_blur_15x15_s5/train/T009217.png,509,LOW,5%,1
T009262,123960,1668,data/corrupted/100k_blur_15x15_s5/train/T009262.png,data/corrupted/100k_blur_15x15_s5/train/T009262.png,9849,LOW,5%,1
T009283,123922,1668,data/corrupted/100k_blur_15x15_s5/train/T009283.png,data/corrupted/100k_blur_15x15_s5/train/T009283.png,2493,LOW,5%,1
T009287,123944,1668,data/corrupted/100k_blur_15x15_s5/train/T009287.png,data/corrupted/100k_blur_15x15_s5/train/T009287.png,998,LOW,5%,1
T009318,159805,2420,data/corrupted/100k_blur_15x15_s5/train/T009318.png,data/corrupted/100k_blur_15x15_s5/train/T009318.png,529,LOW,5%,1
T009321,159672,2420,data/corrupted/100k_blur_15x15_s5/train/T009321.png,data/corrupted/100k_blur_15x15_s5/train/T009321.png,5368,LOW,5%,1
T009334,159804,2420,data/corrupted/100k_blur_15x15_s5/train/T009334.png,data/corrupted/100k_blur_15x15_s5/train/T009334.png,3524,LOW,5%,1
T009415,98379,1197,data/corrupted/100k_blur_15x15_s5/train/T009415.png,data/corrupted/100k_blur_15x15_s5/train/T009415.png,2581,LOW,5%,1
T009419,98224,1197,data/corrupted/100k_blur_15x15_s5/train/T009419.png,data/corrupted/100k_blur_15x15_s5/train/T009419.png,3366,LOW,5%,1
T009430,98429,1197,data/corrupted/100k_blur_15x15_s5/train/T009430.png,data/corrupted/100k_blur_15x15_s5/train/T009430.png,7724,LOW,5%,1
T009453,157153,2374,data/corrupted/100k_blur_15x15_s5/train/T009453.png,data/corrupted/100k_blur_15x15_s5/train/T009453.png,3330,LOW,5%,1
T009464,157236,2374,data/corrupted/100k_blur_15x15_s5/train/T009464.png,data/corrupted/100k_blur_15x15_s5/train/T009464.png,2434,LOW,5%,1
T009502,25475,206,data/corrupted/100k_blur_15x15_s5/train/T009502.png,data/corrupted/100k_blur_15x15_s5/train/T009502.png,5004,LOW,5%,1
T009505,25603,206,data/corrupted/100k_blur_15x15_s5/train/T009505.png,data/corrupted/100k_blur_15x15_s5/train/T009505.png,8236,LOW,5%,1
T009512,25526,206,data/corrupted/100k_blur_15x15_s5/train/T009512.png,data/corrupted/100k_blur_15x15_s5/train/T009512.png,4364,LOW,5%,1
T009515,25605,206,data/corrupted/100k_blur_15x15_s5/train/T009515.png,data/corrupted/100k_blur_15x15_s5/train/T009515.png,10101,LOW,5%,1
T009517,25576,206,data/corrupted/100k_blur_15x15_s5/train/T009517.png,data/corrupted/100k_blur_15x15_s5/train/T009517.png,3366,LOW,5%,1
T009518,25484,206,data/corrupted/100k_blur_15x15_s5/train/T009518.png,data/corrupted/100k_blur_15x15_s5/train/T009518.png,1196,LOW,5%,1
T009540,25606,206,data/corrupted/100k_blur_15x15_s5/train/T009540.png,data/corrupted/100k_blur_15x15_s5/train/T009540.png,4506,LOW,5%,1
T009552,295770,5326,data/corrupted/100k_blur_15x15_s5/train/T009552.png,data/corrupted/100k_blur_15x15_s5/train/T009552.png,7357,LOW,5%,1
T009555,295667,5326,data/corrupted/100k_blur_15x15_s5/train/T009555.png,data/corrupted/100k_blur_15x15_s5/train/T009555.png,5744,LOW,5%,1
T009592,295611,5326,data/corrupted/100k_blur_15x15_s5/train/T009592.png,data/corrupted/100k_blur_15x15_s5/train/T009592.png,2964,LOW,5%,1
T009671,101929,1241,data/corrupted/100k_blur_15x15_s5/train/T009671.png,data/corrupted/100k_blur_15x15_s5/train/T009671.png,54,LOW,5%,1
T009674,101875,1241,data/corrupted/100k_blur_15x15_s5/train/T009674.png,data/corrupted/100k_blur_15x15_s5/train/T009674.png,4693,LOW,5%,1
T009684,101752,1241,data/corrupted/100k_blur_15x15_s5/train/T009684.png,data/corrupted/100k_blur_15x15_s5/train/T009684.png,5587,LOW,5%,1
T009707,312740,5713,data/corrupted/100k_blur_15x15_s5/train/T009707.png,data/corrupted/100k_blur_15x15_s5/train/T009707.png,4312,LOW,5%,1
T009734,312806,5713,data/corrupted/100k_blur_15x15_s5/train/T009734.png,data/corrupted/100k_blur_15x15_s5/train/T009734.png,3469,LOW,5%,1
T009737,312839,5713,data/corrupted/100k_blur_15x15_s5/train/T009737.png,data/corrupted/100k_blur_15x15_s5/train/T009737.png,2527,LOW,5%,1
T009757,342868,6353,data/corrupted/100k_blur_15x15_s5/train/T009757.png,data/corrupted/100k_blur_15x15_s5/train/T009757.png,9082,LOW,5%,1
T009779,342774,6353,data/corrupted/100k_blur_15x15_s5/train/T009779.png,data/corrupted/100k_blur_15x15_s5/train/T009779.png,1180,LOW,5%,1
T009785,342799,6353,data/corrupted/100k_blur_15x15_s5/train/T009785.png,data/corrupted/100k_blur_15x15_s5/train/T009785.png,8207,LOW,5%,1
T009837,1201,8,data/corrupted/100k_blur_15x15_s5/train/T009837.png,data/corrupted/100k_blur_15x15_s5/train/T009837.png,1188,LOW,5%,1
T009844,1039,8,data/corrupted/100k_blur_15x15_s5/train/T009844.png,data/corrupted/100k_blur_15x15_s5/train/T009844.png,5937,LOW,5%,1
T009916,92074,1123,data/corrupted/100k_blur_15x15_s5/train/T009916.png,data/corrupted/100k_blur_15x15_s5/train/T009916.png,8505,LOW,5%,1
T009952,32670,277,data/corrupted/100k_blur_15x15_s5/train/T009952.png,data/corrupted/100k_blur_15x15_s5/train/T009952.png,4978,LOW,5%,1
T009963,32634,277,data/corrupted/100k_blur_15x15_s5/train/T009963.png,data/corrupted/100k_blur_15x15_s5/train/T009963.png,125,LOW,5%,1
T009965,32843,277,data/corrupted/100k_blur_15x15_s5/train/T009965.png,data/corrupted/100k_blur_15x15_s5/train/T009965.png,4210,LOW,5%,1
T009968,32787,277,data/corrupted/100k_blur_15x15_s5/train/T009968.png,data/corrupted/100k_blur_15x15_s5/train/T009968.png,8926,LOW,5%,1
T010012,167566,2575,data/corrupted/100k_blur_15x15_s5/train/T010012.png,data/corrupted/100k_blur_15x15_s5/train/T010012.png,880,LOW,5%,1
T010040,167727,2575,data/corrupted/100k_blur_15x15_s5/train/T010040.png,data/corrupted/100k_blur_15x15_s5/train/T010040.png,1362,LOW,5%,1
T010076,14981,101,data/corrupted/100k_blur_15x15_s5/train/T010076.png,data/corrupted/100k_blur_15x15_s5/train/T010076.png,609,LOW,5%,1
T010087,14977,101,data/corrupted/100k_blur_15x15_s5/train/T010087.png,data/corrupted/100k_blur_15x15_s5/train/T010087.png,2042,LOW,5%,1
T010101,39202,372,data/corrupted/100k_blur_15x15_s5/train/T010101.png,data/corrupted/100k_blur_15x15_s5/train/T010101.png,7630,LOW,5%,1
T010123,39138,372,data/corrupted/100k_blur_15x15_s5/train/T010123.png,data/corrupted/100k_blur_15x15_s5/train/T010123.png,233,LOW,5%,1
T010148,39051,372,data/corrupted/100k_blur_15x15_s5/train/T010148.png,data/corrupted/100k_blur_15x15_s5/train/T010148.png,8732,LOW,5%,1
T010192,326240,6014,data/corrupted/100k_blur_15x15_s5/train/T010192.png,data/corrupted/100k_blur_15x15_s5/train/T010192.png,1938,LOW,5%,1
T010201,52825,554,data/corrupted/100k_blur_15x15_s5/train/T010201.png,data/corrupted/100k_blur_15x15_s5/train/T010201.png,1168,LOW,5%,1
T010206,52980,554,data/corrupted/100k_blur_15x15_s5/train/T010206.png,data/corrupted/100k_blur_15x15_s5/train/T010206.png,6409,LOW,5%,1
T010210,52978,554,data/corrupted/100k_blur_15x15_s5/train/T010210.png,data/corrupted/100k_blur_15x15_s5/train/T010210.png,5643,LOW,5%,1
T010231,52862,554,data/corrupted/100k_blur_15x15_s5/train/T010231.png,data/corrupted/100k_blur_15x15_s5/train/T010231.png,614,LOW,5%,1
T010237,52938,554,data/corrupted/100k_blur_15x15_s5/train/T010237.png,data/corrupted/100k_blur_15x15_s5/train/T010237.png,3503,LOW,5%,1
T010250,75085,899,data/corrupted/100k_blur_15x15_s5/train/T010250.png,data/corrupted/100k_blur_15x15_s5/train/T010250.png,6332,LOW,5%,1
T010272,75111,899,data/corrupted/100k_blur_15x15_s5/train/T010272.png,data/corrupted/100k_blur_15x15_s5/train/T010272.png,90,LOW,5%,1
T010279,75163,899,data/corrupted/100k_blur_15x15_s5/train/T010279.png,data/corrupted/100k_blur_15x15_s5/train/T010279.png,5812,LOW,5%,1
T010288,75202,899,data/corrupted/100k_blur_15x15_s5/train/T010288.png,data/corrupted/100k_blur_15x15_s5/train/T010288.png,4420,LOW,5%,1
T010302,88834,1082,data/corrupted/100k_blur_15x15_s5/train/T010302.png,data/corrupted/100k_blur_15x15_s5/train/T010302.png,7996,LOW,5%,1
T010317,88858,1082,data/corrupted/100k_blur_15x15_s5/train/T010317.png,data/corrupted/100k_blur_15x15_s5/train/T010317.png,688,LOW,5%,1
T010346,88972,1082,data/corrupted/100k_blur_15x15_s5/train/T010346.png,data/corrupted/100k_blur_15x15_s5/train/T010346.png,2608,LOW,5%,1
T010360,329386,6079,data/corrupted/100k_blur_15x15_s5/train/T010360.png,data/corrupted/100k_blur_15x15_s5/train/T010360.png,1292,LOW,5%,1
T010369,329490,6079,data/corrupted/100k_blur_15x15_s5/train/T010369.png,data/corrupted/100k_blur_15x15_s5/train/T010369.png,5955,LOW,5%,1
T010395,329470,6079,data/corrupted/100k_blur_15x15_s5/train/T010395.png,data/corrupted/100k_blur_15x15_s5/train/T010395.png,1036,LOW,5%,1
T010412,14410,97,data/corrupted/100k_blur_15x15_s5/train/T010412.png,data/corrupted/100k_blur_15x15_s5/train/T010412.png,56,LOW,5%,1
T010418,14460,97,data/corrupted/100k_blur_15x15_s5/train/T010418.png,data/corrupted/100k_blur_15x15_s5/train/T010418.png,592,LOW,5%,1
T010446,14491,97,data/corrupted/100k_blur_15x15_s5/train/T010446.png,data/corrupted/100k_blur_15x15_s5/train/T010446.png,8198,LOW,5%,1
T010452,66157,764,data/corrupted/100k_blur_15x15_s5/train/T010452.png,data/corrupted/100k_blur_15x15_s5/train/T010452.png,1664,LOW,5%,1
T010478,66372,764,data/corrupted/100k_blur_15x15_s5/train/T010478.png,data/corrupted/100k_blur_15x15_s5/train/T010478.png,571,LOW,5%,1
T010482,66356,764,data/corrupted/100k_blur_15x15_s5/train/T010482.png,data/corrupted/100k_blur_15x15_s5/train/T010482.png,860,LOW,5%,1
T010546,55025,587,data/corrupted/100k_blur_15x15_s5/train/T010546.png,data/corrupted/100k_blur_15x15_s5/train/T010546.png,9731,LOW,5%,1
T010570,71660,858,data/corrupted/100k_blur_15x15_s5/train/T010570.png,data/corrupted/100k_blur_15x15_s5/train/T010570.png,1718,LOW,5%,1
T010572,71646,858,data/corrupted/100k_blur_15x15_s5/train/T010572.png,data/corrupted/100k_blur_15x15_s5/train/T010572.png,2715,LOW,5%,1
T010607,128206,1769,data/corrupted/100k_blur_15x15_s5/train/T010607.png,data/corrupted/100k_blur_15x15_s5/train/T010607.png,9771,LOW,5%,1
T010621,128171,1769,data/corrupted/100k_blur_15x15_s5/train/T010621.png,data/corrupted/100k_blur_15x15_s5/train/T010621.png,256,LOW,5%,1
T010624,128034,1769,data/corrupted/100k_blur_15x15_s5/train/T010624.png,data/corrupted/100k_blur_15x15_s5/train/T010624.png,9292,LOW,5%,1
T010631,128162,1769,data/corrupted/100k_blur_15x15_s5/train/T010631.png,data/corrupted/100k_blur_15x15_s5/train/T010631.png,3914,LOW,5%,1
T010636,127997,1769,data/corrupted/100k_blur_15x15_s5/train/T010636.png,data/corrupted/100k_blur_15x15_s5/train/T010636.png,207,LOW,5%,1
T010676,168198,2584,data/corrupted/100k_blur_15x15_s5/train/T010676.png,data/corrupted/100k_blur_15x15_s5/train/T010676.png,4362,LOW,5%,1
T010682,168310,2584,data/corrupted/100k_blur_15x15_s5/train/T010682.png,data/corrupted/100k_blur_15x15_s5/train/T010682.png,5510,LOW,5%,1
T010700,23422,190,data/corrupted/100k_blur_15x15_s5/train/T010700.png,data/corrupted/100k_blur_15x15_s5/train/T010700.png,5366,LOW,5%,1
T010712,23428,190,data/corrupted/100k_blur_15x15_s5/train/T010712.png,data/corrupted/100k_blur_15x15_s5/train/T010712.png,1574,LOW,5%,1
T010714,23420,190,data/corrupted/100k_blur_15x15_s5/train/T010714.png,data/corrupted/100k_blur_15x15_s5/train/T010714.png,7951,LOW,5%,1
T010723,23235,190,data/corrupted/100k_blur_15x15_s5/train/T010723.png,data/corrupted/100k_blur_15x15_s5/train/T010723.png,3928,LOW,5%,1
T010727,23231,190,data/corrupted/100k_blur_15x15_s5/train/T010727.png,data/corrupted/100k_blur_15x15_s5/train/T010727.png,7724,LOW,5%,1
T010733,23439,190,data/corrupted/100k_blur_15x15_s5/train/T010733.png,data/corrupted/100k_blur_15x15_s5/train/T010733.png,341,LOW,5%,1
T010768,196381,3165,data/corrupted/100k_blur_15x15_s5/train/T010768.png,data/corrupted/100k_blur_15x15_s5/train/T010768.png,4416,LOW,5%,1
T010780,196399,3165,data/corrupted/100k_blur_15x15_s5/train/T010780.png,data/corrupted/100k_blur_15x15_s5/train/T010780.png,8324,LOW,5%,1
T010815,278905,4969,data/corrupted/100k_blur_15x15_s5/train/T010815.png,data/corrupted/100k_blur_15x15_s5/train/T010815.png,2121,LOW,5%,1
T010853,28768,238,data/corrupted/100k_blur_15x15_s5/train/T010853.png,data/corrupted/100k_blur_15x15_s5/train/T010853.png,3259,LOW,5%,1
T010868,28849,238,data/corrupted/100k_blur_15x15_s5/train/T010868.png,data/corrupted/100k_blur_15x15_s5/train/T010868.png,27,LOW,5%,1
T010869,28743,238,data/corrupted/100k_blur_15x15_s5/train/T010869.png,data/corrupted/100k_blur_15x15_s5/train/T010869.png,10333,LOW,5%,1
T010890,28832,238,data/corrupted/100k_blur_15x15_s5/train/T010890.png,data/corrupted/100k_blur_15x15_s5/train/T010890.png,6622,LOW,5%,1
T010950,238215,4088,data/corrupted/100k_blur_15x15_s5/train/T010950.png,data/corrupted/100k_blur_15x15_s5/train/T010950.png,2085,LOW,5%,1
T010955,238239,4088,data/corrupted/100k_blur_15x15_s5/train/T010955.png,data/corrupted/100k_blur_15x15_s5/train/T010955.png,2136,LOW,5%,1
T010957,238062,4088,data/corrupted/100k_blur_15x15_s5/train/T010957.png,data/corrupted/100k_blur_15x15_s5/train/T010957.png,1299,LOW,5%,1
T010998,238134,4088,data/corrupted/100k_blur_15x15_s5/train/T010998.png,data/corrupted/100k_blur_15x15_s5/train/T010998.png,4227,LOW,5%,1
T011002,308982,5618,data/corrupted/100k_blur_15x15_s5/train/T011002.png,data/corrupted/100k_blur_15x15_s5/train/T011002.png,1031,LOW,5%,1
T011024,308897,5618,data/corrupted/100k_blur_15x15_s5/train/T011024.png,data/corrupted/100k_blur_15x15_s5/train/T011024.png,145,LOW,5%,1
T011037,308898,5618,data/corrupted/100k_blur_15x15_s5/train/T011037.png,data/corrupted/100k_blur_15x15_s5/train/T011037.png,6125,LOW,5%,1
T011067,25215,203,data/corrupted/100k_blur_15x15_s5/train/T011067.png,data/corrupted/100k_blur_15x15_s5/train/T011067.png,1023,LOW,5%,1
T011079,25205,203,data/corrupted/100k_blur_15x15_s5/train/T011079.png,data/corrupted/100k_blur_15x15_s5/train/T011079.png,49,LOW,5%,1
T011100,27886,231,data/corrupted/100k_blur_15x15_s5/train/T011100.png,data/corrupted/100k_blur_15x15_s5/train/T011100.png,341,LOW,5%,1
T011125,27940,231,data/corrupted/100k_blur_15x15_s5/train/T011125.png,data/corrupted/100k_blur_15x15_s5/train/T011125.png,953,LOW,5%,1
T011146,27924,231,data/corrupted/100k_blur_15x15_s5/train/T011146.png,data/corrupted/100k_blur_15x15_s5/train/T011146.png,8573,LOW,5%,1
T011174,28591,237,data/corrupted/100k_blur_15x15_s5/train/T011174.png,data/corrupted/100k_blur_15x15_s5/train/T011174.png,2961,LOW,5%,1
T011201,5606,32,data/corrupted/100k_blur_15x15_s5/train/T011201.png,data/corrupted/100k_blur_15x15_s5/train/T011201.png,2526,LOW,5%,1
T011211,5584,32,data/corrupted/100k_blur_15x15_s5/train/T011211.png,data/corrupted/100k_blur_15x15_s5/train/T011211.png,2697,LOW,5%,1
T011251,45158,455,data/corrupted/100k_blur_15x15_s5/train/T011251.png,data/corrupted/100k_blur_15x15_s5/train/T011251.png,5393,LOW,5%,1
T011252,45119,455,data/corrupted/100k_blur_15x15_s5/train/T011252.png,data/corrupted/100k_blur_15x15_s5/train/T011252.png,165,LOW,5%,1
T011282,45199,455,data/corrupted/100k_blur_15x15_s5/train/T011282.png,data/corrupted/100k_blur_15x15_s5/train/T011282.png,8882,LOW,5%,1
T011326,118031,1545,data/corrupted/100k_blur_15x15_s5/train/T011326.png,data/corrupted/100k_blur_15x15_s5/train/T011326.png,4537,LOW,5%,1
T011374,367403,6934,data/corrupted/100k_blur_15x15_s5/train/T011374.png,data/corrupted/100k_blur_15x15_s5/train/T011374.png,637,LOW,5%,1
T011376,367487,6934,data/corrupted/100k_blur_15x15_s5/train/T011376.png,data/corrupted/100k_blur_15x15_s5/train/T011376.png,2182,LOW,5%,1
T011381,367413,6934,data/corrupted/100k_blur_15x15_s5/train/T011381.png,data/corrupted/100k_blur_15x15_s5/train/T011381.png,86,LOW,5%,1
T011383,367373,6934,data/corrupted/100k_blur_15x15_s5/train/T011383.png,data/corrupted/100k_blur_15x15_s5/train/T011383.png,800,LOW,5%,1
T011387,367386,6934,data/corrupted/100k_blur_15x15_s5/train/T011387.png,data/corrupted/100k_blur_15x15_s5/train/T011387.png,183,LOW,5%,1
T011409,65925,763,data/corrupted/100k_blur_15x15_s5/train/T011409.png,data/corrupted/100k_blur_15x15_s5/train/T011409.png,714,LOW,5%,1
T011438,66094,763,data/corrupted/100k_blur_15x15_s5/train/T011438.png,data/corrupted/100k_blur_15x15_s5/train/T011438.png,1524,LOW,5%,1
T011440,66090,763,data/corrupted/100k_blur_15x15_s5/train/T011440.png,data/corrupted/100k_blur_15x15_s5/train/T011440.png,4546,LOW,5%,1
T011447,66048,763,data/corrupted/100k_blur_15x15_s5/train/T011447.png,data/corrupted/100k_blur_15x15_s5/train/T011447.png,3884,LOW,5%,1
T011461,121720,1629,data/corrupted/100k_blur_15x15_s5/train/T011461.png,data/corrupted/100k_blur_15x15_s5/train/T011461.png,7970,LOW,5%,1
T011533,313549,5725,data/corrupted/100k_blur_15x15_s5/train/T011533.png,data/corrupted/100k_blur_15x15_s5/train/T011533.png,7849,LOW,5%,1
T011535,313683,5725,data/corrupted/100k_blur_15x15_s5/train/T011535.png,data/corrupted/100k_blur_15x15_s5/train/T011535.png,10028,LOW,5%,1
T011540,313471,5725,data/corrupted/100k_blur_15x15_s5/train/T011540.png,data/corrupted/100k_blur_15x15_s5/train/T011540.png,8866,LOW,5%,1
T011550,19104,148,data/corrupted/100k_blur_15x15_s5/train/T011550.png,data/corrupted/100k_blur_15x15_s5/train/T011550.png,2787,LOW,5%,1
T011556,19083,148,data/corrupted/100k_blur_15x15_s5/train/T011556.png,data/corrupted/100k_blur_15x15_s5/train/T011556.png,1361,LOW,5%,1
T011604,303162,5500,data/corrupted/100k_blur_15x15_s5/train/T011604.png,data/corrupted/100k_blur_15x15_s5/train/T011604.png,3177,LOW,5%,1
T011668,313004,5714,data/corrupted/100k_blur_15x15_s5/train/T011668.png,data/corrupted/100k_blur_15x15_s5/train/T011668.png,220,LOW,5%,1
T011678,312927,5714,data/corrupted/100k_blur_15x15_s5/train/T011678.png,data/corrupted/100k_blur_15x15_s5/train/T011678.png,4285,LOW,5%,1
T011695,313102,5714,data/corrupted/100k_blur_15x15_s5/train/T011695.png,data/corrupted/100k_blur_15x15_s5/train/T011695.png,3609,LOW,5%,1
T011710,323623,5957,data/corrupted/100k_blur_15x15_s5/train/T011710.png,data/corrupted/100k_blur_15x15_s5/train/T011710.png,2446,LOW,5%,1
T011729,323648,5957,data/corrupted/100k_blur_15x15_s5/train/T011729.png,data/corrupted/100k_blur_15x15_s5/train/T011729.png,7518,LOW,5%,1
T011794,40092,384,data/corrupted/100k_blur_15x15_s5/train/T011794.png,data/corrupted/100k_blur_15x15_s5/train/T011794.png,1310,LOW,5%,1
T011795,40025,384,data/corrupted/100k_blur_15x15_s5/train/T011795.png,data/corrupted/100k_blur_15x15_s5/train/T011795.png,6365,LOW,5%,1
T011824,152574,2274,data/corrupted/100k_blur_15x15_s5/train/T011824.png,data/corrupted/100k_blur_15x15_s5/train/T011824.png,2719,LOW,5%,1
T011920,331619,6119,data/corrupted/100k_blur_15x15_s5/train/T011920.png,data/corrupted/100k_blur_15x15_s5/train/T011920.png,4649,LOW,5%,1
T011943,331621,6119,data/corrupted/100k_blur_15x15_s5/train/T011943.png,data/corrupted/100k_blur_15x15_s5/train/T011943.png,3470,LOW,5%,1
T011946,331743,6119,data/corrupted/100k_blur_15x15_s5/train/T011946.png,data/corrupted/100k_blur_15x15_s5/train/T011946.png,2918,LOW,5%,1
T011968,425747,8542,data/corrupted/100k_blur_15x15_s5/train/T011968.png,data/corrupted/100k_blur_15x15_s5/train/T011968.png,7610,LOW,5%,1
T011997,425908,8542,data/corrupted/100k_blur_15x15_s5/train/T011997.png,data/corrupted/100k_blur_15x15_s5/train/T011997.png,6433,LOW,5%,1
T012010,459342,9524,data/corrupted/100k_blur_15x15_s5/train/T012010.png,data/corrupted/100k_blur_15x15_s5/train/T012010.png,6513,LOW,5%,1
T012019,459207,9524,data/corrupted/100k_blur_15x15_s5/train/T012019.png,data/corrupted/100k_blur_15x15_s5/train/T012019.png,6601,LOW,5%,1
T012031,459366,9524,data/corrupted/100k_blur_15x15_s5/train/T012031.png,data/corrupted/100k_blur_15x15_s5/train/T012031.png,1514,LOW,5%,1
T012069,279639,4982,data/corrupted/100k_blur_15x15_s5/train/T012069.png,data/corrupted/100k_blur_15x15_s5/train/T012069.png,370,LOW,5%,1
T012082,279494,4982,data/corrupted/100k_blur_15x15_s5/train/T012082.png,data/corrupted/100k_blur_15x15_s5/train/T012082.png,254,LOW,5%,1
T012085,279524,4982,data/corrupted/100k_blur_15x15_s5/train/T012085.png,data/corrupted/100k_blur_15x15_s5/train/T012085.png,704,LOW,5%,1
T012139,242702,4178,data/corrupted/100k_blur_15x15_s5/train/T012139.png,data/corrupted/100k_blur_15x15_s5/train/T012139.png,3690,LOW,5%,1
T012198,356897,6689,data/corrupted/100k_blur_15x15_s5/train/T012198.png,data/corrupted/100k_blur_15x15_s5/train/T012198.png,231,LOW,5%,1
T012214,374550,7099,data/corrupted/100k_blur_15x15_s5/train/T012214.png,data/corrupted/100k_blur_15x15_s5/train/T012214.png,9323,LOW,5%,1
T012284,21362,173,data/corrupted/100k_blur_15x15_s5/train/T012284.png,data/corrupted/100k_blur_15x15_s5/train/T012284.png,8399,LOW,5%,1
T012286,21419,173,data/corrupted/100k_blur_15x15_s5/train/T012286.png,data/corrupted/100k_blur_15x15_s5/train/T012286.png,199,LOW,5%,1
T012301,41102,392,data/corrupted/100k_blur_15x15_s5/train/T012301.png,data/corrupted/100k_blur_15x15_s5/train/T012301.png,1087,LOW,5%,1
T012303,41054,392,data/corrupted/100k_blur_15x15_s5/train/T012303.png,data/corrupted/100k_blur_15x15_s5/train/T012303.png,2347,LOW,5%,1
T012305,41167,392,data/corrupted/100k_blur_15x15_s5/train/T012305.png,data/corrupted/100k_blur_15x15_s5/train/T012305.png,209,LOW,5%,1
T012342,41076,392,data/corrupted/100k_blur_15x15_s5/train/T012342.png,data/corrupted/100k_blur_15x15_s5/train/T012342.png,5671,LOW,5%,1
T012346,41187,392,data/corrupted/100k_blur_15x15_s5/train/T012346.png,data/corrupted/100k_blur_15x15_s5/train/T012346.png,998,LOW,5%,1
T012353,173283,2676,data/corrupted/100k_blur_15x15_s5/train/T012353.png,data/corrupted/100k_blur_15x15_s5/train/T012353.png,6094,LOW,5%,1
T012371,173388,2676,data/corrupted/100k_blur_15x15_s5/train/T012371.png,data/corrupted/100k_blur_15x15_s5/train/T012371.png,7389,LOW,5%,1
T012396,173356,2676,data/corrupted/100k_blur_15x15_s5/train/T012396.png,data/corrupted/100k_blur_15x15_s5/train/T012396.png,9063,LOW,5%,1
T012409,274236,4862,data/corrupted/100k_blur_15x15_s5/train/T012409.png,data/corrupted/100k_blur_15x15_s5/train/T012409.png,84,LOW,5%,1
T012429,274374,4862,data/corrupted/100k_blur_15x15_s5/train/T012429.png,data/corrupted/100k_blur_15x15_s5/train/T012429.png,6325,LOW,5%,1
T012487,340924,6325,data/corrupted/100k_blur_15x15_s5/train/T012487.png,data/corrupted/100k_blur_15x15_s5/train/T012487.png,3457,LOW,5%,1
T012489,340830,6325,data/corrupted/100k_blur_15x15_s5/train/T012489.png,data/corrupted/100k_blur_15x15_s5/train/T012489.png,5725,LOW,5%,1
T012494,340980,6325,data/corrupted/100k_blur_15x15_s5/train/T012494.png,data/corrupted/100k_blur_15x15_s5/train/T012494.png,3272,LOW,5%,1
T012496,340818,6325,data/corrupted/100k_blur_15x15_s5/train/T012496.png,data/corrupted/100k_blur_15x15_s5/train/T012496.png,8203,LOW,5%,1
T012588,26046,209,data/corrupted/100k_blur_15x15_s5/train/T012588.png,data/corrupted/100k_blur_15x15_s5/train/T012588.png,2244,LOW,5%,1
T012592,25907,209,data/corrupted/100k_blur_15x15_s5/train/T012592.png,data/corrupted/100k_blur_15x15_s5/train/T012592.png,196,LOW,5%,1
T012603,74148,881,data/corrupted/100k_blur_15x15_s5/train/T012603.png,data/corrupted/100k_blur_15x15_s5/train/T012603.png,544,LOW,5%,1
T012614,74142,881,data/corrupted/100k_blur_15x15_s5/train/T012614.png,data/corrupted/100k_blur_15x15_s5/train/T012614.png,9377,LOW,5%,1
T012630,74168,881,data/corrupted/100k_blur_15x15_s5/train/T012630.png,data/corrupted/100k_blur_15x15_s5/train/T012630.png,6970,LOW,5%,1
T012645,74174,881,data/corrupted/100k_blur_15x15_s5/train/T012645.png,data/corrupted/100k_blur_15x15_s5/train/T012645.png,974,LOW,5%,1
T012654,4290,24,data/corrupted/100k_blur_15x15_s5/train/T012654.png,data/corrupted/100k_blur_15x15_s5/train/T012654.png,9853,LOW,5%,1
T012664,4109,24,data/corrupted/100k_blur_15x15_s5/train/T012664.png,data/corrupted/100k_blur_15x15_s5/train/T012664.png,2289,LOW,5%,1
T012679,4248,24,data/corrupted/100k_blur_15x15_s5/train/T012679.png,data/corrupted/100k_blur_15x15_s5/train/T012679.png,2108,LOW,5%,1
T012704,20949,170,data/corrupted/100k_blur_15x15_s5/train/T012704.png,data/corrupted/100k_blur_15x15_s5/train/T012704.png,1204,LOW,5%,1
T012707,21077,170,data/corrupted/100k_blur_15x15_s5/train/T012707.png,data/corrupted/100k_blur_15x15_s5/train/T012707.png,10120,LOW,5%,1
T012722,21067,170,data/corrupted/100k_blur_15x15_s5/train/T012722.png,data/corrupted/100k_blur_15x15_s5/train/T012722.png,5171,LOW,5%,1
T012770,26631,217,data/corrupted/100k_blur_15x15_s5/train/T012770.png,data/corrupted/100k_blur_15x15_s5/train/T012770.png,6811,LOW,5%,1
T012786,26497,217,data/corrupted/100k_blur_15x15_s5/train/T012786.png,data/corrupted/100k_blur_15x15_s5/train/T012786.png,7894,LOW,5%,1
T012828,89235,1084,data/corrupted/100k_blur_15x15_s5/train/T012828.png,data/corrupted/100k_blur_15x15_s5/train/T012828.png,3693,LOW,5%,1
T012837,89204,1084,data/corrupted/100k_blur_15x15_s5/train/T012837.png,data/corrupted/100k_blur_15x15_s5/train/T012837.png,1649,LOW,5%,1
T012839,89290,1084,data/corrupted/100k_blur_15x15_s5/train/T012839.png,data/corrupted/100k_blur_15x15_s5/train/T012839.png,6115,LOW,5%,1
T012840,89162,1084,data/corrupted/100k_blur_15x15_s5/train/T012840.png,data/corrupted/100k_blur_15x15_s5/train/T012840.png,654,LOW,5%,1
T012846,89300,1084,data/corrupted/100k_blur_15x15_s5/train/T012846.png,data/corrupted/100k_blur_15x15_s5/train/T012846.png,7422,LOW,5%,1
T012870,322059,5926,data/corrupted/100k_blur_15x15_s5/train/T012870.png,data/corrupted/100k_blur_15x15_s5/train/T012870.png,217,LOW,5%,1
T012892,322136,5926,data/corrupted/100k_blur_15x15_s5/train/T012892.png,data/corrupted/100k_blur_15x15_s5/train/T012892.png,858,LOW,5%,1
T012900,383963,7359,data/corrupted/100k_blur_15x15_s5/train/T012900.png,data/corrupted/100k_blur_15x15_s5/train/T012900.png,9731,LOW,5%,1
T012944,383832,7359,data/corrupted/100k_blur_15x15_s5/train/T012944.png,data/corrupted/100k_blur_15x15_s5/train/T012944.png,8507,LOW,5%,1
T012953,128699,1784,data/corrupted/100k_blur_15x15_s5/train/T012953.png,data/corrupted/100k_blur_15x15_s5/train/T012953.png,3708,LOW,5%,1
T012979,128846,1784,data/corrupted/100k_blur_15x15_s5/train/T012979.png,data/corrupted/100k_blur_15x15_s5/train/T012979.png,886,LOW,5%,1
T012991,128828,1784,data/corrupted/100k_blur_15x15_s5/train/T012991.png,data/corrupted/100k_blur_15x15_s5/train/T012991.png,6373,LOW,5%,1
T012998,128831,1784,data/corrupted/100k_blur_15x15_s5/train/T012998.png,data/corrupted/100k_blur_15x15_s5/train/T012998.png,3941,LOW,5%,1
T013005,307331,5582,data/corrupted/100k_blur_15x15_s5/train/T013005.png,data/corrupted/100k_blur_15x15_s5/train/T013005.png,2107,LOW,5%,1
T013036,307373,5582,data/corrupted/100k_blur_15x15_s5/train/T013036.png,data/corrupted/100k_blur_15x15_s5/train/T013036.png,975,LOW,5%,1
T013041,307303,5582,data/corrupted/100k_blur_15x15_s5/train/T013041.png,data/corrupted/100k_blur_15x15_s5/train/T013041.png,5393,LOW,5%,1
T013124,277801,4955,data/corrupted/100k_blur_15x15_s5/train/T013124.png,data/corrupted/100k_blur_15x15_s5/train/T013124.png,6743,LOW,5%,1
T013134,277716,4955,data/corrupted/100k_blur_15x15_s5/train/T013134.png,data/corrupted/100k_blur_15x15_s5/train/T013134.png,9168,LOW,5%,1
T013154,115500,1501,data/corrupted/100k_blur_15x15_s5/train/T013154.png,data/corrupted/100k_blur_15x15_s5/train/T013154.png,860,LOW,5%,1
T013160,115370,1501,data/corrupted/100k_blur_15x15_s5/train/T013160.png,data/corrupted/100k_blur_15x15_s5/train/T013160.png,1848,LOW,5%,1
T013167,115413,1501,data/corrupted/100k_blur_15x15_s5/train/T013167.png,data/corrupted/100k_blur_15x15_s5/train/T013167.png,5624,LOW,5%,1
T013183,115478,1501,data/corrupted/100k_blur_15x15_s5/train/T013183.png,data/corrupted/100k_blur_15x15_s5/train/T013183.png,3456,LOW,5%,1
T013190,115406,1501,data/corrupted/100k_blur_15x15_s5/train/T013190.png,data/corrupted/100k_blur_15x15_s5/train/T013190.png,3941,LOW,5%,1
T013192,115369,1501,data/corrupted/100k_blur_15x15_s5/train/T013192.png,data/corrupted/100k_blur_15x15_s5/train/T013192.png,6514,LOW,5%,1
T013214,194320,3118,data/corrupted/100k_blur_15x15_s5/train/T013214.png,data/corrupted/100k_blur_15x15_s5/train/T013214.png,5982,LOW,5%,1
T013253,211851,3503,data/corrupted/100k_blur_15x15_s5/train/T013253.png,data/corrupted/100k_blur_15x15_s5/train/T013253.png,1755,LOW,5%,1
T013259,211702,3503,data/corrupted/100k_blur_15x15_s5/train/T013259.png,data/corrupted/100k_blur_15x15_s5/train/T013259.png,2165,LOW,5%,1
T013268,211787,3503,data/corrupted/100k_blur_15x15_s5/train/T013268.png,data/corrupted/100k_blur_15x15_s5/train/T013268.png,5065,LOW,5%,1
T013269,211699,3503,data/corrupted/100k_blur_15x15_s5/train/T013269.png,data/corrupted/100k_blur_15x15_s5/train/T013269.png,5287,LOW,5%,1
T013272,211803,3503,data/corrupted/100k_blur_15x15_s5/train/T013272.png,data/corrupted/100k_blur_15x15_s5/train/T013272.png,5312,LOW,5%,1
T013278,211765,3503,data/corrupted/100k_blur_15x15_s5/train/T013278.png,data/corrupted/100k_blur_15x15_s5/train/T013278.png,1337,LOW,5%,1
T013288,211715,3503,data/corrupted/100k_blur_15x15_s5/train/T013288.png,data/corrupted/100k_blur_15x15_s5/train/T013288.png,3088,LOW,5%,1
T013294,211786,3503,data/corrupted/100k_blur_15x15_s5/train/T013294.png,data/corrupted/100k_blur_15x15_s5/train/T013294.png,5094,LOW,5%,1
T013318,356433,6682,data/corrupted/100k_blur_15x15_s5/train/T013318.png,data/corrupted/100k_blur_15x15_s5/train/T013318.png,6575,LOW,5%,1
T013327,356366,6682,data/corrupted/100k_blur_15x15_s5/train/T013327.png,data/corrupted/100k_blur_15x15_s5/train/T013327.png,8399,LOW,5%,1
T013340,356536,6682,data/corrupted/100k_blur_15x15_s5/train/T013340.png,data/corrupted/100k_blur_15x15_s5/train/T013340.png,2646,LOW,5%,1
T013358,24435,198,data/corrupted/100k_blur_15x15_s5/train/T013358.png,data/corrupted/100k_blur_15x15_s5/train/T013358.png,244,LOW,5%,1
T013360,24593,198,data/corrupted/100k_blur_15x15_s5/train/T013360.png,data/corrupted/100k_blur_15x15_s5/train/T013360.png,7069,LOW,5%,1
T013367,24566,198,data/corrupted/100k_blur_15x15_s5/train/T013367.png,data/corrupted/100k_blur_15x15_s5/train/T013367.png,684,LOW,5%,1
T013383,24470,198,data/corrupted/100k_blur_15x15_s5/train/T013383.png,data/corrupted/100k_blur_15x15_s5/train/T013383.png,435,LOW,5%,1
T013407,100124,1222,data/corrupted/100k_blur_15x15_s5/train/T013407.png,data/corrupted/100k_blur_15x15_s5/train/T013407.png,4393,LOW,5%,1
T013411,100046,1222,data/corrupted/100k_blur_15x15_s5/train/T013411.png,data/corrupted/100k_blur_15x15_s5/train/T013411.png,3224,LOW,5%,1
T013415,100169,1222,data/corrupted/100k_blur_15x15_s5/train/T013415.png,data/corrupted/100k_blur_15x15_s5/train/T013415.png,7845,LOW,5%,1
T013504,135099,1918,data/corrupted/100k_blur_15x15_s5/train/T013504.png,data/corrupted/100k_blur_15x15_s5/train/T013504.png,595,LOW,5%,1
T013529,135040,1918,data/corrupted/100k_blur_15x15_s5/train/T013529.png,data/corrupted/100k_blur_15x15_s5/train/T013529.png,4151,LOW,5%,1
T013546,135105,1918,data/corrupted/100k_blur_15x15_s5/train/T013546.png,data/corrupted/100k_blur_15x15_s5/train/T013546.png,2243,LOW,5%,1
T013577,381455,7300,data/corrupted/100k_blur_15x15_s5/train/T013577.png,data/corrupted/100k_blur_15x15_s5/train/T013577.png,7167,LOW,5%,1
T013598,381468,7300,data/corrupted/100k_blur_15x15_s5/train/T013598.png,data/corrupted/100k_blur_15x15_s5/train/T013598.png,4393,LOW,5%,1
T013618,431661,8700,data/corrupted/100k_blur_15x15_s5/train/T013618.png,data/corrupted/100k_blur_15x15_s5/train/T013618.png,2650,LOW,5%,1
T013651,228459,3884,data/corrupted/100k_blur_15x15_s5/train/T013651.png,data/corrupted/100k_blur_15x15_s5/train/T013651.png,2549,LOW,5%,1
T013654,228521,3884,data/corrupted/100k_blur_15x15_s5/train/T013654.png,data/corrupted/100k_blur_15x15_s5/train/T013654.png,365,LOW,5%,1
T013656,228482,3884,data/corrupted/100k_blur_15x15_s5/train/T013656.png,data/corrupted/100k_blur_15x15_s5/train/T013656.png,4847,LOW,5%,1
T013657,228582,3884,data/corrupted/100k_blur_15x15_s5/train/T013657.png,data/corrupted/100k_blur_15x15_s5/train/T013657.png,8617,LOW,5%,1
T013659,228468,3884,data/corrupted/100k_blur_15x15_s5/train/T013659.png,data/corrupted/100k_blur_15x15_s5/train/T013659.png,2707,LOW,5%,1
T013664,228447,3884,data/corrupted/100k_blur_15x15_s5/train/T013664.png,data/corrupted/100k_blur_15x15_s5/train/T013664.png,3524,LOW,5%,1
T013691,228530,3884,data/corrupted/100k_blur_15x15_s5/train/T013691.png,data/corrupted/100k_blur_15x15_s5/train/T013691.png,5322,LOW,5%,1
T013702,206918,3407,data/corrupted/100k_blur_15x15_s5/train/T013702.png,data/corrupted/100k_blur_15x15_s5/train/T013702.png,412,LOW,5%,1
T013723,206860,3407,data/corrupted/100k_blur_15x15_s5/train/T013723.png,data/corrupted/100k_blur_15x15_s5/train/T013723.png,1306,LOW,5%,1
T013738,207040,3407,data/corrupted/100k_blur_15x15_s5/train/T013738.png,data/corrupted/100k_blur_15x15_s5/train/T013738.png,858,LOW,5%,1
T013742,206955,3407,data/corrupted/100k_blur_15x15_s5/train/T013742.png,data/corrupted/100k_blur_15x15_s5/train/T013742.png,3006,LOW,5%,1
T013783,432093,8712,data/corrupted/100k_blur_15x15_s5/train/T013783.png,data/corrupted/100k_blur_15x15_s5/train/T013783.png,1250,LOW,5%,1
T013798,432084,8712,data/corrupted/100k_blur_15x15_s5/train/T013798.png,data/corrupted/100k_blur_15x15_s5/train/T013798.png,464,LOW,5%,1
T013810,342327,6349,data/corrupted/100k_blur_15x15_s5/train/T013810.png,data/corrupted/100k_blur_15x15_s5/train/T013810.png,5436,LOW,5%,1
T013826,342463,6349,data/corrupted/100k_blur_15x15_s5/train/T013826.png,data/corrupted/100k_blur_15x15_s5/train/T013826.png,1039,LOW,5%,1
T013829,342395,6349,data/corrupted/100k_blur_15x15_s5/train/T013829.png,data/corrupted/100k_blur_15x15_s5/train/T013829.png,2023,LOW,5%,1
T013844,342429,6349,data/corrupted/100k_blur_15x15_s5/train/T013844.png,data/corrupted/100k_blur_15x15_s5/train/T013844.png,9941,LOW,5%,1
T013851,30560,254,data/corrupted/100k_blur_15x15_s5/train/T013851.png,data/corrupted/100k_blur_15x15_s5/train/T013851.png,341,LOW,5%,1
T013855,30430,254,data/corrupted/100k_blur_15x15_s5/train/T013855.png,data/corrupted/100k_blur_15x15_s5/train/T013855.png,7031,LOW,5%,1
T013870,30550,254,data/corrupted/100k_blur_15x15_s5/train/T013870.png,data/corrupted/100k_blur_15x15_s5/train/T013870.png,573,LOW,5%,1
T013893,30519,254,data/corrupted/100k_blur_15x15_s5/train/T013893.png,data/corrupted/100k_blur_15x15_s5/train/T013893.png,4312,LOW,5%,1
T013901,53349,562,data/corrupted/100k_blur_15x15_s5/train/T013901.png,data/corrupted/100k_blur_15x15_s5/train/T013901.png,1523,LOW,5%,1
T013907,53474,562,data/corrupted/100k_blur_15x15_s5/train/T013907.png,data/corrupted/100k_blur_15x15_s5/train/T013907.png,2510,LOW,5%,1
T013939,53454,562,data/corrupted/100k_blur_15x15_s5/train/T013939.png,data/corrupted/100k_blur_15x15_s5/train/T013939.png,2526,LOW,5%,1
T013953,183071,2875,data/corrupted/100k_blur_15x15_s5/train/T013953.png,data/corrupted/100k_blur_15x15_s5/train/T013953.png,2374,LOW,5%,1
T013971,183086,2875,data/corrupted/100k_blur_15x15_s5/train/T013971.png,data/corrupted/100k_blur_15x15_s5/train/T013971.png,5048,LOW,5%,1
T013999,183157,2875,data/corrupted/100k_blur_15x15_s5/train/T013999.png,data/corrupted/100k_blur_15x15_s5/train/T013999.png,5048,LOW,5%,1
T014011,280899,5015,data/corrupted/100k_blur_15x15_s5/train/T014011.png,data/corrupted/100k_blur_15x15_s5/train/T014011.png,3989,LOW,5%,1
T014042,280981,5015,data/corrupted/100k_blur_15x15_s5/train/T014042.png,data/corrupted/100k_blur_15x15_s5/train/T014042.png,159,LOW,5%,1
T014050,286243,5120,data/corrupted/100k_blur_15x15_s5/train/T014050.png,data/corrupted/100k_blur_15x15_s5/train/T014050.png,4207,LOW,5%,1
T014053,286333,5120,data/corrupted/100k_blur_15x15_s5/train/T014053.png,data/corrupted/100k_blur_15x15_s5/train/T014053.png,6079,LOW,5%,1
T014070,286307,5120,data/corrupted/100k_blur_15x15_s5/train/T014070.png,data/corrupted/100k_blur_15x15_s5/train/T014070.png,1131,LOW,5%,1
T014093,286279,5120,data/corrupted/100k_blur_15x15_s5/train/T014093.png,data/corrupted/100k_blur_15x15_s5/train/T014093.png,5364,LOW,5%,1
T014108,385773,7402,data/corrupted/100k_blur_15x15_s5/train/T014108.png,data/corrupted/100k_blur_15x15_s5/train/T014108.png,3450,LOW,5%,1
T014154,133114,1867,data/corrupted/100k_blur_15x15_s5/train/T014154.png,data/corrupted/100k_blur_15x15_s5/train/T014154.png,8381,LOW,5%,1
T014221,40356,385,data/corrupted/100k_blur_15x15_s5/train/T014221.png,data/corrupted/100k_blur_15x15_s5/train/T014221.png,2733,LOW,5%,1
T014224,40201,385,data/corrupted/100k_blur_15x15_s5/train/T014224.png,data/corrupted/100k_blur_15x15_s5/train/T014224.png,2059,LOW,5%,1
T014236,40248,385,data/corrupted/100k_blur_15x15_s5/train/T014236.png,data/corrupted/100k_blur_15x15_s5/train/T014236.png,480,LOW,5%,1
T014252,46791,473,data/corrupted/100k_blur_15x15_s5/train/T014252.png,data/corrupted/100k_blur_15x15_s5/train/T014252.png,764,LOW,5%,1
T014256,46730,473,data/corrupted/100k_blur_15x15_s5/train/T014256.png,data/corrupted/100k_blur_15x15_s5/train/T014256.png,3609,LOW,5%,1
T014257,46725,473,data/corrupted/100k_blur_15x15_s5/train/T014257.png,data/corrupted/100k_blur_15x15_s5/train/T014257.png,1240,LOW,5%,1
T014260,46716,473,data/corrupted/100k_blur_15x15_s5/train/T014260.png,data/corrupted/100k_blur_15x15_s5/train/T014260.png,3973,LOW,5%,1
T014268,46649,473,data/corrupted/100k_blur_15x15_s5/train/T014268.png,data/corrupted/100k_blur_15x15_s5/train/T014268.png,6238,LOW,5%,1
T014278,46691,473,data/corrupted/100k_blur_15x15_s5/train/T014278.png,data/corrupted/100k_blur_15x15_s5/train/T014278.png,210,LOW,5%,1
T014295,46666,473,data/corrupted/100k_blur_15x15_s5/train/T014295.png,data/corrupted/100k_blur_15x15_s5/train/T014295.png,1499,LOW,5%,1
T014303,58606,638,data/corrupted/100k_blur_15x15_s5/train/T014303.png,data/corrupted/100k_blur_15x15_s5/train/T014303.png,2314,LOW,5%,1
T014332,58720,638,data/corrupted/100k_blur_15x15_s5/train/T014332.png,data/corrupted/100k_blur_15x15_s5/train/T014332.png,172,LOW,5%,1
T014362,371146,7030,data/corrupted/100k_blur_15x15_s5/train/T014362.png,data/corrupted/100k_blur_15x15_s5/train/T014362.png,4376,LOW,5%,1
T014373,371278,7030,data/corrupted/100k_blur_15x15_s5/train/T014373.png,data/corrupted/100k_blur_15x15_s5/train/T014373.png,6750,LOW,5%,1
T014375,371173,7030,data/corrupted/100k_blur_15x15_s5/train/T014375.png,data/corrupted/100k_blur_15x15_s5/train/T014375.png,2600,LOW,5%,1
T014418,160232,2432,data/corrupted/100k_blur_15x15_s5/train/T014418.png,data/corrupted/100k_blur_15x15_s5/train/T014418.png,1130,LOW,5%,1
T014457,334126,6181,data/corrupted/100k_blur_15x15_s5/train/T014457.png,data/corrupted/100k_blur_15x15_s5/train/T014457.png,8496,LOW,5%,1
T014460,334052,6181,data/corrupted/100k_blur_15x15_s5/train/T014460.png,data/corrupted/100k_blur_15x15_s5/train/T014460.png,5812,LOW,5%,1
T014470,334117,6181,data/corrupted/100k_blur_15x15_s5/train/T014470.png,data/corrupted/100k_blur_15x15_s5/train/T014470.png,5026,LOW,5%,1
T014473,334075,6181,data/corrupted/100k_blur_15x15_s5/train/T014473.png,data/corrupted/100k_blur_15x15_s5/train/T014473.png,8663,LOW,5%,1
T014486,334083,6181,data/corrupted/100k_blur_15x15_s5/train/T014486.png,data/corrupted/100k_blur_15x15_s5/train/T014486.png,3588,LOW,5%,1
T014496,333991,6181,data/corrupted/100k_blur_15x15_s5/train/T014496.png,data/corrupted/100k_blur_15x15_s5/train/T014496.png,243,LOW,5%,1
T014545,472905,9940,data/corrupted/100k_blur_15x15_s5/train/T014545.png,data/corrupted/100k_blur_15x15_s5/train/T014545.png,7665,LOW,5%,1
T014554,6412,36,data/corrupted/100k_blur_15x15_s5/train/T014554.png,data/corrupted/100k_blur_15x15_s5/train/T014554.png,464,LOW,5%,1
T014586,6435,36,data/corrupted/100k_blur_15x15_s5/train/T014586.png,data/corrupted/100k_blur_15x15_s5/train/T014586.png,1876,LOW,5%,1
T014597,6467,36,data/corrupted/100k_blur_15x15_s5/train/T014597.png,data/corrupted/100k_blur_15x15_s5/train/T014597.png,2004,LOW,5%,1
T014629,334631,6193,data/corrupted/100k_blur_15x15_s5/train/T014629.png,data/corrupted/100k_blur_15x15_s5/train/T014629.png,3153,LOW,5%,1
T014637,334566,6193,data/corrupted/100k_blur_15x15_s5/train/T014637.png,data/corrupted/100k_blur_15x15_s5/train/T014637.png,2656,LOW,5%,1
T014655,19941,157,data/corrupted/100k_blur_15x15_s5/train/T014655.png,data/corrupted/100k_blur_15x15_s5/train/T014655.png,9638,LOW,5%,1
T014671,19958,157,data/corrupted/100k_blur_15x15_s5/train/T014671.png,data/corrupted/100k_blur_15x15_s5/train/T014671.png,173,LOW,5%,1
T014690,19962,157,data/corrupted/100k_blur_15x15_s5/train/T014690.png,data/corrupted/100k_blur_15x15_s5/train/T014690.png,6151,LOW,5%,1
T014695,19831,157,data/corrupted/100k_blur_15x15_s5/train/T014695.png,data/corrupted/100k_blur_15x15_s5/train/T014695.png,9118,LOW,5%,1
T014706,66824,774,data/corrupted/100k_blur_15x15_s5/train/T014706.png,data/corrupted/100k_blur_15x15_s5/train/T014706.png,3759,LOW,5%,1
T014707,66865,774,data/corrupted/100k_blur_15x15_s5/train/T014707.png,data/corrupted/100k_blur_15x15_s5/train/T014707.png,581,LOW,5%,1
T014757,202913,3326,data/corrupted/100k_blur_15x15_s5/train/T014757.png,data/corrupted/100k_blur_15x15_s5/train/T014757.png,6747,LOW,5%,1
T014774,202834,3326,data/corrupted/100k_blur_15x15_s5/train/T014774.png,data/corrupted/100k_blur_15x15_s5/train/T014774.png,3274,LOW,5%,1
T014785,203008,3326,data/corrupted/100k_blur_15x15_s5/train/T014785.png,data/corrupted/100k_blur_15x15_s5/train/T014785.png,3114,LOW,5%,1
T014832,39609,378,data/corrupted/100k_blur_15x15_s5/train/T014832.png,data/corrupted/100k_blur_15x15_s5/train/T014832.png,413,LOW,5%,1
T014867,45357,458,data/corrupted/100k_blur_15x15_s5/train/T014867.png,data/corrupted/100k_blur_15x15_s5/train/T014867.png,2966,LOW,5%,1
T014872,45443,458,data/corrupted/100k_blur_15x15_s5/train/T014872.png,data/corrupted/100k_blur_15x15_s5/train/T014872.png,7411,LOW,5%,1
T014895,45491,458,data/corrupted/100k_blur_15x15_s5/train/T014895.png,data/corrupted/100k_blur_15x15_s5/train/T014895.png,3351,LOW,5%,1
T014904,448807,9199,data/corrupted/100k_blur_15x15_s5/train/T014904.png,data/corrupted/100k_blur_15x15_s5/train/T014904.png,2112,LOW,5%,1
T014913,448835,9199,data/corrupted/100k_blur_15x15_s5/train/T014913.png,data/corrupted/100k_blur_15x15_s5/train/T014913.png,6045,LOW,5%,1
T014915,448776,9199,data/corrupted/100k_blur_15x15_s5/train/T014915.png,data/corrupted/100k_blur_15x15_s5/train/T014915.png,4955,LOW,5%,1
T014963,16778,128,data/corrupted/100k_blur_15x15_s5/train/T014963.png,data/corrupted/100k_blur_15x15_s5/train/T014963.png,1867,LOW,5%,1
T014996,16770,128,data/corrupted/100k_blur_15x15_s5/train/T014996.png,data/corrupted/100k_blur_15x15_s5/train/T014996.png,1838,LOW,5%,1
T015093,250905,4347,data/corrupted/100k_blur_15x15_s5/train/T015093.png,data/corrupted/100k_blur_15x15_s5/train/T015093.png,3491,LOW,5%,1
T015112,5690,33,data/corrupted/100k_blur_15x15_s5/train/T015112.png,data/corrupted/100k_blur_15x15_s5/train/T015112.png,177,LOW,5%,1
T015148,5861,33,data/corrupted/100k_blur_15x15_s5/train/T015148.png,data/corrupted/100k_blur_15x15_s5/train/T015148.png,2271,LOW,5%,1
T015159,50439,524,data/corrupted/100k_blur_15x15_s5/train/T015159.png,data/corrupted/100k_blur_15x15_s5/train/T015159.png,8664,LOW,5%,1
T015221,69414,821,data/corrupted/100k_blur_15x15_s5/train/T015221.png,data/corrupted/100k_blur_15x15_s5/train/T015221.png,2059,LOW,5%,1
T015223,69371,821,data/corrupted/100k_blur_15x15_s5/train/T015223.png,data/corrupted/100k_blur_15x15_s5/train/T015223.png,6172,LOW,5%,1
T015245,69374,821,data/corrupted/100k_blur_15x15_s5/train/T015245.png,data/corrupted/100k_blur_15x15_s5/train/T015245.png,7987,LOW,5%,1
T015325,7216,38,data/corrupted/100k_blur_15x15_s5/train/T015325.png,data/corrupted/100k_blur_15x15_s5/train/T015325.png,4649,LOW,5%,1
T015331,7289,38,data/corrupted/100k_blur_15x15_s5/train/T015331.png,data/corrupted/100k_blur_15x15_s5/train/T015331.png,2042,LOW,5%,1
T015338,7140,38,data/corrupted/100k_blur_15x15_s5/train/T015338.png,data/corrupted/100k_blur_15x15_s5/train/T015338.png,637,LOW,5%,1
T015345,7202,38,data/corrupted/100k_blur_15x15_s5/train/T015345.png,data/corrupted/100k_blur_15x15_s5/train/T015345.png,6622,LOW,5%,1
T015380,10280,58,data/corrupted/100k_blur_15x15_s5/train/T015380.png,data/corrupted/100k_blur_15x15_s5/train/T015380.png,943,LOW,5%,1
T015387,10185,58,data/corrupted/100k_blur_15x15_s5/train/T015387.png,data/corrupted/100k_blur_15x15_s5/train/T015387.png,3516,LOW,5%,1
T015405,437638,8857,data/corrupted/100k_blur_15x15_s5/train/T015405.png,data/corrupted/100k_blur_15x15_s5/train/T015405.png,10231,LOW,5%,1
T015420,437657,8857,data/corrupted/100k_blur_15x15_s5/train/T015420.png,data/corrupted/100k_blur_15x15_s5/train/T015420.png,637,LOW,5%,1
T015432,437780,8857,data/corrupted/100k_blur_15x15_s5/train/T015432.png,data/corrupted/100k_blur_15x15_s5/train/T015432.png,966,LOW,5%,1
T015437,437769,8857,data/corrupted/100k_blur_15x15_s5/train/T015437.png,data/corrupted/100k_blur_15x15_s5/train/T015437.png,4325,LOW,5%,1
T015444,437713,8857,data/corrupted/100k_blur_15x15_s5/train/T015444.png,data/corrupted/100k_blur_15x15_s5/train/T015444.png,2,LOW,5%,1
T015466,47316,477,data/corrupted/100k_blur_15x15_s5/train/T015466.png,data/corrupted/100k_blur_15x15_s5/train/T015466.png,6573,LOW,5%,1
T015468,47398,477,data/corrupted/100k_blur_15x15_s5/train/T015468.png,data/corrupted/100k_blur_15x15_s5/train/T015468.png,5042,LOW,5%,1
T015469,47244,477,data/corrupted/100k_blur_15x15_s5/train/T015469.png,data/corrupted/100k_blur_15x15_s5/train/T015469.png,9118,LOW,5%,1
T015480,47304,477,data/corrupted/100k_blur_15x15_s5/train/T015480.png,data/corrupted/100k_blur_15x15_s5/train/T015480.png,10122,LOW,5%,1
T015494,47358,477,data/corrupted/100k_blur_15x15_s5/train/T015494.png,data/corrupted/100k_blur_15x15_s5/train/T015494.png,5769,LOW,5%,1
T015498,47359,477,data/corrupted/100k_blur_15x15_s5/train/T015498.png,data/corrupted/100k_blur_15x15_s5/train/T015498.png,71,LOW,5%,1
T015499,47332,477,data/corrupted/100k_blur_15x15_s5/train/T015499.png,data/corrupted/100k_blur_15x15_s5/train/T015499.png,3467,LOW,5%,1
T015556,299386,5416,data/corrupted/100k_blur_15x15_s5/train/T015556.png,data/corrupted/100k_blur_15x15_s5/train/T015556.png,1802,LOW,5%,1
T015574,299296,5416,data/corrupted/100k_blur_15x15_s5/train/T015574.png,data/corrupted/100k_blur_15x15_s5/train/T015574.png,3296,LOW,5%,1
T015575,299419,5416,data/corrupted/100k_blur_15x15_s5/train/T015575.png,data/corrupted/100k_blur_15x15_s5/train/T015575.png,85,LOW,5%,1
T015599,299272,5416,data/corrupted/100k_blur_15x15_s5/train/T015599.png,data/corrupted/100k_blur_15x15_s5/train/T015599.png,3690,LOW,5%,1
T015619,357880,6709,data/corrupted/100k_blur_15x15_s5/train/T015619.png,data/corrupted/100k_blur_15x15_s5/train/T015619.png,258,LOW,5%,1
T015621,357978,6709,data/corrupted/100k_blur_15x15_s5/train/T015621.png,data/corrupted/100k_blur_15x15_s5/train/T015621.png,311,LOW,5%,1
T015632,357826,6709,data/corrupted/100k_blur_15x15_s5/train/T015632.png,data/corrupted/100k_blur_15x15_s5/train/T015632.png,4762,LOW,5%,1
T015652,113222,1457,data/corrupted/100k_blur_15x15_s5/train/T015652.png,data/corrupted/100k_blur_15x15_s5/train/T015652.png,7226,LOW,5%,1
T015697,113280,1457,data/corrupted/100k_blur_15x15_s5/train/T015697.png,data/corrupted/100k_blur_15x15_s5/train/T015697.png,6059,LOW,5%,1
T015711,21641,174,data/corrupted/100k_blur_15x15_s5/train/T015711.png,data/corrupted/100k_blur_15x15_s5/train/T015711.png,3139,LOW,5%,1
T015805,161647,2446,data/corrupted/100k_blur_15x15_s5/train/T015805.png,data/corrupted/100k_blur_15x15_s5/train/T015805.png,975,LOW,5%,1
T015816,161760,2446,data/corrupted/100k_blur_15x15_s5/train/T015816.png,data/corrupted/100k_blur_15x15_s5/train/T015816.png,2194,LOW,5%,1
T015851,212741,3520,data/corrupted/100k_blur_15x15_s5/train/T015851.png,data/corrupted/100k_blur_15x15_s5/train/T015851.png,6594,LOW,5%,1
T015891,212704,3520,data/corrupted/100k_blur_15x15_s5/train/T015891.png,data/corrupted/100k_blur_15x15_s5/train/T015891.png,9833,LOW,5%,1
T015921,436090,8819,data/corrupted/100k_blur_15x15_s5/train/T015921.png,data/corrupted/100k_blur_15x15_s5/train/T015921.png,5656,LOW,5%,1
T015946,436078,8819,data/corrupted/100k_blur_15x15_s5/train/T015946.png,data/corrupted/100k_blur_15x15_s5/train/T015946.png,1202,LOW,5%,1
T015947,436208,8819,data/corrupted/100k_blur_15x15_s5/train/T015947.png,data/corrupted/100k_blur_15x15_s5/train/T015947.png,2787,LOW,5%,1
T015963,29603,245,data/corrupted/100k_blur_15x15_s5/train/T015963.png,data/corrupted/100k_blur_15x15_s5/train/T015963.png,4207,LOW,5%,1
T015968,29720,245,data/corrupted/100k_blur_15x15_s5/train/T015968.png,data/corrupted/100k_blur_15x15_s5/train/T015968.png,3052,LOW,5%,1
T016062,99677,1215,data/corrupted/100k_blur_15x15_s5/train/T016062.png,data/corrupted/100k_blur_15x15_s5/train/T016062.png,8542,LOW,5%,1
T016069,99644,1215,data/corrupted/100k_blur_15x15_s5/train/T016069.png,data/corrupted/100k_blur_15x15_s5/train/T016069.png,1422,LOW,5%,1
T016077,99640,1215,data/corrupted/100k_blur_15x15_s5/train/T016077.png,data/corrupted/100k_blur_15x15_s5/train/T016077.png,587,LOW,5%,1
T016140,215237,3591,data/corrupted/100k_blur_15x15_s5/train/T016140.png,data/corrupted/100k_blur_15x15_s5/train/T016140.png,6063,LOW,5%,1
T016141,215326,3591,data/corrupted/100k_blur_15x15_s5/train/T016141.png,data/corrupted/100k_blur_15x15_s5/train/T016141.png,2417,LOW,5%,1
T016168,230197,3927,data/corrupted/100k_blur_15x15_s5/train/T016168.png,data/corrupted/100k_blur_15x15_s5/train/T016168.png,2240,LOW,5%,1
T016170,230261,3927,data/corrupted/100k_blur_15x15_s5/train/T016170.png,data/corrupted/100k_blur_15x15_s5/train/T016170.png,238,LOW,5%,1
T016178,230289,3927,data/corrupted/100k_blur_15x15_s5/train/T016178.png,data/corrupted/100k_blur_15x15_s5/train/T016178.png,4139,LOW,5%,1
T016181,230189,3927,data/corrupted/100k_blur_15x15_s5/train/T016181.png,data/corrupted/100k_blur_15x15_s5/train/T016181.png,340,LOW,5%,1
T016195,230302,3927,data/corrupted/100k_blur_15x15_s5/train/T016195.png,data/corrupted/100k_blur_15x15_s5/train/T016195.png,2710,LOW,5%,1
T016216,295280,5320,data/corrupted/100k_blur_15x15_s5/train/T016216.png,data/corrupted/100k_blur_15x15_s5/train/T016216.png,6370,LOW,5%,1
T016226,295297,5320,data/corrupted/100k_blur_15x15_s5/train/T016226.png,data/corrupted/100k_blur_15x15_s5/train/T016226.png,3936,LOW,5%,1
T016276,20393,165,data/corrupted/100k_blur_15x15_s5/train/T016276.png,data/corrupted/100k_blur_15x15_s5/train/T016276.png,562,LOW,5%,1
T016284,20277,165,data/corrupted/100k_blur_15x15_s5/train/T016284.png,data/corrupted/100k_blur_15x15_s5/train/T016284.png,179,LOW,5%,1
T016328,72519,868,data/corrupted/100k_blur_15x15_s5/train/T016328.png,data/corrupted/100k_blur_15x15_s5/train/T016328.png,1398,LOW,5%,1
T016406,12847,84,data/corrupted/100k_blur_15x15_s5/train/T016406.png,data/corrupted/100k_blur_15x15_s5/train/T016406.png,473,LOW,5%,1
T016417,12730,84,data/corrupted/100k_blur_15x15_s5/train/T016417.png,data/corrupted/100k_blur_15x15_s5/train/T016417.png,2786,LOW,5%,1
T016455,30156,251,data/corrupted/100k_blur_15x15_s5/train/T016455.png,data/corrupted/100k_blur_15x15_s5/train/T016455.png,4724,LOW,5%,1
T016465,30306,251,data/corrupted/100k_blur_15x15_s5/train/T016465.png,data/corrupted/100k_blur_15x15_s5/train/T016465.png,2509,LOW,5%,1
T016493,30138,251,data/corrupted/100k_blur_15x15_s5/train/T016493.png,data/corrupted/100k_blur_15x15_s5/train/T016493.png,5927,LOW,5%,1
T016494,30218,251,data/corrupted/100k_blur_15x15_s5/train/T016494.png,data/corrupted/100k_blur_15x15_s5/train/T016494.png,233,LOW,5%,1
T016506,409731,8075,data/corrupted/100k_blur_15x15_s5/train/T016506.png,data/corrupted/100k_blur_15x15_s5/train/T016506.png,7913,LOW,5%,1
T016592,186601,2956,data/corrupted/100k_blur_15x15_s5/train/T016592.png,data/corrupted/100k_blur_15x15_s5/train/T016592.png,6520,LOW,5%,1
T016596,186546,2956,data/corrupted/100k_blur_15x15_s5/train/T016596.png,data/corrupted/100k_blur_15x15_s5/train/T016596.png,3016,LOW,5%,1
T016624,293074,5278,data/corrupted/100k_blur_15x15_s5/train/T016624.png,data/corrupted/100k_blur_15x15_s5/train/T016624.png,571,LOW,5%,1
T016648,293156,5278,data/corrupted/100k_blur_15x15_s5/train/T016648.png,data/corrupted/100k_blur_15x15_s5/train/T016648.png,1236,LOW,5%,1
T016703,434590,8778,data/corrupted/100k_blur_15x15_s5/train/T016703.png,data/corrupted/100k_blur_15x15_s5/train/T016703.png,4847,LOW,5%,1
T016723,434522,8778,data/corrupted/100k_blur_15x15_s5/train/T016723.png,data/corrupted/100k_blur_15x15_s5/train/T016723.png,6622,LOW,5%,1
T016755,9484,51,data/corrupted/100k_blur_15x15_s5/train/T016755.png,data/corrupted/100k_blur_15x15_s5/train/T016755.png,763,LOW,5%,1
T016767,9504,51,data/corrupted/100k_blur_15x15_s5/train/T016767.png,data/corrupted/100k_blur_15x15_s5/train/T016767.png,5926,LOW,5%,1
T016777,9564,51,data/corrupted/100k_blur_15x15_s5/train/T016777.png,data/corrupted/100k_blur_15x15_s5/train/T016777.png,5624,LOW,5%,1
T016785,9458,51,data/corrupted/100k_blur_15x15_s5/train/T016785.png,data/corrupted/100k_blur_15x15_s5/train/T016785.png,5048,LOW,5%,1
T016839,60596,659,data/corrupted/100k_blur_15x15_s5/train/T016839.png,data/corrupted/100k_blur_15x15_s5/train/T016839.png,5438,LOW,5%,1
T016840,60559,659,data/corrupted/100k_blur_15x15_s5/train/T016840.png,data/corrupted/100k_blur_15x15_s5/train/T016840.png,7801,LOW,5%,1
T016846,60469,659,data/corrupted/100k_blur_15x15_s5/train/T016846.png,data/corrupted/100k_blur_15x15_s5/train/T016846.png,5377,LOW,5%,1
T016879,135636,1931,data/corrupted/100k_blur_15x15_s5/train/T016879.png,data/corrupted/100k_blur_15x15_s5/train/T016879.png,4169,LOW,5%,1
T016898,135643,1931,data/corrupted/100k_blur_15x15_s5/train/T016898.png,data/corrupted/100k_blur_15x15_s5/train/T016898.png,118,LOW,5%,1
T016902,146882,2164,data/corrupted/100k_blur_15x15_s5/train/T016902.png,data/corrupted/100k_blur_15x15_s5/train/T016902.png,5678,LOW,5%,1
T016925,146887,2164,data/corrupted/100k_blur_15x15_s5/train/T016925.png,data/corrupted/100k_blur_15x15_s5/train/T016925.png,953,LOW,5%,1
T016932,146957,2164,data/corrupted/100k_blur_15x15_s5/train/T016932.png,data/corrupted/100k_blur_15x15_s5/train/T016932.png,2108,LOW,5%,1
T016954,223685,3761,data/corrupted/100k_blur_15x15_s5/train/T016954.png,data/corrupted/100k_blur_15x15_s5/train/T016954.png,6664,LOW,5%,1
T016979,223605,3761,data/corrupted/100k_blur_15x15_s5/train/T016979.png,data/corrupted/100k_blur_15x15_s5/train/T016979.png,10080,LOW,5%,1
T017008,306026,5549,data/corrupted/100k_blur_15x15_s5/train/T017008.png,data/corrupted/100k_blur_15x15_s5/train/T017008.png,5239,LOW,5%,1
T017057,306730,5563,data/corrupted/100k_blur_15x15_s5/train/T017057.png,data/corrupted/100k_blur_15x15_s5/train/T017057.png,1215,LOW,5%,1
T017066,306786,5563,data/corrupted/100k_blur_15x15_s5/train/T017066.png,data/corrupted/100k_blur_15x15_s5/train/T017066.png,3693,LOW,5%,1
T017069,306769,5563,data/corrupted/100k_blur_15x15_s5/train/T017069.png,data/corrupted/100k_blur_15x15_s5/train/T017069.png,9119,LOW,5%,1
T017071,306770,5563,data/corrupted/100k_blur_15x15_s5/train/T017071.png,data/corrupted/100k_blur_15x15_s5/train/T017071.png,881,LOW,5%,1
T017092,306745,5563,data/corrupted/100k_blur_15x15_s5/train/T017092.png,data/corrupted/100k_blur_15x15_s5/train/T017092.png,7991,LOW,5%,1
T017105,6255,35,data/corrupted/100k_blur_15x15_s5/train/T017105.png,data/corrupted/100k_blur_15x15_s5/train/T017105.png,168,LOW,5%,1
T017161,61378,673,data/corrupted/100k_blur_15x15_s5/train/T017161.png,data/corrupted/100k_blur_15x15_s5/train/T017161.png,386,LOW,5%,1
T017193,61294,673,data/corrupted/100k_blur_15x15_s5/train/T017193.png,data/corrupted/100k_blur_15x15_s5/train/T017193.png,5527,LOW,5%,1
T017202,208730,3434,data/corrupted/100k_blur_15x15_s5/train/T017202.png,data/corrupted/100k_blur_15x15_s5/train/T017202.png,819,LOW,5%,1
T017243,208721,3434,data/corrupted/100k_blur_15x15_s5/train/T017243.png,data/corrupted/100k_blur_15x15_s5/train/T017243.png,9124,LOW,5%,1
T017257,243559,4193,data/corrupted/100k_blur_15x15_s5/train/T017257.png,data/corrupted/100k_blur_15x15_s5/train/T017257.png,8088,LOW,5%,1
T017258,243536,4193,data/corrupted/100k_blur_15x15_s5/train/T017258.png,data/corrupted/100k_blur_15x15_s5/train/T017258.png,2964,LOW,5%,1
T017261,243537,4193,data/corrupted/100k_blur_15x15_s5/train/T017261.png,data/corrupted/100k_blur_15x15_s5/train/T017261.png,290,LOW,5%,1
T017275,243576,4193,data/corrupted/100k_blur_15x15_s5/train/T017275.png,data/corrupted/100k_blur_15x15_s5/train/T017275.png,3069,LOW,5%,1
T017276,243577,4193,data/corrupted/100k_blur_15x15_s5/train/T017276.png,data/corrupted/100k_blur_15x15_s5/train/T017276.png,4027,LOW,5%,1
T017279,243602,4193,data/corrupted/100k_blur_15x15_s5/train/T017279.png,data/corrupted/100k_blur_15x15_s5/train/T017279.png,5292,LOW,5%,1
T017302,259615,4508,data/corrupted/100k_blur_15x15_s5/train/T017302.png,data/corrupted/100k_blur_15x15_s5/train/T017302.png,284,LOW,5%,1
T017314,259539,4508,data/corrupted/100k_blur_15x15_s5/train/T017314.png,data/corrupted/100k_blur_15x15_s5/train/T017314.png,6023,LOW,5%,1
T017338,259618,4508,data/corrupted/100k_blur_15x15_s5/train/T017338.png,data/corrupted/100k_blur_15x15_s5/train/T017338.png,3470,LOW,5%,1
T017415,144333,2100,data/corrupted/100k_blur_15x15_s5/train/T017415.png,data/corrupted/100k_blur_15x15_s5/train/T017415.png,6261,LOW,5%,1
T017471,154939,2329,data/corrupted/100k_blur_15x15_s5/train/T017471.png,data/corrupted/100k_blur_15x15_s5/train/T017471.png,6890,LOW,5%,1
T017484,154762,2329,data/corrupted/100k_blur_15x15_s5/train/T017484.png,data/corrupted/100k_blur_15x15_s5/train/T017484.png,5879,LOW,5%,1
T017525,203920,3348,data/corrupted/100k_blur_15x15_s5/train/T017525.png,data/corrupted/100k_blur_15x15_s5/train/T017525.png,129,LOW,5%,1
T017552,260588,4537,data/corrupted/100k_blur_15x15_s5/train/T017552.png,data/corrupted/100k_blur_15x15_s5/train/T017552.png,1207,LOW,5%,1
T017592,260609,4537,data/corrupted/100k_blur_15x15_s5/train/T017592.png,data/corrupted/100k_blur_15x15_s5/train/T017592.png,2715,LOW,5%,1
T017632,263956,4622,data/corrupted/100k_blur_15x15_s5/train/T017632.png,data/corrupted/100k_blur_15x15_s5/train/T017632.png,1005,LOW,5%,1
T017672,76654,923,data/corrupted/100k_blur_15x15_s5/train/T017672.png,data/corrupted/100k_blur_15x15_s5/train/T017672.png,2166,LOW,5%,1
T017690,76494,923,data/corrupted/100k_blur_15x15_s5/train/T017690.png,data/corrupted/100k_blur_15x15_s5/train/T017690.png,1093,LOW,5%,1
T017691,76584,923,data/corrupted/100k_blur_15x15_s5/train/T017691.png,data/corrupted/100k_blur_15x15_s5/train/T017691.png,6960,LOW,5%,1
T017696,76612,923,data/corrupted/100k_blur_15x15_s5/train/T017696.png,data/corrupted/100k_blur_15x15_s5/train/T017696.png,7913,LOW,5%,1
T017717,42880,412,data/corrupted/100k_blur_15x15_s5/train/T017717.png,data/corrupted/100k_blur_15x15_s5/train/T017717.png,1031,LOW,5%,1
T017745,42812,412,data/corrupted/100k_blur_15x15_s5/train/T017745.png,data/corrupted/100k_blur_15x15_s5/train/T017745.png,2875,LOW,5%,1
T017753,325283,5987,data/corrupted/100k_blur_15x15_s5/train/T017753.png,data/corrupted/100k_blur_15x15_s5/train/T017753.png,370,LOW,5%,1
T017770,325210,5987,data/corrupted/100k_blur_15x15_s5/train/T017770.png,data/corrupted/100k_blur_15x15_s5/train/T017770.png,7601,LOW,5%,1
T017805,161591,2444,data/corrupted/100k_blur_15x15_s5/train/T017805.png,data/corrupted/100k_blur_15x15_s5/train/T017805.png,6193,LOW,5%,1
T017820,161470,2444,data/corrupted/100k_blur_15x15_s5/train/T017820.png,data/corrupted/100k_blur_15x15_s5/train/T017820.png,5744,LOW,5%,1
T017830,161465,2444,data/corrupted/100k_blur_15x15_s5/train/T017830.png,data/corrupted/100k_blur_15x15_s5/train/T017830.png,4732,LOW,5%,1
T017855,227566,3863,data/corrupted/100k_blur_15x15_s5/train/T017855.png,data/corrupted/100k_blur_15x15_s5/train/T017855.png,5987,LOW,5%,1
T017862,227559,3863,data/corrupted/100k_blur_15x15_s5/train/T017862.png,data/corrupted/100k_blur_15x15_s5/train/T017862.png,8198,LOW,5%,1
T017863,227619,3863,data/corrupted/100k_blur_15x15_s5/train/T017863.png,data/corrupted/100k_blur_15x15_s5/train/T017863.png,5708,LOW,5%,1
T017905,399644,7803,data/corrupted/100k_blur_15x15_s5/train/T017905.png,data/corrupted/100k_blur_15x15_s5/train/T017905.png,6840,LOW,5%,1
T017983,59704,654,data/corrupted/100k_blur_15x15_s5/train/T017983.png,data/corrupted/100k_blur_15x15_s5/train/T017983.png,4783,LOW,5%,1
T017992,59626,654,data/corrupted/100k_blur_15x15_s5/train/T017992.png,data/corrupted/100k_blur_15x15_s5/train/T017992.png,6558,LOW,5%,1
T018019,172479,2657,data/corrupted/100k_blur_15x15_s5/train/T018019.png,data/corrupted/100k_blur_15x15_s5/train/T018019.png,2000,LOW,5%,1
T018044,172364,2657,data/corrupted/100k_blur_15x15_s5/train/T018044.png,data/corrupted/100k_blur_15x15_s5/train/T018044.png,3517,LOW,5%,1
T018047,172420,2657,data/corrupted/100k_blur_15x15_s5/train/T018047.png,data/corrupted/100k_blur_15x15_s5/train/T018047.png,3954,LOW,5%,1
T018051,220854,3715,data/corrupted/100k_blur_15x15_s5/train/T018051.png,data/corrupted/100k_blur_15x15_s5/train/T018051.png,3398,LOW,5%,1
T018054,220844,3715,data/corrupted/100k_blur_15x15_s5/train/T018054.png,data/corrupted/100k_blur_15x15_s5/train/T018054.png,7120,LOW,5%,1
T018144,267669,4706,data/corrupted/100k_blur_15x15_s5/train/T018144.png,data/corrupted/100k_blur_15x15_s5/train/T018144.png,3871,LOW,5%,1
T018166,273548,4847,data/corrupted/100k_blur_15x15_s5/train/T018166.png,data/corrupted/100k_blur_15x15_s5/train/T018166.png,7432,LOW,5%,1
T018174,273563,4847,data/corrupted/100k_blur_15x15_s5/train/T018174.png,data/corrupted/100k_blur_15x15_s5/train/T018174.png,184,LOW,5%,1
T018205,34218,295,data/corrupted/100k_blur_15x15_s5/train/T018205.png,data/corrupted/100k_blur_15x15_s5/train/T018205.png,1866,LOW,5%,1
T018305,385158,7389,data/corrupted/100k_blur_15x15_s5/train/T018305.png,data/corrupted/100k_blur_15x15_s5/train/T018305.png,8859,LOW,5%,1
T018377,451217,9254,data/corrupted/100k_blur_15x15_s5/train/T018377.png,data/corrupted/100k_blur_15x15_s5/train/T018377.png,3154,LOW,5%,1
T018386,451264,9254,data/corrupted/100k_blur_15x15_s5/train/T018386.png,data/corrupted/100k_blur_15x15_s5/train/T018386.png,4949,LOW,5%,1
T018403,54793,585,data/corrupted/100k_blur_15x15_s5/train/T018403.png,data/corrupted/100k_blur_15x15_s5/train/T018403.png,8022,LOW,5%,1
T018434,54863,585,data/corrupted/100k_blur_15x15_s5/train/T018434.png,data/corrupted/100k_blur_15x15_s5/train/T018434.png,3863,LOW,5%,1
T018439,54836,585,data/corrupted/100k_blur_15x15_s5/train/T018439.png,data/corrupted/100k_blur_15x15_s5/train/T018439.png,2902,LOW,5%,1
T018452,87662,1056,data/corrupted/100k_blur_15x15_s5/train/T018452.png,data/corrupted/100k_blur_15x15_s5/train/T018452.png,4387,LOW,5%,1
T018453,87673,1056,data/corrupted/100k_blur_15x15_s5/train/T018453.png,data/corrupted/100k_blur_15x15_s5/train/T018453.png,1264,LOW,5%,1
T018454,87626,1056,data/corrupted/100k_blur_15x15_s5/train/T018454.png,data/corrupted/100k_blur_15x15_s5/train/T018454.png,2867,LOW,5%,1
T018461,87576,1056,data/corrupted/100k_blur_15x15_s5/train/T018461.png,data/corrupted/100k_blur_15x15_s5/train/T018461.png,6374,LOW,5%,1
T018469,87667,1056,data/corrupted/100k_blur_15x15_s5/train/T018469.png,data/corrupted/100k_blur_15x15_s5/train/T018469.png,3158,LOW,5%,1
T018491,87685,1056,data/corrupted/100k_blur_15x15_s5/train/T018491.png,data/corrupted/100k_blur_15x15_s5/train/T018491.png,3479,LOW,5%,1
T018492,87684,1056,data/corrupted/100k_blur_15x15_s5/train/T018492.png,data/corrupted/100k_blur_15x15_s5/train/T018492.png,2319,LOW,5%,1
T018521,214859,3585,data/corrupted/100k_blur_15x15_s5/train/T018521.png,data/corrupted/100k_blur_15x15_s5/train/T018521.png,2040,LOW,5%,1
T018544,214875,3585,data/corrupted/100k_blur_15x15_s5/train/T018544.png,data/corrupted/100k_blur_15x15_s5/train/T018544.png,3326,LOW,5%,1
T018567,354738,6638,data/corrupted/100k_blur_15x15_s5/train/T018567.png,data/corrupted/100k_blur_15x15_s5/train/T018567.png,2034,LOW,5%,1
T018620,355002,6647,data/corrupted/100k_blur_15x15_s5/train/T018620.png,data/corrupted/100k_blur_15x15_s5/train/T018620.png,6274,LOW,5%,1
T018679,65473,749,data/corrupted/100k_blur_15x15_s5/train/T018679.png,data/corrupted/100k_blur_15x15_s5/train/T018679.png,4969,LOW,5%,1
T018690,65398,749,data/corrupted/100k_blur_15x15_s5/train/T018690.png,data/corrupted/100k_blur_15x15_s5/train/T018690.png,6631,LOW,5%,1
T018748,119152,1574,data/corrupted/100k_blur_15x15_s5/train/T018748.png,data/corrupted/100k_blur_15x15_s5/train/T018748.png,2080,LOW,5%,1
T018753,155011,2331,data/corrupted/100k_blur_15x15_s5/train/T018753.png,data/corrupted/100k_blur_15x15_s5/train/T018753.png,275,LOW,5%,1
T018790,155052,2331,data/corrupted/100k_blur_15x15_s5/train/T018790.png,data/corrupted/100k_blur_15x15_s5/train/T018790.png,2938,LOW,5%,1
T018818,284626,5084,data/corrupted/100k_blur_15x15_s5/train/T018818.png,data/corrupted/100k_blur_15x15_s5/train/T018818.png,8855,LOW,5%,1
T018822,284676,5084,data/corrupted/100k_blur_15x15_s5/train/T018822.png,data/corrupted/100k_blur_15x15_s5/train/T018822.png,6271,LOW,5%,1
T018828,284534,5084,data/corrupted/100k_blur_15x15_s5/train/T018828.png,data/corrupted/100k_blur_15x15_s5/train/T018828.png,1188,LOW,5%,1
T018869,297230,5366,data/corrupted/100k_blur_15x15_s5/train/T018869.png,data/corrupted/100k_blur_15x15_s5/train/T018869.png,5326,LOW,5%,1
T018889,297349,5366,data/corrupted/100k_blur_15x15_s5/train/T018889.png,data/corrupted/100k_blur_15x15_s5/train/T018889.png,677,LOW,5%,1
T018930,129718,1801,data/corrupted/100k_blur_15x15_s5/train/T018930.png,data/corrupted/100k_blur_15x15_s5/train/T018930.png,372,LOW,5%,1
T018941,129698,1801,data/corrupted/100k_blur_15x15_s5/train/T018941.png,data/corrupted/100k_blur_15x15_s5/train/T018941.png,5549,LOW,5%,1
T018969,220603,3708,data/corrupted/100k_blur_15x15_s5/train/T018969.png,data/corrupted/100k_blur_15x15_s5/train/T018969.png,4111,LOW,5%,1
T018978,220671,3708,data/corrupted/100k_blur_15x15_s5/train/T018978.png,data/corrupted/100k_blur_15x15_s5/train/T018978.png,6090,LOW,5%,1
T018997,220661,3708,data/corrupted/100k_blur_15x15_s5/train/T018997.png,data/corrupted/100k_blur_15x15_s5/train/T018997.png,330,LOW,5%,1
T019006,222290,3741,data/corrupted/100k_blur_15x15_s5/train/T019006.png,data/corrupted/100k_blur_15x15_s5/train/T019006.png,980,LOW,5%,1
T019008,222332,3741,data/corrupted/100k_blur_15x15_s5/train/T019008.png,data/corrupted/100k_blur_15x15_s5/train/T019008.png,8532,LOW,5%,1
T019058,258564,4489,data/corrupted/100k_blur_15x15_s5/train/T019058.png,data/corrupted/100k_blur_15x15_s5/train/T019058.png,2549,LOW,5%,1
T019059,258633,4489,data/corrupted/100k_blur_15x15_s5/train/T019059.png,data/corrupted/100k_blur_15x15_s5/train/T019059.png,4215,LOW,5%,1
T019066,258627,4489,data/corrupted/100k_blur_15x15_s5/train/T019066.png,data/corrupted/100k_blur_15x15_s5/train/T019066.png,5736,LOW,5%,1
T019113,357288,6692,data/corrupted/100k_blur_15x15_s5/train/T019113.png,data/corrupted/100k_blur_15x15_s5/train/T019113.png,4790,LOW,5%,1
T019142,357309,6692,data/corrupted/100k_blur_15x15_s5/train/T019142.png,data/corrupted/100k_blur_15x15_s5/train/T019142.png,4431,LOW,5%,1
T019153,48555,496,data/corrupted/100k_blur_15x15_s5/train/T019153.png,data/corrupted/100k_blur_15x15_s5/train/T019153.png,1523,LOW,5%,1
T019161,48595,496,data/corrupted/100k_blur_15x15_s5/train/T019161.png,data/corrupted/100k_blur_15x15_s5/train/T019161.png,704,LOW,5%,1
T019163,48508,496,data/corrupted/100k_blur_15x15_s5/train/T019163.png,data/corrupted/100k_blur_15x15_s5/train/T019163.png,6970,LOW,5%,1
T019178,48523,496,data/corrupted/100k_blur_15x15_s5/train/T019178.png,data/corrupted/100k_blur_15x15_s5/train/T019178.png,3586,LOW,5%,1
T019231,288699,5177,data/corrupted/100k_blur_15x15_s5/train/T019231.png,data/corrupted/100k_blur_15x15_s5/train/T019231.png,5446,LOW,5%,1
T019242,288581,5177,data/corrupted/100k_blur_15x15_s5/train/T019242.png,data/corrupted/100k_blur_15x15_s5/train/T019242.png,4968,LOW,5%,1
T019253,353094,6602,data/corrupted/100k_blur_15x15_s5/train/T019253.png,data/corrupted/100k_blur_15x15_s5/train/T019253.png,3012,LOW,5%,1
T019264,353057,6602,data/corrupted/100k_blur_15x15_s5/train/T019264.png,data/corrupted/100k_blur_15x15_s5/train/T019264.png,2613,LOW,5%,1
T019278,353159,6602,data/corrupted/100k_blur_15x15_s5/train/T019278.png,data/corrupted/100k_blur_15x15_s5/train/T019278.png,319,LOW,5%,1
T019285,353044,6602,data/corrupted/100k_blur_15x15_s5/train/T019285.png,data/corrupted/100k_blur_15x15_s5/train/T019285.png,3761,LOW,5%,1
T019299,353152,6602,data/corrupted/100k_blur_15x15_s5/train/T019299.png,data/corrupted/100k_blur_15x15_s5/train/T019299.png,1194,LOW,5%,1
T019312,48990,509,data/corrupted/100k_blur_15x15_s5/train/T019312.png,data/corrupted/100k_blur_15x15_s5/train/T019312.png,7392,LOW,5%,1
T019314,48984,509,data/corrupted/100k_blur_15x15_s5/train/T019314.png,data/corrupted/100k_blur_15x15_s5/train/T019314.png,1811,LOW,5%,1
T019360,248819,4303,data/corrupted/100k_blur_15x15_s5/train/T019360.png,data/corrupted/100k_blur_15x15_s5/train/T019360.png,1286,LOW,5%,1
T019362,248945,4303,data/corrupted/100k_blur_15x15_s5/train/T019362.png,data/corrupted/100k_blur_15x15_s5/train/T019362.png,2023,LOW,5%,1
T019392,248942,4303,data/corrupted/100k_blur_15x15_s5/train/T019392.png,data/corrupted/100k_blur_15x15_s5/train/T019392.png,4387,LOW,5%,1
T019405,304415,5518,data/corrupted/100k_blur_15x15_s5/train/T019405.png,data/corrupted/100k_blur_15x15_s5/train/T019405.png,10,LOW,5%,1
T019406,304364,5518,data/corrupted/100k_blur_15x15_s5/train/T019406.png,data/corrupted/100k_blur_15x15_s5/train/T019406.png,4606,LOW,5%,1
T019407,304381,5518,data/corrupted/100k_blur_15x15_s5/train/T019407.png,data/corrupted/100k_blur_15x15_s5/train/T019407.png,7002,LOW,5%,1
T019481,130440,1811,data/corrupted/100k_blur_15x15_s5/train/T019481.png,data/corrupted/100k_blur_15x15_s5/train/T019481.png,319,LOW,5%,1
T019518,204931,3366,data/corrupted/100k_blur_15x15_s5/train/T019518.png,data/corrupted/100k_blur_15x15_s5/train/T019518.png,1168,LOW,5%,1
T019530,204891,3366,data/corrupted/100k_blur_15x15_s5/train/T019530.png,data/corrupted/100k_blur_15x15_s5/train/T019530.png,1286,LOW,5%,1
T019548,204929,3366,data/corrupted/100k_blur_15x15_s5/train/T019548.png,data/corrupted/100k_blur_15x15_s5/train/T019548.png,193,LOW,5%,1
T019558,251972,4364,data/corrupted/100k_blur_15x15_s5/train/T019558.png,data/corrupted/100k_blur_15x15_s5/train/T019558.png,8116,LOW,5%,1
T019559,252049,4364,data/corrupted/100k_blur_15x15_s5/train/T019559.png,data/corrupted/100k_blur_15x15_s5/train/T019559.png,3272,LOW,5%,1
T019574,252124,4364,data/corrupted/100k_blur_15x15_s5/train/T019574.png,data/corrupted/100k_blur_15x15_s5/train/T019574.png,1785,LOW,5%,1
T019598,252051,4364,data/corrupted/100k_blur_15x15_s5/train/T019598.png,data/corrupted/100k_blur_15x15_s5/train/T019598.png,7684,LOW,5%,1
T019611,403495,7913,data/corrupted/100k_blur_15x15_s5/train/T019611.png,data/corrupted/100k_blur_15x15_s5/train/T019611.png,5563,LOW,5%,1
T019613,403467,7913,data/corrupted/100k_blur_15x15_s5/train/T019613.png,data/corrupted/100k_blur_15x15_s5/train/T019613.png,3214,LOW,5%,1
T019615,403445,7913,data/corrupted/100k_blur_15x15_s5/train/T019615.png,data/corrupted/100k_blur_15x15_s5/train/T019615.png,4762,LOW,5%,1
T019616,403371,7913,data/corrupted/100k_blur_15x15_s5/train/T019616.png,data/corrupted/100k_blur_15x15_s5/train/T019616.png,8532,LOW,5%,1
T019634,403493,7913,data/corrupted/100k_blur_15x15_s5/train/T019634.png,data/corrupted/100k_blur_15x15_s5/train/T019634.png,4215,LOW,5%,1
T019654,122915,1655,data/corrupted/100k_blur_15x15_s5/train/T019654.png,data/corrupted/100k_blur_15x15_s5/train/T019654.png,6394,LOW,5%,1
T019656,122940,1655,data/corrupted/100k_blur_15x15_s5/train/T019656.png,data/corrupted/100k_blur_15x15_s5/train/T019656.png,3206,LOW,5%,1
T019659,122907,1655,data/corrupted/100k_blur_15x15_s5/train/T019659.png,data/corrupted/100k_blur_15x15_s5/train/T019659.png,9844,LOW,5%,1
T019697,122911,1655,data/corrupted/100k_blur_15x15_s5/train/T019697.png,data/corrupted/100k_blur_15x15_s5/train/T019697.png,5937,LOW,5%,1
T019713,173566,2678,data/corrupted/100k_blur_15x15_s5/train/T019713.png,data/corrupted/100k_blur_15x15_s5/train/T019713.png,8712,LOW,5%,1
T019727,173655,2678,data/corrupted/100k_blur_15x15_s5/train/T019727.png,data/corrupted/100k_blur_15x15_s5/train/T019727.png,1012,LOW,5%,1
T019808,15198,104,data/corrupted/100k_blur_15x15_s5/train/T019808.png,data/corrupted/100k_blur_15x15_s5/train/T019808.png,7402,LOW,5%,1
T019816,15213,104,data/corrupted/100k_blur_15x15_s5/train/T019816.png,data/corrupted/100k_blur_15x15_s5/train/T019816.png,2552,LOW,5%,1
T019925,98558,1200,data/corrupted/100k_blur_15x15_s5/train/T019925.png,data/corrupted/100k_blur_15x15_s5/train/T019925.png,2633,LOW,5%,1
T019931,98686,1200,data/corrupted/100k_blur_15x15_s5/train/T019931.png,data/corrupted/100k_blur_15x15_s5/train/T019931.png,3975,LOW,5%,1
T019933,98706,1200,data/corrupted/100k_blur_15x15_s5/train/T019933.png,data/corrupted/100k_blur_15x15_s5/train/T019933.png,1317,LOW,5%,1
T019935,98642,1200,data/corrupted/100k_blur_15x15_s5/train/T019935.png,data/corrupted/100k_blur_15x15_s5/train/T019935.png,9087,LOW,5%,1
T019937,98694,1200,data/corrupted/100k_blur_15x15_s5/train/T019937.png,data/corrupted/100k_blur_15x15_s5/train/T019937.png,9401,LOW,5%,1
T019957,236588,4046,data/corrupted/100k_blur_15x15_s5/train/T019957.png,data/corrupted/100k_blur_15x15_s5/train/T019957.png,2083,LOW,5%,1
T019962,236469,4046,data/corrupted/100k_blur_15x15_s5/train/T019962.png,data/corrupted/100k_blur_15x15_s5/train/T019962.png,7079,LOW,5%,1
T019993,236614,4046,data/corrupted/100k_blur_15x15_s5/train/T019993.png,data/corrupted/100k_blur_15x15_s5/train/T019993.png,5993,LOW,5%,1
T019995,236488,4046,data/corrupted/100k_blur_15x15_s5/train/T019995.png,data/corrupted/100k_blur_15x15_s5/train/T019995.png,1439,LOW,5%,1
T020008,155325,2333,data/corrupted/100k_blur_15x15_s5/train/T020008.png,data/corrupted/100k_blur_15x15_s5/train/T020008.png,3950,LOW,5%,1
T020030,155387,2333,data/corrupted/100k_blur_15x15_s5/train/T020030.png,data/corrupted/100k_blur_15x15_s5/train/T020030.png,3741,LOW,5%,1
T020087,291232,5237,data/corrupted/100k_blur_15x15_s5/train/T020087.png,data/corrupted/100k_blur_15x15_s5/train/T020087.png,6323,LOW,5%,1
T020123,374173,7090,data/corrupted/100k_blur_15x15_s5/train/T020123.png,data/corrupted/100k_blur_15x15_s5/train/T020123.png,1007,LOW,5%,1
T020126,374091,7090,data/corrupted/100k_blur_15x15_s5/train/T020126.png,data/corrupted/100k_blur_15x15_s5/train/T020126.png,149,LOW,5%,1
T020136,374078,7090,data/corrupted/100k_blur_15x15_s5/train/T020136.png,data/corrupted/100k_blur_15x15_s5/train/T020136.png,592,LOW,5%,1
T020162,392675,7606,data/corrupted/100k_blur_15x15_s5/train/T020162.png,data/corrupted/100k_blur_15x15_s5/train/T020162.png,2964,LOW,5%,1
T020166,392530,7606,data/corrupted/100k_blur_15x15_s5/train/T020166.png,data/corrupted/100k_blur_15x15_s5/train/T020166.png,3989,LOW,5%,1
T020233,81253,985,data/corrupted/100k_blur_15x15_s5/train/T020233.png,data/corrupted/100k_blur_15x15_s5/train/T020233.png,1168,LOW,5%,1
T020298,335168,6201,data/corrupted/100k_blur_15x15_s5/train/T020298.png,data/corrupted/100k_blur_15x15_s5/train/T020298.png,2834,LOW,5%,1
T020323,9815,54,data/corrupted/100k_blur_15x15_s5/train/T020323.png,data/corrupted/100k_blur_15x15_s5/train/T020323.png,530,LOW,5%,1
T020324,9811,54,data/corrupted/100k_blur_15x15_s5/train/T020324.png,data/corrupted/100k_blur_15x15_s5/train/T020324.png,5556,LOW,5%,1
T020360,52230,544,data/corrupted/100k_blur_15x15_s5/train/T020360.png,data/corrupted/100k_blur_15x15_s5/train/T020360.png,7299,LOW,5%,1
T020362,52208,544,data/corrupted/100k_blur_15x15_s5/train/T020362.png,data/corrupted/100k_blur_15x15_s5/train/T020362.png,3639,LOW,5%,1
T020365,52328,544,data/corrupted/100k_blur_15x15_s5/train/T020365.png,data/corrupted/100k_blur_15x15_s5/train/T020365.png,4800,LOW,5%,1
T020376,52342,544,data/corrupted/100k_blur_15x15_s5/train/T020376.png,data/corrupted/100k_blur_15x15_s5/train/T020376.png,473,LOW,5%,1
T020401,85346,1034,data/corrupted/100k_blur_15x15_s5/train/T020401.png,data/corrupted/100k_blur_15x15_s5/train/T020401.png,8007,LOW,5%,1
T020416,85283,1034,data/corrupted/100k_blur_15x15_s5/train/T020416.png,data/corrupted/100k_blur_15x15_s5/train/T020416.png,5793,LOW,5%,1
T020420,85344,1034,data/corrupted/100k_blur_15x15_s5/train/T020420.png,data/corrupted/100k_blur_15x15_s5/train/T020420.png,5447,LOW,5%,1
T020426,85349,1034,data/corrupted/100k_blur_15x15_s5/train/T020426.png,data/corrupted/100k_blur_15x15_s5/train/T020426.png,8705,LOW,5%,1
T020433,85338,1034,data/corrupted/100k_blur_15x15_s5/train/T020433.png,data/corrupted/100k_blur_15x15_s5/train/T020433.png,1754,LOW,5%,1
T020458,373251,7076,data/corrupted/100k_blur_15x15_s5/train/T020458.png,data/corrupted/100k_blur_15x15_s5/train/T020458.png,3886,LOW,5%,1
T020507,28939,240,data/corrupted/100k_blur_15x15_s5/train/T020507.png,data/corrupted/100k_blur_15x15_s5/train/T020507.png,3503,LOW,5%,1
T020517,29041,240,data/corrupted/100k_blur_15x15_s5/train/T020517.png,data/corrupted/100k_blur_15x15_s5/train/T020517.png,5178,LOW,5%,1
T020545,29053,240,data/corrupted/100k_blur_15x15_s5/train/T020545.png,data/corrupted/100k_blur_15x15_s5/train/T020545.png,1818,LOW,5%,1
T020566,82669,1004,data/corrupted/100k_blur_15x15_s5/train/T020566.png,data/corrupted/100k_blur_15x15_s5/train/T020566.png,799,LOW,5%,1
T020612,76813,924,data/corrupted/100k_blur_15x15_s5/train/T020612.png,data/corrupted/100k_blur_15x15_s5/train/T020612.png,36,LOW,5%,1
T020613,76701,924,data/corrupted/100k_blur_15x15_s5/train/T020613.png,data/corrupted/100k_blur_15x15_s5/train/T020613.png,397,LOW,5%,1
T020644,76765,924,data/corrupted/100k_blur_15x15_s5/train/T020644.png,data/corrupted/100k_blur_15x15_s5/train/T020644.png,327,LOW,5%,1
T020666,101951,1242,data/corrupted/100k_blur_15x15_s5/train/T020666.png,data/corrupted/100k_blur_15x15_s5/train/T020666.png,3749,LOW,5%,1
T020669,101966,1242,data/corrupted/100k_blur_15x15_s5/train/T020669.png,data/corrupted/100k_blur_15x15_s5/train/T020669.png,3503,LOW,5%,1
T020701,168031,2581,data/corrupted/100k_blur_15x15_s5/train/T020701.png,data/corrupted/100k_blur_15x15_s5/train/T020701.png,7937,LOW,5%,1
T020730,167957,2581,data/corrupted/100k_blur_15x15_s5/train/T020730.png,data/corrupted/100k_blur_15x15_s5/train/T020730.png,7942,LOW,5%,1
T020731,168013,2581,data/corrupted/100k_blur_15x15_s5/train/T020731.png,data/corrupted/100k_blur_15x15_s5/train/T020731.png,8871,LOW,5%,1
T020768,429732,8654,data/corrupted/100k_blur_15x15_s5/train/T020768.png,data/corrupted/100k_blur_15x15_s5/train/T020768.png,1457,LOW,5%,1
T020782,429743,8654,data/corrupted/100k_blur_15x15_s5/train/T020782.png,data/corrupted/100k_blur_15x15_s5/train/T020782.png,7937,LOW,5%,1
T020785,429687,8654,data/corrupted/100k_blur_15x15_s5/train/T020785.png,data/corrupted/100k_blur_15x15_s5/train/T020785.png,58,LOW,5%,1
T020824,27651,229,data/corrupted/100k_blur_15x15_s5/train/T020824.png,data/corrupted/100k_blur_15x15_s5/train/T020824.png,591,LOW,5%,1
T020825,27623,229,data/corrupted/100k_blur_15x15_s5/train/T020825.png,data/corrupted/100k_blur_15x15_s5/train/T020825.png,1074,LOW,5%,1
T020830,27683,229,data/corrupted/100k_blur_15x15_s5/train/T020830.png,data/corrupted/100k_blur_15x15_s5/train/T020830.png,2725,LOW,5%,1
T020850,82189,996,data/corrupted/100k_blur_15x15_s5/train/T020850.png,data/corrupted/100k_blur_15x15_s5/train/T020850.png,2920,LOW,5%,1
T020886,82167,996,data/corrupted/100k_blur_15x15_s5/train/T020886.png,data/corrupted/100k_blur_15x15_s5/train/T020886.png,137,LOW,5%,1
T020900,125223,1699,data/corrupted/100k_blur_15x15_s5/train/T020900.png,data/corrupted/100k_blur_15x15_s5/train/T020900.png,5159,LOW,5%,1
T020933,125319,1699,data/corrupted/100k_blur_15x15_s5/train/T020933.png,data/corrupted/100k_blur_15x15_s5/train/T020933.png,3516,LOW,5%,1
T020941,125280,1699,data/corrupted/100k_blur_15x15_s5/train/T020941.png,data/corrupted/100k_blur_15x15_s5/train/T020941.png,1200,LOW,5%,1
T020959,154385,2319,data/corrupted/100k_blur_15x15_s5/train/T020959.png,data/corrupted/100k_blur_15x15_s5/train/T020959.png,4187,LOW,5%,1
T020962,154426,2319,data/corrupted/100k_blur_15x15_s5/train/T020962.png,data/corrupted/100k_blur_15x15_s5/train/T020962.png,14,LOW,5%,1
T020985,154413,2319,data/corrupted/100k_blur_15x15_s5/train/T020985.png,data/corrupted/100k_blur_15x15_s5/train/T020985.png,1838,LOW,5%,1
T020991,154317,2319,data/corrupted/100k_blur_15x15_s5/train/T020991.png,data/corrupted/100k_blur_15x15_s5/train/T020991.png,227,LOW,5%,1
T020993,154442,2319,data/corrupted/100k_blur_15x15_s5/train/T020993.png,data/corrupted/100k_blur_15x15_s5/train/T020993.png,6796,LOW,5%,1
T021017,11603,73,data/corrupted/100k_blur_15x15_s5/train/T021017.png,data/corrupted/100k_blur_15x15_s5/train/T021017.png,1552,LOW,5%,1
T021026,11662,73,data/corrupted/100k_blur_15x15_s5/train/T021026.png,data/corrupted/100k_blur_15x15_s5/train/T021026.png,9254,LOW,5%,1
T021060,72317,867,data/corrupted/100k_blur_15x15_s5/train/T021060.png,data/corrupted/100k_blur_15x15_s5/train/T021060.png,2656,LOW,5%,1
T021061,72290,867,data/corrupted/100k_blur_15x15_s5/train/T021061.png,data/corrupted/100k_blur_15x15_s5/train/T021061.png,1074,LOW,5%,1
T021077,72242,867,data/corrupted/100k_blur_15x15_s5/train/T021077.png,data/corrupted/100k_blur_15x15_s5/train/T021077.png,6433,LOW,5%,1
T021102,221333,3719,data/corrupted/100k_blur_15x15_s5/train/T021102.png,data/corrupted/100k_blur_15x15_s5/train/T021102.png,455,LOW,5%,1
T021110,221271,3719,data/corrupted/100k_blur_15x15_s5/train/T021110.png,data/corrupted/100k_blur_15x15_s5/train/T021110.png,3941,LOW,5%,1
T021118,221227,3719,data/corrupted/100k_blur_15x15_s5/train/T021118.png,data/corrupted/100k_blur_15x15_s5/train/T021118.png,235,LOW,5%,1
T021121,221196,3719,data/corrupted/100k_blur_15x15_s5/train/T021121.png,data/corrupted/100k_blur_15x15_s5/train/T021121.png,2337,LOW,5%,1
T021142,221286,3719,data/corrupted/100k_blur_15x15_s5/train/T021142.png,data/corrupted/100k_blur_15x15_s5/train/T021142.png,203,LOW,5%,1
T021152,244198,4207,data/corrupted/100k_blur_15x15_s5/train/T021152.png,data/corrupted/100k_blur_15x15_s5/train/T021152.png,1524,LOW,5%,1
T021183,244238,4207,data/corrupted/100k_blur_15x15_s5/train/T021183.png,data/corrupted/100k_blur_15x15_s5/train/T021183.png,3924,LOW,5%,1
T021197,244257,4207,data/corrupted/100k_blur_15x15_s5/train/T021197.png,data/corrupted/100k_blur_15x15_s5/train/T021197.png,565,LOW,5%,1
T021220,244629,4212,data/corrupted/100k_blur_15x15_s5/train/T021220.png,data/corrupted/100k_blur_15x15_s5/train/T021220.png,124,LOW,5%,1
T021231,244621,4212,data/corrupted/100k_blur_15x15_s5/train/T021231.png,data/corrupted/100k_blur_15x15_s5/train/T021231.png,453,LOW,5%,1
T021239,244532,4212,data/corrupted/100k_blur_15x15_s5/train/T021239.png,data/corrupted/100k_blur_15x15_s5/train/T021239.png,2938,LOW,5%,1
T021270,332210,6128,data/corrupted/100k_blur_15x15_s5/train/T021270.png,data/corrupted/100k_blur_15x15_s5/train/T021270.png,7226,LOW,5%,1
T021294,332240,6128,data/corrupted/100k_blur_15x15_s5/train/T021294.png,data/corrupted/100k_blur_15x15_s5/train/T021294.png,5726,LOW,5%,1
T021296,332151,6128,data/corrupted/100k_blur_15x15_s5/train/T021296.png,data/corrupted/100k_blur_15x15_s5/train/T021296.png,5622,LOW,5%,1
T021305,428429,8615,data/corrupted/100k_blur_15x15_s5/train/T021305.png,data/corrupted/100k_blur_15x15_s5/train/T021305.png,3314,LOW,5%,1
T021337,428418,8615,data/corrupted/100k_blur_15x15_s5/train/T021337.png,data/corrupted/100k_blur_15x15_s5/train/T021337.png,7300,LOW,5%,1
T021338,428367,8615,data/corrupted/100k_blur_15x15_s5/train/T021338.png,data/corrupted/100k_blur_15x15_s5/train/T021338.png,10333,LOW,5%,1
T021342,428442,8615,data/corrupted/100k_blur_15x15_s5/train/T021342.png,data/corrupted/100k_blur_15x15_s5/train/T021342.png,1005,LOW,5%,1
T021352,4895,27,data/corrupted/100k_blur_15x15_s5/train/T021352.png,data/corrupted/100k_blur_15x15_s5/train/T021352.png,456,LOW,5%,1
T021392,4961,27,data/corrupted/100k_blur_15x15_s5/train/T021392.png,data/corrupted/100k_blur_15x15_s5/train/T021392.png,8399,LOW,5%,1
T021406,77574,940,data/corrupted/100k_blur_15x15_s5/train/T021406.png,data/corrupted/100k_blur_15x15_s5/train/T021406.png,4352,LOW,5%,1
T021425,77480,940,data/corrupted/100k_blur_15x15_s5/train/T021425.png,data/corrupted/100k_blur_15x15_s5/train/T021425.png,771,LOW,5%,1
T021428,77572,940,data/corrupted/100k_blur_15x15_s5/train/T021428.png,data/corrupted/100k_blur_15x15_s5/train/T021428.png,51,LOW,5%,1
T021437,77464,940,data/corrupted/100k_blur_15x15_s5/train/T021437.png,data/corrupted/100k_blur_15x15_s5/train/T021437.png,663,LOW,5%,1
T021483,157767,2387,data/corrupted/100k_blur_15x15_s5/train/T021483.png,data/corrupted/100k_blur_15x15_s5/train/T021483.png,66,LOW,5%,1
T021487,157818,2387,data/corrupted/100k_blur_15x15_s5/train/T021487.png,data/corrupted/100k_blur_15x15_s5/train/T021487.png,1546,LOW,5%,1
T021522,292424,5261,data/corrupted/100k_blur_15x15_s5/train/T021522.png,data/corrupted/100k_blur_15x15_s5/train/T021522.png,183,LOW,5%,1
T021531,292373,5261,data/corrupted/100k_blur_15x15_s5/train/T021531.png,data/corrupted/100k_blur_15x15_s5/train/T021531.png,2548,LOW,5%,1
T021562,343448,6365,data/corrupted/100k_blur_15x15_s5/train/T021562.png,data/corrupted/100k_blur_15x15_s5/train/T021562.png,3470,LOW,5%,1
T021566,343499,6365,data/corrupted/100k_blur_15x15_s5/train/T021566.png,data/corrupted/100k_blur_15x15_s5/train/T021566.png,371,LOW,5%,1
T021571,343391,6365,data/corrupted/100k_blur_15x15_s5/train/T021571.png,data/corrupted/100k_blur_15x15_s5/train/T021571.png,4387,LOW,5%,1
T021577,343462,6365,data/corrupted/100k_blur_15x15_s5/train/T021577.png,data/corrupted/100k_blur_15x15_s5/train/T021577.png,351,LOW,5%,1
T021595,343515,6365,data/corrupted/100k_blur_15x15_s5/train/T021595.png,data/corrupted/100k_blur_15x15_s5/train/T021595.png,880,LOW,5%,1
T021627,147777,2182,data/corrupted/100k_blur_15x15_s5/train/T021627.png,data/corrupted/100k_blur_15x15_s5/train/T021627.png,1954,LOW,5%,1
T021629,147805,2182,data/corrupted/100k_blur_15x15_s5/train/T021629.png,data/corrupted/100k_blur_15x15_s5/train/T021629.png,6909,LOW,5%,1
T021641,147826,2182,data/corrupted/100k_blur_15x15_s5/train/T021641.png,data/corrupted/100k_blur_15x15_s5/train/T021641.png,9610,LOW,5%,1
T021664,286596,5127,data/corrupted/100k_blur_15x15_s5/train/T021664.png,data/corrupted/100k_blur_15x15_s5/train/T021664.png,2355,LOW,5%,1
T021676,286584,5127,data/corrupted/100k_blur_15x15_s5/train/T021676.png,data/corrupted/100k_blur_15x15_s5/train/T021676.png,1918,LOW,5%,1
T021691,286691,5127,data/corrupted/100k_blur_15x15_s5/train/T021691.png,data/corrupted/100k_blur_15x15_s5/train/T021691.png,4103,LOW,5%,1
T021693,286679,5127,data/corrupted/100k_blur_15x15_s5/train/T021693.png,data/corrupted/100k_blur_15x15_s5/train/T021693.png,596,LOW,5%,1
T021748,288024,5166,data/corrupted/100k_blur_15x15_s5/train/T021748.png,data/corrupted/100k_blur_15x15_s5/train/T021748.png,844,LOW,5%,1
T021752,397183,7740,data/corrupted/100k_blur_15x15_s5/train/T021752.png,data/corrupted/100k_blur_15x15_s5/train/T021752.png,84,LOW,5%,1
T021753,397199,7740,data/corrupted/100k_blur_15x15_s5/train/T021753.png,data/corrupted/100k_blur_15x15_s5/train/T021753.png,7600,LOW,5%,1
T021760,397254,7740,data/corrupted/100k_blur_15x15_s5/train/T021760.png,data/corrupted/100k_blur_15x15_s5/train/T021760.png,5408,LOW,5%,1
T021784,397124,7740,data/corrupted/100k_blur_15x15_s5/train/T021784.png,data/corrupted/100k_blur_15x15_s5/train/T021784.png,980,LOW,5%,1
T021808,26382,214,data/corrupted/100k_blur_15x15_s5/train/T021808.png,data/corrupted/100k_blur_15x15_s5/train/T021808.png,6806,LOW,5%,1
T021817,26401,214,data/corrupted/100k_blur_15x15_s5/train/T021817.png,data/corrupted/100k_blur_15x15_s5/train/T021817.png,763,LOW,5%,1
T021847,26320,214,data/corrupted/100k_blur_15x15_s5/train/T021847.png,data/corrupted/100k_blur_15x15_s5/train/T021847.png,198,LOW,5%,1
T021853,39826,383,data/corrupted/100k_blur_15x15_s5/train/T021853.png,data/corrupted/100k_blur_15x15_s5/train/T021853.png,4401,LOW,5%,1
T021858,39830,383,data/corrupted/100k_blur_15x15_s5/train/T021858.png,data/corrupted/100k_blur_15x15_s5/train/T021858.png,1552,LOW,5%,1
T021861,39903,383,data/corrupted/100k_blur_15x15_s5/train/T021861.png,data/corrupted/100k_blur_15x15_s5/train/T021861.png,654,LOW,5%,1
T021885,39920,383,data/corrupted/100k_blur_15x15_s5/train/T021885.png,data/corrupted/100k_blur_15x15_s5/train/T021885.png,3825,LOW,5%,1
T021892,39879,383,data/corrupted/100k_blur_15x15_s5/train/T021892.png,data/corrupted/100k_blur_15x15_s5/train/T021892.png,9082,LOW,5%,1
T021906,127138,1754,data/corrupted/100k_blur_15x15_s5/train/T021906.png,data/corrupted/100k_blur_15x15_s5/train/T021906.png,152,LOW,5%,1
T021910,127083,1754,data/corrupted/100k_blur_15x15_s5/train/T021910.png,data/corrupted/100k_blur_15x15_s5/train/T021910.png,2321,LOW,5%,1
T021928,127063,1754,data/corrupted/100k_blur_15x15_s5/train/T021928.png,data/corrupted/100k_blur_15x15_s5/train/T021928.png,6014,LOW,5%,1
T021968,221192,3718,data/corrupted/100k_blur_15x15_s5/train/T021968.png,data/corrupted/100k_blur_15x15_s5/train/T021968.png,1876,LOW,5%,1
T022026,240645,4139,data/corrupted/100k_blur_15x15_s5/train/T022026.png,data/corrupted/100k_blur_15x15_s5/train/T022026.png,987,LOW,5%,1
T022036,240654,4139,data/corrupted/100k_blur_15x15_s5/train/T022036.png,data/corrupted/100k_blur_15x15_s5/train/T022036.png,4364,LOW,5%,1
T022073,273314,4844,data/corrupted/100k_blur_15x15_s5/train/T022073.png,data/corrupted/100k_blur_15x15_s5/train/T022073.png,4373,LOW,5%,1
T022091,273248,4844,data/corrupted/100k_blur_15x15_s5/train/T022091.png,data/corrupted/100k_blur_15x15_s5/train/T022091.png,8416,LOW,5%,1
T022134,1368,9,data/corrupted/100k_blur_15x15_s5/train/T022134.png,data/corrupted/100k_blur_15x15_s5/train/T022134.png,3421,LOW,5%,1
T022166,93568,1143,data/corrupted/100k_blur_15x15_s5/train/T022166.png,data/corrupted/100k_blur_15x15_s5/train/T022166.png,10120,LOW,5%,1
T022168,93599,1143,data/corrupted/100k_blur_15x15_s5/train/T022168.png,data/corrupted/100k_blur_15x15_s5/train/T022168.png,9570,LOW,5%,1
T022273,152659,2275,data/corrupted/100k_blur_15x15_s5/train/T022273.png,data/corrupted/100k_blur_15x15_s5/train/T022273.png,6787,LOW,5%,1
T022286,152729,2275,data/corrupted/100k_blur_15x15_s5/train/T022286.png,data/corrupted/100k_blur_15x15_s5/train/T022286.png,7375,LOW,5%,1
T022298,152694,2275,data/corrupted/100k_blur_15x15_s5/train/T022298.png,data/corrupted/100k_blur_15x15_s5/train/T022298.png,8303,LOW,5%,1
T022311,261466,4563,data/corrupted/100k_blur_15x15_s5/train/T022311.png,data/corrupted/100k_blur_15x15_s5/train/T022311.png,771,LOW,5%,1
T022335,261399,4563,data/corrupted/100k_blur_15x15_s5/train/T022335.png,data/corrupted/100k_blur_15x15_s5/train/T022335.png,1031,LOW,5%,1
T022337,261412,4563,data/corrupted/100k_blur_15x15_s5/train/T022337.png,data/corrupted/100k_blur_15x15_s5/train/T022337.png,1099,LOW,5%,1
T022361,373424,7079,data/corrupted/100k_blur_15x15_s5/train/T022361.png,data/corrupted/100k_blur_15x15_s5/train/T022361.png,1228,LOW,5%,1
T022365,373410,7079,data/corrupted/100k_blur_15x15_s5/train/T022365.png,data/corrupted/100k_blur_15x15_s5/train/T022365.png,1124,LOW,5%,1
T022391,373390,7079,data/corrupted/100k_blur_15x15_s5/train/T022391.png,data/corrupted/100k_blur_15x15_s5/train/T022391.png,8234,LOW,5%,1
T022392,373480,7079,data/corrupted/100k_blur_15x15_s5/train/T022392.png,data/corrupted/100k_blur_15x15_s5/train/T022392.png,5075,LOW,5%,1
T022479,10453,61,data/corrupted/100k_blur_15x15_s5/train/T022479.png,data/corrupted/100k_blur_15x15_s5/train/T022479.png,5803,LOW,5%,1
T022496,10421,61,data/corrupted/100k_blur_15x15_s5/train/T022496.png,data/corrupted/100k_blur_15x15_s5/train/T022496.png,448,LOW,5%,1
T022502,301785,5468,data/corrupted/100k_blur_15x15_s5/train/T022502.png,data/corrupted/100k_blur_15x15_s5/train/T022502.png,8303,LOW,5%,1
T022508,301909,5468,data/corrupted/100k_blur_15x15_s5/train/T022508.png,data/corrupted/100k_blur_15x15_s5/train/T022508.png,2189,LOW,5%,1
T022510,301802,5468,data/corrupted/100k_blur_15x15_s5/train/T022510.png,data/corrupted/100k_blur_15x15_s5/train/T022510.png,9,LOW,5%,1
T022542,301908,5468,data/corrupted/100k_blur_15x15_s5/train/T022542.png,data/corrupted/100k_blur_15x15_s5/train/T022542.png,7334,LOW,5%,1
T022546,301895,5468,data/corrupted/100k_blur_15x15_s5/train/T022546.png,data/corrupted/100k_blur_15x15_s5/train/T022546.png,1668,LOW,5%,1
T022567,33281,284,data/corrupted/100k_blur_15x15_s5/train/T022567.png,data/corrupted/100k_blur_15x15_s5/train/T022567.png,227,LOW,5%,1
T022569,33233,284,data/corrupted/100k_blur_15x15_s5/train/T022569.png,data/corrupted/100k_blur_15x15_s5/train/T022569.png,2164,LOW,5%,1
T022576,33202,284,data/corrupted/100k_blur_15x15_s5/train/T022576.png,data/corrupted/100k_blur_15x15_s5/train/T022576.png,315,LOW,5%,1
T022578,33204,284,data/corrupted/100k_blur_15x15_s5/train/T022578.png,data/corrupted/100k_blur_15x15_s5/train/T022578.png,8496,LOW,5%,1
T022596,33284,284,data/corrupted/100k_blur_15x15_s5/train/T022596.png,data/corrupted/100k_blur_15x15_s5/train/T022596.png,2892,LOW,5%,1
T022597,33323,284,data/corrupted/100k_blur_15x15_s5/train/T022597.png,data/corrupted/100k_blur_15x15_s5/train/T022597.png,1061,LOW,5%,1
T022600,40997,391,data/corrupted/100k_blur_15x15_s5/train/T022600.png,data/corrupted/100k_blur_15x15_s5/train/T022600.png,409,LOW,5%,1
T022601,41016,391,data/corrupted/100k_blur_15x15_s5/train/T022601.png,data/corrupted/100k_blur_15x15_s5/train/T022601.png,179,LOW,5%,1
T022609,40936,391,data/corrupted/100k_blur_15x15_s5/train/T022609.png,data/corrupted/100k_blur_15x15_s5/train/T022609.png,3764,LOW,5%,1
T022610,41004,391,data/corrupted/100k_blur_15x15_s5/train/T022610.png,data/corrupted/100k_blur_15x15_s5/train/T022610.png,4816,LOW,5%,1
T022648,40910,391,data/corrupted/100k_blur_15x15_s5/train/T022648.png,data/corrupted/100k_blur_15x15_s5/train/T022648.png,46,LOW,5%,1
T022655,80798,978,data/corrupted/100k_blur_15x15_s5/train/T022655.png,data/corrupted/100k_blur_15x15_s5/train/T022655.png,1801,LOW,5%,1
T022672,80756,978,data/corrupted/100k_blur_15x15_s5/train/T022672.png,data/corrupted/100k_blur_15x15_s5/train/T022672.png,1342,LOW,5%,1
T022687,80783,978,data/corrupted/100k_blur_15x15_s5/train/T022687.png,data/corrupted/100k_blur_15x15_s5/train/T022687.png,8545,LOW,5%,1
T022705,169635,2618,data/corrupted/100k_blur_15x15_s5/train/T022705.png,data/corrupted/100k_blur_15x15_s5/train/T022705.png,254,LOW,5%,1
T022790,225029,3788,data/corrupted/100k_blur_15x15_s5/train/T022790.png,data/corrupted/100k_blur_15x15_s5/train/T022790.png,9311,LOW,5%,1
T022799,225097,3788,data/corrupted/100k_blur_15x15_s5/train/T022799.png,data/corrupted/100k_blur_15x15_s5/train/T022799.png,1196,LOW,5%,1
T022804,388750,7489,data/corrupted/100k_blur_15x15_s5/train/T022804.png,data/corrupted/100k_blur_15x15_s5/train/T022804.png,7887,LOW,5%,1
T022810,388736,7489,data/corrupted/100k_blur_15x15_s5/train/T022810.png,data/corrupted/100k_blur_15x15_s5/train/T022810.png,409,LOW,5%,1
T022811,388693,7489,data/corrupted/100k_blur_15x15_s5/train/T022811.png,data/corrupted/100k_blur_15x15_s5/train/T022811.png,596,LOW,5%,1
T022835,388767,7489,data/corrupted/100k_blur_15x15_s5/train/T022835.png,data/corrupted/100k_blur_15x15_s5/train/T022835.png,4862,LOW,5%,1
T022880,31471,258,data/corrupted/100k_blur_15x15_s5/train/T022880.png,data/corrupted/100k_blur_15x15_s5/train/T022880.png,5132,LOW,5%,1
T022894,31406,258,data/corrupted/100k_blur_15x15_s5/train/T022894.png,data/corrupted/100k_blur_15x15_s5/train/T022894.png,4848,LOW,5%,1
T022895,31337,258,data/corrupted/100k_blur_15x15_s5/train/T022895.png,data/corrupted/100k_blur_15x15_s5/train/T022895.png,4761,LOW,5%,1
T022936,82281,998,data/corrupted/100k_blur_15x15_s5/train/T022936.png,data/corrupted/100k_blur_15x15_s5/train/T022936.png,3941,LOW,5%,1
T022952,144208,2099,data/corrupted/100k_blur_15x15_s5/train/T022952.png,data/corrupted/100k_blur_15x15_s5/train/T022952.png,5050,LOW,5%,1
T022971,144222,2099,data/corrupted/100k_blur_15x15_s5/train/T022971.png,data/corrupted/100k_blur_15x15_s5/train/T022971.png,10293,LOW,5%,1
T022983,144228,2099,data/corrupted/100k_blur_15x15_s5/train/T022983.png,data/corrupted/100k_blur_15x15_s5/train/T022983.png,6198,LOW,5%,1
T023005,198599,3224,data/corrupted/100k_blur_15x15_s5/train/T023005.png,data/corrupted/100k_blur_15x15_s5/train/T023005.png,3484,LOW,5%,1
T023020,198557,3224,data/corrupted/100k_blur_15x15_s5/train/T023020.png,data/corrupted/100k_blur_15x15_s5/train/T023020.png,6732,LOW,5%,1
T023022,198491,3224,data/corrupted/100k_blur_15x15_s5/train/T023022.png,data/corrupted/100k_blur_15x15_s5/train/T023022.png,4208,LOW,5%,1
T023043,198516,3224,data/corrupted/100k_blur_15x15_s5/train/T023043.png,data/corrupted/100k_blur_15x15_s5/train/T023043.png,5278,LOW,5%,1
T023145,290943,5233,data/corrupted/100k_blur_15x15_s5/train/T023145.png,data/corrupted/100k_blur_15x15_s5/train/T023145.png,251,LOW,5%,1
T023187,86473,1042,data/corrupted/100k_blur_15x15_s5/train/T023187.png,data/corrupted/100k_blur_15x15_s5/train/T023187.png,2666,LOW,5%,1
T023201,133569,1876,data/corrupted/100k_blur_15x15_s5/train/T023201.png,data/corrupted/100k_blur_15x15_s5/train/T023201.png,6408,LOW,5%,1
T023225,133667,1876,data/corrupted/100k_blur_15x15_s5/train/T023225.png,data/corrupted/100k_blur_15x15_s5/train/T023225.png,480,LOW,5%,1
T023299,237018,4054,data/corrupted/100k_blur_15x15_s5/train/T023299.png,data/corrupted/100k_blur_15x15_s5/train/T023299.png,7987,LOW,5%,1
T023342,324753,5982,data/corrupted/100k_blur_15x15_s5/train/T023342.png,data/corrupted/100k_blur_15x15_s5/train/T023342.png,4887,LOW,5%,1
T023369,353364,6606,data/corrupted/100k_blur_15x15_s5/train/T023369.png,data/corrupted/100k_blur_15x15_s5/train/T023369.png,4365,LOW,5%,1
T023396,353322,6606,data/corrupted/100k_blur_15x15_s5/train/T023396.png,data/corrupted/100k_blur_15x15_s5/train/T023396.png,1269,LOW,5%,1
T023406,359471,6743,data/corrupted/100k_blur_15x15_s5/train/T023406.png,data/corrupted/100k_blur_15x15_s5/train/T023406.png,9853,LOW,5%,1
T023431,359584,6743,data/corrupted/100k_blur_15x15_s5/train/T023431.png,data/corrupted/100k_blur_15x15_s5/train/T023431.png,8767,LOW,5%,1
T023437,359535,6743,data/corrupted/100k_blur_15x15_s5/train/T023437.png,data/corrupted/100k_blur_15x15_s5/train/T023437.png,7069,LOW,5%,1
T023503,19390,149,data/corrupted/100k_blur_15x15_s5/train/T023503.png,data/corrupted/100k_blur_15x15_s5/train/T023503.png,5599,LOW,5%,1
T023507,19288,149,data/corrupted/100k_blur_15x15_s5/train/T023507.png,data/corrupted/100k_blur_15x15_s5/train/T023507.png,4497,LOW,5%,1
T023527,19311,149,data/corrupted/100k_blur_15x15_s5/train/T023527.png,data/corrupted/100k_blur_15x15_s5/train/T023527.png,2084,LOW,5%,1
T023537,19305,149,data/corrupted/100k_blur_15x15_s5/train/T023537.png,data/corrupted/100k_blur_15x15_s5/train/T023537.png,1588,LOW,5%,1
T023542,19260,149,data/corrupted/100k_blur_15x15_s5/train/T023542.png,data/corrupted/100k_blur_15x15_s5/train/T023542.png,171,LOW,5%,1
T023561,221855,3729,data/corrupted/100k_blur_15x15_s5/train/T023561.png,data/corrupted/100k_blur_15x15_s5/train/T023561.png,4281,LOW,5%,1
T023589,221973,3729,data/corrupted/100k_blur_15x15_s5/train/T023589.png,data/corrupted/100k_blur_15x15_s5/train/T023589.png,3779,LOW,5%,1
T023604,346860,6433,data/corrupted/100k_blur_15x15_s5/train/T023604.png,data/corrupted/100k_blur_15x15_s5/train/T023604.png,8127,LOW,5%,1
T023642,346797,6433,data/corrupted/100k_blur_15x15_s5/train/T023642.png,data/corrupted/100k_blur_15x15_s5/train/T023642.png,2867,LOW,5%,1
T023677,359916,6750,data/corrupted/100k_blur_15x15_s5/train/T023677.png,data/corrupted/100k_blur_15x15_s5/train/T023677.png,819,LOW,5%,1
T023727,404501,7942,data/corrupted/100k_blur_15x15_s5/train/T023727.png,data/corrupted/100k_blur_15x15_s5/train/T023727.png,4024,LOW,5%,1
T023734,404510,7942,data/corrupted/100k_blur_15x15_s5/train/T023734.png,data/corrupted/100k_blur_15x15_s5/train/T023734.png,5610,LOW,5%,1
T023745,404486,7942,data/corrupted/100k_blur_15x15_s5/train/T023745.png,data/corrupted/100k_blur_15x15_s5/train/T023745.png,7079,LOW,5%,1
T023778,407222,8019,data/corrupted/100k_blur_15x15_s5/train/T023778.png,data/corrupted/100k_blur_15x15_s5/train/T023778.png,1798,LOW,5%,1
T023798,407320,8019,data/corrupted/100k_blur_15x15_s5/train/T023798.png,data/corrupted/100k_blur_15x15_s5/train/T023798.png,7478,LOW,5%,1
T023806,445082,9082,data/corrupted/100k_blur_15x15_s5/train/T023806.png,data/corrupted/100k_blur_15x15_s5/train/T023806.png,1784,LOW,5%,1
T023828,445009,9082,data/corrupted/100k_blur_15x15_s5/train/T023828.png,data/corrupted/100k_blur_15x15_s5/train/T023828.png,3106,LOW,5%,1
T023834,444971,9082,data/corrupted/100k_blur_15x15_s5/train/T023834.png,data/corrupted/100k_blur_15x15_s5/train/T023834.png,1412,LOW,5%,1
T023835,445071,9082,data/corrupted/100k_blur_15x15_s5/train/T023835.png,data/corrupted/100k_blur_15x15_s5/train/T023835.png,5094,LOW,5%,1
T023841,445056,9082,data/corrupted/100k_blur_15x15_s5/train/T023841.png,data/corrupted/100k_blur_15x15_s5/train/T023841.png,2100,LOW,5%,1
T023856,28220,234,data/corrupted/100k_blur_15x15_s5/train/T023856.png,data/corrupted/100k_blur_15x15_s5/train/T023856.png,6692,LOW,5%,1
T023874,28325,234,data/corrupted/100k_blur_15x15_s5/train/T023874.png,data/corrupted/100k_blur_15x15_s5/train/T023874.png,203,LOW,5%,1
T023917,50990,530,data/corrupted/100k_blur_15x15_s5/train/T023917.png,data/corrupted/100k_blur_15x15_s5/train/T023917.png,330,LOW,5%,1
T023965,309860,5630,data/corrupted/100k_blur_15x15_s5/train/T023965.png,data/corrupted/100k_blur_15x15_s5/train/T023965.png,10177,LOW,5%,1
T024026,315843,5775,data/corrupted/100k_blur_15x15_s5/train/T024026.png,data/corrupted/100k_blur_15x15_s5/train/T024026.png,940,LOW,5%,1
T024066,376659,7155,data/corrupted/100k_blur_15x15_s5/train/T024066.png,data/corrupted/100k_blur_15x15_s5/train/T024066.png,1019,LOW,5%,1
T024082,376678,7155,data/corrupted/100k_blur_15x15_s5/train/T024082.png,data/corrupted/100k_blur_15x15_s5/train/T024082.png,2013,LOW,5%,1
T024095,376702,7155,data/corrupted/100k_blur_15x15_s5/train/T024095.png,data/corrupted/100k_blur_15x15_s5/train/T024095.png,9519,LOW,5%,1
T024101,2850,19,data/corrupted/100k_blur_15x15_s5/train/T024101.png,data/corrupted/100k_blur_15x15_s5/train/T024101.png,9063,LOW,5%,1
T024113,2805,19,data/corrupted/100k_blur_15x15_s5/train/T024113.png,data/corrupted/100k_blur_15x15_s5/train/T024113.png,3746,LOW,5%,1
T024163,137076,1966,data/corrupted/100k_blur_15x15_s5/train/T024163.png,data/corrupted/100k_blur_15x15_s5/train/T024163.png,4312,LOW,5%,1
T024171,137069,1966,data/corrupted/100k_blur_15x15_s5/train/T024171.png,data/corrupted/100k_blur_15x15_s5/train/T024171.png,8339,LOW,5%,1
T024190,137097,1966,data/corrupted/100k_blur_15x15_s5/train/T024190.png,data/corrupted/100k_blur_15x15_s5/train/T024190.png,2851,LOW,5%,1
T024225,195836,3154,data/corrupted/100k_blur_15x15_s5/train/T024225.png,data/corrupted/100k_blur_15x15_s5/train/T024225.png,5494,LOW,5%,1
T024226,195752,3154,data/corrupted/100k_blur_15x15_s5/train/T024226.png,data/corrupted/100k_blur_15x15_s5/train/T024226.png,8739,LOW,5%,1
T024242,195742,3154,data/corrupted/100k_blur_15x15_s5/train/T024242.png,data/corrupted/100k_blur_15x15_s5/train/T024242.png,2875,LOW,5%,1
T024243,195737,3154,data/corrupted/100k_blur_15x15_s5/train/T024243.png,data/corrupted/100k_blur_15x15_s5/train/T024243.png,2602,LOW,5%,1
T024257,254775,4409,data/corrupted/100k_blur_15x15_s5/train/T024257.png,data/corrupted/100k_blur_15x15_s5/train/T024257.png,5159,LOW,5%,1
T024271,254768,4409,data/corrupted/100k_blur_15x15_s5/train/T024271.png,data/corrupted/100k_blur_15x15_s5/train/T024271.png,40,LOW,5%,1
T024275,254780,4409,data/corrupted/100k_blur_15x15_s5/train/T024275.png,data/corrupted/100k_blur_15x15_s5/train/T024275.png,1953,LOW,5%,1
T024284,254796,4409,data/corrupted/100k_blur_15x15_s5/train/T024284.png,data/corrupted/100k_blur_15x15_s5/train/T024284.png,1572,LOW,5%,1
T024303,320242,5879,data/corrupted/100k_blur_15x15_s5/train/T024303.png,data/corrupted/100k_blur_15x15_s5/train/T024303.png,6023,LOW,5%,1
T024322,320290,5879,data/corrupted/100k_blur_15x15_s5/train/T024322.png,data/corrupted/100k_blur_15x15_s5/train/T024322.png,1657,LOW,5%,1
T024338,320224,5879,data/corrupted/100k_blur_15x15_s5/train/T024338.png,data/corrupted/100k_blur_15x15_s5/train/T024338.png,1801,LOW,5%,1
T024351,373884,7086,data/corrupted/100k_blur_15x15_s5/train/T024351.png,data/corrupted/100k_blur_15x15_s5/train/T024351.png,2867,LOW,5%,1
T024371,373883,7086,data/corrupted/100k_blur_15x15_s5/train/T024371.png,data/corrupted/100k_blur_15x15_s5/train/T024371.png,6,LOW,5%,1
T024374,373817,7086,data/corrupted/100k_blur_15x15_s5/train/T024374.png,data/corrupted/100k_blur_15x15_s5/train/T024374.png,5315,LOW,5%,1
T024397,373912,7086,data/corrupted/100k_blur_15x15_s5/train/T024397.png,data/corrupted/100k_blur_15x15_s5/train/T024397.png,2615,LOW,5%,1
T024413,89697,1089,data/corrupted/100k_blur_15x15_s5/train/T024413.png,data/corrupted/100k_blur_15x15_s5/train/T024413.png,4269,LOW,5%,1
T024467,193847,3114,data/corrupted/100k_blur_15x15_s5/train/T024467.png,data/corrupted/100k_blur_15x15_s5/train/T024467.png,10145,LOW,5%,1
T024469,193929,3114,data/corrupted/100k_blur_15x15_s5/train/T024469.png,data/corrupted/100k_blur_15x15_s5/train/T024469.png,1164,LOW,5%,1
T024484,193930,3114,data/corrupted/100k_blur_15x15_s5/train/T024484.png,data/corrupted/100k_blur_15x15_s5/train/T024484.png,4139,LOW,5%,1
T024524,225716,3809,data/corrupted/100k_blur_15x15_s5/train/T024524.png,data/corrupted/100k_blur_15x15_s5/train/T024524.png,3610,LOW,5%,1
T024530,225680,3809,data/corrupted/100k_blur_15x15_s5/train/T024530.png,data/corrupted/100k_blur_15x15_s5/train/T024530.png,1143,LOW,5%,1
T024541,225779,3809,data/corrupted/100k_blur_15x15_s5/train/T024541.png,data/corrupted/100k_blur_15x15_s5/train/T024541.png,5127,LOW,5%,1
T024543,225782,3809,data/corrupted/100k_blur_15x15_s5/train/T024543.png,data/corrupted/100k_blur_15x15_s5/train/T024543.png,8664,LOW,5%,1
T024570,285318,5094,data/corrupted/100k_blur_15x15_s5/train/T024570.png,data/corrupted/100k_blur_15x15_s5/train/T024570.png,4208,LOW,5%,1
T024572,285279,5094,data/corrupted/100k_blur_15x15_s5/train/T024572.png,data/corrupted/100k_blur_15x15_s5/train/T024572.png,3209,LOW,5%,1
T024665,22811,184,data/corrupted/100k_blur_15x15_s5/train/T024665.png,data/corrupted/100k_blur_15x15_s5/train/T024665.png,398,LOW,5%,1
T024668,22804,184,data/corrupted/100k_blur_15x15_s5/train/T024668.png,data/corrupted/100k_blur_15x15_s5/train/T024668.png,26,LOW,5%,1
T024727,130229,1810,data/corrupted/100k_blur_15x15_s5/train/T024727.png,data/corrupted/100k_blur_15x15_s5/train/T024727.png,3,LOW,5%,1
T024759,171960,2650,data/corrupted/100k_blur_15x15_s5/train/T024759.png,data/corrupted/100k_blur_15x15_s5/train/T024759.png,125,LOW,5%,1
T024760,171988,2650,data/corrupted/100k_blur_15x15_s5/train/T024760.png,data/corrupted/100k_blur_15x15_s5/train/T024760.png,607,LOW,5%,1
T024777,172059,2650,data/corrupted/100k_blur_15x15_s5/train/T024777.png,data/corrupted/100k_blur_15x15_s5/train/T024777.png,3705,LOW,5%,1
T024796,172024,2650,data/corrupted/100k_blur_15x15_s5/train/T024796.png,data/corrupted/100k_blur_15x15_s5/train/T024796.png,8658,LOW,5%,1
T024800,372823,7069,data/corrupted/100k_blur_15x15_s5/train/T024800.png,data/corrupted/100k_blur_15x15_s5/train/T024800.png,2212,LOW,5%,1
T024830,372848,7069,data/corrupted/100k_blur_15x15_s5/train/T024830.png,data/corrupted/100k_blur_15x15_s5/train/T024830.png,9524,LOW,5%,1
T024850,381404,7299,data/corrupted/100k_blur_15x15_s5/train/T024850.png,data/corrupted/100k_blur_15x15_s5/train/T024850.png,4048,LOW,5%,1
T024853,381295,7299,data/corrupted/100k_blur_15x15_s5/train/T024853.png,data/corrupted/100k_blur_15x15_s5/train/T024853.png,3954,LOW,5%,1
T024900,9861,56,data/corrupted/100k_blur_15x15_s5/train/T024900.png,data/corrupted/100k_blur_15x15_s5/train/T024900.png,2806,LOW,5%,1
T024943,9949,56,data/corrupted/100k_blur_15x15_s5/train/T024943.png,data/corrupted/100k_blur_15x15_s5/train/T024943.png,6631,LOW,5%,1
T024948,9925,56,data/corrupted/100k_blur_15x15_s5/train/T024948.png,data/corrupted/100k_blur_15x15_s5/train/T024948.png,120,LOW,5%,1
T024949,9980,56,data/corrupted/100k_blur_15x15_s5/train/T024949.png,data/corrupted/100k_blur_15x15_s5/train/T024949.png,10343,LOW,5%,1
T024961,217168,3630,data/corrupted/100k_blur_15x15_s5/train/T024961.png,data/corrupted/100k_blur_15x15_s5/train/T024961.png,8732,LOW,5%,1
T025076,401243,7849,data/corrupted/100k_blur_15x15_s5/train/T025076.png,data/corrupted/100k_blur_15x15_s5/train/T025076.png,2347,LOW,5%,1
T025079,401176,7849,data/corrupted/100k_blur_15x15_s5/train/T025079.png,data/corrupted/100k_blur_15x15_s5/train/T025079.png,868,LOW,5%,1
T025154,460184,9544,data/corrupted/100k_blur_15x15_s5/train/T025154.png,data/corrupted/100k_blur_15x15_s5/train/T025154.png,10325,LOW,5%,1
T025201,12253,79,data/corrupted/100k_blur_15x15_s5/train/T025201.png,data/corrupted/100k_blur_15x15_s5/train/T025201.png,7976,LOW,5%,1
T025211,12387,79,data/corrupted/100k_blur_15x15_s5/train/T025211.png,data/corrupted/100k_blur_15x15_s5/train/T025211.png,6622,LOW,5%,1
T025241,12383,79,data/corrupted/100k_blur_15x15_s5/train/T025241.png,data/corrupted/100k_blur_15x15_s5/train/T025241.png,291,LOW,5%,1
T025275,247633,4281,data/corrupted/100k_blur_15x15_s5/train/T025275.png,data/corrupted/100k_blur_15x15_s5/train/T025275.png,3775,LOW,5%,1
T025283,247537,4281,data/corrupted/100k_blur_15x15_s5/train/T025283.png,data/corrupted/100k_blur_15x15_s5/train/T025283.png,5172,LOW,5%,1
T025288,247574,4281,data/corrupted/100k_blur_15x15_s5/train/T025288.png,data/corrupted/100k_blur_15x15_s5/train/T025288.png,3090,LOW,5%,1
T025306,274838,4874,data/corrupted/100k_blur_15x15_s5/train/T025306.png,data/corrupted/100k_blur_15x15_s5/train/T025306.png,61,LOW,5%,1
T025312,274892,4874,data/corrupted/100k_blur_15x15_s5/train/T025312.png,data/corrupted/100k_blur_15x15_s5/train/T025312.png,1668,LOW,5%,1
T025315,274829,4874,data/corrupted/100k_blur_15x15_s5/train/T025315.png,data/corrupted/100k_blur_15x15_s5/train/T025315.png,587,LOW,5%,1
T025325,274886,4874,data/corrupted/100k_blur_15x15_s5/train/T025325.png,data/corrupted/100k_blur_15x15_s5/train/T025325.png,1764,LOW,5%,1
T025334,274804,4874,data/corrupted/100k_blur_15x15_s5/train/T025334.png,data/corrupted/100k_blur_15x15_s5/train/T025334.png,370,LOW,5%,1
T025335,274809,4874,data/corrupted/100k_blur_15x15_s5/train/T025335.png,data/corrupted/100k_blur_15x15_s5/train/T025335.png,5706,LOW,5%,1
T025340,274889,4874,data/corrupted/100k_blur_15x15_s5/train/T025340.png,data/corrupted/100k_blur_15x15_s5/train/T025340.png,8767,LOW,5%,1
T025356,289227,5191,data/corrupted/100k_blur_15x15_s5/train/T025356.png,data/corrupted/100k_blur_15x15_s5/train/T025356.png,7888,LOW,5%,1
T025379,289236,5191,data/corrupted/100k_blur_15x15_s5/train/T025379.png,data/corrupted/100k_blur_15x15_s5/train/T025379.png,2010,LOW,5%,1
T025386,289252,5191,data/corrupted/100k_blur_15x15_s5/train/T025386.png,data/corrupted/100k_blur_15x15_s5/train/T025386.png,595,LOW,5%,1
T025414,343026,6357,data/corrupted/100k_blur_15x15_s5/train/T025414.png,data/corrupted/100k_blur_15x15_s5/train/T025414.png,9082,LOW,5%,1
T025429,343094,6357,data/corrupted/100k_blur_15x15_s5/train/T025429.png,data/corrupted/100k_blur_15x15_s5/train/T025429.png,2493,LOW,5%,1
T025438,343112,6357,data/corrupted/100k_blur_15x15_s5/train/T025438.png,data/corrupted/100k_blur_15x15_s5/train/T025438.png,6097,LOW,5%,1
T025442,343007,6357,data/corrupted/100k_blur_15x15_s5/train/T025442.png,data/corrupted/100k_blur_15x15_s5/train/T025442.png,444,LOW,5%,1
T025447,343079,6357,data/corrupted/100k_blur_15x15_s5/train/T025447.png,data/corrupted/100k_blur_15x15_s5/train/T025447.png,206,LOW,5%,1
T025451,450700,9241,data/corrupted/100k_blur_15x15_s5/train/T025451.png,data/corrupted/100k_blur_15x15_s5/train/T025451.png,7665,LOW,5%,1
T025487,450705,9241,data/corrupted/100k_blur_15x15_s5/train/T025487.png,data/corrupted/100k_blur_15x15_s5/train/T025487.png,1163,LOW,5%,1
T025517,50244,521,data/corrupted/100k_blur_15x15_s5/train/T025517.png,data/corrupted/100k_blur_15x15_s5/train/T025517.png,1966,LOW,5%,1
T025550,84171,1017,data/corrupted/100k_blur_15x15_s5/train/T025550.png,data/corrupted/100k_blur_15x15_s5/train/T025550.png,6412,LOW,5%,1
T025568,84256,1017,data/corrupted/100k_blur_15x15_s5/train/T025568.png,data/corrupted/100k_blur_15x15_s5/train/T025568.png,3491,LOW,5%,1
T025581,84158,1017,data/corrupted/100k_blur_15x15_s5/train/T025581.png,data/corrupted/100k_blur_15x15_s5/train/T025581.png,536,LOW,5%,1
T025689,215522,3597,data/corrupted/100k_blur_15x15_s5/train/T025689.png,data/corrupted/100k_blur_15x15_s5/train/T025689.png,2072,LOW,5%,1
T025727,243117,4187,data/corrupted/100k_blur_15x15_s5/train/T025727.png,data/corrupted/100k_blur_15x15_s5/train/T025727.png,4027,LOW,5%,1
T025732,243177,4187,data/corrupted/100k_blur_15x15_s5/train/T025732.png,data/corrupted/100k_blur_15x15_s5/train/T025732.png,5511,LOW,5%,1
T025757,406358,7995,data/corrupted/100k_blur_15x15_s5/train/T025757.png,data/corrupted/100k_blur_15x15_s5/train/T025757.png,4088,LOW,5%,1
T025758,406429,7995,data/corrupted/100k_blur_15x15_s5/train/T025758.png,data/corrupted/100k_blur_15x15_s5/train/T025758.png,73,LOW,5%,1
T025761,406355,7995,data/corrupted/100k_blur_15x15_s5/train/T025761.png,data/corrupted/100k_blur_15x15_s5/train/T025761.png,449,LOW,5%,1
T025775,406435,7995,data/corrupted/100k_blur_15x15_s5/train/T025775.png,data/corrupted/100k_blur_15x15_s5/train/T025775.png,5582,LOW,5%,1
T025795,406410,7995,data/corrupted/100k_blur_15x15_s5/train/T025795.png,data/corrupted/100k_blur_15x15_s5/train/T025795.png,176,LOW,5%,1
T025804,55623,595,data/corrupted/100k_blur_15x15_s5/train/T025804.png,data/corrupted/100k_blur_15x15_s5/train/T025804.png,254,LOW,5%,1
T025843,55630,595,data/corrupted/100k_blur_15x15_s5/train/T025843.png,data/corrupted/100k_blur_15x15_s5/train/T025843.png,638,LOW,5%,1
T025857,139227,2004,data/corrupted/100k_blur_15x15_s5/train/T025857.png,data/corrupted/100k_blur_15x15_s5/train/T025857.png,171,LOW,5%,1
T025864,139157,2004,data/corrupted/100k_blur_15x15_s5/train/T025864.png,data/corrupted/100k_blur_15x15_s5/train/T025864.png,8496,LOW,5%,1
T025887,139191,2004,data/corrupted/100k_blur_15x15_s5/train/T025887.png,data/corrupted/100k_blur_15x15_s5/train/T025887.png,595,LOW,5%,1
T025947,382343,7319,data/corrupted/100k_blur_15x15_s5/train/T025947.png,data/corrupted/100k_blur_15x15_s5/train/T025947.png,4145,LOW,5%,1
T026012,193256,3098,data/corrupted/100k_blur_15x15_s5/train/T026012.png,data/corrupted/100k_blur_15x15_s5/train/T026012.png,844,LOW,5%,1
T026020,193351,3098,data/corrupted/100k_blur_15x15_s5/train/T026020.png,data/corrupted/100k_blur_15x15_s5/train/T026020.png,354,LOW,5%,1
T026029,193308,3098,data/corrupted/100k_blur_15x15_s5/train/T026029.png,data/corrupted/100k_blur_15x15_s5/train/T026029.png,9512,LOW,5%,1
T026042,193340,3098,data/corrupted/100k_blur_15x15_s5/train/T026042.png,data/corrupted/100k_blur_15x15_s5/train/T026042.png,10359,LOW,5%,1
T026047,193355,3098,data/corrupted/100k_blur_15x15_s5/train/T026047.png,data/corrupted/100k_blur_15x15_s5/train/T026047.png,1769,LOW,5%,1
T026059,410972,8108,data/corrupted/100k_blur_15x15_s5/train/T026059.png,data/corrupted/100k_blur_15x15_s5/train/T026059.png,46,LOW,5%,1
T026064,411025,8108,data/corrupted/100k_blur_15x15_s5/train/T026064.png,data/corrupted/100k_blur_15x15_s5/train/T026064.png,10,LOW,5%,1
T026075,410949,8108,data/corrupted/100k_blur_15x15_s5/train/T026075.png,data/corrupted/100k_blur_15x15_s5/train/T026075.png,1150,LOW,5%,1
T026080,411018,8108,data/corrupted/100k_blur_15x15_s5/train/T026080.png,data/corrupted/100k_blur_15x15_s5/train/T026080.png,573,LOW,5%,1
T026104,420016,8380,data/corrupted/100k_blur_15x15_s5/train/T026104.png,data/corrupted/100k_blur_15x15_s5/train/T026104.png,258,LOW,5%,1
T026118,420026,8380,data/corrupted/100k_blur_15x15_s5/train/T026118.png,data/corrupted/100k_blur_15x15_s5/train/T026118.png,8408,LOW,5%,1
T026119,420027,8380,data/corrupted/100k_blur_15x15_s5/train/T026119.png,data/corrupted/100k_blur_15x15_s5/train/T026119.png,1161,LOW,5%,1
T026137,419962,8380,data/corrupted/100k_blur_15x15_s5/train/T026137.png,data/corrupted/100k_blur_15x15_s5/train/T026137.png,4887,LOW,5%,1
T026145,420030,8380,data/corrupted/100k_blur_15x15_s5/train/T026145.png,data/corrupted/100k_blur_15x15_s5/train/T026145.png,9701,LOW,5%,1
T026158,83604,1012,data/corrupted/100k_blur_15x15_s5/train/T026158.png,data/corrupted/100k_blur_15x15_s5/train/T026158.png,5385,LOW,5%,1
T026169,83520,1012,data/corrupted/100k_blur_15x15_s5/train/T026169.png,data/corrupted/100k_blur_15x15_s5/train/T026169.png,152,LOW,5%,1
T026221,176032,2731,data/corrupted/100k_blur_15x15_s5/train/T026221.png,data/corrupted/100k_blur_15x15_s5/train/T026221.png,261,LOW,5%,1
T026282,189547,3016,data/corrupted/100k_blur_15x15_s5/train/T026282.png,data/corrupted/100k_blur_15x15_s5/train/T026282.png,7630,LOW,5%,1
T026283,189456,3016,data/corrupted/100k_blur_15x15_s5/train/T026283.png,data/corrupted/100k_blur_15x15_s5/train/T026283.png,5514,LOW,5%,1
T026366,43583,430,data/corrupted/100k_blur_15x15_s5/train/T026366.png,data/corrupted/100k_blur_15x15_s5/train/T026366.png,4949,LOW,5%,1
T026367,43625,430,data/corrupted/100k_blur_15x15_s5/train/T026367.png,data/corrupted/100k_blur_15x15_s5/train/T026367.png,3725,LOW,5%,1
T026383,43659,430,data/corrupted/100k_blur_15x15_s5/train/T026383.png,data/corrupted/100k_blur_15x15_s5/train/T026383.png,9164,LOW,5%,1
T026399,43572,430,data/corrupted/100k_blur_15x15_s5/train/T026399.png,data/corrupted/100k_blur_15x15_s5/train/T026399.png,4384,LOW,5%,1
T026414,62466,690,data/corrupted/100k_blur_15x15_s5/train/T026414.png,data/corrupted/100k_blur_15x15_s5/train/T026414.png,12,LOW,5%,1
T026418,62511,690,data/corrupted/100k_blur_15x15_s5/train/T026418.png,data/corrupted/100k_blur_15x15_s5/train/T026418.png,5991,LOW,5%,1
T026445,62476,690,data/corrupted/100k_blur_15x15_s5/train/T026445.png,data/corrupted/100k_blur_15x15_s5/train/T026445.png,4497,LOW,5%,1
T026516,95437,1164,data/corrupted/100k_blur_15x15_s5/train/T026516.png,data/corrupted/100k_blur_15x15_s5/train/T026516.png,41,LOW,5%,1
T026519,95426,1164,data/corrupted/100k_blur_15x15_s5/train/T026519.png,data/corrupted/100k_blur_15x15_s5/train/T026519.png,2390,LOW,5%,1
T026529,95500,1164,data/corrupted/100k_blur_15x15_s5/train/T026529.png,data/corrupted/100k_blur_15x15_s5/train/T026529.png,959,LOW,5%,1
T026551,134728,1909,data/corrupted/100k_blur_15x15_s5/train/T026551.png,data/corrupted/100k_blur_15x15_s5/train/T026551.png,278,LOW,5%,1
T026567,134827,1909,data/corrupted/100k_blur_15x15_s5/train/T026567.png,data/corrupted/100k_blur_15x15_s5/train/T026567.png,6996,LOW,5%,1
T026577,134790,1909,data/corrupted/100k_blur_15x15_s5/train/T026577.png,data/corrupted/100k_blur_15x15_s5/train/T026577.png,37,LOW,5%,1
T026587,134794,1909,data/corrupted/100k_blur_15x15_s5/train/T026587.png,data/corrupted/100k_blur_15x15_s5/train/T026587.png,2618,LOW,5%,1
T026592,134759,1909,data/corrupted/100k_blur_15x15_s5/train/T026592.png,data/corrupted/100k_blur_15x15_s5/train/T026592.png,6887,LOW,5%,1
T026594,134810,1909,data/corrupted/100k_blur_15x15_s5/train/T026594.png,data/corrupted/100k_blur_15x15_s5/train/T026594.png,4303,LOW,5%,1
T026628,163360,2485,data/corrupted/100k_blur_15x15_s5/train/T026628.png,data/corrupted/100k_blur_15x15_s5/train/T026628.png,4164,LOW,5%,1
T026632,163357,2485,data/corrupted/100k_blur_15x15_s5/train/T026632.png,data/corrupted/100k_blur_15x15_s5/train/T026632.png,5830,LOW,5%,1
T026674,190441,3025,data/corrupted/100k_blur_15x15_s5/train/T026674.png,data/corrupted/100k_blur_15x15_s5/train/T026674.png,5803,LOW,5%,1
T026692,190459,3025,data/corrupted/100k_blur_15x15_s5/train/T026692.png,data/corrupted/100k_blur_15x15_s5/train/T026692.png,1758,LOW,5%,1
T026740,206621,3400,data/corrupted/100k_blur_15x15_s5/train/T026740.png,data/corrupted/100k_blur_15x15_s5/train/T026740.png,1193,LOW,5%,1
T026751,212989,3524,data/corrupted/100k_blur_15x15_s5/train/T026751.png,data/corrupted/100k_blur_15x15_s5/train/T026751.png,2965,LOW,5%,1
T026753,212966,3524,data/corrupted/100k_blur_15x15_s5/train/T026753.png,data/corrupted/100k_blur_15x15_s5/train/T026753.png,6406,LOW,5%,1
T026768,212933,3524,data/corrupted/100k_blur_15x15_s5/train/T026768.png,data/corrupted/100k_blur_15x15_s5/train/T026768.png,4322,LOW,5%,1
T026780,212968,3524,data/corrupted/100k_blur_15x15_s5/train/T026780.png,data/corrupted/100k_blur_15x15_s5/train/T026780.png,7803,LOW,5%,1
T026813,284185,5078,data/corrupted/100k_blur_15x15_s5/train/T026813.png,data/corrupted/100k_blur_15x15_s5/train/T026813.png,4164,LOW,5%,1
T026890,302003,5470,data/corrupted/100k_blur_15x15_s5/train/T026890.png,data/corrupted/100k_blur_15x15_s5/train/T026890.png,10177,LOW,5%,1
T026904,389849,7525,data/corrupted/100k_blur_15x15_s5/train/T026904.png,data/corrupted/100k_blur_15x15_s5/train/T026904.png,125,LOW,5%,1
T026990,396310,7714,data/corrupted/100k_blur_15x15_s5/train/T026990.png,data/corrupted/100k_blur_15x15_s5/train/T026990.png,7076,LOW,5%,1
T027032,17804,137,data/corrupted/100k_blur_15x15_s5/train/T027032.png,data/corrupted/100k_blur_15x15_s5/train/T027032.png,763,LOW,5%,1
T027061,44366,444,data/corrupted/100k_blur_15x15_s5/train/T027061.png,data/corrupted/100k_blur_15x15_s5/train/T027061.png,2818,LOW,5%,1
T027064,44438,444,data/corrupted/100k_blur_15x15_s5/train/T027064.png,data/corrupted/100k_blur_15x15_s5/train/T027064.png,4265,LOW,5%,1
T027093,44431,444,data/corrupted/100k_blur_15x15_s5/train/T027093.png,data/corrupted/100k_blur_15x15_s5/train/T027093.png,4939,LOW,5%,1
T027100,71179,854,data/corrupted/100k_blur_15x15_s5/train/T027100.png,data/corrupted/100k_blur_15x15_s5/train/T027100.png,6265,LOW,5%,1
T027139,71214,854,data/corrupted/100k_blur_15x15_s5/train/T027139.png,data/corrupted/100k_blur_15x15_s5/train/T027139.png,5162,LOW,5%,1
T027164,82021,995,data/corrupted/100k_blur_15x15_s5/train/T027164.png,data/corrupted/100k_blur_15x15_s5/train/T027164.png,1545,LOW,5%,1
T027196,82018,995,data/corrupted/100k_blur_15x15_s5/train/T027196.png,data/corrupted/100k_blur_15x15_s5/train/T027196.png,1056,LOW,5%,1
T027206,210511,3470,data/corrupted/100k_blur_15x15_s5/train/T027206.png,data/corrupted/100k_blur_15x15_s5/train/T027206.png,4150,LOW,5%,1
T027233,210501,3470,data/corrupted/100k_blur_15x15_s5/train/T027233.png,data/corrupted/100k_blur_15x15_s5/train/T027233.png,237,LOW,5%,1
T027258,272150,4816,data/corrupted/100k_blur_15x15_s5/train/T027258.png,data/corrupted/100k_blur_15x15_s5/train/T027258.png,5488,LOW,5%,1
T027260,272199,4816,data/corrupted/100k_blur_15x15_s5/train/T027260.png,data/corrupted/100k_blur_15x15_s5/train/T027260.png,4384,LOW,5%,1
T027268,272128,4816,data/corrupted/100k_blur_15x15_s5/train/T027268.png,data/corrupted/100k_blur_15x15_s5/train/T027268.png,9258,LOW,5%,1
T027289,272229,4816,data/corrupted/100k_blur_15x15_s5/train/T027289.png,data/corrupted/100k_blur_15x15_s5/train/T027289.png,3813,LOW,5%,1
T027290,272209,4816,data/corrupted/100k_blur_15x15_s5/train/T027290.png,data/corrupted/100k_blur_15x15_s5/train/T027290.png,2731,LOW,5%,1
T027291,272220,4816,data/corrupted/100k_blur_15x15_s5/train/T027291.png,data/corrupted/100k_blur_15x15_s5/train/T027291.png,485,LOW,5%,1
T027325,371999,7042,data/corrupted/100k_blur_15x15_s5/train/T027325.png,data/corrupted/100k_blur_15x15_s5/train/T027325.png,3098,LOW,5%,1
T027345,371934,7042,data/corrupted/100k_blur_15x15_s5/train/T027345.png,data/corrupted/100k_blur_15x15_s5/train/T027345.png,2902,LOW,5%,1
T027347,371915,7042,data/corrupted/100k_blur_15x15_s5/train/T027347.png,data/corrupted/100k_blur_15x15_s5/train/T027347.png,3439,LOW,5%,1
T027359,1648,12,data/corrupted/100k_blur_15x15_s5/train/T027359.png,data/corrupted/100k_blur_15x15_s5/train/T027359.png,9063,LOW,5%,1
T027373,1537,12,data/corrupted/100k_blur_15x15_s5/train/T027373.png,data/corrupted/100k_blur_15x15_s5/train/T027373.png,5846,LOW,5%,1
T027393,1642,12,data/corrupted/100k_blur_15x15_s5/train/T027393.png,data/corrupted/100k_blur_15x15_s5/train/T027393.png,2559,LOW,5%,1
T027406,35614,315,data/corrupted/100k_blur_15x15_s5/train/T027406.png,data/corrupted/100k_blur_15x15_s5/train/T027406.png,854,LOW,5%,1
T027414,35493,315,data/corrupted/100k_blur_15x15_s5/train/T027414.png,data/corrupted/100k_blur_15x15_s5/train/T027414.png,6871,LOW,5%,1
T027428,35548,315,data/corrupted/100k_blur_15x15_s5/train/T027428.png,data/corrupted/100k_blur_15x15_s5/train/T027428.png,578,LOW,5%,1
T027436,35594,315,data/corrupted/100k_blur_15x15_s5/train/T027436.png,data/corrupted/100k_blur_15x15_s5/train/T027436.png,917,LOW,5%,1
T027474,229806,3922,data/corrupted/100k_blur_15x15_s5/train/T027474.png,data/corrupted/100k_blur_15x15_s5/train/T027474.png,1036,LOW,5%,1
T027506,303428,5503,data/corrupted/100k_blur_15x15_s5/train/T027506.png,data/corrupted/100k_blur_15x15_s5/train/T027506.png,2455,LOW,5%,1
T027520,303435,5503,data/corrupted/100k_blur_15x15_s5/train/T027520.png,data/corrupted/100k_blur_15x15_s5/train/T027520.png,4306,LOW,5%,1
T027521,303305,5503,data/corrupted/100k_blur_15x15_s5/train/T027521.png,data/corrupted/100k_blur_15x15_s5/train/T027521.png,56,LOW,5%,1
T027528,303353,5503,data/corrupted/100k_blur_15x15_s5/train/T027528.png,data/corrupted/100k_blur_15x15_s5/train/T027528.png,8022,LOW,5%,1
T027544,303318,5503,data/corrupted/100k_blur_15x15_s5/train/T027544.png,data/corrupted/100k_blur_15x15_s5/train/T027544.png,6745,LOW,5%,1
T027561,311151,5671,data/corrupted/100k_blur_15x15_s5/train/T027561.png,data/corrupted/100k_blur_15x15_s5/train/T027561.png,7299,LOW,5%,1
T027563,311081,5671,data/corrupted/100k_blur_15x15_s5/train/T027563.png,data/corrupted/100k_blur_15x15_s5/train/T027563.png,581,LOW,5%,1
T027577,311137,5671,data/corrupted/100k_blur_15x15_s5/train/T027577.png,data/corrupted/100k_blur_15x15_s5/train/T027577.png,1087,LOW,5%,1
T027601,95347,1163,data/corrupted/100k_blur_15x15_s5/train/T027601.png,data/corrupted/100k_blur_15x15_s5/train/T027601.png,35,LOW,5%,1
T027607,95390,1163,data/corrupted/100k_blur_15x15_s5/train/T027607.png,data/corrupted/100k_blur_15x15_s5/train/T027607.png,130,LOW,5%,1
T027609,95345,1163,data/corrupted/100k_blur_15x15_s5/train/T027609.png,data/corrupted/100k_blur_15x15_s5/train/T027609.png,74,LOW,5%,1
T027617,95318,1163,data/corrupted/100k_blur_15x15_s5/train/T027617.png,data/corrupted/100k_blur_15x15_s5/train/T027617.png,170,LOW,5%,1
T027624,95319,1163,data/corrupted/100k_blur_15x15_s5/train/T027624.png,data/corrupted/100k_blur_15x15_s5/train/T027624.png,4949,LOW,5%,1
T027634,95346,1163,data/corrupted/100k_blur_15x15_s5/train/T027634.png,data/corrupted/100k_blur_15x15_s5/train/T027634.png,5377,LOW,5%,1
T027655,180595,2818,data/corrupted/100k_blur_15x15_s5/train/T027655.png,data/corrupted/100k_blur_15x15_s5/train/T027655.png,226,LOW,5%,1
T027704,251238,4352,data/corrupted/100k_blur_15x15_s5/train/T027704.png,data/corrupted/100k_blur_15x15_s5/train/T027704.png,2892,LOW,5%,1
T027706,251249,4352,data/corrupted/100k_blur_15x15_s5/train/T027706.png,data/corrupted/100k_blur_15x15_s5/train/T027706.png,1034,LOW,5%,1
T027714,251151,4352,data/corrupted/100k_blur_15x15_s5/train/T027714.png,data/corrupted/100k_blur_15x15_s5/train/T027714.png,1361,LOW,5%,1
T027727,251142,4352,data/corrupted/100k_blur_15x15_s5/train/T027727.png,data/corrupted/100k_blur_15x15_s5/train/T027727.png,9733,LOW,5%,1
T027749,251166,4352,data/corrupted/100k_blur_15x15_s5/train/T027749.png,data/corrupted/100k_blur_15x15_s5/train/T027749.png,1362,LOW,5%,1
T027756,379570,7242,data/corrupted/100k_blur_15x15_s5/train/T027756.png,data/corrupted/100k_blur_15x15_s5/train/T027756.png,8388,LOW,5%,1
T027767,379593,7242,data/corrupted/100k_blur_15x15_s5/train/T027767.png,data/corrupted/100k_blur_15x15_s5/train/T027767.png,1514,LOW,5%,1
T027815,90744,1104,data/corrupted/100k_blur_15x15_s5/train/T027815.png,data/corrupted/100k_blur_15x15_s5/train/T027815.png,392,LOW,5%,1
T027838,90629,1104,data/corrupted/100k_blur_15x15_s5/train/T027838.png,data/corrupted/100k_blur_15x15_s5/train/T027838.png,2293,LOW,5%,1
T027847,90685,1104,data/corrupted/100k_blur_15x15_s5/train/T027847.png,data/corrupted/100k_blur_15x15_s5/train/T027847.png,179,LOW,5%,1
T027857,92869,1132,data/corrupted/100k_blur_15x15_s5/train/T027857.png,data/corrupted/100k_blur_15x15_s5/train/T027857.png,9229,LOW,5%,1
T027881,92890,1132,data/corrupted/100k_blur_15x15_s5/train/T027881.png,data/corrupted/100k_blur_15x15_s5/train/T027881.png,5245,LOW,5%,1
T027885,92980,1132,data/corrupted/100k_blur_15x15_s5/train/T027885.png,data/corrupted/100k_blur_15x15_s5/train/T027885.png,4424,LOW,5%,1
T027896,92908,1132,data/corrupted/100k_blur_15x15_s5/train/T027896.png,data/corrupted/100k_blur_15x15_s5/train/T027896.png,5320,LOW,5%,1
T027920,94396,1152,data/corrupted/100k_blur_15x15_s5/train/T027920.png,data/corrupted/100k_blur_15x15_s5/train/T027920.png,5761,LOW,5%,1
T027930,94356,1152,data/corrupted/100k_blur_15x15_s5/train/T027930.png,data/corrupted/100k_blur_15x15_s5/train/T027930.png,6669,LOW,5%,1
T027935,94404,1152,data/corrupted/100k_blur_15x15_s5/train/T027935.png,data/corrupted/100k_blur_15x15_s5/train/T027935.png,659,LOW,5%,1
T027986,111715,1412,data/corrupted/100k_blur_15x15_s5/train/T027986.png,data/corrupted/100k_blur_15x15_s5/train/T027986.png,7925,LOW,5%,1
T028004,114768,1490,data/corrupted/100k_blur_15x15_s5/train/T028004.png,data/corrupted/100k_blur_15x15_s5/train/T028004.png,4024,LOW,5%,1
T028006,114835,1490,data/corrupted/100k_blur_15x15_s5/train/T028006.png,data/corrupted/100k_blur_15x15_s5/train/T028006.png,3180,LOW,5%,1
T028044,114890,1490,data/corrupted/100k_blur_15x15_s5/train/T028044.png,data/corrupted/100k_blur_15x15_s5/train/T028044.png,3986,LOW,5%,1
T028057,300798,5446,data/corrupted/100k_blur_15x15_s5/train/T028057.png,data/corrupted/100k_blur_15x15_s5/train/T028057.png,3586,LOW,5%,1
T028065,300740,5446,data/corrupted/100k_blur_15x15_s5/train/T028065.png,data/corrupted/100k_blur_15x15_s5/train/T028065.png,3721,LOW,5%,1
T028108,359101,6733,data/corrupted/100k_blur_15x15_s5/train/T028108.png,data/corrupted/100k_blur_15x15_s5/train/T028108.png,9519,LOW,5%,1
T028111,359038,6733,data/corrupted/100k_blur_15x15_s5/train/T028111.png,data/corrupted/100k_blur_15x15_s5/train/T028111.png,5086,LOW,5%,1
T028128,359105,6733,data/corrupted/100k_blur_15x15_s5/train/T028128.png,data/corrupted/100k_blur_15x15_s5/train/T028128.png,5078,LOW,5%,1
T028155,166277,2549,data/corrupted/100k_blur_15x15_s5/train/T028155.png,data/corrupted/100k_blur_15x15_s5/train/T028155.png,4151,LOW,5%,1
T028165,166273,2549,data/corrupted/100k_blur_15x15_s5/train/T028165.png,data/corrupted/100k_blur_15x15_s5/train/T028165.png,947,LOW,5%,1
T028186,166231,2549,data/corrupted/100k_blur_15x15_s5/train/T028186.png,data/corrupted/100k_blur_15x15_s5/train/T028186.png,4401,LOW,5%,1
T028193,166348,2549,data/corrupted/100k_blur_15x15_s5/train/T028193.png,data/corrupted/100k_blur_15x15_s5/train/T028193.png,2227,LOW,5%,1
T028205,172179,2656,data/corrupted/100k_blur_15x15_s5/train/T028205.png,data/corrupted/100k_blur_15x15_s5/train/T028205.png,138,LOW,5%,1
T028207,172184,2656,data/corrupted/100k_blur_15x15_s5/train/T028207.png,data/corrupted/100k_blur_15x15_s5/train/T028207.png,5016,LOW,5%,1
T028259,268346,4724,data/corrupted/100k_blur_15x15_s5/train/T028259.png,data/corrupted/100k_blur_15x15_s5/train/T028259.png,83,LOW,5%,1
T028272,268337,4724,data/corrupted/100k_blur_15x15_s5/train/T028272.png,data/corrupted/100k_blur_15x15_s5/train/T028272.png,578,LOW,5%,1
T028277,268395,4724,data/corrupted/100k_blur_15x15_s5/train/T028277.png,data/corrupted/100k_blur_15x15_s5/train/T028277.png,25,LOW,5%,1
T028281,268344,4724,data/corrupted/100k_blur_15x15_s5/train/T028281.png,data/corrupted/100k_blur_15x15_s5/train/T028281.png,93,LOW,5%,1
T028295,268334,4724,data/corrupted/100k_blur_15x15_s5/train/T028295.png,data/corrupted/100k_blur_15x15_s5/train/T028295.png,977,LOW,5%,1
T028303,378980,7226,data/corrupted/100k_blur_15x15_s5/train/T028303.png,data/corrupted/100k_blur_15x15_s5/train/T028303.png,3572,LOW,5%,1
T028344,379059,7226,data/corrupted/100k_blur_15x15_s5/train/T028344.png,data/corrupted/100k_blur_15x15_s5/train/T028344.png,956,LOW,5%,1
T028369,70665,847,data/corrupted/100k_blur_15x15_s5/train/T028369.png,data/corrupted/100k_blur_15x15_s5/train/T028369.png,2439,LOW,5%,1
T028372,70673,847,data/corrupted/100k_blur_15x15_s5/train/T028372.png,data/corrupted/100k_blur_15x15_s5/train/T028372.png,341,LOW,5%,1
T028378,70599,847,data/corrupted/100k_blur_15x15_s5/train/T028378.png,data/corrupted/100k_blur_15x15_s5/train/T028378.png,1592,LOW,5%,1
T028385,70700,847,data/corrupted/100k_blur_15x15_s5/train/T028385.png,data/corrupted/100k_blur_15x15_s5/train/T028385.png,3214,LOW,5%,1
T028405,171479,2645,data/corrupted/100k_blur_15x15_s5/train/T028405.png,data/corrupted/100k_blur_15x15_s5/train/T028405.png,43,LOW,5%,1
T028418,171388,2645,data/corrupted/100k_blur_15x15_s5/train/T028418.png,data/corrupted/100k_blur_15x15_s5/train/T028418.png,1040,LOW,5%,1
T028474,179067,2786,data/corrupted/100k_blur_15x15_s5/train/T028474.png,data/corrupted/100k_blur_15x15_s5/train/T028474.png,1546,LOW,5%,1
T028476,179061,2786,data/corrupted/100k_blur_15x15_s5/train/T028476.png,data/corrupted/100k_blur_15x15_s5/train/T028476.png,6244,LOW,5%,1
T028491,179133,2786,data/corrupted/100k_blur_15x15_s5/train/T028491.png,data/corrupted/100k_blur_15x15_s5/train/T028491.png,7176,LOW,5%,1
T028574,223392,3759,data/corrupted/100k_blur_15x15_s5/train/T028574.png,data/corrupted/100k_blur_15x15_s5/train/T028574.png,290,LOW,5%,1
T028588,223426,3759,data/corrupted/100k_blur_15x15_s5/train/T028588.png,data/corrupted/100k_blur_15x15_s5/train/T028588.png,9543,LOW,5%,1
T028634,862,6,data/corrupted/100k_blur_15x15_s5/train/T028634.png,data/corrupted/100k_blur_15x15_s5/train/T028634.png,5235,LOW,5%,1
T028637,944,6,data/corrupted/100k_blur_15x15_s5/train/T028637.png,data/corrupted/100k_blur_15x15_s5/train/T028637.png,294,LOW,5%,1
T028683,20672,168,data/corrupted/100k_blur_15x15_s5/train/T028683.png,data/corrupted/100k_blur_15x15_s5/train/T028683.png,43,LOW,5%,1
T028710,29968,249,data/corrupted/100k_blur_15x15_s5/train/T028710.png,data/corrupted/100k_blur_15x15_s5/train/T028710.png,3705,LOW,5%,1
T028777,110207,1375,data/corrupted/100k_blur_15x15_s5/train/T028777.png,data/corrupted/100k_blur_15x15_s5/train/T028777.png,2918,LOW,5%,1
T028783,110191,1375,data/corrupted/100k_blur_15x15_s5/train/T028783.png,data/corrupted/100k_blur_15x15_s5/train/T028783.png,108,LOW,5%,1
T028882,317339,5814,data/corrupted/100k_blur_15x15_s5/train/T028882.png,data/corrupted/100k_blur_15x15_s5/train/T028882.png,5643,LOW,5%,1
T028907,332618,6135,data/corrupted/100k_blur_15x15_s5/train/T028907.png,data/corrupted/100k_blur_15x15_s5/train/T028907.png,2083,LOW,5%,1
T028941,332526,6135,data/corrupted/100k_blur_15x15_s5/train/T028941.png,data/corrupted/100k_blur_15x15_s5/train/T028941.png,23,LOW,5%,1
T028949,332542,6135,data/corrupted/100k_blur_15x15_s5/train/T028949.png,data/corrupted/100k_blur_15x15_s5/train/T028949.png,7165,LOW,5%,1
T028961,400280,7818,data/corrupted/100k_blur_15x15_s5/train/T028961.png,data/corrupted/100k_blur_15x15_s5/train/T028961.png,1017,LOW,5%,1
T028974,400258,7818,data/corrupted/100k_blur_15x15_s5/train/T028974.png,data/corrupted/100k_blur_15x15_s5/train/T028974.png,2472,LOW,5%,1
T028983,400263,7818,data/corrupted/100k_blur_15x15_s5/train/T028983.png,data/corrupted/100k_blur_15x15_s5/train/T028983.png,654,LOW,5%,1
T029041,449349,9210,data/corrupted/100k_blur_15x15_s5/train/T029041.png,data/corrupted/100k_blur_15x15_s5/train/T029041.png,4303,LOW,5%,1
T029074,59432,651,data/corrupted/100k_blur_15x15_s5/train/T029074.png,data/corrupted/100k_blur_15x15_s5/train/T029074.png,749,LOW,5%,1
T029091,59365,651,data/corrupted/100k_blur_15x15_s5/train/T029091.png,data/corrupted/100k_blur_15x15_s5/train/T029091.png,4364,LOW,5%,1
T029100,91740,1120,data/corrupted/100k_blur_15x15_s5/train/T029100.png,data/corrupted/100k_blur_15x15_s5/train/T029100.png,238,LOW,5%,1
T029133,91818,1120,data/corrupted/100k_blur_15x15_s5/train/T029133.png,data/corrupted/100k_blur_15x15_s5/train/T029133.png,1384,LOW,5%,1
T029149,91697,1120,data/corrupted/100k_blur_15x15_s5/train/T029149.png,data/corrupted/100k_blur_15x15_s5/train/T029149.png,2378,LOW,5%,1
T029168,97488,1189,data/corrupted/100k_blur_15x15_s5/train/T029168.png,data/corrupted/100k_blur_15x15_s5/train/T029168.png,1541,LOW,5%,1
T029195,97589,1189,data/corrupted/100k_blur_15x15_s5/train/T029195.png,data/corrupted/100k_blur_15x15_s5/train/T029195.png,7144,LOW,5%,1
T029312,307958,5592,data/corrupted/100k_blur_15x15_s5/train/T029312.png,data/corrupted/100k_blur_15x15_s5/train/T029312.png,448,LOW,5%,1
T029347,307864,5592,data/corrupted/100k_blur_15x15_s5/train/T029347.png,data/corrupted/100k_blur_15x15_s5/train/T029347.png,4866,LOW,5%,1
T029378,19548,152,data/corrupted/100k_blur_15x15_s5/train/T029378.png,data/corrupted/100k_blur_15x15_s5/train/T029378.png,7199,LOW,5%,1
T029425,87098,1050,data/corrupted/100k_blur_15x15_s5/train/T029425.png,data/corrupted/100k_blur_15x15_s5/train/T029425.png,4546,LOW,5%,1
T029431,87055,1050,data/corrupted/100k_blur_15x15_s5/train/T029431.png,data/corrupted/100k_blur_15x15_s5/train/T029431.png,5610,LOW,5%,1
T029435,87114,1050,data/corrupted/100k_blur_15x15_s5/train/T029435.png,data/corrupted/100k_blur_15x15_s5/train/T029435.png,7440,LOW,5%,1
T029449,87059,1050,data/corrupted/100k_blur_15x15_s5/train/T029449.png,data/corrupted/100k_blur_15x15_s5/train/T029449.png,9345,LOW,5%,1
T029515,156176,2352,data/corrupted/100k_blur_15x15_s5/train/T029515.png,data/corrupted/100k_blur_15x15_s5/train/T029515.png,8867,LOW,5%,1
T029521,156183,2352,data/corrupted/100k_blur_15x15_s5/train/T029521.png,data/corrupted/100k_blur_15x15_s5/train/T029521.png,3052,LOW,5%,1
T029523,156128,2352,data/corrupted/100k_blur_15x15_s5/train/T029523.png,data/corrupted/100k_blur_15x15_s5/train/T029523.png,1022,LOW,5%,1
T029563,386820,7432,data/corrupted/100k_blur_15x15_s5/train/T029563.png,data/corrupted/100k_blur_15x15_s5/train/T029563.png,1657,LOW,5%,1
T029617,67928,808,data/corrupted/100k_blur_15x15_s5/train/T029617.png,data/corrupted/100k_blur_15x15_s5/train/T029617.png,2882,LOW,5%,1
T029624,67979,808,data/corrupted/100k_blur_15x15_s5/train/T029624.png,data/corrupted/100k_blur_15x15_s5/train/T029624.png,1991,LOW,5%,1
T029628,67940,808,data/corrupted/100k_blur_15x15_s5/train/T029628.png,data/corrupted/100k_blur_15x15_s5/train/T029628.png,897,LOW,5%,1
T029636,67921,808,data/corrupted/100k_blur_15x15_s5/train/T029636.png,data/corrupted/100k_blur_15x15_s5/train/T029636.png,4445,LOW,5%,1
T029642,67982,808,data/corrupted/100k_blur_15x15_s5/train/T029642.png,data/corrupted/100k_blur_15x15_s5/train/T029642.png,16,LOW,5%,1
T029648,67993,808,data/corrupted/100k_blur_15x15_s5/train/T029648.png,data/corrupted/100k_blur_15x15_s5/train/T029648.png,3982,LOW,5%,1
T029654,77338,936,data/corrupted/100k_blur_15x15_s5/train/T029654.png,data/corrupted/100k_blur_15x15_s5/train/T029654.png,9323,LOW,5%,1
T029659,77221,936,data/corrupted/100k_blur_15x15_s5/train/T029659.png,data/corrupted/100k_blur_15x15_s5/train/T029659.png,9272,LOW,5%,1
T029664,77320,936,data/corrupted/100k_blur_15x15_s5/train/T029664.png,data/corrupted/100k_blur_15x15_s5/train/T029664.png,659,LOW,5%,1
T029683,77293,936,data/corrupted/100k_blur_15x15_s5/train/T029683.png,data/corrupted/100k_blur_15x15_s5/train/T029683.png,3169,LOW,5%,1
T029696,77251,936,data/corrupted/100k_blur_15x15_s5/train/T029696.png,data/corrupted/100k_blur_15x15_s5/train/T029696.png,1954,LOW,5%,1
T029706,78799,955,data/corrupted/100k_blur_15x15_s5/train/T029706.png,data/corrupted/100k_blur_15x15_s5/train/T029706.png,2306,LOW,5%,1
T029743,78889,955,data/corrupted/100k_blur_15x15_s5/train/T029743.png,data/corrupted/100k_blur_15x15_s5/train/T029743.png,1326,LOW,5%,1
T029776,269267,4741,data/corrupted/100k_blur_15x15_s5/train/T029776.png,data/corrupted/100k_blur_15x15_s5/train/T029776.png,1372,LOW,5%,1
T029801,285405,5095,data/corrupted/100k_blur_15x15_s5/train/T029801.png,data/corrupted/100k_blur_15x15_s5/train/T029801.png,9119,LOW,5%,1
T029829,285471,5095,data/corrupted/100k_blur_15x15_s5/train/T029829.png,data/corrupted/100k_blur_15x15_s5/train/T029829.png,5937,LOW,5%,1
T029875,373593,7083,data/corrupted/100k_blur_15x15_s5/train/T029875.png,data/corrupted/100k_blur_15x15_s5/train/T029875.png,5225,LOW,5%,1
T029885,373700,7083,data/corrupted/100k_blur_15x15_s5/train/T029885.png,data/corrupted/100k_blur_15x15_s5/train/T029885.png,8416,LOW,5%,1
T029901,85578,1036,data/corrupted/100k_blur_15x15_s5/train/T029901.png,data/corrupted/100k_blur_15x15_s5/train/T029901.png,6170,LOW,5%,1
T029938,85554,1036,data/corrupted/100k_blur_15x15_s5/train/T029938.png,data/corrupted/100k_blur_15x15_s5/train/T029938.png,3253,LOW,5%,1
T029954,185465,2926,data/corrupted/100k_blur_15x15_s5/train/T029954.png,data/corrupted/100k_blur_15x15_s5/train/T029954.png,3265,LOW,5%,1
T029969,185427,2926,data/corrupted/100k_blur_15x15_s5/train/T029969.png,data/corrupted/100k_blur_15x15_s5/train/T029969.png,7120,LOW,5%,1
T029989,185420,2926,data/corrupted/100k_blur_15x15_s5/train/T029989.png,data/corrupted/100k_blur_15x15_s5/train/T029989.png,1196,LOW,5%,1
T030007,275430,4890,data/corrupted/100k_blur_15x15_s5/train/T030007.png,data/corrupted/100k_blur_15x15_s5/train/T030007.png,2027,LOW,5%,1
T030061,292189,5260,data/corrupted/100k_blur_15x15_s5/train/T030061.png,data/corrupted/100k_blur_15x15_s5/train/T030061.png,2650,LOW,5%,1
T030069,292271,5260,data/corrupted/100k_blur_15x15_s5/train/T030069.png,data/corrupted/100k_blur_15x15_s5/train/T030069.png,66,LOW,5%,1
T030072,292253,5260,data/corrupted/100k_blur_15x15_s5/train/T030072.png,data/corrupted/100k_blur_15x15_s5/train/T030072.png,6519,LOW,5%,1
T030077,292181,5260,data/corrupted/100k_blur_15x15_s5/train/T030077.png,data/corrupted/100k_blur_15x15_s5/train/T030077.png,7334,LOW,5%,1
T030091,292240,5260,data/corrupted/100k_blur_15x15_s5/train/T030091.png,data/corrupted/100k_blur_15x15_s5/train/T030091.png,9229,LOW,5%,1
T030112,92800,1131,data/corrupted/100k_blur_15x15_s5/train/T030112.png,data/corrupted/100k_blur_15x15_s5/train/T030112.png,3606,LOW,5%,1
T030148,92830,1131,data/corrupted/100k_blur_15x15_s5/train/T030148.png,data/corrupted/100k_blur_15x15_s5/train/T030148.png,2192,LOW,5%,1
T030152,116760,1533,data/corrupted/100k_blur_15x15_s5/train/T030152.png,data/corrupted/100k_blur_15x15_s5/train/T030152.png,217,LOW,5%,1
T030181,116723,1533,data/corrupted/100k_blur_15x15_s5/train/T030181.png,data/corrupted/100k_blur_15x15_s5/train/T030181.png,5556,LOW,5%,1
T030205,180323,2814,data/corrupted/100k_blur_15x15_s5/train/T030205.png,data/corrupted/100k_blur_15x15_s5/train/T030205.png,5315,LOW,5%,1
T030211,180237,2814,data/corrupted/100k_blur_15x15_s5/train/T030211.png,data/corrupted/100k_blur_15x15_s5/train/T030211.png,3205,LOW,5%,1
T030213,180229,2814,data/corrupted/100k_blur_15x15_s5/train/T030213.png,data/corrupted/100k_blur_15x15_s5/train/T030213.png,4597,LOW,5%,1
T030284,233374,3986,data/corrupted/100k_blur_15x15_s5/train/T030284.png,data/corrupted/100k_blur_15x15_s5/train/T030284.png,187,LOW,5%,1
T030298,233365,3986,data/corrupted/100k_blur_15x15_s5/train/T030298.png,data/corrupted/100k_blur_15x15_s5/train/T030298.png,458,LOW,5%,1
T030302,466003,9733,data/corrupted/100k_blur_15x15_s5/train/T030302.png,data/corrupted/100k_blur_15x15_s5/train/T030302.png,9164,LOW,5%,1
T030310,466068,9733,data/corrupted/100k_blur_15x15_s5/train/T030310.png,data/corrupted/100k_blur_15x15_s5/train/T030310.png,386,LOW,5%,1
T030419,219767,3690,data/corrupted/100k_blur_15x15_s5/train/T030419.png,data/corrupted/100k_blur_15x15_s5/train/T030419.png,8857,LOW,5%,1
T030423,219760,3690,data/corrupted/100k_blur_15x15_s5/train/T030423.png,data/corrupted/100k_blur_15x15_s5/train/T030423.png,4816,LOW,5%,1
T030463,266726,4691,data/corrupted/100k_blur_15x15_s5/train/T030463.png,data/corrupted/100k_blur_15x15_s5/train/T030463.png,5746,LOW,5%,1
T030483,266738,4691,data/corrupted/100k_blur_15x15_s5/train/T030483.png,data/corrupted/100k_blur_15x15_s5/train/T030483.png,1095,LOW,5%,1
T030500,308504,5610,data/corrupted/100k_blur_15x15_s5/train/T030500.png,data/corrupted/100k_blur_15x15_s5/train/T030500.png,248,LOW,5%,1
T030505,308611,5610,data/corrupted/100k_blur_15x15_s5/train/T030505.png,data/corrupted/100k_blur_15x15_s5/train/T030505.png,6909,LOW,5%,1
T030523,308488,5610,data/corrupted/100k_blur_15x15_s5/train/T030523.png,data/corrupted/100k_blur_15x15_s5/train/T030523.png,8857,LOW,5%,1
T030529,308508,5610,data/corrupted/100k_blur_15x15_s5/train/T030529.png,data/corrupted/100k_blur_15x15_s5/train/T030529.png,5643,LOW,5%,1
T030532,308544,5610,data/corrupted/100k_blur_15x15_s5/train/T030532.png,data/corrupted/100k_blur_15x15_s5/train/T030532.png,2009,LOW,5%,1
T030540,308595,5610,data/corrupted/100k_blur_15x15_s5/train/T030540.png,data/corrupted/100k_blur_15x15_s5/train/T030540.png,209,LOW,5%,1
T030568,72668,869,data/corrupted/100k_blur_15x15_s5/train/T030568.png,data/corrupted/100k_blur_15x15_s5/train/T030568.png,7951,LOW,5%,1
T030576,72592,869,data/corrupted/100k_blur_15x15_s5/train/T030576.png,data/corrupted/100k_blur_15x15_s5/train/T030576.png,47,LOW,5%,1
T030585,72639,869,data/corrupted/100k_blur_15x15_s5/train/T030585.png,data/corrupted/100k_blur_15x15_s5/train/T030585.png,7429,LOW,5%,1
T030598,72680,869,data/corrupted/100k_blur_15x15_s5/train/T030598.png,data/corrupted/100k_blur_15x15_s5/train/T030598.png,2485,LOW,5%,1
T030606,115600,1504,data/corrupted/100k_blur_15x15_s5/train/T030606.png,data/corrupted/100k_blur_15x15_s5/train/T030606.png,484,LOW,5%,1
T030612,115655,1504,data/corrupted/100k_blur_15x15_s5/train/T030612.png,data/corrupted/100k_blur_15x15_s5/train/T030612.png,4920,LOW,5%,1
T030644,115568,1504,data/corrupted/100k_blur_15x15_s5/train/T030644.png,data/corrupted/100k_blur_15x15_s5/train/T030644.png,1014,LOW,5%,1
T030648,115664,1504,data/corrupted/100k_blur_15x15_s5/train/T030648.png,data/corrupted/100k_blur_15x15_s5/train/T030648.png,5511,LOW,5%,1
T030659,201740,3296,data/corrupted/100k_blur_15x15_s5/train/T030659.png,data/corrupted/100k_blur_15x15_s5/train/T030659.png,6838,LOW,5%,1
T030698,201631,3296,data/corrupted/100k_blur_15x15_s5/train/T030698.png,data/corrupted/100k_blur_15x15_s5/train/T030698.png,1020,LOW,5%,1
T030756,451509,9258,data/corrupted/100k_blur_15x15_s5/train/T030756.png,data/corrupted/100k_blur_15x15_s5/train/T030756.png,6864,LOW,5%,1
T030770,451418,9258,data/corrupted/100k_blur_15x15_s5/train/T030770.png,data/corrupted/100k_blur_15x15_s5/train/T030770.png,6638,LOW,5%,1
T030801,124902,1692,data/corrupted/100k_blur_15x15_s5/train/T030801.png,data/corrupted/100k_blur_15x15_s5/train/T030801.png,8712,LOW,5%,1
T030889,175172,2719,data/corrupted/100k_blur_15x15_s5/train/T030889.png,data/corrupted/100k_blur_15x15_s5/train/T030889.png,7165,LOW,5%,1
T030895,175211,2719,data/corrupted/100k_blur_15x15_s5/train/T030895.png,data/corrupted/100k_blur_15x15_s5/train/T030895.png,33,LOW,5%,1
T030899,175157,2719,data/corrupted/100k_blur_15x15_s5/train/T030899.png,data/corrupted/100k_blur_15x15_s5/train/T030899.png,6811,LOW,5%,1
T030903,235433,4031,data/corrupted/100k_blur_15x15_s5/train/T030903.png,data/corrupted/100k_blur_15x15_s5/train/T030903.png,7764,LOW,5%,1
T030910,235484,4031,data/corrupted/100k_blur_15x15_s5/train/T030910.png,data/corrupted/100k_blur_15x15_s5/train/T030910.png,3464,LOW,5%,1
T030916,235531,4031,data/corrupted/100k_blur_15x15_s5/train/T030916.png,data/corrupted/100k_blur_15x15_s5/train/T030916.png,921,LOW,5%,1
T030935,235496,4031,data/corrupted/100k_blur_15x15_s5/train/T030935.png,data/corrupted/100k_blur_15x15_s5/train/T030935.png,3025,LOW,5%,1
T030943,235470,4031,data/corrupted/100k_blur_15x15_s5/train/T030943.png,data/corrupted/100k_blur_15x15_s5/train/T030943.png,1693,LOW,5%,1
T030947,235490,4031,data/corrupted/100k_blur_15x15_s5/train/T030947.png,data/corrupted/100k_blur_15x15_s5/train/T030947.png,477,LOW,5%,1
T030959,253024,4376,data/corrupted/100k_blur_15x15_s5/train/T030959.png,data/corrupted/100k_blur_15x15_s5/train/T030959.png,7991,LOW,5%,1
T030966,253040,4376,data/corrupted/100k_blur_15x15_s5/train/T030966.png,data/corrupted/100k_blur_15x15_s5/train/T030966.png,5470,LOW,5%,1
T030995,253075,4376,data/corrupted/100k_blur_15x15_s5/train/T030995.png,data/corrupted/100k_blur_15x15_s5/train/T030995.png,3003,LOW,5%,1
T031037,275795,4895,data/corrupted/100k_blur_15x15_s5/train/T031037.png,data/corrupted/100k_blur_15x15_s5/train/T031037.png,995,LOW,5%,1
T031060,289535,5197,data/corrupted/100k_blur_15x15_s5/train/T031060.png,data/corrupted/100k_blur_15x15_s5/train/T031060.png,2372,LOW,5%,1
T031071,289495,5197,data/corrupted/100k_blur_15x15_s5/train/T031071.png,data/corrupted/100k_blur_15x15_s5/train/T031071.png,5447,LOW,5%,1
T031105,324378,5973,data/corrupted/100k_blur_15x15_s5/train/T031105.png,data/corrupted/100k_blur_15x15_s5/train/T031105.png,4347,LOW,5%,1
T031127,324424,5973,data/corrupted/100k_blur_15x15_s5/train/T031127.png,data/corrupted/100k_blur_15x15_s5/train/T031127.png,5618,LOW,5%,1
T031142,324435,5973,data/corrupted/100k_blur_15x15_s5/train/T031142.png,data/corrupted/100k_blur_15x15_s5/train/T031142.png,2567,LOW,5%,1
T031149,324377,5973,data/corrupted/100k_blur_15x15_s5/train/T031149.png,data/corrupted/100k_blur_15x15_s5/train/T031149.png,277,LOW,5%,1
T031155,368019,6951,data/corrupted/100k_blur_15x15_s5/train/T031155.png,data/corrupted/100k_blur_15x15_s5/train/T031155.png,9850,LOW,5%,1
T031158,368088,6951,data/corrupted/100k_blur_15x15_s5/train/T031158.png,data/corrupted/100k_blur_15x15_s5/train/T031158.png,4168,LOW,5%,1
T031163,367988,6951,data/corrupted/100k_blur_15x15_s5/train/T031163.png,data/corrupted/100k_blur_15x15_s5/train/T031163.png,1384,LOW,5%,1
T031165,368076,6951,data/corrupted/100k_blur_15x15_s5/train/T031165.png,data/corrupted/100k_blur_15x15_s5/train/T031165.png,6196,LOW,5%,1
T031176,368075,6951,data/corrupted/100k_blur_15x15_s5/train/T031176.png,data/corrupted/100k_blur_15x15_s5/train/T031176.png,7359,LOW,5%,1
T031249,376280,7144,data/corrupted/100k_blur_15x15_s5/train/T031249.png,data/corrupted/100k_blur_15x15_s5/train/T031249.png,903,LOW,5%,1
T031260,420516,8389,data/corrupted/100k_blur_15x15_s5/train/T031260.png,data/corrupted/100k_blur_15x15_s5/train/T031260.png,8814,LOW,5%,1
T031269,420450,8389,data/corrupted/100k_blur_15x15_s5/train/T031269.png,data/corrupted/100k_blur_15x15_s5/train/T031269.png,5656,LOW,5%,1
T031273,420523,8389,data/corrupted/100k_blur_15x15_s5/train/T031273.png,data/corrupted/100k_blur_15x15_s5/train/T031273.png,2552,LOW,5%,1
T031289,420527,8389,data/corrupted/100k_blur_15x15_s5/train/T031289.png,data/corrupted/100k_blur_15x15_s5/train/T031289.png,2867,LOW,5%,1
T031301,20777,169,data/corrupted/100k_blur_15x15_s5/train/T031301.png,data/corrupted/100k_blur_15x15_s5/train/T031301.png,1318,LOW,5%,1
T031306,20856,169,data/corrupted/100k_blur_15x15_s5/train/T031306.png,data/corrupted/100k_blur_15x15_s5/train/T031306.png,3052,LOW,5%,1
T031318,20788,169,data/corrupted/100k_blur_15x15_s5/train/T031318.png,data/corrupted/100k_blur_15x15_s5/train/T031318.png,2271,LOW,5%,1
T031340,20893,169,data/corrupted/100k_blur_15x15_s5/train/T031340.png,data/corrupted/100k_blur_15x15_s5/train/T031340.png,2512,LOW,5%,1
T031375,91924,1122,data/corrupted/100k_blur_15x15_s5/train/T031375.png,data/corrupted/100k_blur_15x15_s5/train/T031375.png,3927,LOW,5%,1
T031403,99917,1219,data/corrupted/100k_blur_15x15_s5/train/T031403.png,data/corrupted/100k_blur_15x15_s5/train/T031403.png,109,LOW,5%,1
T031414,99862,1219,data/corrupted/100k_blur_15x15_s5/train/T031414.png,data/corrupted/100k_blur_15x15_s5/train/T031414.png,2083,LOW,5%,1
T031428,99821,1219,data/corrupted/100k_blur_15x15_s5/train/T031428.png,data/corrupted/100k_blur_15x15_s5/train/T031428.png,3068,LOW,5%,1
T031452,138120,1991,data/corrupted/100k_blur_15x15_s5/train/T031452.png,data/corrupted/100k_blur_15x15_s5/train/T031452.png,1984,LOW,5%,1
T031456,138163,1991,data/corrupted/100k_blur_15x15_s5/train/T031456.png,data/corrupted/100k_blur_15x15_s5/train/T031456.png,7977,LOW,5%,1
T031477,138185,1991,data/corrupted/100k_blur_15x15_s5/train/T031477.png,data/corrupted/100k_blur_15x15_s5/train/T031477.png,32,LOW,5%,1
T031512,236791,4051,data/corrupted/100k_blur_15x15_s5/train/T031512.png,data/corrupted/100k_blur_15x15_s5/train/T031512.png,4375,LOW,5%,1
T031542,236789,4051,data/corrupted/100k_blur_15x15_s5/train/T031542.png,data/corrupted/100k_blur_15x15_s5/train/T031542.png,2558,LOW,5%,1
T031548,236839,4051,data/corrupted/100k_blur_15x15_s5/train/T031548.png,data/corrupted/100k_blur_15x15_s5/train/T031548.png,4646,LOW,5%,1
T031551,316521,5795,data/corrupted/100k_blur_15x15_s5/train/T031551.png,data/corrupted/100k_blur_15x15_s5/train/T031551.png,3879,LOW,5%,1
T031599,316514,5795,data/corrupted/100k_blur_15x15_s5/train/T031599.png,data/corrupted/100k_blur_15x15_s5/train/T031599.png,234,LOW,5%,1
T031602,389601,7518,data/corrupted/100k_blur_15x15_s5/train/T031602.png,data/corrupted/100k_blur_15x15_s5/train/T031602.png,1130,LOW,5%,1
T031613,389493,7518,data/corrupted/100k_blur_15x15_s5/train/T031613.png,data/corrupted/100k_blur_15x15_s5/train/T031613.png,5377,LOW,5%,1
T031631,389549,7518,data/corrupted/100k_blur_15x15_s5/train/T031631.png,data/corrupted/100k_blur_15x15_s5/train/T031631.png,1693,LOW,5%,1
T031659,395384,7684,data/corrupted/100k_blur_15x15_s5/train/T031659.png,data/corrupted/100k_blur_15x15_s5/train/T031659.png,4215,LOW,5%,1
T031663,395356,7684,data/corrupted/100k_blur_15x15_s5/train/T031663.png,data/corrupted/100k_blur_15x15_s5/train/T031663.png,138,LOW,5%,1
T031667,395360,7684,data/corrupted/100k_blur_15x15_s5/train/T031667.png,data/corrupted/100k_blur_15x15_s5/train/T031667.png,9119,LOW,5%,1
T031693,395386,7684,data/corrupted/100k_blur_15x15_s5/train/T031693.png,data/corrupted/100k_blur_15x15_s5/train/T031693.png,1104,LOW,5%,1
T031694,395319,7684,data/corrupted/100k_blur_15x15_s5/train/T031694.png,data/corrupted/100k_blur_15x15_s5/train/T031694.png,6351,LOW,5%,1
T031699,395346,7684,data/corrupted/100k_blur_15x15_s5/train/T031699.png,data/corrupted/100k_blur_15x15_s5/train/T031699.png,1031,LOW,5%,1
T031754,89793,1090,data/corrupted/100k_blur_15x15_s5/train/T031754.png,data/corrupted/100k_blur_15x15_s5/train/T031754.png,1022,LOW,5%,1
T031767,89776,1090,data/corrupted/100k_blur_15x15_s5/train/T031767.png,data/corrupted/100k_blur_15x15_s5/train/T031767.png,54,LOW,5%,1
T031799,89800,1090,data/corrupted/100k_blur_15x15_s5/train/T031799.png,data/corrupted/100k_blur_15x15_s5/train/T031799.png,4,LOW,5%,1
T031815,137792,1981,data/corrupted/100k_blur_15x15_s5/train/T031815.png,data/corrupted/100k_blur_15x15_s5/train/T031815.png,3895,LOW,5%,1
T031833,137721,1981,data/corrupted/100k_blur_15x15_s5/train/T031833.png,data/corrupted/100k_blur_15x15_s5/train/T031833.png,25,LOW,5%,1
T031854,212338,3516,data/corrupted/100k_blur_15x15_s5/train/T031854.png,data/corrupted/100k_blur_15x15_s5/train/T031854.png,6357,LOW,5%,1
T031855,212326,3516,data/corrupted/100k_blur_15x15_s5/train/T031855.png,data/corrupted/100k_blur_15x15_s5/train/T031855.png,9701,LOW,5%,1
T031891,212313,3516,data/corrupted/100k_blur_15x15_s5/train/T031891.png,data/corrupted/100k_blur_15x15_s5/train/T031891.png,5267,LOW,5%,1
T031898,212287,3516,data/corrupted/100k_blur_15x15_s5/train/T031898.png,data/corrupted/100k_blur_15x15_s5/train/T031898.png,2042,LOW,5%,1
T031920,235223,4027,data/corrupted/100k_blur_15x15_s5/train/T031920.png,data/corrupted/100k_blur_15x15_s5/train/T031920.png,4226,LOW,5%,1
T031985,287311,5148,data/corrupted/100k_blur_15x15_s5/train/T031985.png,data/corrupted/100k_blur_15x15_s5/train/T031985.png,6030,LOW,5%,1
T031989,287315,5148,data/corrupted/100k_blur_15x15_s5/train/T031989.png,data/corrupted/100k_blur_15x15_s5/train/T031989.png,5190,LOW,5%,1
T032017,343644,6370,data/corrupted/100k_blur_15x15_s5/train/T032017.png,data/corrupted/100k_blur_15x15_s5/train/T032017.png,2558,LOW,5%,1
T032018,343746,6370,data/corrupted/100k_blur_15x15_s5/train/T032018.png,data/corrupted/100k_blur_15x15_s5/train/T032018.png,2505,LOW,5%,1
T032023,343701,6370,data/corrupted/100k_blur_15x15_s5/train/T032023.png,data/corrupted/100k_blur_15x15_s5/train/T032023.png,5107,LOW,5%,1
T032027,343655,6370,data/corrupted/100k_blur_15x15_s5/train/T032027.png,data/corrupted/100k_blur_15x15_s5/train/T032027.png,9199,LOW,5%,1
T032045,343747,6370,data/corrupted/100k_blur_15x15_s5/train/T032045.png,data/corrupted/100k_blur_15x15_s5/train/T032045.png,5107,LOW,5%,1
T032053,48620,497,data/corrupted/100k_blur_15x15_s5/train/T032053.png,data/corrupted/100k_blur_15x15_s5/train/T032053.png,1242,LOW,5%,1
T032059,48721,497,data/corrupted/100k_blur_15x15_s5/train/T032059.png,data/corrupted/100k_blur_15x15_s5/train/T032059.png,2204,LOW,5%,1
T032067,48622,497,data/corrupted/100k_blur_15x15_s5/train/T032067.png,data/corrupted/100k_blur_15x15_s5/train/T032067.png,26,LOW,5%,1
T032102,70462,844,data/corrupted/100k_blur_15x15_s5/train/T032102.png,data/corrupted/100k_blur_15x15_s5/train/T032102.png,5050,LOW,5%,1
T032112,70470,844,data/corrupted/100k_blur_15x15_s5/train/T032112.png,data/corrupted/100k_blur_15x15_s5/train/T032112.png,9377,LOW,5%,1
T032136,70468,844,data/corrupted/100k_blur_15x15_s5/train/T032136.png,data/corrupted/100k_blur_15x15_s5/train/T032136.png,42,LOW,5%,1
T032181,82564,1002,data/corrupted/100k_blur_15x15_s5/train/T032181.png,data/corrupted/100k_blur_15x15_s5/train/T032181.png,4227,LOW,5%,1
T032205,132171,1843,data/corrupted/100k_blur_15x15_s5/train/T032205.png,data/corrupted/100k_blur_15x15_s5/train/T032205.png,9726,LOW,5%,1
T032229,132104,1843,data/corrupted/100k_blur_15x15_s5/train/T032229.png,data/corrupted/100k_blur_15x15_s5/train/T032229.png,134,LOW,5%,1
T032231,132155,1843,data/corrupted/100k_blur_15x15_s5/train/T032231.png,data/corrupted/100k_blur_15x15_s5/train/T032231.png,1040,LOW,5%,1
T032234,132083,1843,data/corrupted/100k_blur_15x15_s5/train/T032234.png,data/corrupted/100k_blur_15x15_s5/train/T032234.png,4038,LOW,5%,1
T032245,132072,1843,data/corrupted/100k_blur_15x15_s5/train/T032245.png,data/corrupted/100k_blur_15x15_s5/train/T032245.png,2358,LOW,5%,1
T032270,281172,5016,data/corrupted/100k_blur_15x15_s5/train/T032270.png,data/corrupted/100k_blur_15x15_s5/train/T032270.png,4711,LOW,5%,1
T032315,282608,5048,data/corrupted/100k_blur_15x15_s5/train/T032315.png,data/corrupted/100k_blur_15x15_s5/train/T032315.png,1095,LOW,5%,1
T032326,282618,5048,data/corrupted/100k_blur_15x15_s5/train/T032326.png,data/corrupted/100k_blur_15x15_s5/train/T032326.png,3276,LOW,5%,1
T032340,282563,5048,data/corrupted/100k_blur_15x15_s5/train/T032340.png,data/corrupted/100k_blur_15x15_s5/train/T032340.png,610,LOW,5%,1
T032374,344920,6393,data/corrupted/100k_blur_15x15_s5/train/T032374.png,data/corrupted/100k_blur_15x15_s5/train/T032374.png,3118,LOW,5%,1
T032377,344982,6393,data/corrupted/100k_blur_15x15_s5/train/T032377.png,data/corrupted/100k_blur_15x15_s5/train/T032377.png,1099,LOW,5%,1
T032400,411318,8113,data/corrupted/100k_blur_15x15_s5/train/T032400.png,data/corrupted/100k_blur_15x15_s5/train/T032400.png,8654,LOW,5%,1
T032413,411253,8113,data/corrupted/100k_blur_15x15_s5/train/T032413.png,data/corrupted/100k_blur_15x15_s5/train/T032413.png,8583,LOW,5%,1
T032448,411320,8113,data/corrupted/100k_blur_15x15_s5/train/T032448.png,data/corrupted/100k_blur_15x15_s5/train/T032448.png,2700,LOW,5%,1
T032486,455771,9401,data/corrupted/100k_blur_15x15_s5/train/T032486.png,data/corrupted/100k_blur_15x15_s5/train/T032486.png,940,LOW,5%,1
T032505,26881,220,data/corrupted/100k_blur_15x15_s5/train/T032505.png,data/corrupted/100k_blur_15x15_s5/train/T032505.png,1266,LOW,5%,1
T032508,26853,220,data/corrupted/100k_blur_15x15_s5/train/T032508.png,data/corrupted/100k_blur_15x15_s5/train/T032508.png,8857,LOW,5%,1
T032540,26807,220,data/corrupted/100k_blur_15x15_s5/train/T032540.png,data/corrupted/100k_blur_15x15_s5/train/T032540.png,8612,LOW,5%,1
T032542,26824,220,data/corrupted/100k_blur_15x15_s5/train/T032542.png,data/corrupted/100k_blur_15x15_s5/train/T032542.png,6432,LOW,5%,1
T032551,61489,674,data/corrupted/100k_blur_15x15_s5/train/T032551.png,data/corrupted/100k_blur_15x15_s5/train/T032551.png,5587,LOW,5%,1
T032561,61501,674,data/corrupted/100k_blur_15x15_s5/train/T032561.png,data/corrupted/100k_blur_15x15_s5/train/T032561.png,5050,LOW,5%,1
T032604,101591,1240,data/corrupted/100k_blur_15x15_s5/train/T032604.png,data/corrupted/100k_blur_15x15_s5/train/T032604.png,2794,LOW,5%,1
T032611,101593,1240,data/corrupted/100k_blur_15x15_s5/train/T032611.png,data/corrupted/100k_blur_15x15_s5/train/T032611.png,6622,LOW,5%,1
T032678,106530,1313,data/corrupted/100k_blur_15x15_s5/train/T032678.png,data/corrupted/100k_blur_15x15_s5/train/T032678.png,2687,LOW,5%,1
T032719,123696,1664,data/corrupted/100k_blur_15x15_s5/train/T032719.png,data/corrupted/100k_blur_15x15_s5/train/T032719.png,8399,LOW,5%,1
T032731,123689,1664,data/corrupted/100k_blur_15x15_s5/train/T032731.png,data/corrupted/100k_blur_15x15_s5/train/T032731.png,3306,LOW,5%,1
T032745,123731,1664,data/corrupted/100k_blur_15x15_s5/train/T032745.png,data/corrupted/100k_blur_15x15_s5/train/T032745.png,5202,LOW,5%,1
T032753,128980,1785,data/corrupted/100k_blur_15x15_s5/train/T032753.png,data/corrupted/100k_blur_15x15_s5/train/T032753.png,7076,LOW,5%,1
T032784,128882,1785,data/corrupted/100k_blur_15x15_s5/train/T032784.png,data/corrupted/100k_blur_15x15_s5/train/T032784.png,8373,LOW,5%,1
T032800,186863,2961,data/corrupted/100k_blur_15x15_s5/train/T032800.png,data/corrupted/100k_blur_15x15_s5/train/T032800.png,277,LOW,5%,1
T032811,186866,2961,data/corrupted/100k_blur_15x15_s5/train/T032811.png,data/corrupted/100k_blur_15x15_s5/train/T032811.png,1664,LOW,5%,1
T032827,186852,2961,data/corrupted/100k_blur_15x15_s5/train/T032827.png,data/corrupted/100k_blur_15x15_s5/train/T032827.png,426,LOW,5%,1
T032828,186873,2961,data/corrupted/100k_blur_15x15_s5/train/T032828.png,data/corrupted/100k_blur_15x15_s5/train/T032828.png,3090,LOW,5%,1
T032836,186778,2961,data/corrupted/100k_blur_15x15_s5/train/T032836.png,data/corrupted/100k_blur_15x15_s5/train/T032836.png,2677,LOW,5%,1
T032856,208997,3439,data/corrupted/100k_blur_15x15_s5/train/T032856.png,data/corrupted/100k_blur_15x15_s5/train/T032856.png,3809,LOW,5%,1
T032896,208906,3439,data/corrupted/100k_blur_15x15_s5/train/T032896.png,data/corrupted/100k_blur_15x15_s5/train/T032896.png,88,LOW,5%,1
T032898,208971,3439,data/corrupted/100k_blur_15x15_s5/train/T032898.png,data/corrupted/100k_blur_15x15_s5/train/T032898.png,3954,LOW,5%,1
T032966,270373,4771,data/corrupted/100k_blur_15x15_s5/train/T032966.png,data/corrupted/100k_blur_15x15_s5/train/T032966.png,2883,LOW,5%,1
T033033,315522,5769,data/corrupted/100k_blur_15x15_s5/train/T033033.png,data/corrupted/100k_blur_15x15_s5/train/T033033.png,240,LOW,5%,1
T033040,315547,5769,data/corrupted/100k_blur_15x15_s5/train/T033040.png,data/corrupted/100k_blur_15x15_s5/train/T033040.png,1709,LOW,5%,1
T033062,38532,362,data/corrupted/100k_blur_15x15_s5/train/T033062.png,data/corrupted/100k_blur_15x15_s5/train/T033062.png,6097,LOW,5%,1
T033080,38556,362,data/corrupted/100k_blur_15x15_s5/train/T033080.png,data/corrupted/100k_blur_15x15_s5/train/T033080.png,2769,LOW,5%,1
T033141,65150,747,data/corrupted/100k_blur_15x15_s5/train/T033141.png,data/corrupted/100k_blur_15x15_s5/train/T033141.png,8882,LOW,5%,1
T033208,125515,1704,data/corrupted/100k_blur_15x15_s5/train/T033208.png,data/corrupted/100k_blur_15x15_s5/train/T033208.png,9747,LOW,5%,1
T033273,133047,1866,data/corrupted/100k_blur_15x15_s5/train/T033273.png,data/corrupted/100k_blur_15x15_s5/train/T033273.png,9792,LOW,5%,1
T033339,170208,2633,data/corrupted/100k_blur_15x15_s5/train/T033339.png,data/corrupted/100k_blur_15x15_s5/train/T033339.png,6063,LOW,5%,1
T033392,218962,3678,data/corrupted/100k_blur_15x15_s5/train/T033392.png,data/corrupted/100k_blur_15x15_s5/train/T033392.png,7018,LOW,5%,1
T033403,20488,166,data/corrupted/100k_blur_15x15_s5/train/T033403.png,data/corrupted/100k_blur_15x15_s5/train/T033403.png,7090,LOW,5%,1
T033410,20447,166,data/corrupted/100k_blur_15x15_s5/train/T033410.png,data/corrupted/100k_blur_15x15_s5/train/T033410.png,3989,LOW,5%,1
T033412,20497,166,data/corrupted/100k_blur_15x15_s5/train/T033412.png,data/corrupted/100k_blur_15x15_s5/train/T033412.png,4272,LOW,5%,1
T033436,20452,166,data/corrupted/100k_blur_15x15_s5/train/T033436.png,data/corrupted/100k_blur_15x15_s5/train/T033436.png,3206,LOW,5%,1
T033456,23045,187,data/corrupted/100k_blur_15x15_s5/train/T033456.png,data/corrupted/100k_blur_15x15_s5/train/T033456.png,6232,LOW,5%,1
T033479,23090,187,data/corrupted/100k_blur_15x15_s5/train/T033479.png,data/corrupted/100k_blur_15x15_s5/train/T033479.png,8654,LOW,5%,1
T033509,35756,319,data/corrupted/100k_blur_15x15_s5/train/T033509.png,data/corrupted/100k_blur_15x15_s5/train/T033509.png,166,LOW,5%,1
T033546,35737,319,data/corrupted/100k_blur_15x15_s5/train/T033546.png,data/corrupted/100k_blur_15x15_s5/train/T033546.png,9064,LOW,5%,1
T033570,42895,413,data/corrupted/100k_blur_15x15_s5/train/T033570.png,data/corrupted/100k_blur_15x15_s5/train/T033570.png,59,LOW,5%,1
T033577,42928,413,data/corrupted/100k_blur_15x15_s5/train/T033577.png,data/corrupted/100k_blur_15x15_s5/train/T033577.png,1099,LOW,5%,1
T033594,42914,413,data/corrupted/100k_blur_15x15_s5/train/T033594.png,data/corrupted/100k_blur_15x15_s5/train/T033594.png,9726,LOW,5%,1
T033599,42904,413,data/corrupted/100k_blur_15x15_s5/train/T033599.png,data/corrupted/100k_blur_15x15_s5/train/T033599.png,5095,LOW,5%,1
T033602,55389,590,data/corrupted/100k_blur_15x15_s5/train/T033602.png,data/corrupted/100k_blur_15x15_s5/train/T033602.png,6334,LOW,5%,1
T033619,55295,590,data/corrupted/100k_blur_15x15_s5/train/T033619.png,data/corrupted/100k_blur_15x15_s5/train/T033619.png,134,LOW,5%,1
T033629,55394,590,data/corrupted/100k_blur_15x15_s5/train/T033629.png,data/corrupted/100k_blur_15x15_s5/train/T033629.png,5322,LOW,5%,1
T033639,55368,590,data/corrupted/100k_blur_15x15_s5/train/T033639.png,data/corrupted/100k_blur_15x15_s5/train/T033639.png,9852,LOW,5%,1
T033676,76036,915,data/corrupted/100k_blur_15x15_s5/train/T033676.png,data/corrupted/100k_blur_15x15_s5/train/T033676.png,4347,LOW,5%,1
T033692,76034,915,data/corrupted/100k_blur_15x15_s5/train/T033692.png,data/corrupted/100k_blur_15x15_s5/train/T033692.png,4238,LOW,5%,1
T033698,76041,915,data/corrupted/100k_blur_15x15_s5/train/T033698.png,data/corrupted/100k_blur_15x15_s5/train/T033698.png,886,LOW,5%,1
T033707,247809,4285,data/corrupted/100k_blur_15x15_s5/train/T033707.png,data/corrupted/100k_blur_15x15_s5/train/T033707.png,3256,LOW,5%,1
T033729,247750,4285,data/corrupted/100k_blur_15x15_s5/train/T033729.png,data/corrupted/100k_blur_15x15_s5/train/T033729.png,988,LOW,5%,1
T033734,247756,4285,data/corrupted/100k_blur_15x15_s5/train/T033734.png,data/corrupted/100k_blur_15x15_s5/train/T033734.png,4362,LOW,5%,1
T033748,247731,4285,data/corrupted/100k_blur_15x15_s5/train/T033748.png,data/corrupted/100k_blur_15x15_s5/train/T033748.png,3090,LOW,5%,1
T033750,57380,616,data/corrupted/100k_blur_15x15_s5/train/T033750.png,data/corrupted/100k_blur_15x15_s5/train/T033750.png,8814,LOW,5%,1
T033751,57357,616,data/corrupted/100k_blur_15x15_s5/train/T033751.png,data/corrupted/100k_blur_15x15_s5/train/T033751.png,9708,LOW,5%,1
T033753,57389,616,data/corrupted/100k_blur_15x15_s5/train/T033753.png,data/corrupted/100k_blur_15x15_s5/train/T033753.png,1494,LOW,5%,1
T033783,57356,616,data/corrupted/100k_blur_15x15_s5/train/T033783.png,data/corrupted/100k_blur_15x15_s5/train/T033783.png,4981,LOW,5%,1
T033789,57431,616,data/corrupted/100k_blur_15x15_s5/train/T033789.png,data/corrupted/100k_blur_15x15_s5/train/T033789.png,6059,LOW,5%,1
T033800,58474,637,data/corrupted/100k_blur_15x15_s5/train/T033800.png,data/corrupted/100k_blur_15x15_s5/train/T033800.png,6954,LOW,5%,1
T033829,58560,637,data/corrupted/100k_blur_15x15_s5/train/T033829.png,data/corrupted/100k_blur_15x15_s5/train/T033829.png,1718,LOW,5%,1
T033837,58517,637,data/corrupted/100k_blur_15x15_s5/train/T033837.png,data/corrupted/100k_blur_15x15_s5/train/T033837.png,5298,LOW,5%,1
T033858,91189,1115,data/corrupted/100k_blur_15x15_s5/train/T033858.png,data/corrupted/100k_blur_15x15_s5/train/T033858.png,9084,LOW,5%,1
T033863,91252,1115,data/corrupted/100k_blur_15x15_s5/train/T033863.png,data/corrupted/100k_blur_15x15_s5/train/T033863.png,370,LOW,5%,1
T033881,91163,1115,data/corrupted/100k_blur_15x15_s5/train/T033881.png,data/corrupted/100k_blur_15x15_s5/train/T033881.png,2591,LOW,5%,1
T033883,91167,1115,data/corrupted/100k_blur_15x15_s5/train/T033883.png,data/corrupted/100k_blur_15x15_s5/train/T033883.png,921,LOW,5%,1
T033903,130811,1818,data/corrupted/100k_blur_15x15_s5/train/T033903.png,data/corrupted/100k_blur_15x15_s5/train/T033903.png,3926,LOW,5%,1
T033907,130772,1818,data/corrupted/100k_blur_15x15_s5/train/T033907.png,data/corrupted/100k_blur_15x15_s5/train/T033907.png,148,LOW,5%,1
T033947,130751,1818,data/corrupted/100k_blur_15x15_s5/train/T033947.png,data/corrupted/100k_blur_15x15_s5/train/T033947.png,6081,LOW,5%,1
T033952,152282,2271,data/corrupted/100k_blur_15x15_s5/train/T033952.png,data/corrupted/100k_blur_15x15_s5/train/T033952.png,7176,LOW,5%,1
T033976,152311,2271,data/corrupted/100k_blur_15x15_s5/train/T033976.png,data/corrupted/100k_blur_15x15_s5/train/T033976.png,4861,LOW,5%,1
T033983,152233,2271,data/corrupted/100k_blur_15x15_s5/train/T033983.png,data/corrupted/100k_blur_15x15_s5/train/T033983.png,1084,LOW,5%,1
T034001,212525,3518,data/corrupted/100k_blur_15x15_s5/train/T034001.png,data/corrupted/100k_blur_15x15_s5/train/T034001.png,858,LOW,5%,1
T034013,212493,3518,data/corrupted/100k_blur_15x15_s5/train/T034013.png,data/corrupted/100k_blur_15x15_s5/train/T034013.png,3348,LOW,5%,1
T034026,212555,3518,data/corrupted/100k_blur_15x15_s5/train/T034026.png,data/corrupted/100k_blur_15x15_s5/train/T034026.png,7759,LOW,5%,1
T034032,212546,3518,data/corrupted/100k_blur_15x15_s5/train/T034032.png,data/corrupted/100k_blur_15x15_s5/train/T034032.png,3572,LOW,5%,1
T034048,212445,3518,data/corrupted/100k_blur_15x15_s5/train/T034048.png,data/corrupted/100k_blur_15x15_s5/train/T034048.png,2300,LOW,5%,1
T034072,341719,6334,data/corrupted/100k_blur_15x15_s5/train/T034072.png,data/corrupted/100k_blur_15x15_s5/train/T034072.png,672,LOW,5%,1
T034073,341729,6334,data/corrupted/100k_blur_15x15_s5/train/T034073.png,data/corrupted/100k_blur_15x15_s5/train/T034073.png,9844,LOW,5%,1
T034075,341799,6334,data/corrupted/100k_blur_15x15_s5/train/T034075.png,data/corrupted/100k_blur_15x15_s5/train/T034075.png,1014,LOW,5%,1
T034079,341735,6334,data/corrupted/100k_blur_15x15_s5/train/T034079.png,data/corrupted/100k_blur_15x15_s5/train/T034079.png,5094,LOW,5%,1
T034088,341753,6334,data/corrupted/100k_blur_15x15_s5/train/T034088.png,data/corrupted/100k_blur_15x15_s5/train/T034088.png,5811,LOW,5%,1
T034090,341705,6334,data/corrupted/100k_blur_15x15_s5/train/T034090.png,data/corrupted/100k_blur_15x15_s5/train/T034090.png,3088,LOW,5%,1
T034103,433408,8745,data/corrupted/100k_blur_15x15_s5/train/T034103.png,data/corrupted/100k_blur_15x15_s5/train/T034103.png,5752,LOW,5%,1
T034107,433438,8745,data/corrupted/100k_blur_15x15_s5/train/T034107.png,data/corrupted/100k_blur_15x15_s5/train/T034107.png,3914,LOW,5%,1
T034108,433394,8745,data/corrupted/100k_blur_15x15_s5/train/T034108.png,data/corrupted/100k_blur_15x15_s5/train/T034108.png,7529,LOW,5%,1
T034147,433448,8745,data/corrupted/100k_blur_15x15_s5/train/T034147.png,data/corrupted/100k_blur_15x15_s5/train/T034147.png,2738,LOW,5%,1
T034182,24974,200,data/corrupted/100k_blur_15x15_s5/train/T034182.png,data/corrupted/100k_blur_15x15_s5/train/T034182.png,2938,LOW,5%,1
T034221,89459,1087,data/corrupted/100k_blur_15x15_s5/train/T034221.png,data/corrupted/100k_blur_15x15_s5/train/T034221.png,9620,LOW,5%,1
T034226,89387,1087,data/corrupted/100k_blur_15x15_s5/train/T034226.png,data/corrupted/100k_blur_15x15_s5/train/T034226.png,2794,LOW,5%,1
T034229,89374,1087,data/corrupted/100k_blur_15x15_s5/train/T034229.png,data/corrupted/100k_blur_15x15_s5/train/T034229.png,3774,LOW,5%,1
T034242,89428,1087,data/corrupted/100k_blur_15x15_s5/train/T034242.png,data/corrupted/100k_blur_15x15_s5/train/T034242.png,4816,LOW,5%,1
T034264,191191,3052,data/corrupted/100k_blur_15x15_s5/train/T034264.png,data/corrupted/100k_blur_15x15_s5/train/T034264.png,1699,LOW,5%,1
T034285,191262,3052,data/corrupted/100k_blur_15x15_s5/train/T034285.png,data/corrupted/100k_blur_15x15_s5/train/T034285.png,10,LOW,5%,1
T034327,241217,4150,data/corrupted/100k_blur_15x15_s5/train/T034327.png,data/corrupted/100k_blur_15x15_s5/train/T034327.png,3764,LOW,5%,1
T034341,241163,4150,data/corrupted/100k_blur_15x15_s5/train/T034341.png,data/corrupted/100k_blur_15x15_s5/train/T034341.png,179,LOW,5%,1
T034342,241169,4150,data/corrupted/100k_blur_15x15_s5/train/T034342.png,data/corrupted/100k_blur_15x15_s5/train/T034342.png,4375,LOW,5%,1
T034354,296999,5360,data/corrupted/100k_blur_15x15_s5/train/T034354.png,data/corrupted/100k_blur_15x15_s5/train/T034354.png,1092,LOW,5%,1
T034359,297008,5360,data/corrupted/100k_blur_15x15_s5/train/T034359.png,data/corrupted/100k_blur_15x15_s5/train/T034359.png,7300,LOW,5%,1
T034366,296931,5360,data/corrupted/100k_blur_15x15_s5/train/T034366.png,data/corrupted/100k_blur_15x15_s5/train/T034366.png,3259,LOW,5%,1
T034368,296997,5360,data/corrupted/100k_blur_15x15_s5/train/T034368.png,data/corrupted/100k_blur_15x15_s5/train/T034368.png,5166,LOW,5%,1
T034380,296990,5360,data/corrupted/100k_blur_15x15_s5/train/T034380.png,data/corrupted/100k_blur_15x15_s5/train/T034380.png,5828,LOW,5%,1
T034388,296914,5360,data/corrupted/100k_blur_15x15_s5/train/T034388.png,data/corrupted/100k_blur_15x15_s5/train/T034388.png,2644,LOW,5%,1
T034393,296918,5360,data/corrupted/100k_blur_15x15_s5/train/T034393.png,data/corrupted/100k_blur_15x15_s5/train/T034393.png,7250,LOW,5%,1
T034436,416946,8298,data/corrupted/100k_blur_15x15_s5/train/T034436.png,data/corrupted/100k_blur_15x15_s5/train/T034436.png,704,LOW,5%,1
T034458,461077,9572,data/corrupted/100k_blur_15x15_s5/train/T034458.png,data/corrupted/100k_blur_15x15_s5/train/T034458.png,7996,LOW,5%,1
T034478,461164,9572,data/corrupted/100k_blur_15x15_s5/train/T034478.png,data/corrupted/100k_blur_15x15_s5/train/T034478.png,3884,LOW,5%,1
T034482,461076,9572,data/corrupted/100k_blur_15x15_s5/train/T034482.png,data/corrupted/100k_blur_15x15_s5/train/T034482.png,4046,LOW,5%,1
T034486,461179,9572,data/corrupted/100k_blur_15x15_s5/train/T034486.png,data/corrupted/100k_blur_15x15_s5/train/T034486.png,1966,LOW,5%,1
T034496,461134,9572,data/corrupted/100k_blur_15x15_s5/train/T034496.png,data/corrupted/100k_blur_15x15_s5/train/T034496.png,3056,LOW,5%,1
T034527,12563,83,data/corrupted/100k_blur_15x15_s5/train/T034527.png,data/corrupted/100k_blur_15x15_s5/train/T034527.png,6500,LOW,5%,1
T034529,12595,83,data/corrupted/100k_blur_15x15_s5/train/T034529.png,data/corrupted/100k_blur_15x15_s5/train/T034529.png,2949,LOW,5%,1
T034539,12580,83,data/corrupted/100k_blur_15x15_s5/train/T034539.png,data/corrupted/100k_blur_15x15_s5/train/T034539.png,3259,LOW,5%,1
T034561,41376,393,data/corrupted/100k_blur_15x15_s5/train/T034561.png,data/corrupted/100k_blur_15x15_s5/train/T034561.png,5177,LOW,5%,1
T034583,41298,393,data/corrupted/100k_blur_15x15_s5/train/T034583.png,data/corrupted/100k_blur_15x15_s5/train/T034583.png,209,LOW,5%,1
T034602,95185,1161,data/corrupted/100k_blur_15x15_s5/train/T034602.png,data/corrupted/100k_blur_15x15_s5/train/T034602.png,22,LOW,5%,1
T034684,156980,2372,data/corrupted/100k_blur_15x15_s5/train/T034684.png,data/corrupted/100k_blur_15x15_s5/train/T034684.png,6253,LOW,5%,1
T034700,175997,2729,data/corrupted/100k_blur_15x15_s5/train/T034700.png,data/corrupted/100k_blur_15x15_s5/train/T034700.png,3779,LOW,5%,1
T034720,175888,2729,data/corrupted/100k_blur_15x15_s5/train/T034720.png,data/corrupted/100k_blur_15x15_s5/train/T034720.png,1226,LOW,5%,1
T034744,175990,2729,data/corrupted/100k_blur_15x15_s5/train/T034744.png,data/corrupted/100k_blur_15x15_s5/train/T034744.png,5624,LOW,5%,1
T034779,178468,2770,data/corrupted/100k_blur_15x15_s5/train/T034779.png,data/corrupted/100k_blur_15x15_s5/train/T034779.png,8241,LOW,5%,1
T034801,333702,6170,data/corrupted/100k_blur_15x15_s5/train/T034801.png,data/corrupted/100k_blur_15x15_s5/train/T034801.png,406,LOW,5%,1
T034810,333613,6170,data/corrupted/100k_blur_15x15_s5/train/T034810.png,data/corrupted/100k_blur_15x15_s5/train/T034810.png,10233,LOW,5%,1
T034816,333685,6170,data/corrupted/100k_blur_15x15_s5/train/T034816.png,data/corrupted/100k_blur_15x15_s5/train/T034816.png,2154,LOW,5%,1
T034843,333676,6170,data/corrupted/100k_blur_15x15_s5/train/T034843.png,data/corrupted/100k_blur_15x15_s5/train/T034843.png,10359,LOW,5%,1
T034845,333594,6170,data/corrupted/100k_blur_15x15_s5/train/T034845.png,data/corrupted/100k_blur_15x15_s5/train/T034845.png,959,LOW,5%,1
T034851,10067,57,data/corrupted/100k_blur_15x15_s5/train/T034851.png,data/corrupted/100k_blur_15x15_s5/train/T034851.png,611,LOW,5%,1
T034862,10043,57,data/corrupted/100k_blur_15x15_s5/train/T034862.png,data/corrupted/100k_blur_15x15_s5/train/T034862.png,3520,LOW,5%,1
T034875,10081,57,data/corrupted/100k_blur_15x15_s5/train/T034875.png,data/corrupted/100k_blur_15x15_s5/train/T034875.png,8542,LOW,5%,1
T034890,10059,57,data/corrupted/100k_blur_15x15_s5/train/T034890.png,data/corrupted/100k_blur_15x15_s5/train/T034890.png,167,LOW,5%,1
T034891,10040,57,data/corrupted/100k_blur_15x15_s5/train/T034891.png,data/corrupted/100k_blur_15x15_s5/train/T034891.png,2372,LOW,5%,1
T034896,10063,57,data/corrupted/100k_blur_15x15_s5/train/T034896.png,data/corrupted/100k_blur_15x15_s5/train/T034896.png,6196,LOW,5%,1
T034912,16935,129,data/corrupted/100k_blur_15x15_s5/train/T034912.png,data/corrupted/100k_blur_15x15_s5/train/T034912.png,7333,LOW,5%,1
T034917,16966,129,data/corrupted/100k_blur_15x15_s5/train/T034917.png,data/corrupted/100k_blur_15x15_s5/train/T034917.png,3619,LOW,5%,1
T034947,16984,129,data/corrupted/100k_blur_15x15_s5/train/T034947.png,data/corrupted/100k_blur_15x15_s5/train/T034947.png,8127,LOW,5%,1
T034950,31593,261,data/corrupted/100k_blur_15x15_s5/train/T034950.png,data/corrupted/100k_blur_15x15_s5/train/T034950.png,5769,LOW,5%,1
T034951,31571,261,data/corrupted/100k_blur_15x15_s5/train/T034951.png,data/corrupted/100k_blur_15x15_s5/train/T034951.png,413,LOW,5%,1
T034992,31681,261,data/corrupted/100k_blur_15x15_s5/train/T034992.png,data/corrupted/100k_blur_15x15_s5/train/T034992.png,1207,LOW,5%,1
T035030,42505,409,data/corrupted/100k_blur_15x15_s5/train/T035030.png,data/corrupted/100k_blur_15x15_s5/train/T035030.png,200,LOW,5%,1
T035050,144865,2108,data/corrupted/100k_blur_15x15_s5/train/T035050.png,data/corrupted/100k_blur_15x15_s5/train/T035050.png,2165,LOW,5%,1
T035051,144834,2108,data/corrupted/100k_blur_15x15_s5/train/T035051.png,data/corrupted/100k_blur_15x15_s5/train/T035051.png,4004,LOW,5%,1
T035056,144934,2108,data/corrupted/100k_blur_15x15_s5/train/T035056.png,data/corrupted/100k_blur_15x15_s5/train/T035056.png,6394,LOW,5%,1
T035058,144876,2108,data/corrupted/100k_blur_15x15_s5/train/T035058.png,data/corrupted/100k_blur_15x15_s5/train/T035058.png,217,LOW,5%,1
T035065,144852,2108,data/corrupted/100k_blur_15x15_s5/train/T035065.png,data/corrupted/100k_blur_15x15_s5/train/T035065.png,5985,LOW,5%,1
T035071,144886,2108,data/corrupted/100k_blur_15x15_s5/train/T035071.png,data/corrupted/100k_blur_15x15_s5/train/T035071.png,314,LOW,5%,1
T035077,144831,2108,data/corrupted/100k_blur_15x15_s5/train/T035077.png,data/corrupted/100k_blur_15x15_s5/train/T035077.png,7086,LOW,5%,1
T035113,164188,2505,data/corrupted/100k_blur_15x15_s5/train/T035113.png,data/corrupted/100k_blur_15x15_s5/train/T035113.png,2554,LOW,5%,1
T035176,166381,2551,data/corrupted/100k_blur_15x15_s5/train/T035176.png,data/corrupted/100k_blur_15x15_s5/train/T035176.png,683,LOW,5%,1
T035184,166484,2551,data/corrupted/100k_blur_15x15_s5/train/T035184.png,data/corrupted/100k_blur_15x15_s5/train/T035184.png,673,LOW,5%,1
T035196,166469,2551,data/corrupted/100k_blur_15x15_s5/train/T035196.png,data/corrupted/100k_blur_15x15_s5/train/T035196.png,5547,LOW,5%,1
T035213,187087,2965,data/corrupted/100k_blur_15x15_s5/train/T035213.png,data/corrupted/100k_blur_15x15_s5/train/T035213.png,5629,LOW,5%,1
T035224,187084,2965,data/corrupted/100k_blur_15x15_s5/train/T035224.png,data/corrupted/100k_blur_15x15_s5/train/T035224.png,2473,LOW,5%,1
T035238,187096,2965,data/corrupted/100k_blur_15x15_s5/train/T035238.png,data/corrupted/100k_blur_15x15_s5/train/T035238.png,3374,LOW,5%,1
T035257,274489,4866,data/corrupted/100k_blur_15x15_s5/train/T035257.png,data/corrupted/100k_blur_15x15_s5/train/T035257.png,2526,LOW,5%,1
T035260,274486,4866,data/corrupted/100k_blur_15x15_s5/train/T035260.png,data/corrupted/100k_blur_15x15_s5/train/T035260.png,800,LOW,5%,1
T035262,274519,4866,data/corrupted/100k_blur_15x15_s5/train/T035262.png,data/corrupted/100k_blur_15x15_s5/train/T035262.png,3718,LOW,5%,1
T035282,274450,4866,data/corrupted/100k_blur_15x15_s5/train/T035282.png,data/corrupted/100k_blur_15x15_s5/train/T035282.png,8355,LOW,5%,1
T035310,317140,5811,data/corrupted/100k_blur_15x15_s5/train/T035310.png,data/corrupted/100k_blur_15x15_s5/train/T035310.png,3610,LOW,5%,1
T035322,317168,5811,data/corrupted/100k_blur_15x15_s5/train/T035322.png,data/corrupted/100k_blur_15x15_s5/train/T035322.png,1012,LOW,5%,1
T035330,317196,5811,data/corrupted/100k_blur_15x15_s5/train/T035330.png,data/corrupted/100k_blur_15x15_s5/train/T035330.png,3374,LOW,5%,1
T035338,317156,5811,data/corrupted/100k_blur_15x15_s5/train/T035338.png,data/corrupted/100k_blur_15x15_s5/train/T035338.png,6890,LOW,5%,1
T035357,420646,8392,data/corrupted/100k_blur_15x15_s5/train/T035357.png,data/corrupted/100k_blur_15x15_s5/train/T035357.png,3331,LOW,5%,1
T035363,420634,8392,data/corrupted/100k_blur_15x15_s5/train/T035363.png,data/corrupted/100k_blur_15x15_s5/train/T035363.png,1002,LOW,5%,1
T035372,420600,8392,data/corrupted/100k_blur_15x15_s5/train/T035372.png,data/corrupted/100k_blur_15x15_s5/train/T035372.png,108,LOW,5%,1
T035373,420670,8392,data/corrupted/100k_blur_15x15_s5/train/T035373.png,data/corrupted/100k_blur_15x15_s5/train/T035373.png,6873,LOW,5%,1
T035407,12530,81,data/corrupted/100k_blur_15x15_s5/train/T035407.png,data/corrupted/100k_blur_15x15_s5/train/T035407.png,7317,LOW,5%,1
T035415,12510,81,data/corrupted/100k_blur_15x15_s5/train/T035415.png,data/corrupted/100k_blur_15x15_s5/train/T035415.png,2956,LOW,5%,1
T035487,24362,196,data/corrupted/100k_blur_15x15_s5/train/T035487.png,data/corrupted/100k_blur_15x15_s5/train/T035487.png,8470,LOW,5%,1
T035490,24313,196,data/corrupted/100k_blur_15x15_s5/train/T035490.png,data/corrupted/100k_blur_15x15_s5/train/T035490.png,7786,LOW,5%,1
T035548,47740,485,data/corrupted/100k_blur_15x15_s5/train/T035548.png,data/corrupted/100k_blur_15x15_s5/train/T035548.png,5034,LOW,5%,1
T035596,49866,517,data/corrupted/100k_blur_15x15_s5/train/T035596.png,data/corrupted/100k_blur_15x15_s5/train/T035596.png,3809,LOW,5%,1
T035650,59154,647,data/corrupted/100k_blur_15x15_s5/train/T035650.png,data/corrupted/100k_blur_15x15_s5/train/T035650.png,1685,LOW,5%,1
T035656,59213,647,data/corrupted/100k_blur_15x15_s5/train/T035656.png,data/corrupted/100k_blur_15x15_s5/train/T035656.png,585,LOW,5%,1
T035669,59207,647,data/corrupted/100k_blur_15x15_s5/train/T035669.png,data/corrupted/100k_blur_15x15_s5/train/T035669.png,4062,LOW,5%,1
T035775,112622,1434,data/corrupted/100k_blur_15x15_s5/train/T035775.png,data/corrupted/100k_blur_15x15_s5/train/T035775.png,8007,LOW,5%,1
T035786,112561,1434,data/corrupted/100k_blur_15x15_s5/train/T035786.png,data/corrupted/100k_blur_15x15_s5/train/T035786.png,1243,LOW,5%,1
T035790,112566,1434,data/corrupted/100k_blur_15x15_s5/train/T035790.png,data/corrupted/100k_blur_15x15_s5/train/T035790.png,1,LOW,5%,1
T035821,141176,2034,data/corrupted/100k_blur_15x15_s5/train/T035821.png,data/corrupted/100k_blur_15x15_s5/train/T035821.png,9377,LOW,5%,1
T035853,153216,2289,data/corrupted/100k_blur_15x15_s5/train/T035853.png,data/corrupted/100k_blur_15x15_s5/train/T035853.png,6514,LOW,5%,1
T035870,153218,2289,data/corrupted/100k_blur_15x15_s5/train/T035870.png,data/corrupted/100k_blur_15x15_s5/train/T035870.png,2956,LOW,5%,1
T035887,153189,2289,data/corrupted/100k_blur_15x15_s5/train/T035887.png,data/corrupted/100k_blur_15x15_s5/train/T035887.png,7334,LOW,5%,1
T035913,153949,2308,data/corrupted/100k_blur_15x15_s5/train/T035913.png,data/corrupted/100k_blur_15x15_s5/train/T035913.png,5843,LOW,5%,1
T035919,153962,2308,data/corrupted/100k_blur_15x15_s5/train/T035919.png,data/corrupted/100k_blur_15x15_s5/train/T035919.png,267,LOW,5%,1
T035928,153938,2308,data/corrupted/100k_blur_15x15_s5/train/T035928.png,data/corrupted/100k_blur_15x15_s5/train/T035928.png,4329,LOW,5%,1
T035982,184418,2902,data/corrupted/100k_blur_15x15_s5/train/T035982.png,data/corrupted/100k_blur_15x15_s5/train/T035982.png,90,LOW,5%,1
T035998,184454,2902,data/corrupted/100k_blur_15x15_s5/train/T035998.png,data/corrupted/100k_blur_15x15_s5/train/T035998.png,4272,LOW,5%,1
T036019,311523,5678,data/corrupted/100k_blur_15x15_s5/train/T036019.png,data/corrupted/100k_blur_15x15_s5/train/T036019.png,314,LOW,5%,1
T036033,311517,5678,data/corrupted/100k_blur_15x15_s5/train/T036033.png,data/corrupted/100k_blur_15x15_s5/train/T036033.png,4403,LOW,5%,1
T036051,406510,7996,data/corrupted/100k_blur_15x15_s5/train/T036051.png,data/corrupted/100k_blur_15x15_s5/train/T036051.png,166,LOW,5%,1
T036071,406481,7996,data/corrupted/100k_blur_15x15_s5/train/T036071.png,data/corrupted/100k_blur_15x15_s5/train/T036071.png,233,LOW,5%,1
T036181,23626,193,data/corrupted/100k_blur_15x15_s5/train/T036181.png,data/corrupted/100k_blur_15x15_s5/train/T036181.png,2138,LOW,5%,1
T036182,23567,193,data/corrupted/100k_blur_15x15_s5/train/T036182.png,data/corrupted/100k_blur_15x15_s5/train/T036182.png,800,LOW,5%,1
T036187,23571,193,data/corrupted/100k_blur_15x15_s5/train/T036187.png,data/corrupted/100k_blur_15x15_s5/train/T036187.png,9519,LOW,5%,1
T036213,31761,263,data/corrupted/100k_blur_15x15_s5/train/T036213.png,data/corrupted/100k_blur_15x15_s5/train/T036213.png,1053,LOW,5%,1
T036235,31784,263,data/corrupted/100k_blur_15x15_s5/train/T036235.png,data/corrupted/100k_blur_15x15_s5/train/T036235.png,577,LOW,5%,1
T036238,31718,263,data/corrupted/100k_blur_15x15_s5/train/T036238.png,data/corrupted/100k_blur_15x15_s5/train/T036238.png,3361,LOW,5%,1
T036241,31752,263,data/corrupted/100k_blur_15x15_s5/train/T036241.png,data/corrupted/100k_blur_15x15_s5/train/T036241.png,5828,LOW,5%,1
T036249,31800,263,data/corrupted/100k_blur_15x15_s5/train/T036249.png,data/corrupted/100k_blur_15x15_s5/train/T036249.png,8236,LOW,5%,1
T036261,63290,697,data/corrupted/100k_blur_15x15_s5/train/T036261.png,data/corrupted/100k_blur_15x15_s5/train/T036261.png,4486,LOW,5%,1
T036263,63295,697,data/corrupted/100k_blur_15x15_s5/train/T036263.png,data/corrupted/100k_blur_15x15_s5/train/T036263.png,6806,LOW,5%,1
T036268,63247,697,data/corrupted/100k_blur_15x15_s5/train/T036268.png,data/corrupted/100k_blur_15x15_s5/train/T036268.png,7086,LOW,5%,1
T036276,63325,697,data/corrupted/100k_blur_15x15_s5/train/T036276.png,data/corrupted/100k_blur_15x15_s5/train/T036276.png,40,LOW,5%,1
T036278,63260,697,data/corrupted/100k_blur_15x15_s5/train/T036278.png,data/corrupted/100k_blur_15x15_s5/train/T036278.png,4982,LOW,5%,1
T036298,63312,697,data/corrupted/100k_blur_15x15_s5/train/T036298.png,data/corrupted/100k_blur_15x15_s5/train/T036298.png,4399,LOW,5%,1
T036325,67664,799,data/corrupted/100k_blur_15x15_s5/train/T036325.png,data/corrupted/100k_blur_15x15_s5/train/T036325.png,1552,LOW,5%,1
T036339,67564,799,data/corrupted/100k_blur_15x15_s5/train/T036339.png,data/corrupted/100k_blur_15x15_s5/train/T036339.png,9747,LOW,5%,1
T036385,145409,2121,data/corrupted/100k_blur_15x15_s5/train/T036385.png,data/corrupted/100k_blur_15x15_s5/train/T036385.png,5016,LOW,5%,1
T036398,145456,2121,data/corrupted/100k_blur_15x15_s5/train/T036398.png,data/corrupted/100k_blur_15x15_s5/train/T036398.png,3143,LOW,5%,1
T036436,363291,6833,data/corrupted/100k_blur_15x15_s5/train/T036436.png,data/corrupted/100k_blur_15x15_s5/train/T036436.png,167,LOW,5%,1
T036440,363393,6833,data/corrupted/100k_blur_15x15_s5/train/T036440.png,data/corrupted/100k_blur_15x15_s5/train/T036440.png,2358,LOW,5%,1
T036458,443664,9039,data/corrupted/100k_blur_15x15_s5/train/T036458.png,data/corrupted/100k_blur_15x15_s5/train/T036458.png,6349,LOW,5%,1
T036477,443718,9039,data/corrupted/100k_blur_15x15_s5/train/T036477.png,data/corrupted/100k_blur_15x15_s5/train/T036477.png,8687,LOW,5%,1
T036497,443712,9039,data/corrupted/100k_blur_15x15_s5/train/T036497.png,data/corrupted/100k_blur_15x15_s5/train/T036497.png,275,LOW,5%,1
T036529,87328,1053,data/corrupted/100k_blur_15x15_s5/train/T036529.png,data/corrupted/100k_blur_15x15_s5/train/T036529.png,1074,LOW,5%,1
T036545,87293,1053,data/corrupted/100k_blur_15x15_s5/train/T036545.png,data/corrupted/100k_blur_15x15_s5/train/T036545.png,1699,LOW,5%,1
T036578,103484,1254,data/corrupted/100k_blur_15x15_s5/train/T036578.png,data/corrupted/100k_blur_15x15_s5/train/T036578.png,6193,LOW,5%,1
T036591,103525,1254,data/corrupted/100k_blur_15x15_s5/train/T036591.png,data/corrupted/100k_blur_15x15_s5/train/T036591.png,9258,LOW,5%,1
T036599,103449,1254,data/corrupted/100k_blur_15x15_s5/train/T036599.png,data/corrupted/100k_blur_15x15_s5/train/T036599.png,8583,LOW,5%,1
T036608,179331,2789,data/corrupted/100k_blur_15x15_s5/train/T036608.png,data/corrupted/100k_blur_15x15_s5/train/T036608.png,3779,LOW,5%,1
T036642,179319,2789,data/corrupted/100k_blur_15x15_s5/train/T036642.png,data/corrupted/100k_blur_15x15_s5/train/T036642.png,6325,LOW,5%,1
T036652,225884,3813,data/corrupted/100k_blur_15x15_s5/train/T036652.png,data/corrupted/100k_blur_15x15_s5/train/T036652.png,7890,LOW,5%,1
T036704,231467,3950,data/corrupted/100k_blur_15x15_s5/train/T036704.png,data/corrupted/100k_blur_15x15_s5/train/T036704.png,4508,LOW,5%,1
T036716,231465,3950,data/corrupted/100k_blur_15x15_s5/train/T036716.png,data/corrupted/100k_blur_15x15_s5/train/T036716.png,5095,LOW,5%,1
T036741,231529,3950,data/corrupted/100k_blur_15x15_s5/train/T036741.png,data/corrupted/100k_blur_15x15_s5/train/T036741.png,2575,LOW,5%,1
T036747,231456,3950,data/corrupted/100k_blur_15x15_s5/train/T036747.png,data/corrupted/100k_blur_15x15_s5/train/T036747.png,3205,LOW,5%,1
T036802,302728,5494,data/corrupted/100k_blur_15x15_s5/train/T036802.png,data/corrupted/100k_blur_15x15_s5/train/T036802.png,114,LOW,5%,1
T036806,302817,5494,data/corrupted/100k_blur_15x15_s5/train/T036806.png,data/corrupted/100k_blur_15x15_s5/train/T036806.png,458,LOW,5%,1
T036824,302763,5494,data/corrupted/100k_blur_15x15_s5/train/T036824.png,data/corrupted/100k_blur_15x15_s5/train/T036824.png,185,LOW,5%,1
T036851,322338,5927,data/corrupted/100k_blur_15x15_s5/train/T036851.png,data/corrupted/100k_blur_15x15_s5/train/T036851.png,1669,LOW,5%,1
T036852,322334,5927,data/corrupted/100k_blur_15x15_s5/train/T036852.png,data/corrupted/100k_blur_15x15_s5/train/T036852.png,2374,LOW,5%,1
T036897,322389,5927,data/corrupted/100k_blur_15x15_s5/train/T036897.png,data/corrupted/100k_blur_15x15_s5/train/T036897.png,4627,LOW,5%,1
T036900,324944,5985,data/corrupted/100k_blur_15x15_s5/train/T036900.png,data/corrupted/100k_blur_15x15_s5/train/T036900.png,1542,LOW,5%,1
T036928,324985,5985,data/corrupted/100k_blur_15x15_s5/train/T036928.png,data/corrupted/100k_blur_15x15_s5/train/T036928.png,59,LOW,5%,1
T036950,426871,8573,data/corrupted/100k_blur_15x15_s5/train/T036950.png,data/corrupted/100k_blur_15x15_s5/train/T036950.png,6685,LOW,5%,1
T036984,426850,8573,data/corrupted/100k_blur_15x15_s5/train/T036984.png,data/corrupted/100k_blur_15x15_s5/train/T036984.png,436,LOW,5%,1
T037032,36690,338,data/corrupted/100k_blur_15x15_s5/train/T037032.png,data/corrupted/100k_blur_15x15_s5/train/T037032.png,8022,LOW,5%,1
T037112,146585,2154,data/corrupted/100k_blur_15x15_s5/train/T037112.png,data/corrupted/100k_blur_15x15_s5/train/T037112.png,6787,LOW,5%,1
T037205,185208,2920,data/corrupted/100k_blur_15x15_s5/train/T037205.png,data/corrupted/100k_blur_15x15_s5/train/T037205.png,6202,LOW,5%,1
T037220,185216,2920,data/corrupted/100k_blur_15x15_s5/train/T037220.png,data/corrupted/100k_blur_15x15_s5/train/T037220.png,8705,LOW,5%,1
T037225,185201,2920,data/corrupted/100k_blur_15x15_s5/train/T037225.png,data/corrupted/100k_blur_15x15_s5/train/T037225.png,8583,LOW,5%,1
T037232,185211,2920,data/corrupted/100k_blur_15x15_s5/train/T037232.png,data/corrupted/100k_blur_15x15_s5/train/T037232.png,4711,LOW,5%,1
T037281,118532,1558,data/corrupted/100k_blur_15x15_s5/train/T037281.png,data/corrupted/100k_blur_15x15_s5/train/T037281.png,1047,LOW,5%,1
T037333,135819,1933,data/corrupted/100k_blur_15x15_s5/train/T037333.png,data/corrupted/100k_blur_15x15_s5/train/T037333.png,8389,LOW,5%,1
T037343,135707,1933,data/corrupted/100k_blur_15x15_s5/train/T037343.png,data/corrupted/100k_blur_15x15_s5/train/T037343.png,1535,LOW,5%,1
T037352,156008,2347,data/corrupted/100k_blur_15x15_s5/train/T037352.png,data/corrupted/100k_blur_15x15_s5/train/T037352.png,497,LOW,5%,1
T037371,155958,2347,data/corrupted/100k_blur_15x15_s5/train/T037371.png,data/corrupted/100k_blur_15x15_s5/train/T037371.png,7788,LOW,5%,1
T037372,155979,2347,data/corrupted/100k_blur_15x15_s5/train/T037372.png,data/corrupted/100k_blur_15x15_s5/train/T037372.png,2432,LOW,5%,1
T037375,155956,2347,data/corrupted/100k_blur_15x15_s5/train/T037375.png,data/corrupted/100k_blur_15x15_s5/train/T037375.png,8266,LOW,5%,1
T037376,155963,2347,data/corrupted/100k_blur_15x15_s5/train/T037376.png,data/corrupted/100k_blur_15x15_s5/train/T037376.png,1399,LOW,5%,1
T037400,185013,2916,data/corrupted/100k_blur_15x15_s5/train/T037400.png,data/corrupted/100k_blur_15x15_s5/train/T037400.png,3609,LOW,5%,1
T037455,197706,3205,data/corrupted/100k_blur_15x15_s5/train/T037455.png,data/corrupted/100k_blur_15x15_s5/train/T037455.png,1152,LOW,5%,1
T037457,197709,3205,data/corrupted/100k_blur_15x15_s5/train/T037457.png,data/corrupted/100k_blur_15x15_s5/train/T037457.png,1550,LOW,5%,1
T037481,197650,3205,data/corrupted/100k_blur_15x15_s5/train/T037481.png,data/corrupted/100k_blur_15x15_s5/train/T037481.png,4848,LOW,5%,1
T037500,342015,6339,data/corrupted/100k_blur_15x15_s5/train/T037500.png,data/corrupted/100k_blur_15x15_s5/train/T037500.png,1861,LOW,5%,1
T037523,341958,6339,data/corrupted/100k_blur_15x15_s5/train/T037523.png,data/corrupted/100k_blur_15x15_s5/train/T037523.png,3259,LOW,5%,1
T037547,341966,6339,data/corrupted/100k_blur_15x15_s5/train/T037547.png,data/corrupted/100k_blur_15x15_s5/train/T037547.png,7537,LOW,5%,1
T037582,369093,6978,data/corrupted/100k_blur_15x15_s5/train/T037582.png,data/corrupted/100k_blur_15x15_s5/train/T037582.png,7088,LOW,5%,1
T037601,18805,145,data/corrupted/100k_blur_15x15_s5/train/T037601.png,data/corrupted/100k_blur_15x15_s5/train/T037601.png,4771,LOW,5%,1
T037624,18861,145,data/corrupted/100k_blur_15x15_s5/train/T037624.png,data/corrupted/100k_blur_15x15_s5/train/T037624.png,2154,LOW,5%,1
T037630,18879,145,data/corrupted/100k_blur_15x15_s5/train/T037630.png,data/corrupted/100k_blur_15x15_s5/train/T037630.png,175,LOW,5%,1
T037637,18823,145,data/corrupted/100k_blur_15x15_s5/train/T037637.png,data/corrupted/100k_blur_15x15_s5/train/T037637.png,1254,LOW,5%,1
T037660,30082,250,data/corrupted/100k_blur_15x15_s5/train/T037660.png,data/corrupted/100k_blur_15x15_s5/train/T037660.png,5775,LOW,5%,1
T037692,30064,250,data/corrupted/100k_blur_15x15_s5/train/T037692.png,data/corrupted/100k_blur_15x15_s5/train/T037692.png,5747,LOW,5%,1
T037704,64586,732,data/corrupted/100k_blur_15x15_s5/train/T037704.png,data/corrupted/100k_blur_15x15_s5/train/T037704.png,1631,LOW,5%,1
T037765,104517,1269,data/corrupted/100k_blur_15x15_s5/train/T037765.png,data/corrupted/100k_blur_15x15_s5/train/T037765.png,3886,LOW,5%,1
T037776,104450,1269,data/corrupted/100k_blur_15x15_s5/train/T037776.png,data/corrupted/100k_blur_15x15_s5/train/T037776.png,2358,LOW,5%,1
T037817,114147,1468,data/corrupted/100k_blur_15x15_s5/train/T037817.png,data/corrupted/100k_blur_15x15_s5/train/T037817.png,1891,LOW,5%,1
T037820,114160,1468,data/corrupted/100k_blur_15x15_s5/train/T037820.png,data/corrupted/100k_blur_15x15_s5/train/T037820.png,350,LOW,5%,1
T037847,114175,1468,data/corrupted/100k_blur_15x15_s5/train/T037847.png,data/corrupted/100k_blur_15x15_s5/train/T037847.png,6370,LOW,5%,1
T037888,163454,2486,data/corrupted/100k_blur_15x15_s5/train/T037888.png,data/corrupted/100k_blur_15x15_s5/train/T037888.png,2484,LOW,5%,1
T037920,164525,2512,data/corrupted/100k_blur_15x15_s5/train/T037920.png,data/corrupted/100k_blur_15x15_s5/train/T037920.png,4193,LOW,5%,1
T037927,164568,2512,data/corrupted/100k_blur_15x15_s5/train/T037927.png,data/corrupted/100k_blur_15x15_s5/train/T037927.png,383,LOW,5%,1
T037939,164573,2512,data/corrupted/100k_blur_15x15_s5/train/T037939.png,data/corrupted/100k_blur_15x15_s5/train/T037939.png,6125,LOW,5%,1
T037962,189028,3007,data/corrupted/100k_blur_15x15_s5/train/T037962.png,data/corrupted/100k_blur_15x15_s5/train/T037962.png,6274,LOW,5%,1
T037981,189000,3007,data/corrupted/100k_blur_15x15_s5/train/T037981.png,data/corrupted/100k_blur_15x15_s5/train/T037981.png,8022,LOW,5%,1
T037983,189081,3007,data/corrupted/100k_blur_15x15_s5/train/T037983.png,data/corrupted/100k_blur_15x15_s5/train/T037983.png,1036,LOW,5%,1
T037989,189105,3007,data/corrupted/100k_blur_15x15_s5/train/T037989.png,data/corrupted/100k_blur_15x15_s5/train/T037989.png,7103,LOW,5%,1
T037991,189065,3007,data/corrupted/100k_blur_15x15_s5/train/T037991.png,data/corrupted/100k_blur_15x15_s5/train/T037991.png,7987,LOW,5%,1
T037996,189007,3007,data/corrupted/100k_blur_15x15_s5/train/T037996.png,data/corrupted/100k_blur_15x15_s5/train/T037996.png,3676,LOW,5%,1
T038037,274120,4861,data/corrupted/100k_blur_15x15_s5/train/T038037.png,data/corrupted/100k_blur_15x15_s5/train/T038037.png,3743,LOW,5%,1
T038046,274086,4861,data/corrupted/100k_blur_15x15_s5/train/T038046.png,data/corrupted/100k_blur_15x15_s5/train/T038046.png,5726,LOW,5%,1
T038056,347095,6439,data/corrupted/100k_blur_15x15_s5/train/T038056.png,data/corrupted/100k_blur_15x15_s5/train/T038056.png,2390,LOW,5%,1
T038074,347083,6439,data/corrupted/100k_blur_15x15_s5/train/T038074.png,data/corrupted/100k_blur_15x15_s5/train/T038074.png,469,LOW,5%,1
T038112,61979,684,data/corrupted/100k_blur_15x15_s5/train/T038112.png,data/corrupted/100k_blur_15x15_s5/train/T038112.png,2687,LOW,5%,1
T038117,61922,684,data/corrupted/100k_blur_15x15_s5/train/T038117.png,data/corrupted/100k_blur_15x15_s5/train/T038117.png,1031,LOW,5%,1
T038139,61960,684,data/corrupted/100k_blur_15x15_s5/train/T038139.png,data/corrupted/100k_blur_15x15_s5/train/T038139.png,378,LOW,5%,1
T038174,74976,897,data/corrupted/100k_blur_15x15_s5/train/T038174.png,data/corrupted/100k_blur_15x15_s5/train/T038174.png,266,LOW,5%,1
T038175,74981,897,data/corrupted/100k_blur_15x15_s5/train/T038175.png,data/corrupted/100k_blur_15x15_s5/train/T038175.png,1645,LOW,5%,1
T038198,74992,897,data/corrupted/100k_blur_15x15_s5/train/T038198.png,data/corrupted/100k_blur_15x15_s5/train/T038198.png,100,LOW,5%,1
T038222,172869,2666,data/corrupted/100k_blur_15x15_s5/train/T038222.png,data/corrupted/100k_blur_15x15_s5/train/T038222.png,3624,LOW,5%,1
T038238,172837,2666,data/corrupted/100k_blur_15x15_s5/train/T038238.png,data/corrupted/100k_blur_15x15_s5/train/T038238.png,5963,LOW,5%,1
T038301,204639,3362,data/corrupted/100k_blur_15x15_s5/train/T038301.png,data/corrupted/100k_blur_15x15_s5/train/T038301.png,124,LOW,5%,1
T038312,204650,3362,data/corrupted/100k_blur_15x15_s5/train/T038312.png,data/corrupted/100k_blur_15x15_s5/train/T038312.png,1533,LOW,5%,1
T038315,204628,3362,data/corrupted/100k_blur_15x15_s5/train/T038315.png,data/corrupted/100k_blur_15x15_s5/train/T038315.png,5078,LOW,5%,1
T038375,227940,3870,data/corrupted/100k_blur_15x15_s5/train/T038375.png,data/corrupted/100k_blur_15x15_s5/train/T038375.png,921,LOW,5%,1
T038394,227949,3870,data/corrupted/100k_blur_15x15_s5/train/T038394.png,data/corrupted/100k_blur_15x15_s5/train/T038394.png,6172,LOW,5%,1
T038413,246367,4248,data/corrupted/100k_blur_15x15_s5/train/T038413.png,data/corrupted/100k_blur_15x15_s5/train/T038413.png,6339,LOW,5%,1
T038448,246280,4248,data/corrupted/100k_blur_15x15_s5/train/T038448.png,data/corrupted/100k_blur_15x15_s5/train/T038448.png,1542,LOW,5%,1
T038471,337562,6253,data/corrupted/100k_blur_15x15_s5/train/T038471.png,data/corrupted/100k_blur_15x15_s5/train/T038471.png,2866,LOW,5%,1
T038472,337623,6253,data/corrupted/100k_blur_15x15_s5/train/T038472.png,data/corrupted/100k_blur_15x15_s5/train/T038472.png,532,LOW,5%,1
T038478,337577,6253,data/corrupted/100k_blur_15x15_s5/train/T038478.png,data/corrupted/100k_blur_15x15_s5/train/T038478.png,2639,LOW,5%,1
T038510,24247,195,data/corrupted/100k_blur_15x15_s5/train/T038510.png,data/corrupted/100k_blur_15x15_s5/train/T038510.png,3154,LOW,5%,1
T038515,24239,195,data/corrupted/100k_blur_15x15_s5/train/T038515.png,data/corrupted/100k_blur_15x15_s5/train/T038515.png,1159,LOW,5%,1
T038530,24216,195,data/corrupted/100k_blur_15x15_s5/train/T038530.png,data/corrupted/100k_blur_15x15_s5/train/T038530.png,7940,LOW,5%,1
T038532,24189,195,data/corrupted/100k_blur_15x15_s5/train/T038532.png,data/corrupted/100k_blur_15x15_s5/train/T038532.png,7472,LOW,5%,1
T038568,56030,599,data/corrupted/100k_blur_15x15_s5/train/T038568.png,data/corrupted/100k_blur_15x15_s5/train/T038568.png,8108,LOW,5%,1
T038569,56020,599,data/corrupted/100k_blur_15x15_s5/train/T038569.png,data/corrupted/100k_blur_15x15_s5/train/T038569.png,10188,LOW,5%,1
T038572,56002,599,data/corrupted/100k_blur_15x15_s5/train/T038572.png,data/corrupted/100k_blur_15x15_s5/train/T038572.png,7615,LOW,5%,1
T038578,56066,599,data/corrupted/100k_blur_15x15_s5/train/T038578.png,data/corrupted/100k_blur_15x15_s5/train/T038578.png,7359,LOW,5%,1
T038591,56029,599,data/corrupted/100k_blur_15x15_s5/train/T038591.png,data/corrupted/100k_blur_15x15_s5/train/T038591.png,8663,LOW,5%,1
T038600,56696,609,data/corrupted/100k_blur_15x15_s5/train/T038600.png,data/corrupted/100k_blur_15x15_s5/train/T038600.png,8969,LOW,5%,1
T038607,56733,609,data/corrupted/100k_blur_15x15_s5/train/T038607.png,data/corrupted/100k_blur_15x15_s5/train/T038607.png,2609,LOW,5%,1
T038621,56634,609,data/corrupted/100k_blur_15x15_s5/train/T038621.png,data/corrupted/100k_blur_15x15_s5/train/T038621.png,5630,LOW,5%,1
T038623,56660,609,data/corrupted/100k_blur_15x15_s5/train/T038623.png,data/corrupted/100k_blur_15x15_s5/train/T038623.png,477,LOW,5%,1
T038629,56640,609,data/corrupted/100k_blur_15x15_s5/train/T038629.png,data/corrupted/100k_blur_15x15_s5/train/T038629.png,6063,LOW,5%,1
T038655,83271,1007,data/corrupted/100k_blur_15x15_s5/train/T038655.png,data/corrupted/100k_blur_15x15_s5/train/T038655.png,2676,LOW,5%,1
T038656,83254,1007,data/corrupted/100k_blur_15x15_s5/train/T038656.png,data/corrupted/100k_blur_15x15_s5/train/T038656.png,8814,LOW,5%,1
T038670,83270,1007,data/corrupted/100k_blur_15x15_s5/train/T038670.png,data/corrupted/100k_blur_15x15_s5/train/T038670.png,3256,LOW,5%,1
T038717,143695,2085,data/corrupted/100k_blur_15x15_s5/train/T038717.png,data/corrupted/100k_blur_15x15_s5/train/T038717.png,4969,LOW,5%,1
T038721,143739,2085,data/corrupted/100k_blur_15x15_s5/train/T038721.png,data/corrupted/100k_blur_15x15_s5/train/T038721.png,4312,LOW,5%,1
T038747,143710,2085,data/corrupted/100k_blur_15x15_s5/train/T038747.png,data/corrupted/100k_blur_15x15_s5/train/T038747.png,1245,LOW,5%,1
T038761,220344,3705,data/corrupted/100k_blur_15x15_s5/train/T038761.png,data/corrupted/100k_blur_15x15_s5/train/T038761.png,3134,LOW,5%,1
T038765,220408,3705,data/corrupted/100k_blur_15x15_s5/train/T038765.png,data/corrupted/100k_blur_15x15_s5/train/T038765.png,6833,LOW,5%,1
T038776,220416,3705,data/corrupted/100k_blur_15x15_s5/train/T038776.png,data/corrupted/100k_blur_15x15_s5/train/T038776.png,4062,LOW,5%,1
T038792,220343,3705,data/corrupted/100k_blur_15x15_s5/train/T038792.png,data/corrupted/100k_blur_15x15_s5/train/T038792.png,2678,LOW,5%,1
T038833,230020,3924,data/corrupted/100k_blur_15x15_s5/train/T038833.png,data/corrupted/100k_blur_15x15_s5/train/T038833.png,105,LOW,5%,1
T038841,230015,3924,data/corrupted/100k_blur_15x15_s5/train/T038841.png,data/corrupted/100k_blur_15x15_s5/train/T038841.png,8071,LOW,5%,1
T038858,254531,4403,data/corrupted/100k_blur_15x15_s5/train/T038858.png,data/corrupted/100k_blur_15x15_s5/train/T038858.png,3272,LOW,5%,1
T038861,254583,4403,data/corrupted/100k_blur_15x15_s5/train/T038861.png,data/corrupted/100k_blur_15x15_s5/train/T038861.png,3610,LOW,5%,1
T038873,254585,4403,data/corrupted/100k_blur_15x15_s5/train/T038873.png,data/corrupted/100k_blur_15x15_s5/train/T038873.png,2080,LOW,5%,1
T038949,263824,4621,data/corrupted/100k_blur_15x15_s5/train/T038949.png,data/corrupted/100k_blur_15x15_s5/train/T038949.png,8234,LOW,5%,1
T038995,269482,4743,data/corrupted/100k_blur_15x15_s5/train/T038995.png,data/corrupted/100k_blur_15x15_s5/train/T038995.png,2118,LOW,5%,1
T039047,272321,4818,data/corrupted/100k_blur_15x15_s5/train/T039047.png,data/corrupted/100k_blur_15x15_s5/train/T039047.png,10028,LOW,5%,1
T039066,275356,4888,data/corrupted/100k_blur_15x15_s5/train/T039066.png,data/corrupted/100k_blur_15x15_s5/train/T039066.png,8303,LOW,5%,1
T039067,275303,4888,data/corrupted/100k_blur_15x15_s5/train/T039067.png,data/corrupted/100k_blur_15x15_s5/train/T039067.png,121,LOW,5%,1
T039074,275392,4888,data/corrupted/100k_blur_15x15_s5/train/T039074.png,data/corrupted/100k_blur_15x15_s5/train/T039074.png,330,LOW,5%,1
T039102,282320,5041,data/corrupted/100k_blur_15x15_s5/train/T039102.png,data/corrupted/100k_blur_15x15_s5/train/T039102.png,1810,LOW,5%,1
T039110,282237,5041,data/corrupted/100k_blur_15x15_s5/train/T039110.png,data/corrupted/100k_blur_15x15_s5/train/T039110.png,4978,LOW,5%,1
T039123,282238,5041,data/corrupted/100k_blur_15x15_s5/train/T039123.png,data/corrupted/100k_blur_15x15_s5/train/T039123.png,647,LOW,5%,1
T039142,282317,5041,data/corrupted/100k_blur_15x15_s5/train/T039142.png,data/corrupted/100k_blur_15x15_s5/train/T039142.png,6483,LOW,5%,1
T039170,365904,6897,data/corrupted/100k_blur_15x15_s5/train/T039170.png,data/corrupted/100k_blur_15x15_s5/train/T039170.png,3570,LOW,5%,1
T039187,365903,6897,data/corrupted/100k_blur_15x15_s5/train/T039187.png,data/corrupted/100k_blur_15x15_s5/train/T039187.png,3583,LOW,5%,1
T039214,15846,114,data/corrupted/100k_blur_15x15_s5/train/T039214.png,data/corrupted/100k_blur_15x15_s5/train/T039214.png,2412,LOW,5%,1
T039231,15851,114,data/corrupted/100k_blur_15x15_s5/train/T039231.png,data/corrupted/100k_blur_15x15_s5/train/T039231.png,8401,LOW,5%,1
T039257,32333,270,data/corrupted/100k_blur_15x15_s5/train/T039257.png,data/corrupted/100k_blur_15x15_s5/train/T039257.png,3687,LOW,5%,1
T039262,32258,270,data/corrupted/100k_blur_15x15_s5/train/T039262.png,data/corrupted/100k_blur_15x15_s5/train/T039262.png,673,LOW,5%,1
T039273,32270,270,data/corrupted/100k_blur_15x15_s5/train/T039273.png,data/corrupted/100k_blur_15x15_s5/train/T039273.png,9545,LOW,5%,1
T039274,32305,270,data/corrupted/100k_blur_15x15_s5/train/T039274.png,data/corrupted/100k_blur_15x15_s5/train/T039274.png,4646,LOW,5%,1
T039275,32292,270,data/corrupted/100k_blur_15x15_s5/train/T039275.png,data/corrupted/100k_blur_15x15_s5/train/T039275.png,5656,LOW,5%,1
T039283,32249,270,data/corrupted/100k_blur_15x15_s5/train/T039283.png,data/corrupted/100k_blur_15x15_s5/train/T039283.png,9175,LOW,5%,1
T039328,44240,443,data/corrupted/100k_blur_15x15_s5/train/T039328.png,data/corrupted/100k_blur_15x15_s5/train/T039328.png,917,LOW,5%,1
T039378,50656,527,data/corrupted/100k_blur_15x15_s5/train/T039378.png,data/corrupted/100k_blur_15x15_s5/train/T039378.png,2815,LOW,5%,1
T039460,151979,2264,data/corrupted/100k_blur_15x15_s5/train/T039460.png,data/corrupted/100k_blur_15x15_s5/train/T039460.png,4103,LOW,5%,1
T039462,152034,2264,data/corrupted/100k_blur_15x15_s5/train/T039462.png,data/corrupted/100k_blur_15x15_s5/train/T039462.png,1822,LOW,5%,1
T039523,172691,2661,data/corrupted/100k_blur_15x15_s5/train/T039523.png,data/corrupted/100k_blur_15x15_s5/train/T039523.png,5795,LOW,5%,1
T039554,174512,2700,data/corrupted/100k_blur_15x15_s5/train/T039554.png,data/corrupted/100k_blur_15x15_s5/train/T039554.png,354,LOW,5%,1
T039570,174491,2700,data/corrupted/100k_blur_15x15_s5/train/T039570.png,data/corrupted/100k_blur_15x15_s5/train/T039570.png,38,LOW,5%,1
T039592,174584,2700,data/corrupted/100k_blur_15x15_s5/train/T039592.png,data/corrupted/100k_blur_15x15_s5/train/T039592.png,8476,LOW,5%,1
T039595,174527,2700,data/corrupted/100k_blur_15x15_s5/train/T039595.png,data/corrupted/100k_blur_15x15_s5/train/T039595.png,4546,LOW,5%,1
T039604,244827,4215,data/corrupted/100k_blur_15x15_s5/train/T039604.png,data/corrupted/100k_blur_15x15_s5/train/T039604.png,4732,LOW,5%,1
T039694,252183,4365,data/corrupted/100k_blur_15x15_s5/train/T039694.png,data/corrupted/100k_blur_15x15_s5/train/T039694.png,1361,LOW,5%,1
T039697,252190,4365,data/corrupted/100k_blur_15x15_s5/train/T039697.png,data/corrupted/100k_blur_15x15_s5/train/T039697.png,8198,LOW,5%,1
T039707,418750,8339,data/corrupted/100k_blur_15x15_s5/train/T039707.png,data/corrupted/100k_blur_15x15_s5/train/T039707.png,4861,LOW,5%,1
T039708,418691,8339,data/corrupted/100k_blur_15x15_s5/train/T039708.png,data/corrupted/100k_blur_15x15_s5/train/T039708.png,109,LOW,5%,1
T039747,418667,8339,data/corrupted/100k_blur_15x15_s5/train/T039747.png,data/corrupted/100k_blur_15x15_s5/train/T039747.png,9620,LOW,5%,1
T039770,435852,8814,data/corrupted/100k_blur_15x15_s5/train/T039770.png,data/corrupted/100k_blur_15x15_s5/train/T039770.png,4367,LOW,5%,1
T039779,435894,8814,data/corrupted/100k_blur_15x15_s5/train/T039779.png,data/corrupted/100k_blur_15x15_s5/train/T039779.png,4691,LOW,5%,1
T039796,435905,8814,data/corrupted/100k_blur_15x15_s5/train/T039796.png,data/corrupted/100k_blur_15x15_s5/train/T039796.png,3570,LOW,5%,1
T039806,10967,68,data/corrupted/100k_blur_15x15_s5/train/T039806.png,data/corrupted/100k_blur_15x15_s5/train/T039806.png,2961,LOW,5%,1
T039815,10914,68,data/corrupted/100k_blur_15x15_s5/train/T039815.png,data/corrupted/100k_blur_15x15_s5/train/T039815.png,2192,LOW,5%,1
T039816,10912,68,data/corrupted/100k_blur_15x15_s5/train/T039816.png,data/corrupted/100k_blur_15x15_s5/train/T039816.png,2484,LOW,5%,1
T039909,166640,2554,data/corrupted/100k_blur_15x15_s5/train/T039909.png,data/corrupted/100k_blur_15x15_s5/train/T039909.png,343,LOW,5%,1
T039911,166636,2554,data/corrupted/100k_blur_15x15_s5/train/T039911.png,data/corrupted/100k_blur_15x15_s5/train/T039911.png,9844,LOW,5%,1
T039914,166712,2554,data/corrupted/100k_blur_15x15_s5/train/T039914.png,data/corrupted/100k_blur_15x15_s5/train/T039914.png,854,LOW,5%,1
T039936,166672,2554,data/corrupted/100k_blur_15x15_s5/train/T039936.png,data/corrupted/100k_blur_15x15_s5/train/T039936.png,5009,LOW,5%,1
T039952,243414,4191,data/corrupted/100k_blur_15x15_s5/train/T039952.png,data/corrupted/100k_blur_15x15_s5/train/T039952.png,3272,LOW,5%,1
T039970,243402,4191,data/corrupted/100k_blur_15x15_s5/train/T039970.png,data/corrupted/100k_blur_15x15_s5/train/T039970.png,2271,LOW,5%,1
T039974,243441,4191,data/corrupted/100k_blur_15x15_s5/train/T039974.png,data/corrupted/100k_blur_15x15_s5/train/T039974.png,8866,LOW,5%,1
T039981,243456,4191,data/corrupted/100k_blur_15x15_s5/train/T039981.png,data/corrupted/100k_blur_15x15_s5/train/T039981.png,2632,LOW,5%,1
T039986,243395,4191,data/corrupted/100k_blur_15x15_s5/train/T039986.png,data/corrupted/100k_blur_15x15_s5/train/T039986.png,1337,LOW,5%,1
T039993,243403,4191,data/corrupted/100k_blur_15x15_s5/train/T039993.png,data/corrupted/100k_blur_15x15_s5/train/T039993.png,6,LOW,5%,1
T040001,259065,4499,data/corrupted/100k_blur_15x15_s5/train/T040001.png,data/corrupted/100k_blur_15x15_s5/train/T040001.png,5993,LOW,5%,1
T040029,259048,4499,data/corrupted/100k_blur_15x15_s5/train/T040029.png,data/corrupted/100k_blur_15x15_s5/train/T040029.png,527,LOW,5%,1
T040035,259049,4499,data/corrupted/100k_blur_15x15_s5/train/T040035.png,data/corrupted/100k_blur_15x15_s5/train/T040035.png,384,LOW,5%,1
T040098,361969,6806,data/corrupted/100k_blur_15x15_s5/train/T040098.png,data/corrupted/100k_blur_15x15_s5/train/T040098.png,8828,LOW,5%,1
T040100,37894,354,data/corrupted/100k_blur_15x15_s5/train/T040100.png,data/corrupted/100k_blur_15x15_s5/train/T040100.png,2769,LOW,5%,1
T040157,80163,973,data/corrupted/100k_blur_15x15_s5/train/T040157.png,data/corrupted/100k_blur_15x15_s5/train/T040157.png,7888,LOW,5%,1
T040183,80116,973,data/corrupted/100k_blur_15x15_s5/train/T040183.png,data/corrupted/100k_blur_15x15_s5/train/T040183.png,2656,LOW,5%,1
T040186,80165,973,data/corrupted/100k_blur_15x15_s5/train/T040186.png,data/corrupted/100k_blur_15x15_s5/train/T040186.png,9833,LOW,5%,1
T040193,80200,973,data/corrupted/100k_blur_15x15_s5/train/T040193.png,data/corrupted/100k_blur_15x15_s5/train/T040193.png,7432,LOW,5%,1
T040199,80113,973,data/corrupted/100k_blur_15x15_s5/train/T040199.png,data/corrupted/100k_blur_15x15_s5/train/T040199.png,8114,LOW,5%,1
T040201,80700,977,data/corrupted/100k_blur_15x15_s5/train/T040201.png,data/corrupted/100k_blur_15x15_s5/train/T040201.png,8794,LOW,5%,1
T040205,80664,977,data/corrupted/100k_blur_15x15_s5/train/T040205.png,data/corrupted/100k_blur_15x15_s5/train/T040205.png,7788,LOW,5%,1
T040233,80728,977,data/corrupted/100k_blur_15x15_s5/train/T040233.png,data/corrupted/100k_blur_15x15_s5/train/T040233.png,10535,LOW,5%,1
T040247,80626,977,data/corrupted/100k_blur_15x15_s5/train/T040247.png,data/corrupted/100k_blur_15x15_s5/train/T040247.png,3924,LOW,5%,1
T040273,90511,1102,data/corrupted/100k_blur_15x15_s5/train/T040273.png,data/corrupted/100k_blur_15x15_s5/train/T040273.png,1196,LOW,5%,1
T040278,90509,1102,data/corrupted/100k_blur_15x15_s5/train/T040278.png,data/corrupted/100k_blur_15x15_s5/train/T040278.png,988,LOW,5%,1
T040328,132305,1848,data/corrupted/100k_blur_15x15_s5/train/T040328.png,data/corrupted/100k_blur_15x15_s5/train/T040328.png,8469,LOW,5%,1
T040329,132371,1848,data/corrupted/100k_blur_15x15_s5/train/T040329.png,data/corrupted/100k_blur_15x15_s5/train/T040329.png,7127,LOW,5%,1
T040343,132279,1848,data/corrupted/100k_blur_15x15_s5/train/T040343.png,data/corrupted/100k_blur_15x15_s5/train/T040343.png,3971,LOW,5%,1
T040358,147276,2166,data/corrupted/100k_blur_15x15_s5/train/T040358.png,data/corrupted/100k_blur_15x15_s5/train/T040358.png,577,LOW,5%,1
T040373,147265,2166,data/corrupted/100k_blur_15x15_s5/train/T040373.png,data/corrupted/100k_blur_15x15_s5/train/T040373.png,536,LOW,5%,1
T040378,147270,2166,data/corrupted/100k_blur_15x15_s5/train/T040378.png,data/corrupted/100k_blur_15x15_s5/train/T040378.png,8691,LOW,5%,1
T040386,147260,2166,data/corrupted/100k_blur_15x15_s5/train/T040386.png,data/corrupted/100k_blur_15x15_s5/train/T040386.png,7334,LOW,5%,1
T040420,154598,2321,data/corrupted/100k_blur_15x15_s5/train/T040420.png,data/corrupted/100k_blur_15x15_s5/train/T040420.png,3950,LOW,5%,1
T040437,154571,2321,data/corrupted/100k_blur_15x15_s5/train/T040437.png,data/corrupted/100k_blur_15x15_s5/train/T040437.png,4463,LOW,5%,1
T040449,154550,2321,data/corrupted/100k_blur_15x15_s5/train/T040449.png,data/corrupted/100k_blur_15x15_s5/train/T040449.png,733,LOW,5%,1
T040465,187195,2966,data/corrupted/100k_blur_15x15_s5/train/T040465.png,data/corrupted/100k_blur_15x15_s5/train/T040465.png,5503,LOW,5%,1
T040468,187172,2966,data/corrupted/100k_blur_15x15_s5/train/T040468.png,data/corrupted/100k_blur_15x15_s5/train/T040468.png,5042,LOW,5%,1
T040492,187196,2966,data/corrupted/100k_blur_15x15_s5/train/T040492.png,data/corrupted/100k_blur_15x15_s5/train/T040492.png,241,LOW,5%,1
T040493,187213,2966,data/corrupted/100k_blur_15x15_s5/train/T040493.png,data/corrupted/100k_blur_15x15_s5/train/T040493.png,3895,LOW,5%,1
T040534,202457,3316,data/corrupted/100k_blur_15x15_s5/train/T040534.png,data/corrupted/100k_blur_15x15_s5/train/T040534.png,732,LOW,5%,1
T040564,232653,3975,data/corrupted/100k_blur_15x15_s5/train/T040564.png,data/corrupted/100k_blur_15x15_s5/train/T040564.png,9230,LOW,5%,1
T040632,263226,4604,data/corrupted/100k_blur_15x15_s5/train/T040632.png,data/corrupted/100k_blur_15x15_s5/train/T040632.png,2154,LOW,5%,1
T040665,284140,5075,data/corrupted/100k_blur_15x15_s5/train/T040665.png,data/corrupted/100k_blur_15x15_s5/train/T040665.png,1535,LOW,5%,1
T040674,284122,5075,data/corrupted/100k_blur_15x15_s5/train/T040674.png,data/corrupted/100k_blur_15x15_s5/train/T040674.png,1299,LOW,5%,1
T040684,284136,5075,data/corrupted/100k_blur_15x15_s5/train/T040684.png,data/corrupted/100k_blur_15x15_s5/train/T040684.png,914,LOW,5%,1
T040715,316898,5803,data/corrupted/100k_blur_15x15_s5/train/T040715.png,data/corrupted/100k_blur_15x15_s5/train/T040715.png,8373,LOW,5%,1
T040730,316841,5803,data/corrupted/100k_blur_15x15_s5/train/T040730.png,data/corrupted/100k_blur_15x15_s5/train/T040730.png,5958,LOW,5%,1
T040780,349863,6514,data/corrupted/100k_blur_15x15_s5/train/T040780.png,data/corrupted/100k_blur_15x15_s5/train/T040780.png,528,LOW,5%,1
T040782,349866,6514,data/corrupted/100k_blur_15x15_s5/train/T040782.png,data/corrupted/100k_blur_15x15_s5/train/T040782.png,1610,LOW,5%,1
T040796,349915,6514,data/corrupted/100k_blur_15x15_s5/train/T040796.png,data/corrupted/100k_blur_15x15_s5/train/T040796.png,1802,LOW,5%,1
T040806,408717,8063,data/corrupted/100k_blur_15x15_s5/train/T040806.png,data/corrupted/100k_blur_15x15_s5/train/T040806.png,7422,LOW,5%,1
T040839,408803,8063,data/corrupted/100k_blur_15x15_s5/train/T040839.png,data/corrupted/100k_blur_15x15_s5/train/T040839.png,2920,LOW,5%,1
T040889,465053,9708,data/corrupted/100k_blur_15x15_s5/train/T040889.png,data/corrupted/100k_blur_15x15_s5/train/T040889.png,4702,LOW,5%,1
T040937,55940,598,data/corrupted/100k_blur_15x15_s5/train/T040937.png,data/corrupted/100k_blur_15x15_s5/train/T040937.png,1535,LOW,5%,1
T040939,56001,598,data/corrupted/100k_blur_15x15_s5/train/T040939.png,data/corrupted/100k_blur_15x15_s5/train/T040939.png,9830,LOW,5%,1
T040944,55941,598,data/corrupted/100k_blur_15x15_s5/train/T040944.png,data/corrupted/100k_blur_15x15_s5/train/T040944.png,10065,LOW,5%,1
T040945,55982,598,data/corrupted/100k_blur_15x15_s5/train/T040945.png,data/corrupted/100k_blur_15x15_s5/train/T040945.png,5202,LOW,5%,1
T040956,87474,1055,data/corrupted/100k_blur_15x15_s5/train/T040956.png,data/corrupted/100k_blur_15x15_s5/train/T040956.png,1048,LOW,5%,1
T040966,87415,1055,data/corrupted/100k_blur_15x15_s5/train/T040966.png,data/corrupted/100k_blur_15x15_s5/train/T040966.png,7381,LOW,5%,1
T040975,87439,1055,data/corrupted/100k_blur_15x15_s5/train/T040975.png,data/corrupted/100k_blur_15x15_s5/train/T040975.png,176,LOW,5%,1
T040998,87444,1055,data/corrupted/100k_blur_15x15_s5/train/T040998.png,data/corrupted/100k_blur_15x15_s5/train/T040998.png,651,LOW,5%,1
T041016,143431,2080,data/corrupted/100k_blur_15x15_s5/train/T041016.png,data/corrupted/100k_blur_15x15_s5/train/T041016.png,4700,LOW,5%,1
T041080,204328,3356,data/corrupted/100k_blur_15x15_s5/train/T041080.png,data/corrupted/100k_blur_15x15_s5/train/T041080.png,5308,LOW,5%,1
T041091,204374,3356,data/corrupted/100k_blur_15x15_s5/train/T041091.png,data/corrupted/100k_blur_15x15_s5/train/T041091.png,659,LOW,5%,1
T041104,206195,3386,data/corrupted/100k_blur_15x15_s5/train/T041104.png,data/corrupted/100k_blur_15x15_s5/train/T041104.png,968,LOW,5%,1
T041128,206179,3386,data/corrupted/100k_blur_15x15_s5/train/T041128.png,data/corrupted/100k_blur_15x15_s5/train/T041128.png,16,LOW,5%,1
T041144,206129,3386,data/corrupted/100k_blur_15x15_s5/train/T041144.png,data/corrupted/100k_blur_15x15_s5/train/T041144.png,3520,LOW,5%,1
T041147,206107,3386,data/corrupted/100k_blur_15x15_s5/train/T041147.png,data/corrupted/100k_blur_15x15_s5/train/T041147.png,9731,LOW,5%,1
T041149,206136,3386,data/corrupted/100k_blur_15x15_s5/train/T041149.png,data/corrupted/100k_blur_15x15_s5/train/T041149.png,5438,LOW,5%,1
T041178,220110,3697,data/corrupted/100k_blur_15x15_s5/train/T041178.png,data/corrupted/100k_blur_15x15_s5/train/T041178.png,6815,LOW,5%,1
T041197,220129,3697,data/corrupted/100k_blur_15x15_s5/train/T041197.png,data/corrupted/100k_blur_15x15_s5/train/T041197.png,2548,LOW,5%,1
T041212,228996,3895,data/corrupted/100k_blur_15x15_s5/train/T041212.png,data/corrupted/100k_blur_15x15_s5/train/T041212.png,97,LOW,5%,1
T041254,244443,4210,data/corrupted/100k_blur_15x15_s5/train/T041254.png,data/corrupted/100k_blur_15x15_s5/train/T041254.png,8047,LOW,5%,1
T041301,245491,4232,data/corrupted/100k_blur_15x15_s5/train/T041301.png,data/corrupted/100k_blur_15x15_s5/train/T041301.png,7976,LOW,5%,1
T041304,245474,4232,data/corrupted/100k_blur_15x15_s5/train/T041304.png,data/corrupted/100k_blur_15x15_s5/train/T041304.png,1645,LOW,5%,1
T041310,245523,4232,data/corrupted/100k_blur_15x15_s5/train/T041310.png,data/corrupted/100k_blur_15x15_s5/train/T041310.png,1692,LOW,5%,1
T041339,245452,4232,data/corrupted/100k_blur_15x15_s5/train/T041339.png,data/corrupted/100k_blur_15x15_s5/train/T041339.png,2700,LOW,5%,1
T041342,245485,4232,data/corrupted/100k_blur_15x15_s5/train/T041342.png,data/corrupted/100k_blur_15x15_s5/train/T041342.png,4844,LOW,5%,1
T041350,253292,4384,data/corrupted/100k_blur_15x15_s5/train/T041350.png,data/corrupted/100k_blur_15x15_s5/train/T041350.png,2637,LOW,5%,1
T041364,253326,4384,data/corrupted/100k_blur_15x15_s5/train/T041364.png,data/corrupted/100k_blur_15x15_s5/train/T041364.png,6119,LOW,5%,1
T041376,253242,4384,data/corrupted/100k_blur_15x15_s5/train/T041376.png,data/corrupted/100k_blur_15x15_s5/train/T041376.png,605,LOW,5%,1
T041382,253240,4384,data/corrupted/100k_blur_15x15_s5/train/T041382.png,data/corrupted/100k_blur_15x15_s5/train/T041382.png,8087,LOW,5%,1
T041384,253320,4384,data/corrupted/100k_blur_15x15_s5/train/T041384.png,data/corrupted/100k_blur_15x15_s5/train/T041384.png,3721,LOW,5%,1
T041390,253280,4384,data/corrupted/100k_blur_15x15_s5/train/T041390.png,data/corrupted/100k_blur_15x15_s5/train/T041390.png,2418,LOW,5%,1
T041395,253295,4384,data/corrupted/100k_blur_15x15_s5/train/T041395.png,data/corrupted/100k_blur_15x15_s5/train/T041395.png,1657,LOW,5%,1
T041414,263764,4620,data/corrupted/100k_blur_15x15_s5/train/T041414.png,data/corrupted/100k_blur_15x15_s5/train/T041414.png,1439,LOW,5%,1
T041419,263713,4620,data/corrupted/100k_blur_15x15_s5/train/T041419.png,data/corrupted/100k_blur_15x15_s5/train/T041419.png,7796,LOW,5%,1
T041423,263686,4620,data/corrupted/100k_blur_15x15_s5/train/T041423.png,data/corrupted/100k_blur_15x15_s5/train/T041423.png,4890,LOW,5%,1
T041457,270989,4790,data/corrupted/100k_blur_15x15_s5/train/T041457.png,data/corrupted/100k_blur_15x15_s5/train/T041457.png,8691,LOW,5%,1
T041500,281396,5023,data/corrupted/100k_blur_15x15_s5/train/T041500.png,data/corrupted/100k_blur_15x15_s5/train/T041500.png,3046,LOW,5%,1
T041517,281374,5023,data/corrupted/100k_blur_15x15_s5/train/T041517.png,data/corrupted/100k_blur_15x15_s5/train/T041517.png,4702,LOW,5%,1
T041549,281414,5023,data/corrupted/100k_blur_15x15_s5/train/T041549.png,data/corrupted/100k_blur_15x15_s5/train/T041549.png,4606,LOW,5%,1
T041569,314546,5747,data/corrupted/100k_blur_15x15_s5/train/T041569.png,data/corrupted/100k_blur_15x15_s5/train/T041569.png,868,LOW,5%,1
T041583,314592,5747,data/corrupted/100k_blur_15x15_s5/train/T041583.png,data/corrupted/100k_blur_15x15_s5/train/T041583.png,986,LOW,5%,1
T041592,314505,5747,data/corrupted/100k_blur_15x15_s5/train/T041592.png,data/corrupted/100k_blur_15x15_s5/train/T041592.png,8298,LOW,5%,1
T041624,339818,6306,data/corrupted/100k_blur_15x15_s5/train/T041624.png,data/corrupted/100k_blur_15x15_s5/train/T041624.png,41,LOW,5%,1
T041628,339917,6306,data/corrupted/100k_blur_15x15_s5/train/T041628.png,data/corrupted/100k_blur_15x15_s5/train/T041628.png,4732,LOW,5%,1
T041629,339828,6306,data/corrupted/100k_blur_15x15_s5/train/T041629.png,data/corrupted/100k_blur_15x15_s5/train/T041629.png,571,LOW,5%,1
T041635,339881,6306,data/corrupted/100k_blur_15x15_s5/train/T041635.png,data/corrupted/100k_blur_15x15_s5/train/T041635.png,3177,LOW,5%,1
T041653,442880,9020,data/corrupted/100k_blur_15x15_s5/train/T041653.png,data/corrupted/100k_blur_15x15_s5/train/T041653.png,1838,LOW,5%,1
T041669,442822,9020,data/corrupted/100k_blur_15x15_s5/train/T041669.png,data/corrupted/100k_blur_15x15_s5/train/T041669.png,3629,LOW,5%,1
T041714,34629,305,data/corrupted/100k_blur_15x15_s5/train/T041714.png,data/corrupted/100k_blur_15x15_s5/train/T041714.png,6951,LOW,5%,1
T041722,34589,305,data/corrupted/100k_blur_15x15_s5/train/T041722.png,data/corrupted/100k_blur_15x15_s5/train/T041722.png,5747,LOW,5%,1
T041752,110387,1379,data/corrupted/100k_blur_15x15_s5/train/T041752.png,data/corrupted/100k_blur_15x15_s5/train/T041752.png,5026,LOW,5%,1
T041763,110404,1379,data/corrupted/100k_blur_15x15_s5/train/T041763.png,data/corrupted/100k_blur_15x15_s5/train/T041763.png,2982,LOW,5%,1
T041767,110361,1379,data/corrupted/100k_blur_15x15_s5/train/T041767.png,data/corrupted/100k_blur_15x15_s5/train/T041767.png,7759,LOW,5%,1
T041768,110376,1379,data/corrupted/100k_blur_15x15_s5/train/T041768.png,data/corrupted/100k_blur_15x15_s5/train/T041768.png,477,LOW,5%,1
T041781,110426,1379,data/corrupted/100k_blur_15x15_s5/train/T041781.png,data/corrupted/100k_blur_15x15_s5/train/T041781.png,9849,LOW,5%,1
T041783,110396,1379,data/corrupted/100k_blur_15x15_s5/train/T041783.png,data/corrupted/100k_blur_15x15_s5/train/T041783.png,1494,LOW,5%,1
T041799,110444,1379,data/corrupted/100k_blur_15x15_s5/train/T041799.png,data/corrupted/100k_blur_15x15_s5/train/T041799.png,868,LOW,5%,1
T041832,267290,4702,data/corrupted/100k_blur_15x15_s5/train/T041832.png,data/corrupted/100k_blur_15x15_s5/train/T041832.png,1896,LOW,5%,1
T041842,267291,4702,data/corrupted/100k_blur_15x15_s5/train/T041842.png,data/corrupted/100k_blur_15x15_s5/train/T041842.png,541,LOW,5%,1
T041930,413982,8203,data/corrupted/100k_blur_15x15_s5/train/T041930.png,data/corrupted/100k_blur_15x15_s5/train/T041930.png,3741,LOW,5%,1
T041967,60854,664,data/corrupted/100k_blur_15x15_s5/train/T041967.png,data/corrupted/100k_blur_15x15_s5/train/T041967.png,1020,LOW,5%,1
T042036,130611,1815,data/corrupted/100k_blur_15x15_s5/train/T042036.png,data/corrupted/100k_blur_15x15_s5/train/T042036.png,8739,LOW,5%,1
T042054,146154,2138,data/corrupted/100k_blur_15x15_s5/train/T042054.png,data/corrupted/100k_blur_15x15_s5/train/T042054.png,4489,LOW,5%,1
T042055,146081,2138,data/corrupted/100k_blur_15x15_s5/train/T042055.png,data/corrupted/100k_blur_15x15_s5/train/T042055.png,4502,LOW,5%,1
T042134,155219,2332,data/corrupted/100k_blur_15x15_s5/train/T042134.png,data/corrupted/100k_blur_15x15_s5/train/T042134.png,1337,LOW,5%,1
T042189,161384,2441,data/corrupted/100k_blur_15x15_s5/train/T042189.png,data/corrupted/100k_blur_15x15_s5/train/T042189.png,6334,LOW,5%,1
T042204,174286,2693,data/corrupted/100k_blur_15x15_s5/train/T042204.png,data/corrupted/100k_blur_15x15_s5/train/T042204.png,208,LOW,5%,1
T042207,174258,2693,data/corrupted/100k_blur_15x15_s5/train/T042207.png,data/corrupted/100k_blur_15x15_s5/train/T042207.png,7894,LOW,5%,1
T042263,198028,3209,data/corrupted/100k_blur_15x15_s5/train/T042263.png,data/corrupted/100k_blur_15x15_s5/train/T042263.png,9936,LOW,5%,1
T042280,197975,3209,data/corrupted/100k_blur_15x15_s5/train/T042280.png,data/corrupted/100k_blur_15x15_s5/train/T042280.png,2693,LOW,5%,1
T042309,210969,3484,data/corrupted/100k_blur_15x15_s5/train/T042309.png,data/corrupted/100k_blur_15x15_s5/train/T042309.png,4263,LOW,5%,1
T042315,211023,3484,data/corrupted/100k_blur_15x15_s5/train/T042315.png,data/corrupted/100k_blur_15x15_s5/train/T042315.png,7471,LOW,5%,1
T042318,211019,3484,data/corrupted/100k_blur_15x15_s5/train/T042318.png,data/corrupted/100k_blur_15x15_s5/train/T042318.png,1866,LOW,5%,1
T042321,211032,3484,data/corrupted/100k_blur_15x15_s5/train/T042321.png,data/corrupted/100k_blur_15x15_s5/train/T042321.png,1074,LOW,5%,1
T042325,211028,3484,data/corrupted/100k_blur_15x15_s5/train/T042325.png,data/corrupted/100k_blur_15x15_s5/train/T042325.png,5775,LOW,5%,1
T042333,210975,3484,data/corrupted/100k_blur_15x15_s5/train/T042333.png,data/corrupted/100k_blur_15x15_s5/train/T042333.png,3924,LOW,5%,1
T042334,211036,3484,data/corrupted/100k_blur_15x15_s5/train/T042334.png,data/corrupted/100k_blur_15x15_s5/train/T042334.png,4968,LOW,5%,1
T042335,210965,3484,data/corrupted/100k_blur_15x15_s5/train/T042335.png,data/corrupted/100k_blur_15x15_s5/train/T042335.png,5994,LOW,5%,1
T042349,211039,3484,data/corrupted/100k_blur_15x15_s5/train/T042349.png,data/corrupted/100k_blur_15x15_s5/train/T042349.png,1088,LOW,5%,1
T042360,221427,3721,data/corrupted/100k_blur_15x15_s5/train/T042360.png,data/corrupted/100k_blur_15x15_s5/train/T042360.png,5239,LOW,5%,1
T042429,241873,4164,data/corrupted/100k_blur_15x15_s5/train/T042429.png,data/corrupted/100k_blur_15x15_s5/train/T042429.png,7402,LOW,5%,1
T042442,241863,4164,data/corrupted/100k_blur_15x15_s5/train/T042442.png,data/corrupted/100k_blur_15x15_s5/train/T042442.png,1412,LOW,5%,1
T042451,245211,4226,data/corrupted/100k_blur_15x15_s5/train/T042451.png,data/corrupted/100k_blur_15x15_s5/train/T042451.png,5540,LOW,5%,1
T042477,245180,4226,data/corrupted/100k_blur_15x15_s5/train/T042477.png,data/corrupted/100k_blur_15x15_s5/train/T042477.png,2009,LOW,5%,1
T042479,245228,4226,data/corrupted/100k_blur_15x15_s5/train/T042479.png,data/corrupted/100k_blur_15x15_s5/train/T042479.png,258,LOW,5%,1
T042490,245161,4226,data/corrupted/100k_blur_15x15_s5/train/T042490.png,data/corrupted/100k_blur_15x15_s5/train/T042490.png,3759,LOW,5%,1
T042519,319137,5846,data/corrupted/100k_blur_15x15_s5/train/T042519.png,data/corrupted/100k_blur_15x15_s5/train/T042519.png,554,LOW,5%,1
T042523,319135,5846,data/corrupted/100k_blur_15x15_s5/train/T042523.png,data/corrupted/100k_blur_15x15_s5/train/T042523.png,4706,LOW,5%,1
T042576,339605,6301,data/corrupted/100k_blur_15x15_s5/train/T042576.png,data/corrupted/100k_blur_15x15_s5/train/T042576.png,693,LOW,5%,1
T042622,360865,6777,data/corrupted/100k_blur_15x15_s5/train/T042622.png,data/corrupted/100k_blur_15x15_s5/train/T042622.png,7942,LOW,5%,1
T042630,360854,6777,data/corrupted/100k_blur_15x15_s5/train/T042630.png,data/corrupted/100k_blur_15x15_s5/train/T042630.png,199,LOW,5%,1
T042672,21219,172,data/corrupted/100k_blur_15x15_s5/train/T042672.png,data/corrupted/100k_blur_15x15_s5/train/T042672.png,7128,LOW,5%,1
T042711,29227,243,data/corrupted/100k_blur_15x15_s5/train/T042711.png,data/corrupted/100k_blur_15x15_s5/train/T042711.png,1017,LOW,5%,1
T042718,29238,243,data/corrupted/100k_blur_15x15_s5/train/T042718.png,data/corrupted/100k_blur_15x15_s5/train/T042718.png,4682,LOW,5%,1
T042768,75918,914,data/corrupted/100k_blur_15x15_s5/train/T042768.png,data/corrupted/100k_blur_15x15_s5/train/T042768.png,1541,LOW,5%,1
T042779,75950,914,data/corrupted/100k_blur_15x15_s5/train/T042779.png,data/corrupted/100k_blur_15x15_s5/train/T042779.png,868,LOW,5%,1
T042787,75962,914,data/corrupted/100k_blur_15x15_s5/train/T042787.png,data/corrupted/100k_blur_15x15_s5/train/T042787.png,1240,LOW,5%,1
T042795,75931,914,data/corrupted/100k_blur_15x15_s5/train/T042795.png,data/corrupted/100k_blur_15x15_s5/train/T042795.png,9237,LOW,5%,1
T042825,96582,1180,data/corrupted/100k_blur_15x15_s5/train/T042825.png,data/corrupted/100k_blur_15x15_s5/train/T042825.png,406,LOW,5%,1
T042830,96629,1180,data/corrupted/100k_blur_15x15_s5/train/T042830.png,data/corrupted/100k_blur_15x15_s5/train/T042830.png,5170,LOW,5%,1
T042855,282003,5034,data/corrupted/100k_blur_15x15_s5/train/T042855.png,data/corrupted/100k_blur_15x15_s5/train/T042855.png,249,LOW,5%,1
T042884,282025,5034,data/corrupted/100k_blur_15x15_s5/train/T042884.png,data/corrupted/100k_blur_15x15_s5/train/T042884.png,3006,LOW,5%,1
T042894,282007,5034,data/corrupted/100k_blur_15x15_s5/train/T042894.png,data/corrupted/100k_blur_15x15_s5/train/T042894.png,7099,LOW,5%,1
T042895,282027,5034,data/corrupted/100k_blur_15x15_s5/train/T042895.png,data/corrupted/100k_blur_15x15_s5/train/T042895.png,1088,LOW,5%,1
T042896,281935,5034,data/corrupted/100k_blur_15x15_s5/train/T042896.png,data/corrupted/100k_blur_15x15_s5/train/T042896.png,6981,LOW,5%,1
T042922,288324,5171,data/corrupted/100k_blur_15x15_s5/train/T042922.png,data/corrupted/100k_blur_15x15_s5/train/T042922.png,6097,LOW,5%,1
T042925,288317,5171,data/corrupted/100k_blur_15x15_s5/train/T042925.png,data/corrupted/100k_blur_15x15_s5/train/T042925.png,1685,LOW,5%,1
T042939,288308,5171,data/corrupted/100k_blur_15x15_s5/train/T042939.png,data/corrupted/100k_blur_15x15_s5/train/T042939.png,2584,LOW,5%,1
T043055,32063,266,data/corrupted/100k_blur_15x15_s5/train/T043055.png,data/corrupted/100k_blur_15x15_s5/train/T043055.png,1422,LOW,5%,1
T043074,31977,266,data/corrupted/100k_blur_15x15_s5/train/T043074.png,data/corrupted/100k_blur_15x15_s5/train/T043074.png,3095,LOW,5%,1
T043097,31979,266,data/corrupted/100k_blur_15x15_s5/train/T043097.png,data/corrupted/100k_blur_15x15_s5/train/T043097.png,46,LOW,5%,1
T043101,36932,341,data/corrupted/100k_blur_15x15_s5/train/T043101.png,data/corrupted/100k_blur_15x15_s5/train/T043101.png,2834,LOW,5%,1
T043102,36924,341,data/corrupted/100k_blur_15x15_s5/train/T043102.png,data/corrupted/100k_blur_15x15_s5/train/T043102.png,1240,LOW,5%,1
T043114,36889,341,data/corrupted/100k_blur_15x15_s5/train/T043114.png,data/corrupted/100k_blur_15x15_s5/train/T043114.png,403,LOW,5%,1
T043124,36875,341,data/corrupted/100k_blur_15x15_s5/train/T043124.png,data/corrupted/100k_blur_15x15_s5/train/T043124.png,4741,LOW,5%,1
T043147,36866,341,data/corrupted/100k_blur_15x15_s5/train/T043147.png,data/corrupted/100k_blur_15x15_s5/train/T043147.png,897,LOW,5%,1
T043198,44916,453,data/corrupted/100k_blur_15x15_s5/train/T043198.png,data/corrupted/100k_blur_15x15_s5/train/T043198.png,4856,LOW,5%,1
T043238,77719,941,data/corrupted/100k_blur_15x15_s5/train/T043238.png,data/corrupted/100k_blur_15x15_s5/train/T043238.png,228,LOW,5%,1
T043244,77661,941,data/corrupted/100k_blur_15x15_s5/train/T043244.png,data/corrupted/100k_blur_15x15_s5/train/T043244.png,109,LOW,5%,1
T043247,77660,941,data/corrupted/100k_blur_15x15_s5/train/T043247.png,data/corrupted/100k_blur_15x15_s5/train/T043247.png,2725,LOW,5%,1
T043248,77654,941,data/corrupted/100k_blur_15x15_s5/train/T043248.png,data/corrupted/100k_blur_15x15_s5/train/T043248.png,3926,LOW,5%,1
T043265,126255,1727,data/corrupted/100k_blur_15x15_s5/train/T043265.png,data/corrupted/100k_blur_15x15_s5/train/T043265.png,3190,LOW,5%,1
T043271,126308,1727,data/corrupted/100k_blur_15x15_s5/train/T043271.png,data/corrupted/100k_blur_15x15_s5/train/T043271.png,2935,LOW,5%,1
T043323,150420,2218,data/corrupted/100k_blur_15x15_s5/train/T043323.png,data/corrupted/100k_blur_15x15_s5/train/T043323.png,6181,LOW,5%,1
T043326,150353,2218,data/corrupted/100k_blur_15x15_s5/train/T043326.png,data/corrupted/100k_blur_15x15_s5/train/T043326.png,1558,LOW,5%,1
T043360,166545,2552,data/corrupted/100k_blur_15x15_s5/train/T043360.png,data/corrupted/100k_blur_15x15_s5/train/T043360.png,165,LOW,5%,1
T043363,166527,2552,data/corrupted/100k_blur_15x15_s5/train/T043363.png,data/corrupted/100k_blur_15x15_s5/train/T043363.png,6488,LOW,5%,1
T043372,166595,2552,data/corrupted/100k_blur_15x15_s5/train/T043372.png,data/corrupted/100k_blur_15x15_s5/train/T043372.png,4007,LOW,5%,1
T043375,166572,2552,data/corrupted/100k_blur_15x15_s5/train/T043375.png,data/corrupted/100k_blur_15x15_s5/train/T043375.png,4627,LOW,5%,1
T043390,166517,2552,data/corrupted/100k_blur_15x15_s5/train/T043390.png,data/corrupted/100k_blur_15x15_s5/train/T043390.png,9106,LOW,5%,1
T043413,183624,2882,data/corrupted/100k_blur_15x15_s5/train/T043413.png,data/corrupted/100k_blur_15x15_s5/train/T043413.png,3895,LOW,5%,1
T043419,183619,2882,data/corrupted/100k_blur_15x15_s5/train/T043419.png,data/corrupted/100k_blur_15x15_s5/train/T043419.png,7845,LOW,5%,1
T043454,258891,4497,data/corrupted/100k_blur_15x15_s5/train/T043454.png,data/corrupted/100k_blur_15x15_s5/train/T043454.png,1050,LOW,5%,1
T043496,258903,4497,data/corrupted/100k_blur_15x15_s5/train/T043496.png,data/corrupted/100k_blur_15x15_s5/train/T043496.png,10206,LOW,5%,1
T043513,259222,4502,data/corrupted/100k_blur_15x15_s5/train/T043513.png,data/corrupted/100k_blur_15x15_s5/train/T043513.png,1299,LOW,5%,1
T043522,259209,4502,data/corrupted/100k_blur_15x15_s5/train/T043522.png,data/corrupted/100k_blur_15x15_s5/train/T043522.png,6777,LOW,5%,1
T043530,259283,4502,data/corrupted/100k_blur_15x15_s5/train/T043530.png,data/corrupted/100k_blur_15x15_s5/train/T043530.png,4088,LOW,5%,1
T043545,259218,4502,data/corrupted/100k_blur_15x15_s5/train/T043545.png,data/corrupted/100k_blur_15x15_s5/train/T043545.png,6499,LOW,5%,1
T043642,353234,6605,data/corrupted/100k_blur_15x15_s5/train/T043642.png,data/corrupted/100k_blur_15x15_s5/train/T043642.png,8206,LOW,5%,1
T043644,353274,6605,data/corrupted/100k_blur_15x15_s5/train/T043644.png,data/corrupted/100k_blur_15x15_s5/train/T043644.png,56,LOW,5%,1
T043694,384852,7384,data/corrupted/100k_blur_15x15_s5/train/T043694.png,data/corrupted/100k_blur_15x15_s5/train/T043694.png,83,LOW,5%,1
T043695,384889,7384,data/corrupted/100k_blur_15x15_s5/train/T043695.png,data/corrupted/100k_blur_15x15_s5/train/T043695.png,808,LOW,5%,1
T043730,402770,7896,data/corrupted/100k_blur_15x15_s5/train/T043730.png,data/corrupted/100k_blur_15x15_s5/train/T043730.png,90,LOW,5%,1
T043751,427334,8583,data/corrupted/100k_blur_15x15_s5/train/T043751.png,data/corrupted/100k_blur_15x15_s5/train/T043751.png,2770,LOW,5%,1
T043758,427256,8583,data/corrupted/100k_blur_15x15_s5/train/T043758.png,data/corrupted/100k_blur_15x15_s5/train/T043758.png,3786,LOW,5%,1
T043789,427333,8583,data/corrupted/100k_blur_15x15_s5/train/T043789.png,data/corrupted/100k_blur_15x15_s5/train/T043789.png,2984,LOW,5%,1
T043799,427293,8583,data/corrupted/100k_blur_15x15_s5/train/T043799.png,data/corrupted/100k_blur_15x15_s5/train/T043799.png,1250,LOW,5%,1
T043801,468133,9797,data/corrupted/100k_blur_15x15_s5/train/T043801.png,data/corrupted/100k_blur_15x15_s5/train/T043801.png,598,LOW,5%,1
T043813,468140,9797,data/corrupted/100k_blur_15x15_s5/train/T043813.png,data/corrupted/100k_blur_15x15_s5/train/T043813.png,8545,LOW,5%,1
T043838,468182,9797,data/corrupted/100k_blur_15x15_s5/train/T043838.png,data/corrupted/100k_blur_15x15_s5/train/T043838.png,8732,LOW,5%,1
T043849,468216,9797,data/corrupted/100k_blur_15x15_s5/train/T043849.png,data/corrupted/100k_blur_15x15_s5/train/T043849.png,8583,LOW,5%,1
T043915,78688,953,data/corrupted/100k_blur_15x15_s5/train/T043915.png,data/corrupted/100k_blur_15x15_s5/train/T043915.png,5793,LOW,5%,1
T043961,80918,980,data/corrupted/100k_blur_15x15_s5/train/T043961.png,data/corrupted/100k_blur_15x15_s5/train/T043961.png,10006,LOW,5%,1
T043964,80939,980,data/corrupted/100k_blur_15x15_s5/train/T043964.png,data/corrupted/100k_blur_15x15_s5/train/T043964.png,6,LOW,5%,1
T043965,80982,980,data/corrupted/100k_blur_15x15_s5/train/T043965.png,data/corrupted/100k_blur_15x15_s5/train/T043965.png,355,LOW,5%,1
T043967,80933,980,data/corrupted/100k_blur_15x15_s5/train/T043967.png,data/corrupted/100k_blur_15x15_s5/train/T043967.png,3056,LOW,5%,1
T043970,80924,980,data/corrupted/100k_blur_15x15_s5/train/T043970.png,data/corrupted/100k_blur_15x15_s5/train/T043970.png,2136,LOW,5%,1
T043981,80977,980,data/corrupted/100k_blur_15x15_s5/train/T043981.png,data/corrupted/100k_blur_15x15_s5/train/T043981.png,176,LOW,5%,1
T044019,128604,1780,data/corrupted/100k_blur_15x15_s5/train/T044019.png,data/corrupted/100k_blur_15x15_s5/train/T044019.png,6181,LOW,5%,1
T044036,128584,1780,data/corrupted/100k_blur_15x15_s5/train/T044036.png,data/corrupted/100k_blur_15x15_s5/train/T044036.png,1130,LOW,5%,1
T044037,128573,1780,data/corrupted/100k_blur_15x15_s5/train/T044037.png,data/corrupted/100k_blur_15x15_s5/train/T044037.png,3863,LOW,5%,1
T044055,144768,2107,data/corrupted/100k_blur_15x15_s5/train/T044055.png,data/corrupted/100k_blur_15x15_s5/train/T044055.png,1061,LOW,5%,1
T044094,144737,2107,data/corrupted/100k_blur_15x15_s5/train/T044094.png,data/corrupted/100k_blur_15x15_s5/train/T044094.png,1106,LOW,5%,1
T044099,144789,2107,data/corrupted/100k_blur_15x15_s5/train/T044099.png,data/corrupted/100k_blur_15x15_s5/train/T044099.png,2423,LOW,5%,1
T044108,197025,3180,data/corrupted/100k_blur_15x15_s5/train/T044108.png,data/corrupted/100k_blur_15x15_s5/train/T044108.png,6063,LOW,5%,1
T044135,197036,3180,data/corrupted/100k_blur_15x15_s5/train/T044135.png,data/corrupted/100k_blur_15x15_s5/train/T044135.png,4982,LOW,5%,1
T044145,197048,3180,data/corrupted/100k_blur_15x15_s5/train/T044145.png,data/corrupted/100k_blur_15x15_s5/train/T044145.png,220,LOW,5%,1
T044158,253668,4393,data/corrupted/100k_blur_15x15_s5/train/T044158.png,data/corrupted/100k_blur_15x15_s5/train/T044158.png,2829,LOW,5%,1
T044235,270052,4761,data/corrupted/100k_blur_15x15_s5/train/T044235.png,data/corrupted/100k_blur_15x15_s5/train/T044235.png,8695,LOW,5%,1
T044287,361146,6787,data/corrupted/100k_blur_15x15_s5/train/T044287.png,data/corrupted/100k_blur_15x15_s5/train/T044287.png,5178,LOW,5%,1
T044288,361217,6787,data/corrupted/100k_blur_15x15_s5/train/T044288.png,data/corrupted/100k_blur_15x15_s5/train/T044288.png,4939,LOW,5%,1
T044296,361150,6787,data/corrupted/100k_blur_15x15_s5/train/T044296.png,data/corrupted/100k_blur_15x15_s5/train/T044296.png,1326,LOW,5%,1
T044345,408897,8067,data/corrupted/100k_blur_15x15_s5/train/T044345.png,data/corrupted/100k_blur_15x15_s5/train/T044345.png,2986,LOW,5%,1
T044364,18932,147,data/corrupted/100k_blur_15x15_s5/train/T044364.png,data/corrupted/100k_blur_15x15_s5/train/T044364.png,59,LOW,5%,1
T044392,18950,147,data/corrupted/100k_blur_15x15_s5/train/T044392.png,data/corrupted/100k_blur_15x15_s5/train/T044392.png,4145,LOW,5%,1
T044399,18929,147,data/corrupted/100k_blur_15x15_s5/train/T044399.png,data/corrupted/100k_blur_15x15_s5/train/T044399.png,10145,LOW,5%,1
T044411,23023,186,data/corrupted/100k_blur_15x15_s5/train/T044411.png,data/corrupted/100k_blur_15x15_s5/train/T044411.png,674,LOW,5%,1
T044421,23033,186,data/corrupted/100k_blur_15x15_s5/train/T044421.png,data/corrupted/100k_blur_15x15_s5/train/T044421.png,4730,LOW,5%,1
T044433,23020,186,data/corrupted/100k_blur_15x15_s5/train/T044433.png,data/corrupted/100k_blur_15x15_s5/train/T044433.png,3321,LOW,5%,1
T044442,22954,186,data/corrupted/100k_blur_15x15_s5/train/T044442.png,data/corrupted/100k_blur_15x15_s5/train/T044442.png,3611,LOW,5%,1
T044448,22946,186,data/corrupted/100k_blur_15x15_s5/train/T044448.png,data/corrupted/100k_blur_15x15_s5/train/T044448.png,7906,LOW,5%,1
T044469,30648,255,data/corrupted/100k_blur_15x15_s5/train/T044469.png,data/corrupted/100k_blur_15x15_s5/train/T044469.png,895,LOW,5%,1
T044473,30726,255,data/corrupted/100k_blur_15x15_s5/train/T044473.png,data/corrupted/100k_blur_15x15_s5/train/T044473.png,1524,LOW,5%,1
T044505,36812,340,data/corrupted/100k_blur_15x15_s5/train/T044505.png,data/corrupted/100k_blur_15x15_s5/train/T044505.png,406,LOW,5%,1
T044509,36822,340,data/corrupted/100k_blur_15x15_s5/train/T044509.png,data/corrupted/100k_blur_15x15_s5/train/T044509.png,9572,LOW,5%,1
T044512,36816,340,data/corrupted/100k_blur_15x15_s5/train/T044512.png,data/corrupted/100k_blur_15x15_s5/train/T044512.png,8206,LOW,5%,1
T044521,36814,340,data/corrupted/100k_blur_15x15_s5/train/T044521.png,data/corrupted/100k_blur_15x15_s5/train/T044521.png,3180,LOW,5%,1
T044531,36857,340,data/corrupted/100k_blur_15x15_s5/train/T044531.png,data/corrupted/100k_blur_15x15_s5/train/T044531.png,8258,LOW,5%,1
T044551,79827,966,data/corrupted/100k_blur_15x15_s5/train/T044551.png,data/corrupted/100k_blur_15x15_s5/train/T044551.png,4769,LOW,5%,1
T044552,79788,966,data/corrupted/100k_blur_15x15_s5/train/T044552.png,data/corrupted/100k_blur_15x15_s5/train/T044552.png,7845,LOW,5%,1
T044569,79750,966,data/corrupted/100k_blur_15x15_s5/train/T044569.png,data/corrupted/100k_blur_15x15_s5/train/T044569.png,6871,LOW,5%,1
T044570,79838,966,data/corrupted/100k_blur_15x15_s5/train/T044570.png,data/corrupted/100k_blur_15x15_s5/train/T044570.png,228,LOW,5%,1
T044612,89865,1092,data/corrupted/100k_blur_15x15_s5/train/T044612.png,data/corrupted/100k_blur_15x15_s5/train/T044612.png,7381,LOW,5%,1
T044666,95019,1159,data/corrupted/100k_blur_15x15_s5/train/T044666.png,data/corrupted/100k_blur_15x15_s5/train/T044666.png,19,LOW,5%,1
T044669,95000,1159,data/corrupted/100k_blur_15x15_s5/train/T044669.png,data/corrupted/100k_blur_15x15_s5/train/T044669.png,6821,LOW,5%,1
T044707,104181,1265,data/corrupted/100k_blur_15x15_s5/train/T044707.png,data/corrupted/100k_blur_15x15_s5/train/T044707.png,2794,LOW,5%,1
T044709,104198,1265,data/corrupted/100k_blur_15x15_s5/train/T044709.png,data/corrupted/100k_blur_15x15_s5/train/T044709.png,432,LOW,5%,1
T044757,195986,3158,data/corrupted/100k_blur_15x15_s5/train/T044757.png,data/corrupted/100k_blur_15x15_s5/train/T044757.png,3804,LOW,5%,1
T044768,195974,3158,data/corrupted/100k_blur_15x15_s5/train/T044768.png,data/corrupted/100k_blur_15x15_s5/train/T044768.png,23,LOW,5%,1
T044779,195906,3158,data/corrupted/100k_blur_15x15_s5/train/T044779.png,data/corrupted/100k_blur_15x15_s5/train/T044779.png,10189,LOW,5%,1
T044788,195977,3158,data/corrupted/100k_blur_15x15_s5/train/T044788.png,data/corrupted/100k_blur_15x15_s5/train/T044788.png,9216,LOW,5%,1
T044848,223291,3758,data/corrupted/100k_blur_15x15_s5/train/T044848.png,data/corrupted/100k_blur_15x15_s5/train/T044848.png,9797,LOW,5%,1
T044849,223280,3758,data/corrupted/100k_blur_15x15_s5/train/T044849.png,data/corrupted/100k_blur_15x15_s5/train/T044849.png,4178,LOW,5%,1
T044861,228267,3879,data/corrupted/100k_blur_15x15_s5/train/T044861.png,data/corrupted/100k_blur_15x15_s5/train/T044861.png,7740,LOW,5%,1
T044886,228275,3879,data/corrupted/100k_blur_15x15_s5/train/T044886.png,data/corrupted/100k_blur_15x15_s5/train/T044886.png,47,LOW,5%,1
T044912,236165,4040,data/corrupted/100k_blur_15x15_s5/train/T044912.png,data/corrupted/100k_blur_15x15_s5/train/T044912.png,2892,LOW,5%,1
T044919,236202,4040,data/corrupted/100k_blur_15x15_s5/train/T044919.png,data/corrupted/100k_blur_15x15_s5/train/T044919.png,4469,LOW,5%,1
T044934,236171,4040,data/corrupted/100k_blur_15x15_s5/train/T044934.png,data/corrupted/100k_blur_15x15_s5/train/T044934.png,8943,LOW,5%,1
T045043,402568,7890,data/corrupted/100k_blur_15x15_s5/train/T045043.png,data/corrupted/100k_blur_15x15_s5/train/T045043.png,2666,LOW,5%,1
T045081,432362,8715,data/corrupted/100k_blur_15x15_s5/train/T045081.png,data/corrupted/100k_blur_15x15_s5/train/T045081.png,2417,LOW,5%,1
T045116,1423,10,data/corrupted/100k_blur_15x15_s5/train/T045116.png,data/corrupted/100k_blur_15x15_s5/train/T045116.png,8339,LOW,5%,1
T045131,1500,10,data/corrupted/100k_blur_15x15_s5/train/T045131.png,data/corrupted/100k_blur_15x15_s5/train/T045131.png,58,LOW,5%,1
T045178,2203,16,data/corrupted/100k_blur_15x15_s5/train/T045178.png,data/corrupted/100k_blur_15x15_s5/train/T045178.png,21,LOW,5%,1
T045204,54547,581,data/corrupted/100k_blur_15x15_s5/train/T045204.png,data/corrupted/100k_blur_15x15_s5/train/T045204.png,6323,LOW,5%,1
T045222,54494,581,data/corrupted/100k_blur_15x15_s5/train/T045222.png,data/corrupted/100k_blur_15x15_s5/train/T045222.png,2751,LOW,5%,1
T045231,54544,581,data/corrupted/100k_blur_15x15_s5/train/T045231.png,data/corrupted/100k_blur_15x15_s5/train/T045231.png,1150,LOW,5%,1
T045284,105187,1292,data/corrupted/100k_blur_15x15_s5/train/T045284.png,data/corrupted/100k_blur_15x15_s5/train/T045284.png,338,LOW,5%,1
T045285,105241,1292,data/corrupted/100k_blur_15x15_s5/train/T045285.png,data/corrupted/100k_blur_15x15_s5/train/T045285.png,3065,LOW,5%,1
T045307,133461,1873,data/corrupted/100k_blur_15x15_s5/train/T045307.png,data/corrupted/100k_blur_15x15_s5/train/T045307.png,1084,LOW,5%,1
T045356,149471,2194,data/corrupted/100k_blur_15x15_s5/train/T045356.png,data/corrupted/100k_blur_15x15_s5/train/T045356.png,4031,LOW,5%,1
T045372,149454,2194,data/corrupted/100k_blur_15x15_s5/train/T045372.png,data/corrupted/100k_blur_15x15_s5/train/T045372.png,1542,LOW,5%,1
T045383,149460,2194,data/corrupted/100k_blur_15x15_s5/train/T045383.png,data/corrupted/100k_blur_15x15_s5/train/T045383.png,4762,LOW,5%,1
T045393,149474,2194,data/corrupted/100k_blur_15x15_s5/train/T045393.png,data/corrupted/100k_blur_15x15_s5/train/T045393.png,2632,LOW,5%,1
T045412,159525,2417,data/corrupted/100k_blur_15x15_s5/train/T045412.png,data/corrupted/100k_blur_15x15_s5/train/T045412.png,4142,LOW,5%,1
T045415,159472,2417,data/corrupted/100k_blur_15x15_s5/train/T045415.png,data/corrupted/100k_blur_15x15_s5/train/T045415.png,5627,LOW,5%,1
T045424,159483,2417,data/corrupted/100k_blur_15x15_s5/train/T045424.png,data/corrupted/100k_blur_15x15_s5/train/T045424.png,3240,LOW,5%,1
T045433,159529,2417,data/corrupted/100k_blur_15x15_s5/train/T045433.png,data/corrupted/100k_blur_15x15_s5/train/T045433.png,1336,LOW,5%,1
T045436,159480,2417,data/corrupted/100k_blur_15x15_s5/train/T045436.png,data/corrupted/100k_blur_15x15_s5/train/T045436.png,8783,LOW,5%,1
T045475,163854,2499,data/corrupted/100k_blur_15x15_s5/train/T045475.png,data/corrupted/100k_blur_15x15_s5/train/T045475.png,4862,LOW,5%,1
T045479,163892,2499,data/corrupted/100k_blur_15x15_s5/train/T045479.png,data/corrupted/100k_blur_15x15_s5/train/T045479.png,393,LOW,5%,1
T045484,163852,2499,data/corrupted/100k_blur_15x15_s5/train/T045484.png,data/corrupted/100k_blur_15x15_s5/train/T045484.png,1764,LOW,5%,1
T045508,179216,2787,data/corrupted/100k_blur_15x15_s5/train/T045508.png,data/corrupted/100k_blur_15x15_s5/train/T045508.png,3095,LOW,5%,1
T045574,198789,3231,data/corrupted/100k_blur_15x15_s5/train/T045574.png,data/corrupted/100k_blur_15x15_s5/train/T045574.png,207,LOW,5%,1
T045588,198837,3231,data/corrupted/100k_blur_15x15_s5/train/T045588.png,data/corrupted/100k_blur_15x15_s5/train/T045588.png,8480,LOW,5%,1
T045610,219858,3693,data/corrupted/100k_blur_15x15_s5/train/T045610.png,data/corrupted/100k_blur_15x15_s5/train/T045610.png,1152,LOW,5%,1
T045618,219914,3693,data/corrupted/100k_blur_15x15_s5/train/T045618.png,data/corrupted/100k_blur_15x15_s5/train/T045618.png,3619,LOW,5%,1
T045669,267144,4700,data/corrupted/100k_blur_15x15_s5/train/T045669.png,data/corrupted/100k_blur_15x15_s5/train/T045669.png,1541,LOW,5%,1
T045695,267124,4700,data/corrupted/100k_blur_15x15_s5/train/T045695.png,data/corrupted/100k_blur_15x15_s5/train/T045695.png,6408,LOW,5%,1
T045729,277490,4949,data/corrupted/100k_blur_15x15_s5/train/T045729.png,data/corrupted/100k_blur_15x15_s5/train/T045729.png,7887,LOW,5%,1
T045739,277428,4949,data/corrupted/100k_blur_15x15_s5/train/T045739.png,data/corrupted/100k_blur_15x15_s5/train/T045739.png,5041,LOW,5%,1
T045770,325560,5993,data/corrupted/100k_blur_15x15_s5/train/T045770.png,data/corrupted/100k_blur_15x15_s5/train/T045770.png,3117,LOW,5%,1
T045795,325564,5993,data/corrupted/100k_blur_15x15_s5/train/T045795.png,data/corrupted/100k_blur_15x15_s5/train/T045795.png,338,LOW,5%,1
T045805,330699,6094,data/corrupted/100k_blur_15x15_s5/train/T045805.png,data/corrupted/100k_blur_15x15_s5/train/T045805.png,10071,LOW,5%,1
T045828,330713,6094,data/corrupted/100k_blur_15x15_s5/train/T045828.png,data/corrupted/100k_blur_15x15_s5/train/T045828.png,5286,LOW,5%,1
T045850,352084,6573,data/corrupted/100k_blur_15x15_s5/train/T045850.png,data/corrupted/100k_blur_15x15_s5/train/T045850.png,3787,LOW,5%,1
T045852,352043,6573,data/corrupted/100k_blur_15x15_s5/train/T045852.png,data/corrupted/100k_blur_15x15_s5/train/T045852.png,4978,LOW,5%,1
T045879,352045,6573,data/corrupted/100k_blur_15x15_s5/train/T045879.png,data/corrupted/100k_blur_15x15_s5/train/T045879.png,1136,LOW,5%,1
T045886,352111,6573,data/corrupted/100k_blur_15x15_s5/train/T045886.png,data/corrupted/100k_blur_15x15_s5/train/T045886.png,6045,LOW,5%,1
T045889,352041,6573,data/corrupted/100k_blur_15x15_s5/train/T045889.png,data/corrupted/100k_blur_15x15_s5/train/T045889.png,947,LOW,5%,1
T045917,378706,7216,data/corrupted/100k_blur_15x15_s5/train/T045917.png,data/corrupted/100k_blur_15x15_s5/train/T045917.png,9542,LOW,5%,1
T045951,410282,8087,data/corrupted/100k_blur_15x15_s5/train/T045951.png,data/corrupted/100k_blur_15x15_s5/train/T045951.png,5107,LOW,5%,1
T045976,410211,8087,data/corrupted/100k_blur_15x15_s5/train/T045976.png,data/corrupted/100k_blur_15x15_s5/train/T045976.png,8542,LOW,5%,1
T045999,410221,8087,data/corrupted/100k_blur_15x15_s5/train/T045999.png,data/corrupted/100k_blur_15x15_s5/train/T045999.png,6647,LOW,5%,1
T046025,467266,9771,data/corrupted/100k_blur_15x15_s5/train/T046025.png,data/corrupted/100k_blur_15x15_s5/train/T046025.png,128,LOW,5%,1
T046035,467214,9771,data/corrupted/100k_blur_15x15_s5/train/T046035.png,data/corrupted/100k_blur_15x15_s5/train/T046035.png,4384,LOW,5%,1
T046041,467294,9771,data/corrupted/100k_blur_15x15_s5/train/T046041.png,data/corrupted/100k_blur_15x15_s5/train/T046041.png,3069,LOW,5%,1
T046054,16536,125,data/corrupted/100k_blur_15x15_s5/train/T046054.png,data/corrupted/100k_blur_15x15_s5/train/T046054.png,4808,LOW,5%,1
T046094,16563,125,data/corrupted/100k_blur_15x15_s5/train/T046094.png,data/corrupted/100k_blur_15x15_s5/train/T046094.png,513,LOW,5%,1
T046099,16532,125,data/corrupted/100k_blur_15x15_s5/train/T046099.png,data/corrupted/100k_blur_15x15_s5/train/T046099.png,749,LOW,5%,1
T046100,115183,1499,data/corrupted/100k_blur_15x15_s5/train/T046100.png,data/corrupted/100k_blur_15x15_s5/train/T046100.png,8113,LOW,5%,1
T046127,115250,1499,data/corrupted/100k_blur_15x15_s5/train/T046127.png,data/corrupted/100k_blur_15x15_s5/train/T046127.png,1154,LOW,5%,1
T046157,132886,1863,data/corrupted/100k_blur_15x15_s5/train/T046157.png,data/corrupted/100k_blur_15x15_s5/train/T046157.png,412,LOW,5%,1
T046166,132828,1863,data/corrupted/100k_blur_15x15_s5/train/T046166.png,data/corrupted/100k_blur_15x15_s5/train/T046166.png,5237,LOW,5%,1
T046181,132909,1863,data/corrupted/100k_blur_15x15_s5/train/T046181.png,data/corrupted/100k_blur_15x15_s5/train/T046181.png,5678,LOW,5%,1
T046196,132862,1863,data/corrupted/100k_blur_15x15_s5/train/T046196.png,data/corrupted/100k_blur_15x15_s5/train/T046196.png,68,LOW,5%,1
T046206,139590,2010,data/corrupted/100k_blur_15x15_s5/train/T046206.png,data/corrupted/100k_blur_15x15_s5/train/T046206.png,2472,LOW,5%,1
T046246,139555,2010,data/corrupted/100k_blur_15x15_s5/train/T046246.png,data/corrupted/100k_blur_15x15_s5/train/T046246.png,214,LOW,5%,1
T046261,162109,2455,data/corrupted/100k_blur_15x15_s5/train/T046261.png,data/corrupted/100k_blur_15x15_s5/train/T046261.png,7167,LOW,5%,1
T046275,162076,2455,data/corrupted/100k_blur_15x15_s5/train/T046275.png,data/corrupted/100k_blur_15x15_s5/train/T046275.png,7384,LOW,5%,1
T046276,162137,2455,data/corrupted/100k_blur_15x15_s5/train/T046276.png,data/corrupted/100k_blur_15x15_s5/train/T046276.png,3450,LOW,5%,1
T046277,162123,2455,data/corrupted/100k_blur_15x15_s5/train/T046277.png,data/corrupted/100k_blur_15x15_s5/train/T046277.png,291,LOW,5%,1
T046298,162119,2455,data/corrupted/100k_blur_15x15_s5/train/T046298.png,data/corrupted/100k_blur_15x15_s5/train/T046298.png,9836,LOW,5%,1
T046340,191009,3046,data/corrupted/100k_blur_15x15_s5/train/T046340.png,data/corrupted/100k_blur_15x15_s5/train/T046340.png,5630,LOW,5%,1
T046351,247167,4269,data/corrupted/100k_blur_15x15_s5/train/T046351.png,data/corrupted/100k_blur_15x15_s5/train/T046351.png,6747,LOW,5%,1
T046376,247116,4269,data/corrupted/100k_blur_15x15_s5/train/T046376.png,data/corrupted/100k_blur_15x15_s5/train/T046376.png,5028,LOW,5%,1
T046395,247146,4269,data/corrupted/100k_blur_15x15_s5/train/T046395.png,data/corrupted/100k_blur_15x15_s5/train/T046395.png,8751,LOW,5%,1
T046407,347764,6458,data/corrupted/100k_blur_15x15_s5/train/T046407.png,data/corrupted/100k_blur_15x15_s5/train/T046407.png,4210,LOW,5%,1
T046431,347701,6458,data/corrupted/100k_blur_15x15_s5/train/T046431.png,data/corrupted/100k_blur_15x15_s5/train/T046431.png,5308,LOW,5%,1
T046437,347771,6458,data/corrupted/100k_blur_15x15_s5/train/T046437.png,data/corrupted/100k_blur_15x15_s5/train/T046437.png,2687,LOW,5%,1
T046449,347696,6458,data/corrupted/100k_blur_15x15_s5/train/T046449.png,data/corrupted/100k_blur_15x15_s5/train/T046449.png,7672,LOW,5%,1
T046456,356030,6674,data/corrupted/100k_blur_15x15_s5/train/T046456.png,data/corrupted/100k_blur_15x15_s5/train/T046456.png,2866,LOW,5%,1
T046471,356076,6674,data/corrupted/100k_blur_15x15_s5/train/T046471.png,data/corrupted/100k_blur_15x15_s5/train/T046471.png,1811,LOW,5%,1
T046474,356085,6674,data/corrupted/100k_blur_15x15_s5/train/T046474.png,data/corrupted/100k_blur_15x15_s5/train/T046474.png,264,LOW,5%,1
T046477,356112,6674,data/corrupted/100k_blur_15x15_s5/train/T046477.png,data/corrupted/100k_blur_15x15_s5/train/T046477.png,7472,LOW,5%,1
T046494,356077,6674,data/corrupted/100k_blur_15x15_s5/train/T046494.png,data/corrupted/100k_blur_15x15_s5/train/T046494.png,6125,LOW,5%,1
T046499,356122,6674,data/corrupted/100k_blur_15x15_s5/train/T046499.png,data/corrupted/100k_blur_15x15_s5/train/T046499.png,9533,LOW,5%,1
T046524,358946,6732,data/corrupted/100k_blur_15x15_s5/train/T046524.png,data/corrupted/100k_blur_15x15_s5/train/T046524.png,3056,LOW,5%,1
T046570,382184,7317,data/corrupted/100k_blur_15x15_s5/train/T046570.png,data/corrupted/100k_blur_15x15_s5/train/T046570.png,1184,LOW,5%,1
T046654,444519,9064,data/corrupted/100k_blur_15x15_s5/train/T046654.png,data/corrupted/100k_blur_15x15_s5/train/T046654.png,3276,LOW,5%,1
T046658,444492,9064,data/corrupted/100k_blur_15x15_s5/train/T046658.png,data/corrupted/100k_blur_15x15_s5/train/T046658.png,6253,LOW,5%,1
T046666,444504,9064,data/corrupted/100k_blur_15x15_s5/train/T046666.png,data/corrupted/100k_blur_15x15_s5/train/T046666.png,9512,LOW,5%,1
T046690,444548,9064,data/corrupted/100k_blur_15x15_s5/train/T046690.png,data/corrupted/100k_blur_15x15_s5/train/T046690.png,39,LOW,5%,1
T046694,444467,9064,data/corrupted/100k_blur_15x15_s5/train/T046694.png,data/corrupted/100k_blur_15x15_s5/train/T046694.png,6838,LOW,5%,1
T046712,14182,93,data/corrupted/100k_blur_15x15_s5/train/T046712.png,data/corrupted/100k_blur_15x15_s5/train/T046712.png,254,LOW,5%,1
T046717,14155,93,data/corrupted/100k_blur_15x15_s5/train/T046717.png,data/corrupted/100k_blur_15x15_s5/train/T046717.png,1254,LOW,5%,1
T046762,15988,117,data/corrupted/100k_blur_15x15_s5/train/T046762.png,data/corrupted/100k_blur_15x15_s5/train/T046762.png,5744,LOW,5%,1
T046774,16030,117,data/corrupted/100k_blur_15x15_s5/train/T046774.png,data/corrupted/100k_blur_15x15_s5/train/T046774.png,6334,LOW,5%,1
T046775,16029,117,data/corrupted/100k_blur_15x15_s5/train/T046775.png,data/corrupted/100k_blur_15x15_s5/train/T046775.png,7120,LOW,5%,1
T046779,16064,117,data/corrupted/100k_blur_15x15_s5/train/T046779.png,data/corrupted/100k_blur_15x15_s5/train/T046779.png,6393,LOW,5%,1
T046849,49939,518,data/corrupted/100k_blur_15x15_s5/train/T046849.png,data/corrupted/100k_blur_15x15_s5/train/T046849.png,3386,LOW,5%,1
T046854,88695,1080,data/corrupted/100k_blur_15x15_s5/train/T046854.png,data/corrupted/100k_blur_15x15_s5/train/T046854.png,8914,LOW,5%,1
T046883,88778,1080,data/corrupted/100k_blur_15x15_s5/train/T046883.png,data/corrupted/100k_blur_15x15_s5/train/T046883.png,1058,LOW,5%,1
T046884,88701,1080,data/corrupted/100k_blur_15x15_s5/train/T046884.png,data/corrupted/100k_blur_15x15_s5/train/T046884.png,3693,LOW,5%,1
T046886,88741,1080,data/corrupted/100k_blur_15x15_s5/train/T046886.png,data/corrupted/100k_blur_15x15_s5/train/T046886.png,184,LOW,5%,1
T046904,160553,2434,data/corrupted/100k_blur_15x15_s5/train/T046904.png,data/corrupted/100k_blur_15x15_s5/train/T046904.png,2418,LOW,5%,1
T046961,214426,3572,data/corrupted/100k_blur_15x15_s5/train/T046961.png,data/corrupted/100k_blur_15x15_s5/train/T046961.png,1785,LOW,5%,1
T046986,214465,3572,data/corrupted/100k_blur_15x15_s5/train/T046986.png,data/corrupted/100k_blur_15x15_s5/train/T046986.png,9941,LOW,5%,1
T046999,214380,3572,data/corrupted/100k_blur_15x15_s5/train/T046999.png,data/corrupted/100k_blur_15x15_s5/train/T046999.png,4269,LOW,5%,1
T047110,334795,6196,data/corrupted/100k_blur_15x15_s5/train/T047110.png,data/corrupted/100k_blur_15x15_s5/train/T047110.png,2814,LOW,5%,1
T047117,334804,6196,data/corrupted/100k_blur_15x15_s5/train/T047117.png,data/corrupted/100k_blur_15x15_s5/train/T047117.png,974,LOW,5%,1
T047207,364957,6873,data/corrupted/100k_blur_15x15_s5/train/T047207.png,data/corrupted/100k_blur_15x15_s5/train/T047207.png,2661,LOW,5%,1
T047244,364870,6873,data/corrupted/100k_blur_15x15_s5/train/T047244.png,data/corrupted/100k_blur_15x15_s5/train/T047244.png,8480,LOW,5%,1
T047265,420358,8388,data/corrupted/100k_blur_15x15_s5/train/T047265.png,data/corrupted/100k_blur_15x15_s5/train/T047265.png,4144,LOW,5%,1
T047291,420370,8388,data/corrupted/100k_blur_15x15_s5/train/T047291.png,data/corrupted/100k_blur_15x15_s5/train/T047291.png,3374,LOW,5%,1
T047314,434715,8781,data/corrupted/100k_blur_15x15_s5/train/T047314.png,data/corrupted/100k_blur_15x15_s5/train/T047314.png,4193,LOW,5%,1
T047373,13872,89,data/corrupted/100k_blur_15x15_s5/train/T047373.png,data/corrupted/100k_blur_15x15_s5/train/T047373.png,1120,LOW,5%,1
T047391,13898,89,data/corrupted/100k_blur_15x15_s5/train/T047391.png,data/corrupted/100k_blur_15x15_s5/train/T047391.png,6253,LOW,5%,1
T047404,32913,279,data/corrupted/100k_blur_15x15_s5/train/T047404.png,data/corrupted/100k_blur_15x15_s5/train/T047404.png,577,LOW,5%,1
T047422,32938,279,data/corrupted/100k_blur_15x15_s5/train/T047422.png,data/corrupted/100k_blur_15x15_s5/train/T047422.png,7268,LOW,5%,1
T047431,32966,279,data/corrupted/100k_blur_15x15_s5/train/T047431.png,data/corrupted/100k_blur_15x15_s5/train/T047431.png,159,LOW,5%,1
T047458,59599,653,data/corrupted/100k_blur_15x15_s5/train/T047458.png,data/corrupted/100k_blur_15x15_s5/train/T047458.png,8700,LOW,5%,1
T047519,93018,1133,data/corrupted/100k_blur_15x15_s5/train/T047519.png,data/corrupted/100k_blur_15x15_s5/train/T047519.png,3231,LOW,5%,1
T047530,93024,1133,data/corrupted/100k_blur_15x15_s5/train/T047530.png,data/corrupted/100k_blur_15x15_s5/train/T047530.png,4706,LOW,5%,1
T047540,93061,1133,data/corrupted/100k_blur_15x15_s5/train/T047540.png,data/corrupted/100k_blur_15x15_s5/train/T047540.png,9087,LOW,5%,1
T047566,282358,5042,data/corrupted/100k_blur_15x15_s5/train/T047566.png,data/corrupted/100k_blur_15x15_s5/train/T047566.png,6664,LOW,5%,1
T047614,296210,5338,data/corrupted/100k_blur_15x15_s5/train/T047614.png,data/corrupted/100k_blur_15x15_s5/train/T047614.png,1931,LOW,5%,1
T047628,296273,5338,data/corrupted/100k_blur_15x15_s5/train/T047628.png,data/corrupted/100k_blur_15x15_s5/train/T047628.png,6723,LOW,5%,1
T047644,296277,5338,data/corrupted/100k_blur_15x15_s5/train/T047644.png,data/corrupted/100k_blur_15x15_s5/train/T047644.png,4190,LOW,5%,1
T047660,434121,8767,data/corrupted/100k_blur_15x15_s5/train/T047660.png,data/corrupted/100k_blur_15x15_s5/train/T047660.png,2558,LOW,5%,1
T047672,434142,8767,data/corrupted/100k_blur_15x15_s5/train/T047672.png,data/corrupted/100k_blur_15x15_s5/train/T047672.png,294,LOW,5%,1
T047684,434137,8767,data/corrupted/100k_blur_15x15_s5/train/T047684.png,data/corrupted/100k_blur_15x15_s5/train/T047684.png,1147,LOW,5%,1
T047687,434059,8767,data/corrupted/100k_blur_15x15_s5/train/T047687.png,data/corrupted/100k_blur_15x15_s5/train/T047687.png,6407,LOW,5%,1
T047714,446198,9115,data/corrupted/100k_blur_15x15_s5/train/T047714.png,data/corrupted/100k_blur_15x15_s5/train/T047714.png,168,LOW,5%,1
T047722,446161,9115,data/corrupted/100k_blur_15x15_s5/train/T047722.png,data/corrupted/100k_blur_15x15_s5/train/T047722.png,3331,LOW,5%,1
T047729,446132,9115,data/corrupted/100k_blur_15x15_s5/train/T047729.png,data/corrupted/100k_blur_15x15_s5/train/T047729.png,7042,LOW,5%,1
T047755,462099,9610,data/corrupted/100k_blur_15x15_s5/train/T047755.png,data/corrupted/100k_blur_15x15_s5/train/T047755.png,232,LOW,5%,1
T047772,462065,9610,data/corrupted/100k_blur_15x15_s5/train/T047772.png,data/corrupted/100k_blur_15x15_s5/train/T047772.png,1838,LOW,5%,1
T047797,462086,9610,data/corrupted/100k_blur_15x15_s5/train/T047797.png,data/corrupted/100k_blur_15x15_s5/train/T047797.png,175,LOW,5%,1
T047813,5106,29,data/corrupted/100k_blur_15x15_s5/train/T047813.png,data/corrupted/100k_blur_15x15_s5/train/T047813.png,1838,LOW,5%,1
T047823,5036,29,data/corrupted/100k_blur_15x15_s5/train/T047823.png,data/corrupted/100k_blur_15x15_s5/train/T047823.png,3400,LOW,5%,1
T047838,5072,29,data/corrupted/100k_blur_15x15_s5/train/T047838.png,data/corrupted/100k_blur_15x15_s5/train/T047838.png,854,LOW,5%,1
T047856,51533,534,data/corrupted/100k_blur_15x15_s5/train/T047856.png,data/corrupted/100k_blur_15x15_s5/train/T047856.png,2337,LOW,5%,1
T047907,74739,893,data/corrupted/100k_blur_15x15_s5/train/T047907.png,data/corrupted/100k_blur_15x15_s5/train/T047907.png,8927,LOW,5%,1
T047909,74741,893,data/corrupted/100k_blur_15x15_s5/train/T047909.png,data/corrupted/100k_blur_15x15_s5/train/T047909.png,9486,LOW,5%,1
T047915,74758,893,data/corrupted/100k_blur_15x15_s5/train/T047915.png,data/corrupted/100k_blur_15x15_s5/train/T047915.png,6110,LOW,5%,1
T047916,74792,893,data/corrupted/100k_blur_15x15_s5/train/T047916.png,data/corrupted/100k_blur_15x15_s5/train/T047916.png,677,LOW,5%,1
T047936,74768,893,data/corrupted/100k_blur_15x15_s5/train/T047936.png,data/corrupted/100k_blur_15x15_s5/train/T047936.png,4831,LOW,5%,1
T047986,79964,968,data/corrupted/100k_blur_15x15_s5/train/T047986.png,data/corrupted/100k_blur_15x15_s5/train/T047986.png,9853,LOW,5%,1
T047990,79989,968,data/corrupted/100k_blur_15x15_s5/train/T047990.png,data/corrupted/100k_blur_15x15_s5/train/T047990.png,2417,LOW,5%,1
T048028,90096,1095,data/corrupted/100k_blur_15x15_s5/train/T048028.png,data/corrupted/100k_blur_15x15_s5/train/T048028.png,35,LOW,5%,1
T048037,90174,1095,data/corrupted/100k_blur_15x15_s5/train/T048037.png,data/corrupted/100k_blur_15x15_s5/train/T048037.png,6373,LOW,5%,1
T048039,90147,1095,data/corrupted/100k_blur_15x15_s5/train/T048039.png,data/corrupted/100k_blur_15x15_s5/train/T048039.png,3927,LOW,5%,1
T048050,135939,1935,data/corrupted/100k_blur_15x15_s5/train/T048050.png,data/corrupted/100k_blur_15x15_s5/train/T048050.png,22,LOW,5%,1
T048056,135875,1935,data/corrupted/100k_blur_15x15_s5/train/T048056.png,data/corrupted/100k_blur_15x15_s5/train/T048056.png,149,LOW,5%,1
T048072,135863,1935,data/corrupted/100k_blur_15x15_s5/train/T048072.png,data/corrupted/100k_blur_15x15_s5/train/T048072.png,6172,LOW,5%,1
T048073,135924,1935,data/corrupted/100k_blur_15x15_s5/train/T048073.png,data/corrupted/100k_blur_15x15_s5/train/T048073.png,5955,LOW,5%,1
T048098,135917,1935,data/corrupted/100k_blur_15x15_s5/train/T048098.png,data/corrupted/100k_blur_15x15_s5/train/T048098.png,1673,LOW,5%,1
T048108,189316,3012,data/corrupted/100k_blur_15x15_s5/train/T048108.png,data/corrupted/100k_blur_15x15_s5/train/T048108.png,9034,LOW,5%,1
T048111,189294,3012,data/corrupted/100k_blur_15x15_s5/train/T048111.png,data/corrupted/100k_blur_15x15_s5/train/T048111.png,986,LOW,5%,1
T048167,234538,4007,data/corrupted/100k_blur_15x15_s5/train/T048167.png,data/corrupted/100k_blur_15x15_s5/train/T048167.png,1935,LOW,5%,1
T048202,297516,5368,data/corrupted/100k_blur_15x15_s5/train/T048202.png,data/corrupted/100k_blur_15x15_s5/train/T048202.png,5202,LOW,5%,1
T048237,297519,5368,data/corrupted/100k_blur_15x15_s5/train/T048237.png,data/corrupted/100k_blur_15x15_s5/train/T048237.png,2441,LOW,5%,1
T048261,338139,6265,data/corrupted/100k_blur_15x15_s5/train/T048261.png,data/corrupted/100k_blur_15x15_s5/train/T048261.png,9241,LOW,5%,1
T048284,338151,6265,data/corrupted/100k_blur_15x15_s5/train/T048284.png,data/corrupted/100k_blur_15x15_s5/train/T048284.png,367,LOW,5%,1
T048307,352738,6594,data/corrupted/100k_blur_15x15_s5/train/T048307.png,data/corrupted/100k_blur_15x15_s5/train/T048307.png,1541,LOW,5%,1
T048317,352726,6594,data/corrupted/100k_blur_15x15_s5/train/T048317.png,data/corrupted/100k_blur_15x15_s5/train/T048317.png,4306,LOW,5%,1
T048327,352677,6594,data/corrupted/100k_blur_15x15_s5/train/T048327.png,data/corrupted/100k_blur_15x15_s5/train/T048327.png,5286,LOW,5%,1
T048334,352657,6594,data/corrupted/100k_blur_15x15_s5/train/T048334.png,data/corrupted/100k_blur_15x15_s5/train/T048334.png,1310,LOW,5%,1
T048363,377179,7167,data/corrupted/100k_blur_15x15_s5/train/T048363.png,data/corrupted/100k_blur_15x15_s5/train/T048363.png,1209,LOW,5%,1
T048375,377131,7167,data/corrupted/100k_blur_15x15_s5/train/T048375.png,data/corrupted/100k_blur_15x15_s5/train/T048375.png,221,LOW,5%,1
T048378,377187,7167,data/corrupted/100k_blur_15x15_s5/train/T048378.png,data/corrupted/100k_blur_15x15_s5/train/T048378.png,6374,LOW,5%,1
T048382,377138,7167,data/corrupted/100k_blur_15x15_s5/train/T048382.png,data/corrupted/100k_blur_15x15_s5/train/T048382.png,4399,LOW,5%,1
T048388,377188,7167,data/corrupted/100k_blur_15x15_s5/train/T048388.png,data/corrupted/100k_blur_15x15_s5/train/T048388.png,5260,LOW,5%,1
T048459,446267,9118,data/corrupted/100k_blur_15x15_s5/train/T048459.png,data/corrupted/100k_blur_15x15_s5/train/T048459.png,6745,LOW,5%,1
T048470,446357,9118,data/corrupted/100k_blur_15x15_s5/train/T048470.png,data/corrupted/100k_blur_15x15_s5/train/T048470.png,2966,LOW,5%,1
T048482,446347,9118,data/corrupted/100k_blur_15x15_s5/train/T048482.png,data/corrupted/100k_blur_15x15_s5/train/T048482.png,1106,LOW,5%,1
T048539,489531,10535,data/corrupted/100k_blur_15x15_s5/train/T048539.png,data/corrupted/100k_blur_15x15_s5/train/T048539.png,7995,LOW,5%,1
T048543,489603,10535,data/corrupted/100k_blur_15x15_s5/train/T048543.png,data/corrupted/100k_blur_15x15_s5/train/T048543.png,2010,LOW,5%,1
T048552,10888,67,data/corrupted/100k_blur_15x15_s5/train/T048552.png,data/corrupted/100k_blur_15x15_s5/train/T048552.png,3467,LOW,5%,1
T048626,43926,436,data/corrupted/100k_blur_15x15_s5/train/T048626.png,data/corrupted/100k_blur_15x15_s5/train/T048626.png,5540,LOW,5%,1
T048642,43969,436,data/corrupted/100k_blur_15x15_s5/train/T048642.png,data/corrupted/100k_blur_15x15_s5/train/T048642.png,9850,LOW,5%,1
T048699,50907,529,data/corrupted/100k_blur_15x15_s5/train/T048699.png,data/corrupted/100k_blur_15x15_s5/train/T048699.png,4322,LOW,5%,1
T048705,55494,592,data/corrupted/100k_blur_15x15_s5/train/T048705.png,data/corrupted/100k_blur_15x15_s5/train/T048705.png,4204,LOW,5%,1
T048754,110725,1385,data/corrupted/100k_blur_15x15_s5/train/T048754.png,data/corrupted/100k_blur_15x15_s5/train/T048754.png,554,LOW,5%,1
T048755,110689,1385,data/corrupted/100k_blur_15x15_s5/train/T048755.png,data/corrupted/100k_blur_15x15_s5/train/T048755.png,2372,LOW,5%,1
T048770,110722,1385,data/corrupted/100k_blur_15x15_s5/train/T048770.png,data/corrupted/100k_blur_15x15_s5/train/T048770.png,10342,LOW,5%,1
T048813,111337,1399,data/corrupted/100k_blur_15x15_s5/train/T048813.png,data/corrupted/100k_blur_15x15_s5/train/T048813.png,5170,LOW,5%,1
T048815,111263,1399,data/corrupted/100k_blur_15x15_s5/train/T048815.png,data/corrupted/100k_blur_15x15_s5/train/T048815.png,456,LOW,5%,1
T048820,111303,1399,data/corrupted/100k_blur_15x15_s5/train/T048820.png,data/corrupted/100k_blur_15x15_s5/train/T048820.png,2548,LOW,5%,1
T048837,111310,1399,data/corrupted/100k_blur_15x15_s5/train/T048837.png,data/corrupted/100k_blur_15x15_s5/train/T048837.png,1931,LOW,5%,1
T048852,145985,2136,data/corrupted/100k_blur_15x15_s5/train/T048852.png,data/corrupted/100k_blur_15x15_s5/train/T048852.png,7489,LOW,5%,1
T048863,146023,2136,data/corrupted/100k_blur_15x15_s5/train/T048863.png,data/corrupted/100k_blur_15x15_s5/train/T048863.png,8408,LOW,5%,1
T048866,145979,2136,data/corrupted/100k_blur_15x15_s5/train/T048866.png,data/corrupted/100k_blur_15x15_s5/train/T048866.png,2535,LOW,5%,1
T048873,146030,2136,data/corrupted/100k_blur_15x15_s5/train/T048873.png,data/corrupted/100k_blur_15x15_s5/train/T048873.png,9323,LOW,5%,1
T048901,187010,2964,data/corrupted/100k_blur_15x15_s5/train/T048901.png,data/corrupted/100k_blur_15x15_s5/train/T048901.png,31,LOW,5%,1
T048905,186958,2964,data/corrupted/100k_blur_15x15_s5/train/T048905.png,data/corrupted/100k_blur_15x15_s5/train/T048905.png,1223,LOW,5%,1
T048909,186960,2964,data/corrupted/100k_blur_15x15_s5/train/T048909.png,data/corrupted/100k_blur_15x15_s5/train/T048909.png,3609,LOW,5%,1
T048928,187026,2964,data/corrupted/100k_blur_15x15_s5/train/T048928.png,data/corrupted/100k_blur_15x15_s5/train/T048928.png,105,LOW,5%,1
T048934,187022,2964,data/corrupted/100k_blur_15x15_s5/train/T048934.png,data/corrupted/100k_blur_15x15_s5/train/T048934.png,7991,LOW,5%,1
T048939,186957,2964,data/corrupted/100k_blur_15x15_s5/train/T048939.png,data/corrupted/100k_blur_15x15_s5/train/T048939.png,332,LOW,5%,1
T048944,186993,2964,data/corrupted/100k_blur_15x15_s5/train/T048944.png,data/corrupted/100k_blur_15x15_s5/train/T048944.png,2107,LOW,5%,1
T048966,197925,3208,data/corrupted/100k_blur_15x15_s5/train/T048966.png,data/corrupted/100k_blur_15x15_s5/train/T048966.png,616,LOW,5%,1
T049007,223956,3767,data/corrupted/100k_blur_15x15_s5/train/T049007.png,data/corrupted/100k_blur_15x15_s5/train/T049007.png,2693,LOW,5%,1
T049036,223910,3767,data/corrupted/100k_blur_15x15_s5/train/T049036.png,data/corrupted/100k_blur_15x15_s5/train/T049036.png,2083,LOW,5%,1
T049065,299509,5419,data/corrupted/100k_blur_15x15_s5/train/T049065.png,data/corrupted/100k_blur_15x15_s5/train/T049065.png,315,LOW,5%,1
T049068,299548,5419,data/corrupted/100k_blur_15x15_s5/train/T049068.png,data/corrupted/100k_blur_15x15_s5/train/T049068.png,8531,LOW,5%,1
T049082,299536,5419,data/corrupted/100k_blur_15x15_s5/train/T049082.png,data/corrupted/100k_blur_15x15_s5/train/T049082.png,5225,LOW,5%,1
T049123,304158,5514,data/corrupted/100k_blur_15x15_s5/train/T049123.png,data/corrupted/100k_blur_15x15_s5/train/T049123.png,598,LOW,5%,1
T049125,304138,5514,data/corrupted/100k_blur_15x15_s5/train/T049125.png,data/corrupted/100k_blur_15x15_s5/train/T049125.png,9997,LOW,5%,1
T049126,304092,5514,data/corrupted/100k_blur_15x15_s5/train/T049126.png,data/corrupted/100k_blur_15x15_s5/train/T049126.png,3914,LOW,5%,1
T049137,304124,5514,data/corrupted/100k_blur_15x15_s5/train/T049137.png,data/corrupted/100k_blur_15x15_s5/train/T049137.png,2499,LOW,5%,1
T049192,324857,5984,data/corrupted/100k_blur_15x15_s5/train/T049192.png,data/corrupted/100k_blur_15x15_s5/train/T049192.png,5795,LOW,5%,1
T049216,337056,6237,data/corrupted/100k_blur_15x15_s5/train/T049216.png,data/corrupted/100k_blur_15x15_s5/train/T049216.png,7316,LOW,5%,1
T049224,337119,6237,data/corrupted/100k_blur_15x15_s5/train/T049224.png,data/corrupted/100k_blur_15x15_s5/train/T049224.png,5004,LOW,5%,1
T049252,345459,6405,data/corrupted/100k_blur_15x15_s5/train/T049252.png,data/corrupted/100k_blur_15x15_s5/train/T049252.png,69,LOW,5%,1
T049260,345504,6405,data/corrupted/100k_blur_15x15_s5/train/T049260.png,data/corrupted/100k_blur_15x15_s5/train/T049260.png,6433,LOW,5%,1
T049279,345473,6405,data/corrupted/100k_blur_15x15_s5/train/T049279.png,data/corrupted/100k_blur_15x15_s5/train/T049279.png,2118,LOW,5%,1
T049289,345510,6405,data/corrupted/100k_blur_15x15_s5/train/T049289.png,data/corrupted/100k_blur_15x15_s5/train/T049289.png,4238,LOW,5%,1
T049299,345430,6405,data/corrupted/100k_blur_15x15_s5/train/T049299.png,data/corrupted/100k_blur_15x15_s5/train/T049299.png,889,LOW,5%,1
T049330,380420,7269,data/corrupted/100k_blur_15x15_s5/train/T049330.png,data/corrupted/100k_blur_15x15_s5/train/T049330.png,1039,LOW,5%,1
T049351,406853,8007,data/corrupted/100k_blur_15x15_s5/train/T049351.png,data/corrupted/100k_blur_15x15_s5/train/T049351.png,2926,LOW,5%,1
T049354,406877,8007,data/corrupted/100k_blur_15x15_s5/train/T049354.png,data/corrupted/100k_blur_15x15_s5/train/T049354.png,2637,LOW,5%,1
T049416,19704,155,data/corrupted/100k_blur_15x15_s5/train/T049416.png,data/corrupted/100k_blur_15x15_s5/train/T049416.png,1036,LOW,5%,1
T049429,19699,155,data/corrupted/100k_blur_15x15_s5/train/T049429.png,data/corrupted/100k_blur_15x15_s5/train/T049429.png,976,LOW,5%,1
T049490,35394,314,data/corrupted/100k_blur_15x15_s5/train/T049490.png,data/corrupted/100k_blur_15x15_s5/train/T049490.png,1693,LOW,5%,1
T049525,51124,531,data/corrupted/100k_blur_15x15_s5/train/T049525.png,data/corrupted/100k_blur_15x15_s5/train/T049525.png,4420,LOW,5%,1
T049527,51126,531,data/corrupted/100k_blur_15x15_s5/train/T049527.png,data/corrupted/100k_blur_15x15_s5/train/T049527.png,6573,LOW,5%,1
T049551,65269,748,data/corrupted/100k_blur_15x15_s5/train/T049551.png,data/corrupted/100k_blur_15x15_s5/train/T049551.png,6151,LOW,5%,1
T049570,65259,748,data/corrupted/100k_blur_15x15_s5/train/T049570.png,data/corrupted/100k_blur_15x15_s5/train/T049570.png,7090,LOW,5%,1
T049571,65290,748,data/corrupted/100k_blur_15x15_s5/train/T049571.png,data/corrupted/100k_blur_15x15_s5/train/T049571.png,1693,LOW,5%,1
T049581,65322,748,data/corrupted/100k_blur_15x15_s5/train/T049581.png,data/corrupted/100k_blur_15x15_s5/train/T049581.png,5624,LOW,5%,1
T049603,84450,1020,data/corrupted/100k_blur_15x15_s5/train/T049603.png,data/corrupted/100k_blur_15x15_s5/train/T049603.png,360,LOW,5%,1
T049625,84408,1020,data/corrupted/100k_blur_15x15_s5/train/T049625.png,data/corrupted/100k_blur_15x15_s5/train/T049625.png,1209,LOW,5%,1
T049646,84374,1020,data/corrupted/100k_blur_15x15_s5/train/T049646.png,data/corrupted/100k_blur_15x15_s5/train/T049646.png,9345,LOW,5%,1
T049663,120876,1610,data/corrupted/100k_blur_15x15_s5/train/T049663.png,data/corrupted/100k_blur_15x15_s5/train/T049663.png,923,LOW,5%,1
T049693,120877,1610,data/corrupted/100k_blur_15x15_s5/train/T049693.png,data/corrupted/100k_blur_15x15_s5/train/T049693.png,4100,LOW,5%,1
T049701,121366,1626,data/corrupted/100k_blur_15x15_s5/train/T049701.png,data/corrupted/100k_blur_15x15_s5/train/T049701.png,3938,LOW,5%,1
T049709,121414,1626,data/corrupted/100k_blur_15x15_s5/train/T049709.png,data/corrupted/100k_blur_15x15_s5/train/T049709.png,651,LOW,5%,1
T049719,121371,1626,data/corrupted/100k_blur_15x15_s5/train/T049719.png,data/corrupted/100k_blur_15x15_s5/train/T049719.png,2444,LOW,5%,1
T049722,121359,1626,data/corrupted/100k_blur_15x15_s5/train/T049722.png,data/corrupted/100k_blur_15x15_s5/train/T049722.png,3648,LOW,5%,1
T049741,121400,1626,data/corrupted/100k_blur_15x15_s5/train/T049741.png,data/corrupted/100k_blur_15x15_s5/train/T049741.png,7167,LOW,5%,1
T049752,195228,3143,data/corrupted/100k_blur_15x15_s5/train/T049752.png,data/corrupted/100k_blur_15x15_s5/train/T049752.png,480,LOW,5%,1
T049775,195242,3143,data/corrupted/100k_blur_15x15_s5/train/T049775.png,data/corrupted/100k_blur_15x15_s5/train/T049775.png,603,LOW,5%,1
T049782,195208,3143,data/corrupted/100k_blur_15x15_s5/train/T049782.png,data/corrupted/100k_blur_15x15_s5/train/T049782.png,1048,LOW,5%,1
T049788,195243,3143,data/corrupted/100k_blur_15x15_s5/train/T049788.png,data/corrupted/100k_blur_15x15_s5/train/T049788.png,6274,LOW,5%,1
T049794,195199,3143,data/corrupted/100k_blur_15x15_s5/train/T049794.png,data/corrupted/100k_blur_15x15_s5/train/T049794.png,5887,LOW,5%,1
T049816,209804,3457,data/corrupted/100k_blur_15x15_s5/train/T049816.png,data/corrupted/100k_blur_15x15_s5/train/T049816.png,4263,LOW,5%,1
T049848,209745,3457,data/corrupted/100k_blur_15x15_s5/train/T049848.png,data/corrupted/100k_blur_15x15_s5/train/T049848.png,3230,LOW,5%,1
T049851,266631,4689,data/corrupted/100k_blur_15x15_s5/train/T049851.png,data/corrupted/100k_blur_15x15_s5/train/T049851.png,1501,LOW,5%,1
T049862,266638,4689,data/corrupted/100k_blur_15x15_s5/train/T049862.png,data/corrupted/100k_blur_15x15_s5/train/T049862.png,8663,LOW,5%,1
T049872,266648,4689,data/corrupted/100k_blur_15x15_s5/train/T049872.png,data/corrupted/100k_blur_15x15_s5/train/T049872.png,3343,LOW,5%,1
T049911,334766,6195,data/corrupted/100k_blur_15x15_s5/train/T049911.png,data/corrupted/100k_blur_15x15_s5/train/T049911.png,615,LOW,5%,1
T049930,334754,6195,data/corrupted/100k_blur_15x15_s5/train/T049930.png,data/corrupted/100k_blur_15x15_s5/train/T049930.png,8022,LOW,5%,1
T049936,334730,6195,data/corrupted/100k_blur_15x15_s5/train/T049936.png,data/corrupted/100k_blur_15x15_s5/train/T049936.png,1089,LOW,5%,1
T049942,334726,6195,data/corrupted/100k_blur_15x15_s5/train/T049942.png,data/corrupted/100k_blur_15x15_s5/train/T049942.png,6265,LOW,5%,1
T049951,337912,6261,data/corrupted/100k_blur_15x15_s5/train/T049951.png,data/corrupted/100k_blur_15x15_s5/train/T049951.png,6887,LOW,5%,1
T049953,337875,6261,data/corrupted/100k_blur_15x15_s5/train/T049953.png,data/corrupted/100k_blur_15x15_s5/train/T049953.png,4215,LOW,5%,1
T049954,337926,6261,data/corrupted/100k_blur_15x15_s5/train/T049954.png,data/corrupted/100k_blur_15x15_s5/train/T049954.png,5345,LOW,5%,1
T049963,337853,6261,data/corrupted/100k_blur_15x15_s5/train/T049963.png,data/corrupted/100k_blur_15x15_s5/train/T049963.png,284,LOW,5%,1
T050010,392999,7615,data/corrupted/100k_blur_15x15_s5/train/T050010.png,data/corrupted/100k_blur_15x15_s5/train/T050010.png,8705,LOW,5%,1
T050032,393017,7615,data/corrupted/100k_blur_15x15_s5/train/T050032.png,data/corrupted/100k_blur_15x15_s5/train/T050032.png,7144,LOW,5%,1
T050071,423363,8470,data/corrupted/100k_blur_15x15_s5/train/T050071.png,data/corrupted/100k_blur_15x15_s5/train/T050071.png,117,LOW,5%,1
T050085,423428,8470,data/corrupted/100k_blur_15x15_s5/train/T050085.png,data/corrupted/100k_blur_15x15_s5/train/T050085.png,1216,LOW,5%,1
T050104,437983,8861,data/corrupted/100k_blur_15x15_s5/train/T050104.png,data/corrupted/100k_blur_15x15_s5/train/T050104.png,4272,LOW,5%,1
T050115,437920,8861,data/corrupted/100k_blur_15x15_s5/train/T050115.png,data/corrupted/100k_blur_15x15_s5/train/T050115.png,868,LOW,5%,1
T050152,439899,8922,data/corrupted/100k_blur_15x15_s5/train/T050152.png,data/corrupted/100k_blur_15x15_s5/train/T050152.png,7803,LOW,5%,1
T050155,439971,8922,data/corrupted/100k_blur_15x15_s5/train/T050155.png,data/corrupted/100k_blur_15x15_s5/train/T050155.png,5452,LOW,5%,1
T050166,439981,8922,data/corrupted/100k_blur_15x15_s5/train/T050166.png,data/corrupted/100k_blur_15x15_s5/train/T050166.png,6128,LOW,5%,1
T050174,439920,8922,data/corrupted/100k_blur_15x15_s5/train/T050174.png,data/corrupted/100k_blur_15x15_s5/train/T050174.png,4183,LOW,5%,1
T050179,439949,8922,data/corrupted/100k_blur_15x15_s5/train/T050179.png,data/corrupted/100k_blur_15x15_s5/train/T050179.png,7529,LOW,5%,1
T050195,439947,8922,data/corrupted/100k_blur_15x15_s5/train/T050195.png,data/corrupted/100k_blur_15x15_s5/train/T050195.png,2916,LOW,5%,1
T050196,439919,8922,data/corrupted/100k_blur_15x15_s5/train/T050196.png,data/corrupted/100k_blur_15x15_s5/train/T050196.png,4670,LOW,5%,1
T050240,37751,351,data/corrupted/100k_blur_15x15_s5/train/T050240.png,data/corrupted/100k_blur_15x15_s5/train/T050240.png,432,LOW,5%,1
T050242,37736,351,data/corrupted/100k_blur_15x15_s5/train/T050242.png,data/corrupted/100k_blur_15x15_s5/train/T050242.png,3767,LOW,5%,1
T050269,47492,480,data/corrupted/100k_blur_15x15_s5/train/T050269.png,data/corrupted/100k_blur_15x15_s5/train/T050269.png,1866,LOW,5%,1
T050271,47533,480,data/corrupted/100k_blur_15x15_s5/train/T050271.png,data/corrupted/100k_blur_15x15_s5/train/T050271.png,6237,LOW,5%,1
T050272,47544,480,data/corrupted/100k_blur_15x15_s5/train/T050272.png,data/corrupted/100k_blur_15x15_s5/train/T050272.png,5671,LOW,5%,1
T050279,47539,480,data/corrupted/100k_blur_15x15_s5/train/T050279.png,data/corrupted/100k_blur_15x15_s5/train/T050279.png,2264,LOW,5%,1
T050304,55811,596,data/corrupted/100k_blur_15x15_s5/train/T050304.png,data/corrupted/100k_blur_15x15_s5/train/T050304.png,4040,LOW,5%,1
T050309,55777,596,data/corrupted/100k_blur_15x15_s5/train/T050309.png,data/corrupted/100k_blur_15x15_s5/train/T050309.png,2882,LOW,5%,1
T050312,55773,596,data/corrupted/100k_blur_15x15_s5/train/T050312.png,data/corrupted/100k_blur_15x15_s5/train/T050312.png,4620,LOW,5%,1
T050322,55765,596,data/corrupted/100k_blur_15x15_s5/train/T050322.png,data/corrupted/100k_blur_15x15_s5/train/T050322.png,342,LOW,5%,1
T050331,55795,596,data/corrupted/100k_blur_15x15_s5/train/T050331.png,data/corrupted/100k_blur_15x15_s5/train/T050331.png,6756,LOW,5%,1
T050364,157631,2385,data/corrupted/100k_blur_15x15_s5/train/T050364.png,data/corrupted/100k_blur_15x15_s5/train/T050364.png,7706,LOW,5%,1
T050370,157651,2385,data/corrupted/100k_blur_15x15_s5/train/T050370.png,data/corrupted/100k_blur_15x15_s5/train/T050370.png,3003,LOW,5%,1
T050379,157655,2385,data/corrupted/100k_blur_15x15_s5/train/T050379.png,data/corrupted/100k_blur_15x15_s5/train/T050379.png,6394,LOW,5%,1
T050428,163236,2484,data/corrupted/100k_blur_15x15_s5/train/T050428.png,data/corrupted/100k_blur_15x15_s5/train/T050428.png,1084,LOW,5%,1
T050434,163178,2484,data/corrupted/100k_blur_15x15_s5/train/T050434.png,data/corrupted/100k_blur_15x15_s5/train/T050434.png,314,LOW,5%,1
T050473,204522,3361,data/corrupted/100k_blur_15x15_s5/train/T050473.png,data/corrupted/100k_blur_15x15_s5/train/T050473.png,5385,LOW,5%,1
T050499,204558,3361,data/corrupted/100k_blur_15x15_s5/train/T050499.png,data/corrupted/100k_blur_15x15_s5/train/T050499.png,10535,LOW,5%,1
T050534,222451,3743,data/corrupted/100k_blur_15x15_s5/train/T050534.png,data/corrupted/100k_blur_15x15_s5/train/T050534.png,2362,LOW,5%,1
T050567,226172,3818,data/corrupted/100k_blur_15x15_s5/train/T050567.png,data/corrupted/100k_blur_15x15_s5/train/T050567.png,2078,LOW,5%,1
T050575,226117,3818,data/corrupted/100k_blur_15x15_s5/train/T050575.png,data/corrupted/100k_blur_15x15_s5/train/T050575.png,891,LOW,5%,1
T050583,226144,3818,data/corrupted/100k_blur_15x15_s5/train/T050583.png,data/corrupted/100k_blur_15x15_s5/train/T050583.png,4121,LOW,5%,1
T050591,226138,3818,data/corrupted/100k_blur_15x15_s5/train/T050591.png,data/corrupted/100k_blur_15x15_s5/train/T050591.png,83,LOW,5%,1
T050610,248524,4294,data/corrupted/100k_blur_15x15_s5/train/T050610.png,data/corrupted/100k_blur_15x15_s5/train/T050610.png,2,LOW,5%,1
T050617,248545,4294,data/corrupted/100k_blur_15x15_s5/train/T050617.png,data/corrupted/100k_blur_15x15_s5/train/T050617.png,1292,LOW,5%,1
T050622,248487,4294,data/corrupted/100k_blur_15x15_s5/train/T050622.png,data/corrupted/100k_blur_15x15_s5/train/T050622.png,2013,LOW,5%,1
T050645,248551,4294,data/corrupted/100k_blur_15x15_s5/train/T050645.png,data/corrupted/100k_blur_15x15_s5/train/T050645.png,2815,LOW,5%,1
T050713,288775,5178,data/corrupted/100k_blur_15x15_s5/train/T050713.png,data/corrupted/100k_blur_15x15_s5/train/T050713.png,671,LOW,5%,1
T050770,423752,8480,data/corrupted/100k_blur_15x15_s5/train/T050770.png,data/corrupted/100k_blur_15x15_s5/train/T050770.png,32,LOW,5%,1
T050788,423743,8480,data/corrupted/100k_blur_15x15_s5/train/T050788.png,data/corrupted/100k_blur_15x15_s5/train/T050788.png,1053,LOW,5%,1
T050794,423722,8480,data/corrupted/100k_blur_15x15_s5/train/T050794.png,data/corrupted/100k_blur_15x15_s5/train/T050794.png,1336,LOW,5%,1
T050800,438380,8871,data/corrupted/100k_blur_15x15_s5/train/T050800.png,data/corrupted/100k_blur_15x15_s5/train/T050800.png,4164,LOW,5%,1
T050819,438375,8871,data/corrupted/100k_blur_15x15_s5/train/T050819.png,data/corrupted/100k_blur_15x15_s5/train/T050819.png,554,LOW,5%,1
T050855,440717,8943,data/corrupted/100k_blur_15x15_s5/train/T050855.png,data/corrupted/100k_blur_15x15_s5/train/T050855.png,4424,LOW,5%,1
T050865,440713,8943,data/corrupted/100k_blur_15x15_s5/train/T050865.png,data/corrupted/100k_blur_15x15_s5/train/T050865.png,4096,LOW,5%,1
T050866,440663,8943,data/corrupted/100k_blur_15x15_s5/train/T050866.png,data/corrupted/100k_blur_15x15_s5/train/T050866.png,9082,LOW,5%,1
T050910,446640,9124,data/corrupted/100k_blur_15x15_s5/train/T050910.png,data/corrupted/100k_blur_15x15_s5/train/T050910.png,7610,LOW,5%,1
T050914,446654,9124,data/corrupted/100k_blur_15x15_s5/train/T050914.png,data/corrupted/100k_blur_15x15_s5/train/T050914.png,9610,LOW,5%,1
T050956,448187,9181,data/corrupted/100k_blur_15x15_s5/train/T050956.png,data/corrupted/100k_blur_15x15_s5/train/T050956.png,207,LOW,5%,1
T050972,448213,9181,data/corrupted/100k_blur_15x15_s5/train/T050972.png,data/corrupted/100k_blur_15x15_s5/train/T050972.png,3729,LOW,5%,1
T050982,448233,9181,data/corrupted/100k_blur_15x15_s5/train/T050982.png,data/corrupted/100k_blur_15x15_s5/train/T050982.png,4207,LOW,5%,1
T050988,448247,9181,data/corrupted/100k_blur_15x15_s5/train/T050988.png,data/corrupted/100k_blur_15x15_s5/train/T050988.png,2676,LOW,5%,1
T051000,463002,9638,data/corrupted/100k_blur_15x15_s5/train/T051000.png,data/corrupted/100k_blur_15x15_s5/train/T051000.png,9906,LOW,5%,1
T051007,463008,9638,data/corrupted/100k_blur_15x15_s5/train/T051007.png,data/corrupted/100k_blur_15x15_s5/train/T051007.png,4212,LOW,5%,1
T051035,463019,9638,data/corrupted/100k_blur_15x15_s5/train/T051035.png,data/corrupted/100k_blur_15x15_s5/train/T051035.png,290,LOW,5%,1
T051052,45654,462,data/corrupted/100k_blur_15x15_s5/train/T051052.png,data/corrupted/100k_blur_15x15_s5/train/T051052.png,8927,LOW,5%,1
T051056,45629,462,data/corrupted/100k_blur_15x15_s5/train/T051056.png,data/corrupted/100k_blur_15x15_s5/train/T051056.png,90,LOW,5%,1
T051074,45674,462,data/corrupted/100k_blur_15x15_s5/train/T051074.png,data/corrupted/100k_blur_15x15_s5/train/T051074.png,637,LOW,5%,1
T051076,45675,462,data/corrupted/100k_blur_15x15_s5/train/T051076.png,data/corrupted/100k_blur_15x15_s5/train/T051076.png,2866,LOW,5%,1
T051116,58355,632,data/corrupted/100k_blur_15x15_s5/train/T051116.png,data/corrupted/100k_blur_15x15_s5/train/T051116.png,6981,LOW,5%,1
T051150,76414,921,data/corrupted/100k_blur_15x15_s5/train/T051150.png,data/corrupted/100k_blur_15x15_s5/train/T051150.png,1938,LOW,5%,1
T051154,76360,921,data/corrupted/100k_blur_15x15_s5/train/T051154.png,data/corrupted/100k_blur_15x15_s5/train/T051154.png,7759,LOW,5%,1
T051155,76407,921,data/corrupted/100k_blur_15x15_s5/train/T051155.png,data/corrupted/100k_blur_15x15_s5/train/T051155.png,854,LOW,5%,1
T051217,85219,1031,data/corrupted/100k_blur_15x15_s5/train/T051217.png,data/corrupted/100k_blur_15x15_s5/train/T051217.png,9726,LOW,5%,1
T051238,85198,1031,data/corrupted/100k_blur_15x15_s5/train/T051238.png,data/corrupted/100k_blur_15x15_s5/train/T051238.png,6692,LOW,5%,1
T051260,92337,1125,data/corrupted/100k_blur_15x15_s5/train/T051260.png,data/corrupted/100k_blur_15x15_s5/train/T051260.png,7049,LOW,5%,1
T051267,92399,1125,data/corrupted/100k_blur_15x15_s5/train/T051267.png,data/corrupted/100k_blur_15x15_s5/train/T051267.png,7896,LOW,5%,1
T051268,92376,1125,data/corrupted/100k_blur_15x15_s5/train/T051268.png,data/corrupted/100k_blur_15x15_s5/train/T051268.png,8883,LOW,5%,1
T051269,92330,1125,data/corrupted/100k_blur_15x15_s5/train/T051269.png,data/corrupted/100k_blur_15x15_s5/train/T051269.png,847,LOW,5%,1
T051270,92415,1125,data/corrupted/100k_blur_15x15_s5/train/T051270.png,data/corrupted/100k_blur_15x15_s5/train/T051270.png,683,LOW,5%,1
T051277,92410,1125,data/corrupted/100k_blur_15x15_s5/train/T051277.png,data/corrupted/100k_blur_15x15_s5/train/T051277.png,5793,LOW,5%,1
T051286,92365,1125,data/corrupted/100k_blur_15x15_s5/train/T051286.png,data/corrupted/100k_blur_15x15_s5/train/T051286.png,6170,LOW,5%,1
T051293,92388,1125,data/corrupted/100k_blur_15x15_s5/train/T051293.png,data/corrupted/100k_blur_15x15_s5/train/T051293.png,9118,LOW,5%,1
T051297,92411,1125,data/corrupted/100k_blur_15x15_s5/train/T051297.png,data/corrupted/100k_blur_15x15_s5/train/T051297.png,1863,LOW,5%,1
T051329,136647,1954,data/corrupted/100k_blur_15x15_s5/train/T051329.png,data/corrupted/100k_blur_15x15_s5/train/T051329.png,5811,LOW,5%,1
T051375,167251,2567,data/corrupted/100k_blur_15x15_s5/train/T051375.png,data/corrupted/100k_blur_15x15_s5/train/T051375.png,32,LOW,5%,1
T051424,184261,2897,data/corrupted/100k_blur_15x15_s5/train/T051424.png,data/corrupted/100k_blur_15x15_s5/train/T051424.png,8859,LOW,5%,1
T051437,184220,2897,data/corrupted/100k_blur_15x15_s5/train/T051437.png,data/corrupted/100k_blur_15x15_s5/train/T051437.png,43,LOW,5%,1
T051458,209883,3459,data/corrupted/100k_blur_15x15_s5/train/T051458.png,data/corrupted/100k_blur_15x15_s5/train/T051458.png,4591,LOW,5%,1
T051485,209914,3459,data/corrupted/100k_blur_15x15_s5/train/T051485.png,data/corrupted/100k_blur_15x15_s5/train/T051485.png,1953,LOW,5%,1
T051510,217645,3645,data/corrupted/100k_blur_15x15_s5/train/T051510.png,data/corrupted/100k_blur_15x15_s5/train/T051510.png,1054,LOW,5%,1
T051511,217679,3645,data/corrupted/100k_blur_15x15_s5/train/T051511.png,data/corrupted/100k_blur_15x15_s5/train/T051511.png,145,LOW,5%,1
T051549,217642,3645,data/corrupted/100k_blur_15x15_s5/train/T051549.png,data/corrupted/100k_blur_15x15_s5/train/T051549.png,1242,LOW,5%,1
T051550,233158,3983,data/corrupted/100k_blur_15x15_s5/train/T051550.png,data/corrupted/100k_blur_15x15_s5/train/T051550.png,5563,LOW,5%,1
T051553,233163,3983,data/corrupted/100k_blur_15x15_s5/train/T051553.png,data/corrupted/100k_blur_15x15_s5/train/T051553.png,1014,LOW,5%,1
T051555,233143,3983,data/corrupted/100k_blur_15x15_s5/train/T051555.png,data/corrupted/100k_blur_15x15_s5/train/T051555.png,4376,LOW,5%,1
T051568,233127,3983,data/corrupted/100k_blur_15x15_s5/train/T051568.png,data/corrupted/100k_blur_15x15_s5/train/T051568.png,2444,LOW,5%,1
T051571,233176,3983,data/corrupted/100k_blur_15x15_s5/train/T051571.png,data/corrupted/100k_blur_15x15_s5/train/T051571.png,1204,LOW,5%,1
T051584,233208,3983,data/corrupted/100k_blur_15x15_s5/train/T051584.png,data/corrupted/100k_blur_15x15_s5/train/T051584.png,227,LOW,5%,1
T051596,233152,3983,data/corrupted/100k_blur_15x15_s5/train/T051596.png,data/corrupted/100k_blur_15x15_s5/train/T051596.png,647,LOW,5%,1
T051597,233179,3983,data/corrupted/100k_blur_15x15_s5/train/T051597.png,data/corrupted/100k_blur_15x15_s5/train/T051597.png,9790,LOW,5%,1
T051655,260229,4523,data/corrupted/100k_blur_15x15_s5/train/T051655.png,data/corrupted/100k_blur_15x15_s5/train/T051655.png,1984,LOW,5%,1
T051692,260164,4523,data/corrupted/100k_blur_15x15_s5/train/T051692.png,data/corrupted/100k_blur_15x15_s5/train/T051692.png,7896,LOW,5%,1
T051755,334998,6198,data/corrupted/100k_blur_15x15_s5/train/T051755.png,data/corrupted/100k_blur_15x15_s5/train/T051755.png,4352,LOW,5%,1
T051761,334994,6198,data/corrupted/100k_blur_15x15_s5/train/T051761.png,data/corrupted/100k_blur_15x15_s5/train/T051761.png,4790,LOW,5%,1
T051762,334924,6198,data/corrupted/100k_blur_15x15_s5/train/T051762.png,data/corrupted/100k_blur_15x15_s5/train/T051762.png,4818,LOW,5%,1
T051764,334912,6198,data/corrupted/100k_blur_15x15_s5/train/T051764.png,data/corrupted/100k_blur_15x15_s5/train/T051764.png,7606,LOW,5%,1
T051784,334925,6198,data/corrupted/100k_blur_15x15_s5/train/T051784.png,data/corrupted/100k_blur_15x15_s5/train/T051784.png,284,LOW,5%,1
T051788,334914,6198,data/corrupted/100k_blur_15x15_s5/train/T051788.png,data/corrupted/100k_blur_15x15_s5/train/T051788.png,209,LOW,5%,1
T051819,349657,6509,data/corrupted/100k_blur_15x15_s5/train/T051819.png,data/corrupted/100k_blur_15x15_s5/train/T051819.png,245,LOW,5%,1
T051837,349608,6509,data/corrupted/100k_blur_15x15_s5/train/T051837.png,data/corrupted/100k_blur_15x15_s5/train/T051837.png,8186,LOW,5%,1
T051839,349679,6509,data/corrupted/100k_blur_15x15_s5/train/T051839.png,data/corrupted/100k_blur_15x15_s5/train/T051839.png,1372,LOW,5%,1
T051854,356157,6675,data/corrupted/100k_blur_15x15_s5/train/T051854.png,data/corrupted/100k_blur_15x15_s5/train/T051854.png,1693,LOW,5%,1
T051878,356216,6675,data/corrupted/100k_blur_15x15_s5/train/T051878.png,data/corrupted/100k_blur_15x15_s5/train/T051878.png,4038,LOW,5%,1
T051886,356184,6675,data/corrupted/100k_blur_15x15_s5/train/T051886.png,data/corrupted/100k_blur_15x15_s5/train/T051886.png,7991,LOW,5%,1
T051890,356145,6675,data/corrupted/100k_blur_15x15_s5/train/T051890.png,data/corrupted/100k_blur_15x15_s5/train/T051890.png,1954,LOW,5%,1
T051895,356197,6675,data/corrupted/100k_blur_15x15_s5/train/T051895.png,data/corrupted/100k_blur_15x15_s5/train/T051895.png,5235,LOW,5%,1
T051933,382079,7316,data/corrupted/100k_blur_15x15_s5/train/T051933.png,data/corrupted/100k_blur_15x15_s5/train/T051933.png,83,LOW,5%,1
T051934,382022,7316,data/corrupted/100k_blur_15x15_s5/train/T051934.png,data/corrupted/100k_blur_15x15_s5/train/T051934.png,2244,LOW,5%,1
T051990,383729,7357,data/corrupted/100k_blur_15x15_s5/train/T051990.png,data/corrupted/100k_blur_15x15_s5/train/T051990.png,2602,LOW,5%,1
T052056,110856,1388,data/corrupted/100k_blur_15x15_s5/train/T052056.png,data/corrupted/100k_blur_15x15_s5/train/T052056.png,1268,LOW,5%,1
T052090,110772,1388,data/corrupted/100k_blur_15x15_s5/train/T052090.png,data/corrupted/100k_blur_15x15_s5/train/T052090.png,4732,LOW,5%,1
T052097,110845,1388,data/corrupted/100k_blur_15x15_s5/train/T052097.png,data/corrupted/100k_blur_15x15_s5/train/T052097.png,2182,LOW,5%,1
T052114,156641,2362,data/corrupted/100k_blur_15x15_s5/train/T052114.png,data/corrupted/100k_blur_15x15_s5/train/T052114.png,5392,LOW,5%,1
T052120,156638,2362,data/corrupted/100k_blur_15x15_s5/train/T052120.png,data/corrupted/100k_blur_15x15_s5/train/T052120.png,1102,LOW,5%,1
T052148,156570,2362,data/corrupted/100k_blur_15x15_s5/train/T052148.png,data/corrupted/100k_blur_15x15_s5/train/T052148.png,9986,LOW,5%,1
T052152,228662,3886,data/corrupted/100k_blur_15x15_s5/train/T052152.png,data/corrupted/100k_blur_15x15_s5/train/T052152.png,6125,LOW,5%,1
T052157,228680,3886,data/corrupted/100k_blur_15x15_s5/train/T052157.png,data/corrupted/100k_blur_15x15_s5/train/T052157.png,10359,LOW,5%,1
T052184,228657,3886,data/corrupted/100k_blur_15x15_s5/train/T052184.png,data/corrupted/100k_blur_15x15_s5/train/T052184.png,5736,LOW,5%,1
T052196,228711,3886,data/corrupted/100k_blur_15x15_s5/train/T052196.png,data/corrupted/100k_blur_15x15_s5/train/T052196.png,6904,LOW,5%,1
T052213,250129,4325,data/corrupted/100k_blur_15x15_s5/train/T052213.png,data/corrupted/100k_blur_15x15_s5/train/T052213.png,7375,LOW,5%,1
T052217,250126,4325,data/corrupted/100k_blur_15x15_s5/train/T052217.png,data/corrupted/100k_blur_15x15_s5/train/T052217.png,941,LOW,5%,1
T052303,282879,5053,data/corrupted/100k_blur_15x15_s5/train/T052303.png,data/corrupted/100k_blur_15x15_s5/train/T052303.png,1071,LOW,5%,1
T052334,282908,5053,data/corrupted/100k_blur_15x15_s5/train/T052334.png,data/corrupted/100k_blur_15x15_s5/train/T052334.png,3118,LOW,5%,1
T052350,331428,6115,data/corrupted/100k_blur_15x15_s5/train/T052350.png,data/corrupted/100k_blur_15x15_s5/train/T052350.png,718,LOW,5%,1
T052366,331459,6115,data/corrupted/100k_blur_15x15_s5/train/T052366.png,data/corrupted/100k_blur_15x15_s5/train/T052366.png,1603,LOW,5%,1
T052381,331462,6115,data/corrupted/100k_blur_15x15_s5/train/T052381.png,data/corrupted/100k_blur_15x15_s5/train/T052381.png,3134,LOW,5%,1
T052401,332020,6125,data/corrupted/100k_blur_15x15_s5/train/T052401.png,data/corrupted/100k_blur_15x15_s5/train/T052401.png,7031,LOW,5%,1
T052413,332046,6125,data/corrupted/100k_blur_15x15_s5/train/T052413.png,data/corrupted/100k_blur_15x15_s5/train/T052413.png,5957,LOW,5%,1
T052423,332061,6125,data/corrupted/100k_blur_15x15_s5/train/T052423.png,data/corrupted/100k_blur_15x15_s5/train/T052423.png,4043,LOW,5%,1
T052424,331984,6125,data/corrupted/100k_blur_15x15_s5/train/T052424.png,data/corrupted/100k_blur_15x15_s5/train/T052424.png,1398,LOW,5%,1
T052430,332024,6125,data/corrupted/100k_blur_15x15_s5/train/T052430.png,data/corrupted/100k_blur_15x15_s5/train/T052430.png,733,LOW,5%,1
T052453,335561,6213,data/corrupted/100k_blur_15x15_s5/train/T052453.png,data/corrupted/100k_blur_15x15_s5/train/T052453.png,6664,LOW,5%,1
T052482,335591,6213,data/corrupted/100k_blur_15x15_s5/train/T052482.png,data/corrupted/100k_blur_15x15_s5/train/T052482.png,9906,LOW,5%,1
T052531,375193,7115,data/corrupted/100k_blur_15x15_s5/train/T052531.png,data/corrupted/100k_blur_15x15_s5/train/T052531.png,1222,LOW,5%,1
T052577,405537,7976,data/corrupted/100k_blur_15x15_s5/train/T052577.png,data/corrupted/100k_blur_15x15_s5/train/T052577.png,81,LOW,5%,1
T052578,405505,7976,data/corrupted/100k_blur_15x15_s5/train/T052578.png,data/corrupted/100k_blur_15x15_s5/train/T052578.png,4939,LOW,5%,1
T052581,405497,7976,data/corrupted/100k_blur_15x15_s5/train/T052581.png,data/corrupted/100k_blur_15x15_s5/train/T052581.png,5657,LOW,5%,1
T052601,411079,8111,data/corrupted/100k_blur_15x15_s5/train/T052601.png,data/corrupted/100k_blur_15x15_s5/train/T052601.png,10101,LOW,5%,1
T052662,422649,8444,data/corrupted/100k_blur_15x15_s5/train/T052662.png,data/corrupted/100k_blur_15x15_s5/train/T052662.png,355,LOW,5%,1
T052672,422686,8444,data/corrupted/100k_blur_15x15_s5/train/T052672.png,data/corrupted/100k_blur_15x15_s5/train/T052672.png,1375,LOW,5%,1
T052688,422683,8444,data/corrupted/100k_blur_15x15_s5/train/T052688.png,data/corrupted/100k_blur_15x15_s5/train/T052688.png,235,LOW,5%,1
T052715,467076,9764,data/corrupted/100k_blur_15x15_s5/train/T052715.png,data/corrupted/100k_blur_15x15_s5/train/T052715.png,609,LOW,5%,1
T052717,467003,9764,data/corrupted/100k_blur_15x15_s5/train/T052717.png,data/corrupted/100k_blur_15x15_s5/train/T052717.png,4508,LOW,5%,1
T052737,467063,9764,data/corrupted/100k_blur_15x15_s5/train/T052737.png,data/corrupted/100k_blur_15x15_s5/train/T052737.png,1758,LOW,5%,1
T052757,467840,9790,data/corrupted/100k_blur_15x15_s5/train/T052757.png,data/corrupted/100k_blur_15x15_s5/train/T052757.png,9940,LOW,5%,1
T052780,467902,9790,data/corrupted/100k_blur_15x15_s5/train/T052780.png,data/corrupted/100k_blur_15x15_s5/train/T052780.png,9189,LOW,5%,1
T052838,472681,9936,data/corrupted/100k_blur_15x15_s5/train/T052838.png,data/corrupted/100k_blur_15x15_s5/train/T052838.png,6081,LOW,5%,1
T052858,475559,10030,data/corrupted/100k_blur_15x15_s5/train/T052858.png,data/corrupted/100k_blur_15x15_s5/train/T052858.png,3746,LOW,5%,1
T052872,475601,10030,data/corrupted/100k_blur_15x15_s5/train/T052872.png,data/corrupted/100k_blur_15x15_s5/train/T052872.png,6483,LOW,5%,1
T052877,475581,10030,data/corrupted/100k_blur_15x15_s5/train/T052877.png,data/corrupted/100k_blur_15x15_s5/train/T052877.png,926,LOW,5%,1
T052903,481623,10233,data/corrupted/100k_blur_15x15_s5/train/T052903.png,data/corrupted/100k_blur_15x15_s5/train/T052903.png,6409,LOW,5%,1
T052908,481652,10233,data/corrupted/100k_blur_15x15_s5/train/T052908.png,data/corrupted/100k_blur_15x15_s5/train/T052908.png,5968,LOW,5%,1
T053002,37620,350,data/corrupted/100k_blur_15x15_s5/train/T053002.png,data/corrupted/100k_blur_15x15_s5/train/T053002.png,4890,LOW,5%,1
T053056,57285,615,data/corrupted/100k_blur_15x15_s5/train/T053056.png,data/corrupted/100k_blur_15x15_s5/train/T053056.png,1194,LOW,5%,1
T053086,57310,615,data/corrupted/100k_blur_15x15_s5/train/T053086.png,data/corrupted/100k_blur_15x15_s5/train/T053086.png,8373,LOW,5%,1
T053090,57266,615,data/corrupted/100k_blur_15x15_s5/train/T053090.png,data/corrupted/100k_blur_15x15_s5/train/T053090.png,6889,LOW,5%,1
T053118,64174,721,data/corrupted/100k_blur_15x15_s5/train/T053118.png,data/corrupted/100k_blur_15x15_s5/train/T053118.png,7269,LOW,5%,1
T053128,64182,721,data/corrupted/100k_blur_15x15_s5/train/T053128.png,data/corrupted/100k_blur_15x15_s5/train/T053128.png,7890,LOW,5%,1
T053161,106395,1310,data/corrupted/100k_blur_15x15_s5/train/T053161.png,data/corrupted/100k_blur_15x15_s5/train/T053161.png,3719,LOW,5%,1
T053162,106427,1310,data/corrupted/100k_blur_15x15_s5/train/T053162.png,data/corrupted/100k_blur_15x15_s5/train/T053162.png,1240,LOW,5%,1
T053173,106465,1310,data/corrupted/100k_blur_15x15_s5/train/T053173.png,data/corrupted/100k_blur_15x15_s5/train/T053173.png,8470,LOW,5%,1
T053195,106424,1310,data/corrupted/100k_blur_15x15_s5/train/T053195.png,data/corrupted/100k_blur_15x15_s5/train/T053195.png,5627,LOW,5%,1
T053198,106409,1310,data/corrupted/100k_blur_15x15_s5/train/T053198.png,data/corrupted/100k_blur_15x15_s5/train/T053198.png,4272,LOW,5%,1
T053199,106422,1310,data/corrupted/100k_blur_15x15_s5/train/T053199.png,data/corrupted/100k_blur_15x15_s5/train/T053199.png,46,LOW,5%,1
T053207,173201,2674,data/corrupted/100k_blur_15x15_s5/train/T053207.png,data/corrupted/100k_blur_15x15_s5/train/T053207.png,5446,LOW,5%,1
T053249,173193,2674,data/corrupted/100k_blur_15x15_s5/train/T053249.png,data/corrupted/100k_blur_15x15_s5/train/T053249.png,531,LOW,5%,1
T053262,185798,2935,data/corrupted/100k_blur_15x15_s5/train/T053262.png,data/corrupted/100k_blur_15x15_s5/train/T053262.png,3982,LOW,5%,1
T053274,185816,2935,data/corrupted/100k_blur_15x15_s5/train/T053274.png,data/corrupted/100k_blur_15x15_s5/train/T053274.png,186,LOW,5%,1
T053277,185793,2935,data/corrupted/100k_blur_15x15_s5/train/T053277.png,data/corrupted/100k_blur_15x15_s5/train/T053277.png,3787,LOW,5%,1
T053280,185786,2935,data/corrupted/100k_blur_15x15_s5/train/T053280.png,data/corrupted/100k_blur_15x15_s5/train/T053280.png,3421,LOW,5%,1
T053297,185805,2935,data/corrupted/100k_blur_15x15_s5/train/T053297.png,data/corrupted/100k_blur_15x15_s5/train/T053297.png,5955,LOW,5%,1
T053299,185766,2935,data/corrupted/100k_blur_15x15_s5/train/T053299.png,data/corrupted/100k_blur_15x15_s5/train/T053299.png,2264,LOW,5%,1
T053331,198919,3232,data/corrupted/100k_blur_15x15_s5/train/T053331.png,data/corrupted/100k_blur_15x15_s5/train/T053331.png,581,LOW,5%,1
T053370,203241,3331,data/corrupted/100k_blur_15x15_s5/train/T053370.png,data/corrupted/100k_blur_15x15_s5/train/T053370.png,3421,LOW,5%,1
T053396,203221,3331,data/corrupted/100k_blur_15x15_s5/train/T053396.png,data/corrupted/100k_blur_15x15_s5/train/T053396.png,1241,LOW,5%,1
T053401,288261,5170,data/corrupted/100k_blur_15x15_s5/train/T053401.png,data/corrupted/100k_blur_15x15_s5/train/T053401.png,2484,LOW,5%,1
T053482,355889,6669,data/corrupted/100k_blur_15x15_s5/train/T053482.png,data/corrupted/100k_blur_15x15_s5/train/T053482.png,4621,LOW,5%,1
T053485,355907,6669,data/corrupted/100k_blur_15x15_s5/train/T053485.png,data/corrupted/100k_blur_15x15_s5/train/T053485.png,2674,LOW,5%,1
T053516,375339,7119,data/corrupted/100k_blur_15x15_s5/train/T053516.png,data/corrupted/100k_blur_15x15_s5/train/T053516.png,1994,LOW,5%,1
T053527,375414,7119,data/corrupted/100k_blur_15x15_s5/train/T053527.png,data/corrupted/100k_blur_15x15_s5/train/T053527.png,2591,LOW,5%,1
T053528,375343,7119,data/corrupted/100k_blur_15x15_s5/train/T053528.png,data/corrupted/100k_blur_15x15_s5/train/T053528.png,10535,LOW,5%,1
T053535,375366,7119,data/corrupted/100k_blur_15x15_s5/train/T053535.png,data/corrupted/100k_blur_15x15_s5/train/T053535.png,1330,LOW,5%,1
T053573,415999,8266,data/corrupted/100k_blur_15x15_s5/train/T053573.png,data/corrupted/100k_blur_15x15_s5/train/T053573.png,649,LOW,5%,1
T053599,416016,8266,data/corrupted/100k_blur_15x15_s5/train/T053599.png,data/corrupted/100k_blur_15x15_s5/train/T053599.png,2243,LOW,5%,1
T053610,425320,8531,data/corrupted/100k_blur_15x15_s5/train/T053610.png,data/corrupted/100k_blur_15x15_s5/train/T053610.png,3004,LOW,5%,1
T053614,425289,8531,data/corrupted/100k_blur_15x15_s5/train/T053614.png,data/corrupted/100k_blur_15x15_s5/train/T053614.png,228,LOW,5%,1
T053630,425369,8531,data/corrupted/100k_blur_15x15_s5/train/T053630.png,data/corrupted/100k_blur_15x15_s5/train/T053630.png,1588,LOW,5%,1
T053670,428102,8612,data/corrupted/100k_blur_15x15_s5/train/T053670.png,data/corrupted/100k_blur_15x15_s5/train/T053670.png,5385,LOW,5%,1
T053671,428184,8612,data/corrupted/100k_blur_15x15_s5/train/T053671.png,data/corrupted/100k_blur_15x15_s5/train/T053671.png,3296,LOW,5%,1
T053704,428565,8617,data/corrupted/100k_blur_15x15_s5/train/T053704.png,data/corrupted/100k_blur_15x15_s5/train/T053704.png,263,LOW,5%,1
T053724,428524,8617,data/corrupted/100k_blur_15x15_s5/train/T053724.png,data/corrupted/100k_blur_15x15_s5/train/T053724.png,9272,LOW,5%,1
T053746,428542,8617,data/corrupted/100k_blur_15x15_s5/train/T053746.png,data/corrupted/100k_blur_15x15_s5/train/T053746.png,2004,LOW,5%,1
T053752,429242,8642,data/corrupted/100k_blur_15x15_s5/train/T053752.png,data/corrupted/100k_blur_15x15_s5/train/T053752.png,8373,LOW,5%,1
T053779,429272,8642,data/corrupted/100k_blur_15x15_s5/train/T053779.png,data/corrupted/100k_blur_15x15_s5/train/T053779.png,8146,LOW,5%,1
T053827,431814,8705,data/corrupted/100k_blur_15x15_s5/train/T053827.png,data/corrupted/100k_blur_15x15_s5/train/T053827.png,27,LOW,5%,1
T053831,431852,8705,data/corrupted/100k_blur_15x15_s5/train/T053831.png,data/corrupted/100k_blur_15x15_s5/train/T053831.png,3786,LOW,5%,1
T053835,431820,8705,data/corrupted/100k_blur_15x15_s5/train/T053835.png,data/corrupted/100k_blur_15x15_s5/train/T053835.png,9175,LOW,5%,1
T053870,459969,9542,data/corrupted/100k_blur_15x15_s5/train/T053870.png,data/corrupted/100k_blur_15x15_s5/train/T053870.png,4503,LOW,5%,1
T053875,459989,9542,data/corrupted/100k_blur_15x15_s5/train/T053875.png,data/corrupted/100k_blur_15x15_s5/train/T053875.png,7372,LOW,5%,1
T053905,462318,9617,data/corrupted/100k_blur_15x15_s5/train/T053905.png,data/corrupted/100k_blur_15x15_s5/train/T053905.png,3052,LOW,5%,1
T053912,462361,9617,data/corrupted/100k_blur_15x15_s5/train/T053912.png,data/corrupted/100k_blur_15x15_s5/train/T053912.png,2738,LOW,5%,1
T053966,468489,9808,data/corrupted/100k_blur_15x15_s5/train/T053966.png,data/corrupted/100k_blur_15x15_s5/train/T053966.png,2656,LOW,5%,1
T054041,19995,158,data/corrupted/100k_blur_15x15_s5/train/T054041.png,data/corrupted/100k_blur_15x15_s5/train/T054041.png,8705,LOW,5%,1
T054044,20022,158,data/corrupted/100k_blur_15x15_s5/train/T054044.png,data/corrupted/100k_blur_15x15_s5/train/T054044.png,84,LOW,5%,1
T054080,90865,1106,data/corrupted/100k_blur_15x15_s5/train/T054080.png,data/corrupted/100k_blur_15x15_s5/train/T054080.png,315,LOW,5%,1
T054082,90835,1106,data/corrupted/100k_blur_15x15_s5/train/T054082.png,data/corrupted/100k_blur_15x15_s5/train/T054082.png,615,LOW,5%,1
T054114,100912,1228,data/corrupted/100k_blur_15x15_s5/train/T054114.png,data/corrupted/100k_blur_15x15_s5/train/T054114.png,8380,LOW,5%,1
T054126,100865,1228,data/corrupted/100k_blur_15x15_s5/train/T054126.png,data/corrupted/100k_blur_15x15_s5/train/T054126.png,7706,LOW,5%,1
T054169,108322,1330,data/corrupted/100k_blur_15x15_s5/train/T054169.png,data/corrupted/100k_blur_15x15_s5/train/T054169.png,8613,LOW,5%,1
T054171,108358,1330,data/corrupted/100k_blur_15x15_s5/train/T054171.png,data/corrupted/100k_blur_15x15_s5/train/T054171.png,2629,LOW,5%,1
T054176,108378,1330,data/corrupted/100k_blur_15x15_s5/train/T054176.png,data/corrupted/100k_blur_15x15_s5/train/T054176.png,6821,LOW,5%,1
T054180,108384,1330,data/corrupted/100k_blur_15x15_s5/train/T054180.png,data/corrupted/100k_blur_15x15_s5/train/T054180.png,6485,LOW,5%,1
T054183,108335,1330,data/corrupted/100k_blur_15x15_s5/train/T054183.png,data/corrupted/100k_blur_15x15_s5/train/T054183.png,1175,LOW,5%,1
T054197,108337,1330,data/corrupted/100k_blur_15x15_s5/train/T054197.png,data/corrupted/100k_blur_15x15_s5/train/T054197.png,9377,LOW,5%,1
T054206,123422,1658,data/corrupted/100k_blur_15x15_s5/train/T054206.png,data/corrupted/100k_blur_15x15_s5/train/T054206.png,5968,LOW,5%,1
T054216,123449,1658,data/corrupted/100k_blur_15x15_s5/train/T054216.png,data/corrupted/100k_blur_15x15_s5/train/T054216.png,841,LOW,5%,1
T054237,123443,1658,data/corrupted/100k_blur_15x15_s5/train/T054237.png,data/corrupted/100k_blur_15x15_s5/train/T054237.png,10359,LOW,5%,1
T054270,131598,1829,data/corrupted/100k_blur_15x15_s5/train/T054270.png,data/corrupted/100k_blur_15x15_s5/train/T054270.png,4161,LOW,5%,1
T054286,131675,1829,data/corrupted/100k_blur_15x15_s5/train/T054286.png,data/corrupted/100k_blur_15x15_s5/train/T054286.png,159,LOW,5%,1
T054292,131654,1829,data/corrupted/100k_blur_15x15_s5/train/T054292.png,data/corrupted/100k_blur_15x15_s5/train/T054292.png,10343,LOW,5%,1
T054296,131636,1829,data/corrupted/100k_blur_15x15_s5/train/T054296.png,data/corrupted/100k_blur_15x15_s5/train/T054296.png,3863,LOW,5%,1
T054319,141446,2040,data/corrupted/100k_blur_15x15_s5/train/T054319.png,data/corrupted/100k_blur_15x15_s5/train/T054319.png,7593,LOW,5%,1
T054323,141456,2040,data/corrupted/100k_blur_15x15_s5/train/T054323.png,data/corrupted/100k_blur_15x15_s5/train/T054323.png,4072,LOW,5%,1
T054330,141467,2040,data/corrupted/100k_blur_15x15_s5/train/T054330.png,data/corrupted/100k_blur_15x15_s5/train/T054330.png,6263,LOW,5%,1
T054364,153445,2293,data/corrupted/100k_blur_15x15_s5/train/T054364.png,data/corrupted/100k_blur_15x15_s5/train/T054364.png,3586,LOW,5%,1
T054367,153451,2293,data/corrupted/100k_blur_15x15_s5/train/T054367.png,data/corrupted/100k_blur_15x15_s5/train/T054367.png,10195,LOW,5%,1
T054398,153409,2293,data/corrupted/100k_blur_15x15_s5/train/T054398.png,data/corrupted/100k_blur_15x15_s5/train/T054398.png,4151,LOW,5%,1
T054405,154174,2314,data/corrupted/100k_blur_15x15_s5/train/T054405.png,data/corrupted/100k_blur_15x15_s5/train/T054405.png,3090,LOW,5%,1
T054416,154153,2314,data/corrupted/100k_blur_15x15_s5/train/T054416.png,data/corrupted/100k_blur_15x15_s5/train/T054416.png,5416,LOW,5%,1
T054465,155542,2337,data/corrupted/100k_blur_15x15_s5/train/T054465.png,data/corrupted/100k_blur_15x15_s5/train/T054465.png,5812,LOW,5%,1
T054502,162620,2472,data/corrupted/100k_blur_15x15_s5/train/T054502.png,data/corrupted/100k_blur_15x15_s5/train/T054502.png,2034,LOW,5%,1
T054506,162646,2472,data/corrupted/100k_blur_15x15_s5/train/T054506.png,data/corrupted/100k_blur_15x15_s5/train/T054506.png,6663,LOW,5%,1
T054520,162619,2472,data/corrupted/100k_blur_15x15_s5/train/T054520.png,data/corrupted/100k_blur_15x15_s5/train/T054520.png,3597,LOW,5%,1
T054529,162586,2472,data/corrupted/100k_blur_15x15_s5/train/T054529.png,data/corrupted/100k_blur_15x15_s5/train/T054529.png,774,LOW,5%,1
T054560,196630,3169,data/corrupted/100k_blur_15x15_s5/train/T054560.png,data/corrupted/100k_blur_15x15_s5/train/T054560.png,319,LOW,5%,1
T054571,196599,3169,data/corrupted/100k_blur_15x15_s5/train/T054571.png,data/corrupted/100k_blur_15x15_s5/train/T054571.png,818,LOW,5%,1
T054577,196637,3169,data/corrupted/100k_blur_15x15_s5/train/T054577.png,data/corrupted/100k_blur_15x15_s5/train/T054577.png,862,LOW,5%,1
T054583,196613,3169,data/corrupted/100k_blur_15x15_s5/train/T054583.png,data/corrupted/100k_blur_15x15_s5/train/T054583.png,117,LOW,5%,1
T054598,196621,3169,data/corrupted/100k_blur_15x15_s5/train/T054598.png,data/corrupted/100k_blur_15x15_s5/train/T054598.png,2591,LOW,5%,1
T054606,210273,3467,data/corrupted/100k_blur_15x15_s5/train/T054606.png,data/corrupted/100k_blur_15x15_s5/train/T054606.png,393,LOW,5%,1
T054616,210212,3467,data/corrupted/100k_blur_15x15_s5/train/T054616.png,data/corrupted/100k_blur_15x15_s5/train/T054616.png,9345,LOW,5%,1
T054621,210226,3467,data/corrupted/100k_blur_15x15_s5/train/T054621.png,data/corrupted/100k_blur_15x15_s5/train/T054621.png,1226,LOW,5%,1
T054675,226672,3833,data/corrupted/100k_blur_15x15_s5/train/T054675.png,data/corrupted/100k_blur_15x15_s5/train/T054675.png,1439,LOW,5%,1
T054677,226710,3833,data/corrupted/100k_blur_15x15_s5/train/T054677.png,data/corrupted/100k_blur_15x15_s5/train/T054677.png,7402,LOW,5%,1
T054680,226688,3833,data/corrupted/100k_blur_15x15_s5/train/T054680.png,data/corrupted/100k_blur_15x15_s5/train/T054680.png,8071,LOW,5%,1
T054697,226634,3833,data/corrupted/100k_blur_15x15_s5/train/T054697.png,data/corrupted/100k_blur_15x15_s5/train/T054697.png,611,LOW,5%,1
T054707,246788,4263,data/corrupted/100k_blur_15x15_s5/train/T054707.png,data/corrupted/100k_blur_15x15_s5/train/T054707.png,683,LOW,5%,1
T054752,272979,4838,data/corrupted/100k_blur_15x15_s5/train/T054752.png,data/corrupted/100k_blur_15x15_s5/train/T054752.png,2439,LOW,5%,1
T054769,273024,4838,data/corrupted/100k_blur_15x15_s5/train/T054769.png,data/corrupted/100k_blur_15x15_s5/train/T054769.png,4818,LOW,5%,1
T054772,272992,4838,data/corrupted/100k_blur_15x15_s5/train/T054772.png,data/corrupted/100k_blur_15x15_s5/train/T054772.png,1499,LOW,5%,1
T054779,272980,4838,data/corrupted/100k_blur_15x15_s5/train/T054779.png,data/corrupted/100k_blur_15x15_s5/train/T054779.png,5444,LOW,5%,1
T054793,272971,4838,data/corrupted/100k_blur_15x15_s5/train/T054793.png,data/corrupted/100k_blur_15x15_s5/train/T054793.png,206,LOW,5%,1
T054804,297158,5364,data/corrupted/100k_blur_15x15_s5/train/T054804.png,data/corrupted/100k_blur_15x15_s5/train/T054804.png,3214,LOW,5%,1
T054807,297085,5364,data/corrupted/100k_blur_15x15_s5/train/T054807.png,data/corrupted/100k_blur_15x15_s5/train/T054807.png,2083,LOW,5%,1
T054831,297081,5364,data/corrupted/100k_blur_15x15_s5/train/T054831.png,data/corrupted/100k_blur_15x15_s5/train/T054831.png,8496,LOW,5%,1
T054855,345839,6409,data/corrupted/100k_blur_15x15_s5/train/T054855.png,data/corrupted/100k_blur_15x15_s5/train/T054855.png,6299,LOW,5%,1
T054859,345781,6409,data/corrupted/100k_blur_15x15_s5/train/T054859.png,data/corrupted/100k_blur_15x15_s5/train/T054859.png,1798,LOW,5%,1
T054863,345759,6409,data/corrupted/100k_blur_15x15_s5/train/T054863.png,data/corrupted/100k_blur_15x15_s5/train/T054863.png,9064,LOW,5%,1
T054867,345812,6409,data/corrupted/100k_blur_15x15_s5/train/T054867.png,data/corrupted/100k_blur_15x15_s5/train/T054867.png,7372,LOW,5%,1
T054879,345823,6409,data/corrupted/100k_blur_15x15_s5/train/T054879.png,data/corrupted/100k_blur_15x15_s5/train/T054879.png,9790,LOW,5%,1
T054923,353982,6621,data/corrupted/100k_blur_15x15_s5/train/T054923.png,data/corrupted/100k_blur_15x15_s5/train/T054923.png,6014,LOW,5%,1
T054927,353983,6621,data/corrupted/100k_blur_15x15_s5/train/T054927.png,data/corrupted/100k_blur_15x15_s5/train/T054927.png,2319,LOW,5%,1
T054951,375254,7116,data/corrupted/100k_blur_15x15_s5/train/T054951.png,data/corrupted/100k_blur_15x15_s5/train/T054951.png,9797,LOW,5%,1
T054965,375229,7116,data/corrupted/100k_blur_15x15_s5/train/T054965.png,data/corrupted/100k_blur_15x15_s5/train/T054965.png,6097,LOW,5%,1
T054976,375255,7116,data/corrupted/100k_blur_15x15_s5/train/T054976.png,data/corrupted/100k_blur_15x15_s5/train/T054976.png,1466,LOW,5%,1
T054978,375273,7116,data/corrupted/100k_blur_15x15_s5/train/T054978.png,data/corrupted/100k_blur_15x15_s5/train/T054978.png,1292,LOW,5%,1
T055005,378121,7199,data/corrupted/100k_blur_15x15_s5/train/T055005.png,data/corrupted/100k_blur_15x15_s5/train/T055005.png,4487,LOW,5%,1
T055016,378119,7199,data/corrupted/100k_blur_15x15_s5/train/T055016.png,data/corrupted/100k_blur_15x15_s5/train/T055016.png,9486,LOW,5%,1
T055022,378164,7199,data/corrupted/100k_blur_15x15_s5/train/T055022.png,data/corrupted/100k_blur_15x15_s5/train/T055022.png,6088,LOW,5%,1
T055043,378129,7199,data/corrupted/100k_blur_15x15_s5/train/T055043.png,data/corrupted/100k_blur_15x15_s5/train/T055043.png,6864,LOW,5%,1
T055059,384443,7372,data/corrupted/100k_blur_15x15_s5/train/T055059.png,data/corrupted/100k_blur_15x15_s5/train/T055059.png,2875,LOW,5%,1
T055060,384385,7372,data/corrupted/100k_blur_15x15_s5/train/T055060.png,data/corrupted/100k_blur_15x15_s5/train/T055060.png,295,LOW,5%,1
T055087,384423,7372,data/corrupted/100k_blur_15x15_s5/train/T055087.png,data/corrupted/100k_blur_15x15_s5/train/T055087.png,2751,LOW,5%,1
T055100,390255,7537,data/corrupted/100k_blur_15x15_s5/train/T055100.png,data/corrupted/100k_blur_15x15_s5/train/T055100.png,1122,LOW,5%,1
T055101,390227,7537,data/corrupted/100k_blur_15x15_s5/train/T055101.png,data/corrupted/100k_blur_15x15_s5/train/T055101.png,787,LOW,5%,1
T055133,390224,7537,data/corrupted/100k_blur_15x15_s5/train/T055133.png,data/corrupted/100k_blur_15x15_s5/train/T055133.png,7030,LOW,5%,1
T055139,390220,7537,data/corrupted/100k_blur_15x15_s5/train/T055139.png,data/corrupted/100k_blur_15x15_s5/train/T055139.png,4920,LOW,5%,1
T055177,426776,8571,data/corrupted/100k_blur_15x15_s5/train/T055177.png,data/corrupted/100k_blur_15x15_s5/train/T055177.png,3570,LOW,5%,1
T055190,426750,8571,data/corrupted/100k_blur_15x15_s5/train/T055190.png,data/corrupted/100k_blur_15x15_s5/train/T055190.png,819,LOW,5%,1
T055240,433606,8751,data/corrupted/100k_blur_15x15_s5/train/T055240.png,data/corrupted/100k_blur_15x15_s5/train/T055240.png,3871,LOW,5%,1
T055246,433626,8751,data/corrupted/100k_blur_15x15_s5/train/T055246.png,data/corrupted/100k_blur_15x15_s5/train/T055246.png,7811,LOW,5%,1
T055263,438788,8882,data/corrupted/100k_blur_15x15_s5/train/T055263.png,data/corrupted/100k_blur_15x15_s5/train/T055263.png,132,LOW,5%,1
T055317,440140,8927,data/corrupted/100k_blur_15x15_s5/train/T055317.png,data/corrupted/100k_blur_15x15_s5/train/T055317.png,8295,LOW,5%,1
T055337,440152,8927,data/corrupted/100k_blur_15x15_s5/train/T055337.png,data/corrupted/100k_blur_15x15_s5/train/T055337.png,2804,LOW,5%,1
T055352,463395,9650,data/corrupted/100k_blur_15x15_s5/train/T055352.png,data/corrupted/100k_blur_15x15_s5/train/T055352.png,4844,LOW,5%,1
T055361,463432,9650,data/corrupted/100k_blur_15x15_s5/train/T055361.png,data/corrupted/100k_blur_15x15_s5/train/T055361.png,869,LOW,5%,1
T055388,463369,9650,data/corrupted/100k_blur_15x15_s5/train/T055388.png,data/corrupted/100k_blur_15x15_s5/train/T055388.png,6682,LOW,5%,1
T055431,15550,108,data/corrupted/100k_blur_15x15_s5/train/T055431.png,data/corrupted/100k_blur_15x15_s5/train/T055431.png,392,LOW,5%,1
T055461,25708,207,data/corrupted/100k_blur_15x15_s5/train/T055461.png,data/corrupted/100k_blur_15x15_s5/train/T055461.png,4769,LOW,5%,1
T055479,25729,207,data/corrupted/100k_blur_15x15_s5/train/T055479.png,data/corrupted/100k_blur_15x15_s5/train/T055479.png,1133,LOW,5%,1
T055487,25766,207,data/corrupted/100k_blur_15x15_s5/train/T055487.png,data/corrupted/100k_blur_15x15_s5/train/T055487.png,5190,LOW,5%,1
T055498,25771,207,data/corrupted/100k_blur_15x15_s5/train/T055498.png,data/corrupted/100k_blur_15x15_s5/train/T055498.png,1084,LOW,5%,1
T055508,26197,211,data/corrupted/100k_blur_15x15_s5/train/T055508.png,data/corrupted/100k_blur_15x15_s5/train/T055508.png,671,LOW,5%,1
T055528,26150,211,data/corrupted/100k_blur_15x15_s5/train/T055528.png,data/corrupted/100k_blur_15x15_s5/train/T055528.png,3230,LOW,5%,1
T055568,56445,606,data/corrupted/100k_blur_15x15_s5/train/T055568.png,data/corrupted/100k_blur_15x15_s5/train/T055568.png,1017,LOW,5%,1
T055602,61129,672,data/corrupted/100k_blur_15x15_s5/train/T055602.png,data/corrupted/100k_blur_15x15_s5/train/T055602.png,3117,LOW,5%,1
T055640,61148,672,data/corrupted/100k_blur_15x15_s5/train/T055640.png,data/corrupted/100k_blur_15x15_s5/train/T055640.png,1196,LOW,5%,1
T055646,61153,672,data/corrupted/100k_blur_15x15_s5/train/T055646.png,data/corrupted/100k_blur_15x15_s5/train/T055646.png,987,LOW,5%,1
T055667,63194,696,data/corrupted/100k_blur_15x15_s5/train/T055667.png,data/corrupted/100k_blur_15x15_s5/train/T055667.png,3645,LOW,5%,1
T055669,63207,696,data/corrupted/100k_blur_15x15_s5/train/T055669.png,data/corrupted/100k_blur_15x15_s5/train/T055669.png,9544,LOW,5%,1
T055686,63129,696,data/corrupted/100k_blur_15x15_s5/train/T055686.png,data/corrupted/100k_blur_15x15_s5/train/T055686.png,8050,LOW,5%,1
T055697,63152,696,data/corrupted/100k_blur_15x15_s5/train/T055697.png,data/corrupted/100k_blur_15x15_s5/train/T055697.png,529,LOW,5%,1
T055742,117172,1541,data/corrupted/100k_blur_15x15_s5/train/T055742.png,data/corrupted/100k_blur_15x15_s5/train/T055742.png,3787,LOW,5%,1
T055785,129854,1802,data/corrupted/100k_blur_15x15_s5/train/T055785.png,data/corrupted/100k_blur_15x15_s5/train/T055785.png,6756,LOW,5%,1
T055866,179931,2804,data/corrupted/100k_blur_15x15_s5/train/T055866.png,data/corrupted/100k_blur_15x15_s5/train/T055866.png,4761,LOW,5%,1
T055869,179881,2804,data/corrupted/100k_blur_15x15_s5/train/T055869.png,data/corrupted/100k_blur_15x15_s5/train/T055869.png,7226,LOW,5%,1
T055880,179941,2804,data/corrupted/100k_blur_15x15_s5/train/T055880.png,data/corrupted/100k_blur_15x15_s5/train/T055880.png,3822,LOW,5%,1
T055896,179920,2804,data/corrupted/100k_blur_15x15_s5/train/T055896.png,data/corrupted/100k_blur_15x15_s5/train/T055896.png,7155,LOW,5%,1
T055909,180424,2815,data/corrupted/100k_blur_15x15_s5/train/T055909.png,data/corrupted/100k_blur_15x15_s5/train/T055909.png,10067,LOW,5%,1
T055932,180402,2815,data/corrupted/100k_blur_15x15_s5/train/T055932.png,data/corrupted/100k_blur_15x15_s5/train/T055932.png,1504,LOW,5%,1
T055978,187851,2984,data/corrupted/100k_blur_15x15_s5/train/T055978.png,data/corrupted/100k_blur_15x15_s5/train/T055978.png,940,LOW,5%,1
T056043,192028,3065,data/corrupted/100k_blur_15x15_s5/train/T056043.png,data/corrupted/100k_blur_15x15_s5/train/T056043.png,6621,LOW,5%,1
T056056,194108,3117,data/corrupted/100k_blur_15x15_s5/train/T056056.png,data/corrupted/100k_blur_15x15_s5/train/T056056.png,1918,LOW,5%,1
T056082,194059,3117,data/corrupted/100k_blur_15x15_s5/train/T056082.png,data/corrupted/100k_blur_15x15_s5/train/T056082.png,226,LOW,5%,1
T056091,194130,3117,data/corrupted/100k_blur_15x15_s5/train/T056091.png,data/corrupted/100k_blur_15x15_s5/train/T056091.png,9507,LOW,5%,1
T056104,211500,3496,data/corrupted/100k_blur_15x15_s5/train/T056104.png,data/corrupted/100k_blur_15x15_s5/train/T056104.png,8763,LOW,5%,1
T056114,211467,3496,data/corrupted/100k_blur_15x15_s5/train/T056114.png,data/corrupted/100k_blur_15x15_s5/train/T056114.png,1062,LOW,5%,1
T056143,211474,3496,data/corrupted/100k_blur_15x15_s5/train/T056143.png,data/corrupted/100k_blur_15x15_s5/train/T056143.png,95,LOW,5%,1
T056166,244062,4204,data/corrupted/100k_blur_15x15_s5/train/T056166.png,data/corrupted/100k_blur_15x15_s5/train/T056166.png,5091,LOW,5%,1
T056243,261971,4576,data/corrupted/100k_blur_15x15_s5/train/T056243.png,data/corrupted/100k_blur_15x15_s5/train/T056243.png,134,LOW,5%,1
T056263,297909,5381,data/corrupted/100k_blur_15x15_s5/train/T056263.png,data/corrupted/100k_blur_15x15_s5/train/T056263.png,169,LOW,5%,1
T056314,338005,6263,data/corrupted/100k_blur_15x15_s5/train/T056314.png,data/corrupted/100k_blur_15x15_s5/train/T056314.png,4038,LOW,5%,1
T056334,338029,6263,data/corrupted/100k_blur_15x15_s5/train/T056334.png,data/corrupted/100k_blur_15x15_s5/train/T056334.png,1152,LOW,5%,1
T056368,356854,6688,data/corrupted/100k_blur_15x15_s5/train/T056368.png,data/corrupted/100k_blur_15x15_s5/train/T056368.png,4416,LOW,5%,1
T056444,374729,7103,data/corrupted/100k_blur_15x15_s5/train/T056444.png,data/corrupted/100k_blur_15x15_s5/train/T056444.png,4121,LOW,5%,1
T056452,386658,7429,data/corrupted/100k_blur_15x15_s5/train/T056452.png,data/corrupted/100k_blur_15x15_s5/train/T056452.png,819,LOW,5%,1
T056492,386589,7429,data/corrupted/100k_blur_15x15_s5/train/T056492.png,data/corrupted/100k_blur_15x15_s5/train/T056492.png,10233,LOW,5%,1
T056522,402338,7887,data/corrupted/100k_blur_15x15_s5/train/T056522.png,data/corrupted/100k_blur_15x15_s5/train/T056522.png,3024,LOW,5%,1
T056545,402364,7887,data/corrupted/100k_blur_15x15_s5/train/T056545.png,data/corrupted/100k_blur_15x15_s5/train/T056545.png,1207,LOW,5%,1
T056579,417175,8304,data/corrupted/100k_blur_15x15_s5/train/T056579.png,data/corrupted/100k_blur_15x15_s5/train/T056579.png,6796,LOW,5%,1
T056633,441835,8982,data/corrupted/100k_blur_15x15_s5/train/T056633.png,data/corrupted/100k_blur_15x15_s5/train/T056633.png,6409,LOW,5%,1
T056649,441766,8982,data/corrupted/100k_blur_15x15_s5/train/T056649.png,data/corrupted/100k_blur_15x15_s5/train/T056649.png,4981,LOW,5%,1
T056652,446426,9119,data/corrupted/100k_blur_15x15_s5/train/T056652.png,data/corrupted/100k_blur_15x15_s5/train/T056652.png,9969,LOW,5%,1
T056661,446392,9119,data/corrupted/100k_blur_15x15_s5/train/T056661.png,data/corrupted/100k_blur_15x15_s5/train/T056661.png,1130,LOW,5%,1
T056663,446443,9119,data/corrupted/100k_blur_15x15_s5/train/T056663.png,data/corrupted/100k_blur_15x15_s5/train/T056663.png,6723,LOW,5%,1
T056679,446442,9119,data/corrupted/100k_blur_15x15_s5/train/T056679.png,data/corrupted/100k_blur_15x15_s5/train/T056679.png,6128,LOW,5%,1
T056712,466312,9738,data/corrupted/100k_blur_15x15_s5/train/T056712.png,data/corrupted/100k_blur_15x15_s5/train/T056712.png,7086,LOW,5%,1
T056717,466274,9738,data/corrupted/100k_blur_15x15_s5/train/T056717.png,data/corrupted/100k_blur_15x15_s5/train/T056717.png,4152,LOW,5%,1
T056722,466245,9738,data/corrupted/100k_blur_15x15_s5/train/T056722.png,data/corrupted/100k_blur_15x15_s5/train/T056722.png,5470,LOW,5%,1
T056730,466306,9738,data/corrupted/100k_blur_15x15_s5/train/T056730.png,data/corrupted/100k_blur_15x15_s5/train/T056730.png,2725,LOW,5%,1
T056749,466287,9738,data/corrupted/100k_blur_15x15_s5/train/T056749.png,data/corrupted/100k_blur_15x15_s5/train/T056749.png,5582,LOW,5%,1
T056752,25784,208,data/corrupted/100k_blur_15x15_s5/train/T056752.png,data/corrupted/100k_blur_15x15_s5/train/T056752.png,921,LOW,5%,1
T056758,25783,208,data/corrupted/100k_blur_15x15_s5/train/T056758.png,data/corrupted/100k_blur_15x15_s5/train/T056758.png,2581,LOW,5%,1
T056779,25852,208,data/corrupted/100k_blur_15x15_s5/train/T056779.png,data/corrupted/100k_blur_15x15_s5/train/T056779.png,7449,LOW,5%,1
T056788,25826,208,data/corrupted/100k_blur_15x15_s5/train/T056788.png,data/corrupted/100k_blur_15x15_s5/train/T056788.png,3938,LOW,5%,1
T056811,31883,264,data/corrupted/100k_blur_15x15_s5/train/T056811.png,data/corrupted/100k_blur_15x15_s5/train/T056811.png,6090,LOW,5%,1
T056819,31845,264,data/corrupted/100k_blur_15x15_s5/train/T056819.png,data/corrupted/100k_blur_15x15_s5/train/T056819.png,7090,LOW,5%,1
T056821,31849,264,data/corrupted/100k_blur_15x15_s5/train/T056821.png,data/corrupted/100k_blur_15x15_s5/train/T056821.png,9731,LOW,5%,1
T056837,31884,264,data/corrupted/100k_blur_15x15_s5/train/T056837.png,data/corrupted/100k_blur_15x15_s5/train/T056837.png,4576,LOW,5%,1
T056850,34765,306,data/corrupted/100k_blur_15x15_s5/train/T056850.png,data/corrupted/100k_blur_15x15_s5/train/T056850.png,1019,LOW,5%,1
T056864,34687,306,data/corrupted/100k_blur_15x15_s5/train/T056864.png,data/corrupted/100k_blur_15x15_s5/train/T056864.png,4306,LOW,5%,1
T056872,34694,306,data/corrupted/100k_blur_15x15_s5/train/T056872.png,data/corrupted/100k_blur_15x15_s5/train/T056872.png,4982,LOW,5%,1
T056917,39453,377,data/corrupted/100k_blur_15x15_s5/train/T056917.png,data/corrupted/100k_blur_15x15_s5/train/T056917.png,10350,LOW,5%,1
T056949,39437,377,data/corrupted/100k_blur_15x15_s5/train/T056949.png,data/corrupted/100k_blur_15x15_s5/train/T056949.png,8313,LOW,5%,1
T056950,45792,464,data/corrupted/100k_blur_15x15_s5/train/T056950.png,data/corrupted/100k_blur_15x15_s5/train/T056950.png,308,LOW,5%,1
T056959,45791,464,data/corrupted/100k_blur_15x15_s5/train/T056959.png,data/corrupted/100k_blur_15x15_s5/train/T056959.png,519,LOW,5%,1
T057012,75382,900,data/corrupted/100k_blur_15x15_s5/train/T057012.png,data/corrupted/100k_blur_15x15_s5/train/T057012.png,7684,LOW,5%,1
T057045,75332,900,data/corrupted/100k_blur_15x15_s5/train/T057045.png,data/corrupted/100k_blur_15x15_s5/train/T057045.png,194,LOW,5%,1
T057046,75328,900,data/corrupted/100k_blur_15x15_s5/train/T057046.png,data/corrupted/100k_blur_15x15_s5/train/T057046.png,6237,LOW,5%,1
T057050,81688,988,data/corrupted/100k_blur_15x15_s5/train/T057050.png,data/corrupted/100k_blur_15x15_s5/train/T057050.png,1102,LOW,5%,1
T057057,81666,988,data/corrupted/100k_blur_15x15_s5/train/T057057.png,data/corrupted/100k_blur_15x15_s5/train/T057057.png,9486,LOW,5%,1
T057074,81630,988,data/corrupted/100k_blur_15x15_s5/train/T057074.png,data/corrupted/100k_blur_15x15_s5/train/T057074.png,8739,LOW,5%,1
T057082,81648,988,data/corrupted/100k_blur_15x15_s5/train/T057082.png,data/corrupted/100k_blur_15x15_s5/train/T057082.png,6370,LOW,5%,1
T057084,81678,988,data/corrupted/100k_blur_15x15_s5/train/T057084.png,data/corrupted/100k_blur_15x15_s5/train/T057084.png,3484,LOW,5%,1
T057096,81659,988,data/corrupted/100k_blur_15x15_s5/train/T057096.png,data/corrupted/100k_blur_15x15_s5/train/T057096.png,528,LOW,5%,1
T057109,86942,1049,data/corrupted/100k_blur_15x15_s5/train/T057109.png,data/corrupted/100k_blur_15x15_s5/train/T057109.png,1321,LOW,5%,1
T057122,86947,1049,data/corrupted/100k_blur_15x15_s5/train/T057122.png,data/corrupted/100k_blur_15x15_s5/train/T057122.png,7268,LOW,5%,1
T057123,87009,1049,data/corrupted/100k_blur_15x15_s5/train/T057123.png,data/corrupted/100k_blur_15x15_s5/train/T057123.png,173,LOW,5%,1
T057144,86987,1049,data/corrupted/100k_blur_15x15_s5/train/T057144.png,data/corrupted/100k_blur_15x15_s5/train/T057144.png,1935,LOW,5%,1
T057182,110035,1372,data/corrupted/100k_blur_15x15_s5/train/T057182.png,data/corrupted/100k_blur_15x15_s5/train/T057182.png,2544,LOW,5%,1
T057200,138311,1992,data/corrupted/100k_blur_15x15_s5/train/T057200.png,data/corrupted/100k_blur_15x15_s5/train/T057200.png,5225,LOW,5%,1
T057201,138304,1992,data/corrupted/100k_blur_15x15_s5/train/T057201.png,data/corrupted/100k_blur_15x15_s5/train/T057201.png,2439,LOW,5%,1
T057203,138296,1992,data/corrupted/100k_blur_15x15_s5/train/T057203.png,data/corrupted/100k_blur_15x15_s5/train/T057203.png,244,LOW,5%,1
T057231,138246,1992,data/corrupted/100k_blur_15x15_s5/train/T057231.png,data/corrupted/100k_blur_15x15_s5/train/T057231.png,1174,LOW,5%,1
T057244,138254,1992,data/corrupted/100k_blur_15x15_s5/train/T057244.png,data/corrupted/100k_blur_15x15_s5/train/T057244.png,532,LOW,5%,1
T057326,203102,3330,data/corrupted/100k_blur_15x15_s5/train/T057326.png,data/corrupted/100k_blur_15x15_s5/train/T057326.png,5970,LOW,5%,1
T057334,203142,3330,data/corrupted/100k_blur_15x15_s5/train/T057334.png,data/corrupted/100k_blur_15x15_s5/train/T057334.png,387,LOW,5%,1
T057354,216093,3610,data/corrupted/100k_blur_15x15_s5/train/T057354.png,data/corrupted/100k_blur_15x15_s5/train/T057354.png,2188,LOW,5%,1
T057365,216066,3610,data/corrupted/100k_blur_15x15_s5/train/T057365.png,data/corrupted/100k_blur_15x15_s5/train/T057365.png,4294,LOW,5%,1
T057396,216088,3610,data/corrupted/100k_blur_15x15_s5/train/T057396.png,data/corrupted/100k_blur_15x15_s5/train/T057396.png,4238,LOW,5%,1
T057403,238684,4098,data/corrupted/100k_blur_15x15_s5/train/T057403.png,data/corrupted/100k_blur_15x15_s5/train/T057403.png,7818,LOW,5%,1
T057415,238687,4098,data/corrupted/100k_blur_15x15_s5/train/T057415.png,data/corrupted/100k_blur_15x15_s5/train/T057415.png,1039,LOW,5%,1
T057471,340751,6324,data/corrupted/100k_blur_15x15_s5/train/T057471.png,data/corrupted/100k_blur_15x15_s5/train/T057471.png,9533,LOW,5%,1
T057505,345554,6406,data/corrupted/100k_blur_15x15_s5/train/T057505.png,data/corrupted/100k_blur_15x15_s5/train/T057505.png,3434,LOW,5%,1
T057510,345553,6406,data/corrupted/100k_blur_15x15_s5/train/T057510.png,data/corrupted/100k_blur_15x15_s5/train/T057510.png,6891,LOW,5%,1
T057526,345535,6406,data/corrupted/100k_blur_15x15_s5/train/T057526.png,data/corrupted/100k_blur_15x15_s5/train/T057526.png,6237,LOW,5%,1
T057527,345518,6406,data/corrupted/100k_blur_15x15_s5/train/T057527.png,data/corrupted/100k_blur_15x15_s5/train/T057527.png,7242,LOW,5%,1
T057561,420084,8381,data/corrupted/100k_blur_15x15_s5/train/T057561.png,data/corrupted/100k_blur_15x15_s5/train/T057561.png,7918,LOW,5%,1
T057608,452585,9292,data/corrupted/100k_blur_15x15_s5/train/T057608.png,data/corrupted/100k_blur_15x15_s5/train/T057608.png,6499,LOW,5%,1
T057613,452595,9292,data/corrupted/100k_blur_15x15_s5/train/T057613.png,data/corrupted/100k_blur_15x15_s5/train/T057613.png,6323,LOW,5%,1
T057632,452574,9292,data/corrupted/100k_blur_15x15_s5/train/T057632.png,data/corrupted/100k_blur_15x15_s5/train/T057632.png,5107,LOW,5%,1
T057642,452566,9292,data/corrupted/100k_blur_15x15_s5/train/T057642.png,data/corrupted/100k_blur_15x15_s5/train/T057642.png,196,LOW,5%,1
T057662,474341,9987,data/corrupted/100k_blur_15x15_s5/train/T057662.png,data/corrupted/100k_blur_15x15_s5/train/T057662.png,1422,LOW,5%,1
T057695,474387,9987,data/corrupted/100k_blur_15x15_s5/train/T057695.png,data/corrupted/100k_blur_15x15_s5/train/T057695.png,1136,LOW,5%,1
T057706,480832,10206,data/corrupted/100k_blur_15x15_s5/train/T057706.png,data/corrupted/100k_blur_15x15_s5/train/T057706.png,1801,LOW,5%,1
T057781,10689,65,data/corrupted/100k_blur_15x15_s5/train/T057781.png,data/corrupted/100k_blur_15x15_s5/train/T057781.png,5067,LOW,5%,1
T057815,13969,90,data/corrupted/100k_blur_15x15_s5/train/T057815.png,data/corrupted/100k_blur_15x15_s5/train/T057815.png,8687,LOW,5%,1
T057826,14019,90,data/corrupted/100k_blur_15x15_s5/train/T057826.png,data/corrupted/100k_blur_15x15_s5/train/T057826.png,4682,LOW,5%,1
T057842,14049,90,data/corrupted/100k_blur_15x15_s5/train/T057842.png,data/corrupted/100k_blur_15x15_s5/train/T057842.png,8416,LOW,5%,1
T057870,32113,267,data/corrupted/100k_blur_15x15_s5/train/T057870.png,data/corrupted/100k_blur_15x15_s5/train/T057870.png,4139,LOW,5%,1
T057873,32117,267,data/corrupted/100k_blur_15x15_s5/train/T057873.png,data/corrupted/100k_blur_15x15_s5/train/T057873.png,1241,LOW,5%,1
T057918,38898,370,data/corrupted/100k_blur_15x15_s5/train/T057918.png,data/corrupted/100k_blur_15x15_s5/train/T057918.png,1179,LOW,5%,1
T057919,38919,370,data/corrupted/100k_blur_15x15_s5/train/T057919.png,data/corrupted/100k_blur_15x15_s5/train/T057919.png,615,LOW,5%,1
T057943,38915,370,data/corrupted/100k_blur_15x15_s5/train/T057943.png,data/corrupted/100k_blur_15x15_s5/train/T057943.png,2362,LOW,5%,1
T057954,38966,371,data/corrupted/100k_blur_15x15_s5/train/T057954.png,data/corrupted/100k_blur_15x15_s5/train/T057954.png,8982,LOW,5%,1
T057959,38972,371,data/corrupted/100k_blur_15x15_s5/train/T057959.png,data/corrupted/100k_blur_15x15_s5/train/T057959.png,2916,LOW,5%,1
T058007,53659,567,data/corrupted/100k_blur_15x15_s5/train/T058007.png,data/corrupted/100k_blur_15x15_s5/train/T058007.png,7801,LOW,5%,1
T058017,53674,567,data/corrupted/100k_blur_15x15_s5/train/T058017.png,data/corrupted/100k_blur_15x15_s5/train/T058017.png,9771,LOW,5%,1
T058044,53729,567,data/corrupted/100k_blur_15x15_s5/train/T058044.png,data/corrupted/100k_blur_15x15_s5/train/T058044.png,4844,LOW,5%,1
T058050,124498,1679,data/corrupted/100k_blur_15x15_s5/train/T058050.png,data/corrupted/100k_blur_15x15_s5/train/T058050.png,4771,LOW,5%,1
T058067,124514,1679,data/corrupted/100k_blur_15x15_s5/train/T058067.png,data/corrupted/100k_blur_15x15_s5/train/T058067.png,2167,LOW,5%,1
T058106,143509,2083,data/corrupted/100k_blur_15x15_s5/train/T058106.png,data/corrupted/100k_blur_15x15_s5/train/T058106.png,544,LOW,5%,1
T058133,143515,2083,data/corrupted/100k_blur_15x15_s5/train/T058133.png,data/corrupted/100k_blur_15x15_s5/train/T058133.png,4373,LOW,5%,1
T058137,143574,2083,data/corrupted/100k_blur_15x15_s5/train/T058137.png,data/corrupted/100k_blur_15x15_s5/train/T058137.png,881,LOW,5%,1
T058139,143583,2083,data/corrupted/100k_blur_15x15_s5/train/T058139.png,data/corrupted/100k_blur_15x15_s5/train/T058139.png,3165,LOW,5%,1
T058147,143569,2083,data/corrupted/100k_blur_15x15_s5/train/T058147.png,data/corrupted/100k_blur_15x15_s5/train/T058147.png,614,LOW,5%,1
T058149,143575,2083,data/corrupted/100k_blur_15x15_s5/train/T058149.png,data/corrupted/100k_blur_15x15_s5/train/T058149.png,35,LOW,5%,1
T058164,149575,2196,data/corrupted/100k_blur_15x15_s5/train/T058164.png,data/corrupted/100k_blur_15x15_s5/train/T058164.png,3439,LOW,5%,1
T058175,149545,2196,data/corrupted/100k_blur_15x15_s5/train/T058175.png,data/corrupted/100k_blur_15x15_s5/train/T058175.png,1533,LOW,5%,1
T058201,169318,2613,data/corrupted/100k_blur_15x15_s5/train/T058201.png,data/corrupted/100k_blur_15x15_s5/train/T058201.png,5447,LOW,5%,1
T058248,169304,2613,data/corrupted/100k_blur_15x15_s5/train/T058248.png,data/corrupted/100k_blur_15x15_s5/train/T058248.png,6365,LOW,5%,1
T058254,169804,2626,data/corrupted/100k_blur_15x15_s5/train/T058254.png,data/corrupted/100k_blur_15x15_s5/train/T058254.png,359,LOW,5%,1
T058268,169755,2626,data/corrupted/100k_blur_15x15_s5/train/T058268.png,data/corrupted/100k_blur_15x15_s5/train/T058268.png,6669,LOW,5%,1
T058327,179532,2794,data/corrupted/100k_blur_15x15_s5/train/T058327.png,data/corrupted/100k_blur_15x15_s5/train/T058327.png,4604,LOW,5%,1
T058336,179518,2794,data/corrupted/100k_blur_15x15_s5/train/T058336.png,data/corrupted/100k_blur_15x15_s5/train/T058336.png,7392,LOW,5%,1
T058352,184619,2906,data/corrupted/100k_blur_15x15_s5/train/T058352.png,data/corrupted/100k_blur_15x15_s5/train/T058352.png,5107,LOW,5%,1
T058356,184578,2906,data/corrupted/100k_blur_15x15_s5/train/T058356.png,data/corrupted/100k_blur_15x15_s5/train/T058356.png,9020,LOW,5%,1
T058366,184618,2906,data/corrupted/100k_blur_15x15_s5/train/T058366.png,data/corrupted/100k_blur_15x15_s5/train/T058366.png,2194,LOW,5%,1
T058432,193491,3103,data/corrupted/100k_blur_15x15_s5/train/T058432.png,data/corrupted/100k_blur_15x15_s5/train/T058432.png,73,LOW,5%,1
T058435,193539,3103,data/corrupted/100k_blur_15x15_s5/train/T058435.png,data/corrupted/100k_blur_15x15_s5/train/T058435.png,863,LOW,5%,1
T058438,193465,3103,data/corrupted/100k_blur_15x15_s5/train/T058438.png,data/corrupted/100k_blur_15x15_s5/train/T058438.png,1657,LOW,5%,1
T058444,193538,3103,data/corrupted/100k_blur_15x15_s5/train/T058444.png,data/corrupted/100k_blur_15x15_s5/train/T058444.png,3434,LOW,5%,1
T058458,241724,4162,data/corrupted/100k_blur_15x15_s5/train/T058458.png,data/corrupted/100k_blur_15x15_s5/train/T058458.png,175,LOW,5%,1
T058481,241787,4162,data/corrupted/100k_blur_15x15_s5/train/T058481.png,data/corrupted/100k_blur_15x15_s5/train/T058481.png,9193,LOW,5%,1
T058510,243339,4190,data/corrupted/100k_blur_15x15_s5/train/T058510.png,data/corrupted/100k_blur_15x15_s5/train/T058510.png,9235,LOW,5%,1
T058568,255159,4420,data/corrupted/100k_blur_15x15_s5/train/T058568.png,data/corrupted/100k_blur_15x15_s5/train/T058568.png,9519,LOW,5%,1
T058570,255230,4420,data/corrupted/100k_blur_15x15_s5/train/T058570.png,data/corrupted/100k_blur_15x15_s5/train/T058570.png,7801,LOW,5%,1
T058577,255200,4420,data/corrupted/100k_blur_15x15_s5/train/T058577.png,data/corrupted/100k_blur_15x15_s5/train/T058577.png,9216,LOW,5%,1
T058611,255884,4432,data/corrupted/100k_blur_15x15_s5/train/T058611.png,data/corrupted/100k_blur_15x15_s5/train/T058611.png,214,LOW,5%,1
T058647,255895,4432,data/corrupted/100k_blur_15x15_s5/train/T058647.png,data/corrupted/100k_blur_15x15_s5/train/T058647.png,172,LOW,5%,1
T058742,268990,4732,data/corrupted/100k_blur_15x15_s5/train/T058742.png,data/corrupted/100k_blur_15x15_s5/train/T058742.png,632,LOW,5%,1
T058751,272750,4831,data/corrupted/100k_blur_15x15_s5/train/T058751.png,data/corrupted/100k_blur_15x15_s5/train/T058751.png,453,LOW,5%,1
T058764,272747,4831,data/corrupted/100k_blur_15x15_s5/train/T058764.png,data/corrupted/100k_blur_15x15_s5/train/T058764.png,6115,LOW,5%,1
T058775,272798,4831,data/corrupted/100k_blur_15x15_s5/train/T058775.png,data/corrupted/100k_blur_15x15_s5/train/T058775.png,1080,LOW,5%,1
T058832,277187,4939,data/corrupted/100k_blur_15x15_s5/train/T058832.png,data/corrupted/100k_blur_15x15_s5/train/T058832.png,6374,LOW,5%,1
T058851,281515,5026,data/corrupted/100k_blur_15x15_s5/train/T058851.png,data/corrupted/100k_blur_15x15_s5/train/T058851.png,8975,LOW,5%,1
T058860,281578,5026,data/corrupted/100k_blur_15x15_s5/train/T058860.png,data/corrupted/100k_blur_15x15_s5/train/T058860.png,2499,LOW,5%,1
T058878,281593,5026,data/corrupted/100k_blur_15x15_s5/train/T058878.png,data/corrupted/100k_blur_15x15_s5/train/T058878.png,7103,LOW,5%,1
T058901,286875,5132,data/corrupted/100k_blur_15x15_s5/train/T058901.png,data/corrupted/100k_blur_15x15_s5/train/T058901.png,4187,LOW,5%,1
T058908,286874,5132,data/corrupted/100k_blur_15x15_s5/train/T058908.png,data/corrupted/100k_blur_15x15_s5/train/T058908.png,338,LOW,5%,1
T058924,286859,5132,data/corrupted/100k_blur_15x15_s5/train/T058924.png,data/corrupted/100k_blur_15x15_s5/train/T058924.png,1994,LOW,5%,1
T058935,286921,5132,data/corrupted/100k_blur_15x15_s5/train/T058935.png,data/corrupted/100k_blur_15x15_s5/train/T058935.png,2192,LOW,5%,1
T058946,286873,5132,data/corrupted/100k_blur_15x15_s5/train/T058946.png,data/corrupted/100k_blur_15x15_s5/train/T058946.png,1036,LOW,5%,1
T058974,345062,6394,data/corrupted/100k_blur_15x15_s5/train/T058974.png,data/corrupted/100k_blur_15x15_s5/train/T058974.png,2618,LOW,5%,1
T058997,345038,6394,data/corrupted/100k_blur_15x15_s5/train/T058997.png,data/corrupted/100k_blur_15x15_s5/train/T058997.png,3719,LOW,5%,1
T059006,394594,7665,data/corrupted/100k_blur_15x15_s5/train/T059006.png,data/corrupted/100k_blur_15x15_s5/train/T059006.png,6213,LOW,5%,1
T059058,399972,7811,data/corrupted/100k_blur_15x15_s5/train/T059058.png,data/corrupted/100k_blur_15x15_s5/train/T059058.png,3676,LOW,5%,1
T059148,400951,7845,data/corrupted/100k_blur_15x15_s5/train/T059148.png,data/corrupted/100k_blur_15x15_s5/train/T059148.png,6726,LOW,5%,1
T059152,432841,8732,data/corrupted/100k_blur_15x15_s5/train/T059152.png,data/corrupted/100k_blur_15x15_s5/train/T059152.png,87,LOW,5%,1
T059172,432839,8732,data/corrupted/100k_blur_15x15_s5/train/T059172.png,data/corrupted/100k_blur_15x15_s5/train/T059172.png,2131,LOW,5%,1
T059174,432900,8732,data/corrupted/100k_blur_15x15_s5/train/T059174.png,data/corrupted/100k_blur_15x15_s5/train/T059174.png,5326,LOW,5%,1
T059176,432875,8732,data/corrupted/100k_blur_15x15_s5/train/T059176.png,data/corrupted/100k_blur_15x15_s5/train/T059176.png,5851,LOW,5%,1
T059192,432908,8732,data/corrupted/100k_blur_15x15_s5/train/T059192.png,data/corrupted/100k_blur_15x15_s5/train/T059192.png,536,LOW,5%,1
T059203,465626,9724,data/corrupted/100k_blur_15x15_s5/train/T059203.png,data/corrupted/100k_blur_15x15_s5/train/T059203.png,1668,LOW,5%,1
T059216,465645,9724,data/corrupted/100k_blur_15x15_s5/train/T059216.png,data/corrupted/100k_blur_15x15_s5/train/T059216.png,5409,LOW,5%,1
T059221,465657,9724,data/corrupted/100k_blur_15x15_s5/train/T059221.png,data/corrupted/100k_blur_15x15_s5/train/T059221.png,6439,LOW,5%,1
T059233,465648,9724,data/corrupted/100k_blur_15x15_s5/train/T059233.png,data/corrupted/100k_blur_15x15_s5/train/T059233.png,2108,LOW,5%,1
T059248,465675,9724,data/corrupted/100k_blur_15x15_s5/train/T059248.png,data/corrupted/100k_blur_15x15_s5/train/T059248.png,120,LOW,5%,1
T059250,471751,9906,data/corrupted/100k_blur_15x15_s5/train/T059250.png,data/corrupted/100k_blur_15x15_s5/train/T059250.png,2740,LOW,5%,1
T059254,471720,9906,data/corrupted/100k_blur_15x15_s5/train/T059254.png,data/corrupted/100k_blur_15x15_s5/train/T059254.png,1994,LOW,5%,1
T059262,471735,9906,data/corrupted/100k_blur_15x15_s5/train/T059262.png,data/corrupted/100k_blur_15x15_s5/train/T059262.png,8388,LOW,5%,1
T059274,471746,9906,data/corrupted/100k_blur_15x15_s5/train/T059274.png,data/corrupted/100k_blur_15x15_s5/train/T059274.png,8866,LOW,5%,1
T059397,28178,233,data/corrupted/100k_blur_15x15_s5/train/T059397.png,data/corrupted/100k_blur_15x15_s5/train/T059397.png,5953,LOW,5%,1
T059458,61859,683,data/corrupted/100k_blur_15x15_s5/train/T059458.png,data/corrupted/100k_blur_15x15_s5/train/T059458.png,5317,LOW,5%,1
T059464,61894,683,data/corrupted/100k_blur_15x15_s5/train/T059464.png,data/corrupted/100k_blur_15x15_s5/train/T059464.png,1042,LOW,5%,1
T059485,61904,683,data/corrupted/100k_blur_15x15_s5/train/T059485.png,data/corrupted/100k_blur_15x15_s5/train/T059485.png,1090,LOW,5%,1
T059490,61857,683,data/corrupted/100k_blur_15x15_s5/train/T059490.png,data/corrupted/100k_blur_15x15_s5/train/T059490.png,1490,LOW,5%,1
T059501,102159,1243,data/corrupted/100k_blur_15x15_s5/train/T059501.png,data/corrupted/100k_blur_15x15_s5/train/T059501.png,355,LOW,5%,1
T059532,102141,1243,data/corrupted/100k_blur_15x15_s5/train/T059532.png,data/corrupted/100k_blur_15x15_s5/train/T059532.png,2274,LOW,5%,1
T059538,102112,1243,data/corrupted/100k_blur_15x15_s5/train/T059538.png,data/corrupted/100k_blur_15x15_s5/train/T059538.png,1379,LOW,5%,1
T059584,106229,1306,data/corrupted/100k_blur_15x15_s5/train/T059584.png,data/corrupted/100k_blur_15x15_s5/train/T059584.png,4621,LOW,5%,1
T059592,106246,1306,data/corrupted/100k_blur_15x15_s5/train/T059592.png,data/corrupted/100k_blur_15x15_s5/train/T059592.png,7870,LOW,5%,1
T059599,106185,1306,data/corrupted/100k_blur_15x15_s5/train/T059599.png,data/corrupted/100k_blur_15x15_s5/train/T059599.png,1211,LOW,5%,1
T059665,186305,2949,data/corrupted/100k_blur_15x15_s5/train/T059665.png,data/corrupted/100k_blur_15x15_s5/train/T059665.png,6983,LOW,5%,1
T059688,186302,2949,data/corrupted/100k_blur_15x15_s5/train/T059688.png,data/corrupted/100k_blur_15x15_s5/train/T059688.png,2486,LOW,5%,1
T059689,186290,2949,data/corrupted/100k_blur_15x15_s5/train/T059689.png,data/corrupted/100k_blur_15x15_s5/train/T059689.png,9084,LOW,5%,1
T059734,203639,3343,data/corrupted/100k_blur_15x15_s5/train/T059734.png,data/corrupted/100k_blur_15x15_s5/train/T059734.png,8047,LOW,5%,1
T059743,203643,3343,data/corrupted/100k_blur_15x15_s5/train/T059743.png,data/corrupted/100k_blur_15x15_s5/train/T059743.png,4591,LOW,5%,1
T059754,222617,3746,data/corrupted/100k_blur_15x15_s5/train/T059754.png,data/corrupted/100k_blur_15x15_s5/train/T059754.png,476,LOW,5%,1
T059776,222654,3746,data/corrupted/100k_blur_15x15_s5/train/T059776.png,data/corrupted/100k_blur_15x15_s5/train/T059776.png,2882,LOW,5%,1
T059782,222640,3746,data/corrupted/100k_blur_15x15_s5/train/T059782.png,data/corrupted/100k_blur_15x15_s5/train/T059782.png,8737,LOW,5%,1
T059799,222583,3746,data/corrupted/100k_blur_15x15_s5/train/T059799.png,data/corrupted/100k_blur_15x15_s5/train/T059799.png,1090,LOW,5%,1
T059804,262330,4585,data/corrupted/100k_blur_15x15_s5/train/T059804.png,data/corrupted/100k_blur_15x15_s5/train/T059804.png,7422,LOW,5%,1
T059844,262294,4585,data/corrupted/100k_blur_15x15_s5/train/T059844.png,data/corrupted/100k_blur_15x15_s5/train/T059844.png,988,LOW,5%,1
T059850,343280,6361,data/corrupted/100k_blur_15x15_s5/train/T059850.png,data/corrupted/100k_blur_15x15_s5/train/T059850.png,4469,LOW,5%,1
T059855,343244,6361,data/corrupted/100k_blur_15x15_s5/train/T059855.png,data/corrupted/100k_blur_15x15_s5/train/T059855.png,3708,LOW,5%,1
T059858,343260,6361,data/corrupted/100k_blur_15x15_s5/train/T059858.png,data/corrupted/100k_blur_15x15_s5/train/T059858.png,3410,LOW,5%,1
T059872,343264,6361,data/corrupted/100k_blur_15x15_s5/train/T059872.png,data/corrupted/100k_blur_15x15_s5/train/T059872.png,3259,LOW,5%,1
T059882,343318,6361,data/corrupted/100k_blur_15x15_s5/train/T059882.png,data/corrupted/100k_blur_15x15_s5/train/T059882.png,3208,LOW,5%,1
T059886,343256,6361,data/corrupted/100k_blur_15x15_s5/train/T059886.png,data/corrupted/100k_blur_15x15_s5/train/T059886.png,1692,LOW,5%,1
T059938,345612,6407,data/corrupted/100k_blur_15x15_s5/train/T059938.png,data/corrupted/100k_blur_15x15_s5/train/T059938.png,1007,LOW,5%,1
T059960,364167,6851,data/corrupted/100k_blur_15x15_s5/train/T059960.png,data/corrupted/100k_blur_15x15_s5/train/T059960.png,226,LOW,5%,1
T059975,364162,6851,data/corrupted/100k_blur_15x15_s5/train/T059975.png,data/corrupted/100k_blur_15x15_s5/train/T059975.png,7144,LOW,5%,1
T060020,369252,6981,data/corrupted/100k_blur_15x15_s5/train/T060020.png,data/corrupted/100k_blur_15x15_s5/train/T060020.png,3938,LOW,5%,1
T060067,396098,7706,data/corrupted/100k_blur_15x15_s5/train/T060067.png,data/corrupted/100k_blur_15x15_s5/train/T060067.png,6811,LOW,5%,1
T060088,396081,7706,data/corrupted/100k_blur_15x15_s5/train/T060088.png,data/corrupted/100k_blur_15x15_s5/train/T060088.png,7792,LOW,5%,1
T060132,445155,9084,data/corrupted/100k_blur_15x15_s5/train/T060132.png,data/corrupted/100k_blur_15x15_s5/train/T060132.png,492,LOW,5%,1
T060138,445207,9084,data/corrupted/100k_blur_15x15_s5/train/T060138.png,data/corrupted/100k_blur_15x15_s5/train/T060138.png,386,LOW,5%,1
T060141,445184,9084,data/corrupted/100k_blur_15x15_s5/train/T060141.png,data/corrupted/100k_blur_15x15_s5/train/T060141.png,32,LOW,5%,1
T060164,445855,9106,data/corrupted/100k_blur_15x15_s5/train/T060164.png,data/corrupted/100k_blur_15x15_s5/train/T060164.png,386,LOW,5%,1
T060176,445841,9106,data/corrupted/100k_blur_15x15_s5/train/T060176.png,data/corrupted/100k_blur_15x15_s5/train/T060176.png,5237,LOW,5%,1
T060198,445901,9106,data/corrupted/100k_blur_15x15_s5/train/T060198.png,data/corrupted/100k_blur_15x15_s5/train/T060198.png,1692,LOW,5%,1
T060310,473386,9952,data/corrupted/100k_blur_15x15_s5/train/T060310.png,data/corrupted/100k_blur_15x15_s5/train/T060310.png,3456,LOW,5%,1
T060322,473387,9952,data/corrupted/100k_blur_15x15_s5/train/T060322.png,data/corrupted/100k_blur_15x15_s5/train/T060322.png,4325,LOW,5%,1
T060364,484244,10325,data/corrupted/100k_blur_15x15_s5/train/T060364.png,data/corrupted/100k_blur_15x15_s5/train/T060364.png,8312,LOW,5%,1
T060390,484214,10325,data/corrupted/100k_blur_15x15_s5/train/T060390.png,data/corrupted/100k_blur_15x15_s5/train/T060390.png,7316,LOW,5%,1
T060425,21175,171,data/corrupted/100k_blur_15x15_s5/train/T060425.png,data/corrupted/100k_blur_15x15_s5/train/T060425.png,3361,LOW,5%,1
T060427,21176,171,data/corrupted/100k_blur_15x15_s5/train/T060427.png,data/corrupted/100k_blur_15x15_s5/train/T060427.png,6170,LOW,5%,1
T060428,21132,171,data/corrupted/100k_blur_15x15_s5/train/T060428.png,data/corrupted/100k_blur_15x15_s5/train/T060428.png,6796,LOW,5%,1
T060441,21171,171,data/corrupted/100k_blur_15x15_s5/train/T060441.png,data/corrupted/100k_blur_15x15_s5/train/T060441.png,7976,LOW,5%,1
T060448,21178,171,data/corrupted/100k_blur_15x15_s5/train/T060448.png,data/corrupted/100k_blur_15x15_s5/train/T060448.png,4142,LOW,5%,1
T060478,36383,332,data/corrupted/100k_blur_15x15_s5/train/T060478.png,data/corrupted/100k_blur_15x15_s5/train/T060478.png,132,LOW,5%,1
T060506,54038,577,data/corrupted/100k_blur_15x15_s5/train/T060506.png,data/corrupted/100k_blur_15x15_s5/train/T060506.png,35,LOW,5%,1
T060522,54048,577,data/corrupted/100k_blur_15x15_s5/train/T060522.png,data/corrupted/100k_blur_15x15_s5/train/T060522.png,360,LOW,5%,1
T060557,114984,1494,data/corrupted/100k_blur_15x15_s5/train/T060557.png,data/corrupted/100k_blur_15x15_s5/train/T060557.png,5273,LOW,5%,1
T060573,115054,1494,data/corrupted/100k_blur_15x15_s5/train/T060573.png,data/corrupted/100k_blur_15x15_s5/train/T060573.png,2314,LOW,5%,1
T060605,118282,1552,data/corrupted/100k_blur_15x15_s5/train/T060605.png,data/corrupted/100k_blur_15x15_s5/train/T060605.png,3052,LOW,5%,1
T060608,118267,1552,data/corrupted/100k_blur_15x15_s5/train/T060608.png,data/corrupted/100k_blur_15x15_s5/train/T060608.png,5075,LOW,5%,1
T060612,118293,1552,data/corrupted/100k_blur_15x15_s5/train/T060612.png,data/corrupted/100k_blur_15x15_s5/train/T060612.png,4285,LOW,5%,1
T060657,129270,1791,data/corrupted/100k_blur_15x15_s5/train/T060657.png,data/corrupted/100k_blur_15x15_s5/train/T060657.png,1811,LOW,5%,1
T060703,199956,3256,data/corrupted/100k_blur_15x15_s5/train/T060703.png,data/corrupted/100k_blur_15x15_s5/train/T060703.png,315,LOW,5%,1
T060709,200005,3256,data/corrupted/100k_blur_15x15_s5/train/T060709.png,data/corrupted/100k_blur_15x15_s5/train/T060709.png,4700,LOW,5%,1
T060723,199960,3256,data/corrupted/100k_blur_15x15_s5/train/T060723.png,data/corrupted/100k_blur_15x15_s5/train/T060723.png,1236,LOW,5%,1
T060753,213854,3554,data/corrupted/100k_blur_15x15_s5/train/T060753.png,data/corrupted/100k_blur_15x15_s5/train/T060753.png,243,LOW,5%,1
T060795,213838,3554,data/corrupted/100k_blur_15x15_s5/train/T060795.png,data/corrupted/100k_blur_15x15_s5/train/T060795.png,332,LOW,5%,1
T060796,213856,3554,data/corrupted/100k_blur_15x15_s5/train/T060796.png,data/corrupted/100k_blur_15x15_s5/train/T060796.png,9258,LOW,5%,1
T060797,213852,3554,data/corrupted/100k_blur_15x15_s5/train/T060797.png,data/corrupted/100k_blur_15x15_s5/train/T060797.png,4866,LOW,5%,1
T060865,250281,4329,data/corrupted/100k_blur_15x15_s5/train/T060865.png,data/corrupted/100k_blur_15x15_s5/train/T060865.png,3554,LOW,5%,1
T060870,250275,4329,data/corrupted/100k_blur_15x15_s5/train/T060870.png,data/corrupted/100k_blur_15x15_s5/train/T060870.png,3729,LOW,5%,1
T060880,250267,4329,data/corrupted/100k_blur_15x15_s5/train/T060880.png,data/corrupted/100k_blur_15x15_s5/train/T060880.png,7090,LOW,5%,1
T060884,250328,4329,data/corrupted/100k_blur_15x15_s5/train/T060884.png,data/corrupted/100k_blur_15x15_s5/train/T060884.png,4238,LOW,5%,1
T060889,250254,4329,data/corrupted/100k_blur_15x15_s5/train/T060889.png,data/corrupted/100k_blur_15x15_s5/train/T060889.png,5993,LOW,5%,1
T060898,250288,4329,data/corrupted/100k_blur_15x15_s5/train/T060898.png,data/corrupted/100k_blur_15x15_s5/train/T060898.png,6605,LOW,5%,1
T060913,270278,4769,data/corrupted/100k_blur_15x15_s5/train/T060913.png,data/corrupted/100k_blur_15x15_s5/train/T060913.png,952,LOW,5%,1
T060924,270315,4769,data/corrupted/100k_blur_15x15_s5/train/T060924.png,data/corrupted/100k_blur_15x15_s5/train/T060924.png,3,LOW,5%,1
T060931,270300,4769,data/corrupted/100k_blur_15x15_s5/train/T060931.png,data/corrupted/100k_blur_15x15_s5/train/T060931.png,1626,LOW,5%,1
T060949,270290,4769,data/corrupted/100k_blur_15x15_s5/train/T060949.png,data/corrupted/100k_blur_15x15_s5/train/T060949.png,8088,LOW,5%,1
T060951,285079,5091,data/corrupted/100k_blur_15x15_s5/train/T060951.png,data/corrupted/100k_blur_15x15_s5/train/T060951.png,3630,LOW,5%,1
T060956,285075,5091,data/corrupted/100k_blur_15x15_s5/train/T060956.png,data/corrupted/100k_blur_15x15_s5/train/T060956.png,7489,LOW,5%,1
T060969,285151,5091,data/corrupted/100k_blur_15x15_s5/train/T060969.png,data/corrupted/100k_blur_15x15_s5/train/T060969.png,509,LOW,5%,1
T060985,285124,5091,data/corrupted/100k_blur_15x15_s5/train/T060985.png,data/corrupted/100k_blur_15x15_s5/train/T060985.png,6109,LOW,5%,1
T061005,294418,5298,data/corrupted/100k_blur_15x15_s5/train/T061005.png,data/corrupted/100k_blur_15x15_s5/train/T061005.png,5958,LOW,5%,1
T061007,294402,5298,data/corrupted/100k_blur_15x15_s5/train/T061007.png,data/corrupted/100k_blur_15x15_s5/train/T061007.png,1104,LOW,5%,1
T061019,294366,5298,data/corrupted/100k_blur_15x15_s5/train/T061019.png,data/corrupted/100k_blur_15x15_s5/train/T061019.png,2715,LOW,5%,1
T061026,294410,5298,data/corrupted/100k_blur_15x15_s5/train/T061026.png,data/corrupted/100k_blur_15x15_s5/train/T061026.png,3106,LOW,5%,1
T061136,305078,5531,data/corrupted/100k_blur_15x15_s5/train/T061136.png,data/corrupted/100k_blur_15x15_s5/train/T061136.png,130,LOW,5%,1
T061150,307608,5587,data/corrupted/100k_blur_15x15_s5/train/T061150.png,data/corrupted/100k_blur_15x15_s5/train/T061150.png,2423,LOW,5%,1
T061155,307570,5587,data/corrupted/100k_blur_15x15_s5/train/T061155.png,data/corrupted/100k_blur_15x15_s5/train/T061155.png,387,LOW,5%,1
T061185,307552,5587,data/corrupted/100k_blur_15x15_s5/train/T061185.png,data/corrupted/100k_blur_15x15_s5/train/T061185.png,5125,LOW,5%,1
T061227,319345,5851,data/corrupted/100k_blur_15x15_s5/train/T061227.png,data/corrupted/100k_blur_15x15_s5/train/T061227.png,3410,LOW,5%,1
T061280,324125,5967,data/corrupted/100k_blur_15x15_s5/train/T061280.png,data/corrupted/100k_blur_15x15_s5/train/T061280.png,2434,LOW,5%,1
T061313,362675,6815,data/corrupted/100k_blur_15x15_s5/train/T061313.png,data/corrupted/100k_blur_15x15_s5/train/T061313.png,3158,LOW,5%,1
T061334,362676,6815,data/corrupted/100k_blur_15x15_s5/train/T061334.png,data/corrupted/100k_blur_15x15_s5/train/T061334.png,1058,LOW,5%,1
T061364,388142,7472,data/corrupted/100k_blur_15x15_s5/train/T061364.png,data/corrupted/100k_blur_15x15_s5/train/T061364.png,5991,LOW,5%,1
T061390,388158,7472,data/corrupted/100k_blur_15x15_s5/train/T061390.png,data/corrupted/100k_blur_15x15_s5/train/T061390.png,6954,LOW,5%,1
T061421,465417,9719,data/corrupted/100k_blur_15x15_s5/train/T061421.png,data/corrupted/100k_blur_15x15_s5/train/T061421.png,2385,LOW,5%,1
T061458,467987,9792,data/corrupted/100k_blur_15x15_s5/train/T061458.png,data/corrupted/100k_blur_15x15_s5/train/T061458.png,3954,LOW,5%,1
T061489,468015,9792,data/corrupted/100k_blur_15x15_s5/train/T061489.png,data/corrupted/100k_blur_15x15_s5/train/T061489.png,6520,LOW,5%,1
T061513,20608,167,data/corrupted/100k_blur_15x15_s5/train/T061513.png,data/corrupted/100k_blur_15x15_s5/train/T061513.png,4292,LOW,5%,1
T061517,20617,167,data/corrupted/100k_blur_15x15_s5/train/T061517.png,data/corrupted/100k_blur_15x15_s5/train/T061517.png,891,LOW,5%,1
T061576,44620,448,data/corrupted/100k_blur_15x15_s5/train/T061576.png,data/corrupted/100k_blur_15x15_s5/train/T061576.png,8791,LOW,5%,1
T061598,44635,448,data/corrupted/100k_blur_15x15_s5/train/T061598.png,data/corrupted/100k_blur_15x15_s5/train/T061598.png,3065,LOW,5%,1
T061600,127234,1755,data/corrupted/100k_blur_15x15_s5/train/T061600.png,data/corrupted/100k_blur_15x15_s5/train/T061600.png,3687,LOW,5%,1
T061601,127278,1755,data/corrupted/100k_blur_15x15_s5/train/T061601.png,data/corrupted/100k_blur_15x15_s5/train/T061601.png,448,LOW,5%,1
T061627,127231,1755,data/corrupted/100k_blur_15x15_s5/train/T061627.png,data/corrupted/100k_blur_15x15_s5/train/T061627.png,10293,LOW,5%,1
T061636,127246,1755,data/corrupted/100k_blur_15x15_s5/train/T061636.png,data/corrupted/100k_blur_15x15_s5/train/T061636.png,1985,LOW,5%,1
T061638,127253,1755,data/corrupted/100k_blur_15x15_s5/train/T061638.png,data/corrupted/100k_blur_15x15_s5/train/T061638.png,573,LOW,5%,1
T061647,127268,1755,data/corrupted/100k_blur_15x15_s5/train/T061647.png,data/corrupted/100k_blur_15x15_s5/train/T061647.png,2346,LOW,5%,1
T061681,134327,1896,data/corrupted/100k_blur_15x15_s5/train/T061681.png,data/corrupted/100k_blur_15x15_s5/train/T061681.png,2789,LOW,5%,1
T061696,134311,1896,data/corrupted/100k_blur_15x15_s5/train/T061696.png,data/corrupted/100k_blur_15x15_s5/train/T061696.png,9082,LOW,5%,1
T061698,134326,1896,data/corrupted/100k_blur_15x15_s5/train/T061698.png,data/corrupted/100k_blur_15x15_s5/train/T061698.png,6370,LOW,5%,1
T061709,164389,2510,data/corrupted/100k_blur_15x15_s5/train/T061709.png,data/corrupted/100k_blur_15x15_s5/train/T061709.png,4347,LOW,5%,1
T061711,164423,2510,data/corrupted/100k_blur_15x15_s5/train/T061711.png,data/corrupted/100k_blur_15x15_s5/train/T061711.png,243,LOW,5%,1
T061728,164438,2510,data/corrupted/100k_blur_15x15_s5/train/T061728.png,data/corrupted/100k_blur_15x15_s5/train/T061728.png,9987,LOW,5%,1
T061757,234304,4004,data/corrupted/100k_blur_15x15_s5/train/T061757.png,data/corrupted/100k_blur_15x15_s5/train/T061757.png,10206,LOW,5%,1
T061801,247248,4272,data/corrupted/100k_blur_15x15_s5/train/T061801.png,data/corrupted/100k_blur_15x15_s5/train/T061801.png,342,LOW,5%,1
T061818,247257,4272,data/corrupted/100k_blur_15x15_s5/train/T061818.png,data/corrupted/100k_blur_15x15_s5/train/T061818.png,3330,LOW,5%,1
T061878,249057,4306,data/corrupted/100k_blur_15x15_s5/train/T061878.png,data/corrupted/100k_blur_15x15_s5/train/T061878.png,5953,LOW,5%,1
T061879,249051,4306,data/corrupted/100k_blur_15x15_s5/train/T061879.png,data/corrupted/100k_blur_15x15_s5/train/T061879.png,5053,LOW,5%,1
T061892,249086,4306,data/corrupted/100k_blur_15x15_s5/train/T061892.png,data/corrupted/100k_blur_15x15_s5/train/T061892.png,7018,LOW,5%,1
T061923,283828,5067,data/corrupted/100k_blur_15x15_s5/train/T061923.png,data/corrupted/100k_blur_15x15_s5/train/T061923.png,1891,LOW,5%,1
T061961,293456,5286,data/corrupted/100k_blur_15x15_s5/train/T061961.png,data/corrupted/100k_blur_15x15_s5/train/T061961.png,9118,LOW,5%,1
T061997,293392,5286,data/corrupted/100k_blur_15x15_s5/train/T061997.png,data/corrupted/100k_blur_15x15_s5/train/T061997.png,413,LOW,5%,1
T061998,293466,5286,data/corrupted/100k_blur_15x15_s5/train/T061998.png,data/corrupted/100k_blur_15x15_s5/train/T061998.png,391,LOW,5%,1
T061999,293454,5286,data/corrupted/100k_blur_15x15_s5/train/T061999.png,data/corrupted/100k_blur_15x15_s5/train/T061999.png,9323,LOW,5%,1
T062009,354138,6622,data/corrupted/100k_blur_15x15_s5/train/T062009.png,data/corrupted/100k_blur_15x15_s5/train/T062009.png,155,LOW,5%,1
T062011,354132,6622,data/corrupted/100k_blur_15x15_s5/train/T062011.png,data/corrupted/100k_blur_15x15_s5/train/T062011.png,4352,LOW,5%,1
T062021,354098,6622,data/corrupted/100k_blur_15x15_s5/train/T062021.png,data/corrupted/100k_blur_15x15_s5/train/T062021.png,7422,LOW,5%,1
T062030,354074,6622,data/corrupted/100k_blur_15x15_s5/train/T062030.png,data/corrupted/100k_blur_15x15_s5/train/T062030.png,1092,LOW,5%,1
T062036,354093,6622,data/corrupted/100k_blur_15x15_s5/train/T062036.png,data/corrupted/100k_blur_15x15_s5/train/T062036.png,226,LOW,5%,1
T062061,384519,7375,data/corrupted/100k_blur_15x15_s5/train/T062061.png,data/corrupted/100k_blur_15x15_s5/train/T062061.png,1080,LOW,5%,1
T062122,386322,7422,data/corrupted/100k_blur_15x15_s5/train/T062122.png,data/corrupted/100k_blur_15x15_s5/train/T062122.png,6733,LOW,5%,1
T062151,394817,7672,data/corrupted/100k_blur_15x15_s5/train/T062151.png,data/corrupted/100k_blur_15x15_s5/train/T062151.png,3749,LOW,5%,1
T062155,394834,7672,data/corrupted/100k_blur_15x15_s5/train/T062155.png,data/corrupted/100k_blur_15x15_s5/train/T062155.png,1388,LOW,5%,1
T062171,394878,7672,data/corrupted/100k_blur_15x15_s5/train/T062171.png,data/corrupted/100k_blur_15x15_s5/train/T062171.png,565,LOW,5%,1
T062173,394810,7672,data/corrupted/100k_blur_15x15_s5/train/T062173.png,data/corrupted/100k_blur_15x15_s5/train/T062173.png,4303,LOW,5%,1
T062199,394813,7672,data/corrupted/100k_blur_15x15_s5/train/T062199.png,data/corrupted/100k_blur_15x15_s5/train/T062199.png,4150,LOW,5%,1
T062218,405610,7977,data/corrupted/100k_blur_15x15_s5/train/T062218.png,data/corrupted/100k_blur_15x15_s5/train/T062218.png,2300,LOW,5%,1
T062239,405586,7977,data/corrupted/100k_blur_15x15_s5/train/T062239.png,data/corrupted/100k_blur_15x15_s5/train/T062239.png,578,LOW,5%,1
T062255,425386,8532,data/corrupted/100k_blur_15x15_s5/train/T062255.png,data/corrupted/100k_blur_15x15_s5/train/T062255.png,191,LOW,5%,1
T062263,425449,8532,data/corrupted/100k_blur_15x15_s5/train/T062263.png,data/corrupted/100k_blur_15x15_s5/train/T062263.png,1866,LOW,5%,1
T062270,425450,8532,data/corrupted/100k_blur_15x15_s5/train/T062270.png,data/corrupted/100k_blur_15x15_s5/train/T062270.png,322,LOW,5%,1
T062300,469969,9844,data/corrupted/100k_blur_15x15_s5/train/T062300.png,data/corrupted/100k_blur_15x15_s5/train/T062300.png,6981,LOW,5%,1
T062314,469975,9844,data/corrupted/100k_blur_15x15_s5/train/T062314.png,data/corrupted/100k_blur_15x15_s5/train/T062314.png,5197,LOW,5%,1
T062329,469978,9844,data/corrupted/100k_blur_15x15_s5/train/T062329.png,data/corrupted/100k_blur_15x15_s5/train/T062329.png,10177,LOW,5%,1
T062331,470039,9844,data/corrupted/100k_blur_15x15_s5/train/T062331.png,data/corrupted/100k_blur_15x15_s5/train/T062331.png,4620,LOW,5%,1
T062333,469967,9844,data/corrupted/100k_blur_15x15_s5/train/T062333.png,data/corrupted/100k_blur_15x15_s5/train/T062333.png,169,LOW,5%,1
T062392,44700,449,data/corrupted/100k_blur_15x15_s5/train/T062392.png,data/corrupted/100k_blur_15x15_s5/train/T062392.png,3003,LOW,5%,1
T062416,55220,589,data/corrupted/100k_blur_15x15_s5/train/T062416.png,data/corrupted/100k_blur_15x15_s5/train/T062416.png,147,LOW,5%,1
T062429,55204,589,data/corrupted/100k_blur_15x15_s5/train/T062429.png,data/corrupted/100k_blur_15x15_s5/train/T062429.png,9119,LOW,5%,1
T062456,56595,607,data/corrupted/100k_blur_15x15_s5/train/T062456.png,data/corrupted/100k_blur_15x15_s5/train/T062456.png,8298,LOW,5%,1
T062462,56582,607,data/corrupted/100k_blur_15x15_s5/train/T062462.png,data/corrupted/100k_blur_15x15_s5/train/T062462.png,10535,LOW,5%,1
T062472,56607,607,data/corrupted/100k_blur_15x15_s5/train/T062472.png,data/corrupted/100k_blur_15x15_s5/train/T062472.png,5725,LOW,5%,1
T062478,56593,607,data/corrupted/100k_blur_15x15_s5/train/T062478.png,data/corrupted/100k_blur_15x15_s5/train/T062478.png,1838,LOW,5%,1
T062504,142976,2072,data/corrupted/100k_blur_15x15_s5/train/T062504.png,data/corrupted/100k_blur_15x15_s5/train/T062504.png,2188,LOW,5%,1
T062515,142991,2072,data/corrupted/100k_blur_15x15_s5/train/T062515.png,data/corrupted/100k_blur_15x15_s5/train/T062515.png,1370,LOW,5%,1
T062540,143009,2072,data/corrupted/100k_blur_15x15_s5/train/T062540.png,data/corrupted/100k_blur_15x15_s5/train/T062540.png,5814,LOW,5%,1
T062562,162725,2473,data/corrupted/100k_blur_15x15_s5/train/T062562.png,data/corrupted/100k_blur_15x15_s5/train/T062562.png,6519,LOW,5%,1
T062600,204166,3351,data/corrupted/100k_blur_15x15_s5/train/T062600.png,data/corrupted/100k_blur_15x15_s5/train/T062600.png,1501,LOW,5%,1
T062641,204171,3351,data/corrupted/100k_blur_15x15_s5/train/T062641.png,data/corrupted/100k_blur_15x15_s5/train/T062641.png,5627,LOW,5%,1
T062657,209292,3450,data/corrupted/100k_blur_15x15_s5/train/T062657.png,data/corrupted/100k_blur_15x15_s5/train/T062657.png,7849,LOW,5%,1
T062701,259318,4503,data/corrupted/100k_blur_15x15_s5/train/T062701.png,data/corrupted/100k_blur_15x15_s5/train/T062701.png,9236,LOW,5%,1
T062763,292750,5271,data/corrupted/100k_blur_15x15_s5/train/T062763.png,data/corrupted/100k_blur_15x15_s5/train/T062763.png,8388,LOW,5%,1
T062788,292777,5271,data/corrupted/100k_blur_15x15_s5/train/T062788.png,data/corrupted/100k_blur_15x15_s5/train/T062788.png,4838,LOW,5%,1
T062794,292760,5271,data/corrupted/100k_blur_15x15_s5/train/T062794.png,data/corrupted/100k_blur_15x15_s5/train/T062794.png,7002,LOW,5%,1
T062827,294930,5315,data/corrupted/100k_blur_15x15_s5/train/T062827.png,data/corrupted/100k_blur_15x15_s5/train/T062827.png,6393,LOW,5%,1
T062874,300065,5438,data/corrupted/100k_blur_15x15_s5/train/T062874.png,data/corrupted/100k_blur_15x15_s5/train/T062874.png,6962,LOW,5%,1
T062879,300048,5438,data/corrupted/100k_blur_15x15_s5/train/T062879.png,data/corrupted/100k_blur_15x15_s5/train/T062879.png,3895,LOW,5%,1
T062880,300084,5438,data/corrupted/100k_blur_15x15_s5/train/T062880.png,data/corrupted/100k_blur_15x15_s5/train/T062880.png,6097,LOW,5%,1
T062939,313743,5726,data/corrupted/100k_blur_15x15_s5/train/T062939.png,data/corrupted/100k_blur_15x15_s5/train/T062939.png,4314,LOW,5%,1
T062961,327232,6027,data/corrupted/100k_blur_15x15_s5/train/T062961.png,data/corrupted/100k_blur_15x15_s5/train/T062961.png,9181,LOW,5%,1
T063048,356657,6685,data/corrupted/100k_blur_15x15_s5/train/T063048.png,data/corrupted/100k_blur_15x15_s5/train/T063048.png,6499,LOW,5%,1
T063083,418904,8346,data/corrupted/100k_blur_15x15_s5/train/T063083.png,data/corrupted/100k_blur_15x15_s5/train/T063083.png,4978,LOW,5%,1
T063088,418908,8346,data/corrupted/100k_blur_15x15_s5/train/T063088.png,data/corrupted/100k_blur_15x15_s5/train/T063088.png,5879,LOW,5%,1
T063107,474628,9997,data/corrupted/100k_blur_15x15_s5/train/T063107.png,data/corrupted/100k_blur_15x15_s5/train/T063107.png,6732,LOW,5%,1
T063109,474660,9997,data/corrupted/100k_blur_15x15_s5/train/T063109.png,data/corrupted/100k_blur_15x15_s5/train/T063109.png,8469,LOW,5%,1
T063113,474674,9997,data/corrupted/100k_blur_15x15_s5/train/T063113.png,data/corrupted/100k_blur_15x15_s5/train/T063113.png,8982,LOW,5%,1
T063117,474667,9997,data/corrupted/100k_blur_15x15_s5/train/T063117.png,data/corrupted/100k_blur_15x15_s5/train/T063117.png,1769,LOW,5%,1
T063148,474669,9997,data/corrupted/100k_blur_15x15_s5/train/T063148.png,data/corrupted/100k_blur_15x15_s5/train/T063148.png,493,LOW,5%,1
T063151,40759,387,data/corrupted/100k_blur_15x15_s5/train/T063151.png,data/corrupted/100k_blur_15x15_s5/train/T063151.png,7977,LOW,5%,1
T063172,40684,387,data/corrupted/100k_blur_15x15_s5/train/T063172.png,data/corrupted/100k_blur_15x15_s5/train/T063172.png,598,LOW,5%,1
T063214,64643,733,data/corrupted/100k_blur_15x15_s5/train/T063214.png,data/corrupted/100k_blur_15x15_s5/train/T063214.png,772,LOW,5%,1
T063229,64645,733,data/corrupted/100k_blur_15x15_s5/train/T063229.png,data/corrupted/100k_blur_15x15_s5/train/T063229.png,3518,LOW,5%,1
T063264,96458,1177,data/corrupted/100k_blur_15x15_s5/train/T063264.png,data/corrupted/100k_blur_15x15_s5/train/T063264.png,8203,LOW,5%,1
T063268,96456,1177,data/corrupted/100k_blur_15x15_s5/train/T063268.png,data/corrupted/100k_blur_15x15_s5/train/T063268.png,4691,LOW,5%,1
T063283,96427,1177,data/corrupted/100k_blur_15x15_s5/train/T063283.png,data/corrupted/100k_blur_15x15_s5/train/T063283.png,5061,LOW,5%,1
T063299,96462,1177,data/corrupted/100k_blur_15x15_s5/train/T063299.png,data/corrupted/100k_blur_15x15_s5/train/T063299.png,900,LOW,5%,1
T063306,97045,1184,data/corrupted/100k_blur_15x15_s5/train/T063306.png,data/corrupted/100k_blur_15x15_s5/train/T063306.png,4486,LOW,5%,1
T063311,96999,1184,data/corrupted/100k_blur_15x15_s5/train/T063311.png,data/corrupted/100k_blur_15x15_s5/train/T063311.png,8469,LOW,5%,1
T063315,96992,1184,data/corrupted/100k_blur_15x15_s5/train/T063315.png,data/corrupted/100k_blur_15x15_s5/train/T063315.png,4352,LOW,5%,1
T063352,98155,1196,data/corrupted/100k_blur_15x15_s5/train/T063352.png,data/corrupted/100k_blur_15x15_s5/train/T063352.png,5556,LOW,5%,1
T063361,98146,1196,data/corrupted/100k_blur_15x15_s5/train/T063361.png,data/corrupted/100k_blur_15x15_s5/train/T063361.png,3143,LOW,5%,1
T063495,166156,2548,data/corrupted/100k_blur_15x15_s5/train/T063495.png,data/corrupted/100k_blur_15x15_s5/train/T063495.png,147,LOW,5%,1
T063539,232267,3966,data/corrupted/100k_blur_15x15_s5/train/T063539.png,data/corrupted/100k_blur_15x15_s5/train/T063539.png,7042,LOW,5%,1
T063633,277944,4958,data/corrupted/100k_blur_15x15_s5/train/T063633.png,data/corrupted/100k_blur_15x15_s5/train/T063633.png,5843,LOW,5%,1
T063651,294858,5312,data/corrupted/100k_blur_15x15_s5/train/T063651.png,data/corrupted/100k_blur_15x15_s5/train/T063651.png,4040,LOW,5%,1
T063671,294868,5312,data/corrupted/100k_blur_15x15_s5/train/T063671.png,data/corrupted/100k_blur_15x15_s5/train/T063671.png,9193,LOW,5%,1
T063712,309565,5627,data/corrupted/100k_blur_15x15_s5/train/T063712.png,data/corrupted/100k_blur_15x15_s5/train/T063712.png,8545,LOW,5%,1
T063739,309591,5627,data/corrupted/100k_blur_15x15_s5/train/T063739.png,data/corrupted/100k_blur_15x15_s5/train/T063739.png,5416,LOW,5%,1
T063742,309571,5627,data/corrupted/100k_blur_15x15_s5/train/T063742.png,data/corrupted/100k_blur_15x15_s5/train/T063742.png,308,LOW,5%,1
T063743,309600,5627,data/corrupted/100k_blur_15x15_s5/train/T063743.png,data/corrupted/100k_blur_15x15_s5/train/T063743.png,2108,LOW,5%,1
T063751,428225,8613,data/corrupted/100k_blur_15x15_s5/train/T063751.png,data/corrupted/100k_blur_15x15_s5/train/T063751.png,959,LOW,5%,1
T063767,428250,8613,data/corrupted/100k_blur_15x15_s5/train/T063767.png,data/corrupted/100k_blur_15x15_s5/train/T063767.png,9235,LOW,5%,1
T063789,428240,8613,data/corrupted/100k_blur_15x15_s5/train/T063789.png,data/corrupted/100k_blur_15x15_s5/train/T063789.png,5197,LOW,5%,1
T063800,456821,9441,data/corrupted/100k_blur_15x15_s5/train/T063800.png,data/corrupted/100k_blur_15x15_s5/train/T063800.png,152,LOW,5%,1
T063856,459067,9519,data/corrupted/100k_blur_15x15_s5/train/T063856.png,data/corrupted/100k_blur_15x15_s5/train/T063856.png,2575,LOW,5%,1
T063862,459044,9519,data/corrupted/100k_blur_15x15_s5/train/T063862.png,data/corrupted/100k_blur_15x15_s5/train/T063862.png,497,LOW,5%,1
T063872,459029,9519,data/corrupted/100k_blur_15x15_s5/train/T063872.png,data/corrupted/100k_blur_15x15_s5/train/T063872.png,869,LOW,5%,1
T063895,459000,9519,data/corrupted/100k_blur_15x15_s5/train/T063895.png,data/corrupted/100k_blur_15x15_s5/train/T063895.png,3570,LOW,5%,1
T063900,41500,397,data/corrupted/100k_blur_15x15_s5/train/T063900.png,data/corrupted/100k_blur_15x15_s5/train/T063900.png,7672,LOW,5%,1
T063907,41514,397,data/corrupted/100k_blur_15x15_s5/train/T063907.png,data/corrupted/100k_blur_15x15_s5/train/T063907.png,2600,LOW,5%,1
T063909,41494,397,data/corrupted/100k_blur_15x15_s5/train/T063909.png,data/corrupted/100k_blur_15x15_s5/train/T063909.png,195,LOW,5%,1
T063918,41497,397,data/corrupted/100k_blur_15x15_s5/train/T063918.png,data/corrupted/100k_blur_15x15_s5/train/T063918.png,4978,LOW,5%,1
T063951,65771,760,data/corrupted/100k_blur_15x15_s5/train/T063951.png,data/corrupted/100k_blur_15x15_s5/train/T063951.png,4290,LOW,5%,1
T063956,65776,760,data/corrupted/100k_blur_15x15_s5/train/T063956.png,data/corrupted/100k_blur_15x15_s5/train/T063956.png,2677,LOW,5%,1
T063971,65797,760,data/corrupted/100k_blur_15x15_s5/train/T063971.png,data/corrupted/100k_blur_15x15_s5/train/T063971.png,5510,LOW,5%,1
T063987,65823,760,data/corrupted/100k_blur_15x15_s5/train/T063987.png,data/corrupted/100k_blur_15x15_s5/train/T063987.png,7119,LOW,5%,1
T063998,65777,760,data/corrupted/100k_blur_15x15_s5/train/T063998.png,data/corrupted/100k_blur_15x15_s5/train/T063998.png,5190,LOW,5%,1
T063999,65811,760,data/corrupted/100k_blur_15x15_s5/train/T063999.png,data/corrupted/100k_blur_15x15_s5/train/T063999.png,105,LOW,5%,1
T064061,202010,3306,data/corrupted/100k_blur_15x15_s5/train/T064061.png,data/corrupted/100k_blur_15x15_s5/train/T064061.png,9617,LOW,5%,1
T064084,202048,3306,data/corrupted/100k_blur_15x15_s5/train/T064084.png,data/corrupted/100k_blur_15x15_s5/train/T064084.png,421,LOW,5%,1
T064095,202006,3306,data/corrupted/100k_blur_15x15_s5/train/T064095.png,data/corrupted/100k_blur_15x15_s5/train/T064095.png,8114,LOW,5%,1
T064119,202333,3314,data/corrupted/100k_blur_15x15_s5/train/T064119.png,data/corrupted/100k_blur_15x15_s5/train/T064119.png,4043,LOW,5%,1
T064132,202265,3314,data/corrupted/100k_blur_15x15_s5/train/T064132.png,data/corrupted/100k_blur_15x15_s5/train/T064132.png,1244,LOW,5%,1
T064229,235592,4033,data/corrupted/100k_blur_15x15_s5/train/T064229.png,data/corrupted/100k_blur_15x15_s5/train/T064229.png,659,LOW,5%,1
T064236,235579,4033,data/corrupted/100k_blur_15x15_s5/train/T064236.png,data/corrupted/100k_blur_15x15_s5/train/T064236.png,90,LOW,5%,1
T064265,238882,4103,data/corrupted/100k_blur_15x15_s5/train/T064265.png,data/corrupted/100k_blur_15x15_s5/train/T064265.png,38,LOW,5%,1
T064272,238903,4103,data/corrupted/100k_blur_15x15_s5/train/T064272.png,data/corrupted/100k_blur_15x15_s5/train/T064272.png,30,LOW,5%,1
T064317,240956,4144,data/corrupted/100k_blur_15x15_s5/train/T064317.png,data/corrupted/100k_blur_15x15_s5/train/T064317.png,901,LOW,5%,1
T064319,240959,4144,data/corrupted/100k_blur_15x15_s5/train/T064319.png,data/corrupted/100k_blur_15x15_s5/train/T064319.png,7976,LOW,5%,1
T064362,241336,4152,data/corrupted/100k_blur_15x15_s5/train/T064362.png,data/corrupted/100k_blur_15x15_s5/train/T064362.png,3306,LOW,5%,1
T064375,241383,4152,data/corrupted/100k_blur_15x15_s5/train/T064375.png,data/corrupted/100k_blur_15x15_s5/train/T064375.png,986,LOW,5%,1
T064376,241381,4152,data/corrupted/100k_blur_15x15_s5/train/T064376.png,data/corrupted/100k_blur_15x15_s5/train/T064376.png,3398,LOW,5%,1
T064391,241409,4152,data/corrupted/100k_blur_15x15_s5/train/T064391.png,data/corrupted/100k_blur_15x15_s5/train/T064391.png,8943,LOW,5%,1
T064429,271905,4808,data/corrupted/100k_blur_15x15_s5/train/T064429.png,data/corrupted/100k_blur_15x15_s5/train/T064429.png,66,LOW,5%,1
T064431,271899,4808,data/corrupted/100k_blur_15x15_s5/train/T064431.png,data/corrupted/100k_blur_15x15_s5/train/T064431.png,1829,LOW,5%,1
T064455,318474,5833,data/corrupted/100k_blur_15x15_s5/train/T064455.png,data/corrupted/100k_blur_15x15_s5/train/T064455.png,9181,LOW,5%,1
T064457,318473,5833,data/corrupted/100k_blur_15x15_s5/train/T064457.png,data/corrupted/100k_blur_15x15_s5/train/T064457.png,2485,LOW,5%,1
T064478,318442,5833,data/corrupted/100k_blur_15x15_s5/train/T064478.png,data/corrupted/100k_blur_15x15_s5/train/T064478.png,6733,LOW,5%,1
T064547,345154,6396,data/corrupted/100k_blur_15x15_s5/train/T064547.png,data/corrupted/100k_blur_15x15_s5/train/T064547.png,2362,LOW,5%,1
T064558,371742,7037,data/corrupted/100k_blur_15x15_s5/train/T064558.png,data/corrupted/100k_blur_15x15_s5/train/T064558.png,3016,LOW,5%,1
T064567,371769,7037,data/corrupted/100k_blur_15x15_s5/train/T064567.png,data/corrupted/100k_blur_15x15_s5/train/T064567.png,6224,LOW,5%,1
T064570,371747,7037,data/corrupted/100k_blur_15x15_s5/train/T064570.png,data/corrupted/100k_blur_15x15_s5/train/T064570.png,1649,LOW,5%,1
T064580,371787,7037,data/corrupted/100k_blur_15x15_s5/train/T064580.png,data/corrupted/100k_blur_15x15_s5/train/T064580.png,4401,LOW,5%,1
T064584,371766,7037,data/corrupted/100k_blur_15x15_s5/train/T064584.png,data/corrupted/100k_blur_15x15_s5/train/T064584.png,4682,LOW,5%,1
T064595,371761,7037,data/corrupted/100k_blur_15x15_s5/train/T064595.png,data/corrupted/100k_blur_15x15_s5/train/T064595.png,2676,LOW,5%,1
T064633,376909,7162,data/corrupted/100k_blur_15x15_s5/train/T064633.png,data/corrupted/100k_blur_15x15_s5/train/T064633.png,867,LOW,5%,1
T064687,423281,8469,data/corrupted/100k_blur_15x15_s5/train/T064687.png,data/corrupted/100k_blur_15x15_s5/train/T064687.png,7976,LOW,5%,1
T064693,423265,8469,data/corrupted/100k_blur_15x15_s5/train/T064693.png,data/corrupted/100k_blur_15x15_s5/train/T064693.png,8175,LOW,5%,1
T064717,445307,9087,data/corrupted/100k_blur_15x15_s5/train/T064717.png,data/corrupted/100k_blur_15x15_s5/train/T064717.png,5495,LOW,5%,1
T064728,445331,9087,data/corrupted/100k_blur_15x15_s5/train/T064728.png,data/corrupted/100k_blur_15x15_s5/train/T064728.png,7128,LOW,5%,1
T064735,445311,9087,data/corrupted/100k_blur_15x15_s5/train/T064735.png,data/corrupted/100k_blur_15x15_s5/train/T064735.png,4072,LOW,5%,1
T064743,445319,9087,data/corrupted/100k_blur_15x15_s5/train/T064743.png,data/corrupted/100k_blur_15x15_s5/train/T064743.png,232,LOW,5%,1
T064772,484476,10333,data/corrupted/100k_blur_15x15_s5/train/T064772.png,data/corrupted/100k_blur_15x15_s5/train/T064772.png,6638,LOW,5%,1
T064777,484488,10333,data/corrupted/100k_blur_15x15_s5/train/T064777.png,data/corrupted/100k_blur_15x15_s5/train/T064777.png,159,LOW,5%,1
T064780,484485,10333,data/corrupted/100k_blur_15x15_s5/train/T064780.png,data/corrupted/100k_blur_15x15_s5/train/T064780.png,1888,LOW,5%,1
T064782,484471,10333,data/corrupted/100k_blur_15x15_s5/train/T064782.png,data/corrupted/100k_blur_15x15_s5/train/T064782.png,1938,LOW,5%,1
T064796,484469,10333,data/corrupted/100k_blur_15x15_s5/train/T064796.png,data/corrupted/100k_blur_15x15_s5/train/T064796.png,5326,LOW,5%,1
T064802,485011,10350,data/corrupted/100k_blur_15x15_s5/train/T064802.png,data/corrupted/100k_blur_15x15_s5/train/T064802.png,3983,LOW,5%,1
T064840,485005,10350,data/corrupted/100k_blur_15x15_s5/train/T064840.png,data/corrupted/100k_blur_15x15_s5/train/T064840.png,3973,LOW,5%,1
T064874,10760,66,data/corrupted/100k_blur_15x15_s5/train/T064874.png,data/corrupted/100k_blur_15x15_s5/train/T064874.png,9258,LOW,5%,1
T064899,10778,66,data/corrupted/100k_blur_15x15_s5/train/T064899.png,data/corrupted/100k_blur_15x15_s5/train/T064899.png,9216,LOW,5%,1
T064921,16239,120,data/corrupted/100k_blur_15x15_s5/train/T064921.png,data/corrupted/100k_blur_15x15_s5/train/T064921.png,2883,LOW,5%,1
T064923,16231,120,data/corrupted/100k_blur_15x15_s5/train/T064923.png,data/corrupted/100k_blur_15x15_s5/train/T064923.png,3822,LOW,5%,1
T064936,16254,120,data/corrupted/100k_blur_15x15_s5/train/T064936.png,data/corrupted/100k_blur_15x15_s5/train/T064936.png,10030,LOW,5%,1
T064956,16322,121,data/corrupted/100k_blur_15x15_s5/train/T064956.png,data/corrupted/100k_blur_15x15_s5/train/T064956.png,10101,LOW,5%,1
T064978,16312,121,data/corrupted/100k_blur_15x15_s5/train/T064978.png,data/corrupted/100k_blur_15x15_s5/train/T064978.png,4620,LOW,5%,1
T065022,41757,403,data/corrupted/100k_blur_15x15_s5/train/T065022.png,data/corrupted/100k_blur_15x15_s5/train/T065022.png,74,LOW,5%,1
T065026,41777,403,data/corrupted/100k_blur_15x15_s5/train/T065026.png,data/corrupted/100k_blur_15x15_s5/train/T065026.png,9175,LOW,5%,1
T065052,48330,493,data/corrupted/100k_blur_15x15_s5/train/T065052.png,data/corrupted/100k_blur_15x15_s5/train/T065052.png,1240,LOW,5%,1
T065061,48305,493,data/corrupted/100k_blur_15x15_s5/train/T065061.png,data/corrupted/100k_blur_15x15_s5/train/T065061.png,612,LOW,5%,1
T065076,48316,493,data/corrupted/100k_blur_15x15_s5/train/T065076.png,data/corrupted/100k_blur_15x15_s5/train/T065076.png,4365,LOW,5%,1
T065097,48318,493,data/corrupted/100k_blur_15x15_s5/train/T065097.png,data/corrupted/100k_blur_15x15_s5/train/T065097.png,7991,LOW,5%,1
T065197,56166,601,data/corrupted/100k_blur_15x15_s5/train/T065197.png,data/corrupted/100k_blur_15x15_s5/train/T065197.png,9719,LOW,5%,1
T065216,58881,641,data/corrupted/100k_blur_15x15_s5/train/T065216.png,data/corrupted/100k_blur_15x15_s5/train/T065216.png,6433,LOW,5%,1
T065221,58882,641,data/corrupted/100k_blur_15x15_s5/train/T065221.png,data/corrupted/100k_blur_15x15_s5/train/T065221.png,4362,LOW,5%,1
T065256,87909,1061,data/corrupted/100k_blur_15x15_s5/train/T065256.png,data/corrupted/100k_blur_15x15_s5/train/T065256.png,3741,LOW,5%,1
T065533,177909,2751,data/corrupted/100k_blur_15x15_s5/train/T065533.png,data/corrupted/100k_blur_15x15_s5/train/T065533.png,6195,LOW,5%,1
T065548,177890,2751,data/corrupted/100k_blur_15x15_s5/train/T065548.png,data/corrupted/100k_blur_15x15_s5/train/T065548.png,886,LOW,5%,1
T065554,187735,2982,data/corrupted/100k_blur_15x15_s5/train/T065554.png,data/corrupted/100k_blur_15x15_s5/train/T065554.png,1613,LOW,5%,1
T065564,187727,2982,data/corrupted/100k_blur_15x15_s5/train/T065564.png,data/corrupted/100k_blur_15x15_s5/train/T065564.png,3639,LOW,5%,1
T065572,187708,2982,data/corrupted/100k_blur_15x15_s5/train/T065572.png,data/corrupted/100k_blur_15x15_s5/train/T065572.png,462,LOW,5%,1
T065607,192202,3068,data/corrupted/100k_blur_15x15_s5/train/T065607.png,data/corrupted/100k_blur_15x15_s5/train/T065607.png,7317,LOW,5%,1
T065627,192215,3068,data/corrupted/100k_blur_15x15_s5/train/T065627.png,data/corrupted/100k_blur_15x15_s5/train/T065627.png,1215,LOW,5%,1
T065638,192229,3068,data/corrupted/100k_blur_15x15_s5/train/T065638.png,data/corrupted/100k_blur_15x15_s5/train/T065638.png,5714,LOW,5%,1
T065642,192238,3068,data/corrupted/100k_blur_15x15_s5/train/T065642.png,data/corrupted/100k_blur_15x15_s5/train/T065642.png,6500,LOW,5%,1
T065644,192263,3068,data/corrupted/100k_blur_15x15_s5/train/T065644.png,data/corrupted/100k_blur_15x15_s5/train/T065644.png,914,LOW,5%,1
T065732,204086,3350,data/corrupted/100k_blur_15x15_s5/train/T065732.png,data/corrupted/100k_blur_15x15_s5/train/T065732.png,1755,LOW,5%,1
T065737,204018,3350,data/corrupted/100k_blur_15x15_s5/train/T065737.png,data/corrupted/100k_blur_15x15_s5/train/T065737.png,1641,LOW,5%,1
T065738,204077,3350,data/corrupted/100k_blur_15x15_s5/train/T065738.png,data/corrupted/100k_blur_15x15_s5/train/T065738.png,3618,LOW,5%,1
T065756,208089,3421,data/corrupted/100k_blur_15x15_s5/train/T065756.png,data/corrupted/100k_blur_15x15_s5/train/T065756.png,4103,LOW,5%,1
T065787,208126,3421,data/corrupted/100k_blur_15x15_s5/train/T065787.png,data/corrupted/100k_blur_15x15_s5/train/T065787.png,2552,LOW,5%,1
T065797,208128,3421,data/corrupted/100k_blur_15x15_s5/train/T065797.png,data/corrupted/100k_blur_15x15_s5/train/T065797.png,7803,LOW,5%,1
T065801,224876,3786,data/corrupted/100k_blur_15x15_s5/train/T065801.png,data/corrupted/100k_blur_15x15_s5/train/T065801.png,2075,LOW,5%,1
T065808,224836,3786,data/corrupted/100k_blur_15x15_s5/train/T065808.png,data/corrupted/100k_blur_15x15_s5/train/T065808.png,1318,LOW,5%,1
T065833,224854,3786,data/corrupted/100k_blur_15x15_s5/train/T065833.png,data/corrupted/100k_blur_15x15_s5/train/T065833.png,6483,LOW,5%,1
T065834,224864,3786,data/corrupted/100k_blur_15x15_s5/train/T065834.png,data/corrupted/100k_blur_15x15_s5/train/T065834.png,517,LOW,5%,1
T065836,224855,3786,data/corrupted/100k_blur_15x15_s5/train/T065836.png,data/corrupted/100k_blur_15x15_s5/train/T065836.png,3586,LOW,5%,1
T065846,224872,3786,data/corrupted/100k_blur_15x15_s5/train/T065846.png,data/corrupted/100k_blur_15x15_s5/train/T065846.png,1896,LOW,5%,1
T065921,276581,4920,data/corrupted/100k_blur_15x15_s5/train/T065921.png,data/corrupted/100k_blur_15x15_s5/train/T065921.png,658,LOW,5%,1
T065932,276587,4920,data/corrupted/100k_blur_15x15_s5/train/T065932.png,data/corrupted/100k_blur_15x15_s5/train/T065932.png,6838,LOW,5%,1
T065934,276608,4920,data/corrupted/100k_blur_15x15_s5/train/T065934.png,data/corrupted/100k_blur_15x15_s5/train/T065934.png,1061,LOW,5%,1
T065939,276578,4920,data/corrupted/100k_blur_15x15_s5/train/T065939.png,data/corrupted/100k_blur_15x15_s5/train/T065939.png,3804,LOW,5%,1
T065943,276559,4920,data/corrupted/100k_blur_15x15_s5/train/T065943.png,data/corrupted/100k_blur_15x15_s5/train/T065943.png,8950,LOW,5%,1
T065969,309724,5629,data/corrupted/100k_blur_15x15_s5/train/T065969.png,data/corrupted/100k_blur_15x15_s5/train/T065969.png,1269,LOW,5%,1
T065971,309750,5629,data/corrupted/100k_blur_15x15_s5/train/T065971.png,data/corrupted/100k_blur_15x15_s5/train/T065971.png,8612,LOW,5%,1
T065972,309728,5629,data/corrupted/100k_blur_15x15_s5/train/T065972.png,data/corrupted/100k_blur_15x15_s5/train/T065972.png,4879,LOW,5%,1
T065976,309743,5629,data/corrupted/100k_blur_15x15_s5/train/T065976.png,data/corrupted/100k_blur_15x15_s5/train/T065976.png,3567,LOW,5%,1
T065985,309698,5629,data/corrupted/100k_blur_15x15_s5/train/T065985.png,data/corrupted/100k_blur_15x15_s5/train/T065985.png,8715,LOW,5%,1
T066004,320612,5887,data/corrupted/100k_blur_15x15_s5/train/T066004.png,data/corrupted/100k_blur_15x15_s5/train/T066004.png,5326,LOW,5%,1
T066020,320556,5887,data/corrupted/100k_blur_15x15_s5/train/T066020.png,data/corrupted/100k_blur_15x15_s5/train/T066020.png,4207,LOW,5%,1
T066062,333076,6151,data/corrupted/100k_blur_15x15_s5/train/T066062.png,data/corrupted/100k_blur_15x15_s5/train/T066062.png,3983,LOW,5%,1
T066089,333090,6151,data/corrupted/100k_blur_15x15_s5/train/T066089.png,data/corrupted/100k_blur_15x15_s5/train/T066089.png,7537,LOW,5%,1
T066139,362882,6821,data/corrupted/100k_blur_15x15_s5/train/T066139.png,data/corrupted/100k_blur_15x15_s5/train/T066139.png,7724,LOW,5%,1
T066142,362884,6821,data/corrupted/100k_blur_15x15_s5/train/T066142.png,data/corrupted/100k_blur_15x15_s5/train/T066142.png,1088,LOW,5%,1
T066191,385319,7392,data/corrupted/100k_blur_15x15_s5/train/T066191.png,data/corrupted/100k_blur_15x15_s5/train/T066191.png,71,LOW,5%,1
T066197,385368,7392,data/corrupted/100k_blur_15x15_s5/train/T066197.png,data/corrupted/100k_blur_15x15_s5/train/T066197.png,1375,LOW,5%,1
T066233,390032,7529,data/corrupted/100k_blur_15x15_s5/train/T066233.png,data/corrupted/100k_blur_15x15_s5/train/T066233.png,4670,LOW,5%,1
T066264,399497,7801,data/corrupted/100k_blur_15x15_s5/train/T066264.png,data/corrupted/100k_blur_15x15_s5/train/T066264.png,1514,LOW,5%,1
T066272,399554,7801,data/corrupted/100k_blur_15x15_s5/train/T066272.png,data/corrupted/100k_blur_15x15_s5/train/T066272.png,6631,LOW,5%,1
T066278,399555,7801,data/corrupted/100k_blur_15x15_s5/train/T066278.png,data/corrupted/100k_blur_15x15_s5/train/T066278.png,3708,LOW,5%,1
T066289,399513,7801,data/corrupted/100k_blur_15x15_s5/train/T066289.png,data/corrupted/100k_blur_15x15_s5/train/T066289.png,8388,LOW,5%,1
T066296,399481,7801,data/corrupted/100k_blur_15x15_s5/train/T066296.png,data/corrupted/100k_blur_15x15_s5/train/T066296.png,4866,LOW,5%,1
T066333,406134,7991,data/corrupted/100k_blur_15x15_s5/train/T066333.png,data/corrupted/100k_blur_15x15_s5/train/T066333.png,5180,LOW,5%,1
T066344,406120,7991,data/corrupted/100k_blur_15x15_s5/train/T066344.png,data/corrupted/100k_blur_15x15_s5/train/T066344.png,4704,LOW,5%,1
T066390,455099,9377,data/corrupted/100k_blur_15x15_s5/train/T066390.png,data/corrupted/100k_blur_15x15_s5/train/T066390.png,7018,LOW,5%,1
T066400,8351,42,data/corrupted/100k_blur_15x15_s5/train/T066400.png,data/corrupted/100k_blur_15x15_s5/train/T066400.png,1161,LOW,5%,1
T066408,8360,42,data/corrupted/100k_blur_15x15_s5/train/T066408.png,data/corrupted/100k_blur_15x15_s5/train/T066408.png,4144,LOW,5%,1
T066412,8340,42,data/corrupted/100k_blur_15x15_s5/train/T066412.png,data/corrupted/100k_blur_15x15_s5/train/T066412.png,5385,LOW,5%,1
T066434,8320,42,data/corrupted/100k_blur_15x15_s5/train/T066434.png,data/corrupted/100k_blur_15x15_s5/train/T066434.png,2522,LOW,5%,1
T066468,16104,118,data/corrupted/100k_blur_15x15_s5/train/T066468.png,data/corrupted/100k_blur_15x15_s5/train/T066468.png,3884,LOW,5%,1
T066475,16123,118,data/corrupted/100k_blur_15x15_s5/train/T066475.png,data/corrupted/100k_blur_15x15_s5/train/T066475.png,8914,LOW,5%,1
T066478,16096,118,data/corrupted/100k_blur_15x15_s5/train/T066478.png,data/corrupted/100k_blur_15x15_s5/train/T066478.png,5531,LOW,5%,1
T066487,16137,118,data/corrupted/100k_blur_15x15_s5/train/T066487.png,data/corrupted/100k_blur_15x15_s5/train/T066487.png,6638,LOW,5%,1
T066498,16102,118,data/corrupted/100k_blur_15x15_s5/train/T066498.png,data/corrupted/100k_blur_15x15_s5/train/T066498.png,4103,LOW,5%,1
T066499,16084,118,data/corrupted/100k_blur_15x15_s5/train/T066499.png,data/corrupted/100k_blur_15x15_s5/train/T066499.png,4420,LOW,5%,1
T066513,27525,227,data/corrupted/100k_blur_15x15_s5/train/T066513.png,data/corrupted/100k_blur_15x15_s5/train/T066513.png,1254,LOW,5%,1
T066544,27512,227,data/corrupted/100k_blur_15x15_s5/train/T066544.png,data/corrupted/100k_blur_15x15_s5/train/T066544.png,6499,LOW,5%,1
T066596,28371,235,data/corrupted/100k_blur_15x15_s5/train/T066596.png,data/corrupted/100k_blur_15x15_s5/train/T066596.png,9545,LOW,5%,1
T066611,71841,862,data/corrupted/100k_blur_15x15_s5/train/T066611.png,data/corrupted/100k_blur_15x15_s5/train/T066611.png,1786,LOW,5%,1
T066643,71822,862,data/corrupted/100k_blur_15x15_s5/train/T066643.png,data/corrupted/100k_blur_15x15_s5/train/T066643.png,5197,LOW,5%,1
T066744,81543,987,data/corrupted/100k_blur_15x15_s5/train/T066744.png,data/corrupted/100k_blur_15x15_s5/train/T066744.png,1164,LOW,5%,1
T066757,108210,1326,data/corrupted/100k_blur_15x15_s5/train/T066757.png,data/corrupted/100k_blur_15x15_s5/train/T066757.png,3046,LOW,5%,1
T066762,108235,1326,data/corrupted/100k_blur_15x15_s5/train/T066762.png,data/corrupted/100k_blur_15x15_s5/train/T066762.png,1769,LOW,5%,1
T066768,108241,1326,data/corrupted/100k_blur_15x15_s5/train/T066768.png,data/corrupted/100k_blur_15x15_s5/train/T066768.png,5202,LOW,5%,1
T066787,108187,1326,data/corrupted/100k_blur_15x15_s5/train/T066787.png,data/corrupted/100k_blur_15x15_s5/train/T066787.png,404,LOW,5%,1
T066813,119745,1588,data/corrupted/100k_blur_15x15_s5/train/T066813.png,data/corrupted/100k_blur_15x15_s5/train/T066813.png,306,LOW,5%,1
T066827,119735,1588,data/corrupted/100k_blur_15x15_s5/train/T066827.png,data/corrupted/100k_blur_15x15_s5/train/T066827.png,4046,LOW,5%,1
T066829,119725,1588,data/corrupted/100k_blur_15x15_s5/train/T066829.png,data/corrupted/100k_blur_15x15_s5/train/T066829.png,6412,LOW,5%,1
T066833,119712,1588,data/corrupted/100k_blur_15x15_s5/train/T066833.png,data/corrupted/100k_blur_15x15_s5/train/T066833.png,177,LOW,5%,1
T066845,119739,1588,data/corrupted/100k_blur_15x15_s5/train/T066845.png,data/corrupted/100k_blur_15x15_s5/train/T066845.png,2099,LOW,5%,1
T066849,119758,1588,data/corrupted/100k_blur_15x15_s5/train/T066849.png,data/corrupted/100k_blur_15x15_s5/train/T066849.png,3241,LOW,5%,1
T066931,158343,2393,data/corrupted/100k_blur_15x15_s5/train/T066931.png,data/corrupted/100k_blur_15x15_s5/train/T066931.png,2188,LOW,5%,1
T066944,158411,2393,data/corrupted/100k_blur_15x15_s5/train/T066944.png,data/corrupted/100k_blur_15x15_s5/train/T066944.png,5197,LOW,5%,1
T066953,159355,2412,data/corrupted/100k_blur_15x15_s5/train/T066953.png,data/corrupted/100k_blur_15x15_s5/train/T066953.png,4269,LOW,5%,1
T067083,170098,2632,data/corrupted/100k_blur_15x15_s5/train/T067083.png,data/corrupted/100k_blur_15x15_s5/train/T067083.png,578,LOW,5%,1
T067102,176259,2733,data/corrupted/100k_blur_15x15_s5/train/T067102.png,data/corrupted/100k_blur_15x15_s5/train/T067102.png,13,LOW,5%,1
T067122,176272,2733,data/corrupted/100k_blur_15x15_s5/train/T067122.png,data/corrupted/100k_blur_15x15_s5/train/T067122.png,6393,LOW,5%,1
T067170,197387,3190,data/corrupted/100k_blur_15x15_s5/train/T067170.png,data/corrupted/100k_blur_15x15_s5/train/T067170.png,8047,LOW,5%,1
T067184,197341,3190,data/corrupted/100k_blur_15x15_s5/train/T067184.png,data/corrupted/100k_blur_15x15_s5/train/T067184.png,5494,LOW,5%,1
T067197,197379,3190,data/corrupted/100k_blur_15x15_s5/train/T067197.png,data/corrupted/100k_blur_15x15_s5/train/T067197.png,5786,LOW,5%,1
T067233,210067,3464,data/corrupted/100k_blur_15x15_s5/train/T067233.png,data/corrupted/100k_blur_15x15_s5/train/T067233.png,3645,LOW,5%,1
T067238,210063,3464,data/corrupted/100k_blur_15x15_s5/train/T067238.png,data/corrupted/100k_blur_15x15_s5/train/T067238.png,9952,LOW,5%,1
T067243,210130,3464,data/corrupted/100k_blur_15x15_s5/train/T067243.png,data/corrupted/100k_blur_15x15_s5/train/T067243.png,4325,LOW,5%,1
T067286,223829,3764,data/corrupted/100k_blur_15x15_s5/train/T067286.png,data/corrupted/100k_blur_15x15_s5/train/T067286.png,5273,LOW,5%,1
T067288,223810,3764,data/corrupted/100k_blur_15x15_s5/train/T067288.png,data/corrupted/100k_blur_15x15_s5/train/T067288.png,6238,LOW,5%,1
T067291,223773,3764,data/corrupted/100k_blur_15x15_s5/train/T067291.png,data/corrupted/100k_blur_15x15_s5/train/T067291.png,4285,LOW,5%,1
T067304,289182,5190,data/corrupted/100k_blur_15x15_s5/train/T067304.png,data/corrupted/100k_blur_15x15_s5/train/T067304.png,5834,LOW,5%,1
T067333,289143,5190,data/corrupted/100k_blur_15x15_s5/train/T067333.png,data/corrupted/100k_blur_15x15_s5/train/T067333.png,5556,LOW,5%,1
T067342,289186,5190,data/corrupted/100k_blur_15x15_s5/train/T067342.png,data/corrupted/100k_blur_15x15_s5/train/T067342.png,342,LOW,5%,1
T067358,290703,5226,data/corrupted/100k_blur_15x15_s5/train/T067358.png,data/corrupted/100k_blur_15x15_s5/train/T067358.png,5991,LOW,5%,1
T067412,316195,5786,data/corrupted/100k_blur_15x15_s5/train/T067412.png,data/corrupted/100k_blur_15x15_s5/train/T067412.png,2100,LOW,5%,1
T067450,318994,5843,data/corrupted/100k_blur_15x15_s5/train/T067450.png,data/corrupted/100k_blur_15x15_s5/train/T067450.png,7489,LOW,5%,1
T067455,318996,5843,data/corrupted/100k_blur_15x15_s5/train/T067455.png,data/corrupted/100k_blur_15x15_s5/train/T067455.png,917,LOW,5%,1
T067514,325626,5994,data/corrupted/100k_blur_15x15_s5/train/T067514.png,data/corrupted/100k_blur_15x15_s5/train/T067514.png,5926,LOW,5%,1
T067546,325643,5994,data/corrupted/100k_blur_15x15_s5/train/T067546.png,data/corrupted/100k_blur_15x15_s5/train/T067546.png,4838,LOW,5%,1
T067564,329072,6071,data/corrupted/100k_blur_15x15_s5/train/T067564.png,data/corrupted/100k_blur_15x15_s5/train/T067564.png,976,LOW,5%,1
T067577,329077,6071,data/corrupted/100k_blur_15x15_s5/train/T067577.png,data/corrupted/100k_blur_15x15_s5/train/T067577.png,8470,LOW,5%,1
T067581,329073,6071,data/corrupted/100k_blur_15x15_s5/train/T067581.png,data/corrupted/100k_blur_15x15_s5/train/T067581.png,1047,LOW,5%,1
T067592,329043,6071,data/corrupted/100k_blur_15x15_s5/train/T067592.png,data/corrupted/100k_blur_15x15_s5/train/T067592.png,1254,LOW,5%,1
T067667,366197,6904,data/corrupted/100k_blur_15x15_s5/train/T067667.png,data/corrupted/100k_blur_15x15_s5/train/T067667.png,2733,LOW,5%,1
T067711,403833,7925,data/corrupted/100k_blur_15x15_s5/train/T067711.png,data/corrupted/100k_blur_15x15_s5/train/T067711.png,5622,LOW,5%,1
T067765,430185,8663,data/corrupted/100k_blur_15x15_s5/train/T067765.png,data/corrupted/100k_blur_15x15_s5/train/T067765.png,1082,LOW,5%,1
T067766,430134,8663,data/corrupted/100k_blur_15x15_s5/train/T067766.png,data/corrupted/100k_blur_15x15_s5/train/T067766.png,7537,LOW,5%,1
T067769,430151,8663,data/corrupted/100k_blur_15x15_s5/train/T067769.png,data/corrupted/100k_blur_15x15_s5/train/T067769.png,6265,LOW,5%,1
T067777,430173,8663,data/corrupted/100k_blur_15x15_s5/train/T067777.png,data/corrupted/100k_blur_15x15_s5/train/T067777.png,1266,LOW,5%,1
T067785,430115,8663,data/corrupted/100k_blur_15x15_s5/train/T067785.png,data/corrupted/100k_blur_15x15_s5/train/T067785.png,1810,LOW,5%,1
T067822,462514,9620,data/corrupted/100k_blur_15x15_s5/train/T067822.png,data/corrupted/100k_blur_15x15_s5/train/T067822.png,6747,LOW,5%,1
T067851,472211,9923,data/corrupted/100k_blur_15x15_s5/train/T067851.png,data/corrupted/100k_blur_15x15_s5/train/T067851.png,5319,LOW,5%,1
T067881,472275,9923,data/corrupted/100k_blur_15x15_s5/train/T067881.png,data/corrupted/100k_blur_15x15_s5/train/T067881.png,4982,LOW,5%,1
T067883,472242,9923,data/corrupted/100k_blur_15x15_s5/train/T067883.png,data/corrupted/100k_blur_15x15_s5/train/T067883.png,6830,LOW,5%,1
T067897,472223,9923,data/corrupted/100k_blur_15x15_s5/train/T067897.png,data/corrupted/100k_blur_15x15_s5/train/T067897.png,4290,LOW,5%,1
T067913,45240,456,data/corrupted/100k_blur_15x15_s5/train/T067913.png,data/corrupted/100k_blur_15x15_s5/train/T067913.png,1163,LOW,5%,1
T067921,45246,456,data/corrupted/100k_blur_15x15_s5/train/T067921.png,data/corrupted/100k_blur_15x15_s5/train/T067921.png,641,LOW,5%,1
T067939,45220,456,data/corrupted/100k_blur_15x15_s5/train/T067939.png,data/corrupted/100k_blur_15x15_s5/train/T067939.png,923,LOW,5%,1
T067965,52083,541,data/corrupted/100k_blur_15x15_s5/train/T067965.png,data/corrupted/100k_blur_15x15_s5/train/T067965.png,529,LOW,5%,1
T067998,52059,541,data/corrupted/100k_blur_15x15_s5/train/T067998.png,data/corrupted/100k_blur_15x15_s5/train/T067998.png,3787,LOW,5%,1
T068022,52646,550,data/corrupted/100k_blur_15x15_s5/train/T068022.png,data/corrupted/100k_blur_15x15_s5/train/T068022.png,322,LOW,5%,1
T068064,56418,605,data/corrupted/100k_blur_15x15_s5/train/T068064.png,data/corrupted/100k_blur_15x15_s5/train/T068064.png,190,LOW,5%,1
T068065,56434,605,data/corrupted/100k_blur_15x15_s5/train/T068065.png,data/corrupted/100k_blur_15x15_s5/train/T068065.png,3165,LOW,5%,1
T068093,56388,605,data/corrupted/100k_blur_15x15_s5/train/T068093.png,data/corrupted/100k_blur_15x15_s5/train/T068093.png,473,LOW,5%,1
T068098,56396,605,data/corrupted/100k_blur_15x15_s5/train/T068098.png,data/corrupted/100k_blur_15x15_s5/train/T068098.png,8767,LOW,5%,1
T068125,56839,611,data/corrupted/100k_blur_15x15_s5/train/T068125.png,data/corrupted/100k_blur_15x15_s5/train/T068125.png,2433,LOW,5%,1
T068134,56879,611,data/corrupted/100k_blur_15x15_s5/train/T068134.png,data/corrupted/100k_blur_15x15_s5/train/T068134.png,4689,LOW,5%,1
T068187,80268,974,data/corrupted/100k_blur_15x15_s5/train/T068187.png,data/corrupted/100k_blur_15x15_s5/train/T068187.png,5706,LOW,5%,1
T068198,80276,974,data/corrupted/100k_blur_15x15_s5/train/T068198.png,data/corrupted/100k_blur_15x15_s5/train/T068198.png,194,LOW,5%,1
T068227,90022,1093,data/corrupted/100k_blur_15x15_s5/train/T068227.png,data/corrupted/100k_blur_15x15_s5/train/T068227.png,6135,LOW,5%,1
T068258,169123,2608,data/corrupted/100k_blur_15x15_s5/train/T068258.png,data/corrupted/100k_blur_15x15_s5/train/T068258.png,677,LOW,5%,1
T068259,169064,2608,data/corrupted/100k_blur_15x15_s5/train/T068259.png,data/corrupted/100k_blur_15x15_s5/train/T068259.png,90,LOW,5%,1
T068273,169124,2608,data/corrupted/100k_blur_15x15_s5/train/T068273.png,data/corrupted/100k_blur_15x15_s5/train/T068273.png,3554,LOW,5%,1
T068281,169122,2608,data/corrupted/100k_blur_15x15_s5/train/T068281.png,data/corrupted/100k_blur_15x15_s5/train/T068281.png,2644,LOW,5%,1
T068285,169101,2608,data/corrupted/100k_blur_15x15_s5/train/T068285.png,data/corrupted/100k_blur_15x15_s5/train/T068285.png,5927,LOW,5%,1
T068307,176933,2740,data/corrupted/100k_blur_15x15_s5/train/T068307.png,data/corrupted/100k_blur_15x15_s5/train/T068307.png,3833,LOW,5%,1
T068328,176891,2740,data/corrupted/100k_blur_15x15_s5/train/T068328.png,data/corrupted/100k_blur_15x15_s5/train/T068328.png,3498,LOW,5%,1
T068352,193654,3106,data/corrupted/100k_blur_15x15_s5/train/T068352.png,data/corrupted/100k_blur_15x15_s5/train/T068352.png,2693,LOW,5%,1
T068359,193606,3106,data/corrupted/100k_blur_15x15_s5/train/T068359.png,data/corrupted/100k_blur_15x15_s5/train/T068359.png,23,LOW,5%,1
T068372,193665,3106,data/corrupted/100k_blur_15x15_s5/train/T068372.png,data/corrupted/100k_blur_15x15_s5/train/T068372.png,214,LOW,5%,1
T068384,193608,3106,data/corrupted/100k_blur_15x15_s5/train/T068384.png,data/corrupted/100k_blur_15x15_s5/train/T068384.png,7610,LOW,5%,1
T068404,256957,4463,data/corrupted/100k_blur_15x15_s5/train/T068404.png,data/corrupted/100k_blur_15x15_s5/train/T068404.png,41,LOW,5%,1
T068413,256935,4463,data/corrupted/100k_blur_15x15_s5/train/T068413.png,data/corrupted/100k_blur_15x15_s5/train/T068413.png,7099,LOW,5%,1
T068424,256972,4463,data/corrupted/100k_blur_15x15_s5/train/T068424.png,data/corrupted/100k_blur_15x15_s5/train/T068424.png,4064,LOW,5%,1
T068442,256945,4463,data/corrupted/100k_blur_15x15_s5/train/T068442.png,data/corrupted/100k_blur_15x15_s5/train/T068442.png,4329,LOW,5%,1
T068458,273600,4848,data/corrupted/100k_blur_15x15_s5/train/T068458.png,data/corrupted/100k_blur_15x15_s5/train/T068458.png,3956,LOW,5%,1
T068476,273648,4848,data/corrupted/100k_blur_15x15_s5/train/T068476.png,data/corrupted/100k_blur_15x15_s5/train/T068476.png,121,LOW,5%,1
T068478,273615,4848,data/corrupted/100k_blur_15x15_s5/train/T068478.png,data/corrupted/100k_blur_15x15_s5/train/T068478.png,6709,LOW,5%,1
T068479,273610,4848,data/corrupted/100k_blur_15x15_s5/train/T068479.png,data/corrupted/100k_blur_15x15_s5/train/T068479.png,295,LOW,5%,1
T068508,282719,5050,data/corrupted/100k_blur_15x15_s5/train/T068508.png,data/corrupted/100k_blur_15x15_s5/train/T068508.png,7890,LOW,5%,1
T068525,282688,5050,data/corrupted/100k_blur_15x15_s5/train/T068525.png,data/corrupted/100k_blur_15x15_s5/train/T068525.png,7856,LOW,5%,1
T068530,282729,5050,data/corrupted/100k_blur_15x15_s5/train/T068530.png,data/corrupted/100k_blur_15x15_s5/train/T068530.png,6412,LOW,5%,1
T068537,282721,5050,data/corrupted/100k_blur_15x15_s5/train/T068537.png,data/corrupted/100k_blur_15x15_s5/train/T068537.png,3863,LOW,5%,1
T068549,282757,5050,data/corrupted/100k_blur_15x15_s5/train/T068549.png,data/corrupted/100k_blur_15x15_s5/train/T068549.png,2434,LOW,5%,1
T068554,310701,5657,data/corrupted/100k_blur_15x15_s5/train/T068554.png,data/corrupted/100k_blur_15x15_s5/train/T068554.png,398,LOW,5%,1
T068564,310703,5657,data/corrupted/100k_blur_15x15_s5/train/T068564.png,data/corrupted/100k_blur_15x15_s5/train/T068564.png,9733,LOW,5%,1
T068571,310679,5657,data/corrupted/100k_blur_15x15_s5/train/T068571.png,data/corrupted/100k_blur_15x15_s5/train/T068571.png,9087,LOW,5%,1
T068580,310717,5657,data/corrupted/100k_blur_15x15_s5/train/T068580.png,data/corrupted/100k_blur_15x15_s5/train/T068580.png,5320,LOW,5%,1
T068628,325447,5991,data/corrupted/100k_blur_15x15_s5/train/T068628.png,data/corrupted/100k_blur_15x15_s5/train/T068628.png,4848,LOW,5%,1
T068676,331275,6110,data/corrupted/100k_blur_15x15_s5/train/T068676.png,data/corrupted/100k_blur_15x15_s5/train/T068676.png,3588,LOW,5%,1
T068687,331266,6110,data/corrupted/100k_blur_15x15_s5/train/T068687.png,data/corrupted/100k_blur_15x15_s5/train/T068687.png,6195,LOW,5%,1
T068726,342552,6351,data/corrupted/100k_blur_15x15_s5/train/T068726.png,data/corrupted/100k_blur_15x15_s5/train/T068726.png,54,LOW,5%,1
T068737,342558,6351,data/corrupted/100k_blur_15x15_s5/train/T068737.png,data/corrupted/100k_blur_15x15_s5/train/T068737.png,9830,LOW,5%,1
T068759,375464,7120,data/corrupted/100k_blur_15x15_s5/train/T068759.png,data/corrupted/100k_blur_15x15_s5/train/T068759.png,917,LOW,5%,1
T068768,375473,7120,data/corrupted/100k_blur_15x15_s5/train/T068768.png,data/corrupted/100k_blur_15x15_s5/train/T068768.png,7856,LOW,5%,1
T068772,375431,7120,data/corrupted/100k_blur_15x15_s5/train/T068772.png,data/corrupted/100k_blur_15x15_s5/train/T068772.png,4866,LOW,5%,1
T068779,375470,7120,data/corrupted/100k_blur_15x15_s5/train/T068779.png,data/corrupted/100k_blur_15x15_s5/train/T068779.png,4046,LOW,5%,1
T068780,375486,7120,data/corrupted/100k_blur_15x15_s5/train/T068780.png,data/corrupted/100k_blur_15x15_s5/train/T068780.png,362,LOW,5%,1
T068803,393469,7630,data/corrupted/100k_blur_15x15_s5/train/T068803.png,data/corrupted/100k_blur_15x15_s5/train/T068803.png,6669,LOW,5%,1
T068805,393509,7630,data/corrupted/100k_blur_15x15_s5/train/T068805.png,data/corrupted/100k_blur_15x15_s5/train/T068805.png,2444,LOW,5%,1
T068845,393464,7630,data/corrupted/100k_blur_15x15_s5/train/T068845.png,data/corrupted/100k_blur_15x15_s5/train/T068845.png,2374,LOW,5%,1
T068860,410357,8089,data/corrupted/100k_blur_15x15_s5/train/T068860.png,data/corrupted/100k_blur_15x15_s5/train/T068860.png,10030,LOW,5%,1
T068861,410405,8089,data/corrupted/100k_blur_15x15_s5/train/T068861.png,data/corrupted/100k_blur_15x15_s5/train/T068861.png,9204,LOW,5%,1
T068864,410375,8089,data/corrupted/100k_blur_15x15_s5/train/T068864.png,data/corrupted/100k_blur_15x15_s5/train/T068864.png,7942,LOW,5%,1
T068865,410366,8089,data/corrupted/100k_blur_15x15_s5/train/T068865.png,data/corrupted/100k_blur_15x15_s5/train/T068865.png,7165,LOW,5%,1
T068878,410358,8089,data/corrupted/100k_blur_15x15_s5/train/T068878.png,data/corrupted/100k_blur_15x15_s5/train/T068878.png,4024,LOW,5%,1
T068950,434858,8783,data/corrupted/100k_blur_15x15_s5/train/T068950.png,data/corrupted/100k_blur_15x15_s5/train/T068950.png,6949,LOW,5%,1
T068993,434879,8783,data/corrupted/100k_blur_15x15_s5/train/T068993.png,data/corrupted/100k_blur_15x15_s5/train/T068993.png,4334,LOW,5%,1
T069001,483888,10314,data/corrupted/100k_blur_15x15_s5/train/T069001.png,data/corrupted/100k_blur_15x15_s5/train/T069001.png,398,LOW,5%,1
T069003,483918,10314,data/corrupted/100k_blur_15x15_s5/train/T069003.png,data/corrupted/100k_blur_15x15_s5/train/T069003.png,4523,LOW,5%,1
T069035,483858,10314,data/corrupted/100k_blur_15x15_s5/train/T069035.png,data/corrupted/100k_blur_15x15_s5/train/T069035.png,4968,LOW,5%,1
T069037,483864,10314,data/corrupted/100k_blur_15x15_s5/train/T069037.png,data/corrupted/100k_blur_15x15_s5/train/T069037.png,915,LOW,5%,1
T069049,483873,10314,data/corrupted/100k_blur_15x15_s5/train/T069049.png,data/corrupted/100k_blur_15x15_s5/train/T069049.png,6754,LOW,5%,1
T069074,36174,327,data/corrupted/100k_blur_15x15_s5/train/T069074.png,data/corrupted/100k_blur_15x15_s5/train/T069074.png,2650,LOW,5%,1
T069091,36173,327,data/corrupted/100k_blur_15x15_s5/train/T069091.png,data/corrupted/100k_blur_15x15_s5/train/T069091.png,1572,LOW,5%,1
T069152,56259,603,data/corrupted/100k_blur_15x15_s5/train/T069152.png,data/corrupted/100k_blur_15x15_s5/train/T069152.png,430,LOW,5%,1
T069167,56318,603,data/corrupted/100k_blur_15x15_s5/train/T069167.png,data/corrupted/100k_blur_15x15_s5/train/T069167.png,7460,LOW,5%,1
T069171,56270,603,data/corrupted/100k_blur_15x15_s5/train/T069171.png,data/corrupted/100k_blur_15x15_s5/train/T069171.png,3090,LOW,5%,1
T069173,56285,603,data/corrupted/100k_blur_15x15_s5/train/T069173.png,data/corrupted/100k_blur_15x15_s5/train/T069173.png,2729,LOW,5%,1
T069174,56275,603,data/corrupted/100k_blur_15x15_s5/train/T069174.png,data/corrupted/100k_blur_15x15_s5/train/T069174.png,6606,LOW,5%,1
T069217,63576,704,data/corrupted/100k_blur_15x15_s5/train/T069217.png,data/corrupted/100k_blur_15x15_s5/train/T069217.png,4486,LOW,5%,1
T069232,63606,704,data/corrupted/100k_blur_15x15_s5/train/T069232.png,data/corrupted/100k_blur_15x15_s5/train/T069232.png,6647,LOW,5%,1
T069239,63539,704,data/corrupted/100k_blur_15x15_s5/train/T069239.png,data/corrupted/100k_blur_15x15_s5/train/T069239.png,4432,LOW,5%,1
T069255,79582,959,data/corrupted/100k_blur_15x15_s5/train/T069255.png,data/corrupted/100k_blur_15x15_s5/train/T069255.png,921,LOW,5%,1
T069306,87348,1054,data/corrupted/100k_blur_15x15_s5/train/T069306.png,data/corrupted/100k_blur_15x15_s5/train/T069306.png,3276,LOW,5%,1
T069316,87359,1054,data/corrupted/100k_blur_15x15_s5/train/T069316.png,data/corrupted/100k_blur_15x15_s5/train/T069316.png,1546,LOW,5%,1
T069385,88628,1079,data/corrupted/100k_blur_15x15_s5/train/T069385.png,data/corrupted/100k_blur_15x15_s5/train/T069385.png,411,LOW,5%,1
T069404,90276,1098,data/corrupted/100k_blur_15x15_s5/train/T069404.png,data/corrupted/100k_blur_15x15_s5/train/T069404.png,7525,LOW,5%,1
T069414,90287,1098,data/corrupted/100k_blur_15x15_s5/train/T069414.png,data/corrupted/100k_blur_15x15_s5/train/T069414.png,8778,LOW,5%,1
T069428,90303,1098,data/corrupted/100k_blur_15x15_s5/train/T069428.png,data/corrupted/100k_blur_15x15_s5/train/T069428.png,6689,LOW,5%,1
T069429,90297,1098,data/corrupted/100k_blur_15x15_s5/train/T069429.png,data/corrupted/100k_blur_15x15_s5/train/T069429.png,3729,LOW,5%,1
T069454,134271,1895,data/corrupted/100k_blur_15x15_s5/train/T069454.png,data/corrupted/100k_blur_15x15_s5/train/T069454.png,2227,LOW,5%,1
T069462,134226,1895,data/corrupted/100k_blur_15x15_s5/train/T069462.png,data/corrupted/100k_blur_15x15_s5/train/T069462.png,1154,LOW,5%,1
T069465,134235,1895,data/corrupted/100k_blur_15x15_s5/train/T069465.png,data/corrupted/100k_blur_15x15_s5/train/T069465.png,69,LOW,5%,1
T069479,134269,1895,data/corrupted/100k_blur_15x15_s5/train/T069479.png,data/corrupted/100k_blur_15x15_s5/train/T069479.png,7162,LOW,5%,1
T069485,134244,1895,data/corrupted/100k_blur_15x15_s5/train/T069485.png,data/corrupted/100k_blur_15x15_s5/train/T069485.png,4164,LOW,5%,1
T069523,145032,2112,data/corrupted/100k_blur_15x15_s5/train/T069523.png,data/corrupted/100k_blur_15x15_s5/train/T069523.png,240,LOW,5%,1
T069549,145053,2112,data/corrupted/100k_blur_15x15_s5/train/T069549.png,data/corrupted/100k_blur_15x15_s5/train/T069549.png,4939,LOW,5%,1
T069619,168900,2602,data/corrupted/100k_blur_15x15_s5/train/T069619.png,data/corrupted/100k_blur_15x15_s5/train/T069619.png,5990,LOW,5%,1
T069621,168838,2602,data/corrupted/100k_blur_15x15_s5/train/T069621.png,data/corrupted/100k_blur_15x15_s5/train/T069621.png,37,LOW,5%,1
T069623,168904,2602,data/corrupted/100k_blur_15x15_s5/train/T069623.png,data/corrupted/100k_blur_15x15_s5/train/T069623.png,4054,LOW,5%,1
T069625,168857,2602,data/corrupted/100k_blur_15x15_s5/train/T069625.png,data/corrupted/100k_blur_15x15_s5/train/T069625.png,1215,LOW,5%,1
T069628,168906,2602,data/corrupted/100k_blur_15x15_s5/train/T069628.png,data/corrupted/100k_blur_15x15_s5/train/T069628.png,2244,LOW,5%,1
T069631,168897,2602,data/corrupted/100k_blur_15x15_s5/train/T069631.png,data/corrupted/100k_blur_15x15_s5/train/T069631.png,4890,LOW,5%,1
T069671,176301,2734,data/corrupted/100k_blur_15x15_s5/train/T069671.png,data/corrupted/100k_blur_15x15_s5/train/T069671.png,1910,LOW,5%,1
T069693,176284,2734,data/corrupted/100k_blur_15x15_s5/train/T069693.png,data/corrupted/100k_blur_15x15_s5/train/T069693.png,97,LOW,5%,1
T069711,188327,2987,data/corrupted/100k_blur_15x15_s5/train/T069711.png,data/corrupted/100k_blur_15x15_s5/train/T069711.png,294,LOW,5%,1
T069744,188323,2987,data/corrupted/100k_blur_15x15_s5/train/T069744.png,data/corrupted/100k_blur_15x15_s5/train/T069744.png,1042,LOW,5%,1
T069753,209705,3456,data/corrupted/100k_blur_15x15_s5/train/T069753.png,data/corrupted/100k_blur_15x15_s5/train/T069753.png,1131,LOW,5%,1
T069770,209692,3456,data/corrupted/100k_blur_15x15_s5/train/T069770.png,data/corrupted/100k_blur_15x15_s5/train/T069770.png,5529,LOW,5%,1
T069779,209717,3456,data/corrupted/100k_blur_15x15_s5/train/T069779.png,data/corrupted/100k_blur_15x15_s5/train/T069779.png,2789,LOW,5%,1
T069780,209696,3456,data/corrupted/100k_blur_15x15_s5/train/T069780.png,data/corrupted/100k_blur_15x15_s5/train/T069780.png,3410,LOW,5%,1
T069794,209723,3456,data/corrupted/100k_blur_15x15_s5/train/T069794.png,data/corrupted/100k_blur_15x15_s5/train/T069794.png,237,LOW,5%,1
T069797,209669,3456,data/corrupted/100k_blur_15x15_s5/train/T069797.png,data/corrupted/100k_blur_15x15_s5/train/T069797.png,6934,LOW,5%,1
T069839,229155,3901,data/corrupted/100k_blur_15x15_s5/train/T069839.png,data/corrupted/100k_blur_15x15_s5/train/T069839.png,232,LOW,5%,1
T069887,244299,4208,data/corrupted/100k_blur_15x15_s5/train/T069887.png,data/corrupted/100k_blur_15x15_s5/train/T069887.png,3822,LOW,5%,1
T069891,244309,4208,data/corrupted/100k_blur_15x15_s5/train/T069891.png,data/corrupted/100k_blur_15x15_s5/train/T069891.png,1124,LOW,5%,1
T069931,246922,4265,data/corrupted/100k_blur_15x15_s5/train/T069931.png,data/corrupted/100k_blur_15x15_s5/train/T069931.png,152,LOW,5%,1
T069941,246980,4265,data/corrupted/100k_blur_15x15_s5/train/T069941.png,data/corrupted/100k_blur_15x15_s5/train/T069941.png,8617,LOW,5%,1
T069945,246943,4265,data/corrupted/100k_blur_15x15_s5/train/T069945.png,data/corrupted/100k_blur_15x15_s5/train/T069945.png,1089,LOW,5%,1
T069988,252804,4373,data/corrupted/100k_blur_15x15_s5/train/T069988.png,data/corrupted/100k_blur_15x15_s5/train/T069988.png,1572,LOW,5%,1
T070073,263299,4606,data/corrupted/100k_blur_15x15_s5/train/T070073.png,data/corrupted/100k_blur_15x15_s5/train/T070073.png,5963,LOW,5%,1
T070120,275038,4879,data/corrupted/100k_blur_15x15_s5/train/T070120.png,data/corrupted/100k_blur_15x15_s5/train/T070120.png,93,LOW,5%,1
T070129,275035,4879,data/corrupted/100k_blur_15x15_s5/train/T070129.png,data/corrupted/100k_blur_15x15_s5/train/T070129.png,4762,LOW,5%,1
T070148,275023,4879,data/corrupted/100k_blur_15x15_s5/train/T070148.png,data/corrupted/100k_blur_15x15_s5/train/T070148.png,8663,LOW,5%,1
T070149,275044,4879,data/corrupted/100k_blur_15x15_s5/train/T070149.png,data/corrupted/100k_blur_15x15_s5/train/T070149.png,234,LOW,5%,1
T070152,325370,5990,data/corrupted/100k_blur_15x15_s5/train/T070152.png,data/corrupted/100k_blur_15x15_s5/train/T070152.png,4585,LOW,5%,1
T070201,346984,6437,data/corrupted/100k_blur_15x15_s5/train/T070201.png,data/corrupted/100k_blur_15x15_s5/train/T070201.png,4044,LOW,5%,1
T070213,347006,6437,data/corrupted/100k_blur_15x15_s5/train/T070213.png,data/corrupted/100k_blur_15x15_s5/train/T070213.png,2131,LOW,5%,1
T070270,396736,7724,data/corrupted/100k_blur_15x15_s5/train/T070270.png,data/corrupted/100k_blur_15x15_s5/train/T070270.png,4207,LOW,5%,1
T070285,396730,7724,data/corrupted/100k_blur_15x15_s5/train/T070285.png,data/corrupted/100k_blur_15x15_s5/train/T070285.png,4306,LOW,5%,1
T070293,396743,7724,data/corrupted/100k_blur_15x15_s5/train/T070293.png,data/corrupted/100k_blur_15x15_s5/train/T070293.png,1909,LOW,5%,1
T070299,396672,7724,data/corrupted/100k_blur_15x15_s5/train/T070299.png,data/corrupted/100k_blur_15x15_s5/train/T070299.png,968,LOW,5%,1
T070362,451382,9257,data/corrupted/100k_blur_15x15_s5/train/T070362.png,data/corrupted/100k_blur_15x15_s5/train/T070362.png,936,LOW,5%,1
T070365,451388,9257,data/corrupted/100k_blur_15x15_s5/train/T070365.png,data/corrupted/100k_blur_15x15_s5/train/T070365.png,2883,LOW,5%,1
T070375,451335,9257,data/corrupted/100k_blur_15x15_s5/train/T070375.png,data/corrupted/100k_blur_15x15_s5/train/T070375.png,841,LOW,5%,1
T070380,451338,9257,data/corrupted/100k_blur_15x15_s5/train/T070380.png,data/corrupted/100k_blur_15x15_s5/train/T070380.png,1126,LOW,5%,1
T070384,451397,9257,data/corrupted/100k_blur_15x15_s5/train/T070384.png,data/corrupted/100k_blur_15x15_s5/train/T070384.png,9204,LOW,5%,1
T070401,460054,9543,data/corrupted/100k_blur_15x15_s5/train/T070401.png,data/corrupted/100k_blur_15x15_s5/train/T070401.png,6513,LOW,5%,1
T070420,460034,9543,data/corrupted/100k_blur_15x15_s5/train/T070420.png,data/corrupted/100k_blur_15x15_s5/train/T070420.png,2804,LOW,5%,1
T070429,460051,9543,data/corrupted/100k_blur_15x15_s5/train/T070429.png,data/corrupted/100k_blur_15x15_s5/train/T070429.png,7268,LOW,5%,1
T070446,460042,9543,data/corrupted/100k_blur_15x15_s5/train/T070446.png,data/corrupted/100k_blur_15x15_s5/train/T070446.png,6485,LOW,5%,1
T070451,460974,9570,data/corrupted/100k_blur_15x15_s5/train/T070451.png,data/corrupted/100k_blur_15x15_s5/train/T070451.png,5366,LOW,5%,1
T070471,461042,9570,data/corrupted/100k_blur_15x15_s5/train/T070471.png,data/corrupted/100k_blur_15x15_s5/train/T070471.png,8399,LOW,5%,1
T070487,461008,9570,data/corrupted/100k_blur_15x15_s5/train/T070487.png,data/corrupted/100k_blur_15x15_s5/train/T070487.png,5292,LOW,5%,1
T070513,475470,10028,data/corrupted/100k_blur_15x15_s5/train/T070513.png,data/corrupted/100k_blur_15x15_s5/train/T070513.png,1810,LOW,5%,1
T070515,475487,10028,data/corrupted/100k_blur_15x15_s5/train/T070515.png,data/corrupted/100k_blur_15x15_s5/train/T070515.png,51,LOW,5%,1
T070519,475489,10028,data/corrupted/100k_blur_15x15_s5/train/T070519.png,data/corrupted/100k_blur_15x15_s5/train/T070519.png,9237,LOW,5%,1
T070531,475474,10028,data/corrupted/100k_blur_15x15_s5/train/T070531.png,data/corrupted/100k_blur_15x15_s5/train/T070531.png,3326,LOW,5%,1
T070534,475494,10028,data/corrupted/100k_blur_15x15_s5/train/T070534.png,data/corrupted/100k_blur_15x15_s5/train/T070534.png,554,LOW,5%,1
T070539,475471,10028,data/corrupted/100k_blur_15x15_s5/train/T070539.png,data/corrupted/100k_blur_15x15_s5/train/T070539.png,3583,LOW,5%,1
T070554,484747,10342,data/corrupted/100k_blur_15x15_s5/train/T070554.png,data/corrupted/100k_blur_15x15_s5/train/T070554.png,421,LOW,5%,1
T070603,28038,232,data/corrupted/100k_blur_15x15_s5/train/T070603.png,data/corrupted/100k_blur_15x15_s5/train/T070603.png,3362,LOW,5%,1
T070606,28085,232,data/corrupted/100k_blur_15x15_s5/train/T070606.png,data/corrupted/100k_blur_15x15_s5/train/T070606.png,1539,LOW,5%,1
T070621,28072,232,data/corrupted/100k_blur_15x15_s5/train/T070621.png,data/corrupted/100k_blur_15x15_s5/train/T070621.png,3618,LOW,5%,1
T070623,28041,232,data/corrupted/100k_blur_15x15_s5/train/T070623.png,data/corrupted/100k_blur_15x15_s5/train/T070623.png,4597,LOW,5%,1
T070637,28093,232,data/corrupted/100k_blur_15x15_s5/train/T070637.png,data/corrupted/100k_blur_15x15_s5/train/T070637.png,2657,LOW,5%,1
T070687,29125,241,data/corrupted/100k_blur_15x15_s5/train/T070687.png,data/corrupted/100k_blur_15x15_s5/train/T070687.png,5529,LOW,5%,1
T070692,29115,241,data/corrupted/100k_blur_15x15_s5/train/T070692.png,data/corrupted/100k_blur_15x15_s5/train/T070692.png,978,LOW,5%,1
T070712,80322,975,data/corrupted/100k_blur_15x15_s5/train/T070712.png,data/corrupted/100k_blur_15x15_s5/train/T070712.png,8108,LOW,5%,1
T070716,80357,975,data/corrupted/100k_blur_15x15_s5/train/T070716.png,data/corrupted/100k_blur_15x15_s5/train/T070716.png,1361,LOW,5%,1
T070749,80309,975,data/corrupted/100k_blur_15x15_s5/train/T070749.png,data/corrupted/100k_blur_15x15_s5/train/T070749.png,7896,LOW,5%,1
T070751,88356,1071,data/corrupted/100k_blur_15x15_s5/train/T070751.png,data/corrupted/100k_blur_15x15_s5/train/T070751.png,554,LOW,5%,1
T070753,88340,1071,data/corrupted/100k_blur_15x15_s5/train/T070753.png,data/corrupted/100k_blur_15x15_s5/train/T070753.png,1541,LOW,5%,1
T070759,88378,1071,data/corrupted/100k_blur_15x15_s5/train/T070759.png,data/corrupted/100k_blur_15x15_s5/train/T070759.png,4007,LOW,5%,1
T070760,88385,1071,data/corrupted/100k_blur_15x15_s5/train/T070760.png,data/corrupted/100k_blur_15x15_s5/train/T070760.png,2965,LOW,5%,1
T070777,88353,1071,data/corrupted/100k_blur_15x15_s5/train/T070777.png,data/corrupted/100k_blur_15x15_s5/train/T070777.png,8203,LOW,5%,1
T070786,88347,1071,data/corrupted/100k_blur_15x15_s5/train/T070786.png,data/corrupted/100k_blur_15x15_s5/train/T070786.png,5245,LOW,5%,1
T070795,88363,1071,data/corrupted/100k_blur_15x15_s5/train/T070795.png,data/corrupted/100k_blur_15x15_s5/train/T070795.png,1147,LOW,5%,1
T070812,98758,1202,data/corrupted/100k_blur_15x15_s5/train/T070812.png,data/corrupted/100k_blur_15x15_s5/train/T070812.png,1976,LOW,5%,1
T070842,98776,1202,data/corrupted/100k_blur_15x15_s5/train/T070842.png,data/corrupted/100k_blur_15x15_s5/train/T070842.png,9543,LOW,5%,1
T070867,118187,1550,data/corrupted/100k_blur_15x15_s5/train/T070867.png,data/corrupted/100k_blur_15x15_s5/train/T070867.png,895,LOW,5%,1
T070882,118215,1550,data/corrupted/100k_blur_15x15_s5/train/T070882.png,data/corrupted/100k_blur_15x15_s5/train/T070882.png,74,LOW,5%,1
T070892,118242,1550,data/corrupted/100k_blur_15x15_s5/train/T070892.png,data/corrupted/100k_blur_15x15_s5/train/T070892.png,3936,LOW,5%,1
T070909,125073,1693,data/corrupted/100k_blur_15x15_s5/train/T070909.png,data/corrupted/100k_blur_15x15_s5/train/T070909.png,206,LOW,5%,1
T070910,125060,1693,data/corrupted/100k_blur_15x15_s5/train/T070910.png,data/corrupted/100k_blur_15x15_s5/train/T070910.png,3479,LOW,5%,1
T070912,125079,1693,data/corrupted/100k_blur_15x15_s5/train/T070912.png,data/corrupted/100k_blur_15x15_s5/train/T070912.png,3467,LOW,5%,1
T070919,125069,1693,data/corrupted/100k_blur_15x15_s5/train/T070919.png,data/corrupted/100k_blur_15x15_s5/train/T070919.png,253,LOW,5%,1
T070961,126004,1718,data/corrupted/100k_blur_15x15_s5/train/T070961.png,data/corrupted/100k_blur_15x15_s5/train/T070961.png,5153,LOW,5%,1
T070975,126032,1718,data/corrupted/100k_blur_15x15_s5/train/T070975.png,data/corrupted/100k_blur_15x15_s5/train/T070975.png,5830,LOW,5%,1
T071014,145846,2131,data/corrupted/100k_blur_15x15_s5/train/T071014.png,data/corrupted/100k_blur_15x15_s5/train/T071014.png,6851,LOW,5%,1
T071039,145848,2131,data/corrupted/100k_blur_15x15_s5/train/T071039.png,data/corrupted/100k_blur_15x15_s5/train/T071039.png,2333,LOW,5%,1
T071054,147283,2167,data/corrupted/100k_blur_15x15_s5/train/T071054.png,data/corrupted/100k_blur_15x15_s5/train/T071054.png,8312,LOW,5%,1
T071077,147334,2167,data/corrupted/100k_blur_15x15_s5/train/T071077.png,data/corrupted/100k_blur_15x15_s5/train/T071077.png,5599,LOW,5%,1
T071100,186058,2941,data/corrupted/100k_blur_15x15_s5/train/T071100.png,data/corrupted/100k_blur_15x15_s5/train/T071100.png,1533,LOW,5%,1
T071102,186013,2941,data/corrupted/100k_blur_15x15_s5/train/T071102.png,data/corrupted/100k_blur_15x15_s5/train/T071102.png,8380,LOW,5%,1
T071153,224948,3787,data/corrupted/100k_blur_15x15_s5/train/T071153.png,data/corrupted/100k_blur_15x15_s5/train/T071153.png,871,LOW,5%,1
T071174,224909,3787,data/corrupted/100k_blur_15x15_s5/train/T071174.png,data/corrupted/100k_blur_15x15_s5/train/T071174.png,9325,LOW,5%,1
T071176,224907,3787,data/corrupted/100k_blur_15x15_s5/train/T071176.png,data/corrupted/100k_blur_15x15_s5/train/T071176.png,1019,LOW,5%,1
T071179,224932,3787,data/corrupted/100k_blur_15x15_s5/train/T071179.png,data/corrupted/100k_blur_15x15_s5/train/T071179.png,5009,LOW,5%,1
T071191,224887,3787,data/corrupted/100k_blur_15x15_s5/train/T071191.png,data/corrupted/100k_blur_15x15_s5/train/T071191.png,3459,LOW,5%,1
T071201,235085,4024,data/corrupted/100k_blur_15x15_s5/train/T071201.png,data/corrupted/100k_blur_15x15_s5/train/T071201.png,1179,LOW,5%,1
T071238,235098,4024,data/corrupted/100k_blur_15x15_s5/train/T071238.png,data/corrupted/100k_blur_15x15_s5/train/T071238.png,3746,LOW,5%,1
T071248,235067,4024,data/corrupted/100k_blur_15x15_s5/train/T071248.png,data/corrupted/100k_blur_15x15_s5/train/T071248.png,6,LOW,5%,1
T071272,241655,4161,data/corrupted/100k_blur_15x15_s5/train/T071272.png,data/corrupted/100k_blur_15x15_s5/train/T071272.png,8926,LOW,5%,1
T071323,243016,4183,data/corrupted/100k_blur_15x15_s5/train/T071323.png,data/corrupted/100k_blur_15x15_s5/train/T071323.png,1050,LOW,5%,1
T071329,243012,4183,data/corrupted/100k_blur_15x15_s5/train/T071329.png,data/corrupted/100k_blur_15x15_s5/train/T071329.png,1215,LOW,5%,1
T071330,242989,4183,data/corrupted/100k_blur_15x15_s5/train/T071330.png,data/corrupted/100k_blur_15x15_s5/train/T071330.png,6374,LOW,5%,1
T071331,243026,4183,data/corrupted/100k_blur_15x15_s5/train/T071331.png,data/corrupted/100k_blur_15x15_s5/train/T071331.png,5409,LOW,5%,1
T071349,242992,4183,data/corrupted/100k_blur_15x15_s5/train/T071349.png,data/corrupted/100k_blur_15x15_s5/train/T071349.png,6514,LOW,5%,1
T071363,289985,5210,data/corrupted/100k_blur_15x15_s5/train/T071363.png,data/corrupted/100k_blur_15x15_s5/train/T071363.png,536,LOW,5%,1
T071366,289955,5210,data/corrupted/100k_blur_15x15_s5/train/T071366.png,data/corrupted/100k_blur_15x15_s5/train/T071366.png,9119,LOW,5%,1
T071378,289980,5210,data/corrupted/100k_blur_15x15_s5/train/T071378.png,data/corrupted/100k_blur_15x15_s5/train/T071378.png,7600,LOW,5%,1
T071394,289959,5210,data/corrupted/100k_blur_15x15_s5/train/T071394.png,data/corrupted/100k_blur_15x15_s5/train/T071394.png,2275,LOW,5%,1
T071402,294715,5308,data/corrupted/100k_blur_15x15_s5/train/T071402.png,data/corrupted/100k_blur_15x15_s5/train/T071402.png,663,LOW,5%,1
T071413,294714,5308,data/corrupted/100k_blur_15x15_s5/train/T071413.png,data/corrupted/100k_blur_15x15_s5/train/T071413.png,3705,LOW,5%,1
T071421,294705,5308,data/corrupted/100k_blur_15x15_s5/train/T071421.png,data/corrupted/100k_blur_15x15_s5/train/T071421.png,5889,LOW,5%,1
T071427,294722,5308,data/corrupted/100k_blur_15x15_s5/train/T071427.png,data/corrupted/100k_blur_15x15_s5/train/T071427.png,5549,LOW,5%,1
T071436,294682,5308,data/corrupted/100k_blur_15x15_s5/train/T071436.png,data/corrupted/100k_blur_15x15_s5/train/T071436.png,2441,LOW,5%,1
T071437,294657,5308,data/corrupted/100k_blur_15x15_s5/train/T071437.png,data/corrupted/100k_blur_15x15_s5/train/T071437.png,5444,LOW,5%,1
T071446,294688,5308,data/corrupted/100k_blur_15x15_s5/train/T071446.png,data/corrupted/100k_blur_15x15_s5/train/T071446.png,1053,LOW,5%,1
T071469,306400,5556,data/corrupted/100k_blur_15x15_s5/train/T071469.png,data/corrupted/100k_blur_15x15_s5/train/T071469.png,2009,LOW,5%,1
T071483,306395,5556,data/corrupted/100k_blur_15x15_s5/train/T071483.png,data/corrupted/100k_blur_15x15_s5/train/T071483.png,1385,LOW,5%,1
T071498,306346,5556,data/corrupted/100k_blur_15x15_s5/train/T071498.png,data/corrupted/100k_blur_15x15_s5/train/T071498.png,5967,LOW,5%,1
T071517,345705,6408,data/corrupted/100k_blur_15x15_s5/train/T071517.png,data/corrupted/100k_blur_15x15_s5/train/T071517.png,3941,LOW,5%,1
T071575,350943,6552,data/corrupted/100k_blur_15x15_s5/train/T071575.png,data/corrupted/100k_blur_15x15_s5/train/T071575.png,2352,LOW,5%,1
T071596,350930,6552,data/corrupted/100k_blur_15x15_s5/train/T071596.png,data/corrupted/100k_blur_15x15_s5/train/T071596.png,2902,LOW,5%,1
T071618,361382,6791,data/corrupted/100k_blur_15x15_s5/train/T071618.png,data/corrupted/100k_blur_15x15_s5/train/T071618.png,9572,LOW,5%,1
T071651,370964,7024,data/corrupted/100k_blur_15x15_s5/train/T071651.png,data/corrupted/100k_blur_15x15_s5/train/T071651.png,612,LOW,5%,1
T071683,370958,7024,data/corrupted/100k_blur_15x15_s5/train/T071683.png,data/corrupted/100k_blur_15x15_s5/train/T071683.png,3886,LOW,5%,1
T071686,370968,7024,data/corrupted/100k_blur_15x15_s5/train/T071686.png,data/corrupted/100k_blur_15x15_s5/train/T071686.png,7127,LOW,5%,1
T071688,370959,7024,data/corrupted/100k_blur_15x15_s5/train/T071688.png,data/corrupted/100k_blur_15x15_s5/train/T071688.png,3676,LOW,5%,1
T071690,370981,7024,data/corrupted/100k_blur_15x15_s5/train/T071690.png,data/corrupted/100k_blur_15x15_s5/train/T071690.png,5752,LOW,5%,1
T071697,370993,7024,data/corrupted/100k_blur_15x15_s5/train/T071697.png,data/corrupted/100k_blur_15x15_s5/train/T071697.png,3922,LOW,5%,1
T071718,372237,7049,data/corrupted/100k_blur_15x15_s5/train/T071718.png,data/corrupted/100k_blur_15x15_s5/train/T071718.png,8381,LOW,5%,1
T071805,386022,7411,data/corrupted/100k_blur_15x15_s5/train/T071805.png,data/corrupted/100k_blur_15x15_s5/train/T071805.png,4043,LOW,5%,1
T071841,386081,7411,data/corrupted/100k_blur_15x15_s5/train/T071841.png,data/corrupted/100k_blur_15x15_s5/train/T071841.png,5811,LOW,5%,1
T071966,412361,8146,data/corrupted/100k_blur_15x15_s5/train/T071966.png,data/corrupted/100k_blur_15x15_s5/train/T071966.png,4024,LOW,5%,1
T072014,418213,8324,data/corrupted/100k_blur_15x15_s5/train/T072014.png,data/corrupted/100k_blur_15x15_s5/train/T072014.png,626,LOW,5%,1
T072030,418206,8324,data/corrupted/100k_blur_15x15_s5/train/T072030.png,data/corrupted/100k_blur_15x15_s5/train/T072030.png,3870,LOW,5%,1
T072046,418209,8324,data/corrupted/100k_blur_15x15_s5/train/T072046.png,data/corrupted/100k_blur_15x15_s5/train/T072046.png,5078,LOW,5%,1
T072074,421848,8416,data/corrupted/100k_blur_15x15_s5/train/T072074.png,data/corrupted/100k_blur_15x15_s5/train/T072074.png,2719,LOW,5%,1
T072103,454125,9345,data/corrupted/100k_blur_15x15_s5/train/T072103.png,data/corrupted/100k_blur_15x15_s5/train/T072103.png,403,LOW,5%,1
T072110,454056,9345,data/corrupted/100k_blur_15x15_s5/train/T072110.png,data/corrupted/100k_blur_15x15_s5/train/T072110.png,7460,LOW,5%,1
T072197,752,4,data/corrupted/100k_blur_15x15_s5/train/T072197.png,data/corrupted/100k_blur_15x15_s5/train/T072197.png,2657,LOW,5%,1
T072270,73990,880,data/corrupted/100k_blur_15x15_s5/train/T072270.png,data/corrupted/100k_blur_15x15_s5/train/T072270.png,973,LOW,5%,1
T072289,73956,880,data/corrupted/100k_blur_15x15_s5/train/T072289.png,data/corrupted/100k_blur_15x15_s5/train/T072289.png,6303,LOW,5%,1
T072362,104410,1268,data/corrupted/100k_blur_15x15_s5/train/T072362.png,data/corrupted/100k_blur_15x15_s5/train/T072362.png,5381,LOW,5%,1
T072367,104383,1268,data/corrupted/100k_blur_15x15_s5/train/T072367.png,data/corrupted/100k_blur_15x15_s5/train/T072367.png,8926,LOW,5%,1
T072379,104408,1268,data/corrupted/100k_blur_15x15_s5/train/T072379.png,data/corrupted/100k_blur_15x15_s5/train/T072379.png,1822,LOW,5%,1
T072397,104379,1268,data/corrupted/100k_blur_15x15_s5/train/T072397.png,data/corrupted/100k_blur_15x15_s5/train/T072397.png,4486,LOW,5%,1
T072406,115971,1514,data/corrupted/100k_blur_15x15_s5/train/T072406.png,data/corrupted/100k_blur_15x15_s5/train/T072406.png,8063,LOW,5%,1
T072409,115962,1514,data/corrupted/100k_blur_15x15_s5/train/T072409.png,data/corrupted/100k_blur_15x15_s5/train/T072409.png,1935,LOW,5%,1
T072430,115970,1514,data/corrupted/100k_blur_15x15_s5/train/T072430.png,data/corrupted/100k_blur_15x15_s5/train/T072430.png,2390,LOW,5%,1
T072447,115973,1514,data/corrupted/100k_blur_15x15_s5/train/T072447.png,data/corrupted/100k_blur_15x15_s5/train/T072447.png,210,LOW,5%,1
T072470,116819,1535,data/corrupted/100k_blur_15x15_s5/train/T072470.png,data/corrupted/100k_blur_15x15_s5/train/T072470.png,1824,LOW,5%,1
T072478,116827,1535,data/corrupted/100k_blur_15x15_s5/train/T072478.png,data/corrupted/100k_blur_15x15_s5/train/T072478.png,3570,LOW,5%,1
T072572,168740,2600,data/corrupted/100k_blur_15x15_s5/train/T072572.png,data/corrupted/100k_blur_15x15_s5/train/T072572.png,57,LOW,5%,1
T072574,168784,2600,data/corrupted/100k_blur_15x15_s5/train/T072574.png,data/corrupted/100k_blur_15x15_s5/train/T072574.png,3006,LOW,5%,1
T072599,168736,2600,data/corrupted/100k_blur_15x15_s5/train/T072599.png,data/corrupted/100k_blur_15x15_s5/train/T072599.png,4800,LOW,5%,1
T072622,170350,2637,data/corrupted/100k_blur_15x15_s5/train/T072622.png,data/corrupted/100k_blur_15x15_s5/train/T072622.png,2042,LOW,5%,1
T072623,170364,2637,data/corrupted/100k_blur_15x15_s5/train/T072623.png,data/corrupted/100k_blur_15x15_s5/train/T072623.png,1268,LOW,5%,1
T072630,170348,2637,data/corrupted/100k_blur_15x15_s5/train/T072630.png,data/corrupted/100k_blur_15x15_s5/train/T072630.png,6045,LOW,5%,1
T072637,170338,2637,data/corrupted/100k_blur_15x15_s5/train/T072637.png,data/corrupted/100k_blur_15x15_s5/train/T072637.png,9731,LOW,5%,1
T072643,170402,2637,data/corrupted/100k_blur_15x15_s5/train/T072643.png,data/corrupted/100k_blur_15x15_s5/train/T072643.png,194,LOW,5%,1
T072667,196852,3177,data/corrupted/100k_blur_15x15_s5/train/T072667.png,data/corrupted/100k_blur_15x15_s5/train/T072667.png,4027,LOW,5%,1
T072683,196845,3177,data/corrupted/100k_blur_15x15_s5/train/T072683.png,data/corrupted/100k_blur_15x15_s5/train/T072683.png,2897,LOW,5%,1
T072684,196867,3177,data/corrupted/100k_blur_15x15_s5/train/T072684.png,data/corrupted/100k_blur_15x15_s5/train/T072684.png,2435,LOW,5%,1
T072685,196853,3177,data/corrupted/100k_blur_15x15_s5/train/T072685.png,data/corrupted/100k_blur_15x15_s5/train/T072685.png,605,LOW,5%,1
T072687,196882,3177,data/corrupted/100k_blur_15x15_s5/train/T072687.png,data/corrupted/100k_blur_15x15_s5/train/T072687.png,1895,LOW,5%,1
T072730,202592,3321,data/corrupted/100k_blur_15x15_s5/train/T072730.png,data/corrupted/100k_blur_15x15_s5/train/T072730.png,2010,LOW,5%,1
T072732,202584,3321,data/corrupted/100k_blur_15x15_s5/train/T072732.png,data/corrupted/100k_blur_15x15_s5/train/T072732.png,3006,LOW,5%,1
T072750,216443,3618,data/corrupted/100k_blur_15x15_s5/train/T072750.png,data/corrupted/100k_blur_15x15_s5/train/T072750.png,4769,LOW,5%,1
T072755,216426,3618,data/corrupted/100k_blur_15x15_s5/train/T072755.png,data/corrupted/100k_blur_15x15_s5/train/T072755.png,3012,LOW,5%,1
T072764,216448,3618,data/corrupted/100k_blur_15x15_s5/train/T072764.png,data/corrupted/100k_blur_15x15_s5/train/T072764.png,4743,LOW,5%,1
T072766,216423,3618,data/corrupted/100k_blur_15x15_s5/train/T072766.png,data/corrupted/100k_blur_15x15_s5/train/T072766.png,7216,LOW,5%,1
T072776,216436,3618,data/corrupted/100k_blur_15x15_s5/train/T072776.png,data/corrupted/100k_blur_15x15_s5/train/T072776.png,392,LOW,5%,1
T072779,216454,3618,data/corrupted/100k_blur_15x15_s5/train/T072779.png,data/corrupted/100k_blur_15x15_s5/train/T072779.png,4088,LOW,5%,1
T072820,218397,3667,data/corrupted/100k_blur_15x15_s5/train/T072820.png,data/corrupted/100k_blur_15x15_s5/train/T072820.png,7776,LOW,5%,1
T072827,218376,3667,data/corrupted/100k_blur_15x15_s5/train/T072827.png,data/corrupted/100k_blur_15x15_s5/train/T072827.png,6830,LOW,5%,1
T072841,218379,3667,data/corrupted/100k_blur_15x15_s5/train/T072841.png,data/corrupted/100k_blur_15x15_s5/train/T072841.png,7411,LOW,5%,1
T072843,218435,3667,data/corrupted/100k_blur_15x15_s5/train/T072843.png,data/corrupted/100k_blur_15x15_s5/train/T072843.png,9997,LOW,5%,1
T072845,218426,3667,data/corrupted/100k_blur_15x15_s5/train/T072845.png,data/corrupted/100k_blur_15x15_s5/train/T072845.png,4384,LOW,5%,1
T072849,218407,3667,data/corrupted/100k_blur_15x15_s5/train/T072849.png,data/corrupted/100k_blur_15x15_s5/train/T072849.png,6253,LOW,5%,1
T072890,230643,3936,data/corrupted/100k_blur_15x15_s5/train/T072890.png,data/corrupted/100k_blur_15x15_s5/train/T072890.png,421,LOW,5%,1
T072945,245022,4221,data/corrupted/100k_blur_15x15_s5/train/T072945.png,data/corrupted/100k_blur_15x15_s5/train/T072945.png,7042,LOW,5%,1
T072965,249718,4314,data/corrupted/100k_blur_15x15_s5/train/T072965.png,data/corrupted/100k_blur_15x15_s5/train/T072965.png,9572,LOW,5%,1
T072977,249714,4314,data/corrupted/100k_blur_15x15_s5/train/T072977.png,data/corrupted/100k_blur_15x15_s5/train/T072977.png,10079,LOW,5%,1
T072983,249680,4314,data/corrupted/100k_blur_15x15_s5/train/T072983.png,data/corrupted/100k_blur_15x15_s5/train/T072983.png,4325,LOW,5%,1
T073006,255826,4431,data/corrupted/100k_blur_15x15_s5/train/T073006.png,data/corrupted/100k_blur_15x15_s5/train/T073006.png,3749,LOW,5%,1
T073014,255825,4431,data/corrupted/100k_blur_15x15_s5/train/T073014.png,data/corrupted/100k_blur_15x15_s5/train/T073014.png,7144,LOW,5%,1
T073024,255831,4431,data/corrupted/100k_blur_15x15_s5/train/T073024.png,data/corrupted/100k_blur_15x15_s5/train/T073024.png,4499,LOW,5%,1
T073041,255815,4431,data/corrupted/100k_blur_15x15_s5/train/T073041.png,data/corrupted/100k_blur_15x15_s5/train/T073041.png,1891,LOW,5%,1
T073044,255808,4431,data/corrupted/100k_blur_15x15_s5/train/T073044.png,data/corrupted/100k_blur_15x15_s5/train/T073044.png,350,LOW,5%,1
T073071,291872,5252,data/corrupted/100k_blur_15x15_s5/train/T073071.png,data/corrupted/100k_blur_15x15_s5/train/T073071.png,1242,LOW,5%,1
T073094,291884,5252,data/corrupted/100k_blur_15x15_s5/train/T073094.png,data/corrupted/100k_blur_15x15_s5/train/T073094.png,3746,LOW,5%,1
T073107,298082,5385,data/corrupted/100k_blur_15x15_s5/train/T073107.png,data/corrupted/100k_blur_15x15_s5/train/T073107.png,165,LOW,5%,1
T073117,298032,5385,data/corrupted/100k_blur_15x15_s5/train/T073117.png,data/corrupted/100k_blur_15x15_s5/train/T073117.png,519,LOW,5%,1
T073129,298026,5385,data/corrupted/100k_blur_15x15_s5/train/T073129.png,data/corrupted/100k_blur_15x15_s5/train/T073129.png,1935,LOW,5%,1
T073156,302857,5495,data/corrupted/100k_blur_15x15_s5/train/T073156.png,data/corrupted/100k_blur_15x15_s5/train/T073156.png,5824,LOW,5%,1
T073170,302856,5495,data/corrupted/100k_blur_15x15_s5/train/T073170.png,data/corrupted/100k_blur_15x15_s5/train/T073170.png,2632,LOW,5%,1
T073175,302886,5495,data/corrupted/100k_blur_15x15_s5/train/T073175.png,data/corrupted/100k_blur_15x15_s5/train/T073175.png,4062,LOW,5%,1
T073232,318893,5839,data/corrupted/100k_blur_15x15_s5/train/T073232.png,data/corrupted/100k_blur_15x15_s5/train/T073232.png,5726,LOW,5%,1
T073239,318916,5839,data/corrupted/100k_blur_15x15_s5/train/T073239.png,data/corrupted/100k_blur_15x15_s5/train/T073239.png,7593,LOW,5%,1
T073248,318863,5839,data/corrupted/100k_blur_15x15_s5/train/T073248.png,data/corrupted/100k_blur_15x15_s5/train/T073248.png,149,LOW,5%,1
T073257,323234,5949,data/corrupted/100k_blur_15x15_s5/train/T073257.png,data/corrupted/100k_blur_15x15_s5/train/T073257.png,1040,LOW,5%,1
T073259,323208,5949,data/corrupted/100k_blur_15x15_s5/train/T073259.png,data/corrupted/100k_blur_15x15_s5/train/T073259.png,4265,LOW,5%,1
T073281,323210,5949,data/corrupted/100k_blur_15x15_s5/train/T073281.png,data/corrupted/100k_blur_15x15_s5/train/T073281.png,1588,LOW,5%,1
T073332,387743,7460,data/corrupted/100k_blur_15x15_s5/train/T073332.png,data/corrupted/100k_blur_15x15_s5/train/T073332.png,338,LOW,5%,1
T073353,404398,7940,data/corrupted/100k_blur_15x15_s5/train/T073353.png,data/corrupted/100k_blur_15x15_s5/train/T073353.png,6485,LOW,5%,1
T073358,404357,7940,data/corrupted/100k_blur_15x15_s5/train/T073358.png,data/corrupted/100k_blur_15x15_s5/train/T073358.png,5500,LOW,5%,1
T073364,404411,7940,data/corrupted/100k_blur_15x15_s5/train/T073364.png,data/corrupted/100k_blur_15x15_s5/train/T073364.png,899,LOW,5%,1
T073377,404350,7940,data/corrupted/100k_blur_15x15_s5/train/T073377.png,data/corrupted/100k_blur_15x15_s5/train/T073377.png,1384,LOW,5%,1
T073394,404359,7940,data/corrupted/100k_blur_15x15_s5/train/T073394.png,data/corrupted/100k_blur_15x15_s5/train/T073394.png,7411,LOW,5%,1
T073415,406055,7987,data/corrupted/100k_blur_15x15_s5/train/T073415.png,data/corrupted/100k_blur_15x15_s5/train/T073415.png,693,LOW,5%,1
T073438,406019,7987,data/corrupted/100k_blur_15x15_s5/train/T073438.png,data/corrupted/100k_blur_15x15_s5/train/T073438.png,7673,LOW,5%,1
T073447,406050,7987,data/corrupted/100k_blur_15x15_s5/train/T073447.png,data/corrupted/100k_blur_15x15_s5/train/T073447.png,10101,LOW,5%,1
T073448,406047,7987,data/corrupted/100k_blur_15x15_s5/train/T073448.png,data/corrupted/100k_blur_15x15_s5/train/T073448.png,2526,LOW,5%,1
T073471,412762,8161,data/corrupted/100k_blur_15x15_s5/train/T073471.png,data/corrupted/100k_blur_15x15_s5/train/T073471.png,255,LOW,5%,1
T073508,419719,8373,data/corrupted/100k_blur_15x15_s5/train/T073508.png,data/corrupted/100k_blur_15x15_s5/train/T073508.png,120,LOW,5%,1
T073534,419727,8373,data/corrupted/100k_blur_15x15_s5/train/T073534.png,data/corrupted/100k_blur_15x15_s5/train/T073534.png,9790,LOW,5%,1
T073585,424203,8496,data/corrupted/100k_blur_15x15_s5/train/T073585.png,data/corrupted/100k_blur_15x15_s5/train/T073585.png,6349,LOW,5%,1
T073631,429913,8658,data/corrupted/100k_blur_15x15_s5/train/T073631.png,data/corrupted/100k_blur_15x15_s5/train/T073631.png,5678,LOW,5%,1
T073692,441616,8975,data/corrupted/100k_blur_15x15_s5/train/T073692.png,data/corrupted/100k_blur_15x15_s5/train/T073692.png,1466,LOW,5%,1
T073699,441583,8975,data/corrupted/100k_blur_15x15_s5/train/T073699.png,data/corrupted/100k_blur_15x15_s5/train/T073699.png,8781,LOW,5%,1
T073706,444431,9063,data/corrupted/100k_blur_15x15_s5/train/T073706.png,data/corrupted/100k_blur_15x15_s5/train/T073706.png,6745,LOW,5%,1
T073752,447706,9164,data/corrupted/100k_blur_15x15_s5/train/T073752.png,data/corrupted/100k_blur_15x15_s5/train/T073752.png,1985,LOW,5%,1
T073762,447666,9164,data/corrupted/100k_blur_15x15_s5/train/T073762.png,data/corrupted/100k_blur_15x15_s5/train/T073762.png,4334,LOW,5%,1
T073773,447683,9164,data/corrupted/100k_blur_15x15_s5/train/T073773.png,data/corrupted/100k_blur_15x15_s5/train/T073773.png,4033,LOW,5%,1
T073788,447715,9164,data/corrupted/100k_blur_15x15_s5/train/T073788.png,data/corrupted/100k_blur_15x15_s5/train/T073788.png,37,LOW,5%,1
T073828,473832,9969,data/corrupted/100k_blur_15x15_s5/train/T073828.png,data/corrupted/100k_blur_15x15_s5/train/T073828.png,966,LOW,5%,1
T073832,473826,9969,data/corrupted/100k_blur_15x15_s5/train/T073832.png,data/corrupted/100k_blur_15x15_s5/train/T073832.png,5540,LOW,5%,1
T073853,477093,10079,data/corrupted/100k_blur_15x15_s5/train/T073853.png,data/corrupted/100k_blur_15x15_s5/train/T073853.png,601,LOW,5%,1
T073866,477130,10079,data/corrupted/100k_blur_15x15_s5/train/T073866.png,data/corrupted/100k_blur_15x15_s5/train/T073866.png,8855,LOW,5%,1
T073872,477140,10079,data/corrupted/100k_blur_15x15_s5/train/T073872.png,data/corrupted/100k_blur_15x15_s5/train/T073872.png,7706,LOW,5%,1
T073885,477101,10079,data/corrupted/100k_blur_15x15_s5/train/T073885.png,data/corrupted/100k_blur_15x15_s5/train/T073885.png,4409,LOW,5%,1
T073886,477082,10079,data/corrupted/100k_blur_15x15_s5/train/T073886.png,data/corrupted/100k_blur_15x15_s5/train/T073886.png,2136,LOW,5%,1
T073904,478455,10122,data/corrupted/100k_blur_15x15_s5/train/T073904.png,data/corrupted/100k_blur_15x15_s5/train/T073904.png,4011,LOW,5%,1
T073910,478437,10122,data/corrupted/100k_blur_15x15_s5/train/T073910.png,data/corrupted/100k_blur_15x15_s5/train/T073910.png,8313,LOW,5%,1
T073916,478398,10122,data/corrupted/100k_blur_15x15_s5/train/T073916.png,data/corrupted/100k_blur_15x15_s5/train/T073916.png,5328,LOW,5%,1
T073950,13534,87,data/corrupted/100k_blur_15x15_s5/train/T073950.png,data/corrupted/100k_blur_15x15_s5/train/T073950.png,6172,LOW,5%,1
T074023,14720,100,data/corrupted/100k_blur_15x15_s5/train/T074023.png,data/corrupted/100k_blur_15x15_s5/train/T074023.png,952,LOW,5%,1
T074053,46551,470,data/corrupted/100k_blur_15x15_s5/train/T074053.png,data/corrupted/100k_blur_15x15_s5/train/T074053.png,4831,LOW,5%,1
T074099,46501,470,data/corrupted/100k_blur_15x15_s5/train/T074099.png,data/corrupted/100k_blur_15x15_s5/train/T074099.png,1082,LOW,5%,1
T074107,54596,582,data/corrupted/100k_blur_15x15_s5/train/T074107.png,data/corrupted/100k_blur_15x15_s5/train/T074107.png,9558,LOW,5%,1
T074120,54598,582,data/corrupted/100k_blur_15x15_s5/train/T074120.png,data/corrupted/100k_blur_15x15_s5/train/T074120.png,2009,LOW,5%,1
T074127,54574,582,data/corrupted/100k_blur_15x15_s5/train/T074127.png,data/corrupted/100k_blur_15x15_s5/train/T074127.png,2982,LOW,5%,1
T074133,54622,582,data/corrupted/100k_blur_15x15_s5/train/T074133.png,data/corrupted/100k_blur_15x15_s5/train/T074133.png,473,LOW,5%,1
T074165,112202,1422,data/corrupted/100k_blur_15x15_s5/train/T074165.png,data/corrupted/100k_blur_15x15_s5/train/T074165.png,426,LOW,5%,1
T074170,112232,1422,data/corrupted/100k_blur_15x15_s5/train/T074170.png,data/corrupted/100k_blur_15x15_s5/train/T074170.png,7645,LOW,5%,1
T074208,139621,2012,data/corrupted/100k_blur_15x15_s5/train/T074208.png,data/corrupted/100k_blur_15x15_s5/train/T074208.png,5292,LOW,5%,1
T074216,139672,2012,data/corrupted/100k_blur_15x15_s5/train/T074216.png,data/corrupted/100k_blur_15x15_s5/train/T074216.png,4207,LOW,5%,1
T074219,139684,2012,data/corrupted/100k_blur_15x15_s5/train/T074219.png,data/corrupted/100k_blur_15x15_s5/train/T074219.png,10195,LOW,5%,1
T074222,139645,2012,data/corrupted/100k_blur_15x15_s5/train/T074222.png,data/corrupted/100k_blur_15x15_s5/train/T074222.png,2883,LOW,5%,1
T074230,139625,2012,data/corrupted/100k_blur_15x15_s5/train/T074230.png,data/corrupted/100k_blur_15x15_s5/train/T074230.png,899,LOW,5%,1
T074265,166079,2544,data/corrupted/100k_blur_15x15_s5/train/T074265.png,data/corrupted/100k_blur_15x15_s5/train/T074265.png,2291,LOW,5%,1
T074287,166086,2544,data/corrupted/100k_blur_15x15_s5/train/T074287.png,data/corrupted/100k_blur_15x15_s5/train/T074287.png,4968,LOW,5%,1
T074304,183719,2883,data/corrupted/100k_blur_15x15_s5/train/T074304.png,data/corrupted/100k_blur_15x15_s5/train/T074304.png,9738,LOW,5%,1
T074319,183758,2883,data/corrupted/100k_blur_15x15_s5/train/T074319.png,data/corrupted/100k_blur_15x15_s5/train/T074319.png,1909,LOW,5%,1
T074354,196020,3159,data/corrupted/100k_blur_15x15_s5/train/T074354.png,data/corrupted/100k_blur_15x15_s5/train/T074354.png,10060,LOW,5%,1
T074367,196009,3159,data/corrupted/100k_blur_15x15_s5/train/T074367.png,data/corrupted/100k_blur_15x15_s5/train/T074367.png,3208,LOW,5%,1
T074373,196005,3159,data/corrupted/100k_blur_15x15_s5/train/T074373.png,data/corrupted/100k_blur_15x15_s5/train/T074373.png,5953,LOW,5%,1
T074396,196043,3159,data/corrupted/100k_blur_15x15_s5/train/T074396.png,data/corrupted/100k_blur_15x15_s5/train/T074396.png,649,LOW,5%,1
T074403,211589,3498,data/corrupted/100k_blur_15x15_s5/train/T074403.png,data/corrupted/100k_blur_15x15_s5/train/T074403.png,6689,LOW,5%,1
T074423,211596,3498,data/corrupted/100k_blur_15x15_s5/train/T074423.png,data/corrupted/100k_blur_15x15_s5/train/T074423.png,2756,LOW,5%,1
T074434,211543,3498,data/corrupted/100k_blur_15x15_s5/train/T074434.png,data/corrupted/100k_blur_15x15_s5/train/T074434.png,6565,LOW,5%,1
T074465,224609,3779,data/corrupted/100k_blur_15x15_s5/train/T074465.png,data/corrupted/100k_blur_15x15_s5/train/T074465.png,351,LOW,5%,1
T074495,224599,3779,data/corrupted/100k_blur_15x15_s5/train/T074495.png,data/corrupted/100k_blur_15x15_s5/train/T074495.png,5178,LOW,5%,1
T074509,231973,3956,data/corrupted/100k_blur_15x15_s5/train/T074509.png,data/corrupted/100k_blur_15x15_s5/train/T074509.png,3025,LOW,5%,1
T074513,231980,3956,data/corrupted/100k_blur_15x15_s5/train/T074513.png,data/corrupted/100k_blur_15x15_s5/train/T074513.png,3951,LOW,5%,1
T074543,231950,3956,data/corrupted/100k_blur_15x15_s5/train/T074543.png,data/corrupted/100k_blur_15x15_s5/train/T074543.png,5095,LOW,5%,1
T074552,309174,5622,data/corrupted/100k_blur_15x15_s5/train/T074552.png,data/corrupted/100k_blur_15x15_s5/train/T074552.png,5967,LOW,5%,1
T074574,309160,5622,data/corrupted/100k_blur_15x15_s5/train/T074574.png,data/corrupted/100k_blur_15x15_s5/train/T074574.png,5470,LOW,5%,1
T074576,309135,5622,data/corrupted/100k_blur_15x15_s5/train/T074576.png,data/corrupted/100k_blur_15x15_s5/train/T074576.png,1699,LOW,5%,1
T074581,309115,5622,data/corrupted/100k_blur_15x15_s5/train/T074581.png,data/corrupted/100k_blur_15x15_s5/train/T074581.png,2756,LOW,5%,1
T074667,314339,5744,data/corrupted/100k_blur_15x15_s5/train/T074667.png,data/corrupted/100k_blur_15x15_s5/train/T074667.png,4269,LOW,5%,1
T074691,314337,5744,data/corrupted/100k_blur_15x15_s5/train/T074691.png,data/corrupted/100k_blur_15x15_s5/train/T074691.png,8783,LOW,5%,1
T074707,317729,5824,data/corrupted/100k_blur_15x15_s5/train/T074707.png,data/corrupted/100k_blur_15x15_s5/train/T074707.png,4150,LOW,5%,1
T074728,317727,5824,data/corrupted/100k_blur_15x15_s5/train/T074728.png,data/corrupted/100k_blur_15x15_s5/train/T074728.png,760,LOW,5%,1
T074733,317712,5824,data/corrupted/100k_blur_15x15_s5/train/T074733.png,data/corrupted/100k_blur_15x15_s5/train/T074733.png,4711,LOW,5%,1
T074764,349382,6500,data/corrupted/100k_blur_15x15_s5/train/T074764.png,data/corrupted/100k_blur_15x15_s5/train/T074764.png,342,LOW,5%,1
T074774,349379,6500,data/corrupted/100k_blur_15x15_s5/train/T074774.png,data/corrupted/100k_blur_15x15_s5/train/T074774.png,277,LOW,5%,1
T074814,368912,6974,data/corrupted/100k_blur_15x15_s5/train/T074814.png,data/corrupted/100k_blur_15x15_s5/train/T074814.png,1007,LOW,5%,1
T074823,368898,6974,data/corrupted/100k_blur_15x15_s5/train/T074823.png,data/corrupted/100k_blur_15x15_s5/train/T074823.png,1129,LOW,5%,1
T074831,368944,6974,data/corrupted/100k_blur_15x15_s5/train/T074831.png,data/corrupted/100k_blur_15x15_s5/train/T074831.png,8108,LOW,5%,1
T074878,388384,7478,data/corrupted/100k_blur_15x15_s5/train/T074878.png,data/corrupted/100k_blur_15x15_s5/train/T074878.png,3597,LOW,5%,1
T074949,417484,8312,data/corrupted/100k_blur_15x15_s5/train/T074949.png,data/corrupted/100k_blur_15x15_s5/train/T074949.png,39,LOW,5%,1
T074969,424548,8505,data/corrupted/100k_blur_15x15_s5/train/T074969.png,data/corrupted/100k_blur_15x15_s5/train/T074969.png,6059,LOW,5%,1
T074977,424559,8505,data/corrupted/100k_blur_15x15_s5/train/T074977.png,data/corrupted/100k_blur_15x15_s5/train/T074977.png,372,LOW,5%,1
T074984,424566,8505,data/corrupted/100k_blur_15x15_s5/train/T074984.png,data/corrupted/100k_blur_15x15_s5/train/T074984.png,5973,LOW,5%,1
T074985,424529,8505,data/corrupted/100k_blur_15x15_s5/train/T074985.png,data/corrupted/100k_blur_15x15_s5/train/T074985.png,5795,LOW,5%,1
T074989,424574,8505,data/corrupted/100k_blur_15x15_s5/train/T074989.png,data/corrupted/100k_blur_15x15_s5/train/T074989.png,4431,LOW,5%,1
T074992,424539,8505,data/corrupted/100k_blur_15x15_s5/train/T074992.png,data/corrupted/100k_blur_15x15_s5/train/T074992.png,6408,LOW,5%,1
T075007,448421,9189,data/corrupted/100k_blur_15x15_s5/train/T075007.png,data/corrupted/100k_blur_15x15_s5/train/T075007.png,370,LOW,5%,1
T075031,448457,9189,data/corrupted/100k_blur_15x15_s5/train/T075031.png,data/corrupted/100k_blur_15x15_s5/train/T075031.png,4497,LOW,5%,1
T075040,448442,9189,data/corrupted/100k_blur_15x15_s5/train/T075040.png,data/corrupted/100k_blur_15x15_s5/train/T075040.png,7606,LOW,5%,1
T075045,448455,9189,data/corrupted/100k_blur_15x15_s5/train/T075045.png,data/corrupted/100k_blur_15x15_s5/train/T075045.png,2572,LOW,5%,1
T075060,454296,9351,data/corrupted/100k_blur_15x15_s5/train/T075060.png,data/corrupted/100k_blur_15x15_s5/train/T075060.png,7801,LOW,5%,1
T075078,454320,9351,data/corrupted/100k_blur_15x15_s5/train/T075078.png,data/corrupted/100k_blur_15x15_s5/train/T075078.png,3503,LOW,5%,1
T075096,454248,9351,data/corrupted/100k_blur_15x15_s5/train/T075096.png,data/corrupted/100k_blur_15x15_s5/train/T075096.png,9570,LOW,5%,1
T075113,458627,9507,data/corrupted/100k_blur_15x15_s5/train/T075113.png,data/corrupted/100k_blur_15x15_s5/train/T075113.png,3728,LOW,5%,1
T075126,458630,9507,data/corrupted/100k_blur_15x15_s5/train/T075126.png,data/corrupted/100k_blur_15x15_s5/train/T075126.png,168,LOW,5%,1
T075127,458636,9507,data/corrupted/100k_blur_15x15_s5/train/T075127.png,data/corrupted/100k_blur_15x15_s5/train/T075127.png,10350,LOW,5%,1
T075131,458615,9507,data/corrupted/100k_blur_15x15_s5/train/T075131.png,data/corrupted/100k_blur_15x15_s5/train/T075131.png,196,LOW,5%,1
T075138,458621,9507,data/corrupted/100k_blur_15x15_s5/train/T075138.png,data/corrupted/100k_blur_15x15_s5/train/T075138.png,8819,LOW,5%,1
T075142,458598,9507,data/corrupted/100k_blur_15x15_s5/train/T075142.png,data/corrupted/100k_blur_15x15_s5/train/T075142.png,3451,LOW,5%,1
T075149,458641,9507,data/corrupted/100k_blur_15x15_s5/train/T075149.png,data/corrupted/100k_blur_15x15_s5/train/T075149.png,4168,LOW,5%,1
T075152,466529,9747,data/corrupted/100k_blur_15x15_s5/train/T075152.png,data/corrupted/100k_blur_15x15_s5/train/T075152.png,444,LOW,5%,1
T075158,466563,9747,data/corrupted/100k_blur_15x15_s5/train/T075158.png,data/corrupted/100k_blur_15x15_s5/train/T075158.png,7518,LOW,5%,1
T075171,466513,9747,data/corrupted/100k_blur_15x15_s5/train/T075171.png,data/corrupted/100k_blur_15x15_s5/train/T075171.png,2567,LOW,5%,1
T075189,466579,9747,data/corrupted/100k_blur_15x15_s5/train/T075189.png,data/corrupted/100k_blur_15x15_s5/train/T075189.png,2866,LOW,5%,1
T075191,466570,9747,data/corrupted/100k_blur_15x15_s5/train/T075191.png,data/corrupted/100k_blur_15x15_s5/train/T075191.png,4486,LOW,5%,1
T075192,466538,9747,data/corrupted/100k_blur_15x15_s5/train/T075192.png,data/corrupted/100k_blur_15x15_s5/train/T075192.png,229,LOW,5%,1
T075210,480254,10189,data/corrupted/100k_blur_15x15_s5/train/T075210.png,data/corrupted/100k_blur_15x15_s5/train/T075210.png,4693,LOW,5%,1
T075250,7721,40,data/corrupted/100k_blur_15x15_s5/train/T075250.png,data/corrupted/100k_blur_15x15_s5/train/T075250.png,6049,LOW,5%,1
T075272,7674,40,data/corrupted/100k_blur_15x15_s5/train/T075272.png,data/corrupted/100k_blur_15x15_s5/train/T075272.png,10233,LOW,5%,1
T075308,36484,333,data/corrupted/100k_blur_15x15_s5/train/T075308.png,data/corrupted/100k_blur_15x15_s5/train/T075308.png,1318,LOW,5%,1
T075327,36466,333,data/corrupted/100k_blur_15x15_s5/train/T075327.png,data/corrupted/100k_blur_15x15_s5/train/T075327.png,3007,LOW,5%,1
T075354,61052,671,data/corrupted/100k_blur_15x15_s5/train/T075354.png,data/corrupted/100k_blur_15x15_s5/train/T075354.png,2615,LOW,5%,1
T075362,61072,671,data/corrupted/100k_blur_15x15_s5/train/T075362.png,data/corrupted/100k_blur_15x15_s5/train/T075362.png,1241,LOW,5%,1
T075384,61055,671,data/corrupted/100k_blur_15x15_s5/train/T075384.png,data/corrupted/100k_blur_15x15_s5/train/T075384.png,9764,LOW,5%,1
T075400,67248,787,data/corrupted/100k_blur_15x15_s5/train/T075400.png,data/corrupted/100k_blur_15x15_s5/train/T075400.png,306,LOW,5%,1
T075404,67254,787,data/corrupted/100k_blur_15x15_s5/train/T075404.png,data/corrupted/100k_blur_15x15_s5/train/T075404.png,5622,LOW,5%,1
T075406,67204,787,data/corrupted/100k_blur_15x15_s5/train/T075406.png,data/corrupted/100k_blur_15x15_s5/train/T075406.png,704,LOW,5%,1
T075427,67218,787,data/corrupted/100k_blur_15x15_s5/train/T075427.png,data/corrupted/100k_blur_15x15_s5/train/T075427.png,2693,LOW,5%,1
T075441,67214,787,data/corrupted/100k_blur_15x15_s5/train/T075441.png,data/corrupted/100k_blur_15x15_s5/train/T075441.png,5949,LOW,5%,1
T075448,67238,787,data/corrupted/100k_blur_15x15_s5/train/T075448.png,data/corrupted/100k_blur_15x15_s5/train/T075448.png,10122,LOW,5%,1
T075457,92568,1129,data/corrupted/100k_blur_15x15_s5/train/T075457.png,data/corrupted/100k_blur_15x15_s5/train/T075457.png,365,LOW,5%,1
T075465,92537,1129,data/corrupted/100k_blur_15x15_s5/train/T075465.png,data/corrupted/100k_blur_15x15_s5/train/T075465.png,4232,LOW,5%,1
T075473,92529,1129,data/corrupted/100k_blur_15x15_s5/train/T075473.png,data/corrupted/100k_blur_15x15_s5/train/T075473.png,1212,LOW,5%,1
T075481,92574,1129,data/corrupted/100k_blur_15x15_s5/train/T075481.png,data/corrupted/100k_blur_15x15_s5/train/T075481.png,9940,LOW,5%,1
T075537,116064,1516,data/corrupted/100k_blur_15x15_s5/train/T075537.png,data/corrupted/100k_blur_15x15_s5/train/T075537.png,2626,LOW,5%,1
T075563,149879,2204,data/corrupted/100k_blur_15x15_s5/train/T075563.png,data/corrupted/100k_blur_15x15_s5/train/T075563.png,4142,LOW,5%,1
T075577,149826,2204,data/corrupted/100k_blur_15x15_s5/train/T075577.png,data/corrupted/100k_blur_15x15_s5/train/T075577.png,5287,LOW,5%,1
T075581,149842,2204,data/corrupted/100k_blur_15x15_s5/train/T075581.png,data/corrupted/100k_blur_15x15_s5/train/T075581.png,6622,LOW,5%,1
T075643,153636,2300,data/corrupted/100k_blur_15x15_s5/train/T075643.png,data/corrupted/100k_blur_15x15_s5/train/T075643.png,5016,LOW,5%,1
T075655,169140,2609,data/corrupted/100k_blur_15x15_s5/train/T075655.png,data/corrupted/100k_blur_15x15_s5/train/T075655.png,3006,LOW,5%,1
T075689,169153,2609,data/corrupted/100k_blur_15x15_s5/train/T075689.png,data/corrupted/100k_blur_15x15_s5/train/T075689.png,599,LOW,5%,1
T075744,173512,2677,data/corrupted/100k_blur_15x15_s5/train/T075744.png,data/corrupted/100k_blur_15x15_s5/train/T075744.png,3231,LOW,5%,1
T075813,192094,3066,data/corrupted/100k_blur_15x15_s5/train/T075813.png,data/corrupted/100k_blur_15x15_s5/train/T075813.png,9572,LOW,5%,1
T075828,192092,3066,data/corrupted/100k_blur_15x15_s5/train/T075828.png,data/corrupted/100k_blur_15x15_s5/train/T075828.png,2423,LOW,5%,1
T075859,215413,3593,data/corrupted/100k_blur_15x15_s5/train/T075859.png,data/corrupted/100k_blur_15x15_s5/train/T075859.png,6088,LOW,5%,1
T075944,216170,3611,data/corrupted/100k_blur_15x15_s5/train/T075944.png,data/corrupted/100k_blur_15x15_s5/train/T075944.png,187,LOW,5%,1
T075951,264179,4627,data/corrupted/100k_blur_15x15_s5/train/T075951.png,data/corrupted/100k_blur_15x15_s5/train/T075951.png,5048,LOW,5%,1
T075957,264172,4627,data/corrupted/100k_blur_15x15_s5/train/T075957.png,data/corrupted/100k_blur_15x15_s5/train/T075957.png,3788,LOW,5%,1
T076001,288415,5172,data/corrupted/100k_blur_15x15_s5/train/T076001.png,data/corrupted/100k_blur_15x15_s5/train/T076001.png,1313,LOW,5%,1
T076002,288419,5172,data/corrupted/100k_blur_15x15_s5/train/T076002.png,data/corrupted/100k_blur_15x15_s5/train/T076002.png,5338,LOW,5%,1
T076038,288441,5172,data/corrupted/100k_blur_15x15_s5/train/T076038.png,data/corrupted/100k_blur_15x15_s5/train/T076038.png,2308,LOW,5%,1
T076039,288446,5172,data/corrupted/100k_blur_15x15_s5/train/T076039.png,data/corrupted/100k_blur_15x15_s5/train/T076039.png,5725,LOW,5%,1
T076042,288440,5172,data/corrupted/100k_blur_15x15_s5/train/T076042.png,data/corrupted/100k_blur_15x15_s5/train/T076042.png,637,LOW,5%,1
T076055,323382,5953,data/corrupted/100k_blur_15x15_s5/train/T076055.png,data/corrupted/100k_blur_15x15_s5/train/T076055.png,1824,LOW,5%,1
T076058,323362,5953,data/corrupted/100k_blur_15x15_s5/train/T076058.png,data/corrupted/100k_blur_15x15_s5/train/T076058.png,2527,LOW,5%,1
T076066,323415,5953,data/corrupted/100k_blur_15x15_s5/train/T076066.png,data/corrupted/100k_blur_15x15_s5/train/T076066.png,10,LOW,5%,1
T076072,323392,5953,data/corrupted/100k_blur_15x15_s5/train/T076072.png,data/corrupted/100k_blur_15x15_s5/train/T076072.png,7250,LOW,5%,1
T076075,323391,5953,data/corrupted/100k_blur_15x15_s5/train/T076075.png,data/corrupted/100k_blur_15x15_s5/train/T076075.png,4463,LOW,5%,1
T076080,323350,5953,data/corrupted/100k_blur_15x15_s5/train/T076080.png,data/corrupted/100k_blur_15x15_s5/train/T076080.png,2982,LOW,5%,1
T076122,330570,6092,data/corrupted/100k_blur_15x15_s5/train/T076122.png,data/corrupted/100k_blur_15x15_s5/train/T076122.png,194,LOW,5%,1
T076134,330538,6092,data/corrupted/100k_blur_15x15_s5/train/T076134.png,data/corrupted/100k_blur_15x15_s5/train/T076134.png,7103,LOW,5%,1
T076157,332466,6134,data/corrupted/100k_blur_15x15_s5/train/T076157.png,data/corrupted/100k_blur_15x15_s5/train/T076157.png,2966,LOW,5%,1
T076160,332425,6134,data/corrupted/100k_blur_15x15_s5/train/T076160.png,data/corrupted/100k_blur_15x15_s5/train/T076160.png,5879,LOW,5%,1
T076171,332475,6134,data/corrupted/100k_blur_15x15_s5/train/T076171.png,data/corrupted/100k_blur_15x15_s5/train/T076171.png,7764,LOW,5%,1
T076176,332423,6134,data/corrupted/100k_blur_15x15_s5/train/T076176.png,data/corrupted/100k_blur_15x15_s5/train/T076176.png,178,LOW,5%,1
T076221,368770,6970,data/corrupted/100k_blur_15x15_s5/train/T076221.png,data/corrupted/100k_blur_15x15_s5/train/T076221.png,8047,LOW,5%,1
T076238,368771,6970,data/corrupted/100k_blur_15x15_s5/train/T076238.png,data/corrupted/100k_blur_15x15_s5/train/T076238.png,6361,LOW,5%,1
T076239,368765,6970,data/corrupted/100k_blur_15x15_s5/train/T076239.png,data/corrupted/100k_blur_15x15_s5/train/T076239.png,190,LOW,5%,1
T076253,379830,7250,data/corrupted/100k_blur_15x15_s5/train/T076253.png,data/corrupted/100k_blur_15x15_s5/train/T076253.png,5953,LOW,5%,1
T076260,379831,7250,data/corrupted/100k_blur_15x15_s5/train/T076260.png,data/corrupted/100k_blur_15x15_s5/train/T076260.png,4603,LOW,5%,1
T076263,379841,7250,data/corrupted/100k_blur_15x15_s5/train/T076263.png,data/corrupted/100k_blur_15x15_s5/train/T076263.png,4620,LOW,5%,1
T076268,379866,7250,data/corrupted/100k_blur_15x15_s5/train/T076268.png,data/corrupted/100k_blur_15x15_s5/train/T076268.png,2009,LOW,5%,1
T076282,379836,7250,data/corrupted/100k_blur_15x15_s5/train/T076282.png,data/corrupted/100k_blur_15x15_s5/train/T076282.png,6669,LOW,5%,1
T076296,379839,7250,data/corrupted/100k_blur_15x15_s5/train/T076296.png,data/corrupted/100k_blur_15x15_s5/train/T076296.png,4487,LOW,5%,1
T076313,387340,7449,data/corrupted/100k_blur_15x15_s5/train/T076313.png,data/corrupted/100k_blur_15x15_s5/train/T076313.png,980,LOW,5%,1
T076336,387302,7449,data/corrupted/100k_blur_15x15_s5/train/T076336.png,data/corrupted/100k_blur_15x15_s5/train/T076336.png,3450,LOW,5%,1
T076350,401941,7870,data/corrupted/100k_blur_15x15_s5/train/T076350.png,data/corrupted/100k_blur_15x15_s5/train/T076350.png,8871,LOW,5%,1
T076370,401881,7870,data/corrupted/100k_blur_15x15_s5/train/T076370.png,data/corrupted/100k_blur_15x15_s5/train/T076370.png,220,LOW,5%,1
T076387,401917,7870,data/corrupted/100k_blur_15x15_s5/train/T076387.png,data/corrupted/100k_blur_15x15_s5/train/T076387.png,603,LOW,5%,1
T076389,401926,7870,data/corrupted/100k_blur_15x15_s5/train/T076389.png,data/corrupted/100k_blur_15x15_s5/train/T076389.png,315,LOW,5%,1
T076425,405364,7970,data/corrupted/100k_blur_15x15_s5/train/T076425.png,data/corrupted/100k_blur_15x15_s5/train/T076425.png,603,LOW,5%,1
T076431,405331,7970,data/corrupted/100k_blur_15x15_s5/train/T076431.png,data/corrupted/100k_blur_15x15_s5/train/T076431.png,1375,LOW,5%,1
T076459,413018,8169,data/corrupted/100k_blur_15x15_s5/train/T076459.png,data/corrupted/100k_blur_15x15_s5/train/T076459.png,2678,LOW,5%,1
T076466,412972,8169,data/corrupted/100k_blur_15x15_s5/train/T076466.png,data/corrupted/100k_blur_15x15_s5/train/T076466.png,2189,LOW,5%,1
T076473,412991,8169,data/corrupted/100k_blur_15x15_s5/train/T076473.png,data/corrupted/100k_blur_15x15_s5/train/T076473.png,4431,LOW,5%,1
T076490,413003,8169,data/corrupted/100k_blur_15x15_s5/train/T076490.png,data/corrupted/100k_blur_15x15_s5/train/T076490.png,4365,LOW,5%,1
T076527,433184,8739,data/corrupted/100k_blur_15x15_s5/train/T076527.png,data/corrupted/100k_blur_15x15_s5/train/T076527.png,3884,LOW,5%,1
T076547,433154,8739,data/corrupted/100k_blur_15x15_s5/train/T076547.png,data/corrupted/100k_blur_15x15_s5/train/T076547.png,4238,LOW,5%,1
T076577,441411,8969,data/corrupted/100k_blur_15x15_s5/train/T076577.png,data/corrupted/100k_blur_15x15_s5/train/T076577.png,3938,LOW,5%,1
T076599,441415,8969,data/corrupted/100k_blur_15x15_s5/train/T076599.png,data/corrupted/100k_blur_15x15_s5/train/T076599.png,5202,LOW,5%,1
T076643,464813,9701,data/corrupted/100k_blur_15x15_s5/train/T076643.png,data/corrupted/100k_blur_15x15_s5/train/T076643.png,6063,LOW,5%,1
T076681,488461,10486,data/corrupted/100k_blur_15x15_s5/train/T076681.png,data/corrupted/100k_blur_15x15_s5/train/T076681.png,231,LOW,5%,1
T076683,488425,10486,data/corrupted/100k_blur_15x15_s5/train/T076683.png,data/corrupted/100k_blur_15x15_s5/train/T076683.png,5531,LOW,5%,1
T076701,30396,253,data/corrupted/100k_blur_15x15_s5/train/T076701.png,data/corrupted/100k_blur_15x15_s5/train/T076701.png,2637,LOW,5%,1
T076710,30393,253,data/corrupted/100k_blur_15x15_s5/train/T076710.png,data/corrupted/100k_blur_15x15_s5/train/T076710.png,8089,LOW,5%,1
T076734,30406,253,data/corrupted/100k_blur_15x15_s5/train/T076734.png,data/corrupted/100k_blur_15x15_s5/train/T076734.png,4469,LOW,5%,1
T076770,37940,355,data/corrupted/100k_blur_15x15_s5/train/T076770.png,data/corrupted/100k_blur_15x15_s5/train/T076770.png,26,LOW,5%,1
T076781,37992,355,data/corrupted/100k_blur_15x15_s5/train/T076781.png,data/corrupted/100k_blur_15x15_s5/train/T076781.png,8389,LOW,5%,1
T076788,37995,355,data/corrupted/100k_blur_15x15_s5/train/T076788.png,data/corrupted/100k_blur_15x15_s5/train/T076788.png,6198,LOW,5%,1
T076798,37989,355,data/corrupted/100k_blur_15x15_s5/train/T076798.png,data/corrupted/100k_blur_15x15_s5/train/T076798.png,5839,LOW,5%,1
T076814,47664,484,data/corrupted/100k_blur_15x15_s5/train/T076814.png,data/corrupted/100k_blur_15x15_s5/train/T076814.png,2244,LOW,5%,1
T076837,47704,484,data/corrupted/100k_blur_15x15_s5/train/T076837.png,data/corrupted/100k_blur_15x15_s5/train/T076837.png,2920,LOW,5%,1
T076875,64004,718,data/corrupted/100k_blur_15x15_s5/train/T076875.png,data/corrupted/100k_blur_15x15_s5/train/T076875.png,2107,LOW,5%,1
T076897,64018,718,data/corrupted/100k_blur_15x15_s5/train/T076897.png,data/corrupted/100k_blur_15x15_s5/train/T076897.png,5447,LOW,5%,1
T076942,64861,738,data/corrupted/100k_blur_15x15_s5/train/T076942.png,data/corrupted/100k_blur_15x15_s5/train/T076942.png,7894,LOW,5%,1
T076945,64893,738,data/corrupted/100k_blur_15x15_s5/train/T076945.png,data/corrupted/100k_blur_15x15_s5/train/T076945.png,5197,LOW,5%,1
T076959,71759,860,data/corrupted/100k_blur_15x15_s5/train/T076959.png,data/corrupted/100k_blur_15x15_s5/train/T076959.png,9515,LOW,5%,1
T076984,71726,860,data/corrupted/100k_blur_15x15_s5/train/T076984.png,data/corrupted/100k_blur_15x15_s5/train/T076984.png,5563,LOW,5%,1
T077029,86615,1047,data/corrupted/100k_blur_15x15_s5/train/T077029.png,data/corrupted/100k_blur_15x15_s5/train/T077029.png,5994,LOW,5%,1
T077033,86612,1047,data/corrupted/100k_blur_15x15_s5/train/T077033.png,data/corrupted/100k_blur_15x15_s5/train/T077033.png,4142,LOW,5%,1
T077050,90091,1094,data/corrupted/100k_blur_15x15_s5/train/T077050.png,data/corrupted/100k_blur_15x15_s5/train/T077050.png,90,LOW,5%,1
T077136,129592,1798,data/corrupted/100k_blur_15x15_s5/train/T077136.png,data/corrupted/100k_blur_15x15_s5/train/T077136.png,6732,LOW,5%,1
T077181,137871,1984,data/corrupted/100k_blur_15x15_s5/train/T077181.png,data/corrupted/100k_blur_15x15_s5/train/T077181.png,4111,LOW,5%,1
T077218,174000,2687,data/corrupted/100k_blur_15x15_s5/train/T077218.png,data/corrupted/100k_blur_15x15_s5/train/T077218.png,8416,LOW,5%,1
T077319,205164,3374,data/corrupted/100k_blur_15x15_s5/train/T077319.png,data/corrupted/100k_blur_15x15_s5/train/T077319.png,7464,LOW,5%,1
T077326,205145,3374,data/corrupted/100k_blur_15x15_s5/train/T077326.png,data/corrupted/100k_blur_15x15_s5/train/T077326.png,571,LOW,5%,1
T077329,205175,3374,data/corrupted/100k_blur_15x15_s5/train/T077329.png,data/corrupted/100k_blur_15x15_s5/train/T077329.png,3871,LOW,5%,1
T077341,205135,3374,data/corrupted/100k_blur_15x15_s5/train/T077341.png,data/corrupted/100k_blur_15x15_s5/train/T077341.png,5518,LOW,5%,1
T077354,215043,3586,data/corrupted/100k_blur_15x15_s5/train/T077354.png,data/corrupted/100k_blur_15x15_s5/train/T077354.png,3787,LOW,5%,1
T077375,215011,3586,data/corrupted/100k_blur_15x15_s5/train/T077375.png,data/corrupted/100k_blur_15x15_s5/train/T077375.png,995,LOW,5%,1
T077395,215032,3586,data/corrupted/100k_blur_15x15_s5/train/T077395.png,data/corrupted/100k_blur_15x15_s5/train/T077395.png,8687,LOW,5%,1
T077423,224401,3775,data/corrupted/100k_blur_15x15_s5/train/T077423.png,data/corrupted/100k_blur_15x15_s5/train/T077423.png,6109,LOW,5%,1
T077430,224404,3775,data/corrupted/100k_blur_15x15_s5/train/T077430.png,data/corrupted/100k_blur_15x15_s5/train/T077430.png,2478,LOW,5%,1
T077437,224454,3775,data/corrupted/100k_blur_15x15_s5/train/T077437.png,data/corrupted/100k_blur_15x15_s5/train/T077437.png,10325,LOW,5%,1
T077443,224464,3775,data/corrupted/100k_blur_15x15_s5/train/T077443.png,data/corrupted/100k_blur_15x15_s5/train/T077443.png,8783,LOW,5%,1
T077491,232466,3971,data/corrupted/100k_blur_15x15_s5/train/T077491.png,data/corrupted/100k_blur_15x15_s5/train/T077491.png,10261,LOW,5%,1
T077529,238754,4100,data/corrupted/100k_blur_15x15_s5/train/T077529.png,data/corrupted/100k_blur_15x15_s5/train/T077529.png,6088,LOW,5%,1
T077564,258406,4486,data/corrupted/100k_blur_15x15_s5/train/T077564.png,data/corrupted/100k_blur_15x15_s5/train/T077564.png,10293,LOW,5%,1
T077588,258376,4486,data/corrupted/100k_blur_15x15_s5/train/T077588.png,data/corrupted/100k_blur_15x15_s5/train/T077588.png,4724,LOW,5%,1
T077597,258400,4486,data/corrupted/100k_blur_15x15_s5/train/T077597.png,data/corrupted/100k_blur_15x15_s5/train/T077597.png,690,LOW,5%,1
T077644,285840,5107,data/corrupted/100k_blur_15x15_s5/train/T077644.png,data/corrupted/100k_blur_15x15_s5/train/T077644.png,4895,LOW,5%,1
T077662,288922,5180,data/corrupted/100k_blur_15x15_s5/train/T077662.png,data/corrupted/100k_blur_15x15_s5/train/T077662.png,2319,LOW,5%,1
T077685,288904,5180,data/corrupted/100k_blur_15x15_s5/train/T077685.png,data/corrupted/100k_blur_15x15_s5/train/T077685.png,854,LOW,5%,1
T077691,288911,5180,data/corrupted/100k_blur_15x15_s5/train/T077691.png,data/corrupted/100k_blur_15x15_s5/train/T077691.png,443,LOW,5%,1
T077722,303662,5510,data/corrupted/100k_blur_15x15_s5/train/T077722.png,data/corrupted/100k_blur_15x15_s5/train/T077722.png,2505,LOW,5%,1
T077789,304925,5529,data/corrupted/100k_blur_15x15_s5/train/T077789.png,data/corrupted/100k_blur_15x15_s5/train/T077789.png,2897,LOW,5%,1
T077825,310206,5643,data/corrupted/100k_blur_15x15_s5/train/T077825.png,data/corrupted/100k_blur_15x15_s5/train/T077825.png,6954,LOW,5%,1
T077842,310243,5643,data/corrupted/100k_blur_15x15_s5/train/T077842.png,data/corrupted/100k_blur_15x15_s5/train/T077842.png,683,LOW,5%,1
T077854,324283,5970,data/corrupted/100k_blur_15x15_s5/train/T077854.png,data/corrupted/100k_blur_15x15_s5/train/T077854.png,1641,LOW,5%,1
T077857,324248,5970,data/corrupted/100k_blur_15x15_s5/train/T077857.png,data/corrupted/100k_blur_15x15_s5/train/T077857.png,1523,LOW,5%,1
T077878,324250,5970,data/corrupted/100k_blur_15x15_s5/train/T077878.png,data/corrupted/100k_blur_15x15_s5/train/T077878.png,8583,LOW,5%,1
T077881,324290,5970,data/corrupted/100k_blur_15x15_s5/train/T077881.png,data/corrupted/100k_blur_15x15_s5/train/T077881.png,637,LOW,5%,1
T077893,324249,5970,data/corrupted/100k_blur_15x15_s5/train/T077893.png,data/corrupted/100k_blur_15x15_s5/train/T077893.png,8408,LOW,5%,1
T077938,349006,6488,data/corrupted/100k_blur_15x15_s5/train/T077938.png,data/corrupted/100k_blur_15x15_s5/train/T077938.png,2136,LOW,5%,1
T077942,348998,6488,data/corrupted/100k_blur_15x15_s5/train/T077942.png,data/corrupted/100k_blur_15x15_s5/train/T077942.png,4700,LOW,5%,1
T077944,348993,6488,data/corrupted/100k_blur_15x15_s5/train/T077944.png,data/corrupted/100k_blur_15x15_s5/train/T077944.png,2080,LOW,5%,1
T077947,348966,6488,data/corrupted/100k_blur_15x15_s5/train/T077947.png,data/corrupted/100k_blur_15x15_s5/train/T077947.png,214,LOW,5%,1
T077973,363181,6830,data/corrupted/100k_blur_15x15_s5/train/T077973.png,data/corrupted/100k_blur_15x15_s5/train/T077973.png,5630,LOW,5%,1
T077985,363201,6830,data/corrupted/100k_blur_15x15_s5/train/T077985.png,data/corrupted/100k_blur_15x15_s5/train/T077985.png,3407,LOW,5%,1
T078040,380327,7268,data/corrupted/100k_blur_15x15_s5/train/T078040.png,data/corrupted/100k_blur_15x15_s5/train/T078040.png,5987,LOW,5%,1
T078047,380338,7268,data/corrupted/100k_blur_15x15_s5/train/T078047.png,data/corrupted/100k_blur_15x15_s5/train/T078047.png,1780,LOW,5%,1
T078084,390455,7542,data/corrupted/100k_blur_15x15_s5/train/T078084.png,data/corrupted/100k_blur_15x15_s5/train/T078084.png,6201,LOW,5%,1
T078137,403147,7906,data/corrupted/100k_blur_15x15_s5/train/T078137.png,data/corrupted/100k_blur_15x15_s5/train/T078137.png,1098,LOW,5%,1
T078178,413173,8175,data/corrupted/100k_blur_15x15_s5/train/T078178.png,data/corrupted/100k_blur_15x15_s5/train/T078178.png,967,LOW,5%,1
T078201,426521,8565,data/corrupted/100k_blur_15x15_s5/train/T078201.png,data/corrupted/100k_blur_15x15_s5/train/T078201.png,9852,LOW,5%,1
T078213,426561,8565,data/corrupted/100k_blur_15x15_s5/train/T078213.png,data/corrupted/100k_blur_15x15_s5/train/T078213.png,4403,LOW,5%,1
T078252,433483,8746,data/corrupted/100k_blur_15x15_s5/train/T078252.png,data/corrupted/100k_blur_15x15_s5/train/T078252.png,2378,LOW,5%,1
T078264,433486,8746,data/corrupted/100k_blur_15x15_s5/train/T078264.png,data/corrupted/100k_blur_15x15_s5/train/T078264.png,4981,LOW,5%,1
T078296,433490,8746,data/corrupted/100k_blur_15x15_s5/train/T078296.png,data/corrupted/100k_blur_15x15_s5/train/T078296.png,1180,LOW,5%,1
T078307,435147,8791,data/corrupted/100k_blur_15x15_s5/train/T078307.png,data/corrupted/100k_blur_15x15_s5/train/T078307.png,527,LOW,5%,1
T078332,435152,8791,data/corrupted/100k_blur_15x15_s5/train/T078332.png,data/corrupted/100k_blur_15x15_s5/train/T078332.png,5889,LOW,5%,1
T078333,435133,8791,data/corrupted/100k_blur_15x15_s5/train/T078333.png,data/corrupted/100k_blur_15x15_s5/train/T078333.png,118,LOW,5%,1
T078338,435110,8791,data/corrupted/100k_blur_15x15_s5/train/T078338.png,data/corrupted/100k_blur_15x15_s5/train/T078338.png,148,LOW,5%,1
T078355,454944,9371,data/corrupted/100k_blur_15x15_s5/train/T078355.png,data/corrupted/100k_blur_15x15_s5/train/T078355.png,172,LOW,5%,1
T078358,454949,9371,data/corrupted/100k_blur_15x15_s5/train/T078358.png,data/corrupted/100k_blur_15x15_s5/train/T078358.png,6393,LOW,5%,1
T078374,454925,9371,data/corrupted/100k_blur_15x15_s5/train/T078374.png,data/corrupted/100k_blur_15x15_s5/train/T078374.png,8207,LOW,5%,1
T078382,454905,9371,data/corrupted/100k_blur_15x15_s5/train/T078382.png,data/corrupted/100k_blur_15x15_s5/train/T078382.png,449,LOW,5%,1
T078390,454899,9371,data/corrupted/100k_blur_15x15_s5/train/T078390.png,data/corrupted/100k_blur_15x15_s5/train/T078390.png,430,LOW,5%,1
T078391,454945,9371,data/corrupted/100k_blur_15x15_s5/train/T078391.png,data/corrupted/100k_blur_15x15_s5/train/T078391.png,3384,LOW,5%,1
T078404,470373,9852,data/corrupted/100k_blur_15x15_s5/train/T078404.png,data/corrupted/100k_blur_15x15_s5/train/T078404.png,3232,LOW,5%,1
T078407,470324,9852,data/corrupted/100k_blur_15x15_s5/train/T078407.png,data/corrupted/100k_blur_15x15_s5/train/T078407.png,6960,LOW,5%,1
T078420,470365,9852,data/corrupted/100k_blur_15x15_s5/train/T078420.png,data/corrupted/100k_blur_15x15_s5/train/T078420.png,8019,LOW,5%,1
T078433,470370,9852,data/corrupted/100k_blur_15x15_s5/train/T078433.png,data/corrupted/100k_blur_15x15_s5/train/T078433.png,372,LOW,5%,1
T078454,476650,10065,data/corrupted/100k_blur_15x15_s5/train/T078454.png,data/corrupted/100k_blur_15x15_s5/train/T078454.png,4591,LOW,5%,1
T078472,476604,10065,data/corrupted/100k_blur_15x15_s5/train/T078472.png,data/corrupted/100k_blur_15x15_s5/train/T078472.png,306,LOW,5%,1
T078497,476605,10065,data/corrupted/100k_blur_15x15_s5/train/T078497.png,data/corrupted/100k_blur_15x15_s5/train/T078497.png,2697,LOW,5%,1
T078499,476594,10065,data/corrupted/100k_blur_15x15_s5/train/T078499.png,data/corrupted/100k_blur_15x15_s5/train/T078499.png,403,LOW,5%,1
T078511,482410,10261,data/corrupted/100k_blur_15x15_s5/train/T078511.png,data/corrupted/100k_blur_15x15_s5/train/T078511.png,165,LOW,5%,1
T078515,482382,10261,data/corrupted/100k_blur_15x15_s5/train/T078515.png,data/corrupted/100k_blur_15x15_s5/train/T078515.png,977,LOW,5%,1
T078555,1732,13,data/corrupted/100k_blur_15x15_s5/train/T078555.png,data/corrupted/100k_blur_15x15_s5/train/T078555.png,8791,LOW,5%,1
T078604,17343,134,data/corrupted/100k_blur_15x15_s5/train/T078604.png,data/corrupted/100k_blur_15x15_s5/train/T078604.png,5706,LOW,5%,1
T078608,17289,134,data/corrupted/100k_blur_15x15_s5/train/T078608.png,data/corrupted/100k_blur_15x15_s5/train/T078608.png,8663,LOW,5%,1
T078647,17323,134,data/corrupted/100k_blur_15x15_s5/train/T078647.png,data/corrupted/100k_blur_15x15_s5/train/T078647.png,2559,LOW,5%,1
T078662,27569,228,data/corrupted/100k_blur_15x15_s5/train/T078662.png,data/corrupted/100k_blur_15x15_s5/train/T078662.png,718,LOW,5%,1
T078665,27571,228,data/corrupted/100k_blur_15x15_s5/train/T078665.png,data/corrupted/100k_blur_15x15_s5/train/T078665.png,8007,LOW,5%,1
T078690,27584,228,data/corrupted/100k_blur_15x15_s5/train/T078690.png,data/corrupted/100k_blur_15x15_s5/train/T078690.png,3230,LOW,5%,1
T078723,35939,322,data/corrupted/100k_blur_15x15_s5/train/T078723.png,data/corrupted/100k_blur_15x15_s5/train/T078723.png,10314,LOW,5%,1
T078729,35944,322,data/corrupted/100k_blur_15x15_s5/train/T078729.png,data/corrupted/100k_blur_15x15_s5/train/T078729.png,1434,LOW,5%,1
T078766,37015,342,data/corrupted/100k_blur_15x15_s5/train/T078766.png,data/corrupted/100k_blur_15x15_s5/train/T078766.png,2509,LOW,5%,1
T078772,36976,342,data/corrupted/100k_blur_15x15_s5/train/T078772.png,data/corrupted/100k_blur_15x15_s5/train/T078772.png,169,LOW,5%,1
T078775,36969,342,data/corrupted/100k_blur_15x15_s5/train/T078775.png,data/corrupted/100k_blur_15x15_s5/train/T078775.png,7090,LOW,5%,1
T078776,37005,342,data/corrupted/100k_blur_15x15_s5/train/T078776.png,data/corrupted/100k_blur_15x15_s5/train/T078776.png,858,LOW,5%,1
T078811,68368,818,data/corrupted/100k_blur_15x15_s5/train/T078811.png,data/corrupted/100k_blur_15x15_s5/train/T078811.png,2645,LOW,5%,1
T078815,68421,818,data/corrupted/100k_blur_15x15_s5/train/T078815.png,data/corrupted/100k_blur_15x15_s5/train/T078815.png,2731,LOW,5%,1
T078829,68406,818,data/corrupted/100k_blur_15x15_s5/train/T078829.png,data/corrupted/100k_blur_15x15_s5/train/T078829.png,1174,LOW,5%,1
T078833,68371,818,data/corrupted/100k_blur_15x15_s5/train/T078833.png,data/corrupted/100k_blur_15x15_s5/train/T078833.png,7440,LOW,5%,1
T078834,68397,818,data/corrupted/100k_blur_15x15_s5/train/T078834.png,data/corrupted/100k_blur_15x15_s5/train/T078834.png,4325,LOW,5%,1
T078924,137509,1976,data/corrupted/100k_blur_15x15_s5/train/T078924.png,data/corrupted/100k_blur_15x15_s5/train/T078924.png,1286,LOW,5%,1
T078927,137484,1976,data/corrupted/100k_blur_15x15_s5/train/T078927.png,data/corrupted/100k_blur_15x15_s5/train/T078927.png,5761,LOW,5%,1
T078938,137498,1976,data/corrupted/100k_blur_15x15_s5/train/T078938.png,data/corrupted/100k_blur_15x15_s5/train/T078938.png,2786,LOW,5%,1
T078990,143286,2078,data/corrupted/100k_blur_15x15_s5/train/T078990.png,data/corrupted/100k_blur_15x15_s5/train/T078990.png,7024,LOW,5%,1
T078992,143263,2078,data/corrupted/100k_blur_15x15_s5/train/T078992.png,data/corrupted/100k_blur_15x15_s5/train/T078992.png,5973,LOW,5%,1
T079023,151138,2243,data/corrupted/100k_blur_15x15_s5/train/T079023.png,data/corrupted/100k_blur_15x15_s5/train/T079023.png,7333,LOW,5%,1
T079032,151132,2243,data/corrupted/100k_blur_15x15_s5/train/T079032.png,data/corrupted/100k_blur_15x15_s5/train/T079032.png,6838,LOW,5%,1
T079053,157389,2378,data/corrupted/100k_blur_15x15_s5/train/T079053.png,data/corrupted/100k_blur_15x15_s5/train/T079053.png,49,LOW,5%,1
T079092,157434,2378,data/corrupted/100k_blur_15x15_s5/train/T079092.png,data/corrupted/100k_blur_15x15_s5/train/T079092.png,4982,LOW,5%,1
T079099,157443,2378,data/corrupted/100k_blur_15x15_s5/train/T079099.png,data/corrupted/100k_blur_15x15_s5/train/T079099.png,338,LOW,5%,1
T079166,178061,2756,data/corrupted/100k_blur_15x15_s5/train/T079166.png,data/corrupted/100k_blur_15x15_s5/train/T079166.png,6599,LOW,5%,1
T079203,178432,2769,data/corrupted/100k_blur_15x15_s5/train/T079203.png,data/corrupted/100k_blur_15x15_s5/train/T079203.png,4546,LOW,5%,1
T079268,185105,2918,data/corrupted/100k_blur_15x15_s5/train/T079268.png,data/corrupted/100k_blur_15x15_s5/train/T079268.png,1326,LOW,5%,1
T079277,185108,2918,data/corrupted/100k_blur_15x15_s5/train/T079277.png,data/corrupted/100k_blur_15x15_s5/train/T079277.png,6934,LOW,5%,1
T079312,198716,3230,data/corrupted/100k_blur_15x15_s5/train/T079312.png,data/corrupted/100k_blur_15x15_s5/train/T079312.png,1669,LOW,5%,1
T079319,198752,3230,data/corrupted/100k_blur_15x15_s5/train/T079319.png,data/corrupted/100k_blur_15x15_s5/train/T079319.png,9175,LOW,5%,1
T079334,198776,3230,data/corrupted/100k_blur_15x15_s5/train/T079334.png,data/corrupted/100k_blur_15x15_s5/train/T079334.png,1240,LOW,5%,1
T079345,198770,3230,data/corrupted/100k_blur_15x15_s5/train/T079345.png,data/corrupted/100k_blur_15x15_s5/train/T079345.png,1053,LOW,5%,1
T079496,212433,3517,data/corrupted/100k_blur_15x15_s5/train/T079496.png,data/corrupted/100k_blur_15x15_s5/train/T079496.png,7542,LOW,5%,1
T079514,216010,3609,data/corrupted/100k_blur_15x15_s5/train/T079514.png,data/corrupted/100k_blur_15x15_s5/train/T079514.png,4399,LOW,5%,1
T079543,216054,3609,data/corrupted/100k_blur_15x15_s5/train/T079543.png,data/corrupted/100k_blur_15x15_s5/train/T079543.png,1184,LOW,5%,1
T079561,225456,3804,data/corrupted/100k_blur_15x15_s5/train/T079561.png,data/corrupted/100k_blur_15x15_s5/train/T079561.png,4958,LOW,5%,1
T079568,225468,3804,data/corrupted/100k_blur_15x15_s5/train/T079568.png,data/corrupted/100k_blur_15x15_s5/train/T079568.png,6201,LOW,5%,1
T079578,225462,3804,data/corrupted/100k_blur_15x15_s5/train/T079578.png,data/corrupted/100k_blur_15x15_s5/train/T079578.png,8855,LOW,5%,1
T079583,225483,3804,data/corrupted/100k_blur_15x15_s5/train/T079583.png,data/corrupted/100k_blur_15x15_s5/train/T079583.png,3825,LOW,5%,1
T079585,225463,3804,data/corrupted/100k_blur_15x15_s5/train/T079585.png,data/corrupted/100k_blur_15x15_s5/train/T079585.png,968,LOW,5%,1
T079590,225453,3804,data/corrupted/100k_blur_15x15_s5/train/T079590.png,data/corrupted/100k_blur_15x15_s5/train/T079590.png,5622,LOW,5%,1
T079611,228006,3871,data/corrupted/100k_blur_15x15_s5/train/T079611.png,data/corrupted/100k_blur_15x15_s5/train/T079611.png,101,LOW,5%,1
T079613,228009,3871,data/corrupted/100k_blur_15x15_s5/train/T079613.png,data/corrupted/100k_blur_15x15_s5/train/T079613.png,7088,LOW,5%,1
T079624,228007,3871,data/corrupted/100k_blur_15x15_s5/train/T079624.png,data/corrupted/100k_blur_15x15_s5/train/T079624.png,995,LOW,5%,1
T079627,228015,3871,data/corrupted/100k_blur_15x15_s5/train/T079627.png,data/corrupted/100k_blur_15x15_s5/train/T079627.png,595,LOW,5%,1
T079649,227990,3871,data/corrupted/100k_blur_15x15_s5/train/T079649.png,data/corrupted/100k_blur_15x15_s5/train/T079649.png,3154,LOW,5%,1
T079651,240139,4121,data/corrupted/100k_blur_15x15_s5/train/T079651.png,data/corrupted/100k_blur_15x15_s5/train/T079651.png,1115,LOW,5%,1
T079653,240115,4121,data/corrupted/100k_blur_15x15_s5/train/T079653.png,data/corrupted/100k_blur_15x15_s5/train/T079653.png,2657,LOW,5%,1
T079694,240103,4121,data/corrupted/100k_blur_15x15_s5/train/T079694.png,data/corrupted/100k_blur_15x15_s5/train/T079694.png,1012,LOW,5%,1
T079697,240131,4121,data/corrupted/100k_blur_15x15_s5/train/T079697.png,data/corrupted/100k_blur_15x15_s5/train/T079697.png,3274,LOW,5%,1
T079704,262504,4591,data/corrupted/100k_blur_15x15_s5/train/T079704.png,data/corrupted/100k_blur_15x15_s5/train/T079704.png,9292,LOW,5%,1
T079745,262467,4591,data/corrupted/100k_blur_15x15_s5/train/T079745.png,data/corrupted/100k_blur_15x15_s5/train/T079745.png,3966,LOW,5%,1
T079767,270109,4762,data/corrupted/100k_blur_15x15_s5/train/T079767.png,data/corrupted/100k_blur_15x15_s5/train/T079767.png,5084,LOW,5%,1
T079775,270095,4762,data/corrupted/100k_blur_15x15_s5/train/T079775.png,data/corrupted/100k_blur_15x15_s5/train/T079775.png,7268,LOW,5%,1
T079811,287806,5162,data/corrupted/100k_blur_15x15_s5/train/T079811.png,data/corrupted/100k_blur_15x15_s5/train/T079811.png,4393,LOW,5%,1
T079816,287830,5162,data/corrupted/100k_blur_15x15_s5/train/T079816.png,data/corrupted/100k_blur_15x15_s5/train/T079816.png,955,LOW,5%,1
T079818,287777,5162,data/corrupted/100k_blur_15x15_s5/train/T079818.png,data/corrupted/100k_blur_15x15_s5/train/T079818.png,7464,LOW,5%,1
T079844,287817,5162,data/corrupted/100k_blur_15x15_s5/train/T079844.png,data/corrupted/100k_blur_15x15_s5/train/T079844.png,862,LOW,5%,1
T079855,298604,5393,data/corrupted/100k_blur_15x15_s5/train/T079855.png,data/corrupted/100k_blur_15x15_s5/train/T079855.png,1093,LOW,5%,1
T079862,298571,5393,data/corrupted/100k_blur_15x15_s5/train/T079862.png,data/corrupted/100k_blur_15x15_s5/train/T079862.png,8186,LOW,5%,1
T079865,298576,5393,data/corrupted/100k_blur_15x15_s5/train/T079865.png,data/corrupted/100k_blur_15x15_s5/train/T079865.png,270,LOW,5%,1
T079894,298574,5393,data/corrupted/100k_blur_15x15_s5/train/T079894.png,data/corrupted/100k_blur_15x15_s5/train/T079894.png,5529,LOW,5%,1
T079896,298544,5393,data/corrupted/100k_blur_15x15_s5/train/T079896.png,data/corrupted/100k_blur_15x15_s5/train/T079896.png,1572,LOW,5%,1
T079954,350062,6519,data/corrupted/100k_blur_15x15_s5/train/T079954.png,data/corrupted/100k_blur_15x15_s5/train/T079954.png,6253,LOW,5%,1
T079974,350060,6519,data/corrupted/100k_blur_15x15_s5/train/T079974.png,data/corrupted/100k_blur_15x15_s5/train/T079974.png,3007,LOW,5%,1
T079978,350045,6519,data/corrupted/100k_blur_15x15_s5/train/T079978.png,data/corrupted/100k_blur_15x15_s5/train/T079978.png,6202,LOW,5%,1
T079987,350073,6519,data/corrupted/100k_blur_15x15_s5/train/T079987.png,data/corrupted/100k_blur_15x15_s5/train/T079987.png,5527,LOW,5%,1
T079989,350037,6519,data/corrupted/100k_blur_15x15_s5/train/T079989.png,data/corrupted/100k_blur_15x15_s5/train/T079989.png,3951,LOW,5%,1
T080003,363761,6840,data/corrupted/100k_blur_15x15_s5/train/T080003.png,data/corrupted/100k_blur_15x15_s5/train/T080003.png,1159,LOW,5%,1
T080016,363799,6840,data/corrupted/100k_blur_15x15_s5/train/T080016.png,data/corrupted/100k_blur_15x15_s5/train/T080016.png,683,LOW,5%,1
T080028,363804,6840,data/corrupted/100k_blur_15x15_s5/train/T080028.png,data/corrupted/100k_blur_15x15_s5/train/T080028.png,3583,LOW,5%,1
T080057,365453,6890,data/corrupted/100k_blur_15x15_s5/train/T080057.png,data/corrupted/100k_blur_15x15_s5/train/T080057.png,2609,LOW,5%,1
T080073,365445,6890,data/corrupted/100k_blur_15x15_s5/train/T080073.png,data/corrupted/100k_blur_15x15_s5/train/T080073.png,8470,LOW,5%,1
T080076,365458,6890,data/corrupted/100k_blur_15x15_s5/train/T080076.png,data/corrupted/100k_blur_15x15_s5/train/T080076.png,3154,LOW,5%,1
T080120,368544,6962,data/corrupted/100k_blur_15x15_s5/train/T080120.png,data/corrupted/100k_blur_15x15_s5/train/T080120.png,914,LOW,5%,1
T080128,368562,6962,data/corrupted/100k_blur_15x15_s5/train/T080128.png,data/corrupted/100k_blur_15x15_s5/train/T080128.png,404,LOW,5%,1
T080133,368522,6962,data/corrupted/100k_blur_15x15_s5/train/T080133.png,data/corrupted/100k_blur_15x15_s5/train/T080133.png,1504,LOW,5%,1
T080141,368516,6962,data/corrupted/100k_blur_15x15_s5/train/T080141.png,data/corrupted/100k_blur_15x15_s5/train/T080141.png,7991,LOW,5%,1
T080162,399008,7786,data/corrupted/100k_blur_15x15_s5/train/T080162.png,data/corrupted/100k_blur_15x15_s5/train/T080162.png,5830,LOW,5%,1
T080172,398992,7786,data/corrupted/100k_blur_15x15_s5/train/T080172.png,data/corrupted/100k_blur_15x15_s5/train/T080172.png,2707,LOW,5%,1
T080174,399018,7786,data/corrupted/100k_blur_15x15_s5/train/T080174.png,data/corrupted/100k_blur_15x15_s5/train/T080174.png,5063,LOW,5%,1
T080177,399023,7786,data/corrupted/100k_blur_15x15_s5/train/T080177.png,data/corrupted/100k_blur_15x15_s5/train/T080177.png,799,LOW,5%,1
T080180,399034,7786,data/corrupted/100k_blur_15x15_s5/train/T080180.png,data/corrupted/100k_blur_15x15_s5/train/T080180.png,5812,LOW,5%,1
T080197,399019,7786,data/corrupted/100k_blur_15x15_s5/train/T080197.png,data/corrupted/100k_blur_15x15_s5/train/T080197.png,203,LOW,5%,1
T080209,425715,8541,data/corrupted/100k_blur_15x15_s5/train/T080209.png,data/corrupted/100k_blur_15x15_s5/train/T080209.png,6198,LOW,5%,1
T080219,425697,8541,data/corrupted/100k_blur_15x15_s5/train/T080219.png,data/corrupted/100k_blur_15x15_s5/train/T080219.png,9229,LOW,5%,1
T080220,425699,8541,data/corrupted/100k_blur_15x15_s5/train/T080220.png,data/corrupted/100k_blur_15x15_s5/train/T080220.png,6049,LOW,5%,1
T080236,425678,8541,data/corrupted/100k_blur_15x15_s5/train/T080236.png,data/corrupted/100k_blur_15x15_s5/train/T080236.png,1266,LOW,5%,1
T080239,425709,8541,data/corrupted/100k_blur_15x15_s5/train/T080239.png,data/corrupted/100k_blur_15x15_s5/train/T080239.png,1981,LOW,5%,1
T080245,425682,8541,data/corrupted/100k_blur_15x15_s5/train/T080245.png,data/corrupted/100k_blur_15x15_s5/train/T080245.png,8695,LOW,5%,1
T080301,331,2,data/corrupted/100k_blur_15x15_s5/train/T080301.png,data/corrupted/100k_blur_15x15_s5/train/T080301.png,2218,LOW,5%,1
T080302,314,2,data/corrupted/100k_blur_15x15_s5/train/T080302.png,data/corrupted/100k_blur_15x15_s5/train/T080302.png,513,LOW,5%,1
T080394,5125,30,data/corrupted/100k_blur_15x15_s5/train/T080394.png,data/corrupted/100k_blur_15x15_s5/train/T080394.png,484,LOW,5%,1
T080434,27425,226,data/corrupted/100k_blur_15x15_s5/train/T080434.png,data/corrupted/100k_blur_15x15_s5/train/T080434.png,3591,LOW,5%,1
T080468,29845,248,data/corrupted/100k_blur_15x15_s5/train/T080468.png,data/corrupted/100k_blur_15x15_s5/train/T080468.png,8047,LOW,5%,1
T080509,38724,367,data/corrupted/100k_blur_15x15_s5/train/T080509.png,data/corrupted/100k_blur_15x15_s5/train/T080509.png,760,LOW,5%,1
T080531,38725,367,data/corrupted/100k_blur_15x15_s5/train/T080531.png,data/corrupted/100k_blur_15x15_s5/train/T080531.png,87,LOW,5%,1
T080552,84853,1023,data/corrupted/100k_blur_15x15_s5/train/T080552.png,data/corrupted/100k_blur_15x15_s5/train/T080552.png,1539,LOW,5%,1
T080583,84895,1023,data/corrupted/100k_blur_15x15_s5/train/T080583.png,data/corrupted/100k_blur_15x15_s5/train/T080583.png,3697,LOW,5%,1
T080584,84888,1023,data/corrupted/100k_blur_15x15_s5/train/T080584.png,data/corrupted/100k_blur_15x15_s5/train/T080584.png,8339,LOW,5%,1
T080660,108836,1337,data/corrupted/100k_blur_15x15_s5/train/T080660.png,data/corrupted/100k_blur_15x15_s5/train/T080660.png,9771,LOW,5%,1
T080687,108870,1337,data/corrupted/100k_blur_15x15_s5/train/T080687.png,data/corrupted/100k_blur_15x15_s5/train/T080687.png,4818,LOW,5%,1
T080699,108850,1337,data/corrupted/100k_blur_15x15_s5/train/T080699.png,data/corrupted/100k_blur_15x15_s5/train/T080699.png,8658,LOW,5%,1
T080703,145266,2118,data/corrupted/100k_blur_15x15_s5/train/T080703.png,data/corrupted/100k_blur_15x15_s5/train/T080703.png,1910,LOW,5%,1
T080781,156437,2358,data/corrupted/100k_blur_15x15_s5/train/T080781.png,data/corrupted/100k_blur_15x15_s5/train/T080781.png,771,LOW,5%,1
T080829,200444,3270,data/corrupted/100k_blur_15x15_s5/train/T080829.png,data/corrupted/100k_blur_15x15_s5/train/T080829.png,899,LOW,5%,1
T080844,200486,3270,data/corrupted/100k_blur_15x15_s5/train/T080844.png,data/corrupted/100k_blur_15x15_s5/train/T080844.png,544,LOW,5%,1
T080845,200494,3270,data/corrupted/100k_blur_15x15_s5/train/T080845.png,data/corrupted/100k_blur_15x15_s5/train/T080845.png,196,LOW,5%,1
T080896,214200,3567,data/corrupted/100k_blur_15x15_s5/train/T080896.png,data/corrupted/100k_blur_15x15_s5/train/T080896.png,237,LOW,5%,1
T080908,217489,3639,data/corrupted/100k_blur_15x15_s5/train/T080908.png,data/corrupted/100k_blur_15x15_s5/train/T080908.png,314,LOW,5%,1
T080965,226336,3822,data/corrupted/100k_blur_15x15_s5/train/T080965.png,data/corrupted/100k_blur_15x15_s5/train/T080965.png,175,LOW,5%,1
T080968,226314,3822,data/corrupted/100k_blur_15x15_s5/train/T080968.png,data/corrupted/100k_blur_15x15_s5/train/T080968.png,6488,LOW,5%,1
T080994,226303,3822,data/corrupted/100k_blur_15x15_s5/train/T080994.png,data/corrupted/100k_blur_15x15_s5/train/T080994.png,2646,LOW,5%,1
T080996,226326,3822,data/corrupted/100k_blur_15x15_s5/train/T080996.png,data/corrupted/100k_blur_15x15_s5/train/T080996.png,4204,LOW,5%,1
T081011,236307,4043,data/corrupted/100k_blur_15x15_s5/train/T081011.png,data/corrupted/100k_blur_15x15_s5/train/T081011.png,4478,LOW,5%,1
T081017,236320,4043,data/corrupted/100k_blur_15x15_s5/train/T081017.png,data/corrupted/100k_blur_15x15_s5/train/T081017.png,7987,LOW,5%,1
T081025,236351,4043,data/corrupted/100k_blur_15x15_s5/train/T081025.png,data/corrupted/100k_blur_15x15_s5/train/T081025.png,2956,LOW,5%,1
T081028,236332,4043,data/corrupted/100k_blur_15x15_s5/train/T081028.png,data/corrupted/100k_blur_15x15_s5/train/T081028.png,421,LOW,5%,1
T081073,413494,8186,data/corrupted/100k_blur_15x15_s5/train/T081073.png,data/corrupted/100k_blur_15x15_s5/train/T081073.png,7593,LOW,5%,1
T081091,413466,8186,data/corrupted/100k_blur_15x15_s5/train/T081091.png,data/corrupted/100k_blur_15x15_s5/train/T081091.png,5127,LOW,5%,1
T081093,413524,8186,data/corrupted/100k_blur_15x15_s5/train/T081093.png,data/corrupted/100k_blur_15x15_s5/train/T081093.png,2023,LOW,5%,1
T081126,415277,8241,data/corrupted/100k_blur_15x15_s5/train/T081126.png,data/corrupted/100k_blur_15x15_s5/train/T081126.png,4862,LOW,5%,1
T081137,415265,8241,data/corrupted/100k_blur_15x15_s5/train/T081137.png,data/corrupted/100k_blur_15x15_s5/train/T081137.png,5364,LOW,5%,1
T081142,415254,8241,data/corrupted/100k_blur_15x15_s5/train/T081142.png,data/corrupted/100k_blur_15x15_s5/train/T081142.png,88,LOW,5%,1
T081151,415669,8258,data/corrupted/100k_blur_15x15_s5/train/T081151.png,data/corrupted/100k_blur_15x15_s5/train/T081151.png,2629,LOW,5%,1
T081161,415682,8258,data/corrupted/100k_blur_15x15_s5/train/T081161.png,data/corrupted/100k_blur_15x15_s5/train/T081161.png,199,LOW,5%,1
T081164,415653,8258,data/corrupted/100k_blur_15x15_s5/train/T081164.png,data/corrupted/100k_blur_15x15_s5/train/T081164.png,398,LOW,5%,1
T081169,415677,8258,data/corrupted/100k_blur_15x15_s5/train/T081169.png,data/corrupted/100k_blur_15x15_s5/train/T081169.png,3901,LOW,5%,1
T081189,415691,8258,data/corrupted/100k_blur_15x15_s5/train/T081189.png,data/corrupted/100k_blur_15x15_s5/train/T081189.png,232,LOW,5%,1
T081192,415690,8258,data/corrupted/100k_blur_15x15_s5/train/T081192.png,data/corrupted/100k_blur_15x15_s5/train/T081192.png,3585,LOW,5%,1
T081211,437873,8859,data/corrupted/100k_blur_15x15_s5/train/T081211.png,data/corrupted/100k_blur_15x15_s5/train/T081211.png,1592,LOW,5%,1
T081259,453427,9323,data/corrupted/100k_blur_15x15_s5/train/T081259.png,data/corrupted/100k_blur_15x15_s5/train/T081259.png,9235,LOW,5%,1
T081261,453444,9323,data/corrupted/100k_blur_15x15_s5/train/T081261.png,data/corrupted/100k_blur_15x15_s5/train/T081261.png,4334,LOW,5%,1
T081265,453432,9323,data/corrupted/100k_blur_15x15_s5/train/T081265.png,data/corrupted/100k_blur_15x15_s5/train/T081265.png,5511,LOW,5%,1
T081268,453423,9323,data/corrupted/100k_blur_15x15_s5/train/T081268.png,data/corrupted/100k_blur_15x15_s5/train/T081268.png,6198,LOW,5%,1
T081273,453459,9323,data/corrupted/100k_blur_15x15_s5/train/T081273.png,data/corrupted/100k_blur_15x15_s5/train/T081273.png,237,LOW,5%,1
T081278,453463,9323,data/corrupted/100k_blur_15x15_s5/train/T081278.png,data/corrupted/100k_blur_15x15_s5/train/T081278.png,3004,LOW,5%,1
T081279,453422,9323,data/corrupted/100k_blur_15x15_s5/train/T081279.png,data/corrupted/100k_blur_15x15_s5/train/T081279.png,749,LOW,5%,1
T081297,453451,9323,data/corrupted/100k_blur_15x15_s5/train/T081297.png,data/corrupted/100k_blur_15x15_s5/train/T081297.png,9175,LOW,5%,1
T081298,453470,9323,data/corrupted/100k_blur_15x15_s5/train/T081298.png,data/corrupted/100k_blur_15x15_s5/train/T081298.png,220,LOW,5%,1
T081307,476881,10071,data/corrupted/100k_blur_15x15_s5/train/T081307.png,data/corrupted/100k_blur_15x15_s5/train/T081307.png,6425,LOW,5%,1
T081316,476853,10071,data/corrupted/100k_blur_15x15_s5/train/T081316.png,data/corrupted/100k_blur_15x15_s5/train/T081316.png,3139,LOW,5%,1
T081331,476861,10071,data/corrupted/100k_blur_15x15_s5/train/T081331.png,data/corrupted/100k_blur_15x15_s5/train/T081331.png,6357,LOW,5%,1
T081333,476841,10071,data/corrupted/100k_blur_15x15_s5/train/T081333.png,data/corrupted/100k_blur_15x15_s5/train/T081333.png,8781,LOW,5%,1
T081343,476849,10071,data/corrupted/100k_blur_15x15_s5/train/T081343.png,data/corrupted/100k_blur_15x15_s5/train/T081343.png,8075,LOW,5%,1
T081349,476832,10071,data/corrupted/100k_blur_15x15_s5/train/T081349.png,data/corrupted/100k_blur_15x15_s5/train/T081349.png,9401,LOW,5%,1
T081383,482968,10281,data/corrupted/100k_blur_15x15_s5/train/T081383.png,data/corrupted/100k_blur_15x15_s5/train/T081383.png,4576,LOW,5%,1
T081399,482993,10281,data/corrupted/100k_blur_15x15_s5/train/T081399.png,data/corrupted/100k_blur_15x15_s5/train/T081399.png,129,LOW,5%,1
T081437,76186,917,data/corrupted/100k_blur_15x15_s5/train/T081437.png,data/corrupted/100k_blur_15x15_s5/train/T081437.png,658,LOW,5%,1
T081470,76895,926,data/corrupted/100k_blur_15x15_s5/train/T081470.png,data/corrupted/100k_blur_15x15_s5/train/T081470.png,2080,LOW,5%,1
T081474,76899,926,data/corrupted/100k_blur_15x15_s5/train/T081474.png,data/corrupted/100k_blur_15x15_s5/train/T081474.png,322,LOW,5%,1
T081524,131441,1824,data/corrupted/100k_blur_15x15_s5/train/T081524.png,data/corrupted/100k_blur_15x15_s5/train/T081524.png,6437,LOW,5%,1
T081545,131423,1824,data/corrupted/100k_blur_15x15_s5/train/T081545.png,data/corrupted/100k_blur_15x15_s5/train/T081545.png,3434,LOW,5%,1
T081552,143643,2084,data/corrupted/100k_blur_15x15_s5/train/T081552.png,data/corrupted/100k_blur_15x15_s5/train/T081552.png,1194,LOW,5%,1
T081591,143645,2084,data/corrupted/100k_blur_15x15_s5/train/T081591.png,data/corrupted/100k_blur_15x15_s5/train/T081591.png,8700,LOW,5%,1
T081598,143654,2084,data/corrupted/100k_blur_15x15_s5/train/T081598.png,data/corrupted/100k_blur_15x15_s5/train/T081598.png,5004,LOW,5%,1
T081601,199862,3253,data/corrupted/100k_blur_15x15_s5/train/T081601.png,data/corrupted/100k_blur_15x15_s5/train/T081601.png,10177,LOW,5%,1
T081612,199889,3253,data/corrupted/100k_blur_15x15_s5/train/T081612.png,data/corrupted/100k_blur_15x15_s5/train/T081612.png,863,LOW,5%,1
T081629,199884,3253,data/corrupted/100k_blur_15x15_s5/train/T081629.png,data/corrupted/100k_blur_15x15_s5/train/T081629.png,844,LOW,5%,1
T081690,200098,3259,data/corrupted/100k_blur_15x15_s5/train/T081690.png,data/corrupted/100k_blur_15x15_s5/train/T081690.png,2444,LOW,5%,1
T081694,200082,3259,data/corrupted/100k_blur_15x15_s5/train/T081694.png,data/corrupted/100k_blur_15x15_s5/train/T081694.png,2918,LOW,5%,1
T081696,200073,3259,data/corrupted/100k_blur_15x15_s5/train/T081696.png,data/corrupted/100k_blur_15x15_s5/train/T081696.png,3922,LOW,5%,1
T081799,236687,4048,data/corrupted/100k_blur_15x15_s5/train/T081799.png,data/corrupted/100k_blur_15x15_s5/train/T081799.png,626,LOW,5%,1
T081834,249992,4322,data/corrupted/100k_blur_15x15_s5/train/T081834.png,data/corrupted/100k_blur_15x15_s5/train/T081834.png,97,LOW,5%,1
T081847,249993,4322,data/corrupted/100k_blur_15x15_s5/train/T081847.png,data/corrupted/100k_blur_15x15_s5/train/T081847.png,2916,LOW,5%,1
T081877,250480,4334,data/corrupted/100k_blur_15x15_s5/train/T081877.png,data/corrupted/100k_blur_15x15_s5/train/T081877.png,6745,LOW,5%,1
T081917,270847,4783,data/corrupted/100k_blur_15x15_s5/train/T081917.png,data/corrupted/100k_blur_15x15_s5/train/T081917.png,1019,LOW,5%,1
T081922,270821,4783,data/corrupted/100k_blur_15x15_s5/train/T081922.png,data/corrupted/100k_blur_15x15_s5/train/T081922.png,2387,LOW,5%,1
T081931,270829,4783,data/corrupted/100k_blur_15x15_s5/train/T081931.png,data/corrupted/100k_blur_15x15_s5/train/T081931.png,145,LOW,5%,1
T081941,270830,4783,data/corrupted/100k_blur_15x15_s5/train/T081941.png,data/corrupted/100k_blur_15x15_s5/train/T081941.png,1017,LOW,5%,1
T081949,270850,4783,data/corrupted/100k_blur_15x15_s5/train/T081949.png,data/corrupted/100k_blur_15x15_s5/train/T081949.png,2740,LOW,5%,1
T082027,323445,5955,data/corrupted/100k_blur_15x15_s5/train/T082027.png,data/corrupted/100k_blur_15x15_s5/train/T082027.png,2471,LOW,5%,1
T082051,331190,6109,data/corrupted/100k_blur_15x15_s5/train/T082051.png,data/corrupted/100k_blur_15x15_s5/train/T082051.png,5592,LOW,5%,1
T082060,331181,6109,data/corrupted/100k_blur_15x15_s5/train/T082060.png,data/corrupted/100k_blur_15x15_s5/train/T082060.png,3648,LOW,5%,1
T082061,331193,6109,data/corrupted/100k_blur_15x15_s5/train/T082061.png,data/corrupted/100k_blur_15x15_s5/train/T082061.png,3618,LOW,5%,1
T082063,331194,6109,data/corrupted/100k_blur_15x15_s5/train/T082063.png,data/corrupted/100k_blur_15x15_s5/train/T082063.png,8732,LOW,5%,1
T082073,331167,6109,data/corrupted/100k_blur_15x15_s5/train/T082073.png,data/corrupted/100k_blur_15x15_s5/train/T082073.png,835,LOW,5%,1
T082078,331201,6109,data/corrupted/100k_blur_15x15_s5/train/T082078.png,data/corrupted/100k_blur_15x15_s5/train/T082078.png,6777,LOW,5%,1
T082084,331189,6109,data/corrupted/100k_blur_15x15_s5/train/T082084.png,data/corrupted/100k_blur_15x15_s5/train/T082084.png,7518,LOW,5%,1
T082091,331168,6109,data/corrupted/100k_blur_15x15_s5/train/T082091.png,data/corrupted/100k_blur_15x15_s5/train/T082091.png,7176,LOW,5%,1
T082117,335235,6202,data/corrupted/100k_blur_15x15_s5/train/T082117.png,data/corrupted/100k_blur_15x15_s5/train/T082117.png,9034,LOW,5%,1
T082132,335233,6202,data/corrupted/100k_blur_15x15_s5/train/T082132.png,data/corrupted/100k_blur_15x15_s5/train/T082132.png,8737,LOW,5%,1
T082171,364557,6864,data/corrupted/100k_blur_15x15_s5/train/T082171.png,data/corrupted/100k_blur_15x15_s5/train/T082171.png,3775,LOW,5%,1
T082173,364526,6864,data/corrupted/100k_blur_15x15_s5/train/T082173.png,data/corrupted/100k_blur_15x15_s5/train/T082173.png,2289,LOW,5%,1
T082187,364562,6864,data/corrupted/100k_blur_15x15_s5/train/T082187.png,data/corrupted/100k_blur_15x15_s5/train/T082187.png,567,LOW,5%,1
T082197,364508,6864,data/corrupted/100k_blur_15x15_s5/train/T082197.png,data/corrupted/100k_blur_15x15_s5/train/T082197.png,2633,LOW,5%,1
T082211,368250,6954,data/corrupted/100k_blur_15x15_s5/train/T082211.png,data/corrupted/100k_blur_15x15_s5/train/T082211.png,5233,LOW,5%,1
T082223,368212,6954,data/corrupted/100k_blur_15x15_s5/train/T082223.png,data/corrupted/100k_blur_15x15_s5/train/T082223.png,22,LOW,5%,1
T082232,368220,6954,data/corrupted/100k_blur_15x15_s5/train/T082232.png,data/corrupted/100k_blur_15x15_s5/train/T082232.png,921,LOW,5%,1
T082295,375739,7128,data/corrupted/100k_blur_15x15_s5/train/T082295.png,data/corrupted/100k_blur_15x15_s5/train/T082295.png,9189,LOW,5%,1
T082345,391809,7593,data/corrupted/100k_blur_15x15_s5/train/T082345.png,data/corrupted/100k_blur_15x15_s5/train/T082345.png,81,LOW,5%,1
T082357,421561,8408,data/corrupted/100k_blur_15x15_s5/train/T082357.png,data/corrupted/100k_blur_15x15_s5/train/T082357.png,2274,LOW,5%,1
T082382,421567,8408,data/corrupted/100k_blur_15x15_s5/train/T082382.png,data/corrupted/100k_blur_15x15_s5/train/T082382.png,2099,LOW,5%,1
T082387,421588,8408,data/corrupted/100k_blur_15x15_s5/train/T082387.png,data/corrupted/100k_blur_15x15_s5/train/T082387.png,3209,LOW,5%,1
T082404,433967,8763,data/corrupted/100k_blur_15x15_s5/train/T082404.png,data/corrupted/100k_blur_15x15_s5/train/T082404.png,4161,LOW,5%,1
T082412,433954,8763,data/corrupted/100k_blur_15x15_s5/train/T082412.png,data/corrupted/100k_blur_15x15_s5/train/T082412.png,6483,LOW,5%,1
T082427,433951,8763,data/corrupted/100k_blur_15x15_s5/train/T082427.png,data/corrupted/100k_blur_15x15_s5/train/T082427.png,8532,LOW,5%,1
T082436,433947,8763,data/corrupted/100k_blur_15x15_s5/train/T082436.png,data/corrupted/100k_blur_15x15_s5/train/T082436.png,2715,LOW,5%,1
T082440,433925,8763,data/corrupted/100k_blur_15x15_s5/train/T082440.png,data/corrupted/100k_blur_15x15_s5/train/T082440.png,684,LOW,5%,1
T082457,438191,8867,data/corrupted/100k_blur_15x15_s5/train/T082457.png,data/corrupted/100k_blur_15x15_s5/train/T082457.png,8828,LOW,5%,1
T082470,438167,8867,data/corrupted/100k_blur_15x15_s5/train/T082470.png,data/corrupted/100k_blur_15x15_s5/train/T082470.png,350,LOW,5%,1
T082479,438175,8867,data/corrupted/100k_blur_15x15_s5/train/T082479.png,data/corrupted/100k_blur_15x15_s5/train/T082479.png,4499,LOW,5%,1
T082518,439678,8914,data/corrupted/100k_blur_15x15_s5/train/T082518.png,data/corrupted/100k_blur_15x15_s5/train/T082518.png,4375,LOW,5%,1
T082521,439668,8914,data/corrupted/100k_blur_15x15_s5/train/T082521.png,data/corrupted/100k_blur_15x15_s5/train/T082521.png,1034,LOW,5%,1
T082560,440083,8926,data/corrupted/100k_blur_15x15_s5/train/T082560.png,data/corrupted/100k_blur_15x15_s5/train/T082560.png,8050,LOW,5%,1
T082576,440053,8926,data/corrupted/100k_blur_15x15_s5/train/T082576.png,data/corrupted/100k_blur_15x15_s5/train/T082576.png,1189,LOW,5%,1
T082583,440054,8926,data/corrupted/100k_blur_15x15_s5/train/T082583.png,data/corrupted/100k_blur_15x15_s5/train/T082583.png,2842,LOW,5%,1
T082615,448042,9175,data/corrupted/100k_blur_15x15_s5/train/T082615.png,data/corrupted/100k_blur_15x15_s5/train/T082615.png,1866,LOW,5%,1
T082616,448055,9175,data/corrupted/100k_blur_15x15_s5/train/T082616.png,data/corrupted/100k_blur_15x15_s5/train/T082616.png,7937,LOW,5%,1
T082630,448041,9175,data/corrupted/100k_blur_15x15_s5/train/T082630.png,data/corrupted/100k_blur_15x15_s5/train/T082630.png,3936,LOW,5%,1
T082633,448032,9175,data/corrupted/100k_blur_15x15_s5/train/T082633.png,data/corrupted/100k_blur_15x15_s5/train/T082633.png,8088,LOW,5%,1
T082652,449969,9230,data/corrupted/100k_blur_15x15_s5/train/T082652.png,data/corrupted/100k_blur_15x15_s5/train/T082652.png,10065,LOW,5%,1
T082655,449949,9230,data/corrupted/100k_blur_15x15_s5/train/T082655.png,data/corrupted/100k_blur_15x15_s5/train/T082655.png,3470,LOW,5%,1
T082669,449943,9230,data/corrupted/100k_blur_15x15_s5/train/T082669.png,data/corrupted/100k_blur_15x15_s5/train/T082669.png,9087,LOW,5%,1
T082684,449910,9230,data/corrupted/100k_blur_15x15_s5/train/T082684.png,data/corrupted/100k_blur_15x15_s5/train/T082684.png,1062,LOW,5%,1
T082692,449941,9230,data/corrupted/100k_blur_15x15_s5/train/T082692.png,data/corrupted/100k_blur_15x15_s5/train/T082692.png,1292,LOW,5%,1
T082698,449917,9230,data/corrupted/100k_blur_15x15_s5/train/T082698.png,data/corrupted/100k_blur_15x15_s5/train/T082698.png,315,LOW,5%,1
T082730,470401,9853,data/corrupted/100k_blur_15x15_s5/train/T082730.png,data/corrupted/100k_blur_15x15_s5/train/T082730.png,5624,LOW,5%,1
T082743,470446,9853,data/corrupted/100k_blur_15x15_s5/train/T082743.png,data/corrupted/100k_blur_15x15_s5/train/T082743.png,5447,LOW,5%,1
T082754,479081,10145,data/corrupted/100k_blur_15x15_s5/train/T082754.png,data/corrupted/100k_blur_15x15_s5/train/T082754.png,8169,LOW,5%,1
T082771,479134,10145,data/corrupted/100k_blur_15x15_s5/train/T082771.png,data/corrupted/100k_blur_15x15_s5/train/T082771.png,899,LOW,5%,1
T082789,479099,10145,data/corrupted/100k_blur_15x15_s5/train/T082789.png,data/corrupted/100k_blur_15x15_s5/train/T082789.png,7600,LOW,5%,1
T082803,485331,10359,data/corrupted/100k_blur_15x15_s5/train/T082803.png,data/corrupted/100k_blur_15x15_s5/train/T082803.png,469,LOW,5%,1
T082839,485320,10359,data/corrupted/100k_blur_15x15_s5/train/T082839.png,data/corrupted/100k_blur_15x15_s5/train/T082839.png,2986,LOW,5%,1
T082852,57177,614,data/corrupted/100k_blur_15x15_s5/train/T082852.png,data/corrupted/100k_blur_15x15_s5/train/T082852.png,5629,LOW,5%,1
T082929,59299,649,data/corrupted/100k_blur_15x15_s5/train/T082929.png,data/corrupted/100k_blur_15x15_s5/train/T082929.png,7127,LOW,5%,1
T082934,59309,649,data/corrupted/100k_blur_15x15_s5/train/T082934.png,data/corrupted/100k_blur_15x15_s5/train/T082934.png,1545,LOW,5%,1
T082944,59272,649,data/corrupted/100k_blur_15x15_s5/train/T082944.png,data/corrupted/100k_blur_15x15_s5/train/T082944.png,2740,LOW,5%,1
T082976,64442,730,data/corrupted/100k_blur_15x15_s5/train/T082976.png,data/corrupted/100k_blur_15x15_s5/train/T082976.png,1976,LOW,5%,1
T082981,64412,730,data/corrupted/100k_blur_15x15_s5/train/T082981.png,data/corrupted/100k_blur_15x15_s5/train/T082981.png,19,LOW,5%,1
T082982,64429,730,data/corrupted/100k_blur_15x15_s5/train/T082982.png,data/corrupted/100k_blur_15x15_s5/train/T082982.png,5191,LOW,5%,1
T082984,64454,730,data/corrupted/100k_blur_15x15_s5/train/T082984.png,data/corrupted/100k_blur_15x15_s5/train/T082984.png,1236,LOW,5%,1
T083003,69873,835,data/corrupted/100k_blur_15x15_s5/train/T083003.png,data/corrupted/100k_blur_15x15_s5/train/T083003.png,9115,LOW,5%,1
T083015,69859,835,data/corrupted/100k_blur_15x15_s5/train/T083015.png,data/corrupted/100k_blur_15x15_s5/train/T083015.png,2188,LOW,5%,1
T083051,74635,891,data/corrupted/100k_blur_15x15_s5/train/T083051.png,data/corrupted/100k_blur_15x15_s5/train/T083051.png,453,LOW,5%,1
T083074,74690,891,data/corrupted/100k_blur_15x15_s5/train/T083074.png,data/corrupted/100k_blur_15x15_s5/train/T083074.png,7610,LOW,5%,1
T083086,74641,891,data/corrupted/100k_blur_15x15_s5/train/T083086.png,data/corrupted/100k_blur_15x15_s5/train/T083086.png,2385,LOW,5%,1
T083089,74684,891,data/corrupted/100k_blur_15x15_s5/train/T083089.png,data/corrupted/100k_blur_15x15_s5/train/T083089.png,5968,LOW,5%,1
T083140,79853,967,data/corrupted/100k_blur_15x15_s5/train/T083140.png,data/corrupted/100k_blur_15x15_s5/train/T083140.png,7002,LOW,5%,1
T083188,88456,1074,data/corrupted/100k_blur_15x15_s5/train/T083188.png,data/corrupted/100k_blur_15x15_s5/train/T083188.png,9401,LOW,5%,1
T083193,88483,1074,data/corrupted/100k_blur_15x15_s5/train/T083193.png,data/corrupted/100k_blur_15x15_s5/train/T083193.png,61,LOW,5%,1
T083200,90351,1099,data/corrupted/100k_blur_15x15_s5/train/T083200.png,data/corrupted/100k_blur_15x15_s5/train/T083200.png,854,LOW,5%,1
T083221,90359,1099,data/corrupted/100k_blur_15x15_s5/train/T083221.png,data/corrupted/100k_blur_15x15_s5/train/T083221.png,1123,LOW,5%,1
T083269,107341,1318,data/corrupted/100k_blur_15x15_s5/train/T083269.png,data/corrupted/100k_blur_15x15_s5/train/T083269.png,3936,LOW,5%,1
T083294,107322,1318,data/corrupted/100k_blur_15x15_s5/train/T083294.png,data/corrupted/100k_blur_15x15_s5/train/T083294.png,1861,LOW,5%,1
T083303,110584,1384,data/corrupted/100k_blur_15x15_s5/train/T083303.png,data/corrupted/100k_blur_15x15_s5/train/T083303.png,6237,LOW,5%,1
T083314,110595,1384,data/corrupted/100k_blur_15x15_s5/train/T083314.png,data/corrupted/100k_blur_15x15_s5/train/T083314.png,6756,LOW,5%,1
T083324,110592,1384,data/corrupted/100k_blur_15x15_s5/train/T083324.png,data/corrupted/100k_blur_15x15_s5/train/T083324.png,3274,LOW,5%,1
T083326,110576,1384,data/corrupted/100k_blur_15x15_s5/train/T083326.png,data/corrupted/100k_blur_15x15_s5/train/T083326.png,6459,LOW,5%,1
T083329,110577,1384,data/corrupted/100k_blur_15x15_s5/train/T083329.png,data/corrupted/100k_blur_15x15_s5/train/T083329.png,7002,LOW,5%,1
T083341,110575,1384,data/corrupted/100k_blur_15x15_s5/train/T083341.png,data/corrupted/100k_blur_15x15_s5/train/T083341.png,721,LOW,5%,1
T083366,112773,1439,data/corrupted/100k_blur_15x15_s5/train/T083366.png,data/corrupted/100k_blur_15x15_s5/train/T083366.png,2935,LOW,5%,1
T083406,122031,1639,data/corrupted/100k_blur_15x15_s5/train/T083406.png,data/corrupted/100k_blur_15x15_s5/train/T083406.png,1014,LOW,5%,1
T083408,122012,1639,data/corrupted/100k_blur_15x15_s5/train/T083408.png,data/corrupted/100k_blur_15x15_s5/train/T083408.png,1124,LOW,5%,1
T083436,122015,1639,data/corrupted/100k_blur_15x15_s5/train/T083436.png,data/corrupted/100k_blur_15x15_s5/train/T083436.png,23,LOW,5%,1
T083485,127331,1758,data/corrupted/100k_blur_15x15_s5/train/T083485.png,data/corrupted/100k_blur_15x15_s5/train/T083485.png,4393,LOW,5%,1
T083492,127367,1758,data/corrupted/100k_blur_15x15_s5/train/T083492.png,data/corrupted/100k_blur_15x15_s5/train/T083492.png,3606,LOW,5%,1
T083510,132749,1861,data/corrupted/100k_blur_15x15_s5/train/T083510.png,data/corrupted/100k_blur_15x15_s5/train/T083510.png,2544,LOW,5%,1
T083554,143137,2075,data/corrupted/100k_blur_15x15_s5/train/T083554.png,data/corrupted/100k_blur_15x15_s5/train/T083554.png,641,LOW,5%,1
T083573,143169,2075,data/corrupted/100k_blur_15x15_s5/train/T083573.png,data/corrupted/100k_blur_15x15_s5/train/T083573.png,3721,LOW,5%,1
T083574,143107,2075,data/corrupted/100k_blur_15x15_s5/train/T083574.png,data/corrupted/100k_blur_15x15_s5/train/T083574.png,4693,LOW,5%,1
T083583,143136,2075,data/corrupted/100k_blur_15x15_s5/train/T083583.png,data/corrupted/100k_blur_15x15_s5/train/T083583.png,9237,LOW,5%,1
T083586,143147,2075,data/corrupted/100k_blur_15x15_s5/train/T083586.png,data/corrupted/100k_blur_15x15_s5/train/T083586.png,8,LOW,5%,1
T083619,159591,2418,data/corrupted/100k_blur_15x15_s5/train/T083619.png,data/corrupted/100k_blur_15x15_s5/train/T083619.png,7226,LOW,5%,1
T083645,159556,2418,data/corrupted/100k_blur_15x15_s5/train/T083645.png,data/corrupted/100k_blur_15x15_s5/train/T083645.png,5180,LOW,5%,1
T083650,165791,2535,data/corrupted/100k_blur_15x15_s5/train/T083650.png,data/corrupted/100k_blur_15x15_s5/train/T083650.png,5159,LOW,5%,1
T083696,165783,2535,data/corrupted/100k_blur_15x15_s5/train/T083696.png,data/corrupted/100k_blur_15x15_s5/train/T083696.png,2167,LOW,5%,1
T083725,174905,2710,data/corrupted/100k_blur_15x15_s5/train/T083725.png,data/corrupted/100k_blur_15x15_s5/train/T083725.png,4603,LOW,5%,1
T083756,182189,2851,data/corrupted/100k_blur_15x15_s5/train/T083756.png,data/corrupted/100k_blur_15x15_s5/train/T083756.png,7269,LOW,5%,1
T083765,182194,2851,data/corrupted/100k_blur_15x15_s5/train/T083765.png,data/corrupted/100k_blur_15x15_s5/train/T083765.png,6605,LOW,5%,1
T083812,192975,3090,data/corrupted/100k_blur_15x15_s5/train/T083812.png,data/corrupted/100k_blur_15x15_s5/train/T083812.png,9558,LOW,5%,1
T083816,192980,3090,data/corrupted/100k_blur_15x15_s5/train/T083816.png,data/corrupted/100k_blur_15x15_s5/train/T083816.png,6261,LOW,5%,1
T083828,192970,3090,data/corrupted/100k_blur_15x15_s5/train/T083828.png,data/corrupted/100k_blur_15x15_s5/train/T083828.png,4693,LOW,5%,1
T083862,211292,3491,data/corrupted/100k_blur_15x15_s5/train/T083862.png,data/corrupted/100k_blur_15x15_s5/train/T083862.png,8737,LOW,5%,1
T083870,211248,3491,data/corrupted/100k_blur_15x15_s5/train/T083870.png,data/corrupted/100k_blur_15x15_s5/train/T083870.png,3366,LOW,5%,1
T083897,211282,3491,data/corrupted/100k_blur_15x15_s5/train/T083897.png,data/corrupted/100k_blur_15x15_s5/train/T083897.png,976,LOW,5%,1
T083900,230392,3928,data/corrupted/100k_blur_15x15_s5/train/T083900.png,data/corrupted/100k_blur_15x15_s5/train/T083900.png,10359,LOW,5%,1
T083905,230421,3928,data/corrupted/100k_blur_15x15_s5/train/T083905.png,data/corrupted/100k_blur_15x15_s5/train/T083905.png,4978,LOW,5%,1
T083930,230398,3928,data/corrupted/100k_blur_15x15_s5/train/T083930.png,data/corrupted/100k_blur_15x15_s5/train/T083930.png,9119,LOW,5%,1
T083936,230372,3928,data/corrupted/100k_blur_15x15_s5/train/T083936.png,data/corrupted/100k_blur_15x15_s5/train/T083936.png,5319,LOW,5%,1
T083937,230377,3928,data/corrupted/100k_blur_15x15_s5/train/T083937.png,data/corrupted/100k_blur_15x15_s5/train/T083937.png,996,LOW,5%,1
T083975,242368,4169,data/corrupted/100k_blur_15x15_s5/train/T083975.png,data/corrupted/100k_blur_15x15_s5/train/T083975.png,249,LOW,5%,1
T083989,242377,4169,data/corrupted/100k_blur_15x15_s5/train/T083989.png,data/corrupted/100k_blur_15x15_s5/train/T083989.png,513,LOW,5%,1
T084007,253418,4387,data/corrupted/100k_blur_15x15_s5/train/T084007.png,data/corrupted/100k_blur_15x15_s5/train/T084007.png,9118,LOW,5%,1
T084032,253426,4387,data/corrupted/100k_blur_15x15_s5/train/T084032.png,data/corrupted/100k_blur_15x15_s5/train/T084032.png,7610,LOW,5%,1
T084075,294194,5292,data/corrupted/100k_blur_15x15_s5/train/T084075.png,data/corrupted/100k_blur_15x15_s5/train/T084075.png,484,LOW,5%,1
T084107,301356,5452,data/corrupted/100k_blur_15x15_s5/train/T084107.png,data/corrupted/100k_blur_15x15_s5/train/T084107.png,3667,LOW,5%,1
T084119,301343,5452,data/corrupted/100k_blur_15x15_s5/train/T084119.png,data/corrupted/100k_blur_15x15_s5/train/T084119.png,104,LOW,5%,1
T084147,301357,5452,data/corrupted/100k_blur_15x15_s5/train/T084147.png,data/corrupted/100k_blur_15x15_s5/train/T084147.png,7162,LOW,5%,1
T084230,349368,6499,data/corrupted/100k_blur_15x15_s5/train/T084230.png,data/corrupted/100k_blur_15x15_s5/train/T084230.png,3729,LOW,5%,1
T084243,349304,6499,data/corrupted/100k_blur_15x15_s5/train/T084243.png,data/corrupted/100k_blur_15x15_s5/train/T084243.png,101,LOW,5%,1
T084244,349366,6499,data/corrupted/100k_blur_15x15_s5/train/T084244.png,data/corrupted/100k_blur_15x15_s5/train/T084244.png,1815,LOW,5%,1
T084254,357502,6698,data/corrupted/100k_blur_15x15_s5/train/T084254.png,data/corrupted/100k_blur_15x15_s5/train/T084254.png,5317,LOW,5%,1
T084269,357468,6698,data/corrupted/100k_blur_15x15_s5/train/T084269.png,data/corrupted/100k_blur_15x15_s5/train/T084269.png,8298,LOW,5%,1
T084352,378527,7212,data/corrupted/100k_blur_15x15_s5/train/T084352.png,data/corrupted/100k_blur_15x15_s5/train/T084352.png,2000,LOW,5%,1
T084356,378509,7212,data/corrupted/100k_blur_15x15_s5/train/T084356.png,data/corrupted/100k_blur_15x15_s5/train/T084356.png,952,LOW,5%,1
T084363,378534,7212,data/corrupted/100k_blur_15x15_s5/train/T084363.png,data/corrupted/100k_blur_15x15_s5/train/T084363.png,592,LOW,5%,1
T084385,378485,7212,data/corrupted/100k_blur_15x15_s5/train/T084385.png,data/corrupted/100k_blur_15x15_s5/train/T084385.png,5028,LOW,5%,1
T084469,404873,7951,data/corrupted/100k_blur_15x15_s5/train/T084469.png,data/corrupted/100k_blur_15x15_s5/train/T084469.png,718,LOW,5%,1
T084493,404852,7951,data/corrupted/100k_blur_15x15_s5/train/T084493.png,data/corrupted/100k_blur_15x15_s5/train/T084493.png,2544,LOW,5%,1
T084529,430189,8664,data/corrupted/100k_blur_15x15_s5/train/T084529.png,data/corrupted/100k_blur_15x15_s5/train/T084529.png,8617,LOW,5%,1
T084538,430195,8664,data/corrupted/100k_blur_15x15_s5/train/T084538.png,data/corrupted/100k_blur_15x15_s5/train/T084538.png,121,LOW,5%,1
T084548,430236,8664,data/corrupted/100k_blur_15x15_s5/train/T084548.png,data/corrupted/100k_blur_15x15_s5/train/T084548.png,1818,LOW,5%,1
T084563,481560,10231,data/corrupted/100k_blur_15x15_s5/train/T084563.png,data/corrupted/100k_blur_15x15_s5/train/T084563.png,1645,LOW,5%,1
T084565,481497,10231,data/corrupted/100k_blur_15x15_s5/train/T084565.png,data/corrupted/100k_blur_15x15_s5/train/T084565.png,6815,LOW,5%,1
T084569,481544,10231,data/corrupted/100k_blur_15x15_s5/train/T084569.png,data/corrupted/100k_blur_15x15_s5/train/T084569.png,663,LOW,5%,1
T084618,61633,677,data/corrupted/100k_blur_15x15_s5/train/T084618.png,data/corrupted/100k_blur_15x15_s5/train/T084618.png,12,LOW,5%,1
T084624,61597,677,data/corrupted/100k_blur_15x15_s5/train/T084624.png,data/corrupted/100k_blur_15x15_s5/train/T084624.png,6406,LOW,5%,1
T084635,61616,677,data/corrupted/100k_blur_15x15_s5/train/T084635.png,data/corrupted/100k_blur_15x15_s5/train/T084635.png,385,LOW,5%,1
T084657,99376,1212,data/corrupted/100k_blur_15x15_s5/train/T084657.png,data/corrupted/100k_blur_15x15_s5/train/T084657.png,1664,LOW,5%,1
T084662,99359,1212,data/corrupted/100k_blur_15x15_s5/train/T084662.png,data/corrupted/100k_blur_15x15_s5/train/T084662.png,3407,LOW,5%,1
T084663,99404,1212,data/corrupted/100k_blur_15x15_s5/train/T084663.png,data/corrupted/100k_blur_15x15_s5/train/T084663.png,6261,LOW,5%,1
T084680,99408,1212,data/corrupted/100k_blur_15x15_s5/train/T084680.png,data/corrupted/100k_blur_15x15_s5/train/T084680.png,4011,LOW,5%,1
T084688,99407,1212,data/corrupted/100k_blur_15x15_s5/train/T084688.png,data/corrupted/100k_blur_15x15_s5/train/T084688.png,2697,LOW,5%,1
T084691,99365,1212,data/corrupted/100k_blur_15x15_s5/train/T084691.png,data/corrupted/100k_blur_15x15_s5/train/T084691.png,2329,LOW,5%,1
T084694,99392,1212,data/corrupted/100k_blur_15x15_s5/train/T084694.png,data/corrupted/100k_blur_15x15_s5/train/T084694.png,4478,LOW,5%,1
T084766,131899,1838,data/corrupted/100k_blur_15x15_s5/train/T084766.png,data/corrupted/100k_blur_15x15_s5/train/T084766.png,1550,LOW,5%,1
T084775,131881,1838,data/corrupted/100k_blur_15x15_s5/train/T084775.png,data/corrupted/100k_blur_15x15_s5/train/T084775.png,6688,LOW,5%,1
T084776,131921,1838,data/corrupted/100k_blur_15x15_s5/train/T084776.png,data/corrupted/100k_blur_15x15_s5/train/T084776.png,5446,LOW,5%,1
T084818,162517,2471,data/corrupted/100k_blur_15x15_s5/train/T084818.png,data/corrupted/100k_blur_15x15_s5/train/T084818.png,7698,LOW,5%,1
T084827,162509,2471,data/corrupted/100k_blur_15x15_s5/train/T084827.png,data/corrupted/100k_blur_15x15_s5/train/T084827.png,5409,LOW,5%,1
T084842,162559,2471,data/corrupted/100k_blur_15x15_s5/train/T084842.png,data/corrupted/100k_blur_15x15_s5/train/T084842.png,7951,LOW,5%,1
T084843,162508,2471,data/corrupted/100k_blur_15x15_s5/train/T084843.png,data/corrupted/100k_blur_15x15_s5/train/T084843.png,1490,LOW,5%,1
T084846,162548,2471,data/corrupted/100k_blur_15x15_s5/train/T084846.png,data/corrupted/100k_blur_15x15_s5/train/T084846.png,7099,LOW,5%,1
T084879,180037,2806,data/corrupted/100k_blur_15x15_s5/train/T084879.png,data/corrupted/100k_blur_15x15_s5/train/T084879.png,2666,LOW,5%,1
T084888,179992,2806,data/corrupted/100k_blur_15x15_s5/train/T084888.png,data/corrupted/100k_blur_15x15_s5/train/T084888.png,1727,LOW,5%,1
T084894,179977,2806,data/corrupted/100k_blur_15x15_s5/train/T084894.png,data/corrupted/100k_blur_15x15_s5/train/T084894.png,5926,LOW,5%,1
T084911,191394,3055,data/corrupted/100k_blur_15x15_s5/train/T084911.png,data/corrupted/100k_blur_15x15_s5/train/T084911.png,5814,LOW,5%,1
T084914,191418,3055,data/corrupted/100k_blur_15x15_s5/train/T084914.png,data/corrupted/100k_blur_15x15_s5/train/T084914.png,4861,LOW,5%,1
T084935,191413,3055,data/corrupted/100k_blur_15x15_s5/train/T084935.png,data/corrupted/100k_blur_15x15_s5/train/T084935.png,1136,LOW,5%,1
T084938,191421,3055,data/corrupted/100k_blur_15x15_s5/train/T084938.png,data/corrupted/100k_blur_15x15_s5/train/T084938.png,2661,LOW,5%,1
T084978,193121,3095,data/corrupted/100k_blur_15x15_s5/train/T084978.png,data/corrupted/100k_blur_15x15_s5/train/T084978.png,10293,LOW,5%,1
T084985,193171,3095,data/corrupted/100k_blur_15x15_s5/train/T084985.png,data/corrupted/100k_blur_15x15_s5/train/T084985.png,6951,LOW,5%,1
T084995,193176,3095,data/corrupted/100k_blur_15x15_s5/train/T084995.png,data/corrupted/100k_blur_15x15_s5/train/T084995.png,221,LOW,5%,1
T085031,210326,3469,data/corrupted/100k_blur_15x15_s5/train/T085031.png,data/corrupted/100k_blur_15x15_s5/train/T085031.png,988,LOW,5%,1
T085039,210367,3469,data/corrupted/100k_blur_15x15_s5/train/T085039.png,data/corrupted/100k_blur_15x15_s5/train/T085039.png,8408,LOW,5%,1
T085106,232572,3973,data/corrupted/100k_blur_15x15_s5/train/T085106.png,data/corrupted/100k_blur_15x15_s5/train/T085106.png,3586,LOW,5%,1
T085110,232566,3973,data/corrupted/100k_blur_15x15_s5/train/T085110.png,data/corrupted/100k_blur_15x15_s5/train/T085110.png,6756,LOW,5%,1
T085116,232544,3973,data/corrupted/100k_blur_15x15_s5/train/T085116.png,data/corrupted/100k_blur_15x15_s5/train/T085116.png,8346,LOW,5%,1
T085163,255064,4416,data/corrupted/100k_blur_15x15_s5/train/T085163.png,data/corrupted/100k_blur_15x15_s5/train/T085163.png,5889,LOW,5%,1
T085164,255032,4416,data/corrupted/100k_blur_15x15_s5/train/T085164.png,data/corrupted/100k_blur_15x15_s5/train/T085164.png,5846,LOW,5%,1
T085172,255035,4416,data/corrupted/100k_blur_15x15_s5/train/T085172.png,data/corrupted/100k_blur_15x15_s5/train/T085172.png,6405,LOW,5%,1
T085174,255026,4416,data/corrupted/100k_blur_15x15_s5/train/T085174.png,data/corrupted/100k_blur_15x15_s5/train/T085174.png,257,LOW,5%,1
T085181,255022,4416,data/corrupted/100k_blur_15x15_s5/train/T085181.png,data/corrupted/100k_blur_15x15_s5/train/T085181.png,2897,LOW,5%,1
T085182,255045,4416,data/corrupted/100k_blur_15x15_s5/train/T085182.png,data/corrupted/100k_blur_15x15_s5/train/T085182.png,7099,LOW,5%,1
T085216,259454,4506,data/corrupted/100k_blur_15x15_s5/train/T085216.png,data/corrupted/100k_blur_15x15_s5/train/T085216.png,10006,LOW,5%,1
T085221,259448,4506,data/corrupted/100k_blur_15x15_s5/train/T085221.png,data/corrupted/100k_blur_15x15_s5/train/T085221.png,4585,LOW,5%,1
T085250,280592,5009,data/corrupted/100k_blur_15x15_s5/train/T085250.png,data/corrupted/100k_blur_15x15_s5/train/T085250.png,6993,LOW,5%,1
T085268,280652,5009,data/corrupted/100k_blur_15x15_s5/train/T085268.png,data/corrupted/100k_blur_15x15_s5/train/T085268.png,2404,LOW,5%,1
T085288,280595,5009,data/corrupted/100k_blur_15x15_s5/train/T085288.png,data/corrupted/100k_blur_15x15_s5/train/T085288.png,3818,LOW,5%,1
T085290,280631,5009,data/corrupted/100k_blur_15x15_s5/train/T085290.png,data/corrupted/100k_blur_15x15_s5/train/T085290.png,6904,LOW,5%,1
T085330,291370,5239,data/corrupted/100k_blur_15x15_s5/train/T085330.png,data/corrupted/100k_blur_15x15_s5/train/T085330.png,4920,LOW,5%,1
T085354,352979,6601,data/corrupted/100k_blur_15x15_s5/train/T085354.png,data/corrupted/100k_blur_15x15_s5/train/T085354.png,8883,LOW,5%,1
T085363,352932,6601,data/corrupted/100k_blur_15x15_s5/train/T085363.png,data/corrupted/100k_blur_15x15_s5/train/T085363.png,2867,LOW,5%,1
T085367,352958,6601,data/corrupted/100k_blur_15x15_s5/train/T085367.png,data/corrupted/100k_blur_15x15_s5/train/T085367.png,3986,LOW,5%,1
T085379,352922,6601,data/corrupted/100k_blur_15x15_s5/train/T085379.png,data/corrupted/100k_blur_15x15_s5/train/T085379.png,9849,LOW,5%,1
T085396,352974,6601,data/corrupted/100k_blur_15x15_s5/train/T085396.png,data/corrupted/100k_blur_15x15_s5/train/T085396.png,2455,LOW,5%,1
T085418,358713,6726,data/corrupted/100k_blur_15x15_s5/train/T085418.png,data/corrupted/100k_blur_15x15_s5/train/T085418.png,6787,LOW,5%,1
T085420,358722,6726,data/corrupted/100k_blur_15x15_s5/train/T085420.png,data/corrupted/100k_blur_15x15_s5/train/T085420.png,7937,LOW,5%,1
T085422,358711,6726,data/corrupted/100k_blur_15x15_s5/train/T085422.png,data/corrupted/100k_blur_15x15_s5/train/T085422.png,2829,LOW,5%,1
T085424,358732,6726,data/corrupted/100k_blur_15x15_s5/train/T085424.png,data/corrupted/100k_blur_15x15_s5/train/T085424.png,5392,LOW,5%,1
T085433,358726,6726,data/corrupted/100k_blur_15x15_s5/train/T085433.png,data/corrupted/100k_blur_15x15_s5/train/T085433.png,3954,LOW,5%,1
T085436,358709,6726,data/corrupted/100k_blur_15x15_s5/train/T085436.png,data/corrupted/100k_blur_15x15_s5/train/T085436.png,4724,LOW,5%,1
T085441,358731,6726,data/corrupted/100k_blur_15x15_s5/train/T085441.png,data/corrupted/100k_blur_15x15_s5/train/T085441.png,2331,LOW,5%,1
T085448,358754,6726,data/corrupted/100k_blur_15x15_s5/train/T085448.png,data/corrupted/100k_blur_15x15_s5/train/T085448.png,7119,LOW,5%,1
T085456,359629,6745,data/corrupted/100k_blur_15x15_s5/train/T085456.png,data/corrupted/100k_blur_15x15_s5/train/T085456.png,7870,LOW,5%,1
T085483,359651,6745,data/corrupted/100k_blur_15x15_s5/train/T085483.png,data/corrupted/100k_blur_15x15_s5/train/T085483.png,3788,LOW,5%,1
T085566,365391,6889,data/corrupted/100k_blur_15x15_s5/train/T085566.png,data/corrupted/100k_blur_15x15_s5/train/T085566.png,1209,LOW,5%,1
T085577,365439,6889,data/corrupted/100k_blur_15x15_s5/train/T085577.png,data/corrupted/100k_blur_15x15_s5/train/T085577.png,1867,LOW,5%,1
T085579,365424,6889,data/corrupted/100k_blur_15x15_s5/train/T085579.png,data/corrupted/100k_blur_15x15_s5/train/T085579.png,2393,LOW,5%,1
T085605,377042,7165,data/corrupted/100k_blur_15x15_s5/train/T085605.png,data/corrupted/100k_blur_15x15_s5/train/T085605.png,1250,LOW,5%,1
T085629,377052,7165,data/corrupted/100k_blur_15x15_s5/train/T085629.png,data/corrupted/100k_blur_15x15_s5/train/T085629.png,5984,LOW,5%,1
T085715,382750,7333,data/corrupted/100k_blur_15x15_s5/train/T085715.png,data/corrupted/100k_blur_15x15_s5/train/T085715.png,5587,LOW,5%,1
T085716,382759,7333,data/corrupted/100k_blur_15x15_s5/train/T085716.png,data/corrupted/100k_blur_15x15_s5/train/T085716.png,886,LOW,5%,1
T085754,398008,7764,data/corrupted/100k_blur_15x15_s5/train/T085754.png,data/corrupted/100k_blur_15x15_s5/train/T085754.png,5828,LOW,5%,1
T085755,397992,7764,data/corrupted/100k_blur_15x15_s5/train/T085755.png,data/corrupted/100k_blur_15x15_s5/train/T085755.png,1535,LOW,5%,1
T085761,397988,7764,data/corrupted/100k_blur_15x15_s5/train/T085761.png,data/corrupted/100k_blur_15x15_s5/train/T085761.png,1499,LOW,5%,1
T085783,397986,7764,data/corrupted/100k_blur_15x15_s5/train/T085783.png,data/corrupted/100k_blur_15x15_s5/train/T085783.png,1457,LOW,5%,1
T085835,402942,7901,data/corrupted/100k_blur_15x15_s5/train/T085835.png,data/corrupted/100k_blur_15x15_s5/train/T085835.png,968,LOW,5%,1
T085836,402944,7901,data/corrupted/100k_blur_15x15_s5/train/T085836.png,data/corrupted/100k_blur_15x15_s5/train/T085836.png,7049,LOW,5%,1
T085838,402955,7901,data/corrupted/100k_blur_15x15_s5/train/T085838.png,data/corrupted/100k_blur_15x15_s5/train/T085838.png,4088,LOW,5%,1
T085847,402980,7901,data/corrupted/100k_blur_15x15_s5/train/T085847.png,data/corrupted/100k_blur_15x15_s5/train/T085847.png,1116,LOW,5%,1
T085858,414138,8206,data/corrupted/100k_blur_15x15_s5/train/T085858.png,data/corrupted/100k_blur_15x15_s5/train/T085858.png,1504,LOW,5%,1
T085881,414128,8206,data/corrupted/100k_blur_15x15_s5/train/T085881.png,data/corrupted/100k_blur_15x15_s5/train/T085881.png,8778,LOW,5%,1
T085956,419190,8355,data/corrupted/100k_blur_15x15_s5/train/T085956.png,data/corrupted/100k_blur_15x15_s5/train/T085956.png,10333,LOW,5%,1
T085959,419197,8355,data/corrupted/100k_blur_15x15_s5/train/T085959.png,data/corrupted/100k_blur_15x15_s5/train/T085959.png,738,LOW,5%,1
T085990,419166,8355,data/corrupted/100k_blur_15x15_s5/train/T085990.png,data/corrupted/100k_blur_15x15_s5/train/T085990.png,7996,LOW,5%,1
T086008,426047,8545,data/corrupted/100k_blur_15x15_s5/train/T086008.png,data/corrupted/100k_blur_15x15_s5/train/T086008.png,8658,LOW,5%,1
T086014,426024,8545,data/corrupted/100k_blur_15x15_s5/train/T086014.png,data/corrupted/100k_blur_15x15_s5/train/T086014.png,3143,LOW,5%,1
T086021,426052,8545,data/corrupted/100k_blur_15x15_s5/train/T086021.png,data/corrupted/100k_blur_15x15_s5/train/T086021.png,4248,LOW,5%,1
T086023,426030,8545,data/corrupted/100k_blur_15x15_s5/train/T086023.png,data/corrupted/100k_blur_15x15_s5/train/T086023.png,5747,LOW,5%,1
T086030,426028,8545,data/corrupted/100k_blur_15x15_s5/train/T086030.png,data/corrupted/100k_blur_15x15_s5/train/T086030.png,1910,LOW,5%,1
T086042,426034,8545,data/corrupted/100k_blur_15x15_s5/train/T086042.png,data/corrupted/100k_blur_15x15_s5/train/T086042.png,2479,LOW,5%,1
T086073,458062,9486,data/corrupted/100k_blur_15x15_s5/train/T086073.png,data/corrupted/100k_blur_15x15_s5/train/T086073.png,3678,LOW,5%,1
T086086,458006,9486,data/corrupted/100k_blur_15x15_s5/train/T086086.png,data/corrupted/100k_blur_15x15_s5/train/T086086.png,7212,LOW,5%,1
T086096,458005,9486,data/corrupted/100k_blur_15x15_s5/train/T086096.png,data/corrupted/100k_blur_15x15_s5/train/T086096.png,4100,LOW,5%,1
T086141,473058,9941,data/corrupted/100k_blur_15x15_s5/train/T086141.png,data/corrupted/100k_blur_15x15_s5/train/T086141.png,3,LOW,5%,1
T086152,34071,294,data/corrupted/100k_blur_15x15_s5/train/T086152.png,data/corrupted/100k_blur_15x15_s5/train/T086152.png,2194,LOW,5%,1
T086154,34065,294,data/corrupted/100k_blur_15x15_s5/train/T086154.png,data/corrupted/100k_blur_15x15_s5/train/T086154.png,4183,LOW,5%,1
T086159,34062,294,data/corrupted/100k_blur_15x15_s5/train/T086159.png,data/corrupted/100k_blur_15x15_s5/train/T086159.png,1082,LOW,5%,1
T086173,34095,294,data/corrupted/100k_blur_15x15_s5/train/T086173.png,data/corrupted/100k_blur_15x15_s5/train/T086173.png,3729,LOW,5%,1
T086188,34066,294,data/corrupted/100k_blur_15x15_s5/train/T086188.png,data/corrupted/100k_blur_15x15_s5/train/T086188.png,6830,LOW,5%,1
T086196,34067,294,data/corrupted/100k_blur_15x15_s5/train/T086196.png,data/corrupted/100k_blur_15x15_s5/train/T086196.png,7402,LOW,5%,1
T086238,43712,432,data/corrupted/100k_blur_15x15_s5/train/T086238.png,data/corrupted/100k_blur_15x15_s5/train/T086238.png,8531,LOW,5%,1
T086242,43756,432,data/corrupted/100k_blur_15x15_s5/train/T086242.png,data/corrupted/100k_blur_15x15_s5/train/T086242.png,2567,LOW,5%,1
T086244,43754,432,data/corrupted/100k_blur_15x15_s5/train/T086244.png,data/corrupted/100k_blur_15x15_s5/train/T086244.png,7792,LOW,5%,1
T086254,63863,714,data/corrupted/100k_blur_15x15_s5/train/T086254.png,data/corrupted/100k_blur_15x15_s5/train/T086254.png,4537,LOW,5%,1
T086277,63891,714,data/corrupted/100k_blur_15x15_s5/train/T086277.png,data/corrupted/100k_blur_15x15_s5/train/T086277.png,6509,LOW,5%,1
T086314,66552,772,data/corrupted/100k_blur_15x15_s5/train/T086314.png,data/corrupted/100k_blur_15x15_s5/train/T086314.png,6265,LOW,5%,1
T086348,66604,772,data/corrupted/100k_blur_15x15_s5/train/T086348.png,data/corrupted/100k_blur_15x15_s5/train/T086348.png,2906,LOW,5%,1
T086391,67727,800,data/corrupted/100k_blur_15x15_s5/train/T086391.png,data/corrupted/100k_blur_15x15_s5/train/T086391.png,6432,LOW,5%,1
T086394,67714,800,data/corrupted/100k_blur_15x15_s5/train/T086394.png,data/corrupted/100k_blur_15x15_s5/train/T086394.png,3012,LOW,5%,1
T086419,89497,1088,data/corrupted/100k_blur_15x15_s5/train/T086419.png,data/corrupted/100k_blur_15x15_s5/train/T086419.png,58,LOW,5%,1
T086460,99290,1211,data/corrupted/100k_blur_15x15_s5/train/T086460.png,data/corrupted/100k_blur_15x15_s5/train/T086460.png,210,LOW,5%,1
T086465,99320,1211,data/corrupted/100k_blur_15x15_s5/train/T086465.png,data/corrupted/100k_blur_15x15_s5/train/T086465.png,1212,LOW,5%,1
T086492,99348,1211,data/corrupted/100k_blur_15x15_s5/train/T086492.png,data/corrupted/100k_blur_15x15_s5/train/T086492.png,4365,LOW,5%,1
T086494,99323,1211,data/corrupted/100k_blur_15x15_s5/train/T086494.png,data/corrupted/100k_blur_15x15_s5/train/T086494.png,4098,LOW,5%,1
T086509,109935,1370,data/corrupted/100k_blur_15x15_s5/train/T086509.png,data/corrupted/100k_blur_15x15_s5/train/T086509.png,114,LOW,5%,1
T086518,109894,1370,data/corrupted/100k_blur_15x15_s5/train/T086518.png,data/corrupted/100k_blur_15x15_s5/train/T086518.png,7776,LOW,5%,1
T086520,109948,1370,data/corrupted/100k_blur_15x15_s5/train/T086520.png,data/corrupted/100k_blur_15x15_s5/train/T086520.png,1873,LOW,5%,1
T086541,109925,1370,data/corrupted/100k_blur_15x15_s5/train/T086541.png,data/corrupted/100k_blur_15x15_s5/train/T086541.png,8392,LOW,5%,1
T086604,136548,1953,data/corrupted/100k_blur_15x15_s5/train/T086604.png,data/corrupted/100k_blur_15x15_s5/train/T086604.png,7942,LOW,5%,1
T086611,136547,1953,data/corrupted/100k_blur_15x15_s5/train/T086611.png,data/corrupted/100k_blur_15x15_s5/train/T086611.png,2012,LOW,5%,1
T086616,136501,1953,data/corrupted/100k_blur_15x15_s5/train/T086616.png,data/corrupted/100k_blur_15x15_s5/train/T086616.png,7896,LOW,5%,1
T086634,136498,1953,data/corrupted/100k_blur_15x15_s5/train/T086634.png,data/corrupted/100k_blur_15x15_s5/train/T086634.png,1125,LOW,5%,1
T086652,144009,2093,data/corrupted/100k_blur_15x15_s5/train/T086652.png,data/corrupted/100k_blur_15x15_s5/train/T086652.png,6374,LOW,5%,1
T086801,192338,3069,data/corrupted/100k_blur_15x15_s5/train/T086801.png,data/corrupted/100k_blur_15x15_s5/train/T086801.png,6274,LOW,5%,1
T086818,192309,3069,data/corrupted/100k_blur_15x15_s5/train/T086818.png,data/corrupted/100k_blur_15x15_s5/train/T086818.png,3321,LOW,5%,1
T086844,192320,3069,data/corrupted/100k_blur_15x15_s5/train/T086844.png,data/corrupted/100k_blur_15x15_s5/train/T086844.png,3065,LOW,5%,1
T086847,192334,3069,data/corrupted/100k_blur_15x15_s5/train/T086847.png,data/corrupted/100k_blur_15x15_s5/train/T086847.png,7392,LOW,5%,1
T086850,216960,3624,data/corrupted/100k_blur_15x15_s5/train/T086850.png,data/corrupted/100k_blur_15x15_s5/train/T086850.png,290,LOW,5%,1
T086856,216924,3624,data/corrupted/100k_blur_15x15_s5/train/T086856.png,data/corrupted/100k_blur_15x15_s5/train/T086856.png,3012,LOW,5%,1
T086893,216953,3624,data/corrupted/100k_blur_15x15_s5/train/T086893.png,data/corrupted/100k_blur_15x15_s5/train/T086893.png,3779,LOW,5%,1
T086911,268851,4730,data/corrupted/100k_blur_15x15_s5/train/T086911.png,data/corrupted/100k_blur_15x15_s5/train/T086911.png,1910,LOW,5%,1
T086933,268861,4730,data/corrupted/100k_blur_15x15_s5/train/T086933.png,data/corrupted/100k_blur_15x15_s5/train/T086933.png,384,LOW,5%,1
T087031,295481,5322,data/corrupted/100k_blur_15x15_s5/train/T087031.png,data/corrupted/100k_blur_15x15_s5/train/T087031.png,406,LOW,5%,1
T087050,305398,5540,data/corrupted/100k_blur_15x15_s5/train/T087050.png,data/corrupted/100k_blur_15x15_s5/train/T087050.png,6081,LOW,5%,1
T087067,305358,5540,data/corrupted/100k_blur_15x15_s5/train/T087067.png,data/corrupted/100k_blur_15x15_s5/train/T087067.png,4606,LOW,5%,1
T087075,305365,5540,data/corrupted/100k_blur_15x15_s5/train/T087075.png,data/corrupted/100k_blur_15x15_s5/train/T087075.png,8745,LOW,5%,1
T087081,305412,5540,data/corrupted/100k_blur_15x15_s5/train/T087081.png,data/corrupted/100k_blur_15x15_s5/train/T087081.png,6092,LOW,5%,1
T087089,305405,5540,data/corrupted/100k_blur_15x15_s5/train/T087089.png,data/corrupted/100k_blur_15x15_s5/train/T087089.png,6864,LOW,5%,1
T087100,312195,5706,data/corrupted/100k_blur_15x15_s5/train/T087100.png,data/corrupted/100k_blur_15x15_s5/train/T087100.png,4062,LOW,5%,1
T087101,312159,5706,data/corrupted/100k_blur_15x15_s5/train/T087101.png,data/corrupted/100k_blur_15x15_s5/train/T087101.png,88,LOW,5%,1
T087108,312213,5706,data/corrupted/100k_blur_15x15_s5/train/T087108.png,data/corrupted/100k_blur_15x15_s5/train/T087108.png,863,LOW,5%,1
T087126,312196,5706,data/corrupted/100k_blur_15x15_s5/train/T087126.png,data/corrupted/100k_blur_15x15_s5/train/T087126.png,3361,LOW,5%,1
T087153,322691,5937,data/corrupted/100k_blur_15x15_s5/train/T087153.png,data/corrupted/100k_blur_15x15_s5/train/T087153.png,787,LOW,5%,1
T087178,322638,5937,data/corrupted/100k_blur_15x15_s5/train/T087178.png,data/corrupted/100k_blur_15x15_s5/train/T087178.png,787,LOW,5%,1
T087202,324177,5968,data/corrupted/100k_blur_15x15_s5/train/T087202.png,data/corrupted/100k_blur_15x15_s5/train/T087202.png,175,LOW,5%,1
T087208,324208,5968,data/corrupted/100k_blur_15x15_s5/train/T087208.png,data/corrupted/100k_blur_15x15_s5/train/T087208.png,2633,LOW,5%,1
T087209,324173,5968,data/corrupted/100k_blur_15x15_s5/train/T087209.png,data/corrupted/100k_blur_15x15_s5/train/T087209.png,2867,LOW,5%,1
T087228,324151,5968,data/corrupted/100k_blur_15x15_s5/train/T087228.png,data/corrupted/100k_blur_15x15_s5/train/T087228.png,688,LOW,5%,1
T087279,347824,6459,data/corrupted/100k_blur_15x15_s5/train/T087279.png,data/corrupted/100k_blur_15x15_s5/train/T087279.png,3331,LOW,5%,1
T087303,354379,6631,data/corrupted/100k_blur_15x15_s5/train/T087303.png,data/corrupted/100k_blur_15x15_s5/train/T087303.png,4100,LOW,5%,1
T087307,354410,6631,data/corrupted/100k_blur_15x15_s5/train/T087307.png,data/corrupted/100k_blur_15x15_s5/train/T087307.png,847,LOW,5%,1
T087310,354401,6631,data/corrupted/100k_blur_15x15_s5/train/T087310.png,data/corrupted/100k_blur_15x15_s5/train/T087310.png,9241,LOW,5%,1
T087360,355688,6664,data/corrupted/100k_blur_15x15_s5/train/T087360.png,data/corrupted/100k_blur_15x15_s5/train/T087360.png,601,LOW,5%,1
T087375,355643,6664,data/corrupted/100k_blur_15x15_s5/train/T087375.png,data/corrupted/100k_blur_15x15_s5/train/T087375.png,6,LOW,5%,1
T087433,403607,7918,data/corrupted/100k_blur_15x15_s5/train/T087433.png,data/corrupted/100k_blur_15x15_s5/train/T087433.png,3721,LOW,5%,1
T087486,404257,7937,data/corrupted/100k_blur_15x15_s5/train/T087486.png,data/corrupted/100k_blur_15x15_s5/train/T087486.png,9325,LOW,5%,1
T087499,404267,7937,data/corrupted/100k_blur_15x15_s5/train/T087499.png,data/corrupted/100k_blur_15x15_s5/train/T087499.png,14,LOW,5%,1
T087501,460625,9558,data/corrupted/100k_blur_15x15_s5/train/T087501.png,data/corrupted/100k_blur_15x15_s5/train/T087501.png,9650,LOW,5%,1
T087568,465957,9731,data/corrupted/100k_blur_15x15_s5/train/T087568.png,data/corrupted/100k_blur_15x15_s5/train/T087568.png,7918,LOW,5%,1
T087580,465965,9731,data/corrupted/100k_blur_15x15_s5/train/T087580.png,data/corrupted/100k_blur_15x15_s5/train/T087580.png,2986,LOW,5%,1
T087591,465924,9731,data/corrupted/100k_blur_15x15_s5/train/T087591.png,data/corrupted/100k_blur_15x15_s5/train/T087591.png,184,LOW,5%,1
T087592,465945,9731,data/corrupted/100k_blur_15x15_s5/train/T087592.png,data/corrupted/100k_blur_15x15_s5/train/T087592.png,228,LOW,5%,1
T087601,469775,9836,data/corrupted/100k_blur_15x15_s5/train/T087601.png,data/corrupted/100k_blur_15x15_s5/train/T087601.png,1468,LOW,5%,1
T087641,469742,9836,data/corrupted/100k_blur_15x15_s5/train/T087641.png,data/corrupted/100k_blur_15x15_s5/train/T087641.png,8207,LOW,5%,1
T087655,474312,9986,data/corrupted/100k_blur_15x15_s5/train/T087655.png,data/corrupted/100k_blur_15x15_s5/train/T087655.png,527,LOW,5%,1
T087723,474893,10006,data/corrupted/100k_blur_15x15_s5/train/T087723.png,data/corrupted/100k_blur_15x15_s5/train/T087723.png,2093,LOW,5%,1
T087724,474868,10006,data/corrupted/100k_blur_15x15_s5/train/T087724.png,data/corrupted/100k_blur_15x15_s5/train/T087724.png,2806,LOW,5%,1
T087728,474881,10006,data/corrupted/100k_blur_15x15_s5/train/T087728.png,data/corrupted/100k_blur_15x15_s5/train/T087728.png,196,LOW,5%,1
T087758,476737,10067,data/corrupted/100k_blur_15x15_s5/train/T087758.png,data/corrupted/100k_blur_15x15_s5/train/T087758.png,1055,LOW,5%,1
T087762,476696,10067,data/corrupted/100k_blur_15x15_s5/train/T087762.png,data/corrupted/100k_blur_15x15_s5/train/T087762.png,5095,LOW,5%,1
T087781,476747,10067,data/corrupted/100k_blur_15x15_s5/train/T087781.png,data/corrupted/100k_blur_15x15_s5/train/T087781.png,1226,LOW,5%,1
T087799,476687,10067,data/corrupted/100k_blur_15x15_s5/train/T087799.png,data/corrupted/100k_blur_15x15_s5/train/T087799.png,940,LOW,5%,1
T087818,477785,10101,data/corrupted/100k_blur_15x15_s5/train/T087818.png,data/corrupted/100k_blur_15x15_s5/train/T087818.png,5990,LOW,5%,1
T087822,477794,10101,data/corrupted/100k_blur_15x15_s5/train/T087822.png,data/corrupted/100k_blur_15x15_s5/train/T087822.png,6904,LOW,5%,1
T087829,477779,10101,data/corrupted/100k_blur_15x15_s5/train/T087829.png,data/corrupted/100k_blur_15x15_s5/train/T087829.png,697,LOW,5%,1
T087864,483281,10293,data/corrupted/100k_blur_15x15_s5/train/T087864.png,data/corrupted/100k_blur_15x15_s5/train/T087864.png,8751,LOW,5%,1
T087891,483309,10293,data/corrupted/100k_blur_15x15_s5/train/T087891.png,data/corrupted/100k_blur_15x15_s5/train/T087891.png,2756,LOW,5%,1
T087895,483298,10293,data/corrupted/100k_blur_15x15_s5/train/T087895.png,data/corrupted/100k_blur_15x15_s5/train/T087895.png,2567,LOW,5%,1
T087921,484831,10343,data/corrupted/100k_blur_15x15_s5/train/T087921.png,data/corrupted/100k_blur_15x15_s5/train/T087921.png,5061,LOW,5%,1
T087936,484833,10343,data/corrupted/100k_blur_15x15_s5/train/T087936.png,data/corrupted/100k_blur_15x15_s5/train/T087936.png,8612,LOW,5%,1
T087945,484811,10343,data/corrupted/100k_blur_15x15_s5/train/T087945.png,data/corrupted/100k_blur_15x15_s5/train/T087945.png,2964,LOW,5%,1
T087956,11494,71,data/corrupted/100k_blur_15x15_s5/train/T087956.png,data/corrupted/100k_blur_15x15_s5/train/T087956.png,5320,LOW,5%,1
T087984,11532,71,data/corrupted/100k_blur_15x15_s5/train/T087984.png,data/corrupted/100k_blur_15x15_s5/train/T087984.png,1117,LOW,5%,1
T088022,35259,311,data/corrupted/100k_blur_15x15_s5/train/T088022.png,data/corrupted/100k_blur_15x15_s5/train/T088022.png,3886,LOW,5%,1
T088034,35308,311,data/corrupted/100k_blur_15x15_s5/train/T088034.png,data/corrupted/100k_blur_15x15_s5/train/T088034.png,9936,LOW,5%,1
T088041,35263,311,data/corrupted/100k_blur_15x15_s5/train/T088041.png,data/corrupted/100k_blur_15x15_s5/train/T088041.png,319,LOW,5%,1
T088045,35300,311,data/corrupted/100k_blur_15x15_s5/train/T088045.png,data/corrupted/100k_blur_15x15_s5/train/T088045.png,2433,LOW,5%,1
T088051,43402,426,data/corrupted/100k_blur_15x15_s5/train/T088051.png,data/corrupted/100k_blur_15x15_s5/train/T088051.png,2154,LOW,5%,1
T088098,43373,426,data/corrupted/100k_blur_15x15_s5/train/T088098.png,data/corrupted/100k_blur_15x15_s5/train/T088098.png,5328,LOW,5%,1
T088108,55458,591,data/corrupted/100k_blur_15x15_s5/train/T088108.png,data/corrupted/100k_blur_15x15_s5/train/T088108.png,7422,LOW,5%,1
T088109,55425,591,data/corrupted/100k_blur_15x15_s5/train/T088109.png,data/corrupted/100k_blur_15x15_s5/train/T088109.png,1466,LOW,5%,1
T088143,55456,591,data/corrupted/100k_blur_15x15_s5/train/T088143.png,data/corrupted/100k_blur_15x15_s5/train/T088143.png,5987,LOW,5%,1
T088148,55414,591,data/corrupted/100k_blur_15x15_s5/train/T088148.png,data/corrupted/100k_blur_15x15_s5/train/T088148.png,7115,LOW,5%,1
T088157,56799,610,data/corrupted/100k_blur_15x15_s5/train/T088157.png,data/corrupted/100k_blur_15x15_s5/train/T088157.png,6499,LOW,5%,1
T088164,56741,610,data/corrupted/100k_blur_15x15_s5/train/T088164.png,data/corrupted/100k_blur_15x15_s5/train/T088164.png,23,LOW,5%,1
T088177,56747,610,data/corrupted/100k_blur_15x15_s5/train/T088177.png,data/corrupted/100k_blur_15x15_s5/train/T088177.png,275,LOW,5%,1
T088200,58179,629,data/corrupted/100k_blur_15x15_s5/train/T088200.png,data/corrupted/100k_blur_15x15_s5/train/T088200.png,567,LOW,5%,1
T088201,58196,629,data/corrupted/100k_blur_15x15_s5/train/T088201.png,data/corrupted/100k_blur_15x15_s5/train/T088201.png,343,LOW,5%,1
T088203,58174,629,data/corrupted/100k_blur_15x15_s5/train/T088203.png,data/corrupted/100k_blur_15x15_s5/train/T088203.png,519,LOW,5%,1
T088254,70109,841,data/corrupted/100k_blur_15x15_s5/train/T088254.png,data/corrupted/100k_blur_15x15_s5/train/T088254.png,5830,LOW,5%,1
T088267,70099,841,data/corrupted/100k_blur_15x15_s5/train/T088267.png,data/corrupted/100k_blur_15x15_s5/train/T088267.png,5746,LOW,5%,1
T088288,70085,841,data/corrupted/100k_blur_15x15_s5/train/T088288.png,data/corrupted/100k_blur_15x15_s5/train/T088288.png,1755,LOW,5%,1
T088294,70097,841,data/corrupted/100k_blur_15x15_s5/train/T088294.png,data/corrupted/100k_blur_15x15_s5/train/T088294.png,6128,LOW,5%,1
T088301,74894,895,data/corrupted/100k_blur_15x15_s5/train/T088301.png,data/corrupted/100k_blur_15x15_s5/train/T088301.png,2509,LOW,5%,1
T088309,74901,895,data/corrupted/100k_blur_15x15_s5/train/T088309.png,data/corrupted/100k_blur_15x15_s5/train/T088309.png,6109,LOW,5%,1
T088323,74890,895,data/corrupted/100k_blur_15x15_s5/train/T088323.png,data/corrupted/100k_blur_15x15_s5/train/T088323.png,4285,LOW,5%,1
T088331,74839,895,data/corrupted/100k_blur_15x15_s5/train/T088331.png,data/corrupted/100k_blur_15x15_s5/train/T088331.png,8715,LOW,5%,1
T088335,74893,895,data/corrupted/100k_blur_15x15_s5/train/T088335.png,data/corrupted/100k_blur_15x15_s5/train/T088335.png,9193,LOW,5%,1
T088344,74858,895,data/corrupted/100k_blur_15x15_s5/train/T088344.png,data/corrupted/100k_blur_15x15_s5/train/T088344.png,372,LOW,5%,1
T088356,75404,901,data/corrupted/100k_blur_15x15_s5/train/T088356.png,data/corrupted/100k_blur_15x15_s5/train/T088356.png,747,LOW,5%,1
T088371,75447,901,data/corrupted/100k_blur_15x15_s5/train/T088371.png,data/corrupted/100k_blur_15x15_s5/train/T088371.png,6575,LOW,5%,1
T088390,75424,901,data/corrupted/100k_blur_15x15_s5/train/T088390.png,data/corrupted/100k_blur_15x15_s5/train/T088390.png,3256,LOW,5%,1
T088401,98901,1204,data/corrupted/100k_blur_15x15_s5/train/T088401.png,data/corrupted/100k_blur_15x15_s5/train/T088401.png,2473,LOW,5%,1
T088409,98910,1204,data/corrupted/100k_blur_15x15_s5/train/T088409.png,data/corrupted/100k_blur_15x15_s5/train/T088409.png,29,LOW,5%,1
T088439,98908,1204,data/corrupted/100k_blur_15x15_s5/train/T088439.png,data/corrupted/100k_blur_15x15_s5/train/T088439.png,95,LOW,5%,1
T088458,100236,1223,data/corrupted/100k_blur_15x15_s5/train/T088458.png,data/corrupted/100k_blur_15x15_s5/train/T088458.png,591,LOW,5%,1
T088461,100206,1223,data/corrupted/100k_blur_15x15_s5/train/T088461.png,data/corrupted/100k_blur_15x15_s5/train/T088461.png,7766,LOW,5%,1
T088487,100226,1223,data/corrupted/100k_blur_15x15_s5/train/T088487.png,data/corrupted/100k_blur_15x15_s5/train/T088487.png,7024,LOW,5%,1
T088489,100256,1223,data/corrupted/100k_blur_15x15_s5/train/T088489.png,data/corrupted/100k_blur_15x15_s5/train/T088489.png,1811,LOW,5%,1
T088490,100197,1223,data/corrupted/100k_blur_15x15_s5/train/T088490.png,data/corrupted/100k_blur_15x15_s5/train/T088490.png,30,LOW,5%,1
T088512,117045,1539,data/corrupted/100k_blur_15x15_s5/train/T088512.png,data/corrupted/100k_blur_15x15_s5/train/T088512.png,6887,LOW,5%,1
T088529,117092,1539,data/corrupted/100k_blur_15x15_s5/train/T088529.png,data/corrupted/100k_blur_15x15_s5/train/T088529.png,496,LOW,5%,1
T088530,117056,1539,data/corrupted/100k_blur_15x15_s5/train/T088530.png,data/corrupted/100k_blur_15x15_s5/train/T088530.png,4303,LOW,5%,1
T088567,120596,1603,data/corrupted/100k_blur_15x15_s5/train/T088567.png,data/corrupted/100k_blur_15x15_s5/train/T088567.png,2608,LOW,5%,1
T088577,120588,1603,data/corrupted/100k_blur_15x15_s5/train/T088577.png,data/corrupted/100k_blur_15x15_s5/train/T088577.png,190,LOW,5%,1
T088590,120598,1603,data/corrupted/100k_blur_15x15_s5/train/T088590.png,data/corrupted/100k_blur_15x15_s5/train/T088590.png,253,LOW,5%,1
T088607,121773,1631,data/corrupted/100k_blur_15x15_s5/train/T088607.png,data/corrupted/100k_blur_15x15_s5/train/T088607.png,9237,LOW,5%,1
T088608,121752,1631,data/corrupted/100k_blur_15x15_s5/train/T088608.png,data/corrupted/100k_blur_15x15_s5/train/T088608.png,6324,LOW,5%,1
T088658,122161,1641,data/corrupted/100k_blur_15x15_s5/train/T088658.png,data/corrupted/100k_blur_15x15_s5/train/T088658.png,4508,LOW,5%,1
T088680,122163,1641,data/corrupted/100k_blur_15x15_s5/train/T088680.png,data/corrupted/100k_blur_15x15_s5/train/T088680.png,6754,LOW,5%,1
T088684,122154,1641,data/corrupted/100k_blur_15x15_s5/train/T088684.png,data/corrupted/100k_blur_15x15_s5/train/T088684.png,2192,LOW,5%,1
T088713,122250,1645,data/corrupted/100k_blur_15x15_s5/train/T088713.png,data/corrupted/100k_blur_15x15_s5/train/T088713.png,1098,LOW,5%,1
T088718,122240,1645,data/corrupted/100k_blur_15x15_s5/train/T088718.png,data/corrupted/100k_blur_15x15_s5/train/T088718.png,6891,LOW,5%,1
T088735,122247,1645,data/corrupted/100k_blur_15x15_s5/train/T088735.png,data/corrupted/100k_blur_15x15_s5/train/T088735.png,585,LOW,5%,1
T088753,136805,1959,data/corrupted/100k_blur_15x15_s5/train/T088753.png,data/corrupted/100k_blur_15x15_s5/train/T088753.png,3520,LOW,5%,1
T088773,136854,1959,data/corrupted/100k_blur_15x15_s5/train/T088773.png,data/corrupted/100k_blur_15x15_s5/train/T088773.png,2645,LOW,5%,1
T088815,163697,2493,data/corrupted/100k_blur_15x15_s5/train/T088815.png,data/corrupted/100k_blur_15x15_s5/train/T088815.png,6238,LOW,5%,1
T088831,163727,2493,data/corrupted/100k_blur_15x15_s5/train/T088831.png,data/corrupted/100k_blur_15x15_s5/train/T088831.png,1318,LOW,5%,1
T088841,163739,2493,data/corrupted/100k_blur_15x15_s5/train/T088841.png,data/corrupted/100k_blur_15x15_s5/train/T088841.png,3983,LOW,5%,1
T088852,164314,2509,data/corrupted/100k_blur_15x15_s5/train/T088852.png,data/corrupted/100k_blur_15x15_s5/train/T088852.png,6349,LOW,5%,1
T088858,164375,2509,data/corrupted/100k_blur_15x15_s5/train/T088858.png,data/corrupted/100k_blur_15x15_s5/train/T088858.png,6094,LOW,5%,1
T088896,164349,2509,data/corrupted/100k_blur_15x15_s5/train/T088896.png,data/corrupted/100k_blur_15x15_s5/train/T088896.png,2584,LOW,5%,1
T088940,215090,3588,data/corrupted/100k_blur_15x15_s5/train/T088940.png,data/corrupted/100k_blur_15x15_s5/train/T088940.png,4403,LOW,5%,1
T088959,221794,3728,data/corrupted/100k_blur_15x15_s5/train/T088959.png,data/corrupted/100k_blur_15x15_s5/train/T088959.png,1211,LOW,5%,1
T088961,221771,3728,data/corrupted/100k_blur_15x15_s5/train/T088961.png,data/corrupted/100k_blur_15x15_s5/train/T088961.png,5237,LOW,5%,1
T088982,221790,3728,data/corrupted/100k_blur_15x15_s5/train/T088982.png,data/corrupted/100k_blur_15x15_s5/train/T088982.png,1764,LOW,5%,1
T088990,221784,3728,data/corrupted/100k_blur_15x15_s5/train/T088990.png,data/corrupted/100k_blur_15x15_s5/train/T088990.png,5882,LOW,5%,1
T088994,221801,3728,data/corrupted/100k_blur_15x15_s5/train/T088994.png,data/corrupted/100k_blur_15x15_s5/train/T088994.png,2194,LOW,5%,1
T089010,245246,4227,data/corrupted/100k_blur_15x15_s5/train/T089010.png,data/corrupted/100k_blur_15x15_s5/train/T089010.png,6674,LOW,5%,1
T089014,245269,4227,data/corrupted/100k_blur_15x15_s5/train/T089014.png,data/corrupted/100k_blur_15x15_s5/train/T089014.png,1212,LOW,5%,1
T089073,256269,4444,data/corrupted/100k_blur_15x15_s5/train/T089073.png,data/corrupted/100k_blur_15x15_s5/train/T089073.png,178,LOW,5%,1
T089083,256325,4444,data/corrupted/100k_blur_15x15_s5/train/T089083.png,data/corrupted/100k_blur_15x15_s5/train/T089083.png,3270,LOW,5%,1
T089091,256267,4444,data/corrupted/100k_blur_15x15_s5/train/T089091.png,data/corrupted/100k_blur_15x15_s5/train/T089091.png,5452,LOW,5%,1
T089138,256352,4445,data/corrupted/100k_blur_15x15_s5/train/T089138.png,data/corrupted/100k_blur_15x15_s5/train/T089138.png,7615,LOW,5%,1
T089148,256347,4445,data/corrupted/100k_blur_15x15_s5/train/T089148.png,data/corrupted/100k_blur_15x15_s5/train/T089148.png,860,LOW,5%,1
T089150,258485,4487,data/corrupted/100k_blur_15x15_s5/train/T089150.png,data/corrupted/100k_blur_15x15_s5/train/T089150.png,3630,LOW,5%,1
T089163,258448,4487,data/corrupted/100k_blur_15x15_s5/train/T089163.png,data/corrupted/100k_blur_15x15_s5/train/T089163.png,4800,LOW,5%,1
T089164,258487,4487,data/corrupted/100k_blur_15x15_s5/train/T089164.png,data/corrupted/100k_blur_15x15_s5/train/T089164.png,2121,LOW,5%,1
T089197,258447,4487,data/corrupted/100k_blur_15x15_s5/train/T089197.png,data/corrupted/100k_blur_15x15_s5/train/T089197.png,305,LOW,5%,1
T089225,259763,4510,data/corrupted/100k_blur_15x15_s5/train/T089225.png,data/corrupted/100k_blur_15x15_s5/train/T089225.png,1895,LOW,5%,1
T089259,299075,5409,data/corrupted/100k_blur_15x15_s5/train/T089259.png,data/corrupted/100k_blur_15x15_s5/train/T089259.png,863,LOW,5%,1
T089263,299060,5409,data/corrupted/100k_blur_15x15_s5/train/T089263.png,data/corrupted/100k_blur_15x15_s5/train/T089263.png,1673,LOW,5%,1
T089269,299084,5409,data/corrupted/100k_blur_15x15_s5/train/T089269.png,data/corrupted/100k_blur_15x15_s5/train/T089269.png,5514,LOW,5%,1
T089292,299058,5409,data/corrupted/100k_blur_15x15_s5/train/T089292.png,data/corrupted/100k_blur_15x15_s5/train/T089292.png,7811,LOW,5%,1
T089293,299095,5409,data/corrupted/100k_blur_15x15_s5/train/T089293.png,data/corrupted/100k_blur_15x15_s5/train/T089293.png,6339,LOW,5%,1
T089309,314473,5746,data/corrupted/100k_blur_15x15_s5/train/T089309.png,data/corrupted/100k_blur_15x15_s5/train/T089309.png,5408,LOW,5%,1
T089340,314480,5746,data/corrupted/100k_blur_15x15_s5/train/T089340.png,data/corrupted/100k_blur_15x15_s5/train/T089340.png,1709,LOW,5%,1
T089366,315021,5752,data/corrupted/100k_blur_15x15_s5/train/T089366.png,data/corrupted/100k_blur_15x15_s5/train/T089366.png,1048,LOW,5%,1
T089391,315001,5752,data/corrupted/100k_blur_15x15_s5/train/T089391.png,data/corrupted/100k_blur_15x15_s5/train/T089391.png,4263,LOW,5%,1
T089427,316385,5793,data/corrupted/100k_blur_15x15_s5/train/T089427.png,data/corrupted/100k_blur_15x15_s5/train/T089427.png,2551,LOW,5%,1
T089432,316334,5793,data/corrupted/100k_blur_15x15_s5/train/T089432.png,data/corrupted/100k_blur_15x15_s5/train/T089432.png,5556,LOW,5%,1
T089442,316393,5793,data/corrupted/100k_blur_15x15_s5/train/T089442.png,data/corrupted/100k_blur_15x15_s5/train/T089442.png,3715,LOW,5%,1
T089444,316382,5793,data/corrupted/100k_blur_15x15_s5/train/T089444.png,data/corrupted/100k_blur_15x15_s5/train/T089444.png,243,LOW,5%,1
T089449,316335,5793,data/corrupted/100k_blur_15x15_s5/train/T089449.png,data/corrupted/100k_blur_15x15_s5/train/T089449.png,403,LOW,5%,1
T089480,317867,5828,data/corrupted/100k_blur_15x15_s5/train/T089480.png,data/corrupted/100k_blur_15x15_s5/train/T089480.png,10120,LOW,5%,1
T089495,317845,5828,data/corrupted/100k_blur_15x15_s5/train/T089495.png,data/corrupted/100k_blur_15x15_s5/train/T089495.png,1050,LOW,5%,1
T089500,338483,6274,data/corrupted/100k_blur_15x15_s5/train/T089500.png,data/corrupted/100k_blur_15x15_s5/train/T089500.png,6325,LOW,5%,1
T089534,338486,6274,data/corrupted/100k_blur_15x15_s5/train/T089534.png,data/corrupted/100k_blur_15x15_s5/train/T089534.png,9235,LOW,5%,1
T089549,338480,6274,data/corrupted/100k_blur_15x15_s5/train/T089549.png,data/corrupted/100k_blur_15x15_s5/train/T089549.png,1658,LOW,5%,1
T089567,343895,6373,data/corrupted/100k_blur_15x15_s5/train/T089567.png,data/corrupted/100k_blur_15x15_s5/train/T089567.png,4890,LOW,5%,1
T089589,343843,6373,data/corrupted/100k_blur_15x15_s5/train/T089589.png,data/corrupted/100k_blur_15x15_s5/train/T089589.png,184,LOW,5%,1
T089590,343890,6373,data/corrupted/100k_blur_15x15_s5/train/T089590.png,data/corrupted/100k_blur_15x15_s5/train/T089590.png,3496,LOW,5%,1
T089615,365298,6887,data/corrupted/100k_blur_15x15_s5/train/T089615.png,data/corrupted/100k_blur_15x15_s5/train/T089615.png,5095,LOW,5%,1
T089617,365292,6887,data/corrupted/100k_blur_15x15_s5/train/T089617.png,data/corrupted/100k_blur_15x15_s5/train/T089617.png,6299,LOW,5%,1
T089619,365306,6887,data/corrupted/100k_blur_15x15_s5/train/T089619.png,data/corrupted/100k_blur_15x15_s5/train/T089619.png,2902,LOW,5%,1
T089621,365308,6887,data/corrupted/100k_blur_15x15_s5/train/T089621.png,data/corrupted/100k_blur_15x15_s5/train/T089621.png,8019,LOW,5%,1
T089655,387036,7440,data/corrupted/100k_blur_15x15_s5/train/T089655.png,data/corrupted/100k_blur_15x15_s5/train/T089655.png,2608,LOW,5%,1
T089658,387033,7440,data/corrupted/100k_blur_15x15_s5/train/T089658.png,data/corrupted/100k_blur_15x15_s5/train/T089658.png,4257,LOW,5%,1
T089668,387049,7440,data/corrupted/100k_blur_15x15_s5/train/T089668.png,data/corrupted/100k_blur_15x15_s5/train/T089668.png,1896,LOW,5%,1
T089673,387083,7440,data/corrupted/100k_blur_15x15_s5/train/T089673.png,data/corrupted/100k_blur_15x15_s5/train/T089673.png,4469,LOW,5%,1
T089675,387076,7440,data/corrupted/100k_blur_15x15_s5/train/T089675.png,data/corrupted/100k_blur_15x15_s5/train/T089675.png,1183,LOW,5%,1
T089693,387086,7440,data/corrupted/100k_blur_15x15_s5/train/T089693.png,data/corrupted/100k_blur_15x15_s5/train/T089693.png,2549,LOW,5%,1
T089694,387090,7440,data/corrupted/100k_blur_15x15_s5/train/T089694.png,data/corrupted/100k_blur_15x15_s5/train/T089694.png,1184,LOW,5%,1
T089746,408365,8050,data/corrupted/100k_blur_15x15_s5/train/T089746.png,data/corrupted/100k_blur_15x15_s5/train/T089746.png,2740,LOW,5%,1
T089751,411821,8127,data/corrupted/100k_blur_15x15_s5/train/T089751.png,data/corrupted/100k_blur_15x15_s5/train/T089751.png,6806,LOW,5%,1
T089772,411834,8127,data/corrupted/100k_blur_15x15_s5/train/T089772.png,data/corrupted/100k_blur_15x15_s5/train/T089772.png,4403,LOW,5%,1
T089791,411780,8127,data/corrupted/100k_blur_15x15_s5/train/T089791.png,data/corrupted/100k_blur_15x15_s5/train/T089791.png,132,LOW,5%,1
T089794,411830,8127,data/corrupted/100k_blur_15x15_s5/train/T089794.png,data/corrupted/100k_blur_15x15_s5/train/T089794.png,8861,LOW,5%,1
T089811,415102,8236,data/corrupted/100k_blur_15x15_s5/train/T089811.png,data/corrupted/100k_blur_15x15_s5/train/T089811.png,6514,LOW,5%,1
T089850,435963,8816,data/corrupted/100k_blur_15x15_s5/train/T089850.png,data/corrupted/100k_blur_15x15_s5/train/T089850.png,3941,LOW,5%,1
T089883,435951,8816,data/corrupted/100k_blur_15x15_s5/train/T089883.png,data/corrupted/100k_blur_15x15_s5/train/T089883.png,9570,LOW,5%,1
T090018,450244,9236,data/corrupted/100k_blur_15x15_s5/train/T090018.png,data/corrupted/100k_blur_15x15_s5/train/T090018.png,550,LOW,5%,1
T090021,450229,9236,data/corrupted/100k_blur_15x15_s5/train/T090021.png,data/corrupted/100k_blur_15x15_s5/train/T090021.png,267,LOW,5%,1
T090024,450259,9236,data/corrupted/100k_blur_15x15_s5/train/T090024.png,data/corrupted/100k_blur_15x15_s5/train/T090024.png,1811,LOW,5%,1
T090043,450281,9236,data/corrupted/100k_blur_15x15_s5/train/T090043.png,data/corrupted/100k_blur_15x15_s5/train/T090043.png,5034,LOW,5%,1
T090082,458908,9515,data/corrupted/100k_blur_15x15_s5/train/T090082.png,data/corrupted/100k_blur_15x15_s5/train/T090082.png,1588,LOW,5%,1
T090109,475907,10040,data/corrupted/100k_blur_15x15_s5/train/T090109.png,data/corrupted/100k_blur_15x15_s5/train/T090109.png,8565,LOW,5%,1
T090112,475901,10040,data/corrupted/100k_blur_15x15_s5/train/T090112.png,data/corrupted/100k_blur_15x15_s5/train/T090112.png,3951,LOW,5%,1
T090121,475883,10040,data/corrupted/100k_blur_15x15_s5/train/T090121.png,data/corrupted/100k_blur_15x15_s5/train/T090121.png,7216,LOW,5%,1
T090126,475887,10040,data/corrupted/100k_blur_15x15_s5/train/T090126.png,data/corrupted/100k_blur_15x15_s5/train/T090126.png,6509,LOW,5%,1
T090196,476456,10060,data/corrupted/100k_blur_15x15_s5/train/T090196.png,data/corrupted/100k_blur_15x15_s5/train/T090196.png,5322,LOW,5%,1
T090213,9400,49,data/corrupted/100k_blur_15x15_s5/train/T090213.png,data/corrupted/100k_blur_15x15_s5/train/T090213.png,9543,LOW,5%,1
T090236,9387,49,data/corrupted/100k_blur_15x15_s5/train/T090236.png,data/corrupted/100k_blur_15x15_s5/train/T090236.png,7601,LOW,5%,1
T090238,9382,49,data/corrupted/100k_blur_15x15_s5/train/T090238.png,data/corrupted/100k_blur_15x15_s5/train/T090238.png,221,LOW,5%,1
T090254,17124,131,data/corrupted/100k_blur_15x15_s5/train/T090254.png,data/corrupted/100k_blur_15x15_s5/train/T090254.png,73,LOW,5%,1
T090393,22479,179,data/corrupted/100k_blur_15x15_s5/train/T090393.png,data/corrupted/100k_blur_15x15_s5/train/T090393.png,5292,LOW,5%,1
T090398,22502,179,data/corrupted/100k_blur_15x15_s5/train/T090398.png,data/corrupted/100k_blur_15x15_s5/train/T090398.png,8401,LOW,5%,1
T090415,22888,185,data/corrupted/100k_blur_15x15_s5/train/T090415.png,data/corrupted/100k_blur_15x15_s5/train/T090415.png,1994,LOW,5%,1
T090421,22922,185,data/corrupted/100k_blur_15x15_s5/train/T090421.png,data/corrupted/100k_blur_15x15_s5/train/T090421.png,8071,LOW,5%,1
T090423,22939,185,data/corrupted/100k_blur_15x15_s5/train/T090423.png,data/corrupted/100k_blur_15x15_s5/train/T090423.png,5419,LOW,5%,1
T090514,43830,435,data/corrupted/100k_blur_15x15_s5/train/T090514.png,data/corrupted/100k_blur_15x15_s5/train/T090514.png,2626,LOW,5%,1
T090526,43859,435,data/corrupted/100k_blur_15x15_s5/train/T090526.png,data/corrupted/100k_blur_15x15_s5/train/T090526.png,936,LOW,5%,1
T090580,74582,889,data/corrupted/100k_blur_15x15_s5/train/T090580.png,data/corrupted/100k_blur_15x15_s5/train/T090580.png,4169,LOW,5%,1
T090657,87960,1062,data/corrupted/100k_blur_15x15_s5/train/T090657.png,data/corrupted/100k_blur_15x15_s5/train/T090657.png,3496,LOW,5%,1
T090683,88007,1062,data/corrupted/100k_blur_15x15_s5/train/T090683.png,data/corrupted/100k_blur_15x15_s5/train/T090683.png,2393,LOW,5%,1
T090717,124147,1669,data/corrupted/100k_blur_15x15_s5/train/T090717.png,data/corrupted/100k_blur_15x15_s5/train/T090717.png,5958,LOW,5%,1
T090724,124137,1669,data/corrupted/100k_blur_15x15_s5/train/T090724.png,data/corrupted/100k_blur_15x15_s5/train/T090724.png,995,LOW,5%,1
T090730,124096,1669,data/corrupted/100k_blur_15x15_s5/train/T090730.png,data/corrupted/100k_blur_15x15_s5/train/T090730.png,5075,LOW,5%,1
T090763,134125,1891,data/corrupted/100k_blur_15x15_s5/train/T090763.png,data/corrupted/100k_blur_15x15_s5/train/T090763.png,7334,LOW,5%,1
T090788,134093,1891,data/corrupted/100k_blur_15x15_s5/train/T090788.png,data/corrupted/100k_blur_15x15_s5/train/T090788.png,9790,LOW,5%,1
T090793,134110,1891,data/corrupted/100k_blur_15x15_s5/train/T090793.png,data/corrupted/100k_blur_15x15_s5/train/T090793.png,3591,LOW,5%,1
T090805,153354,2291,data/corrupted/100k_blur_15x15_s5/train/T090805.png,data/corrupted/100k_blur_15x15_s5/train/T090805.png,2814,LOW,5%,1
T090821,153351,2291,data/corrupted/100k_blur_15x15_s5/train/T090821.png,data/corrupted/100k_blur_15x15_s5/train/T090821.png,2196,LOW,5%,1
T090906,189169,3010,data/corrupted/100k_blur_15x15_s5/train/T090906.png,data/corrupted/100k_blur_15x15_s5/train/T090906.png,2804,LOW,5%,1
T090929,189203,3010,data/corrupted/100k_blur_15x15_s5/train/T090929.png,data/corrupted/100k_blur_15x15_s5/train/T090929.png,1306,LOW,5%,1
T090938,189162,3010,data/corrupted/100k_blur_15x15_s5/train/T090938.png,data/corrupted/100k_blur_15x15_s5/train/T090938.png,1786,LOW,5%,1
T090973,231577,3951,data/corrupted/100k_blur_15x15_s5/train/T090973.png,data/corrupted/100k_blur_15x15_s5/train/T090973.png,4169,LOW,5%,1
T091006,234652,4011,data/corrupted/100k_blur_15x15_s5/train/T091006.png,data/corrupted/100k_blur_15x15_s5/train/T091006.png,279,LOW,5%,1
T091038,234666,4011,data/corrupted/100k_blur_15x15_s5/train/T091038.png,data/corrupted/100k_blur_15x15_s5/train/T091038.png,2674,LOW,5%,1
T091043,234613,4011,data/corrupted/100k_blur_15x15_s5/train/T091043.png,data/corrupted/100k_blur_15x15_s5/train/T091043.png,2554,LOW,5%,1
T091062,246632,4257,data/corrupted/100k_blur_15x15_s5/train/T091062.png,data/corrupted/100k_blur_15x15_s5/train/T091062.png,5261,LOW,5%,1
T091095,246604,4257,data/corrupted/100k_blur_15x15_s5/train/T091095.png,data/corrupted/100k_blur_15x15_s5/train/T091095.png,3687,LOW,5%,1
T091121,248388,4292,data/corrupted/100k_blur_15x15_s5/train/T091121.png,data/corrupted/100k_blur_15x15_s5/train/T091121.png,1159,LOW,5%,1
T091151,253886,4399,data/corrupted/100k_blur_15x15_s5/train/T091151.png,data/corrupted/100k_blur_15x15_s5/train/T091151.png,6745,LOW,5%,1
T091167,253907,4399,data/corrupted/100k_blur_15x15_s5/train/T091167.png,data/corrupted/100k_blur_15x15_s5/train/T091167.png,9292,LOW,5%,1
T091186,253876,4399,data/corrupted/100k_blur_15x15_s5/train/T091186.png,data/corrupted/100k_blur_15x15_s5/train/T091186.png,9747,LOW,5%,1
T091270,289740,5202,data/corrupted/100k_blur_15x15_s5/train/T091270.png,data/corrupted/100k_blur_15x15_s5/train/T091270.png,7216,LOW,5%,1
T091281,289745,5202,data/corrupted/100k_blur_15x15_s5/train/T091281.png,data/corrupted/100k_blur_15x15_s5/train/T091281.png,5127,LOW,5%,1
T091289,289728,5202,data/corrupted/100k_blur_15x15_s5/train/T091289.png,data/corrupted/100k_blur_15x15_s5/train/T091289.png,89,LOW,5%,1
T091294,289695,5202,data/corrupted/100k_blur_15x15_s5/train/T091294.png,data/corrupted/100k_blur_15x15_s5/train/T091294.png,3098,LOW,5%,1
T091335,291076,5235,data/corrupted/100k_blur_15x15_s5/train/T091335.png,data/corrupted/100k_blur_15x15_s5/train/T091335.png,1994,LOW,5%,1
T091343,291087,5235,data/corrupted/100k_blur_15x15_s5/train/T091343.png,data/corrupted/100k_blur_15x15_s5/train/T091343.png,3498,LOW,5%,1
T091348,291091,5235,data/corrupted/100k_blur_15x15_s5/train/T091348.png,data/corrupted/100k_blur_15x15_s5/train/T091348.png,2677,LOW,5%,1
T091351,295178,5319,data/corrupted/100k_blur_15x15_s5/train/T091351.png,data/corrupted/100k_blur_15x15_s5/train/T091351.png,3645,LOW,5%,1
T091384,295199,5319,data/corrupted/100k_blur_15x15_s5/train/T091384.png,data/corrupted/100k_blur_15x15_s5/train/T091384.png,9486,LOW,5%,1
T091396,295153,5319,data/corrupted/100k_blur_15x15_s5/train/T091396.png,data/corrupted/100k_blur_15x15_s5/train/T091396.png,7714,LOW,5%,1
T091425,299997,5436,data/corrupted/100k_blur_15x15_s5/train/T091425.png,data/corrupted/100k_blur_15x15_s5/train/T091425.png,10071,LOW,5%,1
T091433,300003,5436,data/corrupted/100k_blur_15x15_s5/train/T091433.png,data/corrupted/100k_blur_15x15_s5/train/T091433.png,9849,LOW,5%,1
T091443,299975,5436,data/corrupted/100k_blur_15x15_s5/train/T091443.png,data/corrupted/100k_blur_15x15_s5/train/T091443.png,8745,LOW,5%,1
T091458,328525,6059,data/corrupted/100k_blur_15x15_s5/train/T091458.png,data/corrupted/100k_blur_15x15_s5/train/T091458.png,5377,LOW,5%,1
T091461,328564,6059,data/corrupted/100k_blur_15x15_s5/train/T091461.png,data/corrupted/100k_blur_15x15_s5/train/T091461.png,730,LOW,5%,1
T091483,328526,6059,data/corrupted/100k_blur_15x15_s5/train/T091483.png,data/corrupted/100k_blur_15x15_s5/train/T091483.png,4352,LOW,5%,1
T091538,337337,6244,data/corrupted/100k_blur_15x15_s5/train/T091538.png,data/corrupted/100k_blur_15x15_s5/train/T091538.png,1388,LOW,5%,1
T091541,337349,6244,data/corrupted/100k_blur_15x15_s5/train/T091541.png,data/corrupted/100k_blur_15x15_s5/train/T091541.png,1136,LOW,5%,1
T091555,338318,6271,data/corrupted/100k_blur_15x15_s5/train/T091555.png,data/corrupted/100k_blur_15x15_s5/train/T091555.png,10148,LOW,5%,1
T091563,338364,6271,data/corrupted/100k_blur_15x15_s5/train/T091563.png,data/corrupted/100k_blur_15x15_s5/train/T091563.png,5245,LOW,5%,1
T091597,338369,6271,data/corrupted/100k_blur_15x15_s5/train/T091597.png,data/corrupted/100k_blur_15x15_s5/train/T091597.png,7801,LOW,5%,1
T091609,349796,6513,data/corrupted/100k_blur_15x15_s5/train/T091609.png,data/corrupted/100k_blur_15x15_s5/train/T091609.png,2657,LOW,5%,1
T091611,349771,6513,data/corrupted/100k_blur_15x15_s5/train/T091611.png,data/corrupted/100k_blur_15x15_s5/train/T091611.png,2009,LOW,5%,1
T091615,349812,6513,data/corrupted/100k_blur_15x15_s5/train/T091615.png,data/corrupted/100k_blur_15x15_s5/train/T091615.png,3209,LOW,5%,1
T091639,349767,6513,data/corrupted/100k_blur_15x15_s5/train/T091639.png,data/corrupted/100k_blur_15x15_s5/train/T091639.png,1047,LOW,5%,1
T091642,349817,6513,data/corrupted/100k_blur_15x15_s5/train/T091642.png,data/corrupted/100k_blur_15x15_s5/train/T091642.png,6500,LOW,5%,1
T091674,355610,6663,data/corrupted/100k_blur_15x15_s5/train/T091674.png,data/corrupted/100k_blur_15x15_s5/train/T091674.png,4183,LOW,5%,1
T091697,355580,6663,data/corrupted/100k_blur_15x15_s5/train/T091697.png,data/corrupted/100k_blur_15x15_s5/train/T091697.png,7090,LOW,5%,1
T091721,360183,6756,data/corrupted/100k_blur_15x15_s5/train/T091721.png,data/corrupted/100k_blur_15x15_s5/train/T091721.png,3624,LOW,5%,1
T091733,360185,6756,data/corrupted/100k_blur_15x15_s5/train/T091733.png,data/corrupted/100k_blur_15x15_s5/train/T091733.png,649,LOW,5%,1
T091734,360193,6756,data/corrupted/100k_blur_15x15_s5/train/T091734.png,data/corrupted/100k_blur_15x15_s5/train/T091734.png,862,LOW,5%,1
T091746,360220,6756,data/corrupted/100k_blur_15x15_s5/train/T091746.png,data/corrupted/100k_blur_15x15_s5/train/T091746.png,4187,LOW,5%,1
T091747,360230,6756,data/corrupted/100k_blur_15x15_s5/train/T091747.png,data/corrupted/100k_blur_15x15_s5/train/T091747.png,2581,LOW,5%,1
T091761,368464,6960,data/corrupted/100k_blur_15x15_s5/train/T091761.png,data/corrupted/100k_blur_15x15_s5/train/T091761.png,2806,LOW,5%,1
T091771,368422,6960,data/corrupted/100k_blur_15x15_s5/train/T091771.png,data/corrupted/100k_blur_15x15_s5/train/T091771.png,79,LOW,5%,1
T091783,368429,6960,data/corrupted/100k_blur_15x15_s5/train/T091783.png,data/corrupted/100k_blur_15x15_s5/train/T091783.png,6934,LOW,5%,1
T091841,369648,6993,data/corrupted/100k_blur_15x15_s5/train/T091841.png,data/corrupted/100k_blur_15x15_s5/train/T091841.png,1095,LOW,5%,1
T091847,369661,6993,data/corrupted/100k_blur_15x15_s5/train/T091847.png,data/corrupted/100k_blur_15x15_s5/train/T091847.png,9230,LOW,5%,1
T091884,387851,7464,data/corrupted/100k_blur_15x15_s5/train/T091884.png,data/corrupted/100k_blur_15x15_s5/train/T091884.png,4741,LOW,5%,1
T091886,387872,7464,data/corrupted/100k_blur_15x15_s5/train/T091886.png,data/corrupted/100k_blur_15x15_s5/train/T091886.png,183,LOW,5%,1
T091890,387842,7464,data/corrupted/100k_blur_15x15_s5/train/T091890.png,data/corrupted/100k_blur_15x15_s5/train/T091890.png,8654,LOW,5%,1
T091895,387893,7464,data/corrupted/100k_blur_15x15_s5/train/T091895.png,data/corrupted/100k_blur_15x15_s5/train/T091895.png,2987,LOW,5%,1
T091898,387891,7464,data/corrupted/100k_blur_15x15_s5/train/T091898.png,data/corrupted/100k_blur_15x15_s5/train/T091898.png,209,LOW,5%,1
T091913,395828,7698,data/corrupted/100k_blur_15x15_s5/train/T091913.png,data/corrupted/100k_blur_15x15_s5/train/T091913.png,5210,LOW,5%,1
T091926,395870,7698,data/corrupted/100k_blur_15x15_s5/train/T091926.png,data/corrupted/100k_blur_15x15_s5/train/T091926.png,1370,LOW,5%,1
T091980,405746,7981,data/corrupted/100k_blur_15x15_s5/train/T091980.png,data/corrupted/100k_blur_15x15_s5/train/T091980.png,4603,LOW,5%,1
T091989,405742,7981,data/corrupted/100k_blur_15x15_s5/train/T091989.png,data/corrupted/100k_blur_15x15_s5/train/T091989.png,6284,LOW,5%,1
T092026,414988,8234,data/corrupted/100k_blur_15x15_s5/train/T092026.png,data/corrupted/100k_blur_15x15_s5/train/T092026.png,3743,LOW,5%,1
T092033,414992,8234,data/corrupted/100k_blur_15x15_s5/train/T092033.png,data/corrupted/100k_blur_15x15_s5/train/T092033.png,4585,LOW,5%,1
T092037,414959,8234,data/corrupted/100k_blur_15x15_s5/train/T092037.png,data/corrupted/100k_blur_15x15_s5/train/T092037.png,7024,LOW,5%,1
T092045,414969,8234,data/corrupted/100k_blur_15x15_s5/train/T092045.png,data/corrupted/100k_blur_15x15_s5/train/T092045.png,976,LOW,5%,1
T092081,423569,8476,data/corrupted/100k_blur_15x15_s5/train/T092081.png,data/corrupted/100k_blur_15x15_s5/train/T092081.png,7103,LOW,5%,1
T092094,423602,8476,data/corrupted/100k_blur_15x15_s5/train/T092094.png,data/corrupted/100k_blur_15x15_s5/train/T092094.png,3629,LOW,5%,1
T092108,424656,8507,data/corrupted/100k_blur_15x15_s5/train/T092108.png,data/corrupted/100k_blur_15x15_s5/train/T092108.png,3451,LOW,5%,1
T092133,424671,8507,data/corrupted/100k_blur_15x15_s5/train/T092133.png,data/corrupted/100k_blur_15x15_s5/train/T092133.png,5706,LOW,5%,1
T092134,424645,8507,data/corrupted/100k_blur_15x15_s5/train/T092134.png,data/corrupted/100k_blur_15x15_s5/train/T092134.png,4212,LOW,5%,1
T092138,424644,8507,data/corrupted/100k_blur_15x15_s5/train/T092138.png,data/corrupted/100k_blur_15x15_s5/train/T092138.png,2333,LOW,5%,1
T092143,424652,8507,data/corrupted/100k_blur_15x15_s5/train/T092143.png,data/corrupted/100k_blur_15x15_s5/train/T092143.png,359,LOW,5%,1
T092191,440843,8950,data/corrupted/100k_blur_15x15_s5/train/T092191.png,data/corrupted/100k_blur_15x15_s5/train/T092191.png,843,LOW,5%,1
T092193,440844,8950,data/corrupted/100k_blur_15x15_s5/train/T092193.png,data/corrupted/100k_blur_15x15_s5/train/T092193.png,5170,LOW,5%,1
T092196,440893,8950,data/corrupted/100k_blur_15x15_s5/train/T092196.png,data/corrupted/100k_blur_15x15_s5/train/T092196.png,1179,LOW,5%,1
T092206,460255,9545,data/corrupted/100k_blur_15x15_s5/train/T092206.png,data/corrupted/100k_blur_15x15_s5/train/T092206.png,6871,LOW,5%,1
T092234,460262,9545,data/corrupted/100k_blur_15x15_s5/train/T092234.png,data/corrupted/100k_blur_15x15_s5/train/T092234.png,385,LOW,5%,1
T092255,477180,10080,data/corrupted/100k_blur_15x15_s5/train/T092255.png,data/corrupted/100k_blur_15x15_s5/train/T092255.png,7076,LOW,5%,1
T092271,477208,10080,data/corrupted/100k_blur_15x15_s5/train/T092271.png,data/corrupted/100k_blur_15x15_s5/train/T092271.png,2657,LOW,5%,1
T092274,477205,10080,data/corrupted/100k_blur_15x15_s5/train/T092274.png,data/corrupted/100k_blur_15x15_s5/train/T092274.png,9254,LOW,5%,1
T092334,479253,10148,data/corrupted/100k_blur_15x15_s5/train/T092334.png,data/corrupted/100k_blur_15x15_s5/train/T092334.png,104,LOW,5%,1
T092336,479231,10148,data/corrupted/100k_blur_15x15_s5/train/T092336.png,data/corrupted/100k_blur_15x15_s5/train/T092336.png,2499,LOW,5%,1
T092337,479210,10148,data/corrupted/100k_blur_15x15_s5/train/T092337.png,data/corrupted/100k_blur_15x15_s5/train/T092337.png,8781,LOW,5%,1
T092374,15610,109,data/corrupted/100k_blur_15x15_s5/train/T092374.png,data/corrupted/100k_blur_15x15_s5/train/T092374.png,9189,LOW,5%,1
T092375,15621,109,data/corrupted/100k_blur_15x15_s5/train/T092375.png,data/corrupted/100k_blur_15x15_s5/train/T092375.png,3606,LOW,5%,1
T092379,15631,109,data/corrupted/100k_blur_15x15_s5/train/T092379.png,data/corrupted/100k_blur_15x15_s5/train/T092379.png,2412,LOW,5%,1
T092472,43242,421,data/corrupted/100k_blur_15x15_s5/train/T092472.png,data/corrupted/100k_blur_15x15_s5/train/T092472.png,264,LOW,5%,1
T092487,43222,421,data/corrupted/100k_blur_15x15_s5/train/T092487.png,data/corrupted/100k_blur_15x15_s5/train/T092487.png,2678,LOW,5%,1
T092513,84337,1019,data/corrupted/100k_blur_15x15_s5/train/T092513.png,data/corrupted/100k_blur_15x15_s5/train/T092513.png,4920,LOW,5%,1
T092521,84320,1019,data/corrupted/100k_blur_15x15_s5/train/T092521.png,data/corrupted/100k_blur_15x15_s5/train/T092521.png,58,LOW,5%,1
T092553,96508,1179,data/corrupted/100k_blur_15x15_s5/train/T092553.png,data/corrupted/100k_blur_15x15_s5/train/T092553.png,5210,LOW,5%,1
T092560,96540,1179,data/corrupted/100k_blur_15x15_s5/train/T092560.png,data/corrupted/100k_blur_15x15_s5/train/T092560.png,800,LOW,5%,1
T092581,96515,1179,data/corrupted/100k_blur_15x15_s5/train/T092581.png,data/corrupted/100k_blur_15x15_s5/train/T092581.png,9351,LOW,5%,1
T092592,96537,1179,data/corrupted/100k_blur_15x15_s5/train/T092592.png,data/corrupted/100k_blur_15x15_s5/train/T092592.png,3330,LOW,5%,1
T092594,96542,1179,data/corrupted/100k_blur_15x15_s5/train/T092594.png,data/corrupted/100k_blur_15x15_s5/train/T092594.png,6873,LOW,5%,1
T092622,104968,1286,data/corrupted/100k_blur_15x15_s5/train/T092622.png,data/corrupted/100k_blur_15x15_s5/train/T092622.png,13,LOW,5%,1
T092637,105009,1286,data/corrupted/100k_blur_15x15_s5/train/T092637.png,data/corrupted/100k_blur_15x15_s5/train/T092637.png,426,LOW,5%,1
T092667,116295,1523,data/corrupted/100k_blur_15x15_s5/train/T092667.png,data/corrupted/100k_blur_15x15_s5/train/T092667.png,7940,LOW,5%,1
T092729,117012,1538,data/corrupted/100k_blur_15x15_s5/train/T092729.png,data/corrupted/100k_blur_15x15_s5/train/T092729.png,10281,LOW,5%,1
T092762,118092,1546,data/corrupted/100k_blur_15x15_s5/train/T092762.png,data/corrupted/100k_blur_15x15_s5/train/T092762.png,5132,LOW,5%,1
T092771,118096,1546,data/corrupted/100k_blur_15x15_s5/train/T092771.png,data/corrupted/100k_blur_15x15_s5/train/T092771.png,7392,LOW,5%,1
T092775,118067,1546,data/corrupted/100k_blur_15x15_s5/train/T092775.png,data/corrupted/100k_blur_15x15_s5/train/T092775.png,210,LOW,5%,1
T092784,118107,1546,data/corrupted/100k_blur_15x15_s5/train/T092784.png,data/corrupted/100k_blur_15x15_s5/train/T092784.png,6063,LOW,5%,1
T092800,137982,1985,data/corrupted/100k_blur_15x15_s5/train/T092800.png,data/corrupted/100k_blur_15x15_s5/train/T092800.png,1935,LOW,5%,1
T092801,137943,1985,data/corrupted/100k_blur_15x15_s5/train/T092801.png,data/corrupted/100k_blur_15x15_s5/train/T092801.png,3715,LOW,5%,1
T092823,137951,1985,data/corrupted/100k_blur_15x15_s5/train/T092823.png,data/corrupted/100k_blur_15x15_s5/train/T092823.png,4445,LOW,5%,1
T092855,139442,2009,data/corrupted/100k_blur_15x15_s5/train/T092855.png,data/corrupted/100k_blur_15x15_s5/train/T092855.png,2439,LOW,5%,1
T092879,139439,2009,data/corrupted/100k_blur_15x15_s5/train/T092879.png,data/corrupted/100k_blur_15x15_s5/train/T092879.png,453,LOW,5%,1
T092900,150626,2227,data/corrupted/100k_blur_15x15_s5/train/T092900.png,data/corrupted/100k_blur_15x15_s5/train/T092900.png,3609,LOW,5%,1
T092914,150646,2227,data/corrupted/100k_blur_15x15_s5/train/T092914.png,data/corrupted/100k_blur_15x15_s5/train/T092914.png,4046,LOW,5%,1
T092924,150624,2227,data/corrupted/100k_blur_15x15_s5/train/T092924.png,data/corrupted/100k_blur_15x15_s5/train/T092924.png,3306,LOW,5%,1
T092976,151006,2240,data/corrupted/100k_blur_15x15_s5/train/T092976.png,data/corrupted/100k_blur_15x15_s5/train/T092976.png,6833,LOW,5%,1
T092990,151010,2240,data/corrupted/100k_blur_15x15_s5/train/T092990.png,data/corrupted/100k_blur_15x15_s5/train/T092990.png,995,LOW,5%,1
T092993,150990,2240,data/corrupted/100k_blur_15x15_s5/train/T092993.png,data/corrupted/100k_blur_15x15_s5/train/T092993.png,1861,LOW,5%,1
T093000,162845,2478,data/corrupted/100k_blur_15x15_s5/train/T093000.png,data/corrupted/100k_blur_15x15_s5/train/T093000.png,6675,LOW,5%,1
T093064,164851,2520,data/corrupted/100k_blur_15x15_s5/train/T093064.png,data/corrupted/100k_blur_15x15_s5/train/T093064.png,3098,LOW,5%,1
T093070,164839,2520,data/corrupted/100k_blur_15x15_s5/train/T093070.png,data/corrupted/100k_blur_15x15_s5/train/T093070.png,3356,LOW,5%,1
T093079,164831,2520,data/corrupted/100k_blur_15x15_s5/train/T093079.png,data/corrupted/100k_blur_15x15_s5/train/T093079.png,10231,LOW,5%,1
T093092,164857,2520,data/corrupted/100k_blur_15x15_s5/train/T093092.png,data/corrupted/100k_blur_15x15_s5/train/T093092.png,2984,LOW,5%,1
T093102,188803,3004,data/corrupted/100k_blur_15x15_s5/train/T093102.png,data/corrupted/100k_blur_15x15_s5/train/T093102.png,5286,LOW,5%,1
T093108,188812,3004,data/corrupted/100k_blur_15x15_s5/train/T093108.png,data/corrupted/100k_blur_15x15_s5/train/T093108.png,2509,LOW,5%,1
T093117,188834,3004,data/corrupted/100k_blur_15x15_s5/train/T093117.png,data/corrupted/100k_blur_15x15_s5/train/T093117.png,1188,LOW,5%,1
T093132,188808,3004,data/corrupted/100k_blur_15x15_s5/train/T093132.png,data/corrupted/100k_blur_15x15_s5/train/T093132.png,7673,LOW,5%,1
T093195,218857,3676,data/corrupted/100k_blur_15x15_s5/train/T093195.png,data/corrupted/100k_blur_15x15_s5/train/T093195.png,36,LOW,5%,1
T093200,226408,3825,data/corrupted/100k_blur_15x15_s5/train/T093200.png,data/corrupted/100k_blur_15x15_s5/train/T093200.png,1838,LOW,5%,1
T093207,226422,3825,data/corrupted/100k_blur_15x15_s5/train/T093207.png,data/corrupted/100k_blur_15x15_s5/train/T093207.png,8198,LOW,5%,1
T093230,226415,3825,data/corrupted/100k_blur_15x15_s5/train/T093230.png,data/corrupted/100k_blur_15x15_s5/train/T093230.png,6573,LOW,5%,1
T093255,230167,3926,data/corrupted/100k_blur_15x15_s5/train/T093255.png,data/corrupted/100k_blur_15x15_s5/train/T093255.png,2023,LOW,5%,1
T093258,230151,3926,data/corrupted/100k_blur_15x15_s5/train/T093258.png,data/corrupted/100k_blur_15x15_s5/train/T093258.png,1876,LOW,5%,1
T093274,230132,3926,data/corrupted/100k_blur_15x15_s5/train/T093274.png,data/corrupted/100k_blur_15x15_s5/train/T093274.png,847,LOW,5%,1
T093276,230143,3926,data/corrupted/100k_blur_15x15_s5/train/T093276.png,data/corrupted/100k_blur_15x15_s5/train/T093276.png,5261,LOW,5%,1
T093301,237394,4064,data/corrupted/100k_blur_15x15_s5/train/T093301.png,data/corrupted/100k_blur_15x15_s5/train/T093301.png,975,LOW,5%,1
T093322,237367,4064,data/corrupted/100k_blur_15x15_s5/train/T093322.png,data/corrupted/100k_blur_15x15_s5/train/T093322.png,6840,LOW,5%,1
T093325,237369,4064,data/corrupted/100k_blur_15x15_s5/train/T093325.png,data/corrupted/100k_blur_15x15_s5/train/T093325.png,4263,LOW,5%,1
T093332,237351,4064,data/corrupted/100k_blur_15x15_s5/train/T093332.png,data/corrupted/100k_blur_15x15_s5/train/T093332.png,258,LOW,5%,1
T093333,237349,4064,data/corrupted/100k_blur_15x15_s5/train/T093333.png,data/corrupted/100k_blur_15x15_s5/train/T093333.png,9572,LOW,5%,1
T093344,237393,4064,data/corrupted/100k_blur_15x15_s5/train/T093344.png,data/corrupted/100k_blur_15x15_s5/train/T093344.png,1042,LOW,5%,1
T093376,241278,4151,data/corrupted/100k_blur_15x15_s5/train/T093376.png,data/corrupted/100k_blur_15x15_s5/train/T093376.png,1533,LOW,5%,1
T093383,241284,4151,data/corrupted/100k_blur_15x15_s5/train/T093383.png,data/corrupted/100k_blur_15x15_s5/train/T093383.png,3788,LOW,5%,1
T093428,292833,5273,data/corrupted/100k_blur_15x15_s5/train/T093428.png,data/corrupted/100k_blur_15x15_s5/train/T093428.png,598,LOW,5%,1
T093467,323769,5958,data/corrupted/100k_blur_15x15_s5/train/T093467.png,data/corrupted/100k_blur_15x15_s5/train/T093467.png,383,LOW,5%,1
T093479,323796,5958,data/corrupted/100k_blur_15x15_s5/train/T093479.png,data/corrupted/100k_blur_15x15_s5/train/T093479.png,4373,LOW,5%,1
T093481,323816,5958,data/corrupted/100k_blur_15x15_s5/train/T093481.png,data/corrupted/100k_blur_15x15_s5/train/T093481.png,5643,LOW,5%,1
T093510,327274,6030,data/corrupted/100k_blur_15x15_s5/train/T093510.png,data/corrupted/100k_blur_15x15_s5/train/T093510.png,5366,LOW,5%,1
T093528,327316,6030,data/corrupted/100k_blur_15x15_s5/train/T093528.png,data/corrupted/100k_blur_15x15_s5/train/T093528.png,5419,LOW,5%,1
T093536,327323,6030,data/corrupted/100k_blur_15x15_s5/train/T093536.png,data/corrupted/100k_blur_15x15_s5/train/T093536.png,936,LOW,5%,1
T093583,327757,6045,data/corrupted/100k_blur_15x15_s5/train/T093583.png,data/corrupted/100k_blur_15x15_s5/train/T093583.png,1918,LOW,5%,1
T093598,327756,6045,data/corrupted/100k_blur_15x15_s5/train/T093598.png,data/corrupted/100k_blur_15x15_s5/train/T093598.png,404,LOW,5%,1
T093610,345956,6412,data/corrupted/100k_blur_15x15_s5/train/T093610.png,data/corrupted/100k_blur_15x15_s5/train/T093610.png,985,LOW,5%,1
T093623,345918,6412,data/corrupted/100k_blur_15x15_s5/train/T093623.png,data/corrupted/100k_blur_15x15_s5/train/T093623.png,270,LOW,5%,1
T093639,345945,6412,data/corrupted/100k_blur_15x15_s5/train/T093639.png,data/corrupted/100k_blur_15x15_s5/train/T093639.png,5949,LOW,5%,1
T093646,345943,6412,data/corrupted/100k_blur_15x15_s5/train/T093646.png,data/corrupted/100k_blur_15x15_s5/train/T093646.png,2984,LOW,5%,1
T093661,346699,6432,data/corrupted/100k_blur_15x15_s5/train/T093661.png,data/corrupted/100k_blur_15x15_s5/train/T093661.png,8794,LOW,5%,1
T093685,346696,6432,data/corrupted/100k_blur_15x15_s5/train/T093685.png,data/corrupted/100k_blur_15x15_s5/train/T093685.png,2700,LOW,5%,1
T093717,347194,6441,data/corrupted/100k_blur_15x15_s5/train/T093717.png,data/corrupted/100k_blur_15x15_s5/train/T093717.png,5990,LOW,5%,1
T093757,348534,6483,data/corrupted/100k_blur_15x15_s5/train/T093757.png,data/corrupted/100k_blur_15x15_s5/train/T093757.png,5547,LOW,5%,1
T093803,352877,6599,data/corrupted/100k_blur_15x15_s5/train/T093803.png,data/corrupted/100k_blur_15x15_s5/train/T093803.png,1784,LOW,5%,1
T093806,352879,6599,data/corrupted/100k_blur_15x15_s5/train/T093806.png,data/corrupted/100k_blur_15x15_s5/train/T093806.png,4597,LOW,5%,1
T093859,369718,6996,data/corrupted/100k_blur_15x15_s5/train/T093859.png,data/corrupted/100k_blur_15x15_s5/train/T093859.png,2083,LOW,5%,1
T093863,369750,6996,data/corrupted/100k_blur_15x15_s5/train/T093863.png,data/corrupted/100k_blur_15x15_s5/train/T093863.png,9940,LOW,5%,1
T094000,409564,8074,data/corrupted/100k_blur_15x15_s5/train/T094000.png,data/corrupted/100k_blur_15x15_s5/train/T094000.png,9257,LOW,5%,1
T094010,409570,8074,data/corrupted/100k_blur_15x15_s5/train/T094010.png,data/corrupted/100k_blur_15x15_s5/train/T094010.png,484,LOW,5%,1
T094063,417132,8303,data/corrupted/100k_blur_15x15_s5/train/T094063.png,data/corrupted/100k_blur_15x15_s5/train/T094063.png,3331,LOW,5%,1
T094108,431383,8695,data/corrupted/100k_blur_15x15_s5/train/T094108.png,data/corrupted/100k_blur_15x15_s5/train/T094108.png,7031,LOW,5%,1
T094144,431337,8695,data/corrupted/100k_blur_15x15_s5/train/T094144.png,data/corrupted/100k_blur_15x15_s5/train/T094144.png,10177,LOW,5%,1
T094155,435242,8794,data/corrupted/100k_blur_15x15_s5/train/T094155.png,data/corrupted/100k_blur_15x15_s5/train/T094155.png,185,LOW,5%,1
T094219,438817,8883,data/corrupted/100k_blur_15x15_s5/train/T094219.png,data/corrupted/100k_blur_15x15_s5/train/T094219.png,5926,LOW,5%,1
T094225,438846,8883,data/corrupted/100k_blur_15x15_s5/train/T094225.png,data/corrupted/100k_blur_15x15_s5/train/T094225.png,2404,LOW,5%,1
T094244,438859,8883,data/corrupted/100k_blur_15x15_s5/train/T094244.png,data/corrupted/100k_blur_15x15_s5/train/T094244.png,8146,LOW,5%,1
T094252,448555,9193,data/corrupted/100k_blur_15x15_s5/train/T094252.png,data/corrupted/100k_blur_15x15_s5/train/T094252.png,9940,LOW,5%,1
T094262,448597,9193,data/corrupted/100k_blur_15x15_s5/train/T094262.png,data/corrupted/100k_blur_15x15_s5/train/T094262.png,7792,LOW,5%,1
T094270,448604,9193,data/corrupted/100k_blur_15x15_s5/train/T094270.png,data/corrupted/100k_blur_15x15_s5/train/T094270.png,6499,LOW,5%,1
T094374,458779,9512,data/corrupted/100k_blur_15x15_s5/train/T094374.png,data/corrupted/100k_blur_15x15_s5/train/T094374.png,3825,LOW,5%,1
T094412,459638,9533,data/corrupted/100k_blur_15x15_s5/train/T094412.png,data/corrupted/100k_blur_15x15_s5/train/T094412.png,5793,LOW,5%,1
T094414,459634,9533,data/corrupted/100k_blur_15x15_s5/train/T094414.png,data/corrupted/100k_blur_15x15_s5/train/T094414.png,67,LOW,5%,1
T094460,470179,9849,data/corrupted/100k_blur_15x15_s5/train/T094460.png,data/corrupted/100k_blur_15x15_s5/train/T094460.png,2352,LOW,5%,1
T094488,470180,9849,data/corrupted/100k_blur_15x15_s5/train/T094488.png,data/corrupted/100k_blur_15x15_s5/train/T094488.png,6232,LOW,5%,1
T094491,470175,9849,data/corrupted/100k_blur_15x15_s5/train/T094491.png,data/corrupted/100k_blur_15x15_s5/train/T094491.png,6303,LOW,5%,1
T094563,16458,124,data/corrupted/100k_blur_15x15_s5/train/T094563.png,data/corrupted/100k_blur_15x15_s5/train/T094563.png,383,LOW,5%,1
T094570,16443,124,data/corrupted/100k_blur_15x15_s5/train/T094570.png,data/corrupted/100k_blur_15x15_s5/train/T094570.png,1755,LOW,5%,1
T094571,16439,124,data/corrupted/100k_blur_15x15_s5/train/T094571.png,data/corrupted/100k_blur_15x15_s5/train/T094571.png,7896,LOW,5%,1
T094584,16455,124,data/corrupted/100k_blur_15x15_s5/train/T094584.png,data/corrupted/100k_blur_15x15_s5/train/T094584.png,137,LOW,5%,1
T094598,16470,124,data/corrupted/100k_blur_15x15_s5/train/T094598.png,data/corrupted/100k_blur_15x15_s5/train/T094598.png,6951,LOW,5%,1
T094599,16434,124,data/corrupted/100k_blur_15x15_s5/train/T094599.png,data/corrupted/100k_blur_15x15_s5/train/T094599.png,5094,LOW,5%,1
T094601,20107,159,data/corrupted/100k_blur_15x15_s5/train/T094601.png,data/corrupted/100k_blur_15x15_s5/train/T094601.png,5828,LOW,5%,1
T094614,20113,159,data/corrupted/100k_blur_15x15_s5/train/T094614.png,data/corrupted/100k_blur_15x15_s5/train/T094614.png,1362,LOW,5%,1
T094631,20105,159,data/corrupted/100k_blur_15x15_s5/train/T094631.png,data/corrupted/100k_blur_15x15_s5/train/T094631.png,5338,LOW,5%,1
T094682,21766,175,data/corrupted/100k_blur_15x15_s5/train/T094682.png,data/corrupted/100k_blur_15x15_s5/train/T094682.png,4409,LOW,5%,1
T094702,22723,183,data/corrupted/100k_blur_15x15_s5/train/T094702.png,data/corrupted/100k_blur_15x15_s5/train/T094702.png,2535,LOW,5%,1
T094798,26117,210,data/corrupted/100k_blur_15x15_s5/train/T094798.png,data/corrupted/100k_blur_15x15_s5/train/T094798.png,6071,LOW,5%,1
T094809,38427,360,data/corrupted/100k_blur_15x15_s5/train/T094809.png,data/corrupted/100k_blur_15x15_s5/train/T094809.png,2656,LOW,5%,1
T094864,53820,571,data/corrupted/100k_blur_15x15_s5/train/T094864.png,data/corrupted/100k_blur_15x15_s5/train/T094864.png,9039,LOW,5%,1
T094866,53823,571,data/corrupted/100k_blur_15x15_s5/train/T094866.png,data/corrupted/100k_blur_15x15_s5/train/T094866.png,9771,LOW,5%,1
T094878,53824,571,data/corrupted/100k_blur_15x15_s5/train/T094878.png,data/corrupted/100k_blur_15x15_s5/train/T094878.png,209,LOW,5%,1
T094939,75524,903,data/corrupted/100k_blur_15x15_s5/train/T094939.png,data/corrupted/100k_blur_15x15_s5/train/T094939.png,9084,LOW,5%,1
T094946,75490,903,data/corrupted/100k_blur_15x15_s5/train/T094946.png,data/corrupted/100k_blur_15x15_s5/train/T094946.png,492,LOW,5%,1
T094950,109027,1342,data/corrupted/100k_blur_15x15_s5/train/T094950.png,data/corrupted/100k_blur_15x15_s5/train/T094950.png,3804,LOW,5%,1
T094958,109016,1342,data/corrupted/100k_blur_15x15_s5/train/T094958.png,data/corrupted/100k_blur_15x15_s5/train/T094958.png,1657,LOW,5%,1
T094961,109013,1342,data/corrupted/100k_blur_15x15_s5/train/T094961.png,data/corrupted/100k_blur_15x15_s5/train/T094961.png,2707,LOW,5%,1
T094967,108996,1342,data/corrupted/100k_blur_15x15_s5/train/T094967.png,data/corrupted/100k_blur_15x15_s5/train/T094967.png,3484,LOW,5%,1
T094973,109002,1342,data/corrupted/100k_blur_15x15_s5/train/T094973.png,data/corrupted/100k_blur_15x15_s5/train/T094973.png,9106,LOW,5%,1
T095019,156323,2355,data/corrupted/100k_blur_15x15_s5/train/T095019.png,data/corrupted/100k_blur_15x15_s5/train/T095019.png,4145,LOW,5%,1
T095069,168472,2591,data/corrupted/100k_blur_15x15_s5/train/T095069.png,data/corrupted/100k_blur_15x15_s5/train/T095069.png,4347,LOW,5%,1
T095088,168504,2591,data/corrupted/100k_blur_15x15_s5/train/T095088.png,data/corrupted/100k_blur_15x15_s5/train/T095088.png,341,LOW,5%,1
T095093,168460,2591,data/corrupted/100k_blur_15x15_s5/train/T095093.png,data/corrupted/100k_blur_15x15_s5/train/T095093.png,4121,LOW,5%,1
T095141,174398,2697,data/corrupted/100k_blur_15x15_s5/train/T095141.png,data/corrupted/100k_blur_15x15_s5/train/T095141.png,4711,LOW,5%,1
T095177,174776,2707,data/corrupted/100k_blur_15x15_s5/train/T095177.png,data/corrupted/100k_blur_15x15_s5/train/T095177.png,6357,LOW,5%,1
T095196,174804,2707,data/corrupted/100k_blur_15x15_s5/train/T095196.png,data/corrupted/100k_blur_15x15_s5/train/T095196.png,2200,LOW,5%,1
T095203,175042,2715,data/corrupted/100k_blur_15x15_s5/train/T095203.png,data/corrupted/100k_blur_15x15_s5/train/T095203.png,611,LOW,5%,1
T095215,175063,2715,data/corrupted/100k_blur_15x15_s5/train/T095215.png,data/corrupted/100k_blur_15x15_s5/train/T095215.png,903,LOW,5%,1
T095255,184807,2912,data/corrupted/100k_blur_15x15_s5/train/T095255.png,data/corrupted/100k_blur_15x15_s5/train/T095255.png,24,LOW,5%,1
T095270,184782,2912,data/corrupted/100k_blur_15x15_s5/train/T095270.png,data/corrupted/100k_blur_15x15_s5/train/T095270.png,7518,LOW,5%,1
T095316,185891,2938,data/corrupted/100k_blur_15x15_s5/train/T095316.png,data/corrupted/100k_blur_15x15_s5/train/T095316.png,1175,LOW,5%,1
T095345,185908,2938,data/corrupted/100k_blur_15x15_s5/train/T095345.png,data/corrupted/100k_blur_15x15_s5/train/T095345.png,4168,LOW,5%,1
T095361,199208,3240,data/corrupted/100k_blur_15x15_s5/train/T095361.png,data/corrupted/100k_blur_15x15_s5/train/T095361.png,411,LOW,5%,1
T095395,199206,3240,data/corrupted/100k_blur_15x15_s5/train/T095395.png,data/corrupted/100k_blur_15x15_s5/train/T095395.png,200,LOW,5%,1
T095402,214301,3570,data/corrupted/100k_blur_15x15_s5/train/T095402.png,data/corrupted/100k_blur_15x15_s5/train/T095402.png,5315,LOW,5%,1
T095409,214298,3570,data/corrupted/100k_blur_15x15_s5/train/T095409.png,data/corrupted/100k_blur_15x15_s5/train/T095409.png,5381,LOW,5%,1
T095475,214768,3583,data/corrupted/100k_blur_15x15_s5/train/T095475.png,data/corrupted/100k_blur_15x15_s5/train/T095475.png,3741,LOW,5%,1
T095496,214743,3583,data/corrupted/100k_blur_15x15_s5/train/T095496.png,data/corrupted/100k_blur_15x15_s5/train/T095496.png,2897,LOW,5%,1
T095524,236403,4044,data/corrupted/100k_blur_15x15_s5/train/T095524.png,data/corrupted/100k_blur_15x15_s5/train/T095524.png,3895,LOW,5%,1
T095587,237633,4072,data/corrupted/100k_blur_15x15_s5/train/T095587.png,data/corrupted/100k_blur_15x15_s5/train/T095587.png,5622,LOW,5%,1
T095592,237666,4072,data/corrupted/100k_blur_15x15_s5/train/T095592.png,data/corrupted/100k_blur_15x15_s5/train/T095592.png,4606,LOW,5%,1
T095599,237654,4072,data/corrupted/100k_blur_15x15_s5/train/T095599.png,data/corrupted/100k_blur_15x15_s5/train/T095599.png,6412,LOW,5%,1
T095656,283335,5063,data/corrupted/100k_blur_15x15_s5/train/T095656.png,data/corrupted/100k_blur_15x15_s5/train/T095656.png,8186,LOW,5%,1
T095722,287488,5153,data/corrupted/100k_blur_15x15_s5/train/T095722.png,data/corrupted/100k_blur_15x15_s5/train/T095722.png,6063,LOW,5%,1
T095800,315254,5761,data/corrupted/100k_blur_15x15_s5/train/T095800.png,data/corrupted/100k_blur_15x15_s5/train/T095800.png,6244,LOW,5%,1
T095807,315265,5761,data/corrupted/100k_blur_15x15_s5/train/T095807.png,data/corrupted/100k_blur_15x15_s5/train/T095807.png,290,LOW,5%,1
T095814,315281,5761,data/corrupted/100k_blur_15x15_s5/train/T095814.png,data/corrupted/100k_blur_15x15_s5/train/T095814.png,280,LOW,5%,1
T095818,315292,5761,data/corrupted/100k_blur_15x15_s5/train/T095818.png,data/corrupted/100k_blur_15x15_s5/train/T095818.png,8507,LOW,5%,1
T095866,317252,5812,data/corrupted/100k_blur_15x15_s5/train/T095866.png,data/corrupted/100k_blur_15x15_s5/train/T095866.png,924,LOW,5%,1
T095868,317237,5812,data/corrupted/100k_blur_15x15_s5/train/T095868.png,data/corrupted/100k_blur_15x15_s5/train/T095868.png,9830,LOW,5%,1
T095872,317211,5812,data/corrupted/100k_blur_15x15_s5/train/T095872.png,data/corrupted/100k_blur_15x15_s5/train/T095872.png,6993,LOW,5%,1
T095881,317208,5812,data/corrupted/100k_blur_15x15_s5/train/T095881.png,data/corrupted/100k_blur_15x15_s5/train/T095881.png,8089,LOW,5%,1
T095900,329615,6081,data/corrupted/100k_blur_15x15_s5/train/T095900.png,data/corrupted/100k_blur_15x15_s5/train/T095900.png,5446,LOW,5%,1
T095976,329903,6088,data/corrupted/100k_blur_15x15_s5/train/T095976.png,data/corrupted/100k_blur_15x15_s5/train/T095976.png,7319,LOW,5%,1
T096002,330801,6097,data/corrupted/100k_blur_15x15_s5/train/T096002.png,data/corrupted/100k_blur_15x15_s5/train/T096002.png,1084,LOW,5%,1
T096043,330755,6097,data/corrupted/100k_blur_15x15_s5/train/T096043.png,data/corrupted/100k_blur_15x15_s5/train/T096043.png,4939,LOW,5%,1
T096046,330792,6097,data/corrupted/100k_blur_15x15_s5/train/T096046.png,data/corrupted/100k_blur_15x15_s5/train/T096046.png,1188,LOW,5%,1
T096076,333721,6172,data/corrupted/100k_blur_15x15_s5/train/T096076.png,data/corrupted/100k_blur_15x15_s5/train/T096076.png,2271,LOW,5%,1
T096096,333771,6172,data/corrupted/100k_blur_15x15_s5/train/T096096.png,data/corrupted/100k_blur_15x15_s5/train/T096096.png,1219,LOW,5%,1
T096120,337151,6238,data/corrupted/100k_blur_15x15_s5/train/T096120.png,data/corrupted/100k_blur_15x15_s5/train/T096120.png,6172,LOW,5%,1
T096139,337186,6238,data/corrupted/100k_blur_15x15_s5/train/T096139.png,data/corrupted/100k_blur_15x15_s5/train/T096139.png,1183,LOW,5%,1
T096155,339703,6303,data/corrupted/100k_blur_15x15_s5/train/T096155.png,data/corrupted/100k_blur_15x15_s5/train/T096155.png,688,LOW,5%,1
T096163,339728,6303,data/corrupted/100k_blur_15x15_s5/train/T096163.png,data/corrupted/100k_blur_15x15_s5/train/T096163.png,2916,LOW,5%,1
T096177,339711,6303,data/corrupted/100k_blur_15x15_s5/train/T096177.png,data/corrupted/100k_blur_15x15_s5/train/T096177.png,3813,LOW,5%,1
T096212,352174,6575,data/corrupted/100k_blur_15x15_s5/train/T096212.png,data/corrupted/100k_blur_15x15_s5/train/T096212.png,3098,LOW,5%,1
T096231,352180,6575,data/corrupted/100k_blur_15x15_s5/train/T096231.png,data/corrupted/100k_blur_15x15_s5/train/T096231.png,1123,LOW,5%,1
T096232,352176,6575,data/corrupted/100k_blur_15x15_s5/train/T096232.png,data/corrupted/100k_blur_15x15_s5/train/T096232.png,9210,LOW,5%,1
T096295,392042,7600,data/corrupted/100k_blur_15x15_s5/train/T096295.png,data/corrupted/100k_blur_15x15_s5/train/T096295.png,7162,LOW,5%,1
T096299,392088,7600,data/corrupted/100k_blur_15x15_s5/train/T096299.png,data/corrupted/100k_blur_15x15_s5/train/T096299.png,4238,LOW,5%,1
T096304,402683,7894,data/corrupted/100k_blur_15x15_s5/train/T096304.png,data/corrupted/100k_blur_15x15_s5/train/T096304.png,4033,LOW,5%,1
T096307,402707,7894,data/corrupted/100k_blur_15x15_s5/train/T096307.png,data/corrupted/100k_blur_15x15_s5/train/T096307.png,10206,LOW,5%,1
T096340,402681,7894,data/corrupted/100k_blur_15x15_s5/train/T096340.png,data/corrupted/100k_blur_15x15_s5/train/T096340.png,255,LOW,5%,1
T096350,410329,8088,data/corrupted/100k_blur_15x15_s5/train/T096350.png,data/corrupted/100k_blur_15x15_s5/train/T096350.png,5171,LOW,5%,1
T096402,411362,8114,data/corrupted/100k_blur_15x15_s5/train/T096402.png,data/corrupted/100k_blur_15x15_s5/train/T096402.png,3775,LOW,5%,1
T096413,411360,8114,data/corrupted/100k_blur_15x15_s5/train/T096413.png,data/corrupted/100k_blur_15x15_s5/train/T096413.png,343,LOW,5%,1
T096424,411379,8114,data/corrupted/100k_blur_15x15_s5/train/T096424.png,data/corrupted/100k_blur_15x15_s5/train/T096424.png,6412,LOW,5%,1
T096427,411375,8114,data/corrupted/100k_blur_15x15_s5/train/T096427.png,data/corrupted/100k_blur_15x15_s5/train/T096427.png,903,LOW,5%,1
T096435,411344,8114,data/corrupted/100k_blur_15x15_s5/train/T096435.png,data/corrupted/100k_blur_15x15_s5/train/T096435.png,1909,LOW,5%,1
T096446,411359,8114,data/corrupted/100k_blur_15x15_s5/train/T096446.png,data/corrupted/100k_blur_15x15_s5/train/T096446.png,562,LOW,5%,1
T096501,413835,8198,data/corrupted/100k_blur_15x15_s5/train/T096501.png,data/corrupted/100k_blur_15x15_s5/train/T096501.png,1133,LOW,5%,1
T096513,413816,8198,data/corrupted/100k_blur_15x15_s5/train/T096513.png,data/corrupted/100k_blur_15x15_s5/train/T096513.png,2441,LOW,5%,1
T096515,413821,8198,data/corrupted/100k_blur_15x15_s5/train/T096515.png,data/corrupted/100k_blur_15x15_s5/train/T096515.png,8075,LOW,5%,1
T096569,438113,8866,data/corrupted/100k_blur_15x15_s5/train/T096569.png,data/corrupted/100k_blur_15x15_s5/train/T096569.png,5271,LOW,5%,1
T096600,447830,9168,data/corrupted/100k_blur_15x15_s5/train/T096600.png,data/corrupted/100k_blur_15x15_s5/train/T096600.png,1047,LOW,5%,1
T096654,449853,9229,data/corrupted/100k_blur_15x15_s5/train/T096654.png,data/corrupted/100k_blur_15x15_s5/train/T096654.png,121,LOW,5%,1
T096660,449901,9229,data/corrupted/100k_blur_15x15_s5/train/T096660.png,data/corrupted/100k_blur_15x15_s5/train/T096660.png,5172,LOW,5%,1
T096704,465758,9726,data/corrupted/100k_blur_15x15_s5/train/T096704.png,data/corrupted/100k_blur_15x15_s5/train/T096704.png,2883,LOW,5%,1
T096720,465754,9726,data/corrupted/100k_blur_15x15_s5/train/T096720.png,data/corrupted/100k_blur_15x15_s5/train/T096720.png,3588,LOW,5%,1
T096737,465786,9726,data/corrupted/100k_blur_15x15_s5/train/T096737.png,data/corrupted/100k_blur_15x15_s5/train/T096737.png,4215,LOW,5%,1
T096752,32852,278,data/corrupted/100k_blur_15x15_s5/train/T096752.png,data/corrupted/100k_blur_15x15_s5/train/T096752.png,196,LOW,5%,1
T096759,32874,278,data/corrupted/100k_blur_15x15_s5/train/T096759.png,data/corrupted/100k_blur_15x15_s5/train/T096759.png,1843,LOW,5%,1
T096807,36281,330,data/corrupted/100k_blur_15x15_s5/train/T096807.png,data/corrupted/100k_blur_15x15_s5/train/T096807.png,4387,LOW,5%,1
T096820,36337,330,data/corrupted/100k_blur_15x15_s5/train/T096820.png,data/corrupted/100k_blur_15x15_s5/train/T096820.png,5392,LOW,5%,1
T096821,36316,330,data/corrupted/100k_blur_15x15_s5/train/T096821.png,data/corrupted/100k_blur_15x15_s5/train/T096821.png,6409,LOW,5%,1
T096834,36331,330,data/corrupted/100k_blur_15x15_s5/train/T096834.png,data/corrupted/100k_blur_15x15_s5/train/T096834.png,7042,LOW,5%,1
T096854,41560,398,data/corrupted/100k_blur_15x15_s5/train/T096854.png,data/corrupted/100k_blur_15x15_s5/train/T096854.png,7672,LOW,5%,1
T096858,41555,398,data/corrupted/100k_blur_15x15_s5/train/T096858.png,data/corrupted/100k_blur_15x15_s5/train/T096858.png,9241,LOW,5%,1
T096860,41547,398,data/corrupted/100k_blur_15x15_s5/train/T096860.png,data/corrupted/100k_blur_15x15_s5/train/T096860.png,571,LOW,5%,1
T096862,41569,398,data/corrupted/100k_blur_15x15_s5/train/T096862.png,data/corrupted/100k_blur_15x15_s5/train/T096862.png,6631,LOW,5%,1
T096884,41562,398,data/corrupted/100k_blur_15x15_s5/train/T096884.png,data/corrupted/100k_blur_15x15_s5/train/T096884.png,5180,LOW,5%,1
T096886,41548,398,data/corrupted/100k_blur_15x15_s5/train/T096886.png,data/corrupted/100k_blur_15x15_s5/train/T096886.png,5322,LOW,5%,1
T096927,60704,663,data/corrupted/100k_blur_15x15_s5/train/T096927.png,data/corrupted/100k_blur_15x15_s5/train/T096927.png,2645,LOW,5%,1
T096943,60700,663,data/corrupted/100k_blur_15x15_s5/train/T096943.png,data/corrupted/100k_blur_15x15_s5/train/T096943.png,3362,LOW,5%,1
T096983,66530,771,data/corrupted/100k_blur_15x15_s5/train/T096983.png,data/corrupted/100k_blur_15x15_s5/train/T096983.png,3498,LOW,5%,1
T097024,71376,855,data/corrupted/100k_blur_15x15_s5/train/T097024.png,data/corrupted/100k_blur_15x15_s5/train/T097024.png,1398,LOW,5%,1
T097045,71336,855,data/corrupted/100k_blur_15x15_s5/train/T097045.png,data/corrupted/100k_blur_15x15_s5/train/T097045.png,3052,LOW,5%,1
T097096,77818,943,data/corrupted/100k_blur_15x15_s5/train/T097096.png,data/corrupted/100k_blur_15x15_s5/train/T097096.png,5075,LOW,5%,1
T097099,77765,943,data/corrupted/100k_blur_15x15_s5/train/T097099.png,data/corrupted/100k_blur_15x15_s5/train/T097099.png,3177,LOW,5%,1
T097126,91287,1116,data/corrupted/100k_blur_15x15_s5/train/T097126.png,data/corrupted/100k_blur_15x15_s5/train/T097126.png,1613,LOW,5%,1
T097176,102225,1244,data/corrupted/100k_blur_15x15_s5/train/T097176.png,data/corrupted/100k_blur_15x15_s5/train/T097176.png,3593,LOW,5%,1
T097187,102193,1244,data/corrupted/100k_blur_15x15_s5/train/T097187.png,data/corrupted/100k_blur_15x15_s5/train/T097187.png,280,LOW,5%,1
T097208,103312,1250,data/corrupted/100k_blur_15x15_s5/train/T097208.png,data/corrupted/100k_blur_15x15_s5/train/T097208.png,1022,LOW,5%,1
T097225,103273,1250,data/corrupted/100k_blur_15x15_s5/train/T097225.png,data/corrupted/100k_blur_15x15_s5/train/T097225.png,8496,LOW,5%,1
T097254,109598,1361,data/corrupted/100k_blur_15x15_s5/train/T097254.png,data/corrupted/100k_blur_15x15_s5/train/T097254.png,2397,LOW,5%,1
T097283,109569,1361,data/corrupted/100k_blur_15x15_s5/train/T097283.png,data/corrupted/100k_blur_15x15_s5/train/T097283.png,3450,LOW,5%,1
T097303,129030,1786,data/corrupted/100k_blur_15x15_s5/train/T097303.png,data/corrupted/100k_blur_15x15_s5/train/T097303.png,7002,LOW,5%,1
T097392,136037,1938,data/corrupted/100k_blur_15x15_s5/train/T097392.png,data/corrupted/100k_blur_15x15_s5/train/T097392.png,2446,LOW,5%,1
T097399,136053,1938,data/corrupted/100k_blur_15x15_s5/train/T097399.png,data/corrupted/100k_blur_15x15_s5/train/T097399.png,7090,LOW,5%,1
T097413,149727,2200,data/corrupted/100k_blur_15x15_s5/train/T097413.png,data/corrupted/100k_blur_15x15_s5/train/T097413.png,7766,LOW,5%,1
T097414,149717,2200,data/corrupted/100k_blur_15x15_s5/train/T097414.png,data/corrupted/100k_blur_15x15_s5/train/T097414.png,2000,LOW,5%,1
T097418,149715,2200,data/corrupted/100k_blur_15x15_s5/train/T097418.png,data/corrupted/100k_blur_15x15_s5/train/T097418.png,227,LOW,5%,1
T097431,149687,2200,data/corrupted/100k_blur_15x15_s5/train/T097431.png,data/corrupted/100k_blur_15x15_s5/train/T097431.png,1693,LOW,5%,1
T097487,164939,2522,data/corrupted/100k_blur_15x15_s5/train/T097487.png,data/corrupted/100k_blur_15x15_s5/train/T097487.png,485,LOW,5%,1
T097516,182637,2866,data/corrupted/100k_blur_15x15_s5/train/T097516.png,data/corrupted/100k_blur_15x15_s5/train/T097516.png,7120,LOW,5%,1
T097531,182594,2866,data/corrupted/100k_blur_15x15_s5/train/T097531.png,data/corrupted/100k_blur_15x15_s5/train/T097531.png,6201,LOW,5%,1
T097644,188722,3003,data/corrupted/100k_blur_15x15_s5/train/T097644.png,data/corrupted/100k_blur_15x15_s5/train/T097644.png,1241,LOW,5%,1
T097747,197791,3206,data/corrupted/100k_blur_15x15_s5/train/T097747.png,data/corrupted/100k_blur_15x15_s5/train/T097747.png,6552,LOW,5%,1
T097774,215890,3606,data/corrupted/100k_blur_15x15_s5/train/T097774.png,data/corrupted/100k_blur_15x15_s5/train/T097774.png,1090,LOW,5%,1
T097777,215894,3606,data/corrupted/100k_blur_15x15_s5/train/T097777.png,data/corrupted/100k_blur_15x15_s5/train/T097777.png,2138,LOW,5%,1
T097793,215907,3606,data/corrupted/100k_blur_15x15_s5/train/T097793.png,data/corrupted/100k_blur_15x15_s5/train/T097793.png,83,LOW,5%,1
T097834,217833,3648,data/corrupted/100k_blur_15x15_s5/train/T097834.png,data/corrupted/100k_blur_15x15_s5/train/T097834.png,3804,LOW,5%,1
T097889,229531,3914,data/corrupted/100k_blur_15x15_s5/train/T097889.png,data/corrupted/100k_blur_15x15_s5/train/T097889.png,7162,LOW,5%,1
T097891,229551,3914,data/corrupted/100k_blur_15x15_s5/train/T097891.png,data/corrupted/100k_blur_15x15_s5/train/T097891.png,3224,LOW,5%,1
T097900,237301,4062,data/corrupted/100k_blur_15x15_s5/train/T097900.png,data/corrupted/100k_blur_15x15_s5/train/T097900.png,42,LOW,5%,1
T097911,237276,4062,data/corrupted/100k_blur_15x15_s5/train/T097911.png,data/corrupted/100k_blur_15x15_s5/train/T097911.png,3296,LOW,5%,1
T097915,237270,4062,data/corrupted/100k_blur_15x15_s5/train/T097915.png,data/corrupted/100k_blur_15x15_s5/train/T097915.png,3134,LOW,5%,1
T097945,237297,4062,data/corrupted/100k_blur_15x15_s5/train/T097945.png,data/corrupted/100k_blur_15x15_s5/train/T097945.png,1379,LOW,5%,1
T097959,260392,4531,data/corrupted/100k_blur_15x15_s5/train/T097959.png,data/corrupted/100k_blur_15x15_s5/train/T097959.png,862,LOW,5%,1
T097961,260436,4531,data/corrupted/100k_blur_15x15_s5/train/T097961.png,data/corrupted/100k_blur_15x15_s5/train/T097961.png,4355,LOW,5%,1
T097983,260399,4531,data/corrupted/100k_blur_15x15_s5/train/T097983.png,data/corrupted/100k_blur_15x15_s5/train/T097983.png,1843,LOW,5%,1
T097991,260403,4531,data/corrupted/100k_blur_15x15_s5/train/T097991.png,data/corrupted/100k_blur_15x15_s5/train/T097991.png,206,LOW,5%,1
T098013,262639,4597,data/corrupted/100k_blur_15x15_s5/train/T098013.png,data/corrupted/100k_blur_15x15_s5/train/T098013.png,2291,LOW,5%,1
T098031,262648,4597,data/corrupted/100k_blur_15x15_s5/train/T098031.png,data/corrupted/100k_blur_15x15_s5/train/T098031.png,3922,LOW,5%,1
T098060,264666,4646,data/corrupted/100k_blur_15x15_s5/train/T098060.png,data/corrupted/100k_blur_15x15_s5/train/T098060.png,2769,LOW,5%,1
T098083,264638,4646,data/corrupted/100k_blur_15x15_s5/train/T098083.png,data/corrupted/100k_blur_15x15_s5/train/T098083.png,5063,LOW,5%,1
T098126,275284,4887,data/corrupted/100k_blur_15x15_s5/train/T098126.png,data/corrupted/100k_blur_15x15_s5/train/T098126.png,5278,LOW,5%,1
T098155,286492,5125,data/corrupted/100k_blur_15x15_s5/train/T098155.png,data/corrupted/100k_blur_15x15_s5/train/T098155.png,1422,LOW,5%,1
T098253,292643,5267,data/corrupted/100k_blur_15x15_s5/train/T098253.png,data/corrupted/100k_blur_15x15_s5/train/T098253.png,4790,LOW,5%,1
T098331,297803,5377,data/corrupted/100k_blur_15x15_s5/train/T098331.png,data/corrupted/100k_blur_15x15_s5/train/T098331.png,3153,LOW,5%,1
T098348,297806,5377,data/corrupted/100k_blur_15x15_s5/train/T098348.png,data/corrupted/100k_blur_15x15_s5/train/T098348.png,3421,LOW,5%,1
T098358,299005,5408,data/corrupted/100k_blur_15x15_s5/train/T098358.png,data/corrupted/100k_blur_15x15_s5/train/T098358.png,59,LOW,5%,1
T098371,299006,5408,data/corrupted/100k_blur_15x15_s5/train/T098371.png,data/corrupted/100k_blur_15x15_s5/train/T098371.png,7167,LOW,5%,1
T098374,299047,5408,data/corrupted/100k_blur_15x15_s5/train/T098374.png,data/corrupted/100k_blur_15x15_s5/train/T098374.png,2559,LOW,5%,1
T098375,299050,5408,data/corrupted/100k_blur_15x15_s5/train/T098375.png,data/corrupted/100k_blur_15x15_s5/train/T098375.png,4620,LOW,5%,1
T098381,299022,5408,data/corrupted/100k_blur_15x15_s5/train/T098381.png,data/corrupted/100k_blur_15x15_s5/train/T098381.png,5067,LOW,5%,1
T098425,304885,5527,data/corrupted/100k_blur_15x15_s5/train/T098425.png,data/corrupted/100k_blur_15x15_s5/train/T098425.png,306,LOW,5%,1
T098438,304875,5527,data/corrupted/100k_blur_15x15_s5/train/T098438.png,data/corrupted/100k_blur_15x15_s5/train/T098438.png,10080,LOW,5%,1
T098454,364766,6871,data/corrupted/100k_blur_15x15_s5/train/T098454.png,data/corrupted/100k_blur_15x15_s5/train/T098454.png,4164,LOW,5%,1
T098471,364804,6871,data/corrupted/100k_blur_15x15_s5/train/T098471.png,data/corrupted/100k_blur_15x15_s5/train/T098471.png,10101,LOW,5%,1
T098539,369296,6983,data/corrupted/100k_blur_15x15_s5/train/T098539.png,data/corrupted/100k_blur_15x15_s5/train/T098539.png,404,LOW,5%,1
T098571,377462,7176,data/corrupted/100k_blur_15x15_s5/train/T098571.png,data/corrupted/100k_blur_15x15_s5/train/T098571.png,858,LOW,5%,1
T098666,398670,7776,data/corrupted/100k_blur_15x15_s5/train/T098666.png,data/corrupted/100k_blur_15x15_s5/train/T098666.png,1244,LOW,5%,1
T098695,398666,7776,data/corrupted/100k_blur_15x15_s5/train/T098695.png,data/corrupted/100k_blur_15x15_s5/train/T098695.png,5239,LOW,5%,1
T098705,399092,7788,data/corrupted/100k_blur_15x15_s5/train/T098705.png,data/corrupted/100k_blur_15x15_s5/train/T098705.png,1084,LOW,5%,1
T098707,399099,7788,data/corrupted/100k_blur_15x15_s5/train/T098707.png,data/corrupted/100k_blur_15x15_s5/train/T098707.png,9189,LOW,5%,1
T098714,399073,7788,data/corrupted/100k_blur_15x15_s5/train/T098714.png,data/corrupted/100k_blur_15x15_s5/train/T098714.png,4693,LOW,5%,1
T098718,399083,7788,data/corrupted/100k_blur_15x15_s5/train/T098718.png,data/corrupted/100k_blur_15x15_s5/train/T098718.png,8380,LOW,5%,1
T098765,399207,7792,data/corrupted/100k_blur_15x15_s5/train/T098765.png,data/corrupted/100k_blur_15x15_s5/train/T098765.png,6097,LOW,5%,1
T098776,399223,7792,data/corrupted/100k_blur_15x15_s5/train/T098776.png,data/corrupted/100k_blur_15x15_s5/train/T098776.png,1219,LOW,5%,1
T098839,399342,7796,data/corrupted/100k_blur_15x15_s5/train/T098839.png,data/corrupted/100k_blur_15x15_s5/train/T098839.png,5252,LOW,5%,1
T098846,399361,7796,data/corrupted/100k_blur_15x15_s5/train/T098846.png,data/corrupted/100k_blur_15x15_s5/train/T098846.png,6669,LOW,5%,1
T098851,401453,7856,data/corrupted/100k_blur_15x15_s5/train/T098851.png,data/corrupted/100k_blur_15x15_s5/train/T098851.png,9241,LOW,5%,1
T098872,401435,7856,data/corrupted/100k_blur_15x15_s5/train/T098872.png,data/corrupted/100k_blur_15x15_s5/train/T098872.png,974,LOW,5%,1
T098874,401469,7856,data/corrupted/100k_blur_15x15_s5/train/T098874.png,data/corrupted/100k_blur_15x15_s5/train/T098874.png,257,LOW,5%,1
T098876,401443,7856,data/corrupted/100k_blur_15x15_s5/train/T098876.png,data/corrupted/100k_blur_15x15_s5/train/T098876.png,138,LOW,5%,1
T098884,401471,7856,data/corrupted/100k_blur_15x15_s5/train/T098884.png,data/corrupted/100k_blur_15x15_s5/train/T098884.png,7002,LOW,5%,1
T098921,405866,7984,data/corrupted/100k_blur_15x15_s5/train/T098921.png,data/corrupted/100k_blur_15x15_s5/train/T098921.png,5599,LOW,5%,1
T098927,405896,7984,data/corrupted/100k_blur_15x15_s5/train/T098927.png,data/corrupted/100k_blur_15x15_s5/train/T098927.png,2575,LOW,5%,1
T098938,405858,7984,data/corrupted/100k_blur_15x15_s5/train/T098938.png,data/corrupted/100k_blur_15x15_s5/train/T098938.png,2794,LOW,5%,1
T098965,431237,8691,data/corrupted/100k_blur_15x15_s5/train/T098965.png,data/corrupted/100k_blur_15x15_s5/train/T098965.png,6071,LOW,5%,1
T098984,431195,8691,data/corrupted/100k_blur_15x15_s5/train/T098984.png,data/corrupted/100k_blur_15x15_s5/train/T098984.png,2559,LOW,5%,1
T099000,449480,9216,data/corrupted/100k_blur_15x15_s5/train/T099000.png,data/corrupted/100k_blur_15x15_s5/train/T099000.png,1798,LOW,5%,1
T099062,452000,9272,data/corrupted/100k_blur_15x15_s5/train/T099062.png,data/corrupted/100k_blur_15x15_s5/train/T099062.png,7766,LOW,5%,1
T099084,451980,9272,data/corrupted/100k_blur_15x15_s5/train/T099084.png,data/corrupted/100k_blur_15x15_s5/train/T099084.png,8819,LOW,5%,1
T099100,454827,9369,data/corrupted/100k_blur_15x15_s5/train/T099100.png,data/corrupted/100k_blur_15x15_s5/train/T099100.png,7788,LOW,5%,1
T099101,454835,9369,data/corrupted/100k_blur_15x15_s5/train/T099101.png,data/corrupted/100k_blur_15x15_s5/train/T099101.png,8339,LOW,5%,1
T099147,454828,9369,data/corrupted/100k_blur_15x15_s5/train/T099147.png,data/corrupted/100k_blur_15x15_s5/train/T099147.png,565,LOW,5%,1
T099163,479943,10177,data/corrupted/100k_blur_15x15_s5/train/T099163.png,data/corrupted/100k_blur_15x15_s5/train/T099163.png,4051,LOW,5%,1
T099178,479906,10177,data/corrupted/100k_blur_15x15_s5/train/T099178.png,data/corrupted/100k_blur_15x15_s5/train/T099178.png,9311,LOW,5%,1
T099181,479942,10177,data/corrupted/100k_blur_15x15_s5/train/T099181.png,data/corrupted/100k_blur_15x15_s5/train/T099181.png,256,LOW,5%,1
T099198,479920,10177,data/corrupted/100k_blur_15x15_s5/train/T099198.png,data/corrupted/100k_blur_15x15_s5/train/T099198.png,3056,LOW,5%,1
T099208,480167,10188,data/corrupted/100k_blur_15x15_s5/train/T099208.png,data/corrupted/100k_blur_15x15_s5/train/T099208.png,9020,LOW,5%,1
T099241,480201,10188,data/corrupted/100k_blur_15x15_s5/train/T099241.png,data/corrupted/100k_blur_15x15_s5/train/T099241.png,8304,LOW,5%,1
T099253,480499,10195,data/corrupted/100k_blur_15x15_s5/train/T099253.png,data/corrupted/100k_blur_15x15_s5/train/T099253.png,93,LOW,5%,1
T099268,480495,10195,data/corrupted/100k_blur_15x15_s5/train/T099268.png,data/corrupted/100k_blur_15x15_s5/train/T099268.png,9533,LOW,5%,1
T099288,480469,10195,data/corrupted/100k_blur_15x15_s5/train/T099288.png,data/corrupted/100k_blur_15x15_s5/train/T099288.png,2618,LOW,5%,1
T099300,14301,95,data/corrupted/100k_blur_15x15_s5/train/T099300.png,data/corrupted/100k_blur_15x15_s5/train/T099300.png,3331,LOW,5%,1
T099318,14290,95,data/corrupted/100k_blur_15x15_s5/train/T099318.png,data/corrupted/100k_blur_15x15_s5/train/T099318.png,6396,LOW,5%,1
T099322,14298,95,data/corrupted/100k_blur_15x15_s5/train/T099322.png,data/corrupted/100k_blur_15x15_s5/train/T099322.png,2510,LOW,5%,1
T099349,14279,95,data/corrupted/100k_blur_15x15_s5/train/T099349.png,data/corrupted/100k_blur_15x15_s5/train/T099349.png,9515,LOW,5%,1
T099371,33046,280,data/corrupted/100k_blur_15x15_s5/train/T099371.png,data/corrupted/100k_blur_15x15_s5/train/T099371.png,6306,LOW,5%,1
T099401,38647,365,data/corrupted/100k_blur_15x15_s5/train/T099401.png,data/corrupted/100k_blur_15x15_s5/train/T099401.png,601,LOW,5%,1
T099402,38698,365,data/corrupted/100k_blur_15x15_s5/train/T099402.png,data/corrupted/100k_blur_15x15_s5/train/T099402.png,6151,LOW,5%,1
T099436,38661,365,data/corrupted/100k_blur_15x15_s5/train/T099436.png,data/corrupted/100k_blur_15x15_s5/train/T099436.png,3177,LOW,5%,1
T099438,38658,365,data/corrupted/100k_blur_15x15_s5/train/T099438.png,data/corrupted/100k_blur_15x15_s5/train/T099438.png,5622,LOW,5%,1
T099442,38653,365,data/corrupted/100k_blur_15x15_s5/train/T099442.png,data/corrupted/100k_blur_15x15_s5/train/T099442.png,9020,LOW,5%,1
T099446,38669,365,data/corrupted/100k_blur_15x15_s5/train/T099446.png,data/corrupted/100k_blur_15x15_s5/train/T099446.png,5127,LOW,5%,1
T099458,48218,492,data/corrupted/100k_blur_15x15_s5/train/T099458.png,data/corrupted/100k_blur_15x15_s5/train/T099458.png,585,LOW,5%,1
T099476,48250,492,data/corrupted/100k_blur_15x15_s5/train/T099476.png,data/corrupted/100k_blur_15x15_s5/train/T099476.png,2608,LOW,5%,1
T099486,48230,492,data/corrupted/100k_blur_15x15_s5/train/T099486.png,data/corrupted/100k_blur_15x15_s5/train/T099486.png,3938,LOW,5%,1
T099506,50769,528,data/corrupted/100k_blur_15x15_s5/train/T099506.png,data/corrupted/100k_blur_15x15_s5/train/T099506.png,7250,LOW,5%,1
T099584,51921,539,data/corrupted/100k_blur_15x15_s5/train/T099584.png,data/corrupted/100k_blur_15x15_s5/train/T099584.png,8063,LOW,5%,1
T099603,53896,573,data/corrupted/100k_blur_15x15_s5/train/T099603.png,data/corrupted/100k_blur_15x15_s5/train/T099603.png,1209,LOW,5%,1
T099606,53893,573,data/corrupted/100k_blur_15x15_s5/train/T099606.png,data/corrupted/100k_blur_15x15_s5/train/T099606.png,175,LOW,5%,1
T099607,53899,573,data/corrupted/100k_blur_15x15_s5/train/T099607.png,data/corrupted/100k_blur_15x15_s5/train/T099607.png,279,LOW,5%,1
T099632,53929,573,data/corrupted/100k_blur_15x15_s5/train/T099632.png,data/corrupted/100k_blur_15x15_s5/train/T099632.png,7162,LOW,5%,1
T099649,53912,573,data/corrupted/100k_blur_15x15_s5/train/T099649.png,data/corrupted/100k_blur_15x15_s5/train/T099649.png,469,LOW,5%,1
T099661,92436,1126,data/corrupted/100k_blur_15x15_s5/train/T099661.png,data/corrupted/100k_blur_15x15_s5/train/T099661.png,2420,LOW,5%,1
T099667,92463,1126,data/corrupted/100k_blur_15x15_s5/train/T099667.png,data/corrupted/100k_blur_15x15_s5/train/T099667.png,3139,LOW,5%,1
T099676,92464,1126,data/corrupted/100k_blur_15x15_s5/train/T099676.png,data/corrupted/100k_blur_15x15_s5/train/T099676.png,1985,LOW,5%,1
T099707,96358,1175,data/corrupted/100k_blur_15x15_s5/train/T099707.png,data/corrupted/100k_blur_15x15_s5/train/T099707.png,772,LOW,5%,1
T099724,96351,1175,data/corrupted/100k_blur_15x15_s5/train/T099724.png,data/corrupted/100k_blur_15x15_s5/train/T099724.png,8814,LOW,5%,1
T099740,96354,1175,data/corrupted/100k_blur_15x15_s5/train/T099740.png,data/corrupted/100k_blur_15x15_s5/train/T099740.png,2829,LOW,5%,1
T099774,99740,1216,data/corrupted/100k_blur_15x15_s5/train/T099774.png,data/corrupted/100k_blur_15x15_s5/train/T099774.png,985,LOW,5%,1
T099778,99761,1216,data/corrupted/100k_blur_15x15_s5/train/T099778.png,data/corrupted/100k_blur_15x15_s5/train/T099778.png,1204,LOW,5%,1
T099779,99760,1216,data/corrupted/100k_blur_15x15_s5/train/T099779.png,data/corrupted/100k_blur_15x15_s5/train/T099779.png,7890,LOW,5%,1
T099804,109647,1362,data/corrupted/100k_blur_15x15_s5/train/T099804.png,data/corrupted/100k_blur_15x15_s5/train/T099804.png,4503,LOW,5%,1
T099814,109636,1362,data/corrupted/100k_blur_15x15_s5/train/T099814.png,data/corrupted/100k_blur_15x15_s5/train/T099814.png,5563,LOW,5%,1
T099818,109602,1362,data/corrupted/100k_blur_15x15_s5/train/T099818.png,data/corrupted/100k_blur_15x15_s5/train/T099818.png,6119,LOW,5%,1
T099830,109621,1362,data/corrupted/100k_blur_15x15_s5/train/T099830.png,data/corrupted/100k_blur_15x15_s5/train/T099830.png,6558,LOW,5%,1
T099889,119860,1592,data/corrupted/100k_blur_15x15_s5/train/T099889.png,data/corrupted/100k_blur_15x15_s5/train/T099889.png,4955,LOW,5%,1
T099895,119871,1592,data/corrupted/100k_blur_15x15_s5/train/T099895.png,data/corrupted/100k_blur_15x15_s5/train/T099895.png,2650,LOW,5%,1
T099925,134032,1888,data/corrupted/100k_blur_15x15_s5/train/T099925.png,data/corrupted/100k_blur_15x15_s5/train/T099925.png,3046,LOW,5%,1
T099952,134847,1910,data/corrupted/100k_blur_15x15_s5/train/T099952.png,data/corrupted/100k_blur_15x15_s5/train/T099952.png,1494,LOW,5%,1
T099969,134865,1910,data/corrupted/100k_blur_15x15_s5/train/T099969.png,data/corrupted/100k_blur_15x15_s5/train/T099969.png,4226,LOW,5%,1
