condition,image_id,G_actual,G_neutral,Delta_G,cosine_sim
A,243,3.7548451814473083e-07,6.222843694558833e-06,-5.847359176414102e-06,0.5055959820747375
A,24,1.1881942555191927e-05,0.00013148129801265895,-0.00011959935545746703,0.9996305108070374
A,214,6.39346762909554e-05,1.0635590115271043e-05,5.329908617568435e-05,0.9973205327987671
A,167,6.471500910265604e-06,1.1157778317283373e-05,-4.686277407017769e-06,0.9964560270309448
A,289,2.3130462523113238e-06,3.9993241784941347e-07,1.9131138344619103e-06,0.7181692123413086
A,304,0.0005398635403253138,2.9405946406768635e-06,0.0005369229456846369,0.9999956488609314
A,302,6.844725248811301e-07,4.634451397578232e-05,-4.566004145090119e-05,0.7184697389602661
A,276,1.6245701772277243e-05,2.8973496227990836e-05,-1.2727794455713592e-05,0.9950356483459473
A,382,1.805173269531224e-05,3.963198105338961e-05,-2.158024835807737e-05,0.9981107115745544
A,605,0.00015924964100122452,6.067612957849633e-06,0.00015318202804337488,0.9958804249763489
A,595,0.00024014449445530772,2.130565553670749e-05,0.00021883883891860023,0.996189534664154
A,517,5.464050445880275e-06,3.6351437302073464e-05,-3.088738685619319e-05,0.9995579719543457
A,762,0.004547491669654846,0.0001698578125797212,0.004377633857075125,0.9971680641174316
A,817,6.610547188756755e-06,9.395997767569497e-05,-8.734943048693822e-05,0.9979340434074402
A,753,5.615804354874854e-08,5.009524102206342e-07,-4.4479436667188565e-07,1.0
A,805,2.994864303218492e-07,1.1015981726814061e-06,-8.02111742359557e-07,1.0
A,909,3.7313890061341226e-05,0.00018902122974395752,-0.0001517073396826163,0.9974667429924011
A,928,1.8990310479694017e-07,4.144402737438213e-06,-3.954499632641273e-06,0.580424964427948
A,910,6.512814252346288e-06,2.3601856810273603e-05,-1.7089042557927314e-05,0.9997286796569824
A,975,2.1532413541081041e-07,1.7058120249657804e-07,4.474293291423237e-08,1.0
A,1012,5.6848097301553935e-05,3.170480567860068e-06,5.367761673369387e-05,0.9719494581222534
A,1092,4.054784767504316e-06,0.0001593464839970693,-0.00015529169922956498,0.9794379472732544
A,1237,6.551221304107457e-05,0.0007486045942641795,-0.0006830923812231049,0.9984092116355896
A,1188,1.922663432196714e-05,4.0591716242488474e-05,-2.1365081920521334e-05,0.9999957084655762
A,1358,2.2457921659224667e-05,0.0015442926669493318,-0.001521834745290107,0.9974222183227539
A,1304,1.2467532428672712e-07,6.413453320419649e-06,-6.2887779961329215e-06,0.57096266746521
A,1353,3.127462832708261e-06,6.077601938159205e-05,-5.764855654888379e-05,0.9955061674118042
A,1284,0.00021958761499263346,0.00012893130769953132,9.065630729310215e-05,0.9999467134475708
A,1413,2.76325208687922e-05,4.907642505713739e-07,2.7141756618220825e-05,0.8056276440620422
A,1446,0.00014226947678253055,4.934904040965193e-07,0.00014177598637843403,0.7670839428901672
A,1489,1.3120494259055704e-05,4.5046574086882174e-05,-3.192607982782647e-05,0.999972939491272
A,1439,0.00011518060637172312,0.0003541572077665478,-0.00023897660139482468,0.999512791633606
A,1552,4.4305852497927845e-06,1.4982239918026607e-05,-1.0551654668233823e-05,0.9699335694313049
A,1598,1.7027643480105326e-05,0.000261138950008899,-0.00024411130652879365,0.9990289211273193
A,1603,2.4366325305891223e-05,3.5398563795752125e-06,2.082646892631601e-05,0.9779388904571533
A,1658,3.0263705411925912e-05,5.5552900448674336e-05,-2.5289195036748424e-05,0.9999560117721558
A,1686,2.2543934392160736e-05,0.00026919174706563354,-0.0002466478126734728,0.9978418350219727
A,1688,0.00011426505807321519,0.0002938017132692039,-0.00017953665519598871,0.9995671510696411
A,1743,2.5068156901397742e-05,6.705330451950431e-05,-4.1985147618106566e-05,0.9999995231628418
A,1706,0.02067180909216404,2.0512759419943905e-06,0.020669757816222045,0.9249544739723206
A,1957,3.4118416806450114e-05,0.00044001027708873153,-0.0004058918602822814,0.9962468147277832
A,1839,0.0003085876815021038,3.4230110031785443e-05,0.00027435757147031836,0.9991788268089294
A,2108,7.340448064496741e-05,0.00036205362994223833,-0.0002886491492972709,0.9992517828941345
A,2095,3.248445409553824e-06,2.22809576371219e-05,-1.9032512227568077e-05,0.9450498819351196
A,2203,2.1368956026890373e-07,1.0018236935138702e-05,-9.804547374869799e-06,0.855545163154602
A,2247,7.763773464830592e-05,1.0611384823278058e-05,6.702634982502786e-05,0.9968767166137695
A,2182,2.690541691663384e-07,1.6905971278902143e-05,-1.6636917109735805e-05,0.7477872371673584
A,2225,1.1905940482392907e-06,2.6409652491565794e-06,-1.4503712009172887e-06,0.7500746250152588
A,2276,0.0004473472654353827,0.00019833838450722396,0.00024900888092815876,0.999742329120636
A,2282,1.0721651051426306e-06,1.8723640096141025e-05,-1.7651474990998395e-05,0.7368522882461548
A,2279,1.3346893865673337e-05,0.0007062875083647668,-0.0006929406144990935,0.9995570182800293
A,2291,6.052699245628901e-05,0.0007624744321219623,-0.0007019474396656733,0.9986902475357056
A,2462,0.000161005140398629,0.000898799451533705,-0.000737794311135076,0.9992209672927856
A,2502,2.9181899208197137e-06,0.00014941574772819877,-0.00014649755780737905,0.9808779358863831
A,2708,8.936035555962007e-08,9.663368473411538e-06,-9.574008117851918e-06,0.6670092344284058
A,2592,3.0588141726184404e-06,0.00016178948862943798,-0.00015873067445681954,0.9712811708450317
A,2799,4.64852164441254e-05,0.00010107310663443059,-5.458789019030519e-05,0.9999301433563232
A,2728,2.8076772650820203e-05,0.0006145357619971037,-0.0005864589893462835,0.9947718977928162
A,2722,2.748326733126305e-05,0.0004501282819546759,-0.00042264501462341286,0.9922902584075928
A,2764,2.248828650408541e-06,1.5128927771002054e-05,-1.2880099120593513e-05,0.947035551071167
A,2879,2.915554887295002e-06,9.45175088418182e-06,-6.536195996886818e-06,0.993861198425293
A,2910,1.0288403018421377e-06,0.00014906370779499412,-0.00014803486749315198,0.6678313612937927
A,2902,2.836809289874509e-05,0.0038536323700100183,-0.0038252642771112733,0.9853386878967285
A,2883,1.0456187737872824e-05,0.0010193813359364867,-0.001008925148198614,0.9971504211425781
A,2996,4.221786184643861e-06,1.3612631846626755e-05,-9.390845661982894e-06,0.9713600873947144
A,3265,4.7792975237825885e-05,0.0008478741510771215,-0.0008000811758392956,0.9991841316223145
A,3281,4.078223355463706e-06,4.321887900005095e-06,-2.4366454454138875e-07,0.9960930347442627
A,2933,2.754208617261611e-05,0.001974559621885419,-0.0019470175357128028,0.9958556890487671
A,3449,1.6689002222847193e-05,2.834615770552773e-05,-1.1657155482680537e-05,0.9998968243598938
A,3527,1.0266845492878929e-05,0.000273040437605232,-0.00026277359211235307,0.9983144402503967
A,3437,3.560859624940349e-07,4.469834311748855e-05,-4.434225715499451e-05,0.5790975093841553
A,3554,3.337093585287221e-05,3.3229262044187635e-05,1.4167380868457258e-07,0.9999871253967285
A,4042,0.00358880334533751,3.91233569985161e-08,0.0035887642219805116,0.9047322273254395
A,3684,2.2789498643760453e-07,5.993672675685957e-05,-5.9708831770421966e-05,0.44699129462242126
A,3970,2.824808404966461e-07,1.771331881172955e-05,-1.7430837971232904e-05,0.77635258436203
A,3830,0.00011039469973184168,1.2560034519992769e-05,9.783466521184891e-05,0.9968230724334717
A,4240,8.193179041882104e-07,2.704883627302479e-05,-2.622951836883658e-05,0.5693957805633545
A,4185,2.589231007732451e-05,1.6731750292819925e-05,9.160559784504585e-06,0.9998521208763123
A,4301,1.2466479347494897e-05,2.397471143922303e-05,-1.1508232091728132e-05,0.9999916553497314
A,4167,7.664471922907978e-06,0.0001288078783545643,-0.00012114340643165633,0.997391402721405
A,4532,8.75093576269137e-07,4.821650350095297e-07,3.929285412596073e-07,1.0
A,4493,2.1328285583877005e-05,7.426925776599091e-07,2.0585593006217096e-05,0.7774944305419922
A,4465,6.352013770083431e-06,1.3804158697894309e-05,-7.4521449278108776e-06,0.996462881565094
A,4458,5.688743476639502e-05,2.2035344500181964e-06,5.468390031637682e-05,0.9936954379081726
A,4750,1.809375680750236e-05,0.000644297746475786,-0.0006262039896682836,0.9956461787223816
A,4654,0.0002702471101656556,1.7052087059710175e-05,0.00025319502310594544,0.9998586177825928
A,4674,4.278416781744454e-06,0.0001314365945290774,-0.00012715817774733296,0.9870939254760742
A,4785,2.2253868792176945e-06,6.811755071112202e-08,2.1572693285065725e-06,0.7846837043762207
A,4853,4.401996557135135e-05,1.7167923942906782e-05,2.6852041628444567e-05,0.9958837032318115
A,4956,3.648586425697431e-05,2.2781028746976517e-05,1.3704835509997793e-05,0.9999625086784363
A,4833,6.838311492174398e-06,6.921859494468663e-07,6.146125542727532e-06,0.7251522541046143
A,4855,2.7961634259554558e-05,0.0005081841954961419,-0.00048022256123658735,0.999406099319458
A,5093,0.21507251262664795,6.2218226126731224e-09,0.21507250640482534,0.5651358962059021
A,5026,0.002407124498859048,6.842581115051871e-07,0.0024064402407475427,0.6975218057632446
A,5080,2.7630883323581656e-06,6.946283974684775e-05,-6.669975141448958e-05,0.9889291524887085
A,5104,7.76843007770367e-05,1.4642979806467338e-07,7.753787097897202e-05,0.8449736833572388
A,5134,1.2607490589289228e-06,9.311335816164501e-06,-8.050586757235578e-06,0.8062933683395386
A,5145,3.4078922908520326e-05,0.00032277635182254016,-0.00028869742891401984,0.9994716644287109
A,5169,5.031156251789071e-05,8.983394218375906e-05,-3.952237966586836e-05,0.9999790191650391
A,5154,0.00010486656537977979,3.8409396552196995e-08,0.00010482815598322759,0.7265288829803467
A,5371,9.794405286811525e-07,3.466274938546121e-05,-3.368330885678006e-05,0.555487871170044
A,5386,1.4201296835381072e-05,2.4193213903345168e-05,-9.991917067964096e-06,0.9989041090011597
A,5200,1.1385599464119878e-05,2.813325636452646e-06,8.572273827667232e-06,0.9547379016876221
A,5301,2.3506283469032496e-05,8.520515279997198e-07,2.2654231941032776e-05,0.7221362590789795
A,5502,0.0016490626148879528,8.70811527420301e-06,0.0016403544996137498,0.9908252358436584
A,5611,1.1140951755805872e-05,0.0001179558748845011,-0.00010681492312869523,0.9997744560241699
A,5544,3.727585499291308e-05,1.5784837160026655e-05,2.1491017832886428e-05,0.9999286532402039
A,5617,5.549580237129703e-05,9.168383257929236e-06,4.6327419113367796e-05,0.9996405839920044
A,5683,3.92358451790642e-05,0.0020494398195296526,-0.0020102039743505884,0.995180606842041
A,5728,1.4381861547008157e-05,3.251107614232751e-07,1.4056750785584882e-05,0.8273281455039978
A,5758,8.343927038367838e-05,0.00030528518254868686,-0.00022184591216500849,0.9995651245117188
A,5840,8.208672807086259e-05,0.0005664977943524718,-0.00048441106628160924,0.9974262714385986
A,6179,4.756614998768782e-06,8.149801260515233e-07,3.941634872717259e-06,0.7421325445175171
A,6112,0.00022745589376427233,6.164887054183055e-07,0.00022683940505885403,0.8122313022613525
A,6069,1.04971122709685e-05,2.937917633971665e-05,-1.888206406874815e-05,0.9998300075531006
A,5975,5.383632014854811e-06,1.8656352040125057e-05,-1.3272720025270246e-05,0.9998512268066406
A,6219,4.683845691033639e-05,4.390947287902236e-05,2.9289840313140303e-06,0.9997090101242065
A,6336,5.398347184382146e-06,2.3731403416604735e-05,-1.833305623222259e-05,0.9982742071151733
A,6203,0.00019791808153968304,4.940898179484066e-06,0.00019297718336019898,0.9992555379867554
A,6299,6.5334174905729014e-06,1.920957856782479e-06,4.612459633790422e-06,0.9594072103500366
A,6448,7.734011160209775e-05,0.0006592641584575176,-0.0005819240468554199,0.9981011152267456
A,6531,3.2165760330826743e-06,0.0001146470895037055,-0.00011143051347062283,0.9996997714042664
A,6561,8.812601492991234e-08,4.313475528761046e-06,-4.225349513831134e-06,0.9028076529502869
A,6497,3.241847298340872e-05,8.097560203168541e-05,-4.855712904827669e-05,0.9999970197677612
A,6974,0.00016330869402736425,3.993673453805968e-05,0.00012337195948930457,0.9998636245727539
A,6759,1.1026178071915638e-05,0.0004064455279149115,-0.00039541934984299587,0.9976671934127808
A,6796,7.200504478532821e-05,9.394839253218379e-06,6.261020553210983e-05,0.999699592590332
A,6729,0.00013966455298941582,0.0004325371119193733,-0.00029287255892995745,0.9994289875030518
A,7143,2.1178600945859216e-05,0.0003027039929293096,-0.0002815253919834504,0.9947457313537598
A,7292,2.6418860215926543e-05,0.00046833514352329075,-0.0004419162833073642,0.9949434995651245
A,7210,0.00041670407517813146,2.058857171505224e-05,0.0003961155034630792,0.9940842986106873
A,7238,2.9175399163250404e-07,4.485975296120159e-06,-4.194221304487655e-06,0.6299595832824707
A,7621,1.7696071381578804e-06,7.062474469421431e-05,-6.885513755605643e-05,0.5880791544914246
A,7552,2.3900499854789814e-06,2.3894494006526656e-05,-2.1504444021047675e-05,0.9798361659049988
A,7625,3.3534111025801394e-06,0.0001944921095855534,-0.00019113869848297327,0.9848257899284363
A,7578,2.4607748855487444e-05,3.292782594144228e-06,2.1314966261343216e-05,0.9903151988983154
A,7663,1.1311487924103858e-07,6.622266113254227e-08,4.689221810849631e-08,1.0
A,7721,8.243241609307006e-06,0.00015481376613024622,-0.00014657052452093922,0.9934878349304199
A,7690,2.576406927801145e-07,9.584771305526374e-07,-7.008364377725229e-07,0.9999998807907104
A,7708,6.425833362300182e-06,0.00014819580246694386,-0.00014176996910464368,0.9999345541000366
A,7908,3.089051688220934e-06,5.180781954550184e-05,-4.871876785728091e-05,0.9995630383491516
A,8174,2.386375115293049e-07,1.9136561604682356e-05,-1.889792409315305e-05,0.6985297203063965
A,7862,7.859800462028943e-06,1.8777656123347697e-06,5.982034849694173e-06,0.973888099193573
A,7935,0.0004902540240436792,1.602302859282645e-07,0.000490093793757751,0.6745431423187256
A,8321,4.0503041418560315e-06,0.00028203570400364697,-0.00027798539986179094,0.9997262358665466
A,8369,4.1971372411353514e-05,0.0003756475052796304,-0.0003336761328682769,0.9980977773666382
A,8364,1.3919723642175086e-05,0.0002017098740907386,-0.0001877901504485635,0.997939944267273
A,8351,6.426967047445942e-07,5.036722359363921e-05,-4.9724526888894616e-05,0.7553873658180237
A,8531,3.4806223993655294e-05,1.7910970200318843e-05,1.689525379333645e-05,0.9991198778152466
A,8404,6.138564458524343e-06,3.687598291435279e-05,-3.073741845582845e-05,0.9907671213150024
A,8413,2.2273798094829544e-07,4.8999240789271425e-06,-4.677186097978847e-06,0.6824864149093628
A,8418,6.498427410406293e-06,4.637680376617936e-06,1.860747033788357e-06,0.9976787567138672
A,8576,5.91123921367398e-07,1.1909249224117957e-05,-1.1318125302750559e-05,0.4717511534690857
A,8582,3.4152155876654433e-06,0.00028370157815515995,-0.0002802863625674945,0.9998680353164673
A,8561,0.00012679086648859084,0.00020837230840697885,-8.158144191838801e-05,0.9999820590019226
A,8578,3.0292828796518734e-06,1.4514577742374968e-05,-1.1485294862723094e-05,0.9982125759124756
A,8786,5.644875272992067e-06,8.089550101431087e-05,-7.52506257413188e-05,0.9981380105018616
A,8640,3.360782557138009e-06,6.180351920193061e-05,-5.84427366447926e-05,0.9998191595077515
A,8652,2.1377518351073377e-05,0.00011113703658338636,-8.975951823231298e-05,0.9958177804946899
A,8799,5.123209848534316e-05,2.8997375920880586e-05,2.2234722564462572e-05,0.9999994039535522
A,9093,0.00026660022558644414,0.0011579892598092556,-0.0008913890342228115,0.9992275834083557
A,9104,2.6024110866273986e-06,2.7638152459985577e-06,-1.6140415937115904e-07,0.9984981417655945
A,8964,6.452871457440779e-05,0.00029743334744125605,-0.00023290463286684826,0.9993340373039246
A,9189,3.236329212086275e-05,0.00034832741948775947,-0.0003159641273668967,0.996788740158081
A,9324,0.00028035210561938584,0.00018681965593714267,9.353244968224317e-05,0.9999827146530151
A,9315,7.828911293472629e-06,1.0706644388847053e-05,-2.877733095374424e-06,0.9987825751304626
A,9340,1.2473198296447663e-07,1.5267238495653146e-06,-1.401991866600838e-06,1.0000001192092896
A,9317,0.00011715282016666606,2.8310681955190375e-05,8.884213821147569e-05,0.998807966709137
A,9369,6.91578388796188e-05,6.761791610188084e-06,6.239604726943071e-05,0.9941469430923462
A,9413,7.016013114480302e-05,3.113242928520776e-05,3.9027701859595254e-05,0.9997559785842896
A,9393,5.498097834788496e-07,6.050386218703352e-06,-5.500576435224502e-06,0.8015555143356323
A,9386,0.00046448057400994003,0.0013207277515903115,-0.0008562471775803715,0.9996171593666077
A,9622,0.0008886906434781849,1.4964140063966624e-05,0.0008737265034142183,0.9880390763282776
A,9479,2.1142697733012028e-05,9.739116649143398e-06,1.140358108386863e-05,0.9999855756759644
A,9488,0.0020383584778755903,1.811938687978909e-07,0.0020381772840067924,0.7108330726623535
A,9603,2.0704896087408997e-05,2.9593502404168248e-05,-8.888606316759251e-06,0.9993368983268738
A,9771,2.305467933183536e-05,5.280239292915212e-06,1.7774440038920147e-05,0.9977856278419495
A,9726,3.2401069347542943e-06,4.022007487947121e-05,-3.697996794471692e-05,0.9976359605789185
A,9822,2.7083311579190195e-05,0.0005288145621307194,-0.0005017312505515292,0.9946780800819397
A,9682,1.6601879337940773e-07,8.652636097394861e-06,-8.486617304015454e-06,0.7761564254760742
A,9967,4.1559087549103424e-05,2.2853250811749604e-06,3.9273762467928464e-05,0.9848186373710632
A,9917,0.00011378300405340269,1.620278817426879e-05,9.75802158791339e-05,0.9952983856201172
A,9858,5.94050288782455e-05,0.0005791486473754048,-0.0005197436184971593,0.9986737966537476
A,9904,1.6470507091526088e-07,1.8652703147381544e-05,-1.8487998076466283e-05,0.536198616027832
A,10055,0.0007414513966068625,4.670297585107619e-06,0.0007367810990217549,0.9895464181900024
A,10030,8.238326699938625e-06,5.452765617519617e-05,-4.6289329475257546e-05,0.998401403427124
A,10087,0.0005948776961304247,3.7404555769171566e-05,0.0005574731403612532,0.9998434782028198
A,10052,1.6257797597063472e-07,5.4724487199564464e-06,-5.309870743985812e-06,0.7385057806968689
A,10134,4.9664424295770004e-05,0.0008248589001595974,-0.0007751944758638274,0.9957321882247925
A,10244,2.2970223767515563e-07,1.684625203779433e-05,-1.6616549800119174e-05,0.5710005760192871
A,10203,2.0339573893579654e-05,4.6061741159064695e-06,1.5733399777673185e-05,0.997595489025116
A,10305,5.42861062058364e-06,0.0002666907384991646,-0.00026126212787858094,0.9859898090362549
A,10321,4.1375001273991074e-06,0.0001489199057687074,-0.0001447824056413083,0.9820281267166138
A,10332,5.22699224347889e-07,2.1729167201556265e-05,-2.1206467977208376e-05,0.7483038306236267
A,10333,0.00023382708604913205,0.00011623139289440587,0.00011759569315472618,0.9998871088027954
A,10360,0.00021434905647765845,0.0011627114145085216,-0.0009483623580308631,0.9986495971679688
A,10392,0.0012001106515526772,5.331972715794109e-06,0.001194778678836883,0.9977514743804932
A,10389,8.070690819295123e-05,0.00021880274289287627,-0.00013809583469992504,0.9998356103897095
A,10409,4.470034582482185e-06,0.00013651626068167388,-0.0001320462260991917,0.9925458431243896
A,10414,3.202106381650083e-05,0.00285903993062675,-0.002827018866810249,0.9970728158950806
A,10570,0.0002731292333919555,1.189983777294401e-05,0.0002612293956190115,0.9980239272117615
A,10556,1.5397728930111043e-05,1.121344666898949e-05,4.1842822611215524e-06,0.9980408549308777
A,10445,4.434205493453192e-06,8.14266400084307e-07,3.6199390933688846e-06,0.7238602042198181
A,10427,9.204958769259974e-05,4.004250877187587e-05,5.200707892072387e-05,0.999595046043396
A,10586,5.342514850781299e-05,3.467421993263997e-05,1.875092857517302e-05,0.9998410940170288
A,10574,3.3665113733150065e-05,4.384933345136233e-05,-1.0184219718212262e-05,0.9999171495437622
A,10578,8.975031960289925e-05,0.0016676479717716575,-0.0015778976521687582,0.9973152875900269
A,10597,3.551280940428114e-07,9.07579087652266e-05,-9.040278067118379e-05,0.7429541945457458
A,10624,1.4595472748624161e-05,0.0008463302510790527,-0.0008317347783304285,0.9940882325172424
A,10618,8.014237664610846e-07,3.379400368430652e-05,-3.299257991784543e-05,0.5117380619049072
A,10628,2.4179129809454025e-07,1.406024875905132e-05,-1.3818457460956779e-05,0.615364670753479
A,10636,7.743787136860192e-05,0.0066152759827673435,-0.006537838111398742,0.9907147288322449
A,10729,3.0494131806335645e-06,0.0005651304963976145,-0.0005620810832169809,0.9246563911437988
A,10705,4.802460171049461e-05,4.75987653771881e-05,4.258363333065063e-07,0.9999684691429138
A,10723,3.392002690816298e-05,3.275087010479183e-06,3.06449398976838e-05,0.9877433180809021
A,10679,4.776398418471217e-05,0.00011893229384440929,-7.116830965969712e-05,0.9983541965484619
A,10804,0.0002488211903255433,1.1580277714529075e-05,0.0002372409126110142,0.9869039058685303
A,10772,5.2345644689921755e-06,7.895197995821945e-06,-2.66063352682977e-06,0.9996485114097595
A,10782,8.82377935340628e-06,0.00013523049710784107,-0.0001264067177544348,0.9991743564605713
A,10784,3.7923779018456116e-05,1.6036325689583464e-07,3.776341576156028e-05,0.6903641223907471
A,10884,2.7781882181443507e-06,4.096002157893963e-05,-3.818183336079528e-05,0.9648768901824951
A,10816,1.0309463505109306e-05,6.433631369873183e-06,3.875832135236124e-06,0.9880400896072388
A,10900,0.007507772650569677,6.416885245386084e-09,0.007507766233684432,0.5402129292488098
A,10855,3.039727062059683e-06,1.5754720152472146e-05,-1.2714993090412463e-05,0.9985491633415222
A,10915,6.420904128390248e-07,2.2799802081863163e-06,-1.6378897953472915e-06,0.6063964366912842
A,10967,0.00043651548912748694,2.0602492156740482e-07,0.00043630946420591954,0.7030949592590332
A,10923,5.8698683460534085e-06,0.00010932649456663057,-0.00010345662622057716,0.9959490299224854
A,10933,3.289793539806851e-06,1.2827003047277685e-05,-9.537209507470834e-06,0.9595052003860474
A,11310,1.702985770180021e-07,6.61606964058592e-06,-6.445771063567918e-06,0.5772213935852051
A,11212,0.0002838471264112741,0.0007273624651134014,-0.00044351533870212734,0.9997208118438721
A,11173,6.379980277415598e-07,6.080235471017659e-05,-6.016435668243503e-05,0.7192292213439941
A,11431,9.517857506580185e-07,1.887933467514813e-05,-1.792754892449011e-05,0.699474573135376
A,11482,8.967629401013255e-05,0.0004574015620164573,-0.00036772526800632477,0.9993916153907776
A,11513,2.068180765490979e-05,0.00012532511027529836,-0.00010464330262038857,0.9999208450317383
A,11490,5.4248012020252645e-06,8.563931623939425e-05,-8.021451503736898e-05,0.9979292750358582
A,11520,7.323269102244012e-08,2.492705789336469e-06,-2.419473098314029e-06,0.673574686050415
A,11563,1.0890815246966667e-05,5.656230860040523e-05,-4.5671493353438564e-05,0.9999715685844421
A,11576,6.469617073889822e-05,0.00010844227654160932,-4.37461058027111e-05,0.9998538494110107
A,11546,6.283264042394876e-07,4.362866548035527e-06,-3.734540143796039e-06,0.920121431350708
A,11570,3.7228185192361707e-06,7.954469765536487e-05,-7.58218791361287e-05,0.9919406175613403
A,11634,0.00032956915674731135,6.687687346129678e-06,0.0003228814694011817,0.9963532090187073
A,11598,2.416121424175799e-05,0.0001354779815301299,-0.00011131676728837192,0.9992612600326538
A,11588,8.198303476092406e-06,1.750171577441506e-05,-9.303412298322655e-06,0.991029679775238
A,11610,6.248662316465925e-07,8.239634917117655e-05,-8.177148293952996e-05,0.5449491739273071
A,11824,1.4701655345561448e-05,0.0003205983084626496,-0.00030589665311708814,0.9999935030937195
A,11772,8.358682634934667e-07,2.776251858449541e-05,-2.6926650321001944e-05,0.8945541977882385
A,11803,0.0001693839585641399,2.1706664483645e-05,0.0001476772940804949,0.9994401931762695
A,11761,4.5980032155057415e-05,0.00020602821314241737,-0.00016004818098735996,0.9990001916885376
A,11924,1.4590923456125893e-05,2.938070974778384e-05,-1.4789786291657947e-05,0.9985553026199341
A,11917,5.804062652714492e-07,1.7608797861612402e-05,-1.7028391596340953e-05,0.62215256690979
A,11907,1.3012265299039427e-05,2.740418494795449e-05,-1.4391919648915064e-05,0.9931028485298157
A,11923,3.2833690966072027e-06,0.0003180872881785035,-0.0003148039190818963,0.9982794523239136
A,12104,5.027691713621607e-06,9.431022044736892e-05,-8.928252873374731e-05,0.994755744934082
A,11946,9.06757268239744e-05,0.002503632567822933,-0.002412956840998959,0.996448278427124
A,12170,7.139380613807589e-06,1.2327700460446067e-05,-5.188319846638478e-06,0.9987343549728394
A,11956,2.959064282492818e-08,4.148393145442242e-06,-4.118802502617314e-06,0.5711231827735901
A,12216,2.413762740616221e-05,2.3986220185179263e-05,1.5140722098294646e-07,0.9999803304672241
A,12199,2.371928894717712e-05,0.00032776466105133295,-0.00030404537210415583,0.9989850521087646
A,12192,1.6896256056497805e-05,1.6915852029342204e-05,-1.9595972844399512e-08,0.9999974370002747
A,12193,2.6541003990132594e-06,1.3953164852864575e-05,-1.1299064453851315e-05,0.9976394176483154
A,12318,0.010152877308428288,1.0908119918440207e-07,0.010152768227229103,0.8696029186248779
A,12327,2.0098003005841747e-05,2.1915255274507217e-05,-1.8172522686654702e-06,0.9996993541717529
A,12300,0.00041784122004173696,7.230672594005227e-08,0.0004177689133157969,0.7055182456970215
A,12271,0.000856870086863637,2.6733866675954232e-08,0.000856843352996961,0.8744619488716125
A,12525,6.745615974068642e-05,2.2369004000211135e-05,4.508715574047528e-05,0.9996943473815918
A,12445,8.671815265870464e-08,3.234282303310465e-06,-3.1475641506517604e-06,0.8482916355133057
A,12478,2.8946460588485934e-06,0.0002885613066609949,-0.0002856666606021463,0.948310375213623
A,12467,1.9737813161668782e-08,4.390522008179687e-06,-4.370784195018018e-06,0.5988882780075073
A,12590,2.679331601029844e-06,1.8466145775164478e-05,-1.5786814174134634e-05,0.9972519278526306
A,12619,0.0005613379762507975,0.0008019583183340728,-0.00024062034208327532,0.9999755620956421
A,12608,5.39696929990896e-06,1.734078978188336e-05,-1.1943820481974399e-05,0.9934890270233154
A,12634,2.7329738259140868e-06,0.00020902970572933555,-0.00020629673190342146,0.969579815864563
A,12841,0.00015338609227910638,0.00012137373414589092,3.201235813321546e-05,0.9999629855155945
A,12777,6.320347893051803e-05,0.001795428921468556,-0.001732225442538038,0.9957717657089233
A,12684,2.0507844965322874e-05,0.0001586475846124813,-0.00013813973964715842,0.999994695186615
A,12690,1.1222852663195226e-05,0.00023917485668789595,-0.00022795200402470073,0.9922588467597961
A,12881,1.5335248235714971e-06,3.80620222131256e-05,-3.6528497389554104e-05,0.7051603198051453
A,12948,4.4479238567873836e-05,0.0002930395712610334,-0.0002485603326931596,0.998849630355835
A,13100,0.00030862935818731785,3.6299188650446013e-06,0.00030499943932227325,0.995039701461792
A,13062,0.002823025453835726,1.3191005564294755e-05,0.002809834448271431,0.9909883737564087
A,13454,5.408580364019144e-06,0.0001682480942690745,-0.00016283951390505536,0.9979774355888367
A,13348,3.396449392312206e-05,0.0003585062804631889,-0.0003245417865400668,0.9992085099220276
A,13472,4.192465439700754e-06,2.1818493678438244e-06,2.01061607185693e-06,0.9999625086784363
A,13455,9.229730494553223e-05,0.0006312464247457683,-0.0005389491198002361,0.9988786578178406
A,13503,7.946964615257457e-05,0.00017743151693139225,-9.796187077881768e-05,0.9999962449073792
A,13530,8.807569429336581e-07,8.040285320021212e-05,-7.952209625727846e-05,0.6714975237846375
A,13540,0.00011300766345812008,0.00015258090570569038,-3.9573242247570306e-05,0.9999778270721436
A,13508,0.0002261000918224454,0.0005212223040871322,-0.0002951222122646868,0.9995906352996826
A,13611,1.4035813364898786e-05,9.993033017963171e-05,-8.589451681473292e-05,0.9893863201141357
A,13788,5.4192655625229236e-06,2.4622660930617712e-05,-1.920339536809479e-05,0.999801516532898
A,13861,5.412458995124325e-05,6.634059445786988e-06,4.749053050545626e-05,0.9889729619026184
A,13656,6.225567403816967e-07,0.00010964487591991201,-0.00010902231917953031,0.6067771315574646
A,13876,9.661562944529578e-05,3.8832160498714074e-05,5.7783468946581706e-05,0.9991917610168457
A,13888,7.840607395337429e-06,6.086135545047e-05,-5.302074805513257e-05,0.9999871850013733
A,13878,9.473007230553776e-05,1.9896562662324868e-05,7.483350964321289e-05,0.9966427087783813
A,13881,3.9698232285445556e-05,0.0002758419723249972,-0.00023614374003955163,0.9989537000656128
A,13973,1.1166355761815794e-05,0.00013786541239824146,-0.00012669905663642567,0.9987800121307373
A,13981,0.0004959378275088966,4.441512544417492e-07,0.0004954936762544548,0.739519476890564
A,14030,8.438068471150473e-05,2.2300714164202873e-08,8.435838399734052e-05,0.7999069690704346
A,14016,0.0004079153877682984,0.0001422106579411775,0.0002657047298271209,0.9999207854270935
A,14096,5.4845491831656545e-05,7.032526241346204e-07,5.4142239207521925e-05,0.7116366624832153
A,14095,1.0239592484140303e-05,6.852003480162239e-06,3.3875890039780643e-06,0.9999459385871887
A,14113,1.9408778825891204e-05,0.0006922832690179348,-0.0006728744901920436,0.991924524307251
A,14080,4.6651777665829286e-05,0.00017674046102911234,-0.00013008868336328305,0.9979350566864014
A,14128,1.944061295944266e-05,0.0001963397371582687,-0.00017689912419882603,0.9927573800086975
A,14165,1.3346542573344777e-06,0.00010682013817131519,-0.00010548548391398072,0.7304567098617554
A,14186,2.9449303838191554e-05,6.817761459387839e-05,-3.8728310755686834e-05,0.9979590177536011
A,14184,3.0383750981854973e-06,0.00015221128705888987,-0.00014917291196070437,0.9940062761306763
A,14227,1.4681542779726442e-05,0.00017617565754335374,-0.0001614941147636273,0.9937615394592285
A,14218,9.18416453998816e-09,4.345092293078778e-06,-4.33590812853879e-06,0.5184949040412903
A,14220,7.021374699434091e-07,7.821448525646701e-05,-7.75123477865236e-05,0.559467077255249
A,14214,6.713718647688438e-08,4.3828454181493726e-06,-4.315708231672488e-06,0.5686945915222168
A,14290,0.00024361195391975343,5.2705974695754776e-08,0.00024355924794505768,0.7537038326263428
A,14301,6.536711225635372e-06,8.055265061557293e-05,-7.401593938993756e-05,0.997755765914917
A,14264,8.086102025117725e-05,8.991284630610608e-06,7.186973562056664e-05,0.9966061115264893
A,14262,4.2705560190370306e-05,5.307650553731946e-06,3.739790963663836e-05,0.9974777102470398
A,14334,0.00044905801769346,5.104487286189396e-07,0.00044854756896484105,0.7245959043502808
A,14359,0.000659732788335532,0.002341257641091943,-0.0016815248527564108,0.9994916915893555
A,14321,7.0338019213522784e-06,9.139959729509428e-05,-8.4365795373742e-05,0.9990074634552002
A,14349,6.678373756585643e-05,0.00029820416239090264,-0.0002314204248250462,0.9985404014587402
A,14393,4.585272108670324e-05,1.5793089914950542e-05,3.00596311717527e-05,0.9968775510787964
A,14589,1.7227930584340356e-05,0.0006938698934391141,-0.0006766419628547737,0.9819812774658203
A,14555,7.36510969545634e-07,5.278435537547921e-07,2.0866741579084191e-07,0.9999999403953552
A,14399,1.0311051482858602e-05,0.00011380007344996557,-0.00010348902196710696,0.99994957447052
A,14626,6.897606681377511e-07,3.5479231996760063e-07,3.349683481701504e-07,1.0
A,14637,4.4501241063699126e-05,1.2622904250747524e-06,4.3238950638624374e-05,0.794947624206543
A,14623,0.0003556448209565133,6.626521553698694e-07,0.0003549821688011434,0.9094889163970947
A,14618,1.8226073734695092e-05,2.1903157687575003e-07,1.8007042157819342e-05,0.7499197125434875
A,14685,3.66825406672433e-05,4.340725354268216e-06,3.2341815312975086e-05,0.9972624778747559
A,14662,0.031890906393527985,2.0551738089125138e-08,0.031890885841789895,0.9368772506713867
A,14654,3.2978066428768216e-06,0.00015939187142066658,-0.00015609406477778975,0.9988142251968384
A,14661,5.970113488729112e-05,7.507201371481642e-05,-1.5370878827525303e-05,0.9999490976333618
B,243,5.9811092796735466e-05,0.00019594846526160836,-0.0001361373724648729,0.9998912811279297
B,24,5.170968142920174e-05,0.0019757840782403946,-0.0019240743968111929,0.9937850832939148
B,214,0.0009783434215933084,0.01654141955077648,-0.015563076129183173,0.9970363974571228
B,167,0.0007527422276325524,0.013731935992836952,-0.0129791937652044,0.9963935613632202
B,289,0.00012819792027585208,0.0005368420970626175,-0.00040864417678676546,0.9992787837982178
B,304,0.0146814975887537,0.0008588953060097992,0.013822602282743901,0.9979532957077026
B,302,0.000257790379691869,0.0010586930438876152,-0.0008009026641957462,0.9995042085647583
B,276,0.00040239698137156665,0.00011758828622987494,0.0002848086951416917,0.9993438720703125
B,382,7.144417759263888e-05,7.175538485171273e-05,-3.112072590738535e-07,0.9999753832817078
B,605,0.2362619936466217,0.09841673821210861,0.1378452554345131,0.9997537136077881
B,595,0.00046054102131165564,0.0022732331417500973,-0.0018126921204384416,0.999216616153717
B,517,0.00020649147336371243,0.00018019643903244287,2.6295034331269562e-05,0.9999686479568481
B,762,0.00041629080078564584,0.000470161932753399,-5.387113196775317e-05,0.999982476234436
B,817,9.610826236894354e-05,0.00257704290561378,-0.0024809346432448365,0.9960922002792358
B,753,0.00010620194370858371,0.003047897247597575,-0.0029416953038889915,0.9969573020935059
B,805,0.00018391016055829823,0.003066516714170575,-0.002882606553612277,0.9981635808944702
B,909,0.00011127292236778885,0.002739204792305827,-0.0026279318699380383,0.9972603917121887
B,928,3.2727664802223444e-05,3.322304110042751e-05,-4.953762982040644e-07,0.9996123313903809
B,910,0.04009879380464554,0.45742174983024597,-0.41732295602560043,0.9973782300949097
B,975,0.00015013098891358823,0.004177751950919628,-0.00402762096200604,0.9943091869354248
B,1012,7.19097297405824e-05,0.0002772204752545804,-0.00020531074551399797,0.9997571706771851
B,1092,0.0005671262624673545,0.001702058594673872,-0.0011349323322065175,0.9996362924575806
B,1237,3.583373472793028e-05,0.00017356463649775833,-0.00013773090176982805,0.9984217286109924
B,1188,5.8490055380389094e-05,0.0016677628736943007,-0.0016092728183139116,0.9976733922958374
B,1358,0.0007926884572952986,0.015168885700404644,-0.014376197243109345,0.9969173669815063
B,1304,3.279568045400083e-05,0.0008365195826627314,-0.0008037239022087306,0.9971846342086792
B,1353,0.0005147395422682166,0.004041156731545925,-0.0035264171892777085,0.998599112033844
B,1284,0.0008812722517177463,0.009433020837605,-0.008551748585887253,0.9981951713562012
B,1413,0.0001699870335869491,0.00881089549511671,-0.008640908461529762,0.9936243891716003
B,1446,1.751260757446289,0.10669229179620743,1.6445684656500816,0.9977347254753113
B,1489,2.6539219106780365e-05,0.0008279287721961737,-0.0008013895530893933,0.9964163303375244
B,1439,0.00016747675545047969,0.006470681633800268,-0.0063032048783497885,0.9961254000663757
B,1552,0.00015840367996133864,0.0012716802302747965,-0.0011132765503134578,0.9986020922660828
B,1598,2.201821371272672e-05,0.00013111559383105487,-0.00010909738011832815,0.9970813393592834
B,1603,0.0036315431352704763,0.0027136204298585653,0.000917922705411911,0.9999749064445496
B,1658,0.001041695475578308,0.033981114625930786,-0.03293941915035248,0.9951432943344116
B,1686,8.99472797755152e-05,0.0001670956116868183,-7.71483319113031e-05,0.9999825954437256
B,1688,0.0008210313972085714,0.0005799063947051764,0.00024112500250339508,0.9999755620956421
B,1743,6.808825128246099e-05,0.00011088696919614449,-4.2798717913683504e-05,0.9997195601463318
B,1706,11.519989013671875,0.4125308692455292,11.107458144426346,0.994495689868927
B,1957,0.00018135551363229752,0.0012400017585605383,-0.0010586462449282408,0.9985124468803406
B,1839,0.00119950738735497,0.005543522536754608,-0.004344015149399638,0.9991475343704224
B,2108,0.0001297048875130713,0.004214922897517681,-0.00408521801000461,0.9965212345123291
B,2095,0.0002334932069061324,0.00020231801318004727,3.1175193726085126e-05,0.999996542930603
B,2203,0.0003063773619942367,0.00652275700122118,-0.006216379639226943,0.9966186881065369
B,2247,0.0016500778729096055,0.0008051404729485512,0.0008449373999610543,0.9998916387557983
B,2182,0.0008095484809018672,0.06923495978116989,-0.06842541130026802,0.9903147220611572
B,2225,0.043920498341321945,0.0388045571744442,0.005115941166877747,0.9999943971633911
B,2276,0.0027665928937494755,0.060578957200050354,-0.05781236430630088,0.9956618547439575
B,2282,0.0019140061922371387,0.03607766330242157,-0.03416365711018443,0.9970829486846924
B,2279,0.0003435068647377193,0.00029901444213464856,4.4492422603070736e-05,0.9999921917915344
B,2291,0.0016932752914726734,0.01838928461074829,-0.016696009319275618,0.9980224370956421
B,2462,0.003278872696682811,0.06296008825302124,-0.05968121555633843,0.9963861703872681
B,2502,0.0015489057404920459,0.013726538047194481,-0.012177632306702435,0.998279333114624
B,2708,0.0005116072134114802,0.004341169260442257,-0.0038295620470307767,0.9986251592636108
B,2592,0.002078027930110693,0.04322361946105957,-0.04114559153094888,0.9968451261520386
B,2799,0.0010914001613855362,0.0023604040034115314,-0.0012690038420259953,0.9998440146446228
B,2728,0.00034263019915670156,0.0009548453381285071,-0.0006122151389718056,0.9996643662452698
B,2722,5.777781916549429e-05,0.0002278094325447455,-0.0001700316133792512,0.9975175857543945
B,2764,1.724266621749848e-05,0.001488211564719677,-0.0014709688985021785,0.9897811412811279
B,2879,0.0008551482460461557,0.0006958470912650228,0.00015930115478113294,0.9999865293502808
B,2910,0.0003059568698517978,0.005800884682685137,-0.005494927812833339,0.9978560209274292
B,2902,0.0003517105942592025,0.0055895703844726086,-0.005237859790213406,0.9978169202804565
B,2883,0.00024294471950270236,0.0012096315622329712,-0.0009666868427302688,0.9992347359657288
B,2996,0.0004636516096070409,0.0027479813434183598,-0.002284329733811319,0.9992417097091675
B,3265,0.0008246149518527091,0.013170161284506321,-0.012345546332653612,0.997688889503479
B,3281,0.00046997316530905664,0.0037027806974947453,-0.0032328075321856886,0.9988110065460205
B,2933,0.002499568974599242,0.004808566067367792,-0.00230899709276855,0.999890148639679
B,3449,0.0004991595051251352,0.0021159418392926455,-0.0016167823341675103,0.9993838667869568
B,3527,0.0012107606744393706,0.0011274759890511632,8.328468538820744e-05,0.9999998807907104
B,3437,32.686119079589844,31.80168342590332,0.8844356536865234,0.9996441602706909
B,3554,9.858716657618061e-05,0.0007894989103078842,-0.0006909117437317036,0.9991379976272583
B,4042,0.0005193386459723115,0.0006013322272337973,-8.199358126148582e-05,0.9999752640724182
B,3684,0.00017239608860109001,0.0003369959304109216,-0.00016459984180983156,0.999954342842102
B,3970,0.0015756450593471527,0.0027412499766796827,-0.00116560491733253,0.9999037981033325
B,3830,0.001145096612162888,0.0001650942285778001,0.000980002383585088,0.9988698959350586
B,4240,0.0003985798975918442,0.001417804043740034,-0.00101922414614819,0.9994896650314331
B,4185,0.004098615609109402,0.03272312507033348,-0.02862450946122408,0.9983018636703491
B,4301,0.0005968415061943233,0.0012130677932873368,-0.0006162262870930135,0.9998785853385925
B,4167,0.00010608308366499841,0.0010566447163000703,-0.0009505616326350719,0.9990285038948059
B,4532,0.0006537726731039584,0.005238797981292009,-0.004585025308188051,0.9990614652633667
B,4493,0.00012254253670107573,0.00025766968610696495,-0.0001351271494058892,0.9997538924217224
B,4465,0.001634132699109614,0.0051470790058374405,-0.0035129463067278266,0.9995973706245422
B,4458,0.00041748772491700947,0.0021077170968055725,-0.001690229371888563,0.9992254972457886
B,4750,0.0006661068764515221,0.0029975201468914747,-0.0023314132704399526,0.9994134306907654
B,4654,2.359341669944115e-05,0.00010508844570722431,-8.149502900778316e-05,0.9991025924682617
B,4674,0.0001283741876250133,0.0011274154530838132,-0.0009990412654588,0.9983540773391724
B,4785,0.0003117209125775844,0.0001024165831040591,0.00020930432947352529,0.9998098611831665
B,4853,3.051134444831405e-05,0.00017798709450289607,-0.00014747575005458202,0.9982523322105408
B,4956,0.0015630079433321953,0.028014887124300003,-0.026451879180967808,0.9964789152145386
B,4833,0.000677920354064554,0.0010841599432751536,-0.00040623958921059966,0.9999487996101379
B,4855,0.00014161408762447536,0.0025329934433102608,-0.0023913793556857854,0.9966147541999817
B,5093,0.0007105970289558172,4.7050493776623625e-06,0.0007058919795781549,0.996249258518219
B,5026,0.0007317203562706709,0.002130483742803335,-0.0013987633865326643,0.9996403455734253
B,5080,2.399981713097077e-05,6.703029612253886e-06,1.7296787518716883e-05,0.9978761076927185
B,5104,0.04442436620593071,0.2952984869480133,-0.2508741207420826,0.9988952875137329
B,5134,0.0059050461277365685,0.07338497042655945,-0.06747992429882288,0.9971879720687866
B,5145,0.002515165600925684,0.029782308265566826,-0.027267142664641142,0.9980156421661377
B,5169,5.7525634474586695e-05,0.0004961215890944004,-0.0004385959546198137,0.9992576837539673
B,5154,0.013255750760436058,0.014288626611232758,-0.0010328758507966995,0.9999978542327881
B,5371,0.00043344724690541625,4.1603518184274435e-05,0.0003918437287211418,0.9993070363998413
B,5386,0.016943881288170815,0.26571935415267944,-0.24877547286450863,0.9965296983718872
B,5200,2.159036557713989e-05,0.0005309146945364773,-0.0005093243289593374,0.9992341995239258
B,5301,0.009887258522212505,0.24014590680599213,-0.23025864828377962,0.9948626756668091
B,5502,0.00028443109476938844,0.00013519525236915797,0.00014923584240023047,0.9999763369560242
B,5611,0.00032391882268711925,0.007399653550237417,-0.007075734727550298,0.9977890253067017
B,5544,0.0018903887830674648,0.01335857342928648,-0.011468184646219015,0.9985946416854858
B,5617,0.010936005041003227,0.01670122891664505,-0.005765223875641823,0.9999414086341858
B,5683,1.3638692507811356e-05,0.0003673219762276858,-0.00035368328371987445,0.9984452724456787
B,5728,0.00025920136249624193,0.005608412437140942,-0.0053492110746447,0.9971625208854675
B,5758,0.00021676026517525315,0.00431458093225956,-0.0040978206670843065,0.9972317218780518
B,5840,0.0037455700803548098,0.04046871140599251,-0.0367231413256377,0.9978540539741516
B,6179,0.00025844210176728666,0.0023965691216289997,-0.002138127019861713,0.9981275796890259
B,6112,0.00023784753284417093,4.084548891114537e-06,0.0002337629839530564,0.9889793992042542
B,6069,0.06646519154310226,0.05013047531247139,0.016334716230630875,0.9999817609786987
B,5975,0.05050286278128624,0.0018612126586958766,0.04864165012259036,0.9965968132019043
B,6219,0.0004602021654136479,0.0012471223017200828,-0.0007869201363064349,0.9997413754463196
B,6336,0.03844127058982849,0.3660494387149811,-0.3276081681251526,0.9987004995346069
B,6203,0.3456493318080902,0.11758100241422653,0.22806832939386368,0.9997677803039551
B,6299,0.012820558622479439,0.031552597880363464,-0.018732039257884026,0.9997597336769104
B,6448,0.00047896942123770714,0.00022041276679374278,0.00025855665444396436,0.9998230934143066
B,6531,0.00029396943864412606,0.0014351409627124667,-0.0011411715240683407,0.9993363618850708
B,6561,0.0005436731153167784,0.0016612429171800613,-0.001117569801863283,0.9996306300163269
B,6497,0.0002946099848486483,0.00022186955902725458,7.274042582139373e-05,0.9999635219573975
B,6974,3.853277667076327e-05,0.0011557349935173988,-0.0011172022168466356,0.9945701360702515
B,6759,0.00012410402996465564,0.0005296142189763486,-0.000405510189011693,0.9997041821479797
B,6796,0.002645595697686076,0.013750547543168068,-0.011104951845481992,0.9993851184844971
B,6729,7.3947012424469e-05,0.00014314809232018888,-6.920107989571989e-05,0.9999905824661255
B,7143,0.007525240071117878,0.051538754254579544,-0.044013514183461666,0.9986991882324219
B,7292,0.0009682516101747751,0.01752842403948307,-0.016560172429308295,0.9966135025024414
B,7210,0.0006542566115967929,0.0005092689534649253,0.00014498765813186765,0.9999873042106628
B,7238,0.0003095808788202703,0.0018864561570808291,-0.0015768752782605588,0.9991090297698975
B,7621,0.0001576255017425865,0.0018068358767777681,-0.0016492103750351816,0.9986898899078369
B,7552,0.00015144431381486356,0.00570639269426465,-0.005554948380449787,0.9949054718017578
B,7625,0.0010960148647427559,0.04498272016644478,-0.04388670530170202,0.9930164813995361
B,7578,0.0001314235123572871,0.0004718211421277374,-0.0003403976297704503,0.9995958805084229
B,7663,0.0001945222174981609,0.005313004367053509,-0.005118482149555348,0.9954893589019775
B,7721,0.008652837947010994,0.06751202046871185,-0.05885918252170086,0.9987582564353943
B,7690,3.945343632949516e-05,0.00035637756809592247,-0.0003169241317664273,0.9989461302757263
B,7708,0.00016079784836620092,0.001356466906145215,-0.0011956690577790141,0.9985988140106201
B,7908,0.0002470745239406824,0.0014635585248470306,-0.0012164840009063482,0.9992494583129883
B,8174,1.2232190783834085e-05,2.028664130193647e-05,-8.054450518102385e-06,0.9962558746337891
B,7862,4.8702429921831936e-05,0.001142582856118679,-0.0010938804261968471,0.9967779517173767
B,7935,2.2797285055276006e-05,4.4046679249731824e-05,-2.1249394194455817e-05,0.9999999403953552
B,8321,0.0006406604661606252,0.019714459776878357,-0.01907379931071773,0.9959133267402649
B,8369,0.0055321017280220985,0.13327282667160034,-0.12774072494357824,0.9966756105422974
B,8364,0.00021783626289106905,0.0003673616738524288,-0.00014952541096135974,0.9998430609703064
B,8351,5.304425212671049e-05,0.002824565628543496,-0.0027715213764167856,0.9955145120620728
B,8531,0.0008729774272069335,0.0011104884324595332,-0.00023751100525259972,0.9999845027923584
B,8404,5.674107887898572e-05,9.430017234990373e-05,-3.7559093470918015e-05,0.999958872795105
B,8413,0.0001404856884619221,0.00339890131726861,-0.003258415628806688,0.9959219694137573
B,8418,0.006015149876475334,0.032336603850126266,-0.026321453973650932,0.9989883899688721
B,8576,0.00010336139530409127,0.00020567356841638684,-0.00010231217311229557,0.999936044216156
B,8582,0.0019802709575742483,0.028418799862265587,-0.02643852890469134,0.9974800944328308
B,8561,0.00026923531549982727,0.0024592073168605566,-0.0021899720013607293,0.9985844492912292
B,8578,7.1143833338283e-05,8.495228394167498e-05,-1.3808450603391975e-05,0.999998152256012
B,8786,5.92591823078692e-06,0.0002409349544905126,-0.0002350090362597257,0.9982947111129761
B,8640,8.571790385758504e-05,0.0004671547212637961,-0.00038143681740621105,0.9992383718490601
B,8652,2.0221734303049743e-05,0.00028993506566621363,-0.0002697133313631639,0.995639443397522
B,8799,0.012850742787122726,0.15409475564956665,-0.14124401286244392,0.9971653819084167
B,9093,0.00035683484748005867,0.00863031018525362,-0.008273475337773561,0.9961853623390198
B,9104,0.0051245903596282005,0.0744704157114029,-0.06934582535177469,0.996994137763977
B,8964,4.0547045500716195e-05,0.0004390558460727334,-0.0003985088005720172,0.9978805780410767
B,9189,0.0003227858687750995,0.0055510918609797955,-0.005228305992204696,0.9966040849685669
B,9324,21.989246368408203,20.226808547973633,1.7624378204345703,0.9981213808059692
B,9315,3.7011492252349854,0.0009788573952391744,3.700170367839746,0.9737752676010132
B,9340,0.0003017802082467824,0.0032326381187886,-0.0029308579105418175,0.9983482360839844
B,9317,3.261880556237884e-05,0.00118357059545815,-0.001150951789895771,0.9940482974052429
B,9369,0.0032450472936034203,0.031910933554172516,-0.028665886260569096,0.998228907585144
B,9413,0.0005188306677155197,0.0030583662446588278,-0.002539535576943308,0.9992597699165344
B,9393,1.1198013453395106e-05,0.0007840200560167432,-0.0007728220425633481,0.9945141077041626
B,9386,0.0014521511038765311,8.589046774432063e-05,0.0013662606361322105,0.9966270923614502
B,9622,0.043601613491773605,0.5695123076438904,-0.5259106941521168,0.9979705810546875
B,9479,0.004366631153970957,0.017793025821447372,-0.013426394667476416,0.9994425177574158
B,9488,0.0006999662145972252,0.013837514445185661,-0.013137548230588436,0.9972360134124756
B,9603,0.0007323050522245467,7.769075455144048e-05,0.0006546142976731062,0.9993560314178467
B,9771,0.0003609441628213972,0.0009504022309556603,-0.0005894580681342632,0.9996591806411743
B,9726,0.011186540126800537,0.0036801202222704887,0.007506419904530048,0.9996176958084106
B,9822,0.00020493834745138884,0.006156818941235542,-0.0059518805937841535,0.9951258897781372
B,9682,0.00011177868145750836,0.0024182621855288744,-0.002306483504071366,0.9976292848587036
B,9967,0.00011253600678173825,0.0003287492727395147,-0.00021621326595777646,0.9997698068618774
B,9917,4.371477189124562e-06,2.6298945158487186e-05,-2.1927467969362624e-05,0.9784120917320251
B,9858,0.003344117198139429,0.02379671297967434,-0.02045259578153491,0.9989802241325378
B,9904,1.2987232366867829e-05,4.661647108150646e-05,-3.362923871463863e-05,0.9999547004699707
B,10055,0.0032173204235732555,0.0017124786972999573,0.0015048417262732983,0.9998690485954285
B,10030,0.19294966757297516,0.23354299366474152,-0.04059332609176636,0.9999861121177673
B,10087,0.00035286424099467695,0.004683447536081076,-0.004330583295086399,0.997926652431488
B,10052,0.005097082816064358,0.010351342149078846,-0.005254259333014488,0.9998164176940918
B,10134,0.0007560394005849957,0.001592498505488038,-0.0008364591049030423,0.9998365044593811
B,10244,0.0005346478428691626,0.008365072309970856,-0.007830424467101693,0.9978659152984619
B,10203,0.0008785628597252071,0.0034948906395584345,-0.0026163277798332274,0.9994109869003296
B,10305,0.001520321937277913,0.005410762038081884,-0.0038904401008039713,0.9994081258773804
B,10321,0.0036150412634015083,0.05180831626057625,-0.04819327499717474,0.9969931840896606
B,10332,0.0002331279538339004,0.009799729101359844,-0.009566601147525944,0.9951371550559998
B,10333,5.310290816851193e-06,4.05567443522159e-05,-3.524645353536471e-05,0.9952712059020996
B,10360,0.0006291483296081424,0.0072127836756408215,-0.006583635346032679,0.9974526166915894
B,10392,0.010839536786079407,0.0005171324592083693,0.010322404326871037,0.997437059879303
B,10389,0.00010304764873581007,6.154077709652483e-05,4.1506871639285237e-05,0.9996597170829773
B,10409,0.001063892268575728,5.8790457842405885e-05,0.001005101810733322,0.9982917308807373
B,10414,3.1968604162102565e-05,0.00015318888472393155,-0.00012122028056182899,0.9984296560287476
B,10570,0.0009485966293141246,0.009010284207761288,-0.008061687578447163,0.9977763891220093
B,10556,0.0005693585844710469,0.007556359749287367,-0.00698700116481632,0.998426616191864
B,10445,2.73059013125021e-05,0.0001443218206986785,-0.00011701591938617639,0.9998029470443726
B,10427,0.1639566868543625,0.00291650602594018,0.1610401808284223,0.9965396523475647
B,10586,0.00037623406387865543,0.002654707059264183,-0.0022784729953855276,0.9986352920532227
B,10574,9.880688594421372e-05,0.0003827303880825639,-0.00028392350213835016,0.9997231960296631
B,10578,0.00010238321556244045,0.0012449928326532245,-0.001142609617090784,0.9984087944030762
B,10597,0.0007512189913541079,0.006808965001255274,-0.006057746009901166,0.998199999332428
B,10624,1.1350472959748004e-05,0.0003131478442810476,-0.0003017973713212996,0.9992523193359375
B,10618,0.726140558719635,0.0017490810714662075,0.7243914776481688,0.9882044196128845
B,10628,6.669126014458016e-05,0.003313026623800397,-0.0032463353636558168,0.9939164519309998
B,10636,9.732026956044137e-05,0.002502865856513381,-0.0024055455869529396,0.996659517288208
B,10729,0.0004235571250319481,0.0040630074217915535,-0.0036394502967596054,0.9980842471122742
B,10705,9.19659505598247e-05,0.0009503899491392076,-0.0008584239985793829,0.9978774785995483
B,10723,0.00035626566386781633,0.006700665690004826,-0.006344400026137009,0.9965391159057617
B,10679,0.0012152517447248101,0.0025876180734485388,-0.0013723663287237287,0.9997872710227966
B,10804,0.000155848145368509,0.0002495432854630053,-9.369514009449631e-05,0.9999995231628418
B,10772,2.172350650653243e-05,4.3948734855803195e-06,1.732863302095211e-05,0.9988552331924438
B,10782,0.00018585985526442528,0.0006852251826785505,-0.0004993653274141252,0.9995561838150024
B,10784,0.05507047846913338,2.6763529604068026e-05,0.05504371493952931,0.985490083694458
B,10884,0.00020861609664279968,0.0034177054185420275,-0.003209089321899228,0.9970269203186035
B,10816,0.0003894220571964979,0.005048655439168215,-0.004659233381971717,0.9978321194648743
B,10900,0.03370644897222519,0.02536824531853199,0.0083382036536932,0.9999715089797974
B,10855,0.0006083350162953138,0.007568478584289551,-0.006960143567994237,0.9978753328323364
B,10915,8.510945917805657e-05,0.000606770976446569,-0.0005216615172685124,0.9984043836593628
B,10967,0.00037550838897004724,0.0036783795803785324,-0.003302871191408485,0.9982197284698486
B,10923,3.14050012093503e-05,0.0010762138990685344,-0.001044808897859184,0.9935922026634216
B,10933,0.004736517556011677,0.0020078038796782494,0.0027287136763334274,0.9998080730438232
B,11310,0.00010699626727728173,0.0015195761807262897,-0.001412579913449008,0.9973036050796509
B,11212,0.004232302308082581,0.014063939452171326,-0.009831637144088745,0.9996691942214966
B,11173,0.00015509095101151615,0.0012858392437919974,-0.0011307482927804813,0.997885525226593
B,11431,0.00018922197341453284,0.001189917093142867,-0.0010006951197283342,0.998967707157135
B,11482,0.014721653424203396,0.0003919379669241607,0.014329715457279235,0.9960048198699951
B,11513,0.00045930733904242516,0.004841855727136135,-0.00438254838809371,0.9987398386001587
B,11490,2.37960230151657e-05,0.0006796448142267764,-0.0006558487912116107,0.998805582523346
B,11520,0.00017701800970826298,0.0001257998519577086,5.121815775055438e-05,0.9999982118606567
B,11563,0.0006161051569506526,0.0018220231868326664,-0.0012059180298820138,0.999695360660553
B,11576,6.062047395971604e-05,0.00046458427095785737,-0.00040396379699814133,0.9992955923080444
B,11546,6.415630923584104e-05,0.0008332619909197092,-0.0007691056816838682,0.9970657229423523
B,11570,0.00016259308904409409,0.0009297949727624655,-0.0007672018837183714,0.9991198778152466
B,11634,0.014971567317843437,0.0049814265221357346,0.009990140795707703,0.999705970287323
B,11598,0.0006319902022369206,0.006774994544684887,-0.006143004342447966,0.9980545043945312
B,11588,6.893567478982732e-05,6.20171704213135e-05,6.9185043685138226e-06,0.9998162984848022
B,11610,0.0013658663956448436,0.00031134666642174125,0.0010545197292231023,0.9992190599441528
B,11824,0.000292845448711887,0.01665659062564373,-0.016363745176931843,0.9935123920440674
B,11772,0.00028053252026438713,0.017210856080055237,-0.01693032355979085,0.9921748042106628
B,11803,0.012002779170870781,0.34173089265823364,-0.32972811348736286,0.9954453706741333
B,11761,0.00034459648304618895,0.0031838456634432077,-0.002839249180397019,0.9983633756637573
B,11924,6.056575875845738e-05,0.000652632093988359,-0.0005920663352299016,0.9973750710487366
B,11917,0.0008325371891260147,0.021879926323890686,-0.02104738913476467,0.9950940608978271
B,11907,2.8716308406728785e-06,0.00012358867388684303,-0.00012071704304617015,0.9984824657440186
B,11923,4.1010804125107825e-05,0.0020475219935178757,-0.002006511189392768,0.9926360249519348
B,12104,0.00011524156434461474,0.004264838993549347,-0.004149597429204732,0.9956879019737244
B,11946,2.237580338260159e-05,0.0006752553163096309,-0.0006528795129270293,0.9972826242446899
B,12170,0.00011848499707411975,0.0013649697648361325,-0.0012464847677620128,0.9972716569900513
B,11956,0.0003760471008718014,0.003100914880633354,-0.002724867779761553,0.9985859990119934
B,12216,0.0002883989072870463,0.005161405075341463,-0.004873006168054417,0.9968824982643127
B,12199,0.00022221518156584352,0.0019255474908277392,-0.0017033323092618957,0.9988504648208618
B,12192,0.00017566903261467814,0.0045221722684800625,-0.004346503235865384,0.9970475435256958
B,12193,0.0006208718405105174,0.006186375394463539,-0.005565503553953022,0.9983820915222168
B,12318,0.05631918087601662,0.0749269649386406,-0.018607784062623978,0.9999799728393555
B,12327,0.0006967051886022091,0.0004970063455402851,0.00019969884306192398,0.9999687671661377
B,12300,0.00024265189131256193,0.0007846488151699305,-0.0005419969238573685,0.999660074710846
B,12271,0.0005792948650196195,0.0001202550483867526,0.00045903981663286686,0.9993529915809631
B,12525,0.0003471611998975277,0.005188167095184326,-0.0048410058952867985,0.9974755048751831
B,12445,0.0011821851367130876,0.026373568922281265,-0.025191383785568178,0.9968684911727905
B,12478,0.000750135921407491,0.0002475764194969088,0.0005025595019105822,0.9996623396873474
B,12467,3.215256583644077e-05,0.001171595649793744,-0.0011394430839573033,0.9896867275238037
B,12590,0.00030491017969325185,0.0005760189378634095,-0.00027110875817015767,0.9999127984046936
B,12619,0.007672893349081278,0.04717686027288437,-0.03950396692380309,0.9992212653160095
B,12608,0.00017452542670071125,0.0009606582461856306,-0.0007861328194849193,0.9990484714508057
B,12634,9.153146675089374e-05,0.002585385460406542,-0.002493853993655648,0.9960363507270813
B,12841,0.0030029877088963985,0.012218363583087921,-0.009215375874191523,0.9993048906326294
B,12777,0.00012998233432881534,0.0017683366313576698,-0.0016383542970288545,0.9974237680435181
B,12684,9.258664795197546e-05,7.262540748342872e-05,1.9961240468546748e-05,0.9999994039535522
B,12690,0.00010607132571749389,0.0009812709176912904,-0.0008751995919737965,0.9985390901565552
B,12881,0.0004401245678309351,9.249426511814818e-05,0.00034763030271278694,0.999504566192627
B,12948,12.366620063781738,0.4404815137386322,11.926138550043106,0.9940539598464966
B,13100,0.0015443072188645601,0.0008036440121941268,0.0007406632066704333,0.9999079704284668
B,13062,0.005623874720185995,0.00015880212595220655,0.0054650725942337885,0.9973886013031006
B,13454,2.9127317247912288e-05,0.0011135240783914924,-0.00108439676114358,0.9949756860733032
B,13348,0.016677888110280037,0.00016909552505239844,0.01650879258522764,0.9948487281799316
B,13472,7.477182225557044e-05,0.0005691207479685545,-0.0004943489257129841,0.9990675449371338
B,13455,0.011058581992983818,0.31183141469955444,-0.3007728327065706,0.9955606460571289
B,13503,0.00028853383264504373,0.01828855648636818,-0.018000022653723136,0.9921783208847046
B,13530,0.00012846686877310276,0.004436074756085873,-0.00430760788731277,0.9949362277984619
B,13540,3.090518293902278e-05,0.001714993268251419,-0.0016840880853123963,0.9885427951812744
B,13508,8.248785161413252e-05,0.0003310264437459409,-0.0002485385921318084,0.9994267225265503
B,13611,7.878605538280681e-05,0.0011417004279792309,-0.001062914372596424,0.9978123903274536
B,13788,0.0005757110193371773,0.0005361104849725962,3.960053436458111e-05,0.9999998807907104
B,13861,0.00191011733841151,0.00019591880845837295,0.001714198529953137,0.998747706413269
B,13656,9.29616071516648e-05,0.0009635334718041122,-0.0008705718646524474,0.9986127614974976
B,13876,0.0010110227158293128,0.0019852491095662117,-0.0009742263937368989,0.9998667240142822
B,13888,8.543015428585932e-05,0.0011538421967998147,-0.0010684120425139554,0.9982990026473999
B,13878,0.0002798284695018083,0.0018609785474836826,-0.0015811500779818743,0.9989831447601318
B,13881,0.00039918447146192193,0.002985382452607155,-0.002586197981145233,0.998481035232544
B,13973,8.058231469476596e-05,0.0004259914858266711,-0.00034540917113190517,0.9992643594741821
B,13981,0.5552085638046265,0.003727181348949671,0.5514813824556768,0.9928574562072754
B,14030,0.4529661536216736,0.09862404316663742,0.35434211045503616,0.9993438124656677
B,14016,0.0008223357726819813,0.002387194661423564,-0.0015648588887415826,0.9995635747909546
B,14096,0.011244296096265316,0.00018711911980062723,0.011057176976464689,0.9948437809944153
B,14095,1.9797313143499196e-05,0.0007622955017723143,-0.0007424981886288151,0.9944349527359009
B,14113,0.002353150863200426,0.007729498669505119,-0.005376347806304693,0.9995787143707275
B,14080,0.0004415525181684643,0.005487430840730667,-0.005045878322562203,0.9979966878890991
B,14128,1.6161955500137992e-05,0.00024029647465795279,-0.0002241345191578148,0.9992155432701111
B,14165,0.00032255330006591976,0.0016878395108506083,-0.0013652862107846886,0.9991665482521057
B,14186,1.5996005458873697e-05,0.0007626696024090052,-0.0007466735969501315,0.9936583042144775
B,14184,0.0006763951969332993,0.009396746754646301,-0.008720351557713002,0.9974730014801025
B,14227,0.0003288669977337122,0.0018617907771840692,-0.001532923779450357,0.9987605810165405
B,14218,0.0011384474346414208,0.008139468729496002,-0.007001021294854581,0.9988518953323364
B,14220,0.0001043869269778952,0.0011446652933955193,-0.001040278366417624,0.998353123664856
B,14214,0.00017092065536417067,0.008095700293779373,-0.007924779638415202,0.9958400726318359
B,14290,0.0005517196259461343,0.0021330229938030243,-0.00158130336785689,0.9995519518852234
B,14301,0.0030289972200989723,0.006055546924471855,-0.003026549704372883,0.9998337030410767
B,14264,2.444188794470392e-05,0.0004925200482830405,-0.0004680781603383366,0.9998469352722168
B,14262,0.0003366379241924733,0.009539993479847908,-0.009203355555655435,0.9967626929283142
B,14334,0.0012535136193037033,0.0008686623768880963,0.000384851242415607,0.9999469518661499
B,14359,0.000583406537771225,2.242334812763147e-05,0.0005609831896435935,0.9989766478538513
B,14321,9.682115342002362e-05,0.0008180984877981246,-0.0007212773343781009,0.998543381690979
B,14349,0.0077154082246124744,0.01249837875366211,-0.004782970529049635,0.9999115467071533
B,14393,0.012333321385085583,0.008240471594035625,0.004092849791049957,0.9999561309814453
B,14589,3.494973498163745e-05,0.0002534346713218838,-0.00021848493634024635,0.9995161294937134
B,14555,0.0007869419059716165,1.1669511877698824e-05,0.0007752723940939177,0.9916421175003052
B,14399,0.00023244427575264126,0.004816695582121611,-0.004584251306368969,0.9967226982116699
B,14626,9.700820373836905e-05,0.0006603680667467415,-0.0005633598630083725,0.9985660910606384
B,14637,0.0007136533386074007,0.005546505097299814,-0.004832851758692414,0.9986799359321594
B,14623,0.0005198227008804679,0.0022334004752337933,-0.0017135777743533254,0.9994759559631348
B,14618,0.24433548748493195,1.0965741872787476,-0.8522386997938156,0.9989782571792603
B,14685,0.2899576723575592,0.4530303180217743,-0.1630726456642151,0.999928891658783
B,14662,0.0005427320720627904,0.008323390036821365,-0.007780657964758575,0.9969382286071777
B,14654,2.6000061552622356e-06,3.0105173209449276e-05,-2.750516705418704e-05,0.99964839220047
B,14661,0.0014261695323511958,0.02850440703332424,-0.027078237500973046,0.9964262247085571
C,243,0.6163565516471863,1.759146809577942,-1.1427902579307556,0.9995766878128052
C,24,0.0020611111540347338,0.027690572664141655,-0.02562946151010692,0.9979214072227478
C,214,2.0472438336582854e-05,0.0016594004118815064,-0.0016389279735449236,0.9859738349914551
C,167,0.05327685549855232,0.1269945651292801,-0.07371770963072777,0.9997279047966003
C,289,0.009877464734017849,0.029224153608083725,-0.019346688874065876,0.9995577335357666
C,304,0.0007314576068893075,0.00029931848985143006,0.00043213911703787744,0.9997740983963013
C,302,0.0001964046823559329,0.0038592226337641478,-0.003662817951408215,0.997536301612854
C,276,0.0020490174647420645,0.0009922052267938852,0.0010568122379481792,0.999846339225769
C,382,0.004329219460487366,0.013053251430392265,-0.0087240319699049,0.9995465278625488
C,605,0.11637376993894577,0.023591453209519386,0.09278231672942638,0.9991296529769897
C,595,0.0002354496973566711,0.0008413625182583928,-0.0006059128209017217,0.9994412660598755
C,517,0.004101522732526064,0.007801786996424198,-0.0037002642638981342,0.999901533126831
C,762,0.00037626863922923803,0.0037678058724850416,-0.0033915372332558036,0.9981814622879028
C,817,0.0009794189827516675,0.01861557736992836,-0.017636158387176692,0.996647834777832
C,753,0.00022393747349269688,0.009005052968859673,-0.008781115495366976,0.995030403137207
C,805,0.0104794567450881,0.10713379830121994,-0.09665434155613184,0.9984762072563171
C,909,0.00017397943884134293,0.002066099550575018,-0.001892120111733675,0.9985779523849487
C,928,0.0002676282892934978,0.0028423587791621685,-0.0025747304898686707,0.998073935508728
C,910,7.484316301997751e-05,0.00013945518003311008,-6.461201701313257e-05,0.999516487121582
C,975,0.00042828440200537443,0.0007712131482549012,-0.00034292874624952674,0.9998964071273804
C,1012,0.004148509353399277,0.001844680169597268,0.0023038291838020086,0.9997999668121338
C,1092,0.021328279748558998,0.383615642786026,-0.362287363037467,0.9960846900939941
C,1237,0.00126325199380517,0.005002292804419994,-0.0037390408106148243,0.9995067119598389
C,1188,8.644574336358346e-06,0.0003401123976800591,-0.00033146782334370073,0.9956867694854736
C,1358,0.0001269013009732589,0.007695550099015236,-0.007568648798041977,0.9942029714584351
C,1304,0.0009619672200642526,0.03417566046118736,-0.03321369324112311,0.9944989681243896
C,1353,0.00077853660332039,0.024999940767884254,-0.024221404164563864,0.9947881102561951
C,1284,0.0002684748324099928,0.00974680483341217,-0.009478330001002178,0.9945489168167114
C,1413,3.628479680628516e-05,2.4198712708312087e-05,1.2086084097973071e-05,0.9996732473373413
C,1446,0.005660257302224636,0.0062502003274858,-0.0005899430252611637,0.9999974370002747
C,1489,0.0008505745208822191,0.015324500389397144,-0.014473925868514925,0.9972981810569763
C,1439,0.0001734977849991992,0.008076057769358158,-0.007902559984358959,0.9944421648979187
C,1552,0.001279402757063508,0.002416769741103053,-0.001137366984039545,0.9998608231544495
C,1598,0.0476706400513649,0.42023175954818726,-0.37256111949682236,0.9980034828186035
C,1603,0.00620262511074543,0.017387187108397484,-0.011184561997652054,0.9997496604919434
C,1658,0.0014337023021653295,0.04008489102125168,-0.03865118871908635,0.9953655004501343
C,1686,0.000494454987347126,0.004433322697877884,-0.003938867710530758,0.9983294010162354
C,1688,0.00271733570843935,0.04137350618839264,-0.03865617047995329,0.9975908994674683
C,1743,0.0009804697474464774,0.017797695472836494,-0.016817225725390017,0.9962775111198425
C,1706,1.743079423904419,0.7736555337905884,0.9694238901138306,0.9997968077659607
C,1957,0.0003010781074408442,0.010268889367580414,-0.00996781126013957,0.9952421188354492
C,1839,7.522399425506592,5.0919976234436035,2.4304018020629883,0.9998879432678223
C,2108,0.0070199742913246155,0.07918000966310501,-0.0721600353717804,0.9977589845657349
C,2095,0.007831379771232605,0.033318452537059784,-0.02548707276582718,0.9991739988327026
C,2203,4.5269247493706644e-05,0.001809951150789857,-0.0017646819032961503,0.9910643100738525
C,2247,0.00022088106197770685,0.0003548466193024069,-0.00013396555732470006,0.9999856352806091
C,2182,7.555127012892626e-06,0.000635733304079622,-0.0006281781770667294,0.9999984502792358
C,2225,0.0007398037705570459,8.751311543164775e-05,0.0006522906551253982,0.9990584850311279
C,2276,5.256911754258908e-05,0.00120568519923836,-0.0011531160816957708,0.9985780119895935
C,2282,0.016724873334169388,0.2572563886642456,-0.24053151533007622,0.9972593784332275
C,2279,7.082193769747391e-05,9.074324771063402e-05,-1.992131001316011e-05,0.9998781681060791
C,2291,0.0006247388082556427,0.00538268219679594,-0.004757943388540298,0.9984721541404724
C,2462,2.4134632781169785e-07,3.770196417463012e-05,-3.746061784681842e-05,0.6615095138549805
C,2502,5.386777047533542e-05,0.002253324259072542,-0.0021994564885972068,0.9956870675086975
C,2708,0.013150681741535664,0.15953461825847626,-0.1463839365169406,0.997772753238678
C,2592,0.00011962631106143817,0.0032177262473851442,-0.003098099936323706,0.997118353843689
C,2799,0.0009368587052449584,0.0046195597387850285,-0.00368270103354007,0.9991363883018494
C,2728,0.0005444971029646695,0.009676575660705566,-0.009132078557740897,0.9969851970672607
C,2722,0.0006627590046264231,0.0034576638136059046,-0.0027949048089794815,0.999254584312439
C,2764,1.1950784028158523e-05,0.0012212266447022557,-0.0012092758606740972,0.9949040412902832
C,2879,0.015947353094816208,0.1246037557721138,-0.10865640267729759,0.9982738494873047
C,2910,6.611477147089317e-05,0.0013479545013979077,-0.0012818397299270146,0.9981919527053833
C,2902,0.00028453805134631693,0.013270807452499866,-0.01298626940115355,0.9942000508308411
C,2883,0.00869821384549141,0.1637851446866989,-0.1550869308412075,0.9964206218719482
C,2996,0.00043704104609787464,0.009345884434878826,-0.008908843388780951,0.997498631477356
C,3265,6.508092337753624e-05,0.0008267182274721563,-0.00076163730409462,0.9968704581260681
C,3281,6.0741062043234706e-05,0.0012322150869295,-0.0011714740248862654,0.998207688331604
C,2933,0.0001391966943629086,0.006169884465634823,-0.006030687771271914,0.9944912195205688
C,3449,0.004531970247626305,0.008900400251150131,-0.004368430003523827,0.9998553395271301
C,3527,3.5140190448146313e-05,0.001385875279083848,-0.0013507350886357017,0.9960209727287292
C,3437,5.2508985390886664e-05,0.0037891718093305826,-0.003736662823939696,0.9934041500091553
C,3554,0.00027634893194772303,0.0018649420235306025,-0.0015885930915828794,0.9988505840301514
C,4042,0.0006705495761707425,1.8279642972629517e-05,0.000652269933198113,0.994988203048706
C,3684,6.222326192073524e-06,0.0003775212971959263,-0.0003712989710038528,0.9878347516059875
C,3970,0.061607468873262405,0.9235439300537109,-0.8619364611804485,0.9970190525054932
C,3830,0.006866850890219212,0.010003292001783848,-0.0031364411115646362,0.9999540448188782
C,4240,3.54235589838936e-06,0.0005130613571964204,-0.0005095190012980311,0.9938620924949646
C,4185,0.0001350339880445972,0.00019125791732221842,-5.622392927762121e-05,0.9997786283493042
C,4301,0.02196589857339859,0.016100622713565826,0.005865275859832764,0.9999673366546631
C,4167,0.002251272788271308,0.031125495210289955,-0.028874222422018647,0.9972114562988281
C,4532,0.00010778155410662293,0.0011362810619175434,-0.0010284995078109205,0.9986093044281006
C,4493,0.009573481045663357,0.022766737267374992,-0.013193256221711636,0.9997657537460327
C,4465,1.5514824390411377,3.468318223953247,-1.9168357849121094,0.999711275100708
C,4458,0.0002577602572273463,0.0020168714690953493,-0.001759111211868003,0.9985561966896057
C,4750,0.007343265227973461,0.24460983276367188,-0.2372665675356984,0.9948430061340332
C,4654,0.0036899668630212545,0.010982749983668327,-0.007292783120647073,0.9997211694717407
C,4674,0.011370427906513214,0.04149883985519409,-0.030128411948680878,0.9993914365768433
C,4785,0.0656014010310173,0.019732320681214333,0.04586908034980297,0.9994717240333557
C,4853,0.0031853639520704746,0.009338811971247196,-0.006153448019176722,0.9995567202568054
C,4956,0.0004209208709653467,0.013412188738584518,-0.012991267867619172,0.9962195158004761
C,4833,0.0021095690317451954,0.00608473364263773,-0.003975164610892534,0.9995726943016052
C,4855,0.0016917682951316237,0.049877893179655075,-0.04818612488452345,0.9954767227172852
C,5093,0.5137734413146973,0.0010617492953315377,0.5127116920193657,0.9877368211746216
C,5026,0.05561051890254021,0.19992268085479736,-0.14431216195225716,0.9994174838066101
C,5080,0.00011943747085751966,0.0016857734881341457,-0.001566336017276626,0.9978573322296143
C,5104,0.0005590691580437124,0.000411017332226038,0.0001480518258176744,0.9999688267707825
C,5134,0.0015573006821796298,0.012226739898324013,-0.010669439216144383,0.9983709454536438
C,5145,0.0003864021855406463,0.004021346569061279,-0.003634944383520633,0.9982031583786011
C,5169,0.00012128934031352401,0.0022910628467798233,-0.0021697735064662993,0.9973806142807007
C,5154,0.0003651590377558023,0.00019653064373414963,0.00016862839402165264,0.9999030828475952
C,5371,0.002879857085645199,0.017990801483392715,-0.015110944397747517,0.998740553855896
C,5386,0.00012773896742146462,0.00023046390560921282,-0.0001027249381877482,0.9998513460159302
C,5200,0.0001747703499859199,0.0032766058575361967,-0.003101835507550277,0.9969980716705322
C,5301,5.204434273764491e-05,2.7473108275444247e-05,2.4571234462200664e-05,0.9994902014732361
C,5502,0.0005537623073905706,0.00013257228420116007,0.00042119002318941057,0.9994075298309326
C,5611,0.00020740675972774625,0.0003549694374669343,-0.00014756267773918808,0.9998403787612915
C,5544,7.664089935133234e-05,0.00016292236978188157,-8.628147043054923e-05,0.9998285174369812
C,5617,0.0002745377423707396,0.00021895105601288378,5.55866863578558e-05,0.9999582767486572
C,5683,4.4070963859558105,16.231435775756836,-11.824339389801025,0.9974232912063599
C,5728,0.0011821046937257051,0.002842769492417574,-0.0016606647986918688,0.9997546672821045
C,5758,7.603660924360156e-05,0.006093971896916628,-0.006017935287673026,0.9956314563751221
C,5840,6.0408433455449995e-06,0.00048602971946820617,-0.00047998887612266117,0.9998234510421753
C,6179,0.14293041825294495,0.01675601117312908,0.12617440707981586,0.9986138343811035
C,6112,0.011424004100263119,0.00020939792739227414,0.011214606172870845,0.9955607652664185
C,6069,3.9998726844787598,3.6683568954467773,0.3315157890319824,0.9999969601631165
C,5975,0.00045096990652382374,0.000647971173748374,-0.00019700126722455025,0.999977707862854
C,6219,0.3225337564945221,0.011934199370443821,0.3105995571240783,0.9961994886398315
C,6336,0.0017302505439147353,0.004384052474051714,-0.0026538019301369786,0.9997020363807678
C,6203,8.18849730421789e-05,2.3270342808245914e-06,7.955793876135431e-05,0.9958334565162659
C,6299,0.0035946937277913094,0.00011026731226593256,0.003484426415525377,0.9967538714408875
C,6448,0.000372872716980055,0.003884971607476473,-0.003512098890496418,0.9985569715499878
C,6531,3.4636086638784036e-05,0.0012080816086381674,-0.0011734455219993833,0.9972262382507324
C,6561,0.011773437261581421,0.06606723368167877,-0.05429379642009735,0.9991070032119751
C,6497,0.0051395585760474205,0.03735025227069855,-0.03221069369465113,0.9988745450973511
C,6974,0.003056087763980031,0.00323918042704463,-0.00018309266306459904,0.9999987483024597
C,6759,0.00014926344738341868,0.004111750982701778,-0.00396248753531836,0.9963170289993286
C,6796,0.3163209855556488,0.3810085952281952,-0.06468760967254639,0.9999865889549255
C,6729,0.00024454828235320747,0.004971338901668787,-0.0047267906193155795,0.9961413145065308
C,7143,0.0002564812602940947,0.006031557451933622,-0.005775076191639528,0.9958750009536743
C,7292,0.00041484105167910457,0.02477974258363247,-0.024364901531953365,0.9934536218643188
C,7210,0.0014747263630852103,0.01146367285400629,-0.00998894649092108,0.9984925985336304
C,7238,0.0022610549349337816,0.038767941296100616,-0.036506886361166835,0.9968358874320984
C,7621,0.0004721505392808467,0.003832703223451972,-0.0033605526841711253,0.9984487891197205
C,7552,1.6327887351508252e-05,0.0007265857420861721,-0.0007102578547346639,0.9899276494979858
C,7625,5.181249798624776e-05,0.0048135193064808846,-0.004761706808494637,0.9945524334907532
C,7578,0.0032954909838736057,0.020420227199792862,-0.017124736215919256,0.9989563226699829
C,7663,0.0002949903137050569,0.004775089677423239,-0.004480099363718182,0.9974520802497864
C,7721,0.005811871960759163,0.030892839655280113,-0.02508096769452095,0.9991166591644287
C,7690,5.848054206580855e-05,0.001353464787825942,-0.0012949842457601335,0.9970053434371948
C,7708,7.584749982925132e-05,0.0034696103539317846,-0.0033937628541025333,0.996149480342865
C,7908,0.0007861368940211833,0.005288575775921345,-0.0045024388819001615,0.998676598072052
C,8174,0.0004459177434910089,0.003057099413126707,-0.002611181669635698,0.9990460276603699
C,7862,5.102168142911978e-05,0.00028433126863092184,-0.00023330958720180206,0.9991400241851807
C,7935,0.00572965620085597,0.011107624508440495,-0.005377968307584524,0.999866783618927
C,8321,0.0001187819434562698,0.0034212174359709024,-0.0033024354925146326,0.997442364692688
C,8369,0.011550536379218102,0.15825633704662323,-0.14670580066740513,0.9973913431167603
C,8364,0.003424784168601036,0.028953300788998604,-0.025528516620397568,0.9985160231590271
C,8351,0.000505058269482106,0.03153344988822937,-0.031028391618747264,0.993532657623291
C,8531,7.131417078198865e-05,0.000338838406605646,-0.00026752423582365736,0.9995011687278748
C,8404,0.010671949945390224,0.04993746802210808,-0.039265518076717854,0.9990571141242981
C,8413,0.3888099491596222,3.9223203659057617,-3.5335104167461395,0.9973442554473877
C,8418,0.0018311223248019814,0.001600809977389872,0.00023031234741210938,0.9999955296516418
C,8576,0.00469755195081234,0.03265613690018654,-0.0279585849493742,0.9987248778343201
C,8582,0.004784075543284416,0.0717528909444809,-0.06696881540119648,0.9970074892044067
C,8561,0.003970788326114416,0.00305520580150187,0.000915582524612546,0.9999780654907227
C,8578,0.011349785141646862,0.008144824765622616,0.003204960376024246,0.9999642968177795
C,8786,0.005137694999575615,0.0016889512771740556,0.0034487437224015594,0.9995766282081604
C,8640,0.01531256828457117,0.3239639699459076,-0.3086514016613364,0.9959303140640259
C,8652,0.00556982634589076,0.06338196992874146,-0.057812143582850695,0.9978014230728149
C,8799,0.00011622978490777314,2.522988688724581e-05,9.099989802052733e-05,0.9994138479232788
C,9093,2.7503331239131512e-06,5.20782959938515e-05,-4.9327962869938347e-05,0.9944490194320679
C,9104,0.0003033980028703809,0.00019040350161958486,0.00011299450125079602,0.9999130964279175
C,8964,0.00017267937073484063,0.000590398907661438,-0.00041771953692659736,0.9997373819351196
C,9189,0.00017661073070485145,0.0010825305944308639,-0.0009059198637260124,0.9990792274475098
C,9324,0.19642791152000427,0.1964685618877411,-4.0650367736816406e-05,1.0
C,9315,0.006779955234378576,0.0001383027556585148,0.0066416524787200615,0.9947733879089355
C,9340,0.00039315465255640447,0.0021763986442238092,-0.0017832439916674048,0.9988818168640137
C,9317,0.00014576975081581622,0.0002552212681621313,-0.00010945151734631509,0.9998506307601929
C,9369,8.914568752516061e-05,0.0004987690481357276,-0.00040962336061056703,0.9982463717460632
C,9413,0.0015920961741358042,0.005334991496056318,-0.003742895321920514,0.9995123744010925
C,9393,5.9360219893278554e-05,0.00088458601385355,-0.0008252257939602714,0.9976215958595276
C,9386,0.011562689207494259,0.0002548598567955196,0.01130782935069874,0.9955261945724487
C,9622,0.0005225380882620811,0.0020433019381016493,-0.0015207638498395681,0.9993411898612976
C,9479,0.0687979981303215,0.1929333359003067,-0.1241353377699852,0.9995965957641602
C,9488,0.00032768677920103073,0.0008721144986338913,-0.0005444277194328606,0.9997596740722656
C,9603,0.001150987227447331,0.0008628581999801099,0.000288129027467221,0.9999625086784363
C,9771,0.0025243405252695084,0.0027445366140455008,-0.0002201960887759924,0.9999987483024597
C,9726,0.0005456237122416496,0.006998830009251833,-0.006453206297010183,0.9980764389038086
C,9822,7.746745541226119e-05,0.004504477139562368,-0.004427009684150107,0.9951235055923462
C,9682,0.0008856752538122237,0.025322115048766136,-0.024436439794953912,0.99639892578125
C,9967,0.002087063156068325,4.955430995323695e-05,0.002037508846115088,0.9962978363037109
C,9917,0.0017930623143911362,0.008539610542356968,-0.006746548227965832,0.9990671277046204
C,9858,0.00771627202630043,0.11069373041391373,-0.1029774583876133,0.9977935552597046
C,9904,10.935542106628418,19.147565841674805,-8.212023735046387,0.999030351638794
C,10055,11.600156784057617,12.399334907531738,-0.7991781234741211,0.9999922513961792
C,10030,0.0006111286347731948,0.008606898598372936,-0.007995769963599741,0.9980920553207397
C,10087,0.0018968475051224232,0.002969214925542474,-0.0010723674204200506,0.9999282360076904
C,10052,0.0002122668083757162,0.00010957523045362905,0.00010269157792208716,0.999845027923584
C,10134,0.00036280756467022,0.014007761143147945,-0.013644953578477725,0.9938895106315613
C,10244,0.00010830030078068376,0.0019932277500629425,-0.0018849274492822587,0.997520923614502
C,10203,3.812276918324642e-05,0.0008788745035417378,-0.0008407517343584914,0.9917623400688171
C,10305,0.0013834463898092508,0.01577315293252468,-0.01438970654271543,0.9977994561195374
C,10321,9.693063475424424e-05,0.005348483100533485,-0.005251552465779241,0.9945480227470398
C,10332,0.02163822017610073,0.6652205586433411,-0.6435823384672403,0.9947854280471802
C,10333,0.043736204504966736,0.23278866708278656,-0.18905246257781982,0.998991072177887
C,10360,0.00018412602366879582,0.0012216001050546765,-0.0010374740813858807,0.9987134337425232
C,10392,1.211801290512085,1.8468009233474731,-0.6349996328353882,0.9999364018440247
C,10389,0.3761936128139496,2.5840320587158203,-2.2078384459018707,0.9982213973999023
C,10409,0.004094146657735109,0.04632307589054108,-0.04222892923280597,0.997484564781189
C,10414,0.0371767096221447,0.9009443521499634,-0.8637676425278187,0.9939163327217102
C,10570,0.03277946636080742,0.0015675609465688467,0.031211905414238572,0.9966450929641724
C,10556,0.05407094210386276,0.09200162440538406,-0.0379306823015213,0.9999017715454102
C,10445,0.0008405265980400145,0.004359791055321693,-0.003519264457281679,0.9991135597229004
C,10427,1.3107143640518188,3.611659049987793,-2.300944685935974,0.9995158910751343
C,10586,7.681173883611336e-05,0.0017213195096701384,-0.001644507770834025,0.9965639114379883
C,10574,0.00041896579205058515,0.002970683155581355,-0.00255171736353077,0.9984418153762817
C,10578,4.100917431060225e-05,0.001593646127730608,-0.0015526369534200057,0.9984108805656433
C,10597,1.6695159501978196e-05,0.0007758520077914,-0.0007591568482894218,0.9908123016357422
C,10624,4.951999653712846e-05,0.0031800793949514627,-0.0031305593984143343,0.9918083548545837
C,10618,0.0473303496837616,0.14790461957454681,-0.10057426989078522,0.9994698762893677
C,10628,3.5166860925528454e-06,9.939449955709279e-05,-9.587781346453994e-05,0.9855788946151733
C,10636,0.006613345351070166,0.06670746952295303,-0.06009412417188287,0.9977294206619263
C,10729,0.00036392107722349465,0.00812422763556242,-0.007760306558338925,0.9965856075286865
C,10705,0.0026743717025965452,5.648884689435363e-05,0.0026178828557021916,0.9956782460212708
C,10723,0.0006301716202870011,0.00014864398690406233,0.0004815276333829388,0.9994016289710999
C,10679,0.018683314323425293,0.05397501587867737,-0.035291701555252075,0.9995797872543335
C,10804,0.0016821494791656733,0.00043771645869128406,0.0012444330204743892,0.9994952082633972
C,10772,0.0012407576432451606,0.0037504779174923897,-0.002509720274247229,0.9997179508209229
C,10782,0.0013489131815731525,0.012773260474205017,-0.011424347292631865,0.9987454414367676
C,10784,1.7255648344871588e-05,8.45520626171492e-05,-6.729641427227762e-05,0.9939866662025452
C,10884,6.436615876737051e-06,0.0002021459658863023,-0.00019570935000956524,0.9935088157653809
C,10816,0.0009491813834756613,0.0019722816068679094,-0.0010231002233922482,0.9998395442962646
C,10900,0.0008788463310338557,0.0001468632835894823,0.0007319830474443734,0.9990113973617554
C,10855,5.41851977686747e-06,0.00026572917704470456,-0.0002603106572678371,0.9898439645767212
C,10915,2.9619832275784574e-05,0.0005452437908388674,-0.0005156239585630829,0.9986709356307983
C,10967,0.0017096111550927162,0.0011347165564075112,0.000574894598685205,0.9999656081199646
C,10923,0.0001381360925734043,0.010882475413382053,-0.010744339320808649,0.9911060333251953
C,10933,8.043179695960134e-05,0.00025108931004069746,-0.0001706575130810961,0.9998886585235596
C,11310,9.086293721338734e-05,0.0010331942467018962,-0.0009423313094885089,0.9974809885025024
C,11212,0.009131375700235367,0.08571496605873108,-0.07658359035849571,0.997941255569458
C,11173,0.00025406834902241826,0.0178216602653265,-0.01756759191630408,0.9924650192260742
C,11431,0.009391938336193562,0.06045759841799736,-0.0510656600818038,0.9986364245414734
C,11482,0.03814930468797684,0.03829333558678627,-0.00014403089880943298,1.0
C,11513,0.007930826395750046,0.08743096888065338,-0.07950014248490334,0.9979203343391418
C,11490,0.017524566501379013,0.2563773989677429,-0.2388528324663639,0.9974503517150879
C,11520,0.13028398156166077,0.028202559798955917,0.10208142176270485,0.9992446899414062
C,11563,0.0003875452093780041,0.005149724427610636,-0.004762179218232632,0.9980065822601318
C,11576,0.0018201626371592283,0.013117206282913685,-0.011297043645754457,0.9988867044448853
C,11546,0.9442277550697327,6.402825355529785,-5.4585976004600525,0.9978543519973755
C,11570,0.006756206043064594,0.12639540433883667,-0.11963919829577208,0.996342658996582
C,11634,2.423213481903076,6.800909613957629e-05,2.4231454728069366,0.9494004249572754
C,11598,0.001023277174681425,0.0007136872154660523,0.0003095899592153728,0.999930202960968
C,11588,0.0016141298692673445,0.006629891227930784,-0.00501576135866344,0.999504566192627
C,11610,0.00011192400415893644,0.00531048746779561,-0.005198563463636674,0.9945204854011536
C,11824,5.810636594105745e-06,0.0005552246002480388,-0.000549413963653933,0.9995788931846619
C,11772,5.113521410748945e-07,0.0004113627364858985,-0.0004108513843448236,0.6519417762756348
C,11803,1.2443516425264534e-05,0.0015615657903254032,-0.0015491222739001387,0.9925658702850342
C,11761,0.0059462646022439,0.0781315341591835,-0.0721852695569396,0.9971842169761658
C,11924,0.006469978019595146,0.0005228975787758827,0.0059470804408192635,0.997893214225769
C,11917,2.699065817068913e-06,0.0002285980444867164,-0.00022589897866964748,0.9955224990844727
C,11907,0.002705747727304697,0.06627891957759857,-0.06357317185029387,0.995846152305603
C,11923,0.0007971189916133881,0.050729792565107346,-0.04993267357349396,0.992266058921814
C,12104,0.00038780338945798576,0.003523790743201971,-0.0031359873537439853,0.9982335567474365
C,11946,5.556758878810797e-06,0.0006036462727934122,-0.0005980895139146014,0.9745079874992371
C,12170,0.004115576855838299,0.004670203197747469,-0.0005546263419091702,0.9999959468841553
C,11956,0.0008085571462288499,0.024008838459849358,-0.023200281313620508,0.9966975450515747
C,12216,7.934247696539387e-05,0.00013616545766126364,-5.6822980695869774e-05,0.9999935030937195
C,12199,0.0026615906972438097,0.022064857184886932,-0.019403266487643123,0.9985288381576538
C,12192,0.00011015064228558913,0.0013728765770792961,-0.001262725934793707,0.997917890548706
C,12193,0.0005597308045253158,0.0012904016766697168,-0.0007306708721444011,0.9997447729110718
C,12318,0.012343277223408222,4.375286880531348e-05,0.012299524354602909,0.9894251823425293
C,12327,0.00035730519448406994,5.087840236228658e-06,0.0003522173542478413,0.9999988079071045
C,12300,0.18330879509449005,2.0815034531551646e-06,0.1833067135910369,0.9401768445968628
C,12271,9.801161650102586e-05,2.1962756363791414e-05,7.604886013723444e-05,0.9993515610694885
C,12525,0.000831958488561213,0.0029361238703131676,-0.0021041653817519546,0.9994539022445679
C,12445,0.0010564894182607532,0.06080073490738869,-0.059744245489127934,0.9938267469406128
C,12478,0.006850879173725843,0.2599387466907501,-0.2530878675170243,0.9934552907943726
C,12467,3.4944064617156982,14.376513481140137,-10.882107019424438,0.9977339506149292
C,12590,0.00021200240007601678,0.001972234807908535,-0.0017602324078325182,0.9975429177284241
C,12619,0.0018831955967471004,0.01253616251051426,-0.010652966913767159,0.9987629055976868
C,12608,7.000530604273081e-05,0.0013928378466516733,-0.0013228325406089425,0.995853066444397
C,12634,0.0001163276465376839,0.009747876785695553,-0.009631549139157869,0.9951266050338745
C,12841,0.00015489738143514842,0.0007282079895958304,-0.000573310608160682,0.998939573764801
C,12777,7.754734992980957,18.066011428833008,-10.31127643585205,0.9980992078781128
C,12684,0.00015471799997612834,0.001780710183084011,-0.0016259921831078827,0.9984290599822998
C,12690,0.0006343856221064925,0.007275110576301813,-0.006640724954195321,0.9980344772338867
C,12881,0.00014662297326140106,0.002904703142121434,-0.002758080168860033,0.9975753426551819
C,12948,0.00018802908016368747,8.228357182815671e-05,0.00010574550833553076,0.9996329545974731
C,13100,0.00328402454033494,7.967053534230217e-05,0.003204354004992638,0.9964619874954224
C,13062,0.02639794908463955,1.6074305619895313e-07,0.02639778834158335,0.8215132355690002
C,13454,0.0005545036983676255,0.0117601677775383,-0.011205664079170674,0.9967343807220459
C,13348,0.00042740843491628766,0.0021632148418575525,-0.0017358064069412649,0.9994008541107178
C,13472,0.09529215097427368,0.3180423974990845,-0.2227502465248108,0.9994997382164001
C,13455,0.0012726535787805915,0.08061244338750839,-0.0793397898087278,0.9931429624557495
C,13503,0.06645778566598892,1.210108757019043,-1.143650971353054,0.9954931139945984
C,13530,0.0074435011483728886,0.08306606858968735,-0.07562256744131446,0.9976078271865845
C,13540,3.0240951218729606e-06,0.0003036894486285746,-0.00030066535350670165,0.996970534324646
C,13508,3.1590628623962402,10.00465202331543,-6.8455891609191895,0.9990392327308655
C,13611,0.00033848080784082413,0.0020110514014959335,-0.0016725705936551094,0.9987993240356445
C,13788,0.00026421534130349755,0.005599840544164181,-0.005335625202860683,0.9964835047721863
C,13861,0.005642376374453306,0.007743749767541885,-0.002101373393088579,0.9999681711196899
C,13656,0.005462257657200098,0.1564660519361496,-0.1510037942789495,0.9950357675552368
C,13876,0.0018764309352263808,0.000800154753960669,0.0010762761812657118,0.9997725486755371
C,13888,0.0004515052423812449,0.001101530622690916,-0.0006500253803096712,0.999739944934845
C,13878,0.49166661500930786,0.37486639618873596,0.1168002188205719,0.9999715089797974
C,13881,0.0007410261314362288,0.0009949246887117624,-0.0002538985572755337,0.99996417760849
C,13973,0.00017363576625939459,0.002887014765292406,-0.0027133789990330115,0.9967049956321716
C,13981,0.11864693462848663,0.17310836911201477,-0.05446143448352814,0.9999490976333618
C,14030,0.0011147873010486364,0.0002438671508571133,0.0008709201501915231,0.9992552995681763
C,14016,0.011892124079167843,0.2956584692001343,-0.28376634512096643,0.9958919286727905
C,14096,9.450520515441895,0.04868943616747856,9.401831079274416,0.9874366521835327
C,14095,0.0002979643759317696,0.003702088724821806,-0.0034041243488900363,0.9977061152458191
C,14113,0.004698191303759813,0.0617082454264164,-0.057010054122656584,0.9972574710845947
C,14080,0.00016257834795396775,0.00011096264643128961,5.161570152267814e-05,1.0
C,14128,0.028729425743222237,0.2431812584400177,-0.21445183269679546,0.9983563423156738
C,14165,0.0007370167877525091,0.007744534872472286,-0.007007518084719777,0.9986402988433838
C,14186,0.0006625181413255632,0.0062855626456439495,-0.005623044504318386,0.9982336759567261
C,14184,0.0028971282299607992,0.06635605543851852,-0.06345892720855772,0.9952375292778015
C,14227,0.06010007485747337,0.4910045564174652,-0.43090448155999184,0.9981132745742798
C,14218,2.2929933038540184e-05,0.002835196675732732,-0.0028122667426941916,0.9885888695716858
C,14220,4.5136213884688914e-05,0.0004215692461002618,-0.0003764330322155729,0.9980742931365967
C,14214,0.00017407292034476995,0.007064258214086294,-0.006890185293741524,0.9944761991500854
C,14290,0.00012192525173304603,0.00015772036567796022,-3.579511394491419e-05,0.999995231628418
C,14301,0.00013555095938500017,0.0014883463736623526,-0.0013527954142773524,0.9987233281135559
C,14264,5.53634854441043e-05,0.00029796655871905386,-0.00024260307327494957,0.9988523125648499
C,14262,7.29243183741346e-05,0.00025546844699420035,-0.00018254412862006575,0.999247670173645
C,14334,5.3975043296813965,0.4825015366077423,4.915002793073654,0.9976707100868225
C,14359,0.0003910762316081673,0.008504755795001984,-0.008113679563393816,0.9967846274375916
C,14321,2.924050932051614e-05,0.0006546931690536439,-0.0006254526597331278,0.9977183938026428
C,14349,0.054317656904459,0.3964468836784363,-0.3421292267739773,0.9988062381744385
C,14393,0.0006103839259594679,0.0007862704806029797,-0.00017588655464351177,0.999947726726532
C,14589,6.541443872265518e-05,0.0025951527059078217,-0.0025297382671851665,0.994801938533783
C,14555,0.010332887060940266,0.0014562837313860655,0.0088766033295542,0.9987541437149048
C,14399,0.012388770468533039,0.20974604785442352,-0.19735727738589048,0.9969031810760498
C,14626,0.001285897335037589,0.0037623962853103876,-0.0024764989502727985,0.9996903538703918
C,14637,8.612351666670293e-05,0.0001361610775347799,-5.003756086807698e-05,0.9999899864196777
C,14623,0.8246073126792908,2.851583957672119,-2.0269766449928284,0.9993169903755188
C,14618,0.00020475723431445658,0.00028958238544873893,-8.482515113428235e-05,0.9999656677246094
C,14685,0.00013302950537763536,0.0002852995239663869,-0.00015227001858875155,0.9999261498451233
C,14662,0.00020496436627581716,3.773428261411027e-06,0.00020119093801440613,0.9938675165176392
C,14654,1.6866051737451926e-05,0.000869273382704705,-0.0008524073309672531,0.9943360090255737
C,14661,0.0012574135325849056,0.009218014776706696,-0.00796060124412179,0.9984898567199707
D,243,0.05393962189555168,0.23747526109218597,-0.1835356391966343,0.9989804029464722
D,24,0.10790770500898361,1.6167519092559814,-1.5088442042469978,0.9956104159355164
D,214,30.154438018798828,28.38432502746582,1.7701129913330078,0.9990102648735046
D,167,24.715667724609375,24.657468795776367,0.05819892883300781,0.999998927116394
D,289,0.0016493023140355945,0.006606173701584339,-0.004956871387548745,0.99931800365448
D,304,16.974441528320312,13.229925155639648,3.744516372680664,0.9997539520263672
D,302,0.16059492528438568,0.9817354679107666,-0.8211405426263809,0.9986562728881836
D,276,3.7960240840911865,4.168475151062012,-0.3724510669708252,0.9999969601631165
D,382,3.1130919456481934,1.9015954732894897,1.2114964723587036,0.9998804330825806
D,605,21.234294891357422,22.01169776916504,-0.7774028778076172,0.9996236562728882
D,595,24.476463317871094,24.795642852783203,-0.3191795349121094,0.9999830722808838
D,517,0.0018934656400233507,0.0057909837923944,-0.003897518152371049,0.9996260404586792
D,762,22.753177642822266,22.67036247253418,0.08281517028808594,0.9995281100273132
D,817,0.09193305671215057,1.075517177581787,-0.9835841208696365,0.9974943399429321
D,753,23.36356544494629,25.621267318725586,-2.257701873779297,0.9977066516876221
D,805,25.464693069458008,24.195959091186523,1.2687339782714844,0.9997878670692444
D,909,3.4261066913604736,13.100593566894531,-9.674486875534058,0.9976374506950378
D,928,0.0445510558784008,0.2502955496311188,-0.20574449375271797,0.9985518455505371
D,910,32.55979919433594,30.795169830322266,1.7646293640136719,0.9981963634490967
D,975,0.4248099625110626,3.1528689861297607,-2.728059023618698,0.9980531930923462
D,1012,26.116125106811523,24.998085021972656,1.1180400848388672,0.9996882677078247
D,1092,0.07358255237340927,0.5300811529159546,-0.4564986005425453,0.9984639286994934
D,1237,0.008066472597420216,0.011756325140595436,-0.0036898525431752205,0.9999628067016602
D,1188,30.509897232055664,28.299480438232422,2.210416793823242,0.997981071472168
D,1358,29.383255004882812,27.26313591003418,2.120119094848633,0.9985077977180481
D,1304,0.000494924548547715,0.019035905599594116,-0.0185409810510464,0.9944314360618591
D,1353,24.8089542388916,24.151153564453125,0.6578006744384766,0.999780535697937
D,1284,21.113466262817383,22.510971069335938,-1.3975048065185547,0.9973971247673035
D,1413,29.398611068725586,27.66262435913086,1.7359867095947266,0.9986235499382019
D,1446,26.729867935180664,27.162704467773438,-0.43283653259277344,0.9999279975891113
D,1489,1.1284632682800293,6.681511402130127,-5.553048133850098,0.9978466629981995
D,1439,31.7437686920166,29.74847412109375,1.9952945709228516,0.9985470771789551
D,1552,32.813758850097656,31.299304962158203,1.5144538879394531,0.998759388923645
D,1598,0.6372293829917908,4.04487419128418,-3.407644808292389,0.9976357221603394
D,1603,0.17882604897022247,1.3744618892669678,-1.1956358402967453,0.9978973865509033
D,1658,13.004562377929688,21.051279067993164,-8.046716690063477,0.9992185831069946
D,1686,0.002126955660060048,0.003441482549533248,-0.0013145268894731998,0.9999284744262695
D,1688,24.707815170288086,24.267841339111328,0.4399738311767578,0.9998223185539246
D,1743,0.14810818433761597,0.8365957140922546,-0.6884875297546387,0.9988857507705688
D,1706,22.116125106811523,22.284225463867188,-0.16810035705566406,0.9999842643737793
D,1957,0.079400934278965,1.0387731790542603,-0.9593722447752953,0.9973580837249756
D,1839,24.07329559326172,23.835952758789062,0.23734283447265625,0.999786913394928
D,2108,0.04910928010940552,0.9095429182052612,-0.8604336380958557,0.9962706565856934
D,2095,0.12138231843709946,0.29397863149642944,-0.17259631305933,0.9997235536575317
D,2203,0.027023546397686005,0.239382803440094,-0.212359257042408,0.9978529214859009
D,2247,1.2294648885726929,3.600783348083496,-2.3713184595108032,0.9993966221809387
D,2182,0.28822681307792664,3.3643250465393066,-3.07609823346138,0.9971374273300171
D,2225,24.871723175048828,24.998966217041016,-0.1272430419921875,0.9999756813049316
D,2276,25.858945846557617,23.96709442138672,1.8918514251708984,0.999394953250885
D,2282,29.035737991333008,27.87706756591797,1.158670425415039,0.99964839220047
D,2279,3.8119165897369385,8.440773010253906,-4.628856420516968,0.9995936155319214
D,2291,30.95013427734375,28.941057205200195,2.0090770721435547,0.9983162879943848
D,2462,31.360679626464844,29.27186393737793,2.088815689086914,0.9978293180465698
D,2502,0.44065526127815247,3.366605520248413,-2.9259502589702606,0.9978407025337219
D,2708,0.10805413126945496,1.9312999248504639,-1.823245793581009,0.9955154657363892
D,2592,29.190582275390625,29.88489532470703,-0.6943130493164062,0.9968764781951904
D,2799,13.509684562683105,16.783573150634766,-3.27388858795166,0.9998165369033813
D,2728,28.30805015563965,27.719589233398438,0.5884609222412109,0.9997690916061401
D,2722,29.44344139099121,28.872526168823242,0.5709152221679688,0.9996970295906067
D,2764,0.5504310131072998,6.075158596038818,-5.5247275829315186,0.9958901405334473
D,2879,24.442737579345703,24.015308380126953,0.42742919921875,0.9996922016143799
D,2910,30.369705200195312,28.261791229248047,2.1079139709472656,0.997706413269043
D,2902,25.169710159301758,23.14944076538086,2.0202693939208984,0.9987177848815918
D,2883,2.2343263626098633,9.620871543884277,-7.386545181274414,0.9985009431838989
D,2996,25.170446395874023,23.2866153717041,1.8838310241699219,0.9993487596511841
D,3265,33.17375946044922,31.409435272216797,1.7643241882324219,0.9987145662307739
D,3281,24.257843017578125,24.5269775390625,-0.269134521484375,0.9991747736930847
D,2933,0.337791383266449,3.0239179134368896,-2.6861265301704407,0.9975448250770569
D,3449,8.229644775390625,15.250499725341797,-7.020854949951172,0.99929279088974
D,3527,0.26087552309036255,0.4987558424472809,-0.23788031935691833,0.9998674392700195
D,3437,33.17709732055664,31.87621307373047,1.3008842468261719,0.9992440938949585
D,3554,0.014890504069626331,0.10973411798477173,-0.0948436139151454,0.9987294673919678
D,4042,0.6011877059936523,0.7905407547950745,-0.18935304880142212,0.9999703764915466
D,3684,0.0002133615198545158,0.0033560364972800016,-0.003142674977425486,0.9978643655776978
D,3970,15.083999633789062,17.274484634399414,-2.1904850006103516,0.9998999834060669
D,3830,0.045691873878240585,0.20020180940628052,-0.15450993552803993,0.9990360736846924
D,4240,3.5004160404205322,11.239852905273438,-7.739436864852905,0.9986974000930786
D,4185,29.259052276611328,28.439271926879883,0.8197803497314453,0.9997564554214478
D,4301,0.024155287072062492,0.3785052001476288,-0.3543499130755663,0.9962481260299683
D,4167,1.7657548189163208,9.423142433166504,-7.657387614250183,0.9975087642669678
D,4532,14.810189247131348,20.466508865356445,-5.656319618225098,0.9987021684646606
D,4493,0.005488032475113869,0.03246135264635086,-0.026973320171236992,0.9987742304801941
D,4465,0.28788232803344727,0.5572161674499512,-0.2693338394165039,0.9998515844345093
D,4458,3.616856813430786,12.433857917785645,-8.817001104354858,0.9983916282653809
D,4750,1.3823866844177246,8.4052734375,-7.022886753082275,0.9978600740432739
D,4654,13.697513580322266,3.1354026794433594,10.562110900878906,0.9980973601341248
D,4674,0.004698647186160088,0.07970427721738815,-0.07500563003122807,0.9970070123672485
D,4785,23.38571548461914,24.481538772583008,-1.0958232879638672,0.9997552037239075
D,4853,25.58551597595215,24.83294105529785,0.7525749206542969,0.9998632073402405
D,4956,20.540969848632812,24.619430541992188,-4.078460693359375,0.9979492425918579
D,4833,0.4733322858810425,2.7497622966766357,-2.2764300107955933,0.9984079599380493
D,4855,0.9219634532928467,8.67086410522461,-7.748900651931763,0.9958206415176392
D,5093,18.71295738220215,18.792139053344727,-0.07918167114257812,0.9898867607116699
D,5026,27.109804153442383,25.290687561035156,1.8191165924072266,0.9991068243980408
D,5080,0.0030998792499303818,0.024523336440324783,-0.0214234571903944,0.9989514350891113
D,5104,33.628841400146484,32.2164421081543,1.4123992919921875,0.9990434646606445
D,5134,15.736383438110352,21.382734298706055,-5.646350860595703,0.9980465173721313
D,5145,14.71104621887207,19.93809700012207,-5.22705078125,0.9987737536430359
D,5169,0.00046160738565959036,0.004701931495219469,-0.004240324109559879,0.9983898401260376
D,5154,0.03213359788060188,0.19184759259223938,-0.1597139947116375,0.9986023902893066
D,5371,0.0009827062021940947,0.0023355132434517145,-0.0013528070412576199,0.9997330904006958
D,5386,30.8400936126709,29.892250061035156,0.9478435516357422,0.9995132088661194
D,5200,14.3034086227417,19.439678192138672,-5.136269569396973,0.9993948340415955
D,5301,32.646812438964844,31.49869728088379,1.1481151580810547,0.9994557499885559
D,5502,0.3476053774356842,3.001221179962158,-2.653615802526474,0.9976913332939148
D,5611,28.09876251220703,26.39460563659668,1.7041568756103516,0.9992976784706116
D,5544,23.224899291992188,22.342355728149414,0.8825435638427734,0.9996753931045532
D,5617,26.778791427612305,25.95510482788086,0.8236865997314453,0.9997910261154175
D,5683,24.904773712158203,23.4842586517334,1.4205150604248047,0.9986969232559204
D,5728,32.2275505065918,29.968122482299805,2.259428024291992,0.9973646998405457
D,5758,0.18250663578510284,1.110328197479248,-0.9278215616941452,0.9989952445030212
D,5840,30.72816276550293,28.639493942260742,2.0886688232421875,0.9980944395065308
D,6179,24.734359741210938,23.09171485900879,1.6426448822021484,0.9989097714424133
D,6112,11.120465278625488,1.6929781436920166,9.427487134933472,0.9982134103775024
D,6069,27.121660232543945,27.558757781982422,-0.43709754943847656,0.9999227523803711
D,5975,0.2849380373954773,1.5188813209533691,-1.2339432835578918,0.9988548755645752
D,6219,6.284337997436523,9.129199028015137,-2.8448610305786133,0.9998667240142822
D,6336,25.28955841064453,23.794466018676758,1.4950923919677734,0.9997044205665588
D,6203,23.491811752319336,23.043598175048828,0.4482135772705078,0.9999609589576721
D,6299,26.250654220581055,25.11552619934082,1.1351280212402344,0.9991480112075806
D,6448,1.3685067892074585,4.708864688873291,-3.3403578996658325,0.9990821480751038
D,6531,15.516972541809082,20.845006942749023,-5.328034400939941,0.9987539052963257
D,6561,29.98048210144043,28.988418579101562,0.9920635223388672,0.9996438026428223
D,6497,0.3660805821418762,0.9208141565322876,-0.5547335743904114,0.9997346997261047
D,6974,31.12704086303711,30.401662826538086,0.7253780364990234,0.9997971653938293
D,6759,0.011012033559381962,0.1530836522579193,-0.14207161869853735,0.997241199016571
D,6796,30.344532012939453,28.441152572631836,1.9033794403076172,0.9986572861671448
D,6729,0.004445829428732395,0.06090118736028671,-0.05645535793155432,0.9983975887298584
D,7143,20.645957946777344,22.13912582397461,-1.4931678771972656,0.9986239671707153
D,7292,24.04598617553711,22.866147994995117,1.1798381805419922,0.9988032579421997
D,7210,0.13775043189525604,0.2730382978916168,-0.13528786599636078,0.999852180480957
D,7238,17.9351863861084,23.449493408203125,-5.514307022094727,0.9987897276878357
D,7621,3.585683584213257,11.216463088989258,-7.630779504776001,0.9987678527832031
D,7552,30.72466468811035,28.38340950012207,2.3412551879882812,0.9974877834320068
D,7625,27.356525421142578,24.75994873046875,2.596576690673828,0.9982179403305054
D,7578,6.247345447540283,13.919450759887695,-7.672105312347412,0.9990811347961426
D,7663,28.353151321411133,26.20046043395996,2.152690887451172,0.9983093738555908
D,7721,0.06422870606184006,0.488650918006897,-0.4244222119450569,0.998238205909729
D,7690,0.5620348453521729,2.9148879051208496,-2.3528530597686768,0.9987478852272034
D,7708,1.0326452255249023,6.502529144287109,-5.469883918762207,0.997760534286499
D,7908,24.624330520629883,23.32929229736328,1.2950382232666016,0.9996881484985352
D,8174,0.7584228515625,1.2963955402374268,-0.5379726886749268,0.9998787641525269
D,7862,0.029191862791776657,0.41780272126197815,-0.3886108584702015,0.9965937733650208
D,7935,0.01923484541475773,0.023600300773978233,-0.004365455359220505,0.999989926815033
D,8321,29.201358795166016,27.545669555664062,1.6556892395019531,0.9976321458816528
D,8369,28.594728469848633,26.959869384765625,1.6348590850830078,0.999197781085968
D,8364,0.0574725978076458,0.1576879620552063,-0.1002153642475605,0.9996299147605896
D,8351,1.9861865043640137,12.522689819335938,-10.536503314971924,0.9964684844017029
D,8531,26.088706970214844,24.920936584472656,1.1677703857421875,0.9993622303009033
D,8404,0.022332390770316124,0.020324265584349632,0.0020081251859664917,0.999997615814209
D,8413,0.5332350134849548,4.453643321990967,-3.920408308506012,0.9969843029975891
D,8418,26.414508819580078,25.24982261657715,1.1646862030029297,0.9997655749320984
D,8576,0.00026600545970723033,0.0019174112239852548,-0.0016514057642780244,0.9992854595184326
D,8582,12.907329559326172,21.867403030395508,-8.960073471069336,0.9975851774215698
D,8561,0.7006524205207825,2.240004777908325,-1.5393523573875427,0.9993508458137512
D,8578,6.381303787231445,5.050833225250244,1.3304705619812012,0.9999585747718811
D,8786,22.364566802978516,22.43448829650879,-0.06992149353027344,0.9994236826896667
D,8640,1.8567559719085693,8.105801582336426,-6.2490456104278564,0.9982955455780029
D,8652,0.00020496545766945928,0.0032803965732455254,-0.003075431115576066,0.9971194267272949
D,8799,27.29348373413086,25.270959854125977,2.022523880004883,0.99922776222229
D,9093,30.378456115722656,29.025131225585938,1.3533248901367188,0.9993318319320679
D,9104,26.431766510009766,24.014713287353516,2.41705322265625,0.9983838200569153
D,8964,0.6415048241615295,2.8692314624786377,-2.227726638317108,0.9988390803337097
D,9189,0.007736954838037491,0.05671259015798569,-0.048975635319948196,0.9986791610717773
D,9324,23.40574073791504,23.430055618286133,-0.02431488037109375,1.0
D,9315,21.442960739135742,15.891912460327148,5.551048278808594,0.9990479350090027
D,9340,16.684680938720703,21.79526710510254,-5.110586166381836,0.9981860518455505
D,9317,13.05573844909668,21.13116455078125,-8.07542610168457,0.9974483847618103
D,9369,21.005558013916016,23.438167572021484,-2.4326095581054688,0.997734546661377
D,9413,16.11191177368164,22.015180587768555,-5.903268814086914,0.9987725019454956
D,9393,29.302635192871094,27.06714630126953,2.2354888916015625,0.9981981515884399
D,9386,22.74003028869629,24.68106460571289,-1.9410343170166016,0.9989492297172546
D,9622,27.6551456451416,25.74964141845703,1.9055042266845703,0.9991544485092163
D,9479,2.1214306354522705,8.722649574279785,-6.601218938827515,0.9987552165985107
D,9488,25.37012481689453,23.8660831451416,1.5040416717529297,0.9994839429855347
D,9603,0.010143347084522247,0.03135157376527786,-0.021208226680755615,0.9995529651641846
D,9771,0.0005751041462644935,0.0018531488021835685,-0.001278044655919075,0.9995871782302856
D,9726,18.829296112060547,21.990129470825195,-3.1608333587646484,0.9994144439697266
D,9822,0.4183695614337921,5.401435375213623,-4.983065813779831,0.995702862739563
D,9682,26.47991180419922,24.241857528686523,2.2380542755126953,0.9988514184951782
D,9967,31.032575607299805,29.07912826538086,1.9534473419189453,0.9981563091278076
D,9917,0.03012682870030403,0.028527691960334778,0.0015991367399692535,0.9999989867210388
D,9858,26.01151466369629,23.970800399780273,2.0407142639160156,0.9995356798171997
D,9904,0.005668096709996462,0.03429264575242996,-0.0286245490424335,0.9989851117134094
D,10055,8.380385398864746,14.60076904296875,-6.220383644104004,0.9994407296180725
D,10030,27.903236389160156,26.999635696411133,0.9036006927490234,0.999809741973877
D,10087,0.2362717241048813,1.3467392921447754,-1.110467568039894,0.9987485408782959
D,10052,1.619304895401001,1.2332295179367065,0.38607537746429443,0.9999723434448242
D,10134,15.625917434692383,16.988378524780273,-1.3624610900878906,0.9999601244926453
D,10244,27.393217086791992,25.481319427490234,1.9118976593017578,0.9982207417488098
D,10203,0.04262552037835121,0.5372503399848938,-0.4946248196065426,0.9972877502441406
D,10305,3.0588958263397217,10.726308822631836,-7.667412996292114,0.9986103177070618
D,10321,28.13437843322754,26.078754425048828,2.055624008178711,0.9988073110580444
D,10332,0.0070337047800421715,0.24780994653701782,-0.24077624175697565,0.9941422939300537
D,10333,1.5473616123199463,4.571680545806885,-3.0243189334869385,0.9993672966957092
D,10360,26.22844123840332,24.273805618286133,1.9546356201171875,0.9988710880279541
D,10392,6.974396228790283,4.71199369430542,2.2624025344848633,0.9998888969421387
D,10389,25.346759796142578,25.006484985351562,0.3402748107910156,0.9999694228172302
D,10409,24.557415008544922,24.233638763427734,0.3237762451171875,0.9999305605888367
D,10414,0.08868865668773651,0.17759379744529724,-0.08890514075756073,0.9998844861984253
D,10570,26.014698028564453,25.543733596801758,0.4709644317626953,0.9999487996101379
D,10556,24.558223724365234,23.128334045410156,1.4298896789550781,0.9995356798171997
D,10445,0.1189378872513771,0.6795463562011719,-0.5606084689497948,0.9990256428718567
D,10427,18.62954330444336,15.096211433410645,3.533331871032715,0.9995430707931519
D,10586,6.947576522827148,15.84738826751709,-8.899811744689941,0.9986881017684937
D,10574,0.07280254364013672,0.1728566586971283,-0.10005411505699158,0.9997443556785583
D,10578,25.74324607849121,23.692649841308594,2.050596237182617,0.9990622997283936
D,10597,24.149091720581055,23.21048927307129,0.9386024475097656,0.9989417195320129
D,10624,0.0018959970911964774,0.046522319316864014,-0.044626322225667536,0.995450496673584
D,10618,20.618284225463867,23.034709930419922,-2.4164257049560547,0.998708963394165
D,10628,0.006500525865703821,0.03140183538198471,-0.02490130951628089,0.9990230202674866
D,10636,0.0005276166484691203,0.010147826746106148,-0.009620210097637028,0.997016429901123
D,10729,0.16795982420444489,1.7256523370742798,-1.557692512869835,0.9981334209442139
D,10705,33.33273696899414,32.09763717651367,1.2350997924804688,0.9992681741714478
D,10723,26.58440589904785,25.162399291992188,1.422006607055664,0.9994766712188721
D,10679,23.440946578979492,23.1529598236084,0.28798675537109375,0.9999422430992126
D,10804,23.376148223876953,23.65493392944336,-0.27878570556640625,0.9999535083770752
D,10772,22.049678802490234,23.15675926208496,-1.1070804595947266,0.9997747540473938
D,10782,3.562168836593628,3.0043978691101074,0.5577709674835205,0.9999841451644897
D,10784,21.378095626831055,23.883485794067383,-2.505390167236328,0.998188316822052
D,10884,12.814172744750977,18.758846282958984,-5.944673538208008,0.9991106986999512
D,10816,3.213763952255249,13.712281227111816,-10.498517274856567,0.9981111288070679
D,10900,27.202695846557617,26.313039779663086,0.8896560668945312,0.9998064041137695
D,10855,20.044357299804688,21.4002628326416,-1.355905532836914,0.9988834857940674
D,10915,0.18323762714862823,0.7491191625595093,-0.565881535410881,0.9992409348487854
D,10967,25.47408676147461,24.713451385498047,0.7606353759765625,0.9998162984848022
D,10923,0.0022497610189020634,0.046809952706098557,-0.04456019168719649,0.9960523843765259
D,10933,27.23126792907715,27.459972381591797,-0.22870445251464844,0.9997581243515015
D,11310,0.3397631049156189,1.5482136011123657,-1.2084504961967468,0.9987773895263672
D,11212,27.44483184814453,25.69169044494629,1.7531414031982422,0.9993225932121277
D,11173,0.017075760290026665,0.1501999944448471,-0.13312423415482044,0.9979619979858398
D,11431,1.1133086681365967,5.319577217102051,-4.206268548965454,0.9988245964050293
D,11482,23.348371505737305,25.237905502319336,-1.8895339965820312,0.9980678558349609
D,11513,21.962583541870117,22.391117095947266,-0.42853355407714844,0.9989480972290039
D,11490,0.3769390881061554,2.1430861949920654,-1.76614710688591,0.9985811710357666
D,11520,16.050546646118164,15.372204780578613,0.6783418655395508,0.9999913573265076
D,11563,24.60456085205078,24.3115177154541,0.2930431365966797,0.9999691247940063
D,11576,25.196460723876953,24.187606811523438,1.0088539123535156,0.9990078806877136
D,11546,26.371992111206055,24.635496139526367,1.7364959716796875,0.9994639158248901
D,11570,0.21896858513355255,0.7132682204246521,-0.49429963529109955,0.9995388984680176
D,11634,0.044970329850912094,0.12705004215240479,-0.08207971230149269,0.9995945692062378
D,11598,31.297361373901367,30.374013900756836,0.9233474731445312,0.999625563621521
D,11588,8.333723068237305,16.754945755004883,-8.421222686767578,0.999072790145874
D,11610,1.3054959774017334,4.712993144989014,-3.4074971675872803,0.9992578625679016
D,11824,29.7142391204834,27.768070220947266,1.9461688995361328,0.9988196492195129
D,11772,31.696475982666016,29.30466651916504,2.3918094635009766,0.9976754188537598
D,11803,32.88274383544922,31.274883270263672,1.6078605651855469,0.9988718032836914
D,11761,1.3549346923828125,9.354973793029785,-8.000039100646973,0.9968308210372925
D,11924,26.226030349731445,24.727291107177734,1.498739242553711,0.9993572235107422
D,11917,17.501359939575195,23.116127014160156,-5.614767074584961,0.9974140524864197
D,11907,2.879681348800659,11.581794738769531,-8.702113389968872,0.9983023405075073
D,11923,0.002577719511464238,0.0998716652393341,-0.09729394572786987,0.992588996887207
D,12104,24.166908264160156,23.16781997680664,0.9990882873535156,0.9994156956672668
D,11946,29.9621639251709,28.434783935546875,1.5273799896240234,0.9992691874504089
D,12170,0.00039174914127215743,0.0008103091386146843,-0.0004185599973425269,0.9999445080757141
D,11956,15.719191551208496,20.31732177734375,-4.598130226135254,0.998875617980957
D,12216,27.36048126220703,25.319522857666016,2.0409584045410156,0.9989768266677856
D,12199,0.1430816799402237,0.7434609532356262,-0.6003792732954025,0.9989395141601562
D,12192,5.729219913482666,17.726898193359375,-11.997678279876709,0.9974262118339539
D,12193,15.120437622070312,19.495262145996094,-4.374824523925781,0.9994702935218811
D,12318,29.94590187072754,28.445253372192383,1.5006484985351562,0.9988002181053162
D,12327,14.107418060302734,16.607257843017578,-2.4998397827148438,0.9998798370361328
D,12300,25.924484252929688,26.002490997314453,-0.07800674438476562,0.999998152256012
D,12271,1.2354644536972046,2.3609721660614014,-1.1255077123641968,0.9997901916503906
D,12525,25.469802856445312,25.900575637817383,-0.4307727813720703,0.9980736970901489
D,12445,29.59760284423828,27.339767456054688,2.2578353881835938,0.9984833002090454
D,12478,22.070314407348633,22.085018157958984,-0.014703750610351562,0.9999997615814209
D,12467,0.0012887719785794616,0.01159773301333189,-0.010308961034752429,0.9988493919372559
D,12590,0.8201507925987244,4.603623390197754,-3.7834725975990295,0.9987816214561462
D,12619,27.187318801879883,25.37709617614746,1.8102226257324219,0.998930811882019
D,12608,24.873220443725586,22.910228729248047,1.962991714477539,0.9991523027420044
D,12634,1.0430065393447876,10.350859642028809,-9.307853102684021,0.99493807554245
D,12841,0.6146909594535828,4.10219669342041,-3.4875057339668274,0.9977612495422363
D,12777,1.088675856590271,4.135927677154541,-3.04725182056427,0.9991943836212158
D,12684,0.13249751925468445,0.43672439455986023,-0.3042268753051758,0.9994547367095947
D,12690,2.1673340797424316,6.874021053314209,-4.706686973571777,0.9993202686309814
D,12881,5.602758407592773,3.1194612979888916,2.483297109603882,0.9998284578323364
D,12948,23.44440460205078,24.17327308654785,-0.7288684844970703,0.999826967716217
D,13100,21.106674194335938,21.24640655517578,-0.13973236083984375,0.9994747638702393
D,13062,16.28989601135254,9.46081256866455,6.829083442687988,0.9992558360099792
D,13454,21.479738235473633,22.171796798706055,-0.6920585632324219,0.9989094734191895
D,13348,0.3363957405090332,0.2548253536224365,0.08157038688659668,0.999976396560669
D,13472,20.96378517150879,22.948442459106445,-1.9846572875976562,0.99892258644104
D,13455,26.54137420654297,24.126384735107422,2.414989471435547,0.998672366142273
D,13503,27.183509826660156,25.179018020629883,2.0044918060302734,0.9974619746208191
D,13530,31.179035186767578,29.019203186035156,2.159832000732422,0.9983920454978943
D,13540,26.762353897094727,24.269617080688477,2.49273681640625,0.9987111687660217
D,13508,17.578779220581055,20.20258331298828,-2.6238040924072266,0.9995472431182861
D,13611,29.310516357421875,27.257648468017578,2.052867889404297,0.9987154006958008
D,13788,1.0761412382125854,2.0697712898254395,-0.993630051612854,0.999803900718689
D,13861,1.3079283237457275,5.830010890960693,-4.522082567214966,0.9984639883041382
D,13656,0.07238604873418808,0.9080220460891724,-0.8356359973549843,0.9971389770507812
D,13876,3.8025710582733154,9.478726387023926,-5.67615532875061,0.9992578029632568
D,13888,0.07640054821968079,0.4870431125164032,-0.4106425642967224,0.9986182451248169
D,13878,25.685894012451172,24.555255889892578,1.1306381225585938,0.9987283945083618
D,13881,26.164236068725586,24.05024528503418,2.1139907836914062,0.999173641204834
D,13973,0.016613468527793884,0.061175085604190826,-0.04456161707639694,0.9993018507957458
D,13981,20.195465087890625,22.35196876525879,-2.156503677368164,0.9991617798805237
D,14030,20.427898406982422,21.20802116394043,-0.7801227569580078,0.9998008012771606
D,14016,28.25324249267578,27.4373836517334,0.8158588409423828,0.9979894757270813
D,14096,0.17419426143169403,0.04561932012438774,0.1285749413073063,0.9993848204612732
D,14095,25.629274368286133,23.99916648864746,1.6301078796386719,0.9983696937561035
D,14113,27.9406795501709,26.256061553955078,1.6846179962158203,0.9993024468421936
D,14080,24.598575592041016,23.284225463867188,1.3143501281738281,0.9996830224990845
D,14128,5.326007843017578,15.487588882446289,-10.161581039428711,0.9983872175216675
D,14165,0.19788919389247894,1.035463809967041,-0.8375746160745621,0.9990766048431396
D,14186,0.012043366208672523,0.06253954023122787,-0.05049617402255535,0.9992104172706604
D,14184,0.04100766032934189,0.6034987568855286,-0.5624910965561867,0.9963245391845703
D,14227,26.832874298095703,26.032337188720703,0.800537109375,0.9992045760154724
D,14218,0.7722033262252808,7.070466041564941,-6.298262715339661,0.9955755472183228
D,14220,0.005379302892833948,0.0503087192773819,-0.04492941638454795,0.9984866380691528
D,14214,0.6755344271659851,6.255857467651367,-5.580323040485382,0.9965601563453674
D,14290,23.564056396484375,23.14839744567871,0.41565895080566406,0.9999206066131592
D,14301,0.27323204278945923,1.1101412773132324,-0.8369092345237732,0.999051570892334
D,14264,0.6836984753608704,4.3411736488342285,-3.657475173473358,0.997779130935669
D,14262,0.20014990866184235,1.3366578817367554,-1.136507973074913,0.9985292553901672
D,14334,0.0024550564121454954,0.0021489732898771763,0.00030608312226831913,0.9999969601631165
D,14359,2.611098289489746,2.9581873416900635,-0.3470890522003174,0.9999914765357971
D,14321,23.779327392578125,24.009357452392578,-0.23003005981445312,0.9995479583740234
D,14349,0.5979474782943726,3.8393754959106445,-3.241428017616272,0.9982243776321411
D,14393,20.118534088134766,20.668439865112305,-0.5499057769775391,0.9999473094940186
D,14589,0.12035232782363892,1.1554962396621704,-1.0351439118385315,0.9974870681762695
D,14555,16.459657669067383,6.6720380783081055,9.787619590759277,0.9982935190200806
D,14399,26.901708602905273,24.458423614501953,2.4432849884033203,0.9984985589981079
D,14626,23.294551849365234,23.148544311523438,0.14600753784179688,0.9999952912330627
D,14637,20.394372940063477,21.57213020324707,-1.1777572631835938,0.998932957649231
D,14623,24.96050453186035,24.001516342163086,0.9589881896972656,0.9997801780700684
D,14618,26.28567886352539,24.28166389465332,2.0040149688720703,0.9991176128387451
D,14685,32.86005401611328,31.328052520751953,1.5320014953613281,0.9988219141960144
D,14662,33.393428802490234,31.998544692993164,1.3948841094970703,0.9990648627281189
D,14654,0.00315095204859972,0.0402371883392334,-0.03708623629063368,0.9968860149383545
D,14661,26.91020965576172,25.23910903930664,1.6711006164550781,0.9990499019622803
