image_id,true_identity,assigned_identity,noise_level,seed
T000003,819,1685,20%,42
T000007,819,4743,20%,42
T000024,819,947,20%,42
T000032,819,7375,20%,42
T000039,819,2166,20%,42
T000047,819,6433,20%,42
T000052,3410,27,20%,42
T000054,3410,895,20%,42
T000062,3410,2677,20%,42
T000071,3410,3728,20%,42
T000075,3410,4489,20%,42
T000083,3410,1574,20%,42
T000085,3410,733,20%,42
T000097,3410,3743,20%,42
T000098,3410,6407,20%,42
T000100,138,40,20%,42
T000106,138,6983,20%,42
T000114,138,6253,20%,42
T000115,138,6594,20%,42
T000123,138,3459,20%,42
T000125,138,8146,20%,42
T000128,138,730,20%,42
T000129,138,3004,20%,42
T000138,138,6692,20%,42
T000142,138,7165,20%,42
T000143,138,256,20%,42
T000151,1321,6904,20%,42
T000155,1321,9638,20%,42
T000163,1321,294,20%,42
T000164,1321,6092,20%,42
T000173,1321,6685,20%,42
T000176,1321,4212,20%,42
T000179,1321,8476,20%,42
T000180,1321,2804,20%,42
T000187,1321,1538,20%,42
T000188,1321,3606,20%,42
T000195,1321,279,20%,42
T000202,3384,7300,20%,42
T000204,3384,1370,20%,42
T000221,3384,3209,20%,42
T000233,3384,1709,20%,42
T000236,3384,9533,20%,42
T000240,3384,8303,20%,42
T000247,3384,4700,20%,42
T000250,2188,56,20%,42
T000253,2188,131,20%,42
T000272,2188,1588,20%,42
T000279,2188,6974,20%,42
T000281,2188,9175,20%,42
T000286,2188,2949,20%,42
T000293,2188,6172,20%,42
T000305,3024,3676,20%,42
T000307,3024,2131,20%,42
T000311,3024,275,20%,42
T000317,3024,275,20%,42
T000326,3024,8691,20%,42
T000327,3024,590,20%,42
T000328,3024,443,20%,42
T000335,3024,9853,20%,42
T000337,3024,4711,20%,42
T000339,3024,1042,20%,42
T000347,3024,187,20%,42
T000349,3024,1375,20%,42
T000355,872,3950,20%,42
T000358,872,6864,20%,42
T000362,872,8663,20%,42
T000369,872,1991,20%,42
T000374,872,818,20%,42
T000377,872,8444,20%,42
T000379,872,967,20%,42
T000381,872,1318,20%,42
T000386,872,4248,20%,42
T000387,872,4790,20%,42
T000389,872,5500,20%,42
T000402,2749,8617,20%,42
T000405,2749,5714,20%,42
T000409,2749,5075,20%,42
T000411,2749,8408,20%,42
T000413,2749,46,20%,42
T000416,2749,8950,20%,42
T000421,2749,4190,20%,42
T000423,2749,3456,20%,42
T000427,2749,9923,20%,42
T000430,2749,1265,20%,42
T000432,2749,3693,20%,42
T000440,2749,9533,20%,42
T000442,2749,9164,20%,42
T000444,2749,1130,20%,42
T000446,2749,8470,20%,42
T000447,2749,3586,20%,42
T000450,4111,2941,20%,42
T000461,4111,1375,20%,42
T000464,4111,74,20%,42
T000467,4111,1876,20%,42
T000471,4111,673,20%,42
T000473,4111,6119,20%,42
T000475,4111,6575,20%,42
T000494,4111,889,20%,42
T000505,2189,1132,20%,42
T000521,2189,5525,20%,42
T000528,2189,340,20%,42
T000532,2189,101,20%,42
T000537,2189,1673,20%,42
T000539,2189,2108,20%,42
T000544,2189,1824,20%,42
T000545,2189,264,20%,42
T000548,2189,426,20%,42
T000549,2189,6787,20%,42
T000555,5287,4808,20%,42
T000565,5287,21,20%,42
T000582,5287,3055,20%,42
T000585,5287,5725,20%,42
T000587,5287,5889,20%,42
T000595,5287,7037,20%,42
T000601,6374,629,20%,42
T000603,6374,8416,20%,42
T000605,6374,1193,20%,42
T000607,6374,1655,20%,42
T000612,6374,6599,20%,42
T000613,6374,7977,20%,42
T000615,6374,730,20%,42
T000622,6374,6407,20%,42
T000632,6374,13,20%,42
T000636,6374,7375,20%,42
T000637,6374,2499,20%,42
T000639,6374,1062,20%,42
T000646,6374,3667,20%,42
T000647,6374,891,20%,42
T000650,4670,2815,20%,42
T000651,4670,8751,20%,42
T000653,4670,3871,20%,42
T000658,4670,455,20%,42
T000660,4670,513,20%,42
T000662,4670,3554,20%,42
T000671,4670,413,20%,42
T000674,4670,7389,20%,42
T000712,41,1829,20%,42
T000719,41,1087,20%,42
T000722,41,7115,20%,42
T000724,41,9441,20%,42
T000730,41,1090,20%,42
T000731,41,469,20%,42
T000737,41,2346,20%,42
T000743,41,8087,20%,42
T000744,41,1079,20%,42
T000747,41,9650,20%,42
T000748,41,616,20%,42
T000750,1542,8312,20%,42
T000753,1542,975,20%,42
T000754,1542,2188,20%,42
T000756,1542,819,20%,42
T000761,1542,71,20%,42
T000767,1542,2520,20%,42
T000770,1542,6840,20%,42
T000779,1542,4004,20%,42
T000785,1542,4622,20%,42
T000789,1542,76,20%,42
T000798,1542,6437,20%,42
T000799,1542,8373,20%,42
T000812,6090,27,20%,42
T000816,6090,4364,20%,42
T000818,6090,2040,20%,42
T000822,6090,2639,20%,42
T000834,6090,1039,20%,42
T000840,6090,8480,20%,42
T000852,4968,893,20%,42
T000857,4968,9836,20%,42
T000859,4968,74,20%,42
T000863,4968,587,20%,42
T000865,4968,2965,20%,42
T000869,4968,4151,20%,42
T000874,4968,4027,20%,42
T000875,4968,7392,20%,42
T000877,4968,3870,20%,42
T000879,4968,7392,20%,42
T000884,4968,377,20%,42
T000890,4968,185,20%,42
T000901,37,480,20%,42
T000902,37,232,20%,42
T000903,37,1959,20%,42
T000906,37,199,20%,42
T000907,37,3114,20%,42
T000909,37,5094,20%,42
T000915,37,1265,20%,42
T000928,37,7906,20%,42
T000939,37,3398,20%,42
T000949,37,4046,20%,42
T000953,6224,9986,20%,42
T000956,6224,413,20%,42
T000960,6224,4403,20%,42
T000968,6224,7299,20%,42
T000970,6224,1935,20%,42
T000976,6224,333,20%,42
T000979,6224,430,20%,42
T000981,6224,3330,20%,42
T000982,6224,7981,20%,42
T000988,6224,891,20%,42
T000996,6224,4183,20%,42
T000999,6224,9997,20%,42
T001002,956,1115,20%,42
T001011,956,8613,20%,42
T001019,956,2034,20%,42
T001021,956,1815,20%,42
T001023,956,2042,20%,42
T001027,956,6332,20%,42
T001031,956,605,20%,42
T001036,956,5887,20%,42
T001040,956,3165,20%,42
T001047,956,1595,20%,42
T001051,6332,738,20%,42
T001052,6332,3316,20%,42
T001053,6332,2100,20%,42
T001070,6332,65,20%,42
T001071,6332,2331,20%,42
T001076,6332,4204,20%,42
T001077,6332,2804,20%,42
T001081,6332,248,20%,42
T001084,6332,521,20%,42
T001091,6332,2584,20%,42
T001095,6332,1098,20%,42
T001097,6332,6193,20%,42
T001106,1317,2264,20%,42
T001107,1317,4292,20%,42
T001110,1317,8067,20%,42
T001126,1317,987,20%,42
T001129,1317,9617,20%,42
T001131,1317,5834,20%,42
T001133,1317,84,20%,42
T001138,1317,6838,20%,42
T001147,1317,136,20%,42
T001148,1317,10314,20%,42
T001151,658,7115,20%,42
T001164,658,6889,20%,42
T001171,658,32,20%,42
T001174,658,6202,20%,42
T001185,658,178,20%,42
T001195,658,8943,20%,42
T001212,1299,444,20%,42
T001217,1299,1326,20%,42
T001218,1299,2926,20%,42
T001233,1299,4121,20%,42
T001243,1299,6573,20%,42
T001248,1299,79,20%,42
T001249,1299,5846,20%,42
T001253,1245,9199,20%,42
T001256,1245,3003,20%,42
T001257,1245,4621,20%,42
T001260,1245,915,20%,42
T001264,1245,4888,20%,42
T001266,1245,4048,20%,42
T001269,1245,7372,20%,42
T001272,1245,5839,20%,42
T001275,1245,365,20%,42
T001296,1245,977,20%,42
T001304,1994,4847,20%,42
T001307,1994,995,20%,42
T001330,1994,651,20%,42
T001336,1994,4,20%,42
T001338,1994,7018,20%,42
T001343,1994,4088,20%,42
T001347,1994,7127,20%,42
T001350,256,7940,20%,42
T001353,256,10281,20%,42
T001355,256,5067,20%,42
T001361,256,3749,20%,42
T001364,256,1286,20%,42
T001371,256,4207,20%,42
T001376,256,9519,20%,42
T001381,256,462,20%,42
T001382,256,6688,20%,42
T001383,256,3496,20%,42
T001391,256,5510,20%,42
T001395,256,732,20%,42
T001401,4401,1494,20%,42
T001403,4401,4312,20%,42
T001408,4401,4603,20%,42
T001409,4401,5957,20%,42
T001410,4401,1818,20%,42
T001416,4401,3351,20%,42
T001431,4401,2806,20%,42
T001433,4401,1801,20%,42
T001434,4401,2433,20%,42
T001438,4401,8791,20%,42
T001443,4401,7099,20%,42
T001449,4401,5377,20%,42
T001457,23,9987,20%,42
T001458,23,193,20%,42
T001465,23,9747,20%,42
T001466,23,1552,20%,42
T001483,23,8161,20%,42
T001485,23,966,20%,42
T001487,23,7319,20%,42
T001489,23,5067,20%,42
T001491,23,5322,20%,42
T001494,23,697,20%,42
T001506,194,2027,20%,42
T001508,194,5993,20%,42
T001513,194,605,20%,42
T001515,194,3895,20%,42
T001522,194,6110,20%,42
T001524,194,541,20%,42
T001525,194,5503,20%,42
T001530,194,5657,20%,42
T001533,194,8861,20%,42
T001538,194,1317,20%,42
T001540,194,2645,20%,42
T001547,194,2023,20%,42
T001552,1822,1004,20%,42
T001556,1822,10535,20%,42
T001559,1822,1468,20%,42
T001567,1822,8127,20%,42
T001570,1822,9936,20%,42
T001573,1822,8763,20%,42
T001579,1822,6575,20%,42
T001588,1822,5678,20%,42
T001593,1822,3676,20%,42
T001594,1822,8146,20%,42
T001595,1822,764,20%,42
T001612,3989,9524,20%,42
T001613,3989,8087,20%,42
T001618,3989,41,20%,42
T001625,3989,7792,20%,42
T001633,3989,1143,20%,42
T001636,3989,1504,20%,42
T001643,3989,6777,20%,42
T001659,1226,2099,20%,42
T001664,1226,2306,20%,42
T001669,1226,1888,20%,42
T001685,1226,6094,20%,42
T001686,1226,9118,20%,42
T001692,1226,771,20%,42
T001702,513,129,20%,42
T001703,513,6271,20%,42
T001708,513,1933,20%,42
T001712,513,3007,20%,42
T001716,513,6675,20%,42
T001720,513,18,20%,42
T001722,513,2374,20%,42
T001723,513,9544,20%,42
T001727,513,6198,20%,42
T001731,513,497,20%,42
T001741,513,7890,20%,42
T001749,513,2227,20%,42
T001750,8071,893,20%,42
T001751,8071,195,20%,42
T001758,8071,7542,20%,42
T001768,8071,653,20%,42
T001771,8071,1266,20%,42
T001772,8071,6978,20%,42
T001775,8071,2715,20%,42
T001782,8071,83,20%,42
T001785,8071,4038,20%,42
T001788,8071,5153,20%,42
T001790,8071,4691,20%,42
T001797,8071,6513,20%,42
T001802,2439,8739,20%,42
T001803,2439,2289,20%,42
T001805,2439,5125,20%,42
T001808,2439,944,20%,42
T001815,2439,7037,20%,42
T001831,2439,10122,20%,42
T001833,2439,157,20%,42
T001843,2439,4982,20%,42
T001847,2439,9292,20%,42
T001855,4478,8658,20%,42
T001859,4478,1177,20%,42
T001866,4478,7811,20%,42
T001867,4478,672,20%,42
T001869,4478,1197,20%,42
T001870,4478,5226,20%,42
T001872,4478,595,20%,42
T001875,4478,578,20%,42
T001876,4478,3158,20%,42
T001877,4478,654,20%,42
T001905,5830,4838,20%,42
T001911,5830,158,20%,42
T001913,5830,4531,20%,42
T001917,5830,1780,20%,42
T001919,5830,6361,20%,42
T001923,5830,3,20%,42
T001934,5830,7375,20%,42
T001951,1466,1177,20%,42
T001953,1466,3384,20%,42
T001954,1466,3205,20%,42
T001959,1466,1658,20%,42
T001962,1466,1079,20%,42
T001995,1466,5958,20%,42
T001996,1466,4373,20%,42
T001997,1466,3572,20%,42
T002004,69,1159,20%,42
T002011,69,2964,20%,42
T002017,69,3068,20%,42
T002022,69,33,20%,42
T002023,69,2527,20%,42
T002026,69,9923,20%,42
T002031,69,4103,20%,42
T002036,69,1388,20%,42
T002040,69,9237,20%,42
T002047,69,4486,20%,42
T002059,944,5599,20%,42
T002070,944,1243,20%,42
T002091,944,291,20%,42
T002092,944,7766,20%,42
T002093,944,3098,20%,42
T002099,944,6023,20%,42
T002102,6558,7996,20%,42
T002114,6558,1209,20%,42
T002129,6558,166,20%,42
T002131,6558,4416,20%,42
T002141,6558,6669,20%,42
T002146,6558,1244,20%,42
T002154,2738,3106,20%,42
T002159,2738,3010,20%,42
T002163,2738,7615,20%,42
T002164,2738,191,20%,42
T002165,2738,4856,20%,42
T002170,2738,738,20%,42
T002176,2738,3809,20%,42
T002187,2738,280,20%,42
T002194,2738,5708,20%,42
T002196,2738,2935,20%,42
T002197,2738,3954,20%,42
T002198,2738,524,20%,42
T002199,2738,5887,20%,42
T002201,5444,1398,20%,42
T002202,5444,2644,20%,42
T002215,5444,8416,20%,42
T002217,5444,327,20%,42
T002218,5444,5408,20%,42
T002222,5444,7981,20%,42
T002224,5444,1193,20%,42
T002231,5444,3007,20%,42
T002237,5444,901,20%,42
T002246,5444,470,20%,42
T002247,5444,6723,20%,42
T002255,6023,2794,20%,42
T002260,6023,732,20%,42
T002275,6023,2804,20%,42
T002277,6023,6406,20%,42
T002279,6023,3241,20%,42
T002281,6023,3068,20%,42
T002283,6023,2040,20%,42
T002284,6023,6509,20%,42
T002299,6023,8855,20%,42
T002302,3274,7116,20%,42
T002315,3274,6115,20%,42
T002320,3274,9020,20%,42
T002321,3274,8927,20%,42
T002336,3274,6993,20%,42
T002339,3274,2075,20%,42
T002343,3274,6202,20%,42
T002347,3274,2275,20%,42
T002355,21,8763,20%,42
T002358,21,2544,20%,42
T002359,21,5970,20%,42
T002362,21,4670,20%,42
T002366,21,6202,20%,42
T002369,21,3326,20%,42
T002373,21,409,20%,42
T002379,21,9401,20%,42
T002382,21,1336,20%,42
T002383,21,6981,20%,42
T002385,21,595,20%,42
T002390,21,4771,20%,42
T002391,21,2510,20%,42
T002392,21,1336,20%,42
T002411,2986,2446,20%,42
T002413,2986,6954,20%,42
T002416,2986,868,20%,42
T002417,2986,1801,20%,42
T002434,2986,4510,20%,42
T002445,2986,9119,20%,42
T002449,2986,2308,20%,42
T002450,18,4531,20%,42
T002455,18,6689,20%,42
T002461,18,257,20%,42
T002462,18,8816,20%,42
T002465,18,7925,20%,42
T002466,18,3809,20%,42
T002467,18,1658,20%,42
T002469,18,3190,20%,42
T002475,18,7030,20%,42
T002489,18,5828,20%,42
T002492,18,148,20%,42
T002495,18,5714,20%,42
T002498,18,5042,20%,42
T002501,47,4145,20%,42
T002510,47,5171,20%,42
T002514,47,5991,20%,42
T002519,47,5887,20%,42
T002520,47,387,20%,42
T002522,47,5210,20%,42
T002526,47,5308,20%,42
T002527,47,4355,20%,42
T002528,47,9519,20%,42
T002532,47,7529,20%,42
T002534,47,3066,20%,42
T002537,47,5589,20%,42
T002548,47,2293,20%,42
T002555,3,855,20%,42
T002556,3,2423,20%,42
T002559,3,3241,20%,42
T002563,3,2484,20%,42
T002574,3,456,20%,42
T002578,3,257,20%,42
T002579,3,124,20%,42
T002580,3,4958,20%,42
T002581,3,6993,20%,42
T002583,3,250,20%,42
T002588,3,1168,20%,42
T002590,3,8654,20%,42
T002599,3,5252,20%,42
T002601,2639,2455,20%,42
T002603,2639,5436,20%,42
T002625,2639,5726,20%,42
T002632,2639,6128,20%,42
T002638,2639,5287,20%,42
T002641,2639,89,20%,42
T002650,14,8975,20%,42
T002657,14,7759,20%,42
T002661,14,69,20%,42
T002680,14,4178,20%,42
T002686,14,4622,20%,42
T002706,1595,2918,20%,42
T002711,1595,647,20%,42
T002713,1595,7464,20%,42
T002727,1595,2987,20%,42
T002732,1595,4706,20%,42
T002736,1595,6458,20%,42
T002740,1595,4682,20%,42
T002748,1595,3779,20%,42
T002756,4362,6323,20%,42
T002757,4362,6437,20%,42
T002761,4362,5023,20%,42
T002762,4362,2965,20%,42
T002763,4362,2289,20%,42
T002769,4362,1639,20%,42
T002772,4362,2512,20%,42
T002776,4362,360,20%,42
T002786,4362,696,20%,42
T002794,4362,2554,20%,42
T002797,4362,9199,20%,42
T002801,1649,6552,20%,42
T002803,1649,10195,20%,42
T002811,1649,9241,20%,42
T002827,1649,4874,20%,42
T002828,1649,8114,20%,42
T002835,1649,7977,20%,42
T002839,1649,5364,20%,42
T002841,1649,2308,20%,42
T002858,2027,1175,20%,42
T002866,2027,9371,20%,42
T002878,2027,7987,20%,42
T002879,2027,1245,20%,42
T002880,2027,8295,20%,42
T002884,2027,383,20%,42
T002894,2027,9570,20%,42
T002901,291,1786,20%,42
T002910,291,599,20%,42
T002923,291,1204,20%,42
T002928,291,2084,20%,42
T002932,291,1603,20%,42
T002944,291,4531,20%,42
T002945,291,5629,20%,42
T002951,4312,7706,20%,42
T002953,4312,5273,20%,42
T002966,4312,3088,20%,42
T002967,4312,7115,20%,42
T002975,4312,4646,20%,42
T002979,4312,996,20%,42
T002988,4312,1122,20%,42
T003002,4290,2347,20%,42
T003008,4290,6097,20%,42
T003009,4290,7079,20%,42
T003018,4290,973,20%,42
T003019,4290,1769,20%,42
T003020,4290,385,20%,42
T003022,4290,187,20%,42
T003024,4290,7372,20%,42
T003029,4290,1466,20%,42
T003034,4290,2646,20%,42
T003038,4290,8691,20%,42
T003051,2644,2632,20%,42
T003056,2644,664,20%,42
T003058,2644,7316,20%,42
T003062,2644,5084,20%,42
T003065,2644,1122,20%,42
T003066,2644,3055,20%,42
T003067,2644,26,20%,42
T003068,2644,1361,20%,42
T003076,2644,5587,20%,42
T003079,2644,1008,20%,42
T003084,2644,2600,20%,42
T003088,2644,7529,20%,42
T003091,2644,5803,20%,42
T003103,6049,1080,20%,42
T003104,6049,3901,20%,42
T003108,6049,4847,20%,42
T003114,6049,40,20%,42
T003124,6049,5747,20%,42
T003126,6049,4329,20%,42
T003129,6049,455,20%,42
T003132,6049,238,20%,42
T003138,6049,3479,20%,42
T003145,6049,5518,20%,42
T003147,6049,6349,20%,42
T003164,1005,3725,20%,42
T003173,1005,2243,20%,42
T003174,1005,3046,20%,42
T003175,1005,4546,20%,42
T003183,1005,25,20%,42
T003185,1005,2982,20%,42
T003198,1005,9797,20%,42
T003199,1005,863,20%,42
T003205,2526,231,20%,42
T003224,2526,173,20%,42
T003225,2526,2165,20%,42
T003227,2526,607,20%,42
T003233,2526,591,20%,42
T003242,2526,406,20%,42
T003245,2526,787,20%,42
T003246,2526,808,20%,42
T003257,5447,7764,20%,42
T003261,5447,1791,20%,42
T003262,5447,2385,20%,42
T003265,5447,4844,20%,42
T003282,5447,2093,20%,42
T003287,5447,5419,20%,42
T003296,5447,1226,20%,42
T003300,2725,1093,20%,42
T003301,2725,1802,20%,42
T003302,2725,2906,20%,42
T003311,2725,9638,20%,42
T003312,2725,101,20%,42
T003316,2725,67,20%,42
T003333,2725,8161,20%,42
T003342,2725,4169,20%,42
T003343,2725,8089,20%,42
T003349,2725,3024,20%,42
T003353,1014,821,20%,42
T003355,1014,8715,20%,42
T003358,1014,562,20%,42
T003360,1014,8113,20%,42
T003363,1014,89,20%,42
T003366,1014,229,20%,42
T003370,1014,7440,20%,42
T003375,1014,6253,20%,42
T003378,1014,3729,20%,42
T003379,1014,3106,20%,42
T003388,1014,941,20%,42
T003391,1014,7069,20%,42
T003396,1014,9230,20%,42
T003400,626,8532,20%,42
T003401,626,4054,20%,42
T003402,626,3025,20%,42
T003407,626,976,20%,42
T003423,626,8545,20%,42
T003426,626,10343,20%,42
T003431,626,6332,20%,42
T003433,626,5991,20%,42
T003438,626,2509,20%,42
T003440,626,124,20%,42
T003441,626,8751,20%,42
T003442,626,5408,20%,42
T003443,626,4064,20%,42
T003452,2059,4044,20%,42
T003459,2059,3971,20%,42
T003467,2059,1422,20%,42
T003471,2059,267,20%,42
T003472,2059,7088,20%,42
T003474,2059,4208,20%,42
T003476,2059,61,20%,42
T003478,2059,1036,20%,42
T003479,2059,7037,20%,42
T003481,2059,7942,20%,42
T003483,2059,9164,20%,42
T003484,2059,8791,20%,42
T003490,2059,9543,20%,42
T003491,2059,9792,20%,42
T003497,2059,7460,20%,42
T003502,6723,3926,20%,42
T003508,6723,7542,20%,42
T003510,6723,1992,20%,42
T003514,6723,5166,20%,42
T003526,6723,7977,20%,42
T003527,6723,1539,20%,42
T003529,6723,6887,20%,42
T003532,6723,1189,20%,42
T003542,6723,5746,20%,42
T003548,6723,3761,20%,42
T003550,6811,7940,20%,42
T003551,6811,5041,20%,42
T003553,6811,6485,20%,42
T003555,6811,4409,20%,42
T003565,6811,33,20%,42
T003571,6811,901,20%,42
T003580,6811,4024,20%,42
T003590,6811,4670,20%,42
T003601,5889,3479,20%,42
T003605,5889,5525,20%,42
T003611,5889,9792,20%,42
T003618,5889,7411,20%,42
T003620,5889,2626,20%,42
T003627,5889,3764,20%,42
T003638,5889,6119,20%,42
T003640,5889,5470,20%,42
T003650,5547,8867,20%,42
T003653,5547,4212,20%,42
T003657,5547,2656,20%,42
T003665,5547,12,20%,42
T003669,5547,278,20%,42
T003670,5547,3741,20%,42
T003673,5547,4416,20%,42
T003682,5547,4096,20%,42
T003684,5547,10195,20%,42
T003696,5547,4431,20%,42
T003699,5547,169,20%,42
T003701,8401,596,20%,42
T003706,8401,4831,20%,42
T003718,8401,5267,20%,42
T003721,8401,760,20%,42
T003734,8401,10293,20%,42
T003735,8401,7714,20%,42
T003738,8401,2300,20%,42
T003746,8401,9351,20%,42
T003747,8401,6821,20%,42
T003748,8401,27,20%,42
T003749,8401,5851,20%,42
T003750,343,2352,20%,42
T003751,343,5991,20%,42
T003756,343,5495,20%,42
T003769,343,1007,20%,42
T003772,343,9164,20%,42
T003775,343,1439,20%,42
T003776,343,1727,20%,42
T003777,343,3583,20%,42
T003788,343,264,20%,42
T003790,343,609,20%,42
T003791,343,8950,20%,42
T003801,308,5503,20%,42
T003802,308,5273,20%,42
T003809,308,56,20%,42
T003811,308,10342,20%,42
T003814,308,10067,20%,42
T003816,308,3331,20%,42
T003819,308,9906,20%,42
T003823,308,6374,20%,42
T003830,308,1039,20%,42
T003831,308,3066,20%,42
T003832,308,9257,20%,42
T003843,308,350,20%,42
T003844,308,5053,20%,42
T003850,3687,924,20%,42
T003851,3687,1337,20%,42
T003852,3687,4487,20%,42
T003853,3687,8615,20%,42
T003860,3687,1047,20%,42
T003871,3687,528,20%,42
T003872,3687,4838,20%,42
T003879,3687,6732,20%,42
T003880,3687,673,20%,42
T003882,3687,1,20%,42
T003888,3687,6284,20%,42
T003889,3687,4874,20%,42
T003892,3687,2916,20%,42
T003895,3687,5233,20%,42
T003896,3687,4178,20%,42
T003905,2834,3764,20%,42
T003907,2834,7242,20%,42
T003914,2834,3055,20%,42
T003922,2834,46,20%,42
T003929,2834,7981,20%,42
T003935,2834,3498,20%,42
T003938,2834,9701,20%,42
T003940,2834,1115,20%,42
T003941,2834,6777,20%,42
T003942,2834,2738,20%,42
T003945,2834,2240,20%,42
T003950,406,7449,20%,42
T003952,406,2535,20%,42
T003958,406,9237,20%,42
T003960,406,554,20%,42
T003961,406,86,20%,42
T003966,406,8007,20%,42
T003986,406,5385,20%,42
T003993,406,1361,20%,42
T003996,406,5630,20%,42
T004007,4238,1629,20%,42
T004009,4238,1388,20%,42
T004010,4238,5050,20%,42
T004018,4238,6796,20%,42
T004028,4238,690,20%,42
T004036,4238,3956,20%,42
T004046,4238,8883,20%,42
T004049,4238,8206,20%,42
T004051,8313,5091,20%,42
T004052,8313,4981,20%,42
T004061,8313,284,20%,42
T004062,8313,5162,20%,42
T004069,8313,3690,20%,42
T004071,8313,3484,20%,42
T004076,8313,3610,20%,42
T004089,8313,130,20%,42
T004090,8313,732,20%,42
T004092,8313,327,20%,42
T004095,8313,9351,20%,42
T004103,693,5514,20%,42
T004104,693,10293,20%,42
T004106,693,9544,20%,42
T004109,693,8746,20%,42
T004112,693,847,20%,42
T004121,693,185,20%,42
T004124,693,582,20%,42
T004129,693,8022,20%,42
T004139,693,3491,20%,42
T004150,2390,8565,20%,42
T004160,2390,1592,20%,42
T004161,2390,1574,20%,42
T004163,2390,6904,20%,42
T004168,2390,7076,20%,42
T004169,2390,8871,20%,42
T004170,2390,899,20%,42
T004175,2390,3117,20%,42
T004178,2390,2535,20%,42
T004185,2390,9,20%,42
T004187,2390,4879,20%,42
T004188,2390,9486,20%,42
T004191,2390,714,20%,42
T004192,2390,453,20%,42
T004195,2390,342,20%,42
T004201,199,1095,20%,42
T004203,199,32,20%,42
T004204,199,5955,20%,42
T004213,199,3024,20%,42
T004215,199,4150,20%,42
T004218,199,5657,20%,42
T004220,199,6134,20%,42
T004221,199,534,20%,42
T004227,199,6261,20%,42
T004229,199,5726,20%,42
T004234,199,138,20%,42
T004239,199,8111,20%,42
T004240,199,5882,20%,42
T004244,199,2332,20%,42
T004245,199,6109,20%,42
T004257,1022,5328,20%,42
T004258,1022,581,20%,42
T004260,1022,6934,20%,42
T004264,1022,1223,20%,42
T004266,1022,889,20%,42
T004275,1022,4890,20%,42
T004281,1022,467,20%,42
T004292,1022,71,20%,42
T004298,1022,56,20%,42
T004302,1248,4706,20%,42
T004303,1248,6601,20%,42
T004308,1248,5202,20%,42
T004314,1248,1896,20%,42
T004320,1248,3374,20%,42
T004332,1248,6520,20%,42
T004334,1248,3010,20%,42
T004335,1248,240,20%,42
T004337,1248,7996,20%,42
T004338,1248,1891,20%,42
T004339,1248,632,20%,42
T004340,1248,2509,20%,42
T004345,1248,8763,20%,42
T004349,1248,5944,20%,42
T004362,5065,3879,20%,42
T004366,5065,626,20%,42
T004372,5065,2866,20%,42
T004397,5065,5511,20%,42
T004401,476,4281,20%,42
T004414,476,6638,20%,42
T004423,476,244,20%,42
T004426,476,9853,20%,42
T004427,476,4033,20%,42
T004435,476,5177,20%,42
T004436,476,1755,20%,42
T004438,476,534,20%,42
T004442,476,2615,20%,42
T004445,476,7460,20%,42
T004447,476,5769,20%,42
T004449,476,7684,20%,42
T004453,1764,8712,20%,42
T004455,1764,7970,20%,42
T004458,1764,8312,20%,42
T004471,1764,4227,20%,42
T004473,1764,6978,20%,42
T004478,1764,1468,20%,42
T004484,1764,7942,20%,42
T004489,1764,6871,20%,42
T004494,1764,496,20%,42
T004499,1764,2749,20%,42
T004519,7601,6014,20%,42
T004521,7601,841,20%,42
T004535,7601,467,20%,42
T004537,7601,4769,20%,42
T004539,7601,7740,20%,42
T004542,7601,531,20%,42
T004544,7601,3833,20%,42
T004545,7601,3966,20%,42
T004560,7766,8700,20%,42
T004561,7766,6514,20%,42
T004562,7766,5510,20%,42
T004565,7766,6301,20%,42
T004572,7766,5714,20%,42
T004574,7766,6594,20%,42
T004578,7766,2417,20%,42
T004579,7766,8444,20%,42
T004583,7766,6325,20%,42
T004585,7766,1550,20%,42
T004589,7766,1211,20%,42
T004598,7766,3209,20%,42
T004599,7766,10177,20%,42
T004619,1657,987,20%,42
T004623,1657,4347,20%,42
T004624,1657,3165,20%,42
T004639,1657,6791,20%,42
T004641,1657,8408,20%,42
T004642,1657,2439,20%,42
T004643,1657,5708,20%,42
T004646,1657,2486,20%,42
T004651,578,2512,20%,42
T004653,578,170,20%,42
T004660,578,1183,20%,42
T004674,578,5364,20%,42
T004678,578,6339,20%,42
T004679,578,4221,20%,42
T004682,578,117,20%,42
T004684,578,1780,20%,42
T004685,578,1985,20%,42
T004686,578,2697,20%,42
T004705,1236,3585,20%,42
T004707,1236,404,20%,42
T004709,1236,3926,20%,42
T004718,1236,4215,20%,42
T004728,1236,872,20%,42
T004729,1236,5312,20%,42
T004742,1236,57,20%,42
T004743,1236,953,20%,42
T004754,1039,3938,20%,42
T004758,1039,206,20%,42
T004763,1039,6202,20%,42
T004765,1039,524,20%,42
T004767,1039,2486,20%,42
T004778,1039,3106,20%,42
T004781,1039,5067,20%,42
T004788,1039,9940,20%,42
T004790,1039,5225,20%,42
T004792,1039,9118,20%,42
T004794,1039,59,20%,42
T004800,2013,2478,20%,42
T004814,2013,1692,20%,42
T004827,2013,5233,20%,42
T004829,2013,7030,20%,42
T004846,2013,9808,20%,42
T004876,1147,5364,20%,42
T004885,1147,2733,20%,42
T004886,1147,672,20%,42
T004891,1147,3759,20%,42
T004895,1147,4949,20%,42
T004896,1147,7187,20%,42
T004899,1147,176,20%,42
T004903,176,1,20%,42
T004907,176,6284,20%,42
T004911,176,7334,20%,42
T004925,176,4469,20%,42
T004929,176,5267,20%,42
T004933,176,6396,20%,42
T004934,176,4191,20%,42
T004935,176,4503,20%,42
T004939,176,5061,20%,42
T004940,176,5671,20%,42
T004942,176,1631,20%,42
T004953,39,7002,20%,42
T004957,39,6079,20%,42
T004958,39,1017,20%,42
T004965,39,4367,20%,42
T004966,39,9039,20%,42
T004970,39,3951,20%,42
T004975,39,546,20%,42
T004984,39,4004,20%,42
T004987,39,6983,20%,42
T004988,39,8071,20%,42
T004991,39,899,20%,42
T004997,39,5761,20%,42
T005005,1154,128,20%,42
T005008,1154,615,20%,42
T005011,1154,985,20%,42
T005012,1154,136,20%,42
T005015,1154,187,20%,42
T005019,1154,4208,20%,42
T005022,1154,6685,20%,42
T005028,1154,9969,20%,42
T005029,1154,2787,20%,42
T005030,1154,5239,20%,42
T005043,1154,3517,20%,42
T005046,1154,4597,20%,42
T005050,5511,7937,20%,42
T005069,5511,9708,20%,42
T005080,5511,3331,20%,42
T005083,5511,278,20%,42
T005092,5511,8778,20%,42
T005094,5511,7740,20%,42
T005096,5511,889,20%,42
T005098,5511,6605,20%,42
T005101,7002,9236,20%,42
T005108,7002,2420,20%,42
T005112,7002,629,20%,42
T005119,7002,683,20%,42
T005124,7002,5982,20%,42
T005128,7002,3270,20%,42
T005133,7002,1658,20%,42
T005144,7002,264,20%,42
T005147,7002,2418,20%,42
T005162,4038,4808,20%,42
T005166,4038,118,20%,42
T005175,4038,314,20%,42
T005177,4038,1727,20%,42
T005178,4038,240,20%,42
T005180,4038,2374,20%,42
T005187,4038,5120,20%,42
T005188,4038,8816,20%,42
T005191,4038,100,20%,42
T005194,4038,266,20%,42
T005195,4038,3114,20%,42
T005202,469,413,20%,42
T005203,469,1163,20%,42
T005220,469,5408,20%,42
T005223,469,166,20%,42
T005225,469,4603,20%,42
T005226,469,2618,20%,42
T005229,469,5624,20%,42
T005230,469,6777,20%,42
T005232,469,3430,20%,42
T005251,4367,5065,20%,42
T005256,4367,6181,20%,42
T005263,4367,2432,20%,42
T005273,4367,279,20%,42
T005280,4367,3434,20%,42
T005283,4367,9084,20%,42
T005287,4367,690,20%,42
T005289,4367,6745,20%,42
T005293,4367,9733,20%,42
T005297,4367,6151,20%,42
T005298,4367,867,20%,42
T005300,3941,1012,20%,42
T005306,3941,198,20%,42
T005323,3941,4523,20%,42
T005326,3941,8859,20%,42
T005332,3941,10359,20%,42
T005337,3941,10040,20%,42
T005340,3941,967,20%,42
T005342,3941,1071,20%,42
T005345,3941,84,20%,42
T005353,6232,4499,20%,42
T005356,6232,387,20%,42
T005361,6232,4502,20%,42
T005365,6232,351,20%,42
T005366,6232,2319,20%,42
T005369,6232,12,20%,42
T005371,6232,6135,20%,42
T005377,6232,2004,20%,42
T005386,6232,1535,20%,42
T005387,6232,194,20%,42
T005394,6232,1801,20%,42
T005399,6232,4212,20%,42
T005407,9237,270,20%,42
T005416,9237,5368,20%,42
T005419,9237,4420,20%,42
T005422,9237,2243,20%,42
T005424,9237,2551,20%,42
T005425,9237,1992,20%,42
T005426,9237,6306,20%,42
T005427,9237,6602,20%,42
T005431,9237,9204,20%,42
T005438,9237,8691,20%,42
T005448,9237,340,20%,42
T005452,6485,175,20%,42
T005454,6485,940,20%,42
T005456,6485,819,20%,42
T005470,6485,4508,20%,42
T005473,6485,2264,20%,42
T005477,6485,2,20%,42
T005493,6485,2004,20%,42
T005496,6485,5993,20%,42
T005502,25,3362,20%,42
T005503,25,6332,20%,42
T005511,25,7890,20%,42
T005512,25,2881,20%,42
T005518,25,1095,20%,42
T005532,25,3350,20%,42
T005537,25,4724,20%,42
T005538,25,2083,20%,42
T005540,25,3467,20%,42
T005547,25,4,20%,42
T005553,221,5657,20%,42
T005557,221,2387,20%,42
T005559,221,4263,20%,42
T005560,221,968,20%,42
T005564,221,7333,20%,42
T005569,221,9199,20%,42
T005573,221,1122,20%,42
T005574,221,7333,20%,42
T005578,221,3274,20%,42
T005581,221,5452,20%,42
T005585,221,7976,20%,42
T005595,221,443,20%,42
T005597,221,1022,20%,42
T005600,2646,1175,20%,42
T005602,2646,1126,20%,42
T005604,2646,5953,20%,42
T005614,2646,6027,20%,42
T005623,2646,1054,20%,42
T005628,2646,3788,20%,42
T005636,2646,915,20%,42
T005640,2646,7706,20%,42
T005642,2646,1910,20%,42
T005651,4168,5726,20%,42
T005652,4168,4226,20%,42
T005657,4168,2154,20%,42
T005660,4168,128,20%,42
T005665,4168,3914,20%,42
T005667,4168,84,20%,42
T005688,4168,1125,20%,42
T005691,4168,1212,20%,42
T005706,6323,1755,20%,42
T005708,6323,2332,20%,42
T005712,6323,582,20%,42
T005714,6323,250,20%,42
T005716,6323,1815,20%,42
T005721,6323,2154,20%,42
T005734,6323,649,20%,42
T005739,6323,5470,20%,42
T005745,6323,2027,20%,42
T005756,3749,10206,20%,42
T005761,3749,9544,20%,42
T005768,3749,1047,20%,42
T005778,3749,1090,20%,42
T005780,3749,43,20%,42
T005783,3749,5589,20%,42
T005789,3749,1933,20%,42
T005799,3749,105,20%,42
T005807,688,4151,20%,42
T005823,688,987,20%,42
T005824,688,7429,20%,42
T005838,688,2352,20%,42
T005839,688,8088,20%,42
T005840,688,3208,20%,42
T005850,2244,24,20%,42
T005856,2244,2787,20%,42
T005858,2244,4314,20%,42
T005876,2244,378,20%,42
T005880,2244,4856,20%,42
T005881,2244,749,20%,42
T005886,2244,233,20%,42
T005893,2244,1490,20%,42
T005895,2244,2418,20%,42
T005899,2244,6909,20%,42
T005903,88,7942,20%,42
T005906,88,10148,20%,42
T005908,88,485,20%,42
T005913,88,6271,20%,42
T005916,88,714,20%,42
T005917,88,1164,20%,42
T005928,88,4215,20%,42
T005931,88,4314,20%,42
T005937,88,6374,20%,42
T005940,88,1116,20%,42
T005948,88,6432,20%,42
T005955,34,5747,20%,42
T005956,34,10314,20%,42
T005960,34,1130,20%,42
T005966,34,5393,20%,42
T005980,34,730,20%,42
T005993,34,4103,20%,42
T006000,1117,5657,20%,42
T006001,1117,4238,20%,42
T006011,1117,9830,20%,42
T006016,1117,4257,20%,42
T006017,1117,9853,20%,42
T006023,1117,612,20%,42
T006027,1117,1264,20%,42
T006038,1117,6664,20%,42
T006039,1117,573,20%,42
T006041,1117,341,20%,42
T006048,1117,1514,20%,42
T006051,1336,2118,20%,42
T006061,1336,206,20%,42
T006067,1336,1992,20%,42
T006068,1336,5714,20%,42
T006069,1336,306,20%,42
T006080,1336,2212,20%,42
T006081,1336,5549,20%,42
T006084,1336,6575,20%,42
T006085,1336,4376,20%,42
T006087,1336,1089,20%,42
T006097,1336,5392,20%,42
T006098,1336,7887,20%,42
T006107,4728,2484,20%,42
T006111,4728,409,20%,42
T006114,4728,284,20%,42
T006115,4728,3813,20%,42
T006121,4728,26,20%,42
T006126,4728,8373,20%,42
T006133,4728,4208,20%,42
T006136,4728,4355,20%,42
T006137,4728,9543,20%,42
T006144,4728,4048,20%,42
T006146,4728,8075,20%,42
T006147,4728,974,20%,42
T006155,4800,3479,20%,42
T006156,4800,4227,20%,42
T006162,4800,3479,20%,42
T006163,4800,1194,20%,42
T006175,4800,5678,20%,42
T006179,4800,5292,20%,42
T006180,4800,5622,20%,42
T006183,4800,7176,20%,42
T006185,4800,8346,20%,42
T006187,4800,3362,20%,42
T006190,4800,5159,20%,42
T006191,4800,2112,20%,42
T006193,4800,4221,20%,42
T006205,5624,9724,20%,42
T006209,5624,159,20%,42
T006211,5624,1189,20%,42
T006216,5624,3343,20%,42
T006226,5624,2433,20%,42
T006233,5624,5392,20%,42
T006235,5624,868,20%,42
T006238,5624,7811,20%,42
T006241,5624,2493,20%,42
T006242,5624,1361,20%,42
T006243,5624,5226,20%,42
T006248,5624,6949,20%,42
T006258,86,855,20%,42
T006264,86,1150,20%,42
T006271,86,6685,20%,42
T006272,86,101,20%,42
T006278,86,4546,20%,42
T006281,86,6263,20%,42
T006292,86,3484,20%,42
T006295,86,1202,20%,42
T006296,86,3567,20%,42
T006297,86,6890,20%,42
T006301,1188,6970,20%,42
T006312,1188,3052,20%,42
T006316,1188,5812,20%,42
T006331,1188,5708,20%,42
T006334,1188,3007,20%,42
T006338,1188,8571,20%,42
T006340,1188,3090,20%,42
T006341,1188,1099,20%,42
T006344,1188,6483,20%,42
T006356,85,203,20%,42
T006362,85,4486,20%,42
T006367,85,2165,20%,42
T006371,85,21,20%,42
T006378,85,9325,20%,42
T006379,85,1641,20%,42
T006382,85,4334,20%,42
T006386,85,3914,20%,42
T006388,85,1552,20%,42
T006391,85,3708,20%,42
T006399,85,5202,20%,42
T006401,3619,3253,20%,42
T006404,3619,185,20%,42
T006414,3619,3983,20%,42
T006416,3619,8207,20%,42
T006418,3619,132,20%,42
T006426,3619,6224,20%,42
T006431,3619,9610,20%,42
T006436,3619,612,20%,42
T006442,3619,3362,20%,42
T006444,3619,384,20%,42
T006450,136,2613,20%,42
T006459,136,1704,20%,42
T006465,136,2355,20%,42
T006468,136,808,20%,42
T006470,136,589,20%,42
T006471,136,2034,20%,42
T006476,136,6647,20%,42
T006485,136,253,20%,42
T006489,136,1122,20%,42
T006494,136,8339,20%,42
T006495,136,387,20%,42
T006500,3241,58,20%,42
T006503,3241,3056,20%,42
T006504,3241,171,20%,42
T006507,3241,8882,20%,42
T006508,3241,677,20%,42
T006516,3241,8050,20%,42
T006517,3241,5984,20%,42
T006518,3241,592,20%,42
T006520,3241,391,20%,42
T006522,3241,5803,20%,42
T006523,3241,8258,20%,42
T006550,4682,3950,20%,42
T006551,4682,240,20%,42
T006556,4682,1330,20%,42
T006557,4682,1152,20%,42
T006560,4682,2000,20%,42
T006566,4682,1613,20%,42
T006570,4682,6357,20%,42
T006571,4682,610,20%,42
T006573,4682,4450,20%,42
T006574,4682,7031,20%,42
T006578,4682,2613,20%,42
T006580,4682,6332,20%,42
T006590,4682,1219,20%,42
T006594,4682,5132,20%,42
T006603,3056,6301,20%,42
T006606,3056,4111,20%,42
T006607,3056,6606,20%,42
T006609,3056,6201,20%,42
T006610,3056,3609,20%,42
T006628,3056,4728,20%,42
T006636,3056,663,20%,42
T006646,3056,1933,20%,42
T006653,46,1007,20%,42
T006658,46,1798,20%,42
T006665,46,8982,20%,42
T006667,46,6887,20%,42
T006671,46,1310,20%,42
T006674,46,6030,20%,42
T006681,46,4445,20%,42
T006697,46,2417,20%,42
T006704,4469,1372,20%,42
T006705,4469,6059,20%,42
T006713,4469,1994,20%,42
T006719,4469,5824,20%,42
T006727,4469,86,20%,42
T006730,4469,9719,20%,42
T006738,4469,2093,20%,42
T006749,4469,8816,20%,42
T006751,5392,186,20%,42
T006753,5392,9292,20%,42
T006769,5392,10359,20%,42
T006770,5392,2332,20%,42
T006772,5392,7970,20%,42
T006774,5392,6698,20%,42
T006780,5392,5518,20%,42
T006782,5392,1718,20%,42
T006783,5392,105,20%,42
T006789,5392,1810,20%,42
T006794,5392,2164,20%,42
T006795,5392,93,20%,42
T006799,5392,4161,20%,42
T006801,7334,448,20%,42
T006807,7334,3879,20%,42
T006810,7334,6303,20%,42
T006811,7334,6425,20%,42
T006817,7334,959,20%,42
T006835,7334,3421,20%,42
T006841,7334,4263,20%,42
T006845,7334,235,20%,42
T006848,7334,2390,20%,42
T006850,852,6499,20%,42
T006861,852,863,20%,42
T006862,852,5159,20%,42
T006864,852,7049,20%,42
T006875,852,8745,20%,42
T006880,852,7601,20%,42
T006888,852,10071,20%,42
T006889,852,190,20%,42
T006893,852,159,20%,42
T006904,1168,3518,20%,42
T006907,1168,903,20%,42
T006910,1168,6094,20%,42
T006912,1168,1215,20%,42
T006916,1168,1095,20%,42
T006917,1168,8783,20%,42
T006918,1168,7250,20%,42
T006920,1168,8781,20%,42
T006925,1168,1468,20%,42
T006927,1168,2749,20%,42
T006928,1168,7372,20%,42
T006932,1168,5994,20%,42
T006939,1168,6301,20%,42
T006951,2042,6393,20%,42
T006952,2042,2956,20%,42
T006958,2042,3611,20%,42
T006963,2042,392,20%,42
T006966,2042,6299,20%,42
T006967,2042,1843,20%,42
T006973,2042,1243,20%,42
T006984,2042,9,20%,42
T006985,2042,2581,20%,42
T006989,2042,5963,20%,42
T006991,2042,8613,20%,42
T006992,2042,231,20%,42
T006999,2042,2433,20%,42
T007001,6284,9941,20%,42
T007003,6284,2078,20%,42
T007011,6284,6513,20%,42
T007015,6284,6263,20%,42
T007017,6284,226,20%,42
T007019,6284,8047,20%,42
T007020,6284,178,20%,42
T007021,6284,900,20%,42
T007025,6284,1050,20%,42
T007033,6284,1523,20%,42
T007039,6284,5287,20%,42
T007042,6284,128,20%,42
T007047,6284,1399,20%,42
T007049,6284,4096,20%,42
T007056,7018,2806,20%,42
T007064,7018,7913,20%,42
T007068,7018,137,20%,42
T007071,7018,4469,20%,42
T007081,7018,1985,20%,42
T007098,7018,8855,20%,42
T007105,3774,4808,20%,42
T007110,3774,1223,20%,42
T007113,3774,4355,20%,42
T007117,3774,926,20%,42
T007122,3774,5879,20%,42
T007145,3774,6851,20%,42
T007151,4603,3619,20%,42
T007159,4603,2390,20%,42
T007166,4603,1379,20%,42
T007168,4603,1306,20%,42
T007171,4603,266,20%,42
T007177,4603,7849,20%,42
T007182,4603,571,20%,42
T007183,4603,5494,20%,42
T007184,4603,245,20%,42
T007185,4603,6796,20%,42
T007190,4603,3316,20%,42
T007203,2881,527,20%,42
T007204,2881,4325,20%,42
T007205,2881,2010,20%,42
T007217,2881,2964,20%,42
T007232,2881,198,20%,42
T007233,2881,6602,20%,42
T007234,2881,8927,20%,42
T007238,2881,5233,20%,42
T007240,2881,6851,20%,42
T007244,2881,629,20%,42
T007248,2881,1200,20%,42
T007249,2881,4497,20%,42
T007250,3451,3224,20%,42
T007251,3451,8075,20%,42
T007252,3451,5746,20%,42
T007261,3451,7333,20%,42
T007273,3451,4048,20%,42
T007274,3451,174,20%,42
T007283,3451,4375,20%,42
T007291,3451,3456,20%,42
T007295,3451,562,20%,42
T007299,3451,4478,20%,42
T007302,1040,891,20%,42
T007304,1040,7610,20%,42
T007321,1040,3003,20%,42
T007330,1040,168,20%,42
T007337,1040,19,20%,42
T007339,1040,7357,20%,42
T007343,1040,5671,20%,42
T007357,2842,3055,20%,42
T007359,2842,9738,20%,42
T007361,2842,9351,20%,42
T007364,2842,3813,20%,42
T007365,2842,4168,20%,42
T007369,2842,3676,20%,42
T007383,2842,4367,20%,42
T007384,2842,4955,20%,42
T007385,2842,2331,20%,42
T007386,2842,3240,20%,42
T007388,2842,1888,20%,42
T007395,2842,1226,20%,42
T007400,6909,1372,20%,42
T007409,6909,2434,20%,42
T007411,6909,4469,20%,42
T007418,6909,2455,20%,42
T007420,6909,3439,20%,42
T007428,6909,2218,20%,42
T007432,6909,1179,20%,42
T007436,6909,7673,20%,42
T007444,6909,9119,20%,42
T007471,863,5368,20%,42
T007473,863,4145,20%,42
T007476,863,5748,20%,42
T007477,863,121,20%,42
T007479,863,2404,20%,42
T007482,863,4007,20%,42
T007488,863,3459,20%,42
T007496,863,4169,20%,42
T007497,863,6796,20%,42
T007505,386,8304,20%,42
T007506,386,9940,20%,42
T007512,386,9519,20%,42
T007513,386,234,20%,42
T007515,386,3232,20%,42
T007519,386,6754,20%,42
T007522,386,5226,20%,42
T007523,386,9204,20%,42
T007532,386,2987,20%,42
T007533,386,7665,20%,42
T007536,386,6406,20%,42
T007538,386,4862,20%,42
T007542,386,7764,20%,42
T007543,386,83,20%,42
T007550,5708,3870,20%,42
T007552,5708,267,20%,42
T007556,5708,1240,20%,42
T007558,5708,5009,20%,42
T007564,5708,6049,20%,42
T007565,5708,5495,20%,42
T007568,5708,217,20%,42
T007570,5708,7471,20%,42
T007593,5708,5744,20%,42
T007597,5708,9849,20%,42
T007598,5708,169,20%,42
T007602,871,3950,20%,42
T007612,871,10060,20%,42
T007614,871,2829,20%,42
T007621,871,3350,20%,42
T007625,871,76,20%,42
T007631,871,4761,20%,42
T007635,871,5769,20%,42
T007637,871,4732,20%,42
T007646,871,1243,20%,42
T007647,871,8732,20%,42
T007650,359,5993,20%,42
T007655,359,333,20%,42
T007656,359,211,20%,42
T007659,359,733,20%,42
T007666,359,1039,20%,42
T007682,359,900,20%,42
T007683,359,10206,20%,42
T007685,359,5226,20%,42
T007687,359,378,20%,42
T007688,359,1613,20%,42
T007693,359,7764,20%,42
T007700,7645,3804,20%,42
T007705,7645,46,20%,42
T007708,7645,4844,20%,42
T007713,7645,546,20%,42
T007726,7645,6978,20%,42
T007727,7645,5985,20%,42
T007728,7645,6353,20%,42
T007741,7645,8883,20%,42
T007750,1183,8861,20%,42
T007751,1183,1104,20%,42
T007755,1183,7601,20%,42
T007759,1183,9830,20%,42
T007762,1183,9175,20%,42
T007765,1183,5452,20%,42
T007768,1183,5944,20%,42
T007769,1183,748,20%,42
T007778,1183,5937,20%,42
T007783,1183,7976,20%,42
T007785,1183,9210,20%,42
T007786,1183,2609,20%,42
T007799,1183,4355,20%,42
T007806,7031,4741,20%,42
T007807,7031,9833,20%,42
T007826,7031,4285,20%,42
T007829,7031,1264,20%,42
T007830,7031,6897,20%,42
T007839,7031,5026,20%,42
T007840,7031,1626,20%,42
T007844,7031,3914,20%,42
T007845,7031,384,20%,42
T007848,7031,3708,20%,42
T007858,22,4292,20%,42
T007865,22,1991,20%,42
T007868,22,1802,20%,42
T007871,22,71,20%,42
T007891,22,6974,20%,42
T007920,2023,3232,20%,42
T007927,2023,6357,20%,42
T007930,2023,641,20%,42
T007932,2023,1048,20%,42
T007937,2023,6284,20%,42
T007938,2023,7818,20%,42
T007939,2023,7076,20%,42
T007945,2023,1008,20%,42
T007947,2023,5127,20%,42
T007948,2023,4011,20%,42
T007949,2023,155,20%,42
T007956,843,256,20%,42
T007957,843,4800,20%,42
T007958,843,7766,20%,42
T007961,843,6996,20%,42
T007968,843,3498,20%,42
T007973,843,6575,20%,42
T007978,843,5320,20%,42
T007984,843,8401,20%,42
T007985,843,5592,20%,42
T007988,843,5540,20%,42
T007995,843,10486,20%,42
T008000,5086,3676,20%,42
T008004,5086,79,20%,42
T008010,5086,967,20%,42
T008016,5086,7981,20%,42
T008019,5086,5746,20%,42
T008024,5086,3410,20%,42
T008025,5086,5319,20%,42
T008026,5086,10342,20%,42
T008029,5086,2949,20%,42
T008030,5086,3012,20%,42
T008042,5086,4432,20%,42
T008045,5086,2608,20%,42
T008046,5086,672,20%,42
T008049,5086,4204,20%,42
T008055,5748,8169,20%,42
T008065,5748,263,20%,42
T008067,5748,4399,20%,42
T008075,5748,5843,20%,42
T008077,5748,3585,20%,42
T008078,5748,9733,20%,42
T008080,5748,4121,20%,42
T008088,5748,6638,20%,42
T008092,5748,5180,20%,42
T008108,178,985,20%,42
T008120,178,1122,20%,42
T008124,178,5023,20%,42
T008126,178,6198,20%,42
T008134,178,327,20%,42
T008139,178,2794,20%,42
T008140,178,7069,20%,42
T008149,178,1317,20%,42
T008157,1048,1102,20%,42
T008164,1048,5811,20%,42
T008180,1048,8175,20%,42
T008188,1048,3749,20%,42
T008189,1048,9952,20%,42
T008204,1150,2829,20%,42
T008210,1150,3690,20%,42
T008213,1150,1154,20%,42
T008219,1150,7996,20%,42
T008220,1150,1196,20%,42
T008226,1150,59,20%,42
T008231,1150,6500,20%,42
T008234,1150,169,20%,42
T008237,1150,155,20%,42
T008242,1150,3459,20%,42
T008253,9833,3924,20%,42
T008255,9833,7937,20%,42
T008256,9833,6830,20%,42
T008257,9833,8664,20%,42
T008260,9833,6232,20%,42
T008274,9833,228,20%,42
T008294,9833,4546,20%,42
T008295,9833,291,20%,42
T008297,9833,6425,20%,42
T008302,986,609,20%,42
T008305,986,2725,20%,42
T008311,986,5824,20%,42
T008319,986,1124,20%,42
T008328,986,967,20%,42
T008329,986,607,20%,42
T008331,986,852,20%,42
T008333,986,1008,20%,42
T008334,986,4489,20%,42
T008341,986,5610,20%,42
T008343,986,277,20%,42
T008351,467,261,20%,42
T008353,467,3232,20%,42
T008355,467,43,20%,42
T008360,467,9545,20%,42
T008361,467,5834,20%,42
T008362,467,8507,20%,42
T008366,467,9731,20%,42
T008371,467,3678,20%,42
T008383,467,1124,20%,42
T008386,467,8767,20%,42
T008390,467,7079,20%,42
T008393,467,5392,20%,42
T008401,6891,10188,20%,42
T008406,6891,184,20%,42
T008407,6891,12,20%,42
T008408,6891,599,20%,42
T008416,6891,5368,20%,42
T008425,6891,250,20%,42
T008428,6891,3407,20%,42
T008430,6891,1039,20%,42
T008434,6891,3270,20%,42
T008438,6891,2510,20%,42
T008440,6891,2806,20%,42
T008445,6891,9084,20%,42
T008446,6891,638,20%,42
T008454,2397,2166,20%,42
T008456,2397,684,20%,42
T008463,2397,5991,20%,42
T008466,2397,6621,20%,42
T008470,2397,1079,20%,42
T008474,2397,5408,20%,42
T008475,2397,5120,20%,42
T008478,2397,196,20%,42
T008481,2397,7698,20%,42
T008488,2397,4981,20%,42
T008499,2397,6172,20%,42
T008508,3134,10071,20%,42
T008521,3134,7199,20%,42
T008535,3134,3464,20%,42
T008540,3134,5627,20%,42
T008546,3134,592,20%,42
T008549,3134,10080,20%,42
T008565,5834,6488,20%,42
T008568,5834,8922,20%,42
T008586,5834,977,20%,42
T008587,5834,130,20%,42
T008594,5834,1533,20%,42
T008596,5834,532,20%,42
T008597,5834,1005,20%,42
T008602,5944,3956,20%,42
T008604,5944,872,20%,42
T008606,5944,2023,20%,42
T008611,5944,27,20%,42
T008613,5944,654,20%,42
T008614,5944,477,20%,42
T008617,5944,587,20%,42
T008620,5944,2479,20%,42
T008624,5944,5162,20%,42
T008634,5944,5177,20%,42
T008636,5944,730,20%,42
T008644,5944,6094,20%,42
T008647,5944,179,20%,42
T008649,5944,2650,20%,42
T008650,5225,7811,20%,42
T008651,5225,4510,20%,42
T008659,5225,2751,20%,42
T008661,5225,3012,20%,42
T008666,5225,6709,20%,42
T008682,5225,8691,20%,42
T008690,5225,2390,20%,42
T008696,5225,5084,20%,42
T008698,5225,1891,20%,42
T008704,105,9351,20%,42
T008711,105,5529,20%,42
T008712,105,690,20%,42
T008715,105,1143,20%,42
T008720,105,5510,20%,42
T008721,105,4741,20%,42
T008725,105,174,20%,42
T008739,105,1692,20%,42
T008746,105,149,20%,42
T008760,976,2926,20%,42
T008765,976,2314,20%,42
T008770,976,893,20%,42
T008780,976,3165,20%,42
T008783,976,2558,20%,42
T008788,976,4232,20%,42
T008793,976,8613,20%,42
T008798,976,6244,20%,42
T008813,1,7991,20%,42
T008814,1,1152,20%,42
T008826,1,8416,20%,42
T008829,1,732,20%,42
T008833,1,33,20%,42
T008834,1,3296,20%,42
T008838,1,978,20%,42
T008852,3954,6023,20%,42
T008863,3954,3927,20%,42
T008865,3954,2471,20%,42
T008881,3954,1130,20%,42
T008883,3954,1292,20%,42
T008888,3954,7088,20%,42
T008892,3954,4191,20%,42
T008896,3954,8087,20%,42
T008897,3954,3610,20%,42
T008898,3954,7801,20%,42
T008900,8855,1002,20%,42
T008908,8855,2629,20%,42
T008911,8855,1245,20%,42
T008912,8855,8089,20%,42
T008914,8855,18,20%,42
T008916,8855,4670,20%,42
T008917,8855,8074,20%,42
T008921,8855,9235,20%,42
T008932,8855,2212,20%,42
T008935,8855,616,20%,42
T008936,8855,2637,20%,42
T008937,8855,9852,20%,42
T008942,8855,2275,20%,42
T008947,8855,2802,20%,42
T008951,31,7803,20%,42
T008964,31,1061,20%,42
T008968,31,7970,20%,42
T008971,31,3384,20%,42
T008972,31,9726,20%,42
T008976,31,9852,20%,42
T008980,31,228,20%,42
T008983,31,4088,20%,42
T008990,31,632,20%,42
T008992,31,5726,20%,42
T009002,404,8116,20%,42
T009009,404,2418,20%,42
T009019,404,2719,20%,42
T009020,404,589,20%,42
T009024,404,8258,20%,42
T009028,404,4432,20%,42
T009029,404,6432,20%,42
T009031,404,6412,20%,42
T009033,404,3619,20%,42
T009034,404,3787,20%,42
T009036,404,491,20%,42
T009042,404,1385,20%,42
T009043,404,2729,20%,42
T009057,532,6237,20%,42
T009058,532,432,20%,42
T009060,532,9272,20%,42
T009072,532,6339,20%,42
T009085,532,6558,20%,42
T009092,532,1422,20%,42
T009106,76,1088,20%,42
T009109,76,6433,20%,42
T009112,76,4874,20%,42
T009113,76,6027,20%,42
T009117,76,5326,20%,42
T009122,76,6811,20%,42
T009123,76,5028,20%,42
T009126,76,8388,20%,42
T009128,76,6213,20%,42
T009129,76,901,20%,42
T009158,612,881,20%,42
T009161,612,8236,20%,42
T009162,612,4888,20%,42
T009163,612,5235,20%,42
T009168,612,6334,20%,42
T009169,612,2404,20%,42
T009171,612,3095,20%,42
T009180,612,9512,20%,42
T009186,612,6374,20%,42
T009187,612,8612,20%,42
T009189,612,2881,20%,42
T009190,612,1174,20%,42
T009194,612,6682,20%,42
T009197,612,5419,20%,42
T009198,612,5237,20%,42
T009200,3982,1082,20%,42
T009203,3982,647,20%,42
T009206,3982,3572,20%,42
T009208,3982,2505,20%,42
T009217,3982,509,20%,42
T009218,3982,444,20%,42
T009220,3982,231,20%,42
T009251,1668,616,20%,42
T009261,1668,6030,20%,42
T009262,1668,9849,20%,42
T009264,1668,2552,20%,42
T009268,1668,5775,20%,42
T009269,1668,10281,20%,42
T009272,1668,432,20%,42
T009283,1668,2493,20%,42
T009287,1668,998,20%,42
T009308,2420,7128,20%,42
T009318,2420,529,20%,42
T009321,2420,5368,20%,42
T009334,2420,3524,20%,42
T009336,2420,4269,20%,42
T009346,2420,1126,20%,42
T009350,244,3090,20%,42
T009365,244,2423,20%,42
T009374,244,493,20%,42
T009388,244,8313,20%,42
T009394,244,3398,20%,42
T009398,244,2319,20%,42
T009400,1197,8732,20%,42
T009402,1197,2166,20%,42
T009415,1197,2581,20%,42
T009416,1197,2505,20%,42
T009418,1197,3629,20%,42
T009419,1197,3366,20%,42
T009423,1197,2693,20%,42
T009426,1197,4627,20%,42
T009427,1197,677,20%,42
T009429,1197,484,20%,42
T009430,1197,7724,20%,42
T009431,1197,1250,20%,42
T009432,1197,4232,20%,42
T009434,1197,2674,20%,42
T009436,1197,2164,20%,42
T009438,1197,3761,20%,42
T009442,1197,5968,20%,42
T009443,1197,4689,20%,42
T009453,2374,3330,20%,42
T009454,2374,226,20%,42
T009457,2374,4004,20%,42
T009461,2374,2632,20%,42
T009464,2374,2434,20%,42
T009473,2374,7906,20%,42
T009482,2374,943,20%,42
T009489,2374,585,20%,42
T009493,2374,611,20%,42
T009502,206,5004,20%,42
T009505,206,8236,20%,42
T009509,206,9087,20%,42
T009510,206,2646,20%,42
T009512,206,4364,20%,42
T009515,206,10101,20%,42
T009517,206,3366,20%,42
T009518,206,1196,20%,42
T009522,206,10359,20%,42
T009527,206,330,20%,42
T009530,206,6253,20%,42
T009538,206,6509,20%,42
T009540,206,4506,20%,42
T009545,206,4591,20%,42
T009552,5326,7357,20%,42
T009555,5326,5744,20%,42
T009558,5326,455,20%,42
T009564,5326,926,20%,42
T009566,5326,6891,20%,42
T009572,5326,8705,20%,42
T009585,5326,7615,20%,42
T009592,5326,2964,20%,42
T009598,5326,7724,20%,42
T009612,491,128,20%,42
T009614,491,93,20%,42
T009618,491,4329,20%,42
T009623,491,2710,20%,42
T009625,491,8380,20%,42
T009627,491,5990,20%,42
T009635,491,641,20%,42
T009644,491,6357,20%,42
T009653,1241,1931,20%,42
T009655,1241,1055,20%,42
T009657,1241,544,20%,42
T009664,1241,6726,20%,42
T009665,1241,2166,20%,42
T009668,1241,738,20%,42
T009671,1241,54,20%,42
T009674,1241,4693,20%,42
T009680,1241,458,20%,42
T009684,1241,5587,20%,42
T009685,1241,1954,20%,42
T009688,1241,5004,20%,42
T009693,1241,852,20%,42
T009707,5713,4312,20%,42
T009715,5713,3767,20%,42
T009716,5713,2851,20%,42
T009717,5713,7216,20%,42
T009720,5713,3470,20%,42
T009721,5713,8047,20%,42
T009726,5713,3366,20%,42
T009728,5713,5725,20%,42
T009733,5713,5752,20%,42
T009734,5713,3469,20%,42
T009737,5713,2527,20%,42
T009739,5713,5957,20%,42
T009743,5713,3400,20%,42
T009756,6353,332,20%,42
T009757,6353,9082,20%,42
T009758,6353,491,20%,42
T009771,6353,42,20%,42
T009774,6353,654,20%,42
T009775,6353,148,20%,42
T009779,6353,1180,20%,42
T009781,6353,3459,20%,42
T009785,6353,8207,20%,42
T009790,6353,641,20%,42
T009797,6353,2472,20%,42
T009799,6353,6575,20%,42
T009800,8,377,20%,42
T009802,8,7987,20%,42
T009815,8,697,20%,42
T009829,8,952,20%,42
T009833,8,129,20%,42
T009837,8,1188,20%,42
T009844,8,5937,20%,42
T009847,8,3410,20%,42
T009852,6796,4352,20%,42
T009853,6796,7684,20%,42
T009857,6796,2004,20%,42
T009880,6796,4958,20%,42
T009881,6796,4700,20%,42
T009882,6796,4409,20%,42
T009891,6796,243,20%,42
T009895,6796,3986,20%,42
T009902,1123,6743,20%,42
T009905,1123,4384,20%,42
T009906,1123,8007,20%,42
T009907,1123,4212,20%,42
T009908,1123,1399,20%,42
T009916,1123,8505,20%,42
T009922,1123,3693,20%,42
T009923,1123,2182,20%,42
T009926,1123,599,20%,42
T009929,1123,2000,20%,42
T009930,1123,4312,20%,42
T009933,1123,2435,20%,42
T009935,1123,4162,20%,42
T009941,1123,8169,20%,42
T009942,1123,5239,20%,42
T009943,1123,1254,20%,42
T009946,1123,1012,20%,42
T009950,277,10079,20%,42
T009952,277,4978,20%,42
T009953,277,198,20%,42
T009958,277,1049,20%,42
T009962,277,4265,20%,42
T009963,277,125,20%,42
T009965,277,4210,20%,42
T009968,277,8926,20%,42
T009971,277,5795,20%,42
T009972,277,3348,20%,42
T009976,277,125,20%,42
T009978,277,3118,20%,42
T009980,277,3270,20%,42
T009996,277,8871,20%,42
T010009,2575,3208,20%,42
T010012,2575,880,20%,42
T010019,2575,1704,20%,42
T010025,2575,1183,20%,42
T010026,2575,4290,20%,42
T010031,2575,208,20%,42
T010040,2575,1362,20%,42
T010051,101,3982,20%,42
T010069,101,330,20%,42
T010075,101,8399,20%,42
T010076,101,609,20%,42
T010087,101,2042,20%,42
T010101,372,7630,20%,42
T010109,372,10006,20%,42
T010112,372,5843,20%,42
T010123,372,233,20%,42
T010127,372,2986,20%,42
T010145,372,10148,20%,42
T010147,372,1629,20%,42
T010148,372,8732,20%,42
T010153,6014,2275,20%,42
T010160,6014,8914,20%,42
T010162,6014,872,20%,42
T010163,6014,2986,20%,42
T010176,6014,7870,20%,42
T010186,6014,6458,20%,42
T010189,6014,67,20%,42
T010192,6014,1938,20%,42
T010198,6014,1641,20%,42
T010199,6014,2535,20%,42
T010201,554,1168,20%,42
T010203,554,863,20%,42
T010206,554,6409,20%,42
T010207,554,86,20%,42
T010210,554,5643,20%,42
T010213,554,6045,20%,42
T010218,554,9797,20%,42
T010229,554,534,20%,42
T010231,554,614,20%,42
T010233,554,6909,20%,42
T010234,554,6575,20%,42
T010237,554,3503,20%,42
T010245,554,6441,20%,42
T010248,554,2397,20%,42
T010250,899,6332,20%,42
T010256,899,5125,20%,42
T010259,899,5736,20%,42
T010264,899,79,20%,42
T010272,899,90,20%,42
T010279,899,5812,20%,42
T010283,899,3469,20%,42
T010285,899,4193,20%,42
T010288,899,4420,20%,42
T010289,899,1007,20%,42
T010295,899,3630,20%,42
T010297,899,7786,20%,42
T010302,1082,7996,20%,42
T010312,1082,8791,20%,42
T010317,1082,688,20%,42
T010321,1082,5235,20%,42
T010323,1082,1330,20%,42
T010325,1082,3973,20%,42
T010328,1082,4431,20%,42
T010338,1082,384,20%,42
T010346,1082,2608,20%,42
T010347,1082,5317,20%,42
T010351,6079,2412,20%,42
T010356,6079,6605,20%,42
T010360,6079,1292,20%,42
T010361,6079,7103,20%,42
T010365,6079,4043,20%,42
T010369,6079,5955,20%,42
T010380,6079,1313,20%,42
T010391,6079,6334,20%,42
T010394,6079,1399,20%,42
T010395,6079,1036,20%,42
T010396,6079,3055,20%,42
T010399,6079,3758,20%,42
T010403,97,6339,20%,42
T010407,97,8127,20%,42
T010411,97,4387,20%,42
T010412,97,56,20%,42
T010418,97,592,20%,42
T010421,97,3498,20%,42
T010423,97,8745,20%,42
T010435,97,7103,20%,42
T010438,97,5271,20%,42
T010440,97,4164,20%,42
T010446,97,8198,20%,42
T010451,764,5162,20%,42
T010452,764,1664,20%,42
T010453,764,5381,20%,42
T010454,764,3103,20%,42
T010456,764,1098,20%,42
T010457,764,8613,20%,42
T010469,764,7049,20%,42
T010478,764,571,20%,42
T010482,764,860,20%,42
T010484,764,6412,20%,42
T010488,764,1603,20%,42
T010502,587,5094,20%,42
T010538,587,5984,20%,42
T010542,587,6674,20%,42
T010545,587,9764,20%,42
T010546,587,9731,20%,42
T010548,587,314,20%,42
T010556,858,2293,20%,42
T010562,858,9952,20%,42
T010567,858,5973,20%,42
T010570,858,1718,20%,42
T010572,858,2715,20%,42
T010573,858,1504,20%,42
T010574,858,6151,20%,42
T010580,858,3321,20%,42
T010583,858,6747,20%,42
T010585,858,1040,20%,42
T010588,858,3159,20%,42
T010591,858,38,20%,42
T010597,858,6993,20%,42
T010598,858,5252,20%,42
T010600,1769,4502,20%,42
T010602,1769,9193,20%,42
T010605,1769,101,20%,42
T010607,1769,9771,20%,42
T010621,1769,256,20%,42
T010624,1769,9292,20%,42
T010629,1769,1087,20%,42
T010631,1769,3914,20%,42
T010636,1769,207,20%,42
T010647,1769,4048,20%,42
T010650,2584,5034,20%,42
T010654,2584,370,20%,42
T010658,2584,1685,20%,42
T010660,2584,10101,20%,42
T010671,2584,3169,20%,42
T010676,2584,4362,20%,42
T010682,2584,5510,20%,42
T010683,2584,3326,20%,42
T010688,2584,1093,20%,42
T010690,2584,3630,20%,42
T010700,190,5366,20%,42
T010709,190,5761,20%,42
T010712,190,1574,20%,42
T010713,190,31,20%,42
T010714,190,7951,20%,42
T010720,190,8739,20%,42
T010723,190,3928,20%,42
T010727,190,7724,20%,42
T010728,190,952,20%,42
T010730,190,9719,20%,42
T010733,190,341,20%,42
T010735,190,6407,20%,42
T010739,190,5994,20%,42
T010743,190,6723,20%,42
T010746,190,3010,20%,42
T010750,3165,7489,20%,42
T010755,3165,5210,20%,42
T010761,3165,6750,20%,42
T010766,3165,2333,20%,42
T010767,3165,5887,20%,42
T010768,3165,4416,20%,42
T010769,3165,7970,20%,42
T010777,3165,5298,20%,42
T010778,3165,1330,20%,42
T010780,3165,8324,20%,42
T010790,3165,684,20%,42
T010793,3165,5245,20%,42
T010798,3165,25,20%,42
T010803,4969,1226,20%,42
T010807,4969,1657,20%,42
T010811,4969,7981,20%,42
T010814,4969,2417,20%,42
T010815,4969,2121,20%,42
T010818,4969,980,20%,42
T010819,4969,3583,20%,42
T010826,4969,1049,20%,42
T010836,4969,6412,20%,42
T010838,4969,183,20%,42
T010844,4969,7987,20%,42
T010853,238,3259,20%,42
T010862,238,10342,20%,42
T010865,238,250,20%,42
T010866,238,763,20%,42
T010868,238,27,20%,42
T010869,238,10333,20%,42
T010870,238,3356,20%,42
T010874,238,7269,20%,42
T010880,238,4646,20%,42
T010881,238,10325,20%,42
T010886,238,3240,20%,42
T010890,238,6622,20%,42
T010891,238,10314,20%,42
T010894,238,3209,20%,42
T010896,238,195,20%,42
T010898,238,2484,20%,42
T010900,536,4362,20%,42
T010911,536,1175,20%,42
T010927,536,6631,20%,42
T010930,536,9216,20%,42
T010932,536,2372,20%,42
T010948,536,7801,20%,42
T010950,4088,2085,20%,42
T010955,4088,2136,20%,42
T010957,4088,1299,20%,42
T010961,4088,596,20%,42
T010970,4088,1981,20%,42
T010975,4088,5748,20%,42
T010978,4088,7525,20%,42
T010985,4088,6815,20%,42
T010990,4088,5708,20%,42
T010997,4088,4111,20%,42
T010998,4088,4227,20%,42
T011001,5618,38,20%,42
T011002,5618,1031,20%,42
T011024,5618,145,20%,42
T011025,5618,6407,20%,42
T011034,5618,9254,20%,42
T011037,5618,6125,20%,42
T011038,5618,4856,20%,42
T011039,5618,601,20%,42
T011049,5618,2444,20%,42
T011054,203,7116,20%,42
T011064,203,4576,20%,42
T011066,203,2645,20%,42
T011067,203,1023,20%,42
T011075,203,1824,20%,42
T011079,203,49,20%,42
T011085,203,1655,20%,42
T011090,203,377,20%,42
T011099,203,1976,20%,42
T011100,231,341,20%,42
T011113,231,4191,20%,42
T011115,231,2118,20%,42
T011125,231,953,20%,42
T011126,231,6871,20%,42
T011134,231,7269,20%,42
T011137,231,4816,20%,42
T011146,231,8573,20%,42
T011150,237,3825,20%,42
T011163,237,1516,20%,42
T011173,237,688,20%,42
T011174,237,2961,20%,42
T011175,237,385,20%,42
T011176,237,2439,20%,42
T011182,237,132,20%,42
T011184,237,513,20%,42
T011186,237,3759,20%,42
T011188,237,4741,20%,42
T011192,237,8664,20%,42
T011201,32,2526,20%,42
T011206,32,5237,20%,42
T011211,32,2697,20%,42
T011213,32,5016,20%,42
T011216,32,86,20%,42
T011217,32,1603,20%,42
T011220,32,6996,20%,42
T011221,32,3206,20%,42
T011226,32,6891,20%,42
T011230,32,9064,20%,42
T011247,32,4982,20%,42
T011251,455,5393,20%,42
T011252,455,165,20%,42
T011254,455,1499,20%,42
T011259,455,923,20%,42
T011271,455,4064,20%,42
T011274,455,1801,20%,42
T011282,455,8882,20%,42
T011284,455,8295,20%,42
T011290,455,944,20%,42
T011294,455,536,20%,42
T011295,455,2554,20%,42
T011300,1545,6459,20%,42
T011307,1545,1212,20%,42
T011311,1545,1090,20%,42
T011312,1545,9764,20%,42
T011323,1545,518,20%,42
T011326,1545,4537,20%,42
T011330,1545,738,20%,42
T011332,1545,860,20%,42
T011340,1545,5286,20%,42
T011344,1545,4978,20%,42
T011346,1545,333,20%,42
T011349,1545,1658,20%,42
T011351,6934,4365,20%,42
T011355,6934,2446,20%,42
T011356,6934,178,20%,42
T011359,6934,641,20%,42
T011366,6934,391,20%,42
T011374,6934,637,20%,42
T011376,6934,2182,20%,42
T011378,6934,1243,20%,42
T011381,6934,86,20%,42
T011383,6934,800,20%,42
T011385,6934,9039,20%,42
T011387,6934,183,20%,42
T011390,6934,1040,20%,42
T011391,6934,2700,20%,42
T011395,6934,9544,20%,42
T011397,6934,1247,20%,42
T011405,763,6488,20%,42
T011409,763,714,20%,42
T011416,763,3430,20%,42
T011421,763,2189,20%,42
T011434,763,8531,20%,42
T011436,763,7429,20%,42
T011438,763,1524,20%,42
T011439,763,956,20%,42
T011440,763,4546,20%,42
T011442,763,6323,20%,42
T011444,763,4450,20%,42
T011447,763,3884,20%,42
T011448,763,2881,20%,42
T011455,1629,220,20%,42
T011459,1629,601,20%,42
T011460,1629,6303,20%,42
T011461,1629,7970,20%,42
T011466,1629,2493,20%,42
T011476,1629,3343,20%,42
T011477,1629,1023,20%,42
T011478,1629,7698,20%,42
T011493,1629,529,20%,42
T011498,1629,9650,20%,42
T011501,5725,4732,20%,42
T011505,5725,6833,20%,42
T011506,5725,4831,20%,42
T011507,5725,4334,20%,42
T011516,5725,1815,20%,42
T011520,5725,4226,20%,42
T011528,5725,1248,20%,42
T011533,5725,7849,20%,42
T011535,5725,10028,20%,42
T011540,5725,8866,20%,42
T011545,5725,1092,20%,42
T011550,148,2787,20%,42
T011556,148,1361,20%,42
T011558,148,1207,20%,42
T011564,148,696,20%,42
T011566,148,915,20%,42
T011567,148,567,20%,42
T011580,148,3719,20%,42
T011594,148,6840,20%,42
T011598,148,774,20%,42
T011603,5500,3956,20%,42
T011604,5500,3177,20%,42
T011618,5500,8950,20%,42
T011620,5500,3326,20%,42
T011630,5500,1143,20%,42
T011638,5500,2347,20%,42
T011641,5500,248,20%,42
T011642,5500,3270,20%,42
T011643,5500,3606,20%,42
T011653,5714,10231,20%,42
T011656,5714,2786,20%,42
T011668,5714,220,20%,42
T011673,5714,4890,20%,42
T011678,5714,4285,20%,42
T011695,5714,3609,20%,42
T011705,5957,3818,20%,42
T011710,5957,2446,20%,42
T011723,5957,1976,20%,42
T011726,5957,4585,20%,42
T011729,5957,7518,20%,42
T011772,384,2240,20%,42
T011783,384,5050,20%,42
T011785,384,632,20%,42
T011788,384,546,20%,42
T011790,384,5814,20%,42
T011794,384,1310,20%,42
T011795,384,6365,20%,42
T011798,384,1106,20%,42
T011810,2274,1082,20%,42
T011811,2274,341,20%,42
T011818,2274,3270,20%,42
T011819,2274,3927,20%,42
T011824,2274,2719,20%,42
T011838,2274,51,20%,42
T011842,2274,1179,20%,42
T011848,2274,251,20%,42
T011857,4424,1873,20%,42
T011858,4424,1829,20%,42
T011863,4424,86,20%,42
T011872,4424,2385,20%,42
T011880,4424,8583,20%,42
T011890,4424,1125,20%,42
T011896,4424,5278,20%,42
T011908,6119,718,20%,42
T011916,6119,3585,20%,42
T011920,6119,4649,20%,42
T011921,6119,4373,20%,42
T011928,6119,6079,20%,42
T011931,6119,6202,20%,42
T011934,6119,3118,20%,42
T011938,6119,8067,20%,42
T011941,6119,2240,20%,42
T011943,6119,3470,20%,42
T011946,6119,2918,20%,42
T011947,6119,9216,20%,42
T011957,8542,1219,20%,42
T011959,8542,1991,20%,42
T011968,8542,7610,20%,42
T011972,8542,1545,20%,42
T011973,8542,1603,20%,42
T011976,8542,7357,20%,42
T011977,8542,2107,20%,42
T011984,8542,6674,20%,42
T011989,8542,7645,20%,42
T011992,8542,1501,20%,42
T011993,8542,4384,20%,42
T011997,8542,6433,20%,42
T012000,9524,2666,20%,42
T012010,9524,6513,20%,42
T012012,9524,3069,20%,42
T012019,9524,6601,20%,42
T012031,9524,1514,20%,42
T012034,9524,9724,20%,42
T012035,9524,6373,20%,42
T012037,9524,3230,20%,42
T012039,9524,8505,20%,42
T012044,9524,8505,20%,42
T012047,9524,1188,20%,42
T012059,4982,7357,20%,42
T012068,4982,2834,20%,42
T012069,4982,370,20%,42
T012070,4982,5540,20%,42
T012076,4982,2240,20%,42
T012077,4982,3055,20%,42
T012078,4982,7525,20%,42
T012082,4982,254,20%,42
T012085,4982,704,20%,42
T012090,4982,4221,20%,42
T012091,4982,167,20%,42
T012095,4982,8175,20%,42
T012099,4982,9229,20%,42
T012107,4178,3209,20%,42
T012115,4178,2710,20%,42
T012126,4178,4152,20%,42
T012127,4178,480,20%,42
T012132,4178,4510,20%,42
T012139,4178,3690,20%,42
T012148,4178,2319,20%,42
T012154,6689,799,20%,42
T012156,6689,4193,20%,42
T012157,6689,592,20%,42
T012165,6689,1918,20%,42
T012171,6689,10030,20%,42
T012190,6689,6224,20%,42
T012191,6689,2100,20%,42
T012195,6689,421,20%,42
T012198,6689,231,20%,42
T012202,7099,443,20%,42
T012203,7099,7269,20%,42
T012209,7099,10314,20%,42
T012214,7099,9323,20%,42
T012215,7099,3788,20%,42
T012230,7099,183,20%,42
T012231,7099,5624,20%,42
T012244,7099,362,20%,42
T012245,7099,5984,20%,42
T012248,7099,4531,20%,42
T012257,173,7086,20%,42
T012263,173,4730,20%,42
T012268,173,10343,20%,42
T012272,173,5531,20%,42
T012284,173,8399,20%,42
T012286,173,199,20%,42
T012287,173,1992,20%,42
T012296,173,8859,20%,42
T012301,392,1087,20%,42
T012303,392,2347,20%,42
T012305,392,209,20%,42
T012315,392,6787,20%,42
T012320,392,2572,20%,42
T012322,392,5245,20%,42
T012325,392,1088,20%,42
T012328,392,391,20%,42
T012332,392,8982,20%,42
T012342,392,5671,20%,42
T012346,392,998,20%,42
T012349,392,5656,20%,42
T012353,2676,6094,20%,42
T012362,2676,5016,20%,42
T012365,2676,2423,20%,42
T012369,2676,959,20%,42
T012371,2676,7389,20%,42
T012373,2676,3697,20%,42
T012393,2676,748,20%,42
T012396,2676,9063,20%,42
T012399,2676,198,20%,42
T012404,4862,7796,20%,42
T012409,4862,84,20%,42
T012418,4862,4730,20%,42
T012423,4862,5657,20%,42
T012424,4862,5970,20%,42
T012429,4862,6325,20%,42
T012431,4862,3567,20%,42
T012441,4862,409,20%,42
T012443,4862,9241,20%,42
T012444,4862,7672,20%,42
T012461,6325,51,20%,42
T012463,6325,4627,20%,42
T012471,6325,87,20%,42
T012487,6325,3457,20%,42
T012489,6325,5725,20%,42
T012494,6325,3272,20%,42
T012496,6325,8203,20%,42
T012500,6425,3871,20%,42
T012511,6425,5095,20%,42
T012514,6425,4312,20%,42
T012517,6425,43,20%,42
T012520,6425,136,20%,42
T012530,6425,4689,20%,42
T012531,6425,485,20%,42
T012550,209,8444,20%,42
T012561,209,5153,20%,42
T012562,209,3928,20%,42
T012564,209,1193,20%,42
T012574,209,528,20%,42
T012581,209,638,20%,42
T012583,209,7766,20%,42
T012588,209,2244,20%,42
T012590,209,8355,20%,42
T012592,209,196,20%,42
T012594,209,1574,20%,42
T012595,209,3870,20%,42
T012603,881,544,20%,42
T012610,881,2548,20%,42
T012614,881,9377,20%,42
T012616,881,6353,20%,42
T012621,881,34,20%,42
T012622,881,8161,20%,42
T012630,881,6970,20%,42
T012637,881,539,20%,42
T012645,881,974,20%,42
T012647,881,46,20%,42
T012653,24,4816,20%,42
T012654,24,9853,20%,42
T012660,24,2441,20%,42
T012663,24,2075,20%,42
T012664,24,2289,20%,42
T012671,24,9254,20%,42
T012678,24,1938,20%,42
T012679,24,2108,20%,42
T012681,24,1292,20%,42
T012683,24,108,20%,42
T012699,24,149,20%,42
T012704,170,1204,20%,42
T012707,170,10120,20%,42
T012709,170,1610,20%,42
T012711,170,6125,20%,42
T012718,170,3922,20%,42
T012722,170,5171,20%,42
T012730,170,5769,20%,42
T012733,170,1040,20%,42
T012747,170,2059,20%,42
T012760,217,3520,20%,42
T012762,217,89,20%,42
T012770,217,6811,20%,42
T012773,217,3231,20%,42
T012775,217,6983,20%,42
T012786,217,7894,20%,42
T012800,1084,8206,20%,42
T012803,1084,371,20%,42
T012804,1084,3004,20%,42
T012808,1084,34,20%,42
T012810,1084,1117,20%,42
T012814,1084,1888,20%,42
T012828,1084,3693,20%,42
T012837,1084,1649,20%,42
T012839,1084,6115,20%,42
T012840,1084,654,20%,42
T012841,1084,343,20%,42
T012846,1084,7422,20%,42
T012851,5926,4920,20%,42
T012852,5926,6558,20%,42
T012856,5926,5714,20%,42
T012864,5926,3134,20%,42
T012870,5926,217,20%,42
T012874,5926,2013,20%,42
T012875,5926,3927,20%,42
T012880,5926,8416,20%,42
T012888,5926,9119,20%,42
T012889,5926,3241,20%,42
T012892,5926,858,20%,42
T012897,5926,4352,20%,42
T012898,5926,760,20%,42
T012900,7359,9731,20%,42
T012901,7359,243,20%,42
T012903,7359,733,20%,42
T012907,7359,4121,20%,42
T012913,7359,5271,20%,42
T012915,7359,49,20%,42
T012928,7359,3356,20%,42
T012934,7359,903,20%,42
T012944,7359,8507,20%,42
T012946,7359,3206,20%,42
T012949,7359,338,20%,42
T012953,1784,3708,20%,42
T012954,1784,2319,20%,42
T012955,1784,377,20%,42
T012962,1784,291,20%,42
T012964,1784,7995,20%,42
T012965,1784,226,20%,42
T012975,1784,5955,20%,42
T012979,1784,886,20%,42
T012982,1784,2441,20%,42
T012985,1784,6353,20%,42
T012987,1784,1286,20%,42
T012990,1784,4523,20%,42
T012991,1784,6373,20%,42
T012994,1784,5793,20%,42
T012998,1784,3941,20%,42
T013005,5582,2107,20%,42
T013008,5582,941,20%,42
T013014,5582,2136,20%,42
T013023,5582,8705,20%,42
T013027,5582,7673,20%,42
T013031,5582,351,20%,42
T013035,5582,7606,20%,42
T013036,5582,975,20%,42
T013037,5582,2118,20%,42
T013038,5582,319,20%,42
T013041,5582,5393,20%,42
T013042,5582,8074,20%,42
T013047,5582,3056,20%,42
T013050,1264,3926,20%,42
T013058,1264,7901,20%,42
T013060,1264,4226,20%,42
T013068,1264,3362,20%,42
T013074,1264,7411,20%,42
T013078,1264,3350,20%,42
T013080,1264,4499,20%,42
T013084,1264,4334,20%,42
T013086,1264,3169,20%,42
T013087,1264,721,20%,42
T013088,1264,6594,20%,42
T013091,1264,3524,20%,42
T013097,1264,612,20%,42
T013098,1264,947,20%,42
T013099,1264,647,20%,42
T013103,4955,2404,20%,42
T013106,4955,343,20%,42
T013111,4955,4193,20%,42
T013124,4955,6743,20%,42
T013131,4955,1124,20%,42
T013134,4955,9168,20%,42
T013135,4955,615,20%,42
T013137,4955,1641,20%,42
T013140,4955,9617,20%,42
T013152,1501,1226,20%,42
T013154,1501,860,20%,42
T013155,1501,2479,20%,42
T013159,1501,4743,20%,42
T013160,1501,1848,20%,42
T013163,1501,3467,20%,42
T013165,1501,403,20%,42
T013167,1501,5624,20%,42
T013168,1501,322,20%,42
T013175,1501,6125,20%,42
T013179,1501,5271,20%,42
T013180,1501,5527,20%,42
T013183,1501,3456,20%,42
T013184,1501,4043,20%,42
T013188,1501,771,20%,42
T013190,1501,3941,20%,42
T013192,1501,6514,20%,42
T013196,1501,771,20%,42
T013197,1501,152,20%,42
T013208,3118,5023,20%,42
T013214,3118,5982,20%,42
T013215,3118,13,20%,42
T013216,3118,8542,20%,42
T013222,3118,1542,20%,42
T013225,3118,2080,20%,42
T013227,3118,2551,20%,42
T013228,3118,384,20%,42
T013243,3118,2814,20%,42
T013247,3118,315,20%,42
T013250,3503,4895,20%,42
T013253,3503,1755,20%,42
T013259,3503,2165,20%,42
T013260,3503,6709,20%,42
T013261,3503,2291,20%,42
T013262,3503,5120,20%,42
T013263,3503,6745,20%,42
T013268,3503,5065,20%,42
T013269,3503,5287,20%,42
T013272,3503,5312,20%,42
T013277,3503,3321,20%,42
T013278,3503,1337,20%,42
T013283,3503,6271,20%,42
T013287,3503,4478,20%,42
T013288,3503,3088,20%,42
T013289,3503,6349,20%,42
T013290,3503,9543,20%,42
T013292,3503,9923,20%,42
T013294,3503,5094,20%,42
T013305,6682,1639,20%,42
T013311,6682,1054,20%,42
T013315,6682,2554,20%,42
T013316,6682,5447,20%,42
T013318,6682,6575,20%,42
T013319,6682,308,20%,42
T013322,6682,554,20%,42
T013326,6682,980,20%,42
T013327,6682,8399,20%,42
T013332,6682,518,20%,42
T013340,6682,2646,20%,42
T013342,6682,4210,20%,42
T013346,6682,6284,20%,42
T013352,198,2678,20%,42
T013353,198,1236,20%,42
T013355,198,1910,20%,42
T013358,198,244,20%,42
T013360,198,7069,20%,42
T013367,198,684,20%,42
T013370,198,6437,20%,42
T013373,198,1504,20%,42
T013377,198,4232,20%,42
T013378,198,3758,20%,42
T013379,198,32,20%,42
T013380,198,5364,20%,42
T013381,198,2851,20%,42
T013383,198,435,20%,42
T013399,198,3231,20%,42
T013407,1222,4393,20%,42
T013411,1222,3224,20%,42
T013414,1222,5982,20%,42
T013415,1222,7845,20%,42
T013416,1222,7317,20%,42
T013424,1222,8778,20%,42
T013425,1222,59,20%,42
T013426,1222,10535,20%,42
T013429,1222,1313,20%,42
T013438,1222,1055,20%,42
T013439,1222,6787,20%,42
T013441,1222,1132,20%,42
T013443,1222,956,20%,42
T013456,2829,889,20%,42
T013467,2829,4232,20%,42
T013471,2829,54,20%,42
T013472,2829,9084,20%,42
T013476,2829,2756,20%,42
T013500,1918,9708,20%,42
T013504,1918,595,20%,42
T013519,1918,2572,20%,42
T013526,1918,2034,20%,42
T013528,1918,476,20%,42
T013529,1918,4151,20%,42
T013533,1918,2264,20%,42
T013539,1918,87,20%,42
T013540,1918,84,20%,42
T013546,1918,2243,20%,42
T013547,1918,1049,20%,42
T013548,1918,2892,20%,42
T013550,7300,7018,20%,42
T013554,7300,105,20%,42
T013558,7300,5630,20%,42
T013562,7300,603,20%,42
T013563,7300,1054,20%,42
T013564,7300,470,20%,42
T013567,7300,7088,20%,42
T013568,7300,4373,20%,42
T013569,7300,8346,20%,42
T013573,7300,917,20%,42
T013574,7300,1031,20%,42
T013575,7300,1558,20%,42
T013577,7300,7167,20%,42
T013579,7300,9542,20%,42
T013590,7300,6265,20%,42
T013598,7300,4393,20%,42
T013614,8700,5381,20%,42
T013618,8700,2650,20%,42
T013619,8700,1959,20%,42
T013625,8700,5190,20%,42
T013627,8700,7429,20%,42
T013629,8700,10281,20%,42
T013632,8700,6806,20%,42
T013642,8700,598,20%,42
T013643,8700,2749,20%,42
T013651,3884,2549,20%,42
T013654,3884,365,20%,42
T013656,3884,4847,20%,42
T013657,3884,8617,20%,42
T013659,3884,2707,20%,42
T013663,3884,2308,20%,42
T013664,3884,3524,20%,42
T013676,3884,3010,20%,42
T013682,3884,8346,20%,42
T013687,3884,2629,20%,42
T013691,3884,5322,20%,42
T013692,3884,124,20%,42
T013702,3407,412,20%,42
T013713,3407,7037,20%,42
T013714,3407,5953,20%,42
T013723,3407,1306,20%,42
T013726,3407,3667,20%,42
T013727,3407,4621,20%,42
T013730,3407,2657,20%,42
T013732,3407,3884,20%,42
T013738,3407,858,20%,42
T013742,3407,3006,20%,42
T013747,3407,2549,20%,42
T013754,8712,121,20%,42
T013756,8712,4164,20%,42
T013768,8712,6284,20%,42
T013775,8712,5197,20%,42
T013778,8712,406,20%,42
T013783,8712,1250,20%,42
T013793,8712,9617,20%,42
T013794,8712,6334,20%,42
T013796,8712,3439,20%,42
T013798,8712,464,20%,42
T013799,8712,10486,20%,42
T013801,6349,4048,20%,42
T013803,6349,8470,20%,42
T013805,6349,2218,20%,42
T013810,6349,5436,20%,42
T013820,6349,1242,20%,42
T013824,6349,9323,20%,42
T013825,6349,4062,20%,42
T013826,6349,1039,20%,42
T013829,6349,2023,20%,42
T013835,6349,9519,20%,42
T013839,6349,9833,20%,42
T013844,6349,9941,20%,42
T013851,254,341,20%,42
T013855,254,7031,20%,42
T013857,254,8113,20%,42
T013870,254,573,20%,42
T013871,254,4347,20%,42
T013875,254,1384,20%,42
T013876,254,5026,20%,42
T013878,254,267,20%,42
T013885,254,4874,20%,42
T013893,254,4312,20%,42
T013899,254,14,20%,42
T013901,562,1523,20%,42
T013907,562,2510,20%,42
T013908,562,448,20%,42
T013913,562,4888,20%,42
T013920,562,67,20%,42
T013927,562,3439,20%,42
T013938,562,10333,20%,42
T013939,562,2526,20%,42
T013950,2875,3010,20%,42
T013953,2875,2374,20%,42
T013957,2875,1909,20%,42
T013964,2875,8613,20%,42
T013971,2875,5048,20%,42
T013990,2875,774,20%,42
T013999,2875,5048,20%,42
T014007,5015,749,20%,42
T014011,5015,3989,20%,42
T014013,5015,530,20%,42
T014016,5015,977,20%,42
T014037,5015,354,20%,42
T014040,5015,5736,20%,42
T014041,5015,1241,20%,42
T014042,5015,159,20%,42
T014044,5015,7981,20%,42
T014050,5120,4207,20%,42
T014053,5120,6079,20%,42
T014056,5120,843,20%,42
T014058,5120,1991,20%,42
T014060,5120,5736,20%,42
T014062,5120,1572,20%,42
T014068,5120,1317,20%,42
T014070,5120,1131,20%,42
T014073,5120,8146,20%,42
T014081,5120,491,20%,42
T014083,5120,426,20%,42
T014085,5120,4783,20%,42
T014088,5120,5833,20%,42
T014090,5120,71,20%,42
T014093,5120,5364,20%,42
T014096,5120,1248,20%,42
T014100,7402,10342,20%,42
T014102,7402,1177,20%,42
T014108,7402,3450,20%,42
T014122,7402,3479,20%,42
T014133,7402,5026,20%,42
T014134,7402,7357,20%,42
T014139,7402,3518,20%,42
T014141,7402,3786,20%,42
T014153,1867,5225,20%,42
T014154,1867,8381,20%,42
T014166,1867,8087,20%,42
T014184,1867,241,20%,42
T014194,1867,5531,20%,42
T014202,385,2374,20%,42
T014205,385,3818,20%,42
T014208,385,3159,20%,42
T014214,385,1639,20%,42
T014221,385,2733,20%,42
T014224,385,2059,20%,42
T014227,385,1388,20%,42
T014236,385,480,20%,42
T014237,385,4151,20%,42
T014240,385,3103,20%,42
T014249,385,926,20%,42
T014250,473,4831,20%,42
T014251,473,8392,20%,42
T014252,473,764,20%,42
T014253,473,1981,20%,42
T014256,473,3609,20%,42
T014257,473,1240,20%,42
T014260,473,3973,20%,42
T014268,473,6238,20%,42
T014270,473,6723,20%,42
T014278,473,210,20%,42
T014291,473,5708,20%,42
T014292,473,672,20%,42
T014295,473,1499,20%,42
T014296,473,485,20%,42
T014303,638,2314,20%,42
T014332,638,172,20%,42
T014333,638,1020,20%,42
T014335,638,6733,20%,42
T014336,638,264,20%,42
T014344,638,9507,20%,42
T014345,638,895,20%,42
T014348,638,2,20%,42
T014355,7030,65,20%,42
T014362,7030,4376,20%,42
T014373,7030,6750,20%,42
T014375,7030,2600,20%,42
T014378,7030,2009,20%,42
T014386,7030,4621,20%,42
T014389,7030,4503,20%,42
T014393,7030,6284,20%,42
T014402,2432,3386,20%,42
T014413,2432,8573,20%,42
T014418,2432,1130,20%,42
T014422,2432,9969,20%,42
T014434,2432,6109,20%,42
T014449,2432,988,20%,42
T014456,6181,2433,20%,42
T014457,6181,8496,20%,42
T014460,6181,5812,20%,42
T014463,6181,4862,20%,42
T014470,6181,5026,20%,42
T014473,6181,8663,20%,42
T014476,6181,4142,20%,42
T014481,6181,1966,20%,42
T014486,6181,3588,20%,42
T014487,6181,3729,20%,42
T014496,6181,243,20%,42
T014520,9940,4215,20%,42
T014526,9940,1150,20%,42
T014528,9940,3103,20%,42
T014533,9940,7894,20%,42
T014537,9940,184,20%,42
T014540,9940,5345,20%,42
T014545,9940,7665,20%,42
T014549,9940,10028,20%,42
T014552,36,114,20%,42
T014554,36,464,20%,42
T014561,36,2293,20%,42
T014568,36,5769,20%,42
T014569,36,7786,20%,42
T014571,36,787,20%,42
T014572,36,541,20%,42
T014573,36,7472,20%,42
T014574,36,3240,20%,42
T014575,36,6954,20%,42
T014576,36,6244,20%,42
T014581,36,5786,20%,42
T014586,36,1876,20%,42
T014588,36,7672,20%,42
T014595,36,915,20%,42
T014596,36,4139,20%,42
T014597,36,2004,20%,42
T014601,6193,4445,20%,42
T014610,6193,5967,20%,42
T014618,6193,6030,20%,42
T014619,6193,7090,20%,42
T014629,6193,3153,20%,42
T014632,6193,2485,20%,42
T014634,6193,2618,20%,42
T014637,6193,2656,20%,42
T014647,6193,2493,20%,42
T014651,157,261,20%,42
T014655,157,9638,20%,42
T014665,157,8573,20%,42
T014671,157,173,20%,42
T014673,157,3055,20%,42
T014681,157,2581,20%,42
T014690,157,6151,20%,42
T014695,157,9118,20%,42
T014702,774,1094,20%,42
T014705,774,8943,20%,42
T014706,774,3759,20%,42
T014707,774,581,20%,42
T014720,774,4004,20%,42
T014725,774,688,20%,42
T014742,774,5416,20%,42
T014748,774,6432,20%,42
T014754,3326,343,20%,42
T014757,3326,6747,20%,42
T014770,3326,616,20%,42
T014774,3326,3274,20%,42
T014784,3326,3966,20%,42
T014785,3326,3114,20%,42
T014808,378,8700,20%,42
T014809,378,8206,20%,42
T014822,378,5527,20%,42
T014832,378,413,20%,42
T014835,378,108,20%,42
T014836,378,8816,20%,42
T014839,378,3813,20%,42
T014851,458,2926,20%,42
T014855,458,1002,20%,42
T014864,458,6520,20%,42
T014867,458,2966,20%,42
T014872,458,7411,20%,42
T014883,458,7119,20%,42
T014893,458,2362,20%,42
T014895,458,3351,20%,42
T014904,9199,2112,20%,42
T014907,9199,6621,20%,42
T014910,9199,4306,20%,42
T014913,9199,6045,20%,42
T014915,9199,4955,20%,42
T014916,9199,6441,20%,42
T014918,9199,4523,20%,42
T014929,9199,1154,20%,42
T014933,9199,8050,20%,42
T014939,9199,3982,20%,42
T014940,9199,2189,20%,42
T014941,9199,5510,20%,42
T014945,9199,8751,20%,42
T014948,9199,673,20%,42
T014951,128,1755,20%,42
T014953,128,8047,20%,42
T014958,128,4142,20%,42
T014960,128,3356,20%,42
T014963,128,1867,20%,42
T014967,128,7226,20%,42
T014969,128,7630,20%,42
T014970,128,8545,20%,42
T014980,128,6361,20%,42
T014990,128,5527,20%,42
T014996,128,1838,20%,42
T015015,1398,2941,20%,42
T015016,1398,1754,20%,42
T015024,1398,5180,20%,42
T015037,1398,6135,20%,42
T015051,4347,2769,20%,42
T015058,4347,7024,20%,42
T015059,4347,2300,20%,42
T015061,4347,5393,20%,42
T015063,4347,2293,20%,42
T015064,4347,521,20%,42
T015070,4347,5843,20%,42
T015073,4347,2059,20%,42
T015088,4347,169,20%,42
T015090,4347,2916,20%,42
T015092,4347,7031,20%,42
T015093,4347,3491,20%,42
T015096,4347,872,20%,42
T015101,33,6750,20%,42
T015105,33,7529,20%,42
T015107,33,3374,20%,42
T015112,33,177,20%,42
T015117,33,581,20%,42
T015132,33,3025,20%,42
T015137,33,10040,20%,42
T015144,33,7120,20%,42
T015148,33,2271,20%,42
T015149,33,1514,20%,42
T015153,524,8339,20%,42
T015159,524,8664,20%,42
T015164,524,3232,20%,42
T015168,524,9168,20%,42
T015171,524,1786,20%,42
T015188,524,7116,20%,42
T015190,524,3350,20%,42
T015196,524,125,20%,42
T015208,821,7856,20%,42
T015214,821,1236,20%,42
T015221,821,2059,20%,42
T015223,821,6172,20%,42
T015230,821,3484,20%,42
T015237,821,332,20%,42
T015239,821,1093,20%,42
T015242,821,2271,20%,42
T015245,821,7987,20%,42
T015247,821,2700,20%,42
T015251,6838,241,20%,42
T015253,6838,5360,20%,42
T015254,6838,5360,20%,42
T015262,6838,1863,20%,42
T015267,6838,730,20%,42
T015272,6838,2083,20%,42
T015273,6838,1268,20%,42
T015277,6838,4463,20%,42
T015280,6838,2362,20%,42
T015294,6838,638,20%,42
T015303,38,4711,20%,42
T015307,38,1242,20%,42
T015309,38,3818,20%,42
T015318,38,467,20%,42
T015325,38,4649,20%,42
T015331,38,2042,20%,42
T015336,38,6514,20%,42
T015338,38,637,20%,42
T015344,38,959,20%,42
T015345,38,6622,20%,42
T015348,38,2275,20%,42
T015353,58,1236,20%,42
T015362,58,2200,20%,42
T015366,58,5556,20%,42
T015367,58,6889,20%,42
T015375,58,4403,20%,42
T015376,58,210,20%,42
T015378,58,3180,20%,42
T015380,58,943,20%,42
T015384,58,1079,20%,42
T015387,58,3516,20%,42
T015388,58,1330,20%,42
T015392,58,4294,20%,42
T015395,58,9719,20%,42
T015400,8857,5172,20%,42
T015401,8857,5761,20%,42
T015405,8857,10231,20%,42
T015420,8857,637,20%,42
T015432,8857,966,20%,42
T015436,8857,1002,20%,42
T015437,8857,4325,20%,42
T015438,8857,6274,20%,42
T015443,8857,4724,20%,42
T015444,8857,2,20%,42
T015455,477,565,20%,42
T015464,477,3629,20%,42
T015466,477,6573,20%,42
T015468,477,5042,20%,42
T015469,477,9118,20%,42
T015476,477,3674,20%,42
T015480,477,10122,20%,42
T015484,477,8399,20%,42
T015494,477,5769,20%,42
T015498,477,71,20%,42
T015499,477,3467,20%,42
T015512,5525,901,20%,42
T015520,5525,704,20%,42
T015522,5525,881,20%,42
T015526,5525,3667,20%,42
T015528,5525,7714,20%,42
T015535,5525,696,20%,42
T015537,5525,2949,20%,42
T015541,5525,2332,20%,42
T015551,5416,8969,20%,42
T015552,5416,1727,20%,42
T015556,5416,1802,20%,42
T015561,5416,5494,20%,42
T015562,5416,9486,20%,42
T015566,5416,2787,20%,42
T015570,5416,4604,20%,42
T015574,5416,3296,20%,42
T015575,5416,85,20%,42
T015595,5416,975,20%,42
T015598,5416,6265,20%,42
T015599,5416,3690,20%,42
T015600,6709,6237,20%,42
T015604,6709,2034,20%,42
T015614,6709,2906,20%,42
T015619,6709,258,20%,42
T015621,6709,311,20%,42
T015623,6709,1088,20%,42
T015632,6709,4762,20%,42
T015633,6709,178,20%,42
T015635,6709,3366,20%,42
T015638,6709,1785,20%,42
T015643,6709,8613,20%,42
T015652,1457,7226,20%,42
T015658,1457,3503,20%,42
T015659,1457,3265,20%,42
T015670,1457,1193,20%,42
T015671,1457,9292,20%,42
T015672,1457,6889,20%,42
T015681,1457,9719,20%,42
T015692,1457,986,20%,42
T015695,1457,1202,20%,42
T015697,1457,6059,20%,42
T015702,174,5618,20%,42
T015711,174,3139,20%,42
T015716,174,5273,20%,42
T015720,174,8505,20%,42
T015722,174,2602,20%,42
T015723,174,2734,20%,42
T015731,174,1242,20%,42
T015736,174,1769,20%,42
T015738,174,2486,20%,42
T015745,174,4848,20%,42
T015760,2404,9115,20%,42
T015775,2404,5470,20%,42
T015780,2404,409,20%,42
T015783,2404,1131,20%,42
T015784,2404,372,20%,42
T015787,2404,5839,20%,42
T015791,2404,2240,20%,42
T015797,2404,2866,20%,42
T015800,2446,4968,20%,42
T015805,2446,975,20%,42
T015808,2446,7995,20%,42
T015816,2446,2194,20%,42
T015817,2446,2804,20%,42
T015827,2446,3330,20%,42
T015829,2446,10028,20%,42
T015836,2446,738,20%,42
T015851,3520,6594,20%,42
T015861,3520,605,20%,42
T015871,3520,6909,20%,42
T015874,3520,4627,20%,42
T015878,3520,2420,20%,42
T015884,3520,1163,20%,42
T015885,3520,295,20%,42
T015889,3520,1133,20%,42
T015890,3520,7888,20%,42
T015891,3520,9833,20%,42
T015893,3520,998,20%,42
T015895,3520,6791,20%,42
T015896,3520,2756,20%,42
T015904,8819,1375,20%,42
T015912,8819,1048,20%,42
T015914,8819,2526,20%,42
T015917,8819,8927,20%,42
T015921,8819,5656,20%,42
T015928,8819,14,20%,42
T015934,8819,671,20%,42
T015939,8819,3154,20%,42
T015946,8819,1202,20%,42
T015947,8819,2787,20%,42
T015961,245,4054,20%,42
T015963,245,4207,20%,42
T015965,245,7316,20%,42
T015966,245,4161,20%,42
T015967,245,2639,20%,42
T015968,245,3052,20%,42
T015969,245,3758,20%,42
T015972,245,5589,20%,42
T015973,245,497,20%,42
T015991,245,10145,20%,42
T015996,245,6151,20%,42
T015997,245,1785,20%,42
T016000,1194,7128,20%,42
T016008,1194,120,20%,42
T016011,1194,2613,20%,42
T016015,1194,8087,20%,42
T016018,1194,1132,20%,42
T016031,1194,4064,20%,42
T016036,1194,626,20%,42
T016038,1194,684,20%,42
T016041,1194,5235,20%,42
T016062,1215,8542,20%,42
T016069,1215,1422,20%,42
T016070,1215,2769,20%,42
T016071,1215,7714,20%,42
T016074,1215,6088,20%,42
T016077,1215,587,20%,42
T016078,1215,4281,20%,42
T016079,1215,8063,20%,42
T016086,1215,6733,20%,42
T016087,1215,6951,20%,42
T016089,1215,73,20%,42
T016092,1215,513,20%,42
T016108,3591,2314,20%,42
T016109,3591,3434,20%,42
T016117,3591,2693,20%,42
T016123,3591,1626,20%,42
T016124,3591,5292,20%,42
T016125,3591,5994,20%,42
T016139,3591,1439,20%,42
T016140,3591,6063,20%,42
T016141,3591,2417,20%,42
T016143,3591,4162,20%,42
T016149,3591,9369,20%,42
T016157,3927,10206,20%,42
T016162,3927,3761,20%,42
T016168,3927,2240,20%,42
T016170,3927,238,20%,42
T016176,3927,647,20%,42
T016178,3927,4139,20%,42
T016181,3927,340,20%,42
T016186,3927,573,20%,42
T016193,3927,3749,20%,42
T016195,3927,2710,20%,42
T016196,3927,1092,20%,42
T016203,5320,772,20%,42
T016211,5320,5368,20%,42
T016214,5320,6334,20%,42
T016216,5320,6370,20%,42
T016219,5320,6601,20%,42
T016224,5320,1673,20%,42
T016226,5320,3936,20%,42
T016234,5320,7359,20%,42
T016236,5320,6565,20%,42
T016258,165,3678,20%,42
T016259,165,7116,20%,42
T016260,165,371,20%,42
T016261,165,7226,20%,42
T016264,165,1124,20%,42
T016266,165,8312,20%,42
T016276,165,562,20%,42
T016281,165,1592,20%,42
T016284,165,179,20%,42
T016285,165,1876,20%,42
T016298,165,4150,20%,42
T016306,868,2602,20%,42
T016314,868,1243,20%,42
T016318,868,9738,20%,42
T016323,868,448,20%,42
T016328,868,1398,20%,42
T016329,868,7593,20%,42
T016334,868,9923,20%,42
T016341,868,1755,20%,42
T016347,868,4585,20%,42
T016348,868,4048,20%,42
T016357,6565,2010,20%,42
T016360,6565,10281,20%,42
T016362,6565,9650,20%,42
T016364,6565,2633,20%,42
T016370,6565,5967,20%,42
T016390,6565,3989,20%,42
T016391,6565,591,20%,42
T016393,6565,5587,20%,42
T016401,84,4004,20%,42
T016406,84,473,20%,42
T016411,84,8781,20%,42
T016412,84,8241,20%,42
T016417,84,2786,20%,42
T016451,251,3056,20%,42
T016455,251,4724,20%,42
T016460,251,6045,20%,42
T016464,251,90,20%,42
T016465,251,2509,20%,42
T016471,251,6519,20%,42
T016477,251,393,20%,42
T016486,251,1550,20%,42
T016493,251,5927,20%,42
T016494,251,233,20%,42
T016506,8075,7913,20%,42
T016507,8075,4314,20%,42
T016514,8075,577,20%,42
T016517,8075,2770,20%,42
T016518,8075,671,20%,42
T016519,8075,5444,20%,42
T016536,8075,800,20%,42
T016538,8075,10343,20%,42
T016539,8075,1123,20%,42
T016544,8075,3775,20%,42
T016556,2956,2646,20%,42
T016559,2956,4888,20%,42
T016562,2956,65,20%,42
T016573,2956,6663,20%,42
T016576,2956,9617,20%,42
T016580,2956,3583,20%,42
T016592,2956,6520,20%,42
T016595,2956,1558,20%,42
T016596,2956,3016,20%,42
T016599,2956,2346,20%,42
T016603,5278,383,20%,42
T016611,5278,3214,20%,42
T016618,5278,18,20%,42
T016624,5278,571,20%,42
T016625,5278,5171,20%,42
T016626,5278,9064,20%,42
T016648,5278,1236,20%,42
T016650,3430,8127,20%,42
T016653,3430,2786,20%,42
T016662,3430,541,20%,42
T016670,3430,8161,20%,42
T016672,3430,12,20%,42
T016679,3430,587,20%,42
T016686,3430,1574,20%,42
T016690,3430,1655,20%,42
T016694,3430,1412,20%,42
T016703,8778,4847,20%,42
T016707,8778,1384,20%,42
T016715,8778,4958,20%,42
T016721,8778,1494,20%,42
T016723,8778,6622,20%,42
T016729,8778,5843,20%,42
T016732,8778,3729,20%,42
T016733,8778,2769,20%,42
T016735,8778,2710,20%,42
T016740,8778,311,20%,42
T016747,8778,3153,20%,42
T016755,51,763,20%,42
T016767,51,5926,20%,42
T016769,51,1645,20%,42
T016775,51,7856,20%,42
T016777,51,5624,20%,42
T016785,51,5048,20%,42
T016788,51,5495,20%,42
T016805,659,7086,20%,42
T016812,659,1669,20%,42
T016819,659,3690,20%,42
T016822,659,975,20%,42
T016831,659,8050,20%,42
T016839,659,5438,20%,42
T016840,659,7801,20%,42
T016846,659,5377,20%,42
T016858,1931,71,20%,42
T016863,1931,4585,20%,42
T016864,1931,2059,20%,42
T016868,1931,4100,20%,42
T016871,1931,333,20%,42
T016872,1931,1639,20%,42
T016879,1931,4169,20%,42
T016882,1931,1693,20%,42
T016892,1931,6960,20%,42
T016897,1931,2666,20%,42
T016898,1931,118,20%,42
T016900,2164,4281,20%,42
T016902,2164,5678,20%,42
T016904,2164,10101,20%,42
T016906,2164,978,20%,42
T016921,2164,114,20%,42
T016923,2164,61,20%,42
T016925,2164,953,20%,42
T016931,2164,844,20%,42
T016932,2164,2108,20%,42
T016933,2164,378,20%,42
T016937,2164,4968,20%,42
T016942,2164,2084,20%,42
T016943,2164,6692,20%,42
T016954,3761,6664,20%,42
T016956,3761,674,20%,42
T016957,3761,2575,20%,42
T016959,3761,5657,20%,42
T016963,3761,818,20%,42
T016970,3761,2633,20%,42
T016977,3761,2291,20%,42
T016979,3761,10080,20%,42
T016980,3761,469,20%,42
T016984,3761,9235,20%,42
T016991,3761,2693,20%,42
T016997,3761,5444,20%,42
T016998,3761,6558,20%,42
T017004,5549,5172,20%,42
T017006,5549,342,20%,42
T017008,5549,5239,20%,42
T017009,5549,403,20%,42
T017011,5549,6181,20%,42
T017025,5549,914,20%,42
T017026,5549,6745,20%,42
T017041,5549,8339,20%,42
T017043,5549,8969,20%,42
T017044,5549,8401,20%,42
T017056,5563,1268,20%,42
T017057,5563,1215,20%,42
T017064,5563,290,20%,42
T017066,5563,3693,20%,42
T017069,5563,9119,20%,42
T017070,5563,7776,20%,42
T017071,5563,881,20%,42
T017072,5563,2352,20%,42
T017076,5563,4312,20%,42
T017080,5563,174,20%,42
T017092,5563,7991,20%,42
T017093,5563,1639,20%,42
T017101,35,2966,20%,42
T017105,35,168,20%,42
T017113,35,4062,20%,42
T017117,35,2337,20%,42
T017127,35,8814,20%,42
T017128,35,3609,20%,42
T017131,35,2794,20%,42
T017133,35,10122,20%,42
T017141,35,2362,20%,42
T017145,35,532,20%,42
T017150,673,4367,20%,42
T017156,673,6575,20%,42
T017161,673,386,20%,42
T017190,673,3006,20%,42
T017193,673,5527,20%,42
T017194,673,4890,20%,42
T017200,3434,6750,20%,42
T017202,3434,819,20%,42
T017203,3434,2554,20%,42
T017206,3434,2804,20%,42
T017207,3434,1669,20%,42
T017211,3434,606,20%,42
T017214,3434,3459,20%,42
T017216,3434,2644,20%,42
T017218,3434,4096,20%,42
T017224,3434,6733,20%,42
T017225,3434,4920,20%,42
T017226,3434,61,20%,42
T017241,3434,3517,20%,42
T017243,3434,9124,20%,42
T017256,4193,2196,20%,42
T017257,4193,8088,20%,42
T017258,4193,2964,20%,42
T017259,4193,5026,20%,42
T017261,4193,290,20%,42
T017270,4193,6891,20%,42
T017275,4193,3069,20%,42
T017276,4193,4027,20%,42
T017279,4193,5292,20%,42
T017294,4193,9941,20%,42
T017302,4508,284,20%,42
T017311,4508,9923,20%,42
T017314,4508,6023,20%,42
T017323,4508,2609,20%,42
T017326,4508,8541,20%,42
T017328,4508,5488,20%,42
T017329,4508,2558,20%,42
T017338,4508,3470,20%,42
T017341,4508,7120,20%,42
T017352,26,10314,20%,42
T017361,26,8074,20%,42
T017362,26,1133,20%,42
T017368,26,2842,20%,42
T017371,26,9034,20%,42
T017372,26,13,20%,42
T017378,26,6128,20%,42
T017380,26,6244,20%,42
T017382,26,5556,20%,42
T017388,26,2749,20%,42
T017391,26,3774,20%,42
T017392,26,436,20%,42
T017393,26,2300,20%,42
T017411,2100,2240,20%,42
T017414,2100,6621,20%,42
T017415,2100,6261,20%,42
T017417,2100,7796,20%,42
T017434,2100,881,20%,42
T017441,2100,4874,20%,42
T017451,2329,7128,20%,42
T017460,2329,2707,20%,42
T017462,2329,200,20%,42
T017466,2329,148,20%,42
T017467,2329,5468,20%,42
T017471,2329,6890,20%,42
T017473,2329,1241,20%,42
T017483,2329,5053,20%,42
T017484,2329,5879,20%,42
T017494,2329,7951,20%,42
T017501,3348,6983,20%,42
T017502,3348,4403,20%,42
T017513,3348,2009,20%,42
T017516,3348,5744,20%,42
T017525,3348,129,20%,42
T017537,3348,5752,20%,42
T017538,3348,10261,20%,42
T017541,3348,5958,20%,42
T017542,3348,1784,20%,42
T017546,3348,8855,20%,42
T017550,4537,4741,20%,42
T017552,4537,1207,20%,42
T017559,4537,9236,20%,42
T017563,4537,3439,20%,42
T017565,4537,8074,20%,42
T017566,4537,10006,20%,42
T017574,4537,3524,20%,42
T017576,4537,2182,20%,42
T017577,4537,3457,20%,42
T017582,4537,61,20%,42
T017592,4537,2715,20%,42
T017593,4537,170,20%,42
T017594,4537,10342,20%,42
T017595,4537,3618,20%,42
T017596,4537,1342,20%,42
T017598,4537,6090,20%,42
T017605,4622,748,20%,42
T017616,4622,492,20%,42
T017625,4622,8067,20%,42
T017632,4622,1005,20%,42
T017634,4622,1120,20%,42
T017637,4622,3139,20%,42
T017642,4622,9168,20%,42
T017653,923,1385,20%,42
T017654,923,10080,20%,42
T017656,923,1143,20%,42
T017657,923,5053,20%,42
T017665,923,562,20%,42
T017667,923,3265,20%,42
T017672,923,2166,20%,42
T017675,923,1613,20%,42
T017681,923,6432,20%,42
T017685,923,1457,20%,42
T017690,923,1093,20%,42
T017691,923,6960,20%,42
T017694,923,367,20%,42
T017695,923,5273,20%,42
T017696,923,7913,20%,42
T017699,923,2000,20%,42
T017700,412,9724,20%,42
T017702,412,6396,20%,42
T017708,412,10067,20%,42
T017717,412,1031,20%,42
T017733,412,4711,20%,42
T017742,412,4384,20%,42
T017743,412,2196,20%,42
T017745,412,2875,20%,42
T017752,5987,5438,20%,42
T017753,5987,370,20%,42
T017766,5987,365,20%,42
T017770,5987,7601,20%,42
T017775,5987,5563,20%,42
T017779,5987,6014,20%,42
T017780,5987,2337,20%,42
T017791,5987,8505,20%,42
T017794,5987,1664,20%,42
T017800,2444,1286,20%,42
T017804,2444,598,20%,42
T017805,2444,6193,20%,42
T017812,2444,4563,20%,42
T017813,2444,7090,20%,42
T017815,2444,1318,20%,42
T017820,2444,5744,20%,42
T017829,2444,5714,20%,42
T017830,2444,4732,20%,42
T017832,2444,4591,20%,42
T017837,2444,6332,20%,42
T017847,2444,10030,20%,42
T017850,3863,6733,20%,42
T017851,3863,5629,20%,42
T017855,3863,5987,20%,42
T017860,3863,2100,20%,42
T017862,3863,8198,20%,42
T017863,3863,5708,20%,42
T017866,3863,7894,20%,42
T017876,3863,3259,20%,42
T017880,3863,7384,20%,42
T017882,3863,5416,20%,42
T017891,3863,7684,20%,42
T017898,3863,2112,20%,42
T017905,7803,6840,20%,42
T017907,7803,203,20%,42
T017910,7803,2982,20%,42
T017914,7803,7212,20%,42
T017925,7803,5317,20%,42
T017928,7803,5503,20%,42
T017934,7803,3585,20%,42
T017945,7803,4401,20%,42
T017947,7803,4272,20%,42
T017965,654,10343,20%,42
T017966,654,4800,20%,42
T017967,654,6301,20%,42
T017983,654,4783,20%,42
T017986,654,8922,20%,42
T017992,654,6558,20%,42
T017994,654,9087,20%,42
T017995,654,3624,20%,42
T018011,2657,7615,20%,42
T018017,2657,3270,20%,42
T018019,2657,2000,20%,42
T018025,2657,1514,20%,42
T018030,2657,1056,20%,42
T018040,2657,6709,20%,42
T018041,2657,2881,20%,42
T018042,2657,897,20%,42
T018044,2657,3517,20%,42
T018047,2657,3954,20%,42
T018048,2657,8116,20%,42
T018049,2657,6409,20%,42
T018051,3715,3398,20%,42
T018054,3715,7120,20%,42
T018059,3715,3825,20%,42
T018065,3715,7440,20%,42
T018076,3715,2138,20%,42
T018083,3715,4290,20%,42
T018086,3715,844,20%,42
T018087,3715,251,20%,42
T018092,3715,3314,20%,42
T018095,3715,5494,20%,42
T018105,4706,5004,20%,42
T018118,4706,3464,20%,42
T018119,4706,1020,20%,42
T018120,4706,843,20%,42
T018136,4706,67,20%,42
T018144,4706,3871,20%,42
T018147,4706,606,20%,42
T018162,4847,2984,20%,42
T018166,4847,7432,20%,42
T018171,4847,6405,20%,42
T018174,4847,184,20%,42
T018176,4847,8791,20%,42
T018177,4847,1,20%,42
T018178,4847,7706,20%,42
T018201,295,673,20%,42
T018202,295,6115,20%,42
T018205,295,1866,20%,42
T018218,295,8,20%,42
T018221,295,8663,20%,42
T018229,295,4191,20%,42
T018231,295,6756,20%,42
T018235,295,9701,20%,42
T018237,295,1125,20%,42
T018240,295,4111,20%,42
T018242,295,1036,20%,42
T018246,295,2485,20%,42
T018253,1174,7176,20%,42
T018254,1174,9063,20%,42
T018256,1174,1891,20%,42
T018258,1174,7714,20%,42
T018263,1174,760,20%,42
T018269,1174,3743,20%,42
T018281,1174,5494,20%,42
T018282,1174,4098,20%,42
T018286,1174,2935,20%,42
T018290,1174,8745,20%,42
T018298,1174,4362,20%,42
T018302,7389,3767,20%,42
T018305,7389,8859,20%,42
T018307,7389,9747,20%,42
T018309,7389,1727,20%,42
T018310,7389,6299,20%,42
T018313,7389,5239,20%,42
T018317,7389,4212,20%,42
T018323,7389,10325,20%,42
T018328,7389,6889,20%,42
T018338,7389,2548,20%,42
T018344,7389,387,20%,42
T018374,9254,2966,20%,42
T018377,9254,3154,20%,42
T018379,9254,2420,20%,42
T018386,9254,4949,20%,42
T018400,585,4051,20%,42
T018403,585,8022,20%,42
T018410,585,2715,20%,42
T018415,585,6351,20%,42
T018421,585,5803,20%,42
T018426,585,1657,20%,42
T018427,585,5812,20%,42
T018428,585,1042,20%,42
T018434,585,3863,20%,42
T018435,585,2926,20%,42
T018439,585,2902,20%,42
T018442,585,573,20%,42
T018445,585,5444,20%,42
T018446,585,21,20%,42
T018452,1056,4387,20%,42
T018453,1056,1264,20%,42
T018454,1056,2867,20%,42
T018458,1056,214,20%,42
T018461,1056,6374,20%,42
T018462,1056,4622,20%,42
T018469,1056,3158,20%,42
T018470,1056,1219,20%,42
T018472,1056,6196,20%,42
T018477,1056,365,20%,42
T018478,1056,1959,20%,42
T018491,1056,3479,20%,42
T018492,1056,2319,20%,42
T018494,1056,2678,20%,42
T018508,3585,4888,20%,42
T018521,3585,2040,20%,42
T018525,3585,9168,20%,42
T018544,3585,3326,20%,42
T018566,6638,1115,20%,42
T018567,6638,2034,20%,42
T018568,6638,8399,20%,42
T018575,6638,5987,20%,42
T018577,6638,1049,20%,42
T018578,6638,1159,20%,42
T018579,6638,5927,20%,42
T018580,6638,7665,20%,42
T018587,6638,3611,20%,42
T018599,6638,974,20%,42
T018604,6647,3154,20%,42
T018607,6647,3351,20%,42
T018609,6647,5830,20%,42
T018620,6647,6274,20%,42
T018622,6647,1194,20%,42
T018624,6647,9747,20%,42
T018625,6647,5084,20%,42
T018629,6647,975,20%,42
T018634,6647,3956,20%,42
T018635,6647,6675,20%,42
T018636,6647,4838,20%,42
T018640,6647,3158,20%,42
T018645,6647,117,20%,42
T018646,6647,3069,20%,42
T018647,6647,2966,20%,42
T018652,749,4403,20%,42
T018655,749,492,20%,42
T018658,749,383,20%,42
T018663,749,2192,20%,42
T018670,749,5159,20%,42
T018674,749,7593,20%,42
T018675,749,4367,20%,42
T018676,749,4011,20%,42
T018679,749,4969,20%,42
T018688,749,76,20%,42
T018690,749,6631,20%,42
T018697,749,9969,20%,42
T018715,1574,7811,20%,42
T018720,1574,5514,20%,42
T018723,1574,7212,20%,42
T018727,1574,2435,20%,42
T018729,1574,2264,20%,42
T018734,1574,6232,20%,42
T018746,1574,397,20%,42
T018748,1574,2080,20%,42
T018749,1574,4844,20%,42
T018751,2331,79,20%,42
T018753,2331,275,20%,42
T018771,2331,530,20%,42
T018775,2331,5468,20%,42
T018777,2331,6409,20%,42
T018779,2331,3926,20%,42
T018787,2331,4502,20%,42
T018790,2331,2938,20%,42
T018796,2331,203,20%,42
T018801,5084,2581,20%,42
T018806,5084,9852,20%,42
T018809,5084,4054,20%,42
T018810,5084,6622,20%,42
T018812,5084,5191,20%,42
T018813,5084,195,20%,42
T018814,5084,2729,20%,42
T018818,5084,8855,20%,42
T018822,5084,6271,20%,42
T018828,5084,1188,20%,42
T018830,5084,1188,20%,42
T018832,5084,2393,20%,42
T018841,5084,6110,20%,42
T018845,5084,8088,20%,42
T018858,5366,1692,20%,42
T018859,5366,532,20%,42
T018864,5366,9731,20%,42
T018865,5366,7600,20%,42
T018869,5366,5326,20%,42
T018876,5366,5957,20%,42
T018877,5366,2956,20%,42
T018878,5366,7918,20%,42
T018885,5366,1412,20%,42
T018889,5366,677,20%,42
T018890,5366,4431,20%,42
T018897,5366,3989,20%,42
T018914,1801,1174,20%,42
T018919,1801,9124,20%,42
T018930,1801,372,20%,42
T018938,1801,147,20%,42
T018941,1801,5549,20%,42
T018948,1801,6323,20%,42
T018959,3708,10101,20%,42
T018969,3708,4111,20%,42
T018972,3708,3639,20%,42
T018978,3708,6090,20%,42
T018979,3708,3464,20%,42
T018985,3708,7079,20%,42
T018990,3708,3554,20%,42
T018996,3708,6263,20%,42
T018997,3708,330,20%,42
T019006,3741,980,20%,42
T019008,3741,8532,20%,42
T019011,3741,7788,20%,42
T019021,3741,1117,20%,42
T019024,3741,4355,20%,42
T019058,4489,2549,20%,42
T019059,4489,4215,20%,42
T019060,4489,4064,20%,42
T019066,4489,5736,20%,42
T019071,4489,3518,20%,42
T019072,4489,2632,20%,42
T019074,4489,544,20%,42
T019080,4489,9168,20%,42
T019084,4489,835,20%,42
T019092,4489,9235,20%,42
T019100,6692,1184,20%,42
T019112,6692,7116,20%,42
T019113,6692,4790,20%,42
T019114,6692,5714,20%,42
T019122,6692,2729,20%,42
T019124,6692,193,20%,42
T019142,6692,4431,20%,42
T019144,6692,747,20%,42
T019150,496,2218,20%,42
T019153,496,1523,20%,42
T019154,496,4503,20%,42
T019157,496,1180,20%,42
T019159,496,4208,20%,42
T019161,496,704,20%,42
T019163,496,6970,20%,42
T019169,496,1130,20%,42
T019173,496,8541,20%,42
T019174,496,3361,20%,42
T019177,496,7381,20%,42
T019178,496,3586,20%,42
T019185,496,6432,20%,42
T019190,496,1129,20%,42
T019193,496,2121,20%,42
T019195,496,76,20%,42
T019209,5177,976,20%,42
T019213,5177,462,20%,42
T019222,5177,1254,20%,42
T019224,5177,229,20%,42
T019225,5177,1247,20%,42
T019228,5177,1861,20%,42
T019231,5177,5446,20%,42
T019241,5177,690,20%,42
T019242,5177,4968,20%,42
T019243,5177,818,20%,42
T019244,5177,3629,20%,42
T019252,6602,8207,20%,42
T019253,6602,3012,20%,42
T019256,6602,13,20%,42
T019260,6602,858,20%,42
T019264,6602,2613,20%,42
T019267,6602,4294,20%,42
T019278,6602,319,20%,42
T019283,6602,953,20%,42
T019285,6602,3761,20%,42
T019299,6602,1194,20%,42
T019306,509,2938,20%,42
T019312,509,7392,20%,42
T019314,509,1811,20%,42
T019317,509,2902,20%,42
T019322,509,632,20%,42
T019323,509,9542,20%,42
T019331,509,1116,20%,42
T019335,509,2731,20%,42
T019339,509,158,20%,42
T019344,509,2112,20%,42
T019360,4303,1286,20%,42
T019362,4303,2023,20%,42
T019373,4303,5034,20%,42
T019392,4303,4387,20%,42
T019401,5518,1384,20%,42
T019405,5518,10,20%,42
T019406,5518,4606,20%,42
T019407,5518,7002,20%,42
T019409,5518,8658,20%,42
T019424,5518,9844,20%,42
T019426,5518,5148,20%,42
T019428,5518,214,20%,42
T019434,5518,3593,20%,42
T019440,5518,5987,20%,42
T019443,5518,2756,20%,42
T019446,5518,2949,20%,42
T019460,1811,9106,20%,42
T019466,1811,2165,20%,42
T019470,1811,6202,20%,42
T019474,1811,2004,20%,42
T019476,1811,891,20%,42
T019481,1811,319,20%,42
T019494,1811,8705,20%,42
T019497,1811,4499,20%,42
T019501,3366,2591,20%,42
T019516,3366,6552,20%,42
T019518,3366,1168,20%,42
T019520,3366,8695,20%,42
T019530,3366,1286,20%,42
T019535,3366,5582,20%,42
T019537,3366,7384,20%,42
T019540,3366,8565,20%,42
T019545,3366,5470,20%,42
T019547,3366,2027,20%,42
T019548,3366,193,20%,42
T019555,4364,5786,20%,42
T019556,4364,2842,20%,42
T019558,4364,8116,20%,42
T019559,4364,3272,20%,42
T019565,4364,7268,20%,42
T019572,4364,4043,20%,42
T019573,4364,3588,20%,42
T019574,4364,1785,20%,42
T019578,4364,8950,20%,42
T019581,4364,7478,20%,42
T019585,4364,2666,20%,42
T019592,4364,5287,20%,42
T019598,4364,7684,20%,42
T019601,7913,5328,20%,42
T019603,7913,4352,20%,42
T019606,7913,6325,20%,42
T019609,7913,5125,20%,42
T019611,7913,5563,20%,42
T019613,7913,3214,20%,42
T019615,7913,4762,20%,42
T019616,7913,8532,20%,42
T019617,7913,9952,20%,42
T019624,7913,3884,20%,42
T019634,7913,4215,20%,42
T019636,7913,544,20%,42
T019646,7913,3759,20%,42
T019652,1655,967,20%,42
T019654,1655,6394,20%,42
T019656,1655,3206,20%,42
T019659,1655,9844,20%,42
T019684,1655,3470,20%,42
T019688,1655,550,20%,42
T019690,1655,6811,20%,42
T019691,1655,4621,20%,42
T019697,1655,5937,20%,42
T019698,1655,3822,20%,42
T019713,2678,8712,20%,42
T019715,2678,39,20%,42
T019723,2678,2387,20%,42
T019727,2678,1012,20%,42
T019747,2678,1603,20%,42
T019751,43,3484,20%,42
T019753,43,322,20%,42
T019761,43,2435,20%,42
T019782,43,1664,20%,42
T019789,43,243,20%,42
T019794,43,5786,20%,42
T019802,104,5725,20%,42
T019808,104,7402,20%,42
T019816,104,2552,20%,42
T019818,104,2289,20%,42
T019822,104,6851,20%,42
T019828,104,3134,20%,42
T019838,104,7976,20%,42
T019841,104,4403,20%,42
T019847,104,40,20%,42
T019859,1193,294,20%,42
T019863,1193,7870,20%,42
T019868,1193,1102,20%,42
T019877,1193,5987,20%,42
T019879,1193,5656,20%,42
T019890,1193,2042,20%,42
T019898,1193,5015,20%,42
T019899,1193,6647,20%,42
T019901,1200,2734,20%,42
T019902,1200,2417,20%,42
T019917,1200,6115,20%,42
T019920,1200,3989,20%,42
T019921,1200,5889,20%,42
T019925,1200,2633,20%,42
T019931,1200,3975,20%,42
T019933,1200,1317,20%,42
T019935,1200,9087,20%,42
T019937,1200,9401,20%,42
T019940,1200,3451,20%,42
T019947,1200,4221,20%,42
T019949,1200,10261,20%,42
T019951,4046,1558,20%,42
T019957,4046,2083,20%,42
T019962,4046,7079,20%,42
T019964,4046,6195,20%,42
T019979,4046,9724,20%,42
T019982,4046,5882,20%,42
T019983,4046,968,20%,42
T019992,4046,10080,20%,42
T019993,4046,5993,20%,42
T019995,4046,1439,20%,42
T020001,2333,4489,20%,42
T020008,2333,3950,20%,42
T020009,2333,3491,20%,42
T020014,2333,1861,20%,42
T020023,2333,2131,20%,42
T020028,2333,3767,20%,42
T020030,2333,3741,20%,42
T020034,2333,3366,20%,42
T020044,2333,2707,20%,42
T020049,2333,9570,20%,42
T020052,5237,2626,20%,42
T020061,5237,1769,20%,42
T020065,5237,9229,20%,42
T020074,5237,986,20%,42
T020077,5237,3214,20%,42
T020081,5237,6374,20%,42
T020085,5237,338,20%,42
T020086,5237,2802,20%,42
T020087,5237,6323,20%,42
T020096,5237,1008,20%,42
T020097,5237,3593,20%,42
T020106,7090,5713,20%,42
T020112,7090,5511,20%,42
T020114,7090,968,20%,42
T020121,7090,926,20%,42
T020123,7090,1007,20%,42
T020126,7090,149,20%,42
T020136,7090,592,20%,42
T020137,7090,2802,20%,42
T020139,7090,10281,20%,42
T020152,7606,4031,20%,42
T020153,7606,1959,20%,42
T020161,7606,1247,20%,42
T020162,7606,2964,20%,42
T020163,7606,1668,20%,42
T020166,7606,3989,20%,42
T020172,7606,3927,20%,42
T020179,7606,250,20%,42
T020182,7606,4210,20%,42
T020184,7606,6756,20%,42
T020188,7606,732,20%,42
T020210,985,9558,20%,42
T020213,985,220,20%,42
T020232,985,4627,20%,42
T020233,985,1168,20%,42
T020235,985,124,20%,42
T020240,985,544,20%,42
T020241,985,6821,20%,42
T020249,985,7918,20%,42
T020264,6201,2815,20%,42
T020265,6201,8304,20%,42
T020267,6201,1572,20%,42
T020273,6201,1022,20%,42
T020274,6201,190,20%,42
T020280,6201,2455,20%,42
T020295,6201,2212,20%,42
T020296,6201,6647,20%,42
T020298,6201,2834,20%,42
T020301,54,1004,20%,42
T020307,54,4939,20%,42
T020311,54,136,20%,42
T020312,54,9558,20%,42
T020315,54,4502,20%,42
T020323,54,530,20%,42
T020324,54,5556,20%,42
T020326,54,470,20%,42
T020327,54,3434,20%,42
T020331,54,5752,20%,42
T020333,54,5308,20%,42
T020335,54,7024,20%,42
T020337,54,1673,20%,42
T020344,54,7384,20%,42
T020350,544,3743,20%,42
T020356,544,7811,20%,42
T020358,544,8127,20%,42
T020360,544,7299,20%,42
T020361,544,6045,20%,42
T020362,544,3639,20%,42
T020365,544,4800,20%,42
T020371,544,4375,20%,42
T020372,544,8295,20%,42
T020376,544,473,20%,42
T020396,544,3434,20%,42
T020401,1034,8007,20%,42
T020409,1034,68,20%,42
T020412,1034,397,20%,42
T020416,1034,5793,20%,42
T020417,1034,4362,20%,42
T020420,1034,5447,20%,42
T020421,1034,3159,20%,42
T020426,1034,8705,20%,42
T020427,1034,3954,20%,42
T020431,1034,4212,20%,42
T020433,1034,1754,20%,42
T020436,1034,4968,20%,42
T020437,1034,9084,20%,42
T020438,1034,7049,20%,42
T020439,1034,1055,20%,42
T020447,1034,4444,20%,42
T020456,7076,1991,20%,42
T020458,7076,3886,20%,42
T020459,7076,2,20%,42
T020464,7076,3208,20%,42
T020476,7076,8108,20%,42
T020478,7076,3139,20%,42
T020492,7076,1266,20%,42
T020507,240,3503,20%,42
T020517,240,5178,20%,42
T020521,240,4622,20%,42
T020544,240,4879,20%,42
T020545,240,1818,20%,42
T020551,1004,1755,20%,42
T020559,1004,2881,20%,42
T020565,1004,9849,20%,42
T020566,1004,799,20%,42
T020567,1004,1189,20%,42
T020573,1004,6520,20%,42
T020583,1004,3895,20%,42
T020592,1004,6674,20%,42
T020599,1004,10189,20%,42
T020612,924,36,20%,42
T020613,924,397,20%,42
T020617,924,3326,20%,42
T020628,924,4178,20%,42
T020636,924,2510,20%,42
T020640,924,10486,20%,42
T020644,924,327,20%,42
T020660,1242,263,20%,42
T020664,1242,4088,20%,42
T020666,1242,3749,20%,42
T020669,1242,3503,20%,42
T020678,1242,3674,20%,42
T020698,1242,3761,20%,42
T020701,2581,7937,20%,42
T020704,2581,1130,20%,42
T020706,2581,4620,20%,42
T020711,2581,3863,20%,42
T020718,2581,4168,20%,42
T020721,2581,392,20%,42
T020730,2581,7942,20%,42
T020731,2581,8871,20%,42
T020734,2581,7432,20%,42
T020742,2581,3648,20%,42
T020743,2581,1494,20%,42
T020746,2581,36,20%,42
T020748,2581,6459,20%,42
T020750,8654,241,20%,42
T020758,8654,2478,20%,42
T020765,8654,5786,20%,42
T020766,8654,29,20%,42
T020768,8654,1457,20%,42
T020769,8654,4162,20%,42
T020776,8654,350,20%,42
T020779,8654,5949,20%,42
T020782,8654,7937,20%,42
T020785,8654,58,20%,42
T020791,8654,1362,20%,42
T020795,8654,577,20%,42
T020799,8654,1120,20%,42
T020803,229,9545,20%,42
T020806,229,4367,20%,42
T020817,229,5225,20%,42
T020822,229,923,20%,42
T020824,229,591,20%,42
T020825,229,1074,20%,42
T020828,229,1891,20%,42
T020829,229,601,20%,42
T020830,229,2725,20%,42
T020831,229,7913,20%,42
T020847,229,2472,20%,42
T020850,996,2920,20%,42
T020881,996,867,20%,42
T020882,996,229,20%,42
T020883,996,3721,20%,42
T020884,996,10206,20%,42
T020886,996,137,20%,42
T020888,996,97,20%,42
T020889,996,5377,20%,42
T020897,996,386,20%,42
T020900,1699,5159,20%,42
T020908,1699,3470,20%,42
T020914,1699,10350,20%,42
T020919,1699,3729,20%,42
T020920,1699,6889,20%,42
T020923,1699,3825,20%,42
T020933,1699,3516,20%,42
T020938,1699,6049,20%,42
T020941,1699,1200,20%,42
T020945,1699,76,20%,42
T020951,2319,2108,20%,42
T020959,2319,4187,20%,42
T020961,2319,7845,20%,42
T020962,2319,14,20%,42
T020984,2319,6601,20%,42
T020985,2319,1838,20%,42
T020989,2319,1786,20%,42
T020991,2319,227,20%,42
T020993,2319,6796,20%,42
T021000,73,14,20%,42
T021008,73,5736,20%,42
T021017,73,1552,20%,42
T021020,73,9544,20%,42
T021026,73,9254,20%,42
T021030,73,4272,20%,42
T021042,73,944,20%,42
T021044,73,172,20%,42
T021060,867,2656,20%,42
T021061,867,1074,20%,42
T021070,867,3177,20%,42
T021071,867,385,20%,42
T021077,867,6433,20%,42
T021081,867,590,20%,42
T021084,867,658,20%,42
T021088,867,2434,20%,42
T021090,867,3524,20%,42
T021091,867,943,20%,42
T021092,867,3457,20%,42
T021094,867,2549,20%,42
T021100,3719,2567,20%,42
T021102,3719,455,20%,42
T021104,3719,4862,20%,42
T021110,3719,3941,20%,42
T021118,3719,235,20%,42
T021121,3719,2337,20%,42
T021128,3719,9230,20%,42
T021129,3719,3114,20%,42
T021130,3719,7995,20%,42
T021136,3719,391,20%,42
T021142,3719,203,20%,42
T021143,3719,1330,20%,42
T021146,3719,975,20%,42
T021152,4207,1524,20%,42
T021157,4207,4499,20%,42
T021170,4207,3025,20%,42
T021173,4207,4818,20%,42
T021174,4207,3068,20%,42
T021175,4207,1499,20%,42
T021176,4207,229,20%,42
T021183,4207,3924,20%,42
T021184,4207,3975,20%,42
T021191,4207,6974,20%,42
T021197,4207,565,20%,42
T021204,4212,8496,20%,42
T021216,4212,2441,20%,42
T021220,4212,124,20%,42
T021221,4212,4033,20%,42
T021225,4212,9168,20%,42
T021231,4212,453,20%,42
T021236,4212,3986,20%,42
T021238,4212,5166,20%,42
T021239,4212,2938,20%,42
T021242,4212,5260,20%,42
T021245,4212,47,20%,42
T021249,4212,66,20%,42
T021256,6128,3645,20%,42
T021257,6128,733,20%,42
T021262,6128,1020,20%,42
T021265,6128,5015,20%,42
T021268,6128,8828,20%,42
T021270,6128,7226,20%,42
T021276,6128,497,20%,42
T021282,6128,3989,20%,42
T021294,6128,5726,20%,42
T021296,6128,5622,20%,42
T021301,8615,3169,20%,42
T021304,8615,5747,20%,42
T021305,8615,3314,20%,42
T021308,8615,306,20%,42
T021310,8615,1758,20%,42
T021314,8615,8746,20%,42
T021324,8615,6840,20%,42
T021336,8615,148,20%,42
T021337,8615,7300,20%,42
T021338,8615,10333,20%,42
T021342,8615,1005,20%,42
T021348,8615,8583,20%,42
T021352,27,456,20%,42
T021354,27,4808,20%,42
T021355,27,3451,20%,42
T021361,27,3374,20%,42
T021367,27,4043,20%,42
T021387,27,245,20%,42
T021388,27,5803,20%,42
T021392,27,8399,20%,42
T021406,940,4352,20%,42
T021413,940,1867,20%,42
T021416,940,354,20%,42
T021419,940,1317,20%,42
T021425,940,771,20%,42
T021428,940,51,20%,42
T021433,940,170,20%,42
T021436,940,3,20%,42
T021437,940,663,20%,42
T021442,940,2432,20%,42
T021444,940,6601,20%,42
T021445,940,5833,20%,42
T021452,2387,1223,20%,42
T021457,2387,6437,20%,42
T021480,2387,1504,20%,42
T021483,2387,66,20%,42
T021487,2387,1546,20%,42
T021488,2387,2965,20%,42
T021492,2387,3630,20%,42
T021508,5261,4365,20%,42
T021522,5261,183,20%,42
T021529,5261,923,20%,42
T021531,5261,2548,20%,42
T021536,5261,255,20%,42
T021553,6365,3520,20%,42
T021562,6365,3470,20%,42
T021566,6365,371,20%,42
T021567,6365,599,20%,42
T021569,6365,5525,20%,42
T021571,6365,4387,20%,42
T021574,6365,1610,20%,42
T021577,6365,351,20%,42
T021591,6365,889,20%,42
T021592,6365,6437,20%,42
T021593,6365,6621,20%,42
T021595,6365,880,20%,42
T021609,2182,68,20%,42
T021610,2182,3384,20%,42
T021627,2182,1954,20%,42
T021629,2182,6909,20%,42
T021635,2182,3618,20%,42
T021640,2182,5345,20%,42
T021641,2182,9610,20%,42
T021643,2182,8739,20%,42
T021647,2182,359,20%,42
T021653,5127,57,20%,42
T021654,5127,8401,20%,42
T021663,5127,6135,20%,42
T021664,5127,2355,20%,42
T021668,5127,3068,20%,42
T021671,5127,278,20%,42
T021676,5127,1918,20%,42
T021677,5127,860,20%,42
T021678,5127,5171,20%,42
T021680,5127,3232,20%,42
T021688,5127,6601,20%,42
T021691,5127,4103,20%,42
T021693,5127,596,20%,42
T021702,5166,462,20%,42
T021704,5166,1985,20%,42
T021710,5166,5968,20%,42
T021720,5166,1147,20%,42
T021724,5166,9507,20%,42
T021725,5166,664,20%,42
T021733,5166,5086,20%,42
T021740,5166,5086,20%,42
T021742,5166,530,20%,42
T021744,5166,8732,20%,42
T021748,5166,844,20%,42
T021752,7740,84,20%,42
T021753,7740,7600,20%,42
T021760,7740,5408,20%,42
T021761,7740,5050,20%,42
T021764,7740,3350,20%,42
T021767,7740,1147,20%,42
T021770,7740,4537,20%,42
T021778,7740,8313,20%,42
T021783,7740,4004,20%,42
T021784,7740,980,20%,42
T021786,7740,6198,20%,42
T021790,7740,176,20%,42
T021792,7740,562,20%,42
T021796,7740,1048,20%,42
T021806,214,6195,20%,42
T021808,214,6806,20%,42
T021812,214,895,20%,42
T021814,214,1095,20%,42
T021817,214,763,20%,42
T021828,214,9441,20%,42
T021829,214,966,20%,42
T021830,214,2591,20%,42
T021832,214,5028,20%,42
T021837,214,2084,20%,42
T021839,214,988,20%,42
T021845,214,184,20%,42
T021847,214,198,20%,42
T021853,383,4401,20%,42
T021858,383,1552,20%,42
T021859,383,3629,20%,42
T021861,383,654,20%,42
T021862,383,2072,20%,42
T021867,383,8113,20%,42
T021868,383,3330,20%,42
T021879,383,3606,20%,42
T021885,383,3825,20%,42
T021886,383,2520,20%,42
T021892,383,9082,20%,42
T021906,1754,152,20%,42
T021910,1754,2321,20%,42
T021928,1754,6014,20%,42
T021931,1754,9311,20%,42
T021939,1754,843,20%,42
T021949,1754,6181,20%,42
T021960,3718,6196,20%,42
T021961,3718,956,20%,42
T021962,3718,5317,20%,42
T021963,3718,327,20%,42
T021968,3718,1876,20%,42
T021969,3718,9764,20%,42
T021973,3718,774,20%,42
T021974,3718,2572,20%,42
T021975,3718,2986,20%,42
T021981,3718,2920,20%,42
T021982,3718,1250,20%,42
T021984,3718,136,20%,42
T021985,3718,1981,20%,42
T021991,3718,8814,20%,42
T021999,3718,1264,20%,42
T022004,4139,5366,20%,42
T022010,4139,4204,20%,42
T022011,4139,6978,20%,42
T022023,4139,5843,20%,42
T022026,4139,987,20%,42
T022027,4139,5748,20%,42
T022028,4139,5312,20%,42
T022034,4139,393,20%,42
T022036,4139,4364,20%,42
T022040,4139,590,20%,42
T022048,4139,7665,20%,42
T022050,4844,835,20%,42
T022073,4844,4373,20%,42
T022084,4844,5879,20%,42
T022086,4844,3356,20%,42
T022091,4844,8416,20%,42
T022099,4844,9747,20%,42
T022101,9,4272,20%,42
T022103,9,6059,20%,42
T022107,9,663,20%,42
T022113,9,3231,20%,42
T022116,9,1031,20%,42
T022117,9,1008,20%,42
T022119,9,8654,20%,42
T022127,9,467,20%,42
T022133,9,1056,20%,42
T022134,9,3421,20%,42
T022144,9,609,20%,42
T022151,1143,868,20%,42
T022155,1143,9258,20%,42
T022159,1143,6271,20%,42
T022166,1143,10120,20%,42
T022167,1143,449,20%,42
T022168,1143,9570,20%,42
T022171,1143,9311,20%,42
T022215,1266,760,20%,42
T022220,1266,855,20%,42
T022229,1266,7478,20%,42
T022242,1266,8700,20%,42
T022243,1266,2527,20%,42
T022251,2275,377,20%,42
T022258,2275,654,20%,42
T022272,2275,1020,20%,42
T022273,2275,6787,20%,42
T022274,2275,1116,20%,42
T022283,2275,2112,20%,42
T022286,2275,7375,20%,42
T022296,2275,3936,20%,42
T022298,2275,8303,20%,42
T022299,2275,3190,20%,42
T022300,4563,7698,20%,42
T022311,4563,771,20%,42
T022314,4563,596,20%,42
T022317,4563,6181,20%,42
T022327,4563,30,20%,42
T022328,4563,132,20%,42
T022331,4563,3813,20%,42
T022335,4563,1031,20%,42
T022337,4563,1099,20%,42
T022338,4563,1337,20%,42
T022347,4563,1891,20%,42
T022361,7079,1228,20%,42
T022365,7079,1124,20%,42
T022371,7079,5190,20%,42
T022372,7079,270,20%,42
T022373,7079,9940,20%,42
T022378,7079,4682,20%,42
T022382,7079,3065,20%,42
T022384,7079,973,20%,42
T022389,7079,238,20%,42
T022391,7079,8234,20%,42
T022392,7079,5075,20%,42
T022396,7079,8715,20%,42
T022408,9235,8615,20%,42
T022411,9235,760,20%,42
T022416,9235,1106,20%,42
T022418,9235,3618,20%,42
T022425,9235,397,20%,42
T022428,9235,9237,20%,42
T022430,9235,1147,20%,42
T022433,9235,73,20%,42
T022434,9235,3351,20%,42
T022440,9235,6439,20%,42
T022442,9235,9034,20%,42
T022446,9235,2078,20%,42
T022449,9235,1104,20%,42
T022453,61,10148,20%,42
T022458,61,7083,20%,42
T022464,61,5048,20%,42
T022470,61,2906,20%,42
T022476,61,6897,20%,42
T022479,61,5803,20%,42
T022480,61,4627,20%,42
T022481,61,7478,20%,42
T022496,61,448,20%,42
T022502,5468,8303,20%,42
T022505,5468,2166,20%,42
T022508,5468,2189,20%,42
T022510,5468,9,20%,42
T022514,5468,5622,20%,42
T022527,5468,6274,20%,42
T022531,5468,3743,20%,42
T022534,5468,8304,20%,42
T022542,5468,7334,20%,42
T022546,5468,1668,20%,42
T022547,5468,8859,20%,42
T022548,5468,5446,20%,42
T022554,284,3190,20%,42
T022558,284,2818,20%,42
T022560,284,4292,20%,42
T022567,284,227,20%,42
T022568,284,5563,20%,42
T022569,284,2164,20%,42
T022574,284,1126,20%,42
T022576,284,315,20%,42
T022577,284,976,20%,42
T022578,284,8496,20%,42
T022580,284,3241,20%,42
T022589,284,4292,20%,42
T022592,284,413,20%,42
T022593,284,5177,20%,42
T022594,284,3986,20%,42
T022596,284,2892,20%,42
T022597,284,1061,20%,42
T022599,284,5627,20%,42
T022600,391,409,20%,42
T022601,391,179,20%,42
T022608,391,3804,20%,42
T022609,391,3764,20%,42
T022610,391,4816,20%,42
T022612,391,1626,20%,42
T022627,391,1079,20%,42
T022630,391,7429,20%,42
T022635,391,191,20%,42
T022637,391,4469,20%,42
T022646,391,8613,20%,42
T022648,391,46,20%,42
T022655,978,1801,20%,42
T022671,978,3240,20%,42
T022672,978,1342,20%,42
T022676,978,3922,20%,42
T022680,978,1457,20%,42
T022686,978,4689,20%,42
T022687,978,8545,20%,42
T022699,978,493,20%,42
T022704,2618,7600,20%,42
T022705,2618,254,20%,42
T022706,2618,6949,20%,42
T022714,2618,233,20%,42
T022715,2618,5162,20%,42
T022716,2618,7024,20%,42
T022717,2618,6811,20%,42
T022720,2618,5587,20%,42
T022726,2618,5643,20%,42
T022729,2618,5887,20%,42
T022739,2618,4691,20%,42
T022753,3788,3975,20%,42
T022758,3788,2387,20%,42
T022760,3788,226,20%,42
T022790,3788,9311,20%,42
T022796,3788,5235,20%,42
T022799,3788,1196,20%,42
T022800,7489,9808,20%,42
T022804,7489,7887,20%,42
T022807,7489,2212,20%,42
T022810,7489,409,20%,42
T022811,7489,596,20%,42
T022818,7489,9168,20%,42
T022821,7489,9020,20%,42
T022823,7489,3088,20%,42
T022828,7489,6396,20%,42
T022835,7489,4862,20%,42
T022843,7489,9106,20%,42
T022845,7489,800,20%,42
T022846,7489,2697,20%,42
T022873,258,9292,20%,42
T022874,258,136,20%,42
T022880,258,5132,20%,42
T022884,258,10195,20%,42
T022894,258,4848,20%,42
T022895,258,4761,20%,42
T022896,258,278,20%,42
T022899,258,6244,20%,42
T022913,998,2100,20%,42
T022926,998,704,20%,42
T022929,998,2182,20%,42
T022931,998,1490,20%,42
T022935,998,2196,20%,42
T022936,998,3941,20%,42
T022940,998,1758,20%,42
T022945,998,93,20%,42
T022949,998,6688,20%,42
T022952,2099,5050,20%,42
T022965,2099,125,20%,42
T022971,2099,10293,20%,42
T022974,2099,263,20%,42
T022983,2099,6198,20%,42
T022993,2099,81,20%,42
T023000,3224,36,20%,42
T023005,3224,3484,20%,42
T023006,3224,3597,20%,42
T023012,3224,278,20%,42
T023015,3224,3674,20%,42
T023020,3224,6732,20%,42
T023022,3224,4208,20%,42
T023033,3224,8695,20%,42
T023042,3224,6743,20%,42
T023043,3224,5278,20%,42
T023049,3224,7471,20%,42
T023080,3938,7478,20%,42
T023084,3938,7792,20%,42
T023093,3938,6081,20%,42
T023097,3938,7925,20%,42
T023100,5233,4265,20%,42
T023103,5233,155,20%,42
T023105,5233,2404,20%,42
T023106,5233,203,20%,42
T023115,5233,6552,20%,42
T023119,5233,7788,20%,42
T023133,5233,9544,20%,42
T023141,5233,5368,20%,42
T023145,5233,251,20%,42
T023152,1042,897,20%,42
T023158,1042,295,20%,42
T023164,1042,3016,20%,42
T023168,1042,973,20%,42
T023177,1042,3321,20%,42
T023187,1042,2666,20%,42
T023190,1042,603,20%,42
T023192,1042,3095,20%,42
T023201,1876,6408,20%,42
T023213,1876,3469,20%,42
T023215,1876,207,20%,42
T023225,1876,480,20%,42
T023230,1876,8926,20%,42
T023243,1876,2009,20%,42
T023245,1876,8687,20%,42
T023248,1876,852,20%,42
T023262,4054,30,20%,42
T023263,4054,8927,20%,42
T023272,4054,67,20%,42
T023278,4054,2423,20%,42
T023294,4054,6732,20%,42
T023295,4054,39,20%,42
T023296,4054,536,20%,42
T023299,4054,7987,20%,42
T023300,5982,1133,20%,42
T023308,5982,84,20%,42
T023310,5982,1873,20%,42
T023315,5982,5162,20%,42
T023316,5982,8063,20%,42
T023326,5982,4044,20%,42
T023329,5982,7024,20%,42
T023342,5982,4887,20%,42
T023352,6606,3870,20%,42
T023359,6606,2374,20%,42
T023361,6606,1610,20%,42
T023364,6606,539,20%,42
T023367,6606,3,20%,42
T023368,6606,227,20%,42
T023369,6606,4365,20%,42
T023376,6606,1910,20%,42
T023386,6606,41,20%,42
T023395,6606,9836,20%,42
T023396,6606,1269,20%,42
T023398,6606,1524,20%,42
T023400,6743,8346,20%,42
T023406,6743,9853,20%,42
T023407,6743,4537,20%,42
T023408,6743,867,20%,42
T023411,6743,5967,20%,42
T023413,6743,2390,20%,42
T023426,6743,2352,20%,42
T023431,6743,8767,20%,42
T023433,6743,4314,20%,42
T023437,6743,7069,20%,42
T023447,6743,5589,20%,42
T023457,74,6631,20%,42
T023463,74,1984,20%,42
T023465,74,342,20%,42
T023473,74,2478,20%,42
T023474,74,8207,20%,42
T023489,74,653,20%,42
T023502,149,3256,20%,42
T023503,149,5599,20%,42
T023504,149,8871,20%,42
T023505,149,5042,20%,42
T023506,149,2964,20%,42
T023507,149,4497,20%,42
T023519,149,3003,20%,42
T023520,149,2881,20%,42
T023525,149,6134,20%,42
T023527,149,2084,20%,42
T023528,149,23,20%,42
T023532,149,2505,20%,42
T023537,149,1588,20%,42
T023542,149,171,20%,42
T023543,149,409,20%,42
T023550,3729,8469,20%,42
T023552,3729,5409,20%,42
T023558,3729,4622,20%,42
T023561,3729,4281,20%,42
T023570,3729,58,20%,42
T023573,3729,1679,20%,42
T023580,3729,3758,20%,42
T023585,3729,601,20%,42
T023586,3729,8019,20%,42
T023589,3729,3779,20%,42
T023604,6433,8127,20%,42
T023605,6433,10486,20%,42
T023622,6433,1196,20%,42
T023642,6433,2867,20%,42
T023648,6433,2700,20%,42
T023650,6750,6370,20%,42
T023651,6750,7317,20%,42
T023659,6750,926,20%,42
T023663,6750,5308,20%,42
T023664,6750,5067,20%,42
T023669,6750,1631,20%,42
T023671,6750,5078,20%,42
T023673,6750,3697,20%,42
T023677,6750,819,20%,42
T023679,6750,2200,20%,42
T023691,6750,1572,20%,42
T023697,6750,7069,20%,42
T023708,7942,1131,20%,42
T023717,7942,367,20%,42
T023727,7942,4024,20%,42
T023734,7942,5610,20%,42
T023741,7942,2083,20%,42
T023745,7942,7079,20%,42
T023755,8019,5239,20%,42
T023756,8019,590,20%,42
T023773,8019,5286,20%,42
T023778,8019,1798,20%,42
T023780,8019,1226,20%,42
T023787,8019,2441,20%,42
T023796,8019,1168,20%,42
T023798,8019,7478,20%,42
T023806,9082,1784,20%,42
T023807,9082,9844,20%,42
T023814,9082,2751,20%,42
T023815,9082,2544,20%,42
T023828,9082,3106,20%,42
T023834,9082,1412,20%,42
T023835,9082,5094,20%,42
T023836,9082,654,20%,42
T023838,9082,8381,20%,42
T023841,9082,2100,20%,42
T023844,9082,10148,20%,42
T023849,9082,2446,20%,42
T023856,234,6692,20%,42
T023862,234,2584,20%,42
T023863,234,4355,20%,42
T023874,234,203,20%,42
T023883,234,5452,20%,42
T023891,234,4463,20%,42
T023892,234,1550,20%,42
T023899,234,5172,20%,42
T023901,530,3690,20%,42
T023903,530,763,20%,42
T023908,530,5488,20%,42
T023917,530,330,20%,42
T023919,530,6432,20%,42
T023921,530,1080,20%,42
T023925,530,835,20%,42
T023927,530,1385,20%,42
T023928,530,1550,20%,42
T023934,530,171,20%,42
T023942,530,1211,20%,42
T023945,530,9545,20%,42
T023946,530,2274,20%,42
T023949,530,241,20%,42
T023952,5630,10120,20%,42
T023957,5630,7144,20%,42
T023958,5630,76,20%,42
T023962,5630,6873,20%,42
T023965,5630,10177,20%,42
T023967,5630,7529,20%,42
T023985,5630,5834,20%,42
T024006,5775,7317,20%,42
T024009,5775,35,20%,42
T024013,5775,6361,20%,42
T024015,5775,3066,20%,42
T024016,5775,1250,20%,42
T024019,5775,7811,20%,42
T024026,5775,940,20%,42
T024029,5775,7796,20%,42
T024031,5775,4168,20%,42
T024032,5775,2300,20%,42
T024047,5775,3973,20%,42
T024053,7155,3224,20%,42
T024058,7155,1216,20%,42
T024066,7155,1019,20%,42
T024082,7155,2013,20%,42
T024091,7155,3914,20%,42
T024095,7155,9519,20%,42
T024101,19,9063,20%,42
T024104,19,275,20%,42
T024113,19,3746,20%,42
T024117,19,2700,20%,42
T024127,19,852,20%,42
T024132,19,7890,20%,42
T024158,1966,2372,20%,42
T024161,1966,2473,20%,42
T024162,1966,8532,20%,42
T024163,1966,4312,20%,42
T024166,1966,185,20%,42
T024171,1966,8339,20%,42
T024180,1966,6887,20%,42
T024188,1966,6432,20%,42
T024190,1966,2851,20%,42
T024198,1966,674,20%,42
T024208,3154,195,20%,42
T024213,3154,8943,20%,42
T024214,3154,4004,20%,42
T024215,3154,169,20%,42
T024223,3154,10314,20%,42
T024225,3154,5494,20%,42
T024226,3154,8739,20%,42
T024242,3154,2875,20%,42
T024243,3154,2602,20%,42
T024257,4409,5159,20%,42
T024271,4409,40,20%,42
T024275,4409,1953,20%,42
T024282,4409,5814,20%,42
T024284,4409,1572,20%,42
T024287,4409,3775,20%,42
T024297,4409,6119,20%,42
T024303,5879,6023,20%,42
T024306,5879,8298,20%,42
T024309,5879,4004,20%,42
T024311,5879,4329,20%,42
T024313,5879,3758,20%,42
T024314,5879,5315,20%,42
T024318,5879,9115,20%,42
T024322,5879,1657,20%,42
T024333,5879,6237,20%,42
T024335,5879,6664,20%,42
T024338,5879,1801,20%,42
T024348,5879,3822,20%,42
T024349,5879,6960,20%,42
T024351,7086,2867,20%,42
T024354,7086,9620,20%,42
T024359,7086,9701,20%,42
T024371,7086,6,20%,42
T024373,7086,4161,20%,42
T024374,7086,5315,20%,42
T024379,7086,10195,20%,42
T024383,7086,1098,20%,42
T024390,7086,10071,20%,42
T024397,7086,2615,20%,42
T024404,1089,1785,20%,42
T024409,1089,1093,20%,42
T024411,1089,4939,20%,42
T024413,1089,4269,20%,42
T024414,1089,3384,20%,42
T024416,1089,9345,20%,42
T024418,1089,3153,20%,42
T024420,1089,3253,20%,42
T024424,1089,7083,20%,42
T024426,1089,8969,20%,42
T024428,1089,2372,20%,42
T024431,1089,3956,20%,42
T024432,1089,6970,20%,42
T024433,1089,4958,20%,42
T024435,1089,2883,20%,42
T024436,1089,5065,20%,42
T024456,3114,149,20%,42
T024467,3114,10145,20%,42
T024469,3114,1164,20%,42
T024478,3114,104,20%,42
T024482,3114,7981,20%,42
T024484,3114,4139,20%,42
T024491,3114,2522,20%,42
T024497,3114,3667,20%,42
T024502,3809,4670,20%,42
T024508,3809,4762,20%,42
T024509,3809,7981,20%,42
T024521,3809,3066,20%,42
T024524,3809,3610,20%,42
T024530,3809,1143,20%,42
T024537,3809,1468,20%,42
T024538,3809,327,20%,42
T024540,3809,7432,20%,42
T024541,3809,5127,20%,42
T024543,3809,8664,20%,42
T024544,3809,13,20%,42
T024545,3809,5678,20%,42
T024549,3809,448,20%,42
T024553,5094,8203,20%,42
T024554,5094,1362,20%,42
T024556,5094,4955,20%,42
T024560,5094,351,20%,42
T024561,5094,2333,20%,42
T024565,5094,1516,20%,42
T024569,5094,1268,20%,42
T024570,5094,4208,20%,42
T024572,5094,3209,20%,42
T024581,5094,2308,20%,42
T024594,5094,1326,20%,42
T024597,5094,6682,20%,42
T024607,6063,5273,20%,42
T024610,6063,9738,20%,42
T024623,6063,3434,20%,42
T024628,6063,3459,20%,42
T024636,6063,436,20%,42
T024652,184,2390,20%,42
T024654,184,1372,20%,42
T024655,184,1439,20%,42
T024665,184,398,20%,42
T024666,184,6261,20%,42
T024668,184,26,20%,42
T024681,184,6631,20%,42
T024687,184,2347,20%,42
T024694,184,2455,20%,42
T024696,184,6864,20%,42
T024707,1810,6198,20%,42
T024714,1810,5210,20%,42
T024726,1810,254,20%,42
T024727,1810,3,20%,42
T024728,1810,2938,20%,42
T024732,1810,1012,20%,42
T024734,1810,1202,20%,42
T024739,1810,5511,20%,42
T024742,1810,238,20%,42
T024744,1810,5824,20%,42
T024746,1810,647,20%,42
T024748,1810,2892,20%,42
T024754,2650,2707,20%,42
T024759,2650,125,20%,42
T024760,2650,607,20%,42
T024763,2650,4096,20%,42
T024765,2650,5814,20%,42
T024769,2650,54,20%,42
T024773,2650,200,20%,42
T024774,2650,5527,20%,42
T024776,2650,105,20%,42
T024777,2650,3705,20%,42
T024778,2650,4769,20%,42
T024783,2650,718,20%,42
T024786,2650,497,20%,42
T024794,2650,6193,20%,42
T024796,2650,8658,20%,42
T024800,7069,2212,20%,42
T024803,7069,9168,20%,42
T024812,7069,2615,20%,42
T024818,7069,1385,20%,42
T024824,7069,977,20%,42
T024825,7069,7849,20%,42
T024827,7069,464,20%,42
T024830,7069,9524,20%,42
T024850,7299,4048,20%,42
T024852,7299,2107,20%,42
T024853,7299,3954,20%,42
T024866,7299,4700,20%,42
T024867,7299,6962,20%,42
T024869,7299,1120,20%,42
T024886,7299,940,20%,42
T024888,7299,5393,20%,42
T024889,7299,4949,20%,42
T024893,7299,411,20%,42
T024900,56,2806,20%,42
T024906,56,492,20%,42
T024910,56,5889,20%,42
T024912,56,8203,20%,42
T024916,56,1992,20%,42
T024921,56,5970,20%,42
T024923,56,909,20%,42
T024925,56,6669,20%,42
T024929,56,3950,20%,42
T024937,56,774,20%,42
T024943,56,6631,20%,42
T024946,56,1933,20%,42
T024948,56,120,20%,42
T024949,56,10343,20%,42
T024952,3630,3180,20%,42
T024958,3630,7788,20%,42
T024961,3630,8732,20%,42
T024965,3630,1679,20%,42
T024966,3630,2520,20%,42
T024969,3630,3350,20%,42
T024973,3630,3924,20%,42
T024977,3630,9738,20%,42
T024981,3630,3966,20%,42
T024982,3630,6407,20%,42
T024985,3630,2632,20%,42
T025003,5004,3818,20%,42
T025005,5004,5446,20%,42
T025010,5004,6079,20%,42
T025016,5004,8746,20%,42
T025020,5004,7970,20%,42
T025025,5004,6365,20%,42
T025040,5004,1592,20%,42
T025044,5004,738,20%,42
T025046,5004,8791,20%,42
T025047,5004,4704,20%,42
T025050,7849,2034,20%,42
T025055,7849,206,20%,42
T025056,7849,1848,20%,42
T025057,7849,7766,20%,42
T025066,7849,589,20%,42
T025076,7849,2347,20%,42
T025078,7849,6897,20%,42
T025079,7849,868,20%,42
T025087,7849,114,20%,42
T025092,7849,5004,20%,42
T025101,9034,157,20%,42
T025103,9034,5747,20%,42
T025109,9034,2756,20%,42
T025121,9034,940,20%,42
T025135,9034,881,20%,42
T025138,9034,7449,20%,42
T025149,9034,3265,20%,42
T025154,9544,10325,20%,42
T025155,9544,7167,20%,42
T025161,9544,1202,20%,42
T025164,9544,1055,20%,42
T025179,9544,2275,20%,42
T025183,9544,2535,20%,42
T025184,9544,843,20%,42
T025194,9544,244,20%,42
T025198,9544,7176,20%,42
T025199,9544,179,20%,42
T025201,79,7976,20%,42
T025206,79,1798,20%,42
T025207,79,2608,20%,42
T025208,79,256,20%,42
T025209,79,1212,20%,42
T025211,79,6622,20%,42
T025212,79,6357,20%,42
T025213,79,2657,20%,42
T025215,79,7472,20%,42
T025218,79,6303,20%,42
T025224,79,5015,20%,42
T025239,79,4191,20%,42
T025241,79,291,20%,42
T025242,79,3117,20%,42
T025247,79,5338,20%,42
T025256,4281,7996,20%,42
T025258,4281,5317,20%,42
T025267,4281,3922,20%,42
T025275,4281,3775,20%,42
T025278,4281,1953,20%,42
T025281,4281,4606,20%,42
T025283,4281,5172,20%,42
T025285,4281,6485,20%,42
T025288,4281,3090,20%,42
T025290,4281,8113,20%,42
T025306,4874,61,20%,42
T025311,4874,7888,20%,42
T025312,4874,1668,20%,42
T025314,4874,496,20%,42
T025315,4874,587,20%,42
T025320,4874,5026,20%,42
T025325,4874,1764,20%,42
T025334,4874,370,20%,42
T025335,4874,5706,20%,42
T025337,4874,6726,20%,42
T025338,4874,4048,20%,42
T025340,4874,8767,20%,42
T025342,4874,8695,20%,42
T025349,4874,7996,20%,42
T025353,5191,841,20%,42
T025354,5191,69,20%,42
T025356,5191,7888,20%,42
T025361,5191,5982,20%,42
T025364,5191,1933,20%,42
T025373,5191,4292,20%,42
T025379,5191,2010,20%,42
T025386,5191,595,20%,42
T025387,5191,1891,20%,42
T025394,5191,6552,20%,42
T025398,5191,66,20%,42
T025401,6357,1095,20%,42
T025406,6357,6689,20%,42
T025414,6357,9082,20%,42
T025421,6357,7216,20%,42
T025429,6357,2493,20%,42
T025436,6357,7250,20%,42
T025438,6357,6097,20%,42
T025442,6357,444,20%,42
T025443,6357,2435,20%,42
T025447,6357,206,20%,42
T025450,9241,4373,20%,42
T025451,9241,7665,20%,42
T025463,9241,2264,20%,42
T025476,9241,7600,20%,42
T025478,9241,1953,20%,42
T025479,9241,4508,20%,42
T025480,9241,550,20%,42
T025482,9241,747,20%,42
T025487,9241,1163,20%,42
T025494,9241,3025,20%,42
T025508,521,322,20%,42
T025517,521,1966,20%,42
T025521,521,7317,20%,42
T025536,521,2637,20%,42
T025540,521,2471,20%,42
T025543,521,7645,20%,42
T025546,521,4620,20%,42
T025549,521,544,20%,42
T025550,1017,6412,20%,42
T025555,1017,5846,20%,42
T025556,1017,371,20%,42
T025561,1017,5050,20%,42
T025567,1017,6408,20%,42
T025568,1017,3491,20%,42
T025581,1017,536,20%,42
T025584,1017,8303,20%,42
T025588,1017,9733,20%,42
T025600,2212,4294,20%,42
T025607,2212,496,20%,42
T025617,2212,1031,20%,42
T025623,2212,31,20%,42
T025625,2212,1055,20%,42
T025626,2212,4603,20%,42
T025627,2212,5409,20%,42
T025630,2212,1152,20%,42
T025639,2212,611,20%,42
T025642,2212,988,20%,42
T025643,2212,1050,20%,42
T025649,2212,3348,20%,42
T025654,3597,4292,20%,42
T025656,3597,367,20%,42
T025658,3597,4620,20%,42
T025677,3597,2554,20%,42
T025682,3597,1888,20%,42
T025689,3597,2072,20%,42
T025691,3597,12,20%,42
T025696,3597,7811,20%,42
T025701,4187,343,20%,42
T025703,4187,749,20%,42
T025708,4187,5812,20%,42
T025710,4187,2346,20%,42
T025711,4187,658,20%,42
T025713,4187,5320,20%,42
T025716,4187,9830,20%,42
T025719,4187,774,20%,42
T025723,4187,862,20%,42
T025727,4187,4027,20%,42
T025732,4187,5511,20%,42
T025744,4187,9519,20%,42
T025752,7995,7525,20%,42
T025756,7995,1268,20%,42
T025757,7995,4088,20%,42
T025758,7995,73,20%,42
T025759,7995,1337,20%,42
T025761,7995,449,20%,42
T025763,7995,5127,20%,42
T025771,7995,4486,20%,42
T025775,7995,5582,20%,42
T025776,7995,10028,20%,42
T025795,7995,176,20%,42
T025797,7995,370,20%,42
T025803,595,7698,20%,42
T025804,595,254,20%,42
T025813,595,7384,20%,42
T025822,595,4048,20%,42
T025825,595,1244,20%,42
T025829,595,3316,20%,42
T025831,595,3825,20%,42
T025836,595,3586,20%,42
T025843,595,638,20%,42
T025850,2004,203,20%,42
T025852,2004,6193,20%,42
T025857,2004,171,20%,42
T025858,2004,6299,20%,42
T025861,2004,3362,20%,42
T025863,2004,8914,20%,42
T025864,2004,8496,20%,42
T025874,2004,430,20%,42
T025887,2004,595,20%,42
T025888,2004,2935,20%,42
T025891,2004,12,20%,42
T025895,2004,6692,20%,42
T025899,2004,1211,20%,42
T025905,7319,536,20%,42
T025907,7319,2548,20%,42
T025926,7319,8127,20%,42
T025940,7319,7845,20%,42
T025942,7319,7018,20%,42
T025944,7319,54,20%,42
T025946,7319,1163,20%,42
T025947,7319,4145,20%,42
T025956,2527,893,20%,42
T025966,2527,7542,20%,42
T025968,2527,232,20%,42
T025979,2527,8295,20%,42
T025996,2527,4502,20%,42
T026006,3098,4048,20%,42
T026012,3098,844,20%,42
T026013,3098,6271,20%,42
T026014,3098,7870,20%,42
T026019,3098,8542,20%,42
T026020,3098,354,20%,42
T026029,3098,9512,20%,42
T026033,3098,1,20%,42
T026039,3098,5322,20%,42
T026042,3098,10359,20%,42
T026044,3098,1692,20%,42
T026047,3098,1769,20%,42
T026048,3098,88,20%,42
T026050,8108,4352,20%,42
T026051,8108,988,20%,42
T026053,8108,527,20%,42
T026059,8108,46,20%,42
T026064,8108,10,20%,42
T026075,8108,1150,20%,42
T026077,8108,158,20%,42
T026078,8108,8745,20%,42
T026079,8108,3321,20%,42
T026080,8108,573,20%,42
T026086,8108,1049,20%,42
T026104,8380,258,20%,42
T026108,8380,9792,20%,42
T026117,8380,93,20%,42
T026118,8380,8408,20%,42
T026119,8380,1161,20%,42
T026133,8380,6750,20%,42
T026136,8380,7316,20%,42
T026137,8380,4887,20%,42
T026139,8380,2815,20%,42
T026141,8380,3871,20%,42
T026145,8380,9701,20%,42
T026156,1012,4145,20%,42
T026157,1012,8816,20%,42
T026158,1012,5385,20%,42
T026165,1012,7069,20%,42
T026168,1012,9258,20%,42
T026169,1012,152,20%,42
T026171,1012,808,20%,42
T026177,1012,3274,20%,42
T026187,1012,128,20%,42
T026189,1012,821,20%,42
T026196,1012,255,20%,42
T026207,2731,532,20%,42
T026218,2731,9175,20%,42
T026221,2731,261,20%,42
T026235,2731,5748,20%,42
T026239,2731,5308,20%,42
T026246,2731,5166,20%,42
T026250,3016,257,20%,42
T026255,3016,2964,20%,42
T026257,3016,2042,20%,42
T026260,3016,496,20%,42
T026266,3016,3055,20%,42
T026267,3016,8700,20%,42
T026274,3016,1228,20%,42
T026275,3016,3879,20%,42
T026282,3016,7630,20%,42
T026283,3016,5514,20%,42
T026292,3016,5308,20%,42
T026295,3016,1399,20%,42
T026298,3016,541,20%,42
T026308,3674,3118,20%,42
T026315,3674,1268,20%,42
T026323,3674,7630,20%,42
T026327,3674,6891,20%,42
T026342,3674,2920,20%,42
T026361,430,7319,20%,42
T026365,430,157,20%,42
T026366,430,4949,20%,42
T026367,430,3725,20%,42
T026383,430,9164,20%,42
T026390,430,8019,20%,42
T026391,430,5963,20%,42
T026392,430,6351,20%,42
T026395,430,6261,20%,42
T026396,430,233,20%,42
T026399,430,4384,20%,42
T026400,690,9237,20%,42
T026403,690,9124,20%,42
T026407,690,8828,20%,42
T026408,690,4144,20%,42
T026414,690,12,20%,42
T026418,690,5991,20%,42
T026422,690,6970,20%,42
T026424,690,138,20%,42
T026429,690,386,20%,42
T026432,690,2966,20%,42
T026433,690,58,20%,42
T026445,690,4497,20%,42
T026456,886,179,20%,42
T026466,886,9235,20%,42
T026477,886,978,20%,42
T026480,886,5882,20%,42
T026493,886,903,20%,42
T026499,886,5987,20%,42
T026505,1164,697,20%,42
T026507,1164,1959,20%,42
T026516,1164,41,20%,42
T026519,1164,2390,20%,42
T026526,1164,637,20%,42
T026529,1164,959,20%,42
T026533,1164,4238,20%,42
T026534,1164,49,20%,42
T026551,1909,278,20%,42
T026557,1909,1514,20%,42
T026567,1909,6996,20%,42
T026568,1909,5967,20%,42
T026571,1909,10145,20%,42
T026573,1909,5050,20%,42
T026577,1909,37,20%,42
T026583,1909,7698,20%,42
T026587,1909,2618,20%,42
T026592,1909,6887,20%,42
T026594,1909,4303,20%,42
T026600,2485,3095,20%,42
T026613,2485,3069,20%,42
T026625,2485,1054,20%,42
T026628,2485,4164,20%,42
T026632,2485,5830,20%,42
T026636,2485,3871,20%,42
T026639,2485,458,20%,42
T026649,2485,7389,20%,42
T026651,3025,7984,20%,42
T026655,3025,852,20%,42
T026674,3025,5803,20%,42
T026677,3025,2196,20%,42
T026678,3025,6509,20%,42
T026683,3025,3759,20%,42
T026684,3025,2059,20%,42
T026687,3025,5381,20%,42
T026692,3025,1758,20%,42
T026701,3400,8019,20%,42
T026702,3400,4531,20%,42
T026704,3400,22,20%,42
T026717,3400,2444,20%,42
T026730,3400,3624,20%,42
T026731,3400,3741,20%,42
T026732,3400,7672,20%,42
T026736,3400,7630,20%,42
T026740,3400,1193,20%,42
T026742,3400,4597,20%,42
T026750,3524,2666,20%,42
T026751,3524,2965,20%,42
T026753,3524,6406,20%,42
T026755,3524,998,20%,42
T026762,3524,3090,20%,42
T026768,3524,4322,20%,42
T026771,3524,2738,20%,42
T026780,3524,7803,20%,42
T026804,5078,8642,20%,42
T026805,5078,6552,20%,42
T026806,5078,6904,20%,42
T026813,5078,4164,20%,42
T026814,5078,614,20%,42
T026820,5078,5889,20%,42
T026825,5078,3270,20%,42
T026834,5078,5736,20%,42
T026837,5078,4743,20%,42
T026841,5078,3884,20%,42
T026847,5078,1012,20%,42
T026852,5470,5444,20%,42
T026853,5470,8794,20%,42
T026856,5470,5927,20%,42
T026863,5470,4862,20%,42
T026884,5470,3926,20%,42
T026888,5470,4376,20%,42
T026890,5470,10177,20%,42
T026893,5470,5851,20%,42
T026897,5470,8739,20%,42
T026899,5470,5016,20%,42
T026904,7525,125,20%,42
T026907,7525,10028,20%,42
T026927,7525,166,20%,42
T026933,7525,944,20%,42
T026937,7525,973,20%,42
T026940,7525,5525,20%,42
T026941,7525,1379,20%,42
T026944,7525,1336,20%,42
T026953,7714,1318,20%,42
T026956,7714,3012,20%,42
T026957,7714,8695,20%,42
T026958,7714,5547,20%,42
T026965,7714,3927,20%,42
T026967,7714,9124,20%,42
T026979,7714,1542,20%,42
T026981,7714,6353,20%,42
T026990,7714,7076,20%,42
T026992,7714,3759,20%,42
T026995,7714,3350,20%,42
T027007,137,632,20%,42
T027030,137,5748,20%,42
T027032,137,763,20%,42
T027038,137,7472,20%,42
T027057,444,6079,20%,42
T027061,444,2818,20%,42
T027064,444,4265,20%,42
T027075,444,1054,20%,42
T027085,444,1202,20%,42
T027089,444,988,20%,42
T027093,444,4939,20%,42
T027095,444,5510,20%,42
T027100,854,6265,20%,42
T027101,854,8234,20%,42
T027104,854,1212,20%,42
T027105,854,1215,20%,42
T027107,854,591,20%,42
T027110,854,1909,20%,42
T027112,854,9,20%,42
T027113,854,2512,20%,42
T027124,854,869,20%,42
T027126,854,6134,20%,42
T027139,854,5162,20%,42
T027142,854,5319,20%,42
T027145,854,6181,20%,42
T027152,995,787,20%,42
T027154,995,4510,20%,42
T027155,995,7684,20%,42
T027164,995,1545,20%,42
T027171,995,5023,20%,42
T027174,995,4771,20%,42
T027176,995,1326,20%,42
T027181,995,152,20%,42
T027188,995,915,20%,42
T027189,995,25,20%,42
T027196,995,1056,20%,42
T027206,3470,4150,20%,42
T027210,3470,340,20%,42
T027218,3470,6349,20%,42
T027220,3470,2075,20%,42
T027222,3470,1668,20%,42
T027224,3470,9849,20%,42
T027233,3470,237,20%,42
T027239,3470,2613,20%,42
T027243,3470,5312,20%,42
T027247,3470,3464,20%,42
T027248,3470,3265,20%,42
T027251,4816,6110,20%,42
T027255,4816,6970,20%,42
T027258,4816,5488,20%,42
T027260,4816,4384,20%,42
T027268,4816,9258,20%,42
T027275,4816,2059,20%,42
T027285,4816,1161,20%,42
T027286,4816,4306,20%,42
T027289,4816,3813,20%,42
T027290,4816,2731,20%,42
T027291,4816,485,20%,42
T027297,4816,147,20%,42
T027307,7042,2644,20%,42
T027314,7042,6201,20%,42
T027315,7042,3941,20%,42
T027320,7042,5381,20%,42
T027325,7042,3098,20%,42
T027326,7042,4204,20%,42
T027327,7042,4503,20%,42
T027329,7042,614,20%,42
T027338,7042,2615,20%,42
T027340,7042,3117,20%,42
T027345,7042,2902,20%,42
T027347,7042,3439,20%,42
T027354,12,114,20%,42
T027359,12,9063,20%,42
T027360,12,3103,20%,42
T027369,12,8496,20%,42
T027370,12,1838,20%,42
T027373,12,5846,20%,42
T027391,12,217,20%,42
T027393,12,2559,20%,42
T027394,12,8617,20%,42
T027406,315,854,20%,42
T027414,315,6871,20%,42
T027416,315,606,20%,42
T027428,315,578,20%,42
T027430,315,210,20%,42
T027434,315,3870,20%,42
T027436,315,917,20%,42
T027438,315,3165,20%,42
T027443,315,1222,20%,42
T027445,315,1266,20%,42
T027449,315,6871,20%,42
T027450,3922,1053,20%,42
T027453,3922,462,20%,42
T027458,3922,31,20%,42
T027466,3922,2875,20%,42
T027474,3922,1036,20%,42
T027489,3922,1542,20%,42
T027491,3922,4376,20%,42
T027493,3922,1265,20%,42
T027499,3922,8642,20%,42
T027505,5503,2897,20%,42
T027506,5503,2455,20%,42
T027520,5503,4306,20%,42
T027521,5503,56,20%,42
T027524,5503,534,20%,42
T027525,5503,8388,20%,42
T027526,5503,148,20%,42
T027527,5503,37,20%,42
T027528,5503,8022,20%,42
T027533,5503,8732,20%,42
T027543,5503,5678,20%,42
T027544,5503,6745,20%,42
T027554,5671,5148,20%,42
T027558,5671,4497,20%,42
T027561,5671,7299,20%,42
T027563,5671,581,20%,42
T027575,5671,924,20%,42
T027577,5671,1087,20%,42
T027585,5671,8617,20%,42
T027601,1163,35,20%,42
T027607,1163,130,20%,42
T027609,1163,74,20%,42
T027616,1163,1317,20%,42
T027617,1163,170,20%,42
T027624,1163,4949,20%,42
T027625,1163,258,20%,42
T027631,1163,332,20%,42
T027633,1163,473,20%,42
T027634,1163,5377,20%,42
T027641,1163,270,20%,42
T027645,1163,1780,20%,42
T027648,1163,7518,20%,42
T027655,2818,226,20%,42
T027660,2818,1679,20%,42
T027671,2818,2687,20%,42
T027674,2818,1219,20%,42
T027677,2818,9830,20%,42
T027679,2818,261,20%,42
T027685,2818,47,20%,42
T027689,2818,3786,20%,42
T027693,2818,6196,20%,42
T027696,2818,8146,20%,42
T027697,2818,732,20%,42
T027698,2818,897,20%,42
T027701,4352,5416,20%,42
T027704,4352,2892,20%,42
T027706,4352,1034,20%,42
T027707,4352,1629,20%,42
T027711,4352,591,20%,42
T027714,4352,1361,20%,42
T027716,4352,4682,20%,42
T027720,4352,5159,20%,42
T027721,4352,5322,20%,42
T027726,4352,6195,20%,42
T027727,4352,9733,20%,42
T027733,4352,2131,20%,42
T027749,4352,1362,20%,42
T027750,7242,6909,20%,42
T027751,7242,6726,20%,42
T027754,7242,5338,20%,42
T027756,7242,8388,20%,42
T027757,7242,5624,20%,42
T027763,7242,177,20%,42
T027767,7242,1514,20%,42
T027770,7242,3098,20%,42
T027773,7242,2093,20%,42
T027775,7242,1022,20%,42
T027785,7242,1896,20%,42
T027786,7242,1876,20%,42
T027808,1104,30,20%,42
T027810,1104,8324,20%,42
T027811,1104,4732,20%,42
T027813,1104,2112,20%,42
T027815,1104,392,20%,42
T027821,1104,3705,20%,42
T027822,1104,4848,20%,42
T027833,1104,9216,20%,42
T027838,1104,2293,20%,42
T027841,1104,2293,20%,42
T027847,1104,179,20%,42
T027854,1132,4711,20%,42
T027857,1132,9229,20%,42
T027858,1132,1180,20%,42
T027860,1132,1931,20%,42
T027865,1132,4693,20%,42
T027866,1132,1131,20%,42
T027868,1132,480,20%,42
T027881,1132,5245,20%,42
T027885,1132,4424,20%,42
T027891,1132,2182,20%,42
T027894,1132,6,20%,42
T027896,1132,5320,20%,42
T027899,1132,4463,20%,42
T027900,1152,697,20%,42
T027909,1152,3928,20%,42
T027912,1152,458,20%,42
T027918,1152,2473,20%,42
T027920,1152,5761,20%,42
T027928,1152,4248,20%,42
T027930,1152,6669,20%,42
T027935,1152,659,20%,42
T027938,1152,5366,20%,42
T027939,1152,1639,20%,42
T027945,1152,6732,20%,42
T027946,1152,5706,20%,42
T027953,1412,1123,20%,42
T027957,1412,5436,20%,42
T027962,1412,4322,20%,42
T027964,1412,9193,20%,42
T027966,1412,9726,20%,42
T027967,1412,1933,20%,42
T027976,1412,6088,20%,42
T027980,1412,787,20%,42
T027986,1412,7925,20%,42
T027994,1412,4096,20%,42
T027996,1412,2027,20%,42
T027998,1412,3721,20%,42
T027999,1412,3775,20%,42
T028004,1490,4024,20%,42
T028006,1490,3180,20%,42
T028007,1490,1613,20%,42
T028009,1490,2522,20%,42
T028011,1490,7317,20%,42
T028025,1490,2613,20%,42
T028040,1490,1933,20%,42
T028042,1490,2818,20%,42
T028044,1490,3986,20%,42
T028045,1490,2626,20%,42
T028049,1490,6777,20%,42
T028050,5446,947,20%,42
T028057,5446,3586,20%,42
T028060,5446,9987,20%,42
T028065,5446,3721,20%,42
T028068,5446,9254,20%,42
T028072,5446,9257,20%,42
T028076,5446,4269,20%,42
T028098,5446,6674,20%,42
T028102,6733,835,20%,42
T028105,6733,5949,20%,42
T028108,6733,9519,20%,42
T028111,6733,5086,20%,42
T028115,6733,6513,20%,42
T028119,6733,3158,20%,42
T028123,6733,900,20%,42
T028127,6733,4800,20%,42
T028128,6733,5078,20%,42
T028134,6733,4178,20%,42
T028142,6733,10281,20%,42
T028146,6733,3088,20%,42
T028151,2549,3430,20%,42
T028155,2549,4151,20%,42
T028158,2549,6373,20%,42
T028165,2549,947,20%,42
T028181,2549,24,20%,42
T028185,2549,6688,20%,42
T028186,2549,4401,20%,42
T028193,2549,2227,20%,42
T028205,2656,138,20%,42
T028207,2656,5016,20%,42
T028212,2656,10293,20%,42
T028226,2656,3693,20%,42
T028229,2656,8114,20%,42
T028230,2656,10177,20%,42
T028234,2656,4187,20%,42
T028238,2656,1197,20%,42
T028242,2656,470,20%,42
T028251,4724,2378,20%,42
T028253,4724,7518,20%,42
T028259,4724,83,20%,42
T028270,4724,1588,20%,42
T028272,4724,578,20%,42
T028277,4724,25,20%,42
T028281,4724,93,20%,42
T028282,4724,4362,20%,42
T028286,4724,9064,20%,42
T028293,4724,4031,20%,42
T028295,4724,977,20%,42
T028303,7226,3572,20%,42
T028310,7226,5278,20%,42
T028311,7226,8258,20%,42
T028318,7226,2575,20%,42
T028320,7226,1241,20%,42
T028323,7226,943,20%,42
T028333,7226,168,20%,42
T028334,7226,464,20%,42
T028335,7226,943,20%,42
T028339,7226,4771,20%,42
T028344,7226,956,20%,42
T028346,7226,2559,20%,42
T028349,7226,443,20%,42
T028360,847,582,20%,42
T028363,847,5556,20%,42
T028369,847,2439,20%,42
T028372,847,341,20%,42
T028378,847,1592,20%,42
T028379,847,2633,20%,42
T028385,847,3214,20%,42
T028386,847,1131,20%,42
T028388,847,4191,20%,42
T028389,847,5153,20%,42
T028402,2645,5629,20%,42
T028405,2645,43,20%,42
T028406,2645,3718,20%,42
T028411,2645,7870,20%,42
T028412,2645,3779,20%,42
T028413,2645,33,20%,42
T028414,2645,2964,20%,42
T028418,2645,1040,20%,42
T028425,2645,4432,20%,42
T028426,2645,7776,20%,42
T028427,2645,4955,20%,42
T028430,2645,7542,20%,42
T028434,2645,3134,20%,42
T028438,2645,8751,20%,42
T028439,2645,1248,20%,42
T028441,2645,1268,20%,42
T028447,2645,5237,20%,42
T028453,2786,1375,20%,42
T028461,2786,7359,20%,42
T028471,2786,8571,20%,42
T028473,2786,128,20%,42
T028474,2786,1546,20%,42
T028476,2786,6244,20%,42
T028491,2786,7176,20%,42
T028492,2786,8866,20%,42
T028497,2786,5345,20%,42
T028501,3006,7970,20%,42
T028502,3006,7099,20%,42
T028507,3006,3169,20%,42
T028508,3006,3206,20%,42
T028512,3006,3206,20%,42
T028513,3006,5239,20%,42
T028515,3006,1873,20%,42
T028528,3006,5278,20%,42
T028536,3006,6664,20%,42
T028546,3006,8778,20%,42
T028559,3759,2009,20%,42
T028574,3759,290,20%,42
T028580,3759,1098,20%,42
T028581,3759,2875,20%,42
T028582,3759,1824,20%,42
T028586,3759,4741,20%,42
T028588,3759,9543,20%,42
T028589,3759,3618,20%,42
T028592,3759,2244,20%,42
T028602,6,1422,20%,42
T028606,6,4409,20%,42
T028610,6,10177,20%,42
T028615,6,1116,20%,42
T028626,6,852,20%,42
T028632,6,73,20%,42
T028634,6,5235,20%,42
T028637,6,294,20%,42
T028639,6,456,20%,42
T028640,6,1116,20%,42
T028641,6,1087,20%,42
T028642,6,5944,20%,42
T028654,168,4958,20%,42
T028657,168,7155,20%,42
T028660,168,5034,20%,42
T028675,168,1007,20%,42
T028678,168,615,20%,42
T028681,168,2358,20%,42
T028682,168,2674,20%,42
T028683,168,43,20%,42
T028686,168,956,20%,42
T028691,168,7630,20%,42
T028694,168,8198,20%,42
T028695,168,4968,20%,42
T028699,168,132,20%,42
T028710,249,3705,20%,42
T028716,249,509,20%,42
T028717,249,10233,20%,42
T028729,249,2167,20%,42
T028734,249,221,20%,42
T028736,249,3180,20%,42
T028743,249,536,20%,42
T028746,249,3728,20%,42
T028747,249,226,20%,42
T028759,1375,95,20%,42
T028766,1375,1120,20%,42
T028771,1375,8814,20%,42
T028775,1375,603,20%,42
T028777,1375,2918,20%,42
T028783,1375,108,20%,42
T028797,1375,3585,20%,42
T028799,1375,2013,20%,42
T028808,2479,5503,20%,42
T028811,2479,7333,20%,42
T028817,2479,5393,20%,42
T028833,2479,6045,20%,42
T028837,2479,3479,20%,42
T028839,2479,5159,20%,42
T028840,2479,6030,20%,42
T028841,2479,66,20%,42
T028844,2479,2882,20%,42
T028847,2479,2493,20%,42
T028851,5814,10065,20%,42
T028853,5814,3407,20%,42
T028854,5814,1704,20%,42
T028855,5814,5377,20%,42
T028858,5814,585,20%,42
T028866,5814,1194,20%,42
T028869,5814,2834,20%,42
T028873,5814,998,20%,42
T028879,5814,5120,20%,42
T028882,5814,5643,20%,42
T028884,5814,5178,20%,42
T028887,5814,5419,20%,42
T028895,5814,6045,20%,42
T028898,5814,2715,20%,42
T028907,6135,2083,20%,42
T028908,6135,1189,20%,42
T028909,6135,3384,20%,42
T028914,6135,10101,20%,42
T028925,6135,5761,20%,42
T028930,6135,73,20%,42
T028939,6135,7630,20%,42
T028941,6135,23,20%,42
T028949,6135,7165,20%,42
T028950,7818,2433,20%,42
T028957,7818,764,20%,42
T028960,7818,3398,20%,42
T028961,7818,1017,20%,42
T028963,7818,2346,20%,42
T028967,7818,2441,20%,42
T028974,7818,2472,20%,42
T028983,7818,654,20%,42
T029002,9210,3863,20%,42
T029003,9210,9997,20%,42
T029016,9210,6682,20%,42
T029019,9210,10,20%,42
T029024,9210,4062,20%,42
T029025,9210,1209,20%,42
T029031,9210,6092,20%,42
T029032,9210,6115,20%,42
T029034,9210,9181,20%,42
T029036,9210,6747,20%,42
T029038,9210,1184,20%,42
T029041,9210,4303,20%,42
T029049,9210,674,20%,42
T029051,651,7389,20%,42
T029052,651,5518,20%,42
T029053,651,2166,20%,42
T029059,651,426,20%,42
T029060,651,136,20%,42
T029061,651,8480,20%,42
T029071,651,6088,20%,42
T029074,651,749,20%,42
T029084,651,518,20%,42
T029090,651,590,20%,42
T029091,651,4364,20%,42
T029096,651,1992,20%,42
T029099,651,1641,20%,42
T029100,1120,238,20%,42
T029118,1120,1574,20%,42
T029119,1120,2769,20%,42
T029121,1120,1092,20%,42
T029123,1120,7542,20%,42
T029126,1120,69,20%,42
T029133,1120,1384,20%,42
T029137,1120,8746,20%,42
T029143,1120,7818,20%,42
T029144,1120,3567,20%,42
T029149,1120,2378,20%,42
T029152,1189,4098,20%,42
T029167,1189,4895,20%,42
T029168,1189,1541,20%,42
T029169,1189,4193,20%,42
T029173,1189,199,20%,42
T029180,1189,1434,20%,42
T029187,1189,280,20%,42
T029189,1189,5023,20%,42
T029192,1189,6195,20%,42
T029195,1189,7144,20%,42
T029197,1189,3678,20%,42
T029198,1189,4702,20%,42
T029200,2867,6993,20%,42
T029202,2867,1094,20%,42
T029208,2867,491,20%,42
T029209,2867,47,20%,42
T029210,2867,340,20%,42
T029216,2867,7381,20%,42
T029227,2867,81,20%,42
T029239,2867,149,20%,42
T029246,2867,8324,20%,42
T029252,5245,9923,20%,42
T029258,5245,69,20%,42
T029264,5245,4051,20%,42
T029265,5245,7128,20%,42
T029275,5245,571,20%,42
T029276,5245,4978,20%,42
T029277,5245,31,20%,42
T029283,5245,8612,20%,42
T029288,5245,4762,20%,42
T029291,5245,9764,20%,42
T029293,5245,589,20%,42
T029300,5592,117,20%,42
T029312,5592,448,20%,42
T029320,5592,9512,20%,42
T029321,5592,387,20%,42
T029347,5592,4866,20%,42
T029360,152,5409,20%,42
T029367,152,2378,20%,42
T029378,152,7199,20%,42
T029380,152,835,20%,42
T029393,152,8914,20%,42
T029398,152,2522,20%,42
T029401,1050,26,20%,42
T029406,1050,6306,20%,42
T029407,1050,5226,20%,42
T029421,1050,186,20%,42
T029422,1050,1004,20%,42
T029425,1050,4546,20%,42
T029429,1050,1039,20%,42
T029431,1050,5610,20%,42
T029432,1050,398,20%,42
T029435,1050,7440,20%,42
T029439,1050,1802,20%,42
T029448,1050,1250,20%,42
T029449,1050,9345,20%,42
T029450,1209,6263,20%,42
T029466,1209,250,20%,42
T029468,1209,194,20%,42
T029473,1209,491,20%,42
T029475,1209,3498,20%,42
T029488,1209,9906,20%,42
T029506,2352,7977,20%,42
T029515,2352,8867,20%,42
T029516,2352,3822,20%,42
T029521,2352,3052,20%,42
T029523,2352,1022,20%,42
T029533,2352,5444,20%,42
T029536,2352,5065,20%,42
T029537,2352,1981,20%,42
T029542,2352,7706,20%,42
T029563,7432,1657,20%,42
T029564,7432,529,20%,42
T029565,7432,953,20%,42
T029578,7432,1758,20%,42
T029579,7432,208,20%,42
T029581,7432,9082,20%,42
T029584,7432,3593,20%,42
T029588,7432,3430,20%,42
T029591,7432,8791,20%,42
T029609,808,3951,20%,42
T029610,808,464,20%,42
T029617,808,2882,20%,42
T029621,808,5627,20%,42
T029624,808,1991,20%,42
T029628,808,897,20%,42
T029636,808,4445,20%,42
T029642,808,16,20%,42
T029643,808,3787,20%,42
T029648,808,3982,20%,42
T029654,936,9323,20%,42
T029659,936,9272,20%,42
T029664,936,659,20%,42
T029673,936,29,20%,42
T029683,936,3169,20%,42
T029696,936,1954,20%,42
T029697,936,3159,20%,42
T029701,955,10233,20%,42
T029705,955,8700,20%,42
T029706,955,2306,20%,42
T029708,955,257,20%,42
T029709,955,8339,20%,42
T029726,955,3966,20%,42
T029728,955,6754,20%,42
T029731,955,4033,20%,42
T029736,955,8615,20%,42
T029738,955,7796,20%,42
T029740,955,9199,20%,42
T029742,955,2164,20%,42
T029743,955,1326,20%,42
T029747,955,3296,20%,42
T029748,955,9519,20%,42
T029755,4741,85,20%,42
T029756,4741,6224,20%,42
T029759,4741,36,20%,42
T029760,4741,40,20%,42
T029776,4741,1372,20%,42
T029795,4741,9726,20%,42
T029797,4741,5178,20%,42
T029799,4741,4347,20%,42
T029801,5095,9119,20%,42
T029802,5095,5252,20%,42
T029810,5095,5120,20%,42
T029813,5095,327,20%,42
T029814,5095,1384,20%,42
T029815,5095,101,20%,42
T029825,5095,4292,20%,42
T029829,5095,5937,20%,42
T029838,5095,10325,20%,42
T029845,5095,6692,20%,42
T029851,7083,3491,20%,42
T029865,7083,6030,20%,42
T029866,7083,6601,20%,42
T029867,7083,190,20%,42
T029874,7083,5364,20%,42
T029875,7083,5225,20%,42
T029876,7083,2000,20%,42
T029878,7083,277,20%,42
T029881,7083,9844,20%,42
T029882,7083,1610,20%,42
T029885,7083,8416,20%,42
T029886,7083,8111,20%,42
T029901,1036,6170,20%,42
T029915,1036,1984,20%,42
T029926,1036,7803,20%,42
T029929,1036,1610,20%,42
T029938,1036,3253,20%,42
T029939,1036,200,20%,42
T029948,1036,8007,20%,42
T029954,2926,3265,20%,42
T029955,2926,3725,20%,42
T029960,2926,3208,20%,42
T029962,2926,6891,20%,42
T029969,2926,7120,20%,42
T029971,2926,1174,20%,42
T029976,2926,3759,20%,42
T029982,2926,611,20%,42
T029989,2926,1196,20%,42
T030000,4890,3374,20%,42
T030007,4890,2027,20%,42
T030021,4890,2289,20%,42
T030024,4890,3384,20%,42
T030045,4890,3585,20%,42
T030047,4890,1843,20%,42
T030051,5260,513,20%,42
T030053,5260,4329,20%,42
T030059,5260,2472,20%,42
T030061,5260,2650,20%,42
T030064,5260,8583,20%,42
T030066,5260,5180,20%,42
T030069,5260,66,20%,42
T030072,5260,6519,20%,42
T030077,5260,7334,20%,42
T030083,5260,3464,20%,42
T030091,5260,9229,20%,42
T030099,5260,5190,20%,42
T030100,1131,165,20%,42
T030108,1131,3975,20%,42
T030112,1131,3606,20%,42
T030118,1131,1991,20%,42
T030123,1131,4510,20%,42
T030127,1131,4969,20%,42
T030139,1131,2512,20%,42
T030148,1131,2192,20%,42
T030152,1533,217,20%,42
T030155,1533,748,20%,42
T030158,1533,3618,20%,42
T030180,1533,1727,20%,42
T030181,1533,5556,20%,42
T030183,1533,5993,20%,42
T030192,1533,3117,20%,42
T030196,1533,3708,20%,42
T030205,2814,5315,20%,42
T030211,2814,3205,20%,42
T030213,2814,4597,20%,42
T030222,2814,1106,20%,42
T030228,2814,5793,20%,42
T030229,2814,2548,20%,42
T030231,2814,165,20%,42
T030238,2814,6606,20%,42
T030255,3986,1645,20%,42
T030270,3986,2949,20%,42
T030273,3986,1090,20%,42
T030277,3986,1207,20%,42
T030278,3986,8295,20%,42
T030280,3986,7115,20%,42
T030281,3986,9638,20%,42
T030284,3986,187,20%,42
T030288,3986,2204,20%,42
T030292,3986,5610,20%,42
T030297,3986,2472,20%,42
T030298,3986,458,20%,42
T030302,9733,9164,20%,42
T030310,9733,386,20%,42
T030313,9733,1193,20%,42
T030315,9733,186,20%,42
T030319,9733,1769,20%,42
T030332,9733,203,20%,42
T030350,947,693,20%,42
T030353,947,978,20%,42
T030356,947,4604,20%,42
T030367,947,5202,20%,42
T030377,947,1132,20%,42
T030387,947,5708,20%,42
T030419,3690,8857,20%,42
T030423,3690,4816,20%,42
T030442,3690,8545,20%,42
T030443,3690,455,20%,42
T030445,3690,1177,20%,42
T030448,3690,9987,20%,42
T030455,4691,3467,20%,42
T030460,4691,5015,20%,42
T030463,4691,5746,20%,42
T030469,4691,359,20%,42
T030480,4691,8615,20%,42
T030483,4691,1095,20%,42
T030484,4691,4420,20%,42
T030485,4691,3361,20%,42
T030488,4691,6974,20%,42
T030493,4691,6638,20%,42
T030500,5610,248,20%,42
T030502,5610,869,20%,42
T030505,5610,6909,20%,42
T030513,5610,8476,20%,42
T030518,5610,953,20%,42
T030523,5610,8857,20%,42
T030529,5610,5643,20%,42
T030532,5610,2009,20%,42
T030540,5610,209,20%,42
T030542,5610,7714,20%,42
T030545,5610,5364,20%,42
T030548,5610,8922,20%,42
T030554,869,8794,20%,42
T030558,869,9738,20%,42
T030568,869,7951,20%,42
T030569,869,4693,20%,42
T030573,869,210,20%,42
T030576,869,47,20%,42
T030581,869,5320,20%,42
T030583,869,473,20%,42
T030585,869,7429,20%,42
T030587,869,5245,20%,42
T030597,869,360,20%,42
T030598,869,2485,20%,42
T030601,1504,980,20%,42
T030606,1504,484,20%,42
T030612,1504,4920,20%,42
T030614,1504,7187,20%,42
T030621,1504,8859,20%,42
T030627,1504,2600,20%,42
T030630,1504,5725,20%,42
T030632,1504,38,20%,42
T030636,1504,536,20%,42
T030640,1504,718,20%,42
T030644,1504,1014,20%,42
T030648,1504,5511,20%,42
T030658,3296,6934,20%,42
T030659,3296,6838,20%,42
T030667,3296,1054,20%,42
T030673,3296,3314,20%,42
T030676,3296,3003,20%,42
T030678,3296,14,20%,42
T030681,3296,8922,20%,42
T030684,3296,7645,20%,42
T030687,3296,9507,20%,42
T030690,3296,587,20%,42
T030697,3296,6244,20%,42
T030698,3296,1020,20%,42
T030706,4142,10325,20%,42
T030707,4142,6437,20%,42
T030716,4142,8615,20%,42
T030740,4142,889,20%,42
T030743,4142,1161,20%,42
T030746,4142,5713,20%,42
T030750,9258,6097,20%,42
T030756,9258,6864,20%,42
T030763,9258,9558,20%,42
T030770,9258,6638,20%,42
T030772,9258,233,20%,42
T030777,9258,1769,20%,42
T030788,9258,6409,20%,42
T030800,1692,3159,20%,42
T030801,1692,8712,20%,42
T030808,1692,7402,20%,42
T030813,1692,5245,20%,42
T030818,1692,5034,20%,42
T030827,1692,7888,20%,42
T030841,1692,7764,20%,42
T030847,1692,605,20%,42
T030862,2719,3983,20%,42
T030866,2719,730,20%,42
T030873,2719,9543,20%,42
T030881,2719,4445,20%,42
T030882,2719,1516,20%,42
T030883,2719,95,20%,42
T030884,2719,4920,20%,42
T030889,2719,7165,20%,42
T030895,2719,33,20%,42
T030899,2719,6811,20%,42
T030903,4031,7764,20%,42
T030908,4031,2444,20%,42
T030910,4031,3464,20%,42
T030912,4031,9118,20%,42
T030915,4031,966,20%,42
T030916,4031,921,20%,42
T030919,4031,5786,20%,42
T030923,4031,774,20%,42
T030932,4031,1243,20%,42
T030935,4031,3025,20%,42
T030936,4031,2358,20%,42
T030943,4031,1693,20%,42
T030944,4031,148,20%,42
T030945,4031,532,20%,42
T030947,4031,477,20%,42
T030959,4376,7991,20%,42
T030966,4376,5470,20%,42
T030980,4376,591,20%,42
T030995,4376,3003,20%,42
T030998,4376,5949,20%,42
T031003,4895,378,20%,42
T031005,4895,5287,20%,42
T031008,4895,1250,20%,42
T031015,4895,3343,20%,42
T031023,4895,749,20%,42
T031030,4895,2200,20%,42
T031035,4895,1361,20%,42
T031036,4895,10231,20%,42
T031037,4895,995,20%,42
T031043,4895,585,20%,42
T031044,4895,7984,20%,42
T031046,4895,2397,20%,42
T031047,4895,7316,20%,42
T031054,5197,8380,20%,42
T031060,5197,2372,20%,42
T031063,5197,1143,20%,42
T031068,5197,3024,20%,42
T031071,5197,5447,20%,42
T031072,5197,1546,20%,42
T031085,5197,9039,20%,42
T031086,5197,6334,20%,42
T031097,5197,8127,20%,42
T031098,5197,517,20%,42
T031104,5973,2012,20%,42
T031105,5973,4347,20%,42
T031106,5973,194,20%,42
T031113,5973,3314,20%,42
T031123,5973,3719,20%,42
T031127,5973,5618,20%,42
T031134,5973,8480,20%,42
T031140,5973,1848,20%,42
T031142,5973,2567,20%,42
T031143,5973,2902,20%,42
T031144,5973,2227,20%,42
T031149,5973,277,20%,42
T031155,6951,9850,20%,42
T031157,6951,2479,20%,42
T031158,6951,4168,20%,42
T031159,6951,8615,20%,42
T031163,6951,1384,20%,42
T031165,6951,6196,20%,42
T031173,6951,9441,20%,42
T031176,6951,7359,20%,42
T031190,6951,1034,20%,42
T031192,6951,7199,20%,42
T031194,6951,492,20%,42
T031201,7144,1268,20%,42
T031218,7144,8346,20%,42
T031239,7144,2608,20%,42
T031242,7144,524,20%,42
T031244,7144,449,20%,42
T031247,7144,3813,20%,42
T031249,7144,903,20%,42
T031260,8389,8814,20%,42
T031269,8389,5656,20%,42
T031272,8389,9323,20%,42
T031273,8389,2552,20%,42
T031278,8389,1084,20%,42
T031285,8389,9193,20%,42
T031289,8389,2867,20%,42
T031293,8389,9731,20%,42
T031294,8389,6071,20%,42
T031301,169,1318,20%,42
T031303,169,5968,20%,42
T031306,169,3052,20%,42
T031309,169,5166,20%,42
T031311,169,3674,20%,42
T031315,169,9257,20%,42
T031318,169,2271,20%,42
T031322,169,10006,20%,42
T031333,169,6909,20%,42
T031337,169,6361,20%,42
T031338,169,532,20%,42
T031340,169,2512,20%,42
T031344,169,8355,20%,42
T031347,169,10040,20%,42
T031348,169,9106,20%,42
T031353,1122,886,20%,42
T031354,1122,137,20%,42
T031362,1122,493,20%,42
T031375,1122,3927,20%,42
T031376,1122,7411,20%,42
T031379,1122,5148,20%,42
T031383,1122,1120,20%,42
T031384,1122,2164,20%,42
T031388,1122,3833,20%,42
T031390,1122,606,20%,42
T031392,1122,5814,20%,42
T031403,1219,109,20%,42
T031407,1219,3153,20%,42
T031414,1219,2083,20%,42
T031418,1219,4281,20%,42
T031427,1219,5736,20%,42
T031428,1219,3068,20%,42
T031429,1219,391,20%,42
T031435,1219,1848,20%,42
T031439,1219,8571,20%,42
T031447,1219,1088,20%,42
T031448,1219,5048,20%,42
T031449,1219,4011,20%,42
T031450,1991,5803,20%,42
T031452,1991,1984,20%,42
T031456,1991,7977,20%,42
T031457,1991,101,20%,42
T031467,1991,354,20%,42
T031476,1991,57,20%,42
T031477,1991,32,20%,42
T031492,1991,4221,20%,42
T031501,4051,917,20%,42
T031506,4051,3232,20%,42
T031512,4051,4375,20%,42
T031516,4051,3879,20%,42
T031518,4051,9708,20%,42
T031522,4051,8007,20%,42
T031536,4051,1089,20%,42
T031537,4051,5968,20%,42
T031542,4051,2558,20%,42
T031546,4051,3400,20%,42
T031548,4051,4646,20%,42
T031551,5795,3879,20%,42
T031554,5795,10535,20%,42
T031559,5795,1099,20%,42
T031563,5795,9369,20%,42
T031566,5795,5235,20%,42
T031572,5795,3439,20%,42
T031595,5795,19,20%,42
T031599,5795,234,20%,42
T031602,7518,1130,20%,42
T031612,7518,1,20%,42
T031613,7518,5377,20%,42
T031616,7518,7803,20%,42
T031627,7518,290,20%,42
T031631,7518,1693,20%,42
T031632,7518,3583,20%,42
T031647,7518,4848,20%,42
T031657,7684,2600,20%,42
T031659,7684,4215,20%,42
T031661,7684,8857,20%,42
T031663,7684,138,20%,42
T031666,7684,3764,20%,42
T031667,7684,9119,20%,42
T031686,7684,7116,20%,42
T031693,7684,1104,20%,42
T031694,7684,6351,20%,42
T031697,7684,7144,20%,42
T031699,7684,1031,20%,42
T031709,9830,5267,20%,42
T031714,9830,7942,20%,42
T031715,9830,1539,20%,42
T031719,9830,7432,20%,42
T031727,9830,8695,20%,42
T031728,9830,6408,20%,42
T031742,9830,464,20%,42
T031749,9830,5191,20%,42
T031754,1090,1022,20%,42
T031761,1090,4704,20%,42
T031767,1090,54,20%,42
T031779,1090,573,20%,42
T031799,1090,4,20%,42
T031801,1981,5312,20%,42
T031815,1981,3895,20%,42
T031816,1981,978,20%,42
T031833,1981,25,20%,42
T031835,1981,171,20%,42
T031840,1981,5627,20%,42
T031842,1981,7901,20%,42
T031851,3516,2591,20%,42
T031854,3516,6357,20%,42
T031855,3516,9701,20%,42
T031863,3516,3746,20%,42
T031874,3516,8532,20%,42
T031885,3516,3153,20%,42
T031890,3516,79,20%,42
T031891,3516,5267,20%,42
T031894,3516,1829,20%,42
T031898,3516,2042,20%,42
T031899,3516,436,20%,42
T031920,4027,4226,20%,42
T031927,4027,1709,20%,42
T031940,4027,220,20%,42
T031943,4027,7645,20%,42
T031948,4027,5170,20%,42
T031961,5148,6605,20%,42
T031976,5148,2075,20%,42
T031978,5148,108,20%,42
T031979,5148,1092,20%,42
T031981,5148,4730,20%,42
T031985,5148,6030,20%,42
T031989,5148,5190,20%,42
T031990,5148,4290,20%,42
T031995,5148,2212,20%,42
T032003,6370,362,20%,42
T032004,6370,2618,20%,42
T032007,6370,65,20%,42
T032014,6370,105,20%,42
T032017,6370,2558,20%,42
T032018,6370,2505,20%,42
T032023,6370,5107,20%,42
T032026,6370,256,20%,42
T032027,6370,9199,20%,42
T032029,6370,6193,20%,42
T032032,6370,2240,20%,42
T032040,6370,10079,20%,42
T032042,6370,748,20%,42
T032043,6370,4888,20%,42
T032045,6370,5107,20%,42
T032051,497,696,20%,42
T032053,497,1242,20%,42
T032054,497,2912,20%,42
T032055,497,550,20%,42
T032056,497,1184,20%,42
T032058,497,9515,20%,42
T032059,497,2204,20%,42
T032061,497,612,20%,42
T032067,497,26,20%,42
T032068,497,7901,20%,42
T032074,497,2734,20%,42
T032075,497,4969,20%,42
T032085,497,1,20%,42
T032090,497,3743,20%,42
T032100,844,157,20%,42
T032102,844,5050,20%,42
T032108,844,3758,20%,42
T032112,844,9377,20%,42
T032113,844,6519,20%,42
T032123,844,3818,20%,42
T032129,844,4604,20%,42
T032136,844,42,20%,42
T032139,844,1228,20%,42
T032140,844,1991,20%,42
T032146,844,6027,20%,42
T032160,1002,6558,20%,42
T032161,1002,8113,20%,42
T032167,1002,9986,20%,42
T032169,1002,232,20%,42
T032170,1002,8074,20%,42
T032172,1002,581,20%,42
T032176,1002,546,20%,42
T032181,1002,4227,20%,42
T032190,1002,1269,20%,42
T032205,1843,9726,20%,42
T032206,1843,1219,20%,42
T032207,1843,9650,20%,42
T032215,1843,2661,20%,42
T032218,1843,1810,20%,42
T032229,1843,134,20%,42
T032231,1843,1040,20%,42
T032233,1843,8303,20%,42
T032234,1843,4038,20%,42
T032235,1843,4445,20%,42
T032239,1843,8871,20%,42
T032245,1843,2358,20%,42
T032251,5016,5444,20%,42
T032258,5016,10177,20%,42
T032261,5016,3833,20%,42
T032263,5016,6864,20%,42
T032265,5016,674,20%,42
T032266,5016,7995,20%,42
T032270,5016,4711,20%,42
T032275,5016,732,20%,42
T032277,5016,1087,20%,42
T032284,5016,145,20%,42
T032287,5016,2965,20%,42
T032288,5016,2505,20%,42
T032293,5016,2107,20%,42
T032296,5016,1049,20%,42
T032297,5016,371,20%,42
T032303,5048,3004,20%,42
T032315,5048,1095,20%,42
T032319,5048,3004,20%,42
T032321,5048,1769,20%,42
T032323,5048,4506,20%,42
T032326,5048,3276,20%,42
T032328,5048,421,20%,42
T032329,5048,562,20%,42
T032332,5048,2912,20%,42
T032336,5048,169,20%,42
T032339,5048,5494,20%,42
T032340,5048,610,20%,42
T032344,5048,821,20%,42
T032349,5048,1292,20%,42
T032360,6393,1154,20%,42
T032371,6393,1981,20%,42
T032373,6393,170,20%,42
T032374,6393,3118,20%,42
T032377,6393,1099,20%,42
T032379,6393,9850,20%,42
T032385,6393,3901,20%,42
T032387,6393,6909,20%,42
T032391,6393,397,20%,42
T032397,6393,2751,20%,42
T032400,8113,8654,20%,42
T032406,8113,9323,20%,42
T032413,8113,8583,20%,42
T032415,8113,190,20%,42
T032419,8113,7115,20%,42
T032427,8113,157,20%,42
T032430,8113,9808,20%,42
T032447,8113,198,20%,42
T032448,8113,2700,20%,42
T032449,8113,5034,20%,42
T032459,9401,844,20%,42
T032471,9401,2486,20%,42
T032486,9401,940,20%,42
T032492,9401,4531,20%,42
T032497,9401,605,20%,42
T032504,220,8388,20%,42
T032505,220,1266,20%,42
T032508,220,8857,20%,42
T032519,220,1873,20%,42
T032525,220,278,20%,42
T032540,220,8612,20%,42
T032542,220,6432,20%,42
T032548,220,121,20%,42
T032551,674,5587,20%,42
T032560,674,8859,20%,42
T032561,674,5050,20%,42
T032570,674,2558,20%,42
T032577,674,4139,20%,42
T032580,674,371,20%,42
T032581,674,5599,20%,42
T032583,674,8857,20%,42
T032596,674,68,20%,42
T032604,1240,2794,20%,42
T032607,1240,8867,20%,42
T032611,1240,6622,20%,42
T032614,1240,8794,20%,42
T032617,1240,1888,20%,42
T032623,1240,2666,20%,42
T032624,1240,629,20%,42
T032631,1240,1317,20%,42
T032635,1240,606,20%,42
T032636,1240,1709,20%,42
T032640,1240,360,20%,42
T032642,1240,1053,20%,42
T032646,1240,1668,20%,42
T032658,1313,9733,20%,42
T032671,1313,152,20%,42
T032674,1313,5468,20%,42
T032678,1313,2687,20%,42
T032681,1313,2321,20%,42
T032686,1313,693,20%,42
T032702,1664,227,20%,42
T032709,1664,9747,20%,42
T032712,1664,34,20%,42
T032714,1664,9106,20%,42
T032715,1664,4248,20%,42
T032719,1664,8399,20%,42
T032721,1664,4622,20%,42
T032723,1664,155,20%,42
T032724,1664,1243,20%,42
T032731,1664,3306,20%,42
T032737,1664,3351,20%,42
T032739,1664,772,20%,42
T032740,1664,3715,20%,42
T032745,1664,5202,20%,42
T032749,1664,1023,20%,42
T032753,1785,7076,20%,42
T032763,1785,5549,20%,42
T032767,1785,5190,20%,42
T032772,1785,9241,20%,42
T032776,1785,2674,20%,42
T032779,1785,1910,20%,42
T032781,1785,7069,20%,42
T032784,1785,8373,20%,42
T032788,1785,603,20%,42
T032796,1785,315,20%,42
T032798,1785,2591,20%,42
T032800,2961,277,20%,42
T032803,2961,3306,20%,42
T032804,2961,5368,20%,42
T032807,2961,458,20%,42
T032810,2961,193,20%,42
T032811,2961,1664,20%,42
T032812,2961,5078,20%,42
T032827,2961,426,20%,42
T032828,2961,3090,20%,42
T032836,2961,2677,20%,42
T032838,2961,2581,20%,42
T032843,2961,5261,20%,42
T032849,2961,5225,20%,42
T032856,3439,3809,20%,42
T032868,3439,10359,20%,42
T032869,3439,2956,20%,42
T032884,3439,5086,20%,42
T032887,3439,7471,20%,42
T032893,3439,280,20%,42
T032896,3439,88,20%,42
T032898,3439,3954,20%,42
T032914,4355,4373,20%,42
T032919,4355,1087,20%,42
T032921,4355,3597,20%,42
T032925,4355,8751,20%,42
T032928,4355,125,20%,42
T032932,4355,867,20%,42
T032944,4355,4489,20%,42
T032946,4355,4621,20%,42
T032954,4771,7818,20%,42
T032957,4771,659,20%,42
T032959,4771,2374,20%,42
T032962,4771,359,20%,42
T032966,4771,2883,20%,42
T032967,4771,1375,20%,42
T032979,4771,6688,20%,42
T032994,4771,1824,20%,42
T033027,5769,2404,20%,42
T033030,5769,8751,20%,42
T033033,5769,240,20%,42
T033034,5769,6284,20%,42
T033035,5769,867,20%,42
T033040,5769,1709,20%,42
T033044,5769,1133,20%,42
T033046,5769,5233,20%,42
T033062,362,6097,20%,42
T033064,362,1034,20%,42
T033076,362,9168,20%,42
T033080,362,2769,20%,42
T033084,362,7384,20%,42
T033104,747,174,20%,42
T033111,747,4621,20%,42
T033113,747,8859,20%,42
T033114,747,104,20%,42
T033115,747,5531,20%,42
T033141,747,8882,20%,42
T033142,747,3496,20%,42
T033144,747,467,20%,42
T033156,1247,10145,20%,42
T033165,1247,3585,20%,42
T033171,1247,5927,20%,42
T033206,1704,2740,20%,42
T033208,1704,9747,20%,42
T033215,1704,9936,20%,42
T033218,1704,3066,20%,42
T033238,1704,3809,20%,42
T033242,1704,6599,20%,42
T033247,1704,721,20%,42
T033249,1704,3496,20%,42
T033261,1866,5713,20%,42
T033262,1866,6027,20%,42
T033263,1866,5226,20%,42
T033266,1866,8883,20%,42
T033267,1866,5180,20%,42
T033268,1866,4728,20%,42
T033273,1866,9792,20%,42
T033278,1866,7478,20%,42
T033285,1866,6889,20%,42
T033287,1866,959,20%,42
T033292,1866,5287,20%,42
T033302,2633,1159,20%,42
T033312,2633,2710,20%,42
T033318,2633,7525,20%,42
T033319,2633,7724,20%,42
T033325,2633,8389,20%,42
T033326,2633,1848,20%,42
T033332,2633,90,20%,42
T033336,2633,5955,20%,42
T033339,2633,6063,20%,42
T033340,2633,554,20%,42
T033341,2633,3554,20%,42
T033345,2633,9272,20%,42
T033348,2633,134,20%,42
T033353,3678,3609,20%,42
T033361,3678,118,20%,42
T033391,3678,1183,20%,42
T033392,3678,7018,20%,42
T033396,3678,1631,20%,42
T033399,3678,4769,20%,42
T033403,166,7090,20%,42
T033405,166,4024,20%,42
T033406,166,763,20%,42
T033410,166,3989,20%,42
T033412,166,4272,20%,42
T033426,166,1079,20%,42
T033427,166,5985,20%,42
T033433,166,7991,20%,42
T033434,166,3901,20%,42
T033436,166,3206,20%,42
T033448,166,5042,20%,42
T033456,187,6232,20%,42
T033461,187,3024,20%,42
T033462,187,5985,20%,42
T033470,187,9039,20%,42
T033471,187,6709,20%,42
T033479,187,8654,20%,42
T033480,187,7856,20%,42
T033486,187,7384,20%,42
T033487,187,6605,20%,42
T033489,187,1541,20%,42
T033503,319,384,20%,42
T033509,319,166,20%,42
T033533,319,255,20%,42
T033540,319,638,20%,42
T033544,319,2196,20%,42
T033546,319,9064,20%,42
T033550,413,5775,20%,42
T033560,413,3554,20%,42
T033570,413,59,20%,42
T033577,413,1099,20%,42
T033585,413,8019,20%,42
T033587,413,1087,20%,42
T033588,413,2926,20%,42
T033594,413,9726,20%,42
T033595,413,4393,20%,42
T033599,413,5095,20%,42
T033602,590,6334,20%,42
T033612,590,1129,20%,42
T033614,590,3052,20%,42
T033619,590,134,20%,42
T033625,590,191,20%,42
T033626,590,8022,20%,42
T033629,590,5322,20%,42
T033634,590,3457,20%,42
T033639,590,9852,20%,42
T033645,590,5531,20%,42
T033655,915,2042,20%,42
T033663,915,2154,20%,42
T033676,915,4347,20%,42
T033686,915,484,20%,42
T033692,915,4238,20%,42
T033693,915,2815,20%,42
T033698,915,886,20%,42
T033701,4285,6756,20%,42
T033707,4285,3256,20%,42
T033711,4285,4168,20%,42
T033712,4285,8857,20%,42
T033715,4285,6500,20%,42
T033723,4285,1434,20%,42
T033724,4285,2397,20%,42
T033729,4285,988,20%,42
T033734,4285,4362,20%,42
T033737,4285,8871,20%,42
T033743,4285,1626,20%,42
T033748,4285,3090,20%,42
T033750,616,8814,20%,42
T033751,616,9708,20%,42
T033753,616,1494,20%,42
T033759,616,747,20%,42
T033760,616,2329,20%,42
T033764,616,5197,20%,42
T033765,616,9923,20%,42
T033771,616,996,20%,42
T033778,616,124,20%,42
T033783,616,4981,20%,42
T033788,616,1953,20%,42
T033789,616,6059,20%,42
T033792,616,1247,20%,42
T033799,616,7422,20%,42
T033800,637,6954,20%,42
T033801,637,7167,20%,42
T033802,637,6198,20%,42
T033811,637,1223,20%,42
T033814,637,5984,20%,42
T033815,637,3366,20%,42
T033817,637,4761,20%,42
T033820,637,5170,20%,42
T033825,637,2715,20%,42
T033826,637,1179,20%,42
T033828,637,208,20%,42
T033829,637,1718,20%,42
T033837,637,5298,20%,42
T033843,637,6602,20%,42
T033856,1115,187,20%,42
T033858,1115,9084,20%,42
T033859,1115,10486,20%,42
T033863,1115,370,20%,42
T033868,1115,578,20%,42
T033874,1115,6974,20%,42
T033881,1115,2591,20%,42
T033883,1115,921,20%,42
T033898,1115,16,20%,42
T033903,1818,3926,20%,42
T033905,1818,7042,20%,42
T033907,1818,148,20%,42
T033922,1818,3190,20%,42
T033928,1818,5833,20%,42
T033933,1818,2734,20%,42
T033937,1818,2740,20%,42
T033939,1818,8392,20%,42
T033947,1818,6081,20%,42
T033951,2271,6119,20%,42
T033952,2271,7176,20%,42
T033959,2271,2678,20%,42
T033961,2271,2136,20%,42
T033962,2271,3330,20%,42
T033971,2271,7333,20%,42
T033976,2271,4861,20%,42
T033979,2271,1017,20%,42
T033983,2271,1084,20%,42
T033986,2271,544,20%,42
T033987,2271,10030,20%,42
T033989,2271,4895,20%,42
T034001,3518,858,20%,42
T034004,3518,4563,20%,42
T034013,3518,3348,20%,42
T034021,3518,3746,20%,42
T034026,3518,7759,20%,42
T034032,3518,3572,20%,42
T034036,3518,589,20%,42
T034037,3518,5803,20%,42
T034043,3518,4523,20%,42
T034047,3518,6692,20%,42
T034048,3518,2300,20%,42
T034050,6334,7334,20%,42
T034064,6334,8712,20%,42
T034067,6334,663,20%,42
T034071,6334,6815,20%,42
T034072,6334,672,20%,42
T034073,6334,9844,20%,42
T034074,6334,4040,20%,42
T034075,6334,1014,20%,42
T034079,6334,5094,20%,42
T034082,6334,4212,20%,42
T034083,6334,748,20%,42
T034088,6334,5811,20%,42
T034090,6334,3088,20%,42
T034097,6334,1918,20%,42
T034103,8745,5752,20%,42
T034107,8745,3914,20%,42
T034108,8745,7529,20%,42
T034141,8745,1822,20%,42
T034146,8745,8127,20%,42
T034147,8745,2738,20%,42
T034154,200,9371,20%,42
T034156,200,2385,20%,42
T034157,200,2731,20%,42
T034161,200,2337,20%,42
T034182,200,2938,20%,42
T034185,200,229,20%,42
T034188,200,6796,20%,42
T034196,200,6325,20%,42
T034203,1087,4204,20%,42
T034205,1087,7375,20%,42
T034207,1087,4121,20%,42
T034208,1087,4670,20%,42
T034216,1087,5444,20%,42
T034221,1087,9620,20%,42
T034225,1087,7300,20%,42
T034226,1087,2794,20%,42
T034229,1087,3774,20%,42
T034231,1087,5061,20%,42
T034242,1087,4816,20%,42
T034245,1087,2484,20%,42
T034252,3052,10006,20%,42
T034258,3052,7024,20%,42
T034264,3052,1699,20%,42
T034268,3052,3,20%,42
T034271,3052,3206,20%,42
T034284,3052,690,20%,42
T034285,3052,10,20%,42
T034307,4150,4769,20%,42
T034313,4150,385,20%,42
T034316,4150,7319,20%,42
T034318,4150,456,20%,42
T034320,4150,1896,20%,42
T034325,4150,95,20%,42
T034327,4150,3764,20%,42
T034330,4150,7665,20%,42
T034341,4150,179,20%,42
T034342,4150,4375,20%,42
T034347,4150,8312,20%,42
T034354,5360,1092,20%,42
T034359,5360,7300,20%,42
T034363,5360,9850,20%,42
T034366,5360,3259,20%,42
T034368,5360,5166,20%,42
T034372,5360,1631,20%,42
T034380,5360,5828,20%,42
T034383,5360,497,20%,42
T034388,5360,2644,20%,42
T034389,5360,1124,20%,42
T034392,5360,1071,20%,42
T034393,5360,7250,20%,42
T034400,8298,397,20%,42
T034401,8298,3430,20%,42
T034404,8298,3624,20%,42
T034413,8298,3715,20%,42
T034427,8298,8392,20%,42
T034436,8298,704,20%,42
T034438,8298,8399,20%,42
T034445,8298,641,20%,42
T034456,9572,8113,20%,42
T034458,9572,7996,20%,42
T034459,9572,3103,20%,42
T034466,9572,1546,20%,42
T034469,9572,1317,20%,42
T034473,9572,9507,20%,42
T034478,9572,3884,20%,42
T034482,9572,4046,20%,42
T034486,9572,1966,20%,42
T034488,9572,696,20%,42
T034491,9572,2306,20%,42
T034494,9572,3786,20%,42
T034496,9572,3056,20%,42
T034498,9572,1080,20%,42
T034501,83,10231,20%,42
T034507,83,4888,20%,42
T034510,83,987,20%,42
T034521,83,2321,20%,42
T034522,83,2789,20%,42
T034527,83,6500,20%,42
T034529,83,2949,20%,42
T034530,83,6830,20%,42
T034531,83,7460,20%,42
T034535,83,8871,20%,42
T034537,83,4856,20%,42
T034539,83,3259,20%,42
T034542,83,4393,20%,42
T034545,83,263,20%,42
T034555,393,2851,20%,42
T034557,393,3169,20%,42
T034561,393,5177,20%,42
T034567,393,4257,20%,42
T034583,393,209,20%,42
T034590,393,852,20%,42
T034601,1161,2522,20%,42
T034602,1161,22,20%,42
T034606,1161,9189,20%,42
T034617,1161,4450,20%,42
T034631,1161,9512,20%,42
T034632,1161,9063,20%,42
T034641,1161,8313,20%,42
T034644,1161,6647,20%,42
T034648,1161,4190,20%,42
T034657,2372,1104,20%,42
T034658,2372,1896,20%,42
T034660,2372,6,20%,42
T034661,2372,6201,20%,42
T034662,2372,860,20%,42
T034673,2372,2645,20%,42
T034677,2372,5447,20%,42
T034680,2372,1829,20%,42
T034684,2372,6253,20%,42
T034688,2372,2393,20%,42
T034691,2372,2551,20%,42
T034695,2372,383,20%,42
T034700,2729,3779,20%,42
T034702,2729,89,20%,42
T034703,2729,3362,20%,42
T034716,2729,3871,20%,42
T034720,2729,1226,20%,42
T034721,2729,2881,20%,42
T034722,2729,3639,20%,42
T034724,2729,10122,20%,42
T034730,2729,10030,20%,42
T034740,2729,5053,20%,42
T034742,2729,4208,20%,42
T034744,2729,5624,20%,42
T034761,2770,7759,20%,42
T034778,2770,749,20%,42
T034779,2770,8241,20%,42
T034782,2770,8388,20%,42
T034785,2770,7766,20%,42
T034791,2770,1699,20%,42
T034801,6170,406,20%,42
T034802,6170,3326,20%,42
T034810,6170,10233,20%,42
T034815,6170,658,20%,42
T034816,6170,2154,20%,42
T034821,6170,591,20%,42
T034823,6170,2314,20%,42
T034838,6170,9515,20%,42
T034839,6170,9369,20%,42
T034841,6170,968,20%,42
T034842,6170,1175,20%,42
T034843,6170,10359,20%,42
T034845,6170,959,20%,42
T034847,6170,26,20%,42
T034850,57,7714,20%,42
T034851,57,611,20%,42
T034857,57,6425,20%,42
T034861,57,59,20%,42
T034862,57,3520,20%,42
T034872,57,6726,20%,42
T034875,57,8542,20%,42
T034878,57,2613,20%,42
T034890,57,167,20%,42
T034891,57,2372,20%,42
T034896,57,6196,20%,42
T034909,129,4257,20%,42
T034912,129,7333,20%,42
T034914,129,5706,20%,42
T034915,129,2693,20%,42
T034917,129,3619,20%,42
T034918,129,649,20%,42
T034920,129,1709,20%,42
T034927,129,5889,20%,42
T034945,129,6306,20%,42
T034947,129,8127,20%,42
T034950,261,5769,20%,42
T034951,261,413,20%,42
T034955,261,4497,20%,42
T034963,261,587,20%,42
T034964,261,7615,20%,42
T034967,261,1104,20%,42
T034970,261,7119,20%,42
T034975,261,9235,20%,42
T034979,261,513,20%,42
T034980,261,4510,20%,42
T034981,261,1791,20%,42
T034982,261,3718,20%,42
T034984,261,1002,20%,42
T034985,261,2575,20%,42
T034986,261,278,20%,42
T034988,261,5148,20%,42
T034992,261,1207,20%,42
T034996,261,3241,20%,42
T034997,261,183,20%,42
T034999,261,1216,20%,42
T035003,409,1071,20%,42
T035007,409,9533,20%,42
T035009,409,338,20%,42
T035013,409,1023,20%,42
T035016,409,2321,20%,42
T035023,409,8169,20%,42
T035030,409,200,20%,42
T035037,409,6079,20%,42
T035042,409,8565,20%,42
T035047,409,517,20%,42
T035050,2108,2165,20%,42
T035051,2108,4004,20%,42
T035056,2108,6394,20%,42
T035058,2108,217,20%,42
T035060,2108,118,20%,42
T035065,2108,5985,20%,42
T035070,2108,1649,20%,42
T035071,2108,314,20%,42
T035077,2108,7086,20%,42
T035079,2108,9731,20%,42
T035082,2108,4265,20%,42
T035091,2108,9620,20%,42
T035093,2108,449,20%,42
T035112,2505,7896,20%,42
T035113,2505,2554,20%,42
T035121,2505,9272,20%,42
T035125,2505,333,20%,42
T035128,2505,9940,20%,42
T035137,2505,4314,20%,42
T035147,2505,2544,20%,42
T035151,2551,4046,20%,42
T035154,2551,4062,20%,42
T035160,2551,2192,20%,42
T035168,2551,2362,20%,42
T035169,2551,7925,20%,42
T035174,2551,565,20%,42
T035176,2551,683,20%,42
T035184,2551,673,20%,42
T035190,2551,5210,20%,42
T035194,2551,534,20%,42
T035196,2551,5547,20%,42
T035198,2551,5518,20%,42
T035201,2965,2897,20%,42
T035213,2965,5629,20%,42
T035214,2965,6871,20%,42
T035220,2965,2479,20%,42
T035222,2965,2719,20%,42
T035224,2965,2473,20%,42
T035230,2965,3954,20%,42
T035235,2965,1143,20%,42
T035238,2965,3374,20%,42
T035240,2965,2719,20%,42
T035246,2965,3467,20%,42
T035248,2965,4038,20%,42
T035249,2965,120,20%,42
T035252,4866,653,20%,42
T035257,4866,2526,20%,42
T035260,4866,800,20%,42
T035262,4866,3718,20%,42
T035268,4866,8346,20%,42
T035271,4866,6339,20%,42
T035276,4866,664,20%,42
T035278,4866,5004,20%,42
T035282,4866,8355,20%,42
T035300,5811,4312,20%,42
T035301,5811,7422,20%,42
T035309,5811,6815,20%,42
T035310,5811,3610,20%,42
T035311,5811,6339,20%,42
T035313,5811,1050,20%,42
T035322,5811,1012,20%,42
T035323,5811,449,20%,42
T035327,5811,4373,20%,42
T035328,5811,406,20%,42
T035330,5811,3374,20%,42
T035331,5811,6663,20%,42
T035333,5811,6488,20%,42
T035334,5811,7165,20%,42
T035338,5811,6890,20%,42
T035339,5811,4364,20%,42
T035346,5811,4027,20%,42
T035350,8392,9229,20%,42
T035357,8392,3331,20%,42
T035358,8392,4051,20%,42
T035359,8392,3274,20%,42
T035360,8392,257,20%,42
T035363,8392,1002,20%,42
T035364,8392,4724,20%,42
T035372,8392,108,20%,42
T035373,8392,6873,20%,42
T035379,8392,2212,20%,42
T035388,8392,4040,20%,42
T035396,8392,3180,20%,42
T035399,8392,2042,20%,42
T035405,81,8169,20%,42
T035407,81,7317,20%,42
T035410,81,3674,20%,42
T035412,81,7593,20%,42
T035415,81,2956,20%,42
T035425,81,23,20%,42
T035426,81,51,20%,42
T035437,81,6407,20%,42
T035446,81,3554,20%,42
T035451,196,5438,20%,42
T035452,196,6647,20%,42
T035457,196,2677,20%,42
T035459,196,1552,20%,42
T035460,196,7212,20%,42
T035467,196,2677,20%,42
T035468,196,2512,20%,42
T035476,196,4152,20%,42
T035487,196,8470,20%,42
T035490,196,7786,20%,42
T035492,196,1784,20%,42
T035496,196,2729,20%,42
T035515,485,5419,20%,42
T035525,485,76,20%,42
T035527,485,7987,20%,42
T035528,485,529,20%,42
T035538,485,3231,20%,42
T035543,485,4263,20%,42
T035548,485,5034,20%,42
T035555,517,1873,20%,42
T035560,517,9082,20%,42
T035578,517,658,20%,42
T035587,517,237,20%,42
T035596,517,3809,20%,42
T035599,517,2337,20%,42
T035602,519,9254,20%,42
T035606,519,1318,20%,42
T035608,519,978,20%,42
T035612,519,2374,20%,42
T035624,519,477,20%,42
T035634,519,4038,20%,42
T035637,519,1080,20%,42
T035638,519,4027,20%,42
T035641,519,2646,20%,42
T035647,519,674,20%,42
T035650,647,1685,20%,42
T035656,647,585,20%,42
T035663,647,1629,20%,42
T035665,647,3421,20%,42
T035669,647,4062,20%,42
T035679,647,651,20%,42
T035684,647,7155,20%,42
T035690,647,3314,20%,42
T035697,647,464,20%,42
T035698,647,10071,20%,42
T035701,1130,3256,20%,42
T035703,1130,330,20%,42
T035713,1130,1791,20%,42
T035725,1130,5444,20%,42
T035729,1130,8507,20%,42
T035737,1130,1005,20%,42
T035740,1130,6027,20%,42
T035743,1130,843,20%,42
T035745,1130,6698,20%,42
T035746,1130,3813,20%,42
T035756,1434,693,20%,42
T035765,1434,7796,20%,42
T035767,1434,4783,20%,42
T035770,1434,166,20%,42
T035773,1434,5949,20%,42
T035775,1434,8007,20%,42
T035783,1434,3741,20%,42
T035786,1434,1243,20%,42
T035790,1434,1,20%,42
T035794,1434,3554,20%,42
T035801,2034,2567,20%,42
T035805,2034,3272,20%,42
T035812,2034,5812,20%,42
T035821,2034,9377,20%,42
T035827,2034,2378,20%,42
T035836,2034,1822,20%,42
T035842,2034,245,20%,42
T035843,2034,8,20%,42
T035849,2034,1558,20%,42
T035853,2289,6514,20%,42
T035860,2289,1265,20%,42
T035862,2289,1824,20%,42
T035869,2289,7464,20%,42
T035870,2289,2956,20%,42
T035872,2289,1164,20%,42
T035879,2289,9020,20%,42
T035887,2289,7334,20%,42
T035889,2289,7606,20%,42
T035911,2308,598,20%,42
T035913,2308,5843,20%,42
T035914,2308,270,20%,42
T035917,2308,7083,20%,42
T035919,2308,267,20%,42
T035925,2308,8715,20%,42
T035928,2308,4329,20%,42
T035941,2308,1422,20%,42
T035948,2308,5993,20%,42
T035971,2902,9210,20%,42
T035978,2902,9610,20%,42
T035982,2902,90,20%,42
T035986,2902,10067,20%,42
T035988,2902,8408,20%,42
T035998,2902,4272,20%,42
T036008,5678,1062,20%,42
T036012,5678,8022,20%,42
T036019,5678,314,20%,42
T036023,5678,4576,20%,42
T036025,5678,5191,20%,42
T036033,5678,4403,20%,42
T036048,5678,217,20%,42
T036051,7996,166,20%,42
T036057,7996,9377,20%,42
T036058,7996,7766,20%,42
T036059,7996,590,20%,42
T036061,7996,955,20%,42
T036062,7996,2912,20%,42
T036064,7996,5793,20%,42
T036066,7996,4257,20%,42
T036070,7996,571,20%,42
T036071,7996,233,20%,42
T036074,7996,7432,20%,42
T036079,7996,3924,20%,42
T036092,7996,5447,20%,42
T036108,8047,4604,20%,42
T036124,8047,1022,20%,42
T036136,8047,6864,20%,42
T036153,193,10065,20%,42
T036161,193,3,20%,42
T036164,193,5166,20%,42
T036165,193,7440,20%,42
T036167,193,4761,20%,42
T036175,193,599,20%,42
T036176,193,158,20%,42
T036181,193,2138,20%,42
T036182,193,800,20%,42
T036187,193,9519,20%,42
T036193,193,730,20%,42
T036194,193,3272,20%,42
T036203,263,137,20%,42
T036212,263,1669,20%,42
T036213,263,1053,20%,42
T036227,263,5968,20%,42
T036235,263,577,20%,42
T036236,263,9620,20%,42
T036238,263,3361,20%,42
T036241,263,5828,20%,42
T036243,263,3786,20%,42
T036245,263,342,20%,42
T036248,263,9986,20%,42
T036249,263,8236,20%,42
T036254,697,7684,20%,42
T036261,697,4486,20%,42
T036263,697,6806,20%,42
T036268,697,7086,20%,42
T036275,697,1545,20%,42
T036276,697,40,20%,42
T036278,697,4982,20%,42
T036280,697,4879,20%,42
T036284,697,19,20%,42
T036288,697,2710,20%,42
T036293,697,771,20%,42
T036298,697,4399,20%,42
T036307,799,1811,20%,42
T036309,799,3068,20%,42
T036313,799,275,20%,42
T036324,799,1050,20%,42
T036325,799,1552,20%,42
T036328,799,4190,20%,42
T036334,799,5795,20%,42
T036335,799,7268,20%,42
T036339,799,9747,20%,42
T036340,799,7740,20%,42
T036351,2121,1867,20%,42
T036359,2121,4306,20%,42
T036363,2121,264,20%,42
T036365,2121,9115,20%,42
T036366,2121,8573,20%,42
T036367,2121,6094,20%,42
T036373,2121,7357,20%,42
T036380,2121,235,20%,42
T036382,2121,8767,20%,42
T036385,2121,5016,20%,42
T036398,2121,3143,20%,42
T036405,6833,167,20%,42
T036416,6833,1014,20%,42
T036425,6833,7269,20%,42
T036436,6833,167,20%,42
T036437,6833,9064,20%,42
T036438,6833,4393,20%,42
T036440,6833,2358,20%,42
T036444,6833,7389,20%,42
T036448,6833,4096,20%,42
T036450,9039,1588,20%,42
T036453,9039,227,20%,42
T036458,9039,6349,20%,42
T036463,9039,294,20%,42
T036468,9039,3588,20%,42
T036475,9039,1385,20%,42
T036477,9039,8687,20%,42
T036482,9039,4563,20%,42
T036484,9039,211,20%,42
T036488,9039,3016,20%,42
T036493,9039,4895,20%,42
T036497,9039,275,20%,42
T036498,9039,5063,20%,42
T036502,1053,243,20%,42
T036509,1053,1412,20%,42
T036512,1053,976,20%,42
T036513,1053,1641,20%,42
T036515,1053,3950,20%,42
T036522,1053,872,20%,42
T036527,1053,129,20%,42
T036529,1053,1074,20%,42
T036532,1053,943,20%,42
T036535,1053,2244,20%,42
T036537,1053,9164,20%,42
T036541,1053,1992,20%,42
T036545,1053,1699,20%,42
T036565,1254,7049,20%,42
T036574,1254,4981,20%,42
T036578,1254,6193,20%,42
T036591,1254,9258,20%,42
T036594,1254,7537,20%,42
T036598,1254,6889,20%,42
T036599,1254,8583,20%,42
T036601,2789,444,20%,42
T036608,2789,3779,20%,42
T036621,2789,1143,20%,42
T036634,2789,3190,20%,42
T036637,2789,1133,20%,42
T036642,2789,6325,20%,42
T036643,2789,5973,20%,42
T036652,3813,7890,20%,42
T036658,3813,1004,20%,42
T036664,3813,4497,20%,42
T036671,3813,2802,20%,42
T036673,3813,8067,20%,42
T036677,3813,1031,20%,42
T036678,3813,2333,20%,42
T036681,3813,5226,20%,42
T036704,3950,4508,20%,42
T036716,3950,5095,20%,42
T036717,3950,4162,20%,42
T036741,3950,2575,20%,42
T036747,3950,3205,20%,42
T036756,5488,4272,20%,42
T036758,5488,7845,20%,42
T036760,5488,1177,20%,42
T036768,5488,10028,20%,42
T036776,5488,7381,20%,42
T036782,5488,7250,20%,42
T036786,5488,3351,20%,42
T036802,5494,114,20%,42
T036803,5494,2289,20%,42
T036804,5494,5955,20%,42
T036806,5494,458,20%,42
T036810,5494,5086,20%,42
T036812,5494,5955,20%,42
T036816,5494,1810,20%,42
T036818,5494,606,20%,42
T036820,5494,5261,20%,42
T036824,5494,185,20%,42
T036825,5494,5436,20%,42
T036827,5494,7913,20%,42
T036831,5494,8175,20%,42
T036835,5494,3678,20%,42
T036839,5494,1164,20%,42
T036843,5494,5016,20%,42
T036845,5494,1125,20%,42
T036851,5927,1669,20%,42
T036852,5927,2374,20%,42
T036854,5927,2520,20%,42
T036855,5927,5237,20%,42
T036859,5927,2527,20%,42
T036862,5927,3274,20%,42
T036863,5927,327,20%,42
T036866,5927,6821,20%,42
T036869,5927,8298,20%,42
T036889,5927,606,20%,42
T036892,5927,7913,20%,42
T036896,5927,1202,20%,42
T036897,5927,4627,20%,42
T036898,5927,191,20%,42
T036900,5985,1542,20%,42
T036908,5985,844,20%,42
T036909,5985,924,20%,42
T036910,5985,5879,20%,42
T036921,5985,10261,20%,42
T036928,5985,59,20%,42
T036936,5985,4152,20%,42
T036940,5985,1786,20%,42
T036944,5985,476,20%,42
T036948,5985,7991,20%,42
T036950,8573,6685,20%,42
T036951,8573,147,20%,42
T036955,8573,4103,20%,42
T036959,8573,6394,20%,42
T036963,8573,8943,20%,42
T036971,8573,4818,20%,42
T036973,8573,869,20%,42
T036976,8573,9311,20%,42
T036984,8573,436,20%,42
T036986,8573,237,20%,42
T036989,8573,10079,20%,42
T036995,8573,2770,20%,42
T036996,8573,690,20%,42
T037000,338,158,20%,42
T037010,338,7090,20%,42
T037011,338,1056,20%,42
T037012,338,1240,20%,42
T037015,338,6974,20%,42
T037025,338,1079,20%,42
T037030,338,2982,20%,42
T037032,338,8022,20%,42
T037038,338,5260,20%,42
T037045,338,8355,20%,42
T037049,338,6519,20%,42
T037066,2000,37,20%,42
T037069,2000,3761,20%,42
T037072,2000,10281,20%,42
T037092,2000,9544,20%,42
T037098,2000,4848,20%,42
T037101,2154,436,20%,42
T037112,2154,6787,20%,42
T037122,2154,1755,20%,42
T037130,2154,1976,20%,42
T037132,2154,7392,20%,42
T037135,2154,1966,20%,42
T037144,2154,2829,20%,42
T037150,2435,2552,20%,42
T037161,2435,8505,20%,42
T037173,2435,6723,20%,42
T037175,2435,1552,20%,42
T037190,2435,1959,20%,42
T037201,2920,232,20%,42
T037203,2920,2916,20%,42
T037205,2920,6202,20%,42
T037207,2920,2687,20%,42
T037209,2920,1228,20%,42
T037215,2920,8304,20%,42
T037220,2920,8705,20%,42
T037221,2920,7766,20%,42
T037225,2920,8583,20%,42
T037232,2920,4711,20%,42
T037235,2920,1269,20%,42
T037237,2920,4861,20%,42
T037241,2920,9204,20%,42
T037260,1558,968,20%,42
T037275,1558,2040,20%,42
T037281,1558,1047,20%,42
T037296,1558,2935,20%,42
T037301,1933,6125,20%,42
T037319,1933,9039,20%,42
T037322,1933,1115,20%,42
T037323,1933,5298,20%,42
T037330,1933,8926,20%,42
T037333,1933,8389,20%,42
T037336,1933,493,20%,42
T037343,1933,1535,20%,42
T037347,1933,653,20%,42
T037352,2347,497,20%,42
T037370,2347,6232,20%,42
T037371,2347,7788,20%,42
T037372,2347,2432,20%,42
T037375,2347,8266,20%,42
T037376,2347,1399,20%,42
T037400,2916,3609,20%,42
T037409,2916,5963,20%,42
T037419,2916,5500,20%,42
T037433,2916,616,20%,42
T037439,2916,9020,20%,42
T037440,2916,9833,20%,42
T037455,3205,1152,20%,42
T037457,3205,1550,20%,42
T037459,3205,1861,20%,42
T037464,3205,4831,20%,42
T037467,3205,6983,20%,42
T037468,3205,3624,20%,42
T037472,3205,2674,20%,42
T037481,3205,4848,20%,42
T037490,3205,3516,20%,42
T037495,3205,4416,20%,42
T037500,6339,1861,20%,42
T037515,6339,8186,20%,42
T037520,6339,49,20%,42
T037523,6339,3259,20%,42
T037529,6339,5488,20%,42
T037547,6339,7537,20%,42
T037557,6978,1639,20%,42
T037570,6978,8982,20%,42
T037571,6978,6439,20%,42
T037575,6978,6815,20%,42
T037580,6978,9325,20%,42
T037582,6978,7088,20%,42
T037594,6978,234,20%,42
T037596,6978,97,20%,42
T037598,6978,1136,20%,42
T037600,145,295,20%,42
T037601,145,4771,20%,42
T037605,145,9610,20%,42
T037615,145,5982,20%,42
T037616,145,573,20%,42
T037621,145,5065,20%,42
T037624,145,2154,20%,42
T037628,145,359,20%,42
T037630,145,175,20%,42
T037632,145,68,20%,42
T037636,145,8861,20%,42
T037637,145,1254,20%,42
T037647,145,2010,20%,42
T037654,250,530,20%,42
T037660,250,5775,20%,42
T037689,250,170,20%,42
T037692,250,5747,20%,42
T037695,250,6094,20%,42
T037697,250,1337,20%,42
T037704,732,1631,20%,42
T037707,732,1679,20%,42
T037709,732,167,20%,42
T037720,732,6851,20%,42
T037722,732,7801,20%,42
T037738,732,2085,20%,42
T037749,732,4955,20%,42
T037751,1269,582,20%,42
T037754,1269,1439,20%,42
T037765,1269,3886,20%,42
T037767,1269,2433,20%,42
T037770,1269,5385,20%,42
T037776,1269,2358,20%,42
T037786,1269,128,20%,42
T037787,1269,2906,20%,42
T037790,1269,1129,20%,42
T037801,1468,458,20%,42
T037805,1468,378,20%,42
T037806,1468,2,20%,42
T037809,1468,595,20%,42
T037813,1468,7199,20%,42
T037817,1468,1891,20%,42
T037818,1468,2200,20%,42
T037819,1468,3518,20%,42
T037820,1468,350,20%,42
T037835,1468,7165,20%,42
T037838,1468,4208,20%,42
T037847,1468,6370,20%,42
T037855,2486,136,20%,42
T037868,2486,9936,20%,42
T037872,2486,8470,20%,42
T037877,2486,1248,20%,42
T037879,2486,9969,20%,42
T037883,2486,8175,20%,42
T037886,2486,9181,20%,42
T037888,2486,2484,20%,42
T037889,2486,903,20%,42
T037891,2486,9124,20%,42
T037893,2486,2657,20%,42
T037900,2512,455,20%,42
T037912,2512,5769,20%,42
T037916,2512,1829,20%,42
T037920,2512,4193,20%,42
T037925,2512,5177,20%,42
T037927,2512,383,20%,42
T037935,2512,34,20%,42
T037939,2512,6125,20%,42
T037940,2512,61,20%,42
T037959,3007,2632,20%,42
T037962,3007,6274,20%,42
T037973,3007,2676,20%,42
T037980,3007,3804,20%,42
T037981,3007,8022,20%,42
T037983,3007,1036,20%,42
T037984,3007,3624,20%,42
T037987,3007,21,20%,42
T037989,3007,7103,20%,42
T037990,3007,7460,20%,42
T037991,3007,7987,20%,42
T037994,3007,4816,20%,42
T037996,3007,3676,20%,42
T038008,4861,7018,20%,42
T038013,4861,355,20%,42
T038015,4861,3224,20%,42
T038021,4861,100,20%,42
T038037,4861,3743,20%,42
T038038,4861,2575,20%,42
T038046,4861,5726,20%,42
T038052,6439,18,20%,42
T038056,6439,2390,20%,42
T038069,6439,2815,20%,42
T038073,6439,1727,20%,42
T038074,6439,469,20%,42
T038083,6439,255,20%,42
T038084,6439,59,20%,42
T038088,6439,256,20%,42
T038095,6439,10231,20%,42
T038098,6439,8565,20%,42
T038099,6439,2646,20%,42
T038112,684,2687,20%,42
T038117,684,1031,20%,42
T038131,684,609,20%,42
T038132,684,1362,20%,42
T038139,684,378,20%,42
T038145,684,6049,20%,42
T038146,684,409,20%,42
T038147,684,8444,20%,42
T038151,897,4347,20%,42
T038159,897,5171,20%,42
T038163,897,290,20%,42
T038170,897,8175,20%,42
T038173,897,8380,20%,42
T038174,897,266,20%,42
T038175,897,1645,20%,42
T038182,897,6261,20%,42
T038192,897,4183,20%,42
T038198,897,100,20%,42
T038210,2666,2078,20%,42
T038222,2666,3624,20%,42
T038238,2666,5963,20%,42
T038243,2666,2293,20%,42
T038254,3153,2637,20%,42
T038260,3153,886,20%,42
T038283,3153,1098,20%,42
T038299,3153,8312,20%,42
T038300,3362,12,20%,42
T038301,3362,124,20%,42
T038307,3362,3316,20%,42
T038309,3362,131,20%,42
T038311,3362,7429,20%,42
T038312,3362,1533,20%,42
T038315,3362,5078,20%,42
T038318,3362,8751,20%,42
T038319,3362,9906,20%,42
T038326,3362,2661,20%,42
T038328,3362,1092,20%,42
T038330,3362,176,20%,42
T038335,3362,5582,20%,42
T038344,3362,6071,20%,42
T038347,3362,1244,20%,42
T038348,3362,397,20%,42
T038374,3870,1931,20%,42
T038375,3870,921,20%,42
T038382,3870,9936,20%,42
T038394,3870,6172,20%,42
T038397,3870,4743,20%,42
T038398,3870,1610,20%,42
T038406,4248,7049,20%,42
T038410,4248,383,20%,42
T038413,4248,6339,20%,42
T038417,4248,2926,20%,42
T038428,4248,10101,20%,42
T038435,4248,186,20%,42
T038436,4248,104,20%,42
T038437,4248,4563,20%,42
T038448,4248,1542,20%,42
T038458,6253,4444,20%,42
T038464,6253,4537,20%,42
T038468,6253,2321,20%,42
T038469,6253,5317,20%,42
T038471,6253,2866,20%,42
T038472,6253,532,20%,42
T038473,6253,7402,20%,42
T038475,6253,9724,20%,42
T038476,6253,9617,20%,42
T038478,6253,2639,20%,42
T038479,6253,4502,20%,42
T038488,6253,1953,20%,42
T038491,6253,891,20%,42
T038495,6253,3503,20%,42
T038503,195,228,20%,42
T038507,195,641,20%,42
T038510,195,3154,20%,42
T038515,195,1159,20%,42
T038516,195,1042,20%,42
T038530,195,7940,20%,42
T038532,195,7472,20%,42
T038534,195,5048,20%,42
T038538,195,8545,20%,42
T038541,195,7759,20%,42
T038550,599,81,20%,42
T038559,599,5075,20%,42
T038561,599,10486,20%,42
T038566,599,7031,20%,42
T038567,599,2677,20%,42
T038568,599,8108,20%,42
T038569,599,10188,20%,42
T038572,599,7615,20%,42
T038573,599,4161,20%,42
T038574,599,9792,20%,42
T038578,599,7359,20%,42
T038582,599,3950,20%,42
T038587,599,426,20%,42
T038591,599,8663,20%,42
T038600,609,8969,20%,42
T038601,609,4856,20%,42
T038602,609,4322,20%,42
T038604,609,4838,20%,42
T038607,609,2609,20%,42
T038616,609,2987,20%,42
T038617,609,2121,20%,42
T038621,609,5630,20%,42
T038623,609,477,20%,42
T038625,609,6594,20%,42
T038627,609,696,20%,42
T038629,609,6063,20%,42
T038631,609,3966,20%,42
T038640,609,5328,20%,42
T038647,609,693,20%,42
T038648,609,967,20%,42
T038651,1007,3407,20%,42
T038655,1007,2676,20%,42
T038656,1007,8814,20%,42
T038670,1007,3256,20%,42
T038686,1007,8324,20%,42
T038698,1007,3746,20%,42
T038706,2085,4982,20%,42
T038710,2085,1801,20%,42
T038717,2085,4969,20%,42
T038719,2085,10535,20%,42
T038721,2085,4312,20%,42
T038729,2085,2397,20%,42
T038731,2085,5746,20%,42
T038747,2085,1245,20%,42
T038757,3705,632,20%,42
T038761,3705,3134,20%,42
T038765,3705,6833,20%,42
T038768,3705,214,20%,42
T038776,3705,4062,20%,42
T038777,3705,2499,20%,42
T038779,3705,4144,20%,42
T038780,3705,871,20%,42
T038792,3705,2678,20%,42
T038801,3924,6324,20%,42
T038805,3924,7724,20%,42
T038811,3924,1310,20%,42
T038812,3924,4329,20%,42
T038818,3924,8531,20%,42
T038824,3924,5726,20%,42
T038830,3924,8814,20%,42
T038833,3924,105,20%,42
T038834,3924,1248,20%,42
T038840,3924,7333,20%,42
T038841,3924,8071,20%,42
T038857,4403,519,20%,42
T038858,4403,3272,20%,42
T038861,4403,3610,20%,42
T038865,4403,7316,20%,42
T038873,4403,2080,20%,42
T038875,4403,9719,20%,42
T038878,4403,1264,20%,42
T038879,4403,7031,20%,42
T038887,4403,944,20%,42
T038889,4403,8573,20%,42
T038893,4403,2346,20%,42
T038899,4403,5338,20%,42
T038914,4621,8687,20%,42
T038921,4621,194,20%,42
T038930,4621,4121,20%,42
T038946,4621,936,20%,42
T038948,4621,7489,20%,42
T038949,4621,8234,20%,42
T038951,4743,1422,20%,42
T038952,4743,8914,20%,42
T038956,4743,1379,20%,42
T038967,4743,674,20%,42
T038978,4743,5769,20%,42
T038991,4743,41,20%,42
T038995,4743,2118,20%,42
T038996,4743,3863,20%,42
T039001,4818,10343,20%,42
T039009,4818,456,20%,42
T039014,4818,4450,20%,42
T039018,4818,6459,20%,42
T039027,4818,7037,20%,42
T039028,4818,314,20%,42
T039030,4818,1106,20%,42
T039036,4818,4597,20%,42
T039043,4818,3386,20%,42
T039047,4818,10028,20%,42
T039048,4818,7525,20%,42
T039053,4888,4895,20%,42
T039057,4888,280,20%,42
T039065,4888,7359,20%,42
T039066,4888,8303,20%,42
T039067,4888,121,20%,42
T039070,4888,176,20%,42
T039074,4888,330,20%,42
T039078,4888,5015,20%,42
T039087,4888,7464,20%,42
T039096,4888,1595,20%,42
T039099,4888,8075,20%,42
T039102,5041,1810,20%,42
T039105,5041,7002,20%,42
T039110,5041,4978,20%,42
T039117,5041,8444,20%,42
T039123,5041,647,20%,42
T039127,5041,9650,20%,42
T039131,5041,174,20%,42
T039132,5041,4887,20%,42
T039135,5041,2676,20%,42
T039136,5041,35,20%,42
T039142,5041,6483,20%,42
T039147,5041,4088,20%,42
T039151,6897,5984,20%,42
T039153,6897,5839,20%,42
T039154,6897,4700,20%,42
T039169,6897,1020,20%,42
T039170,6897,3570,20%,42
T039171,6897,1104,20%,42
T039173,6897,4399,20%,42
T039174,6897,4064,20%,42
T039175,6897,2182,20%,42
T039180,6897,7242,20%,42
T039185,6897,1054,20%,42
T039187,6897,3583,20%,42
T039205,114,1116,20%,42
T039207,114,7212,20%,42
T039212,114,5957,20%,42
T039214,114,2412,20%,42
T039215,114,9987,20%,42
T039221,114,7422,20%,42
T039223,114,567,20%,42
T039225,114,38,20%,42
T039228,114,2520,20%,42
T039231,114,8401,20%,42
T039237,114,5830,20%,42
T039242,114,2486,20%,42
T039245,114,7299,20%,42
T039257,270,3687,20%,42
T039262,270,673,20%,42
T039270,270,5042,20%,42
T039273,270,9545,20%,42
T039274,270,4646,20%,42
T039275,270,5656,20%,42
T039283,270,9175,20%,42
T039293,270,8087,20%,42
T039297,270,7615,20%,42
T039307,443,3410,20%,42
T039308,443,5510,20%,42
T039309,443,173,20%,42
T039316,443,6962,20%,42
T039327,443,818,20%,42
T039328,443,917,20%,42
T039331,443,6349,20%,42
T039332,443,6787,20%,42
T039335,443,2042,20%,42
T039346,443,1822,20%,42
T039349,443,1080,20%,42
T039357,527,8882,20%,42
T039370,527,1292,20%,42
T039378,527,2815,20%,42
T039384,527,114,20%,42
T039391,527,1133,20%,42
T039392,527,5713,20%,42
T039394,527,449,20%,42
T039408,2165,2645,20%,42
T039412,2165,5446,20%,42
T039413,2165,808,20%,42
T039417,2165,25,20%,42
T039418,2165,5278,20%,42
T039421,2165,684,20%,42
T039424,2165,5994,20%,42
T039426,2165,2240,20%,42
T039434,2165,5775,20%,42
T039437,2165,8161,20%,42
T039439,2165,8339,20%,42
T039449,2165,5748,20%,42
T039452,2264,924,20%,42
T039454,2264,2358,20%,42
T039458,2264,2892,20%,42
T039460,2264,4103,20%,42
T039461,2264,2455,20%,42
T039462,2264,1822,20%,42
T039463,2264,9204,20%,42
T039488,2264,5084,20%,42
T039496,2264,9542,20%,42
T039508,2661,1092,20%,42
T039509,2661,3230,20%,42
T039513,2661,6871,20%,42
T039523,2661,5795,20%,42
T039524,2661,3645,20%,42
T039529,2661,30,20%,42
T039534,2661,10080,20%,42
T039546,2661,8206,20%,42
T039550,2700,2789,20%,42
T039553,2700,5775,20%,42
T039554,2700,354,20%,42
T039570,2700,38,20%,42
T039592,2700,8476,20%,42
T039595,2700,4546,20%,42
T039603,4215,2274,20%,42
T039604,4215,4732,20%,42
T039608,4215,248,20%,42
T039650,4365,71,20%,42
T039661,4365,1802,20%,42
T039674,4365,9617,20%,42
T039677,4365,7268,20%,42
T039694,4365,1361,20%,42
T039696,4365,393,20%,42
T039697,4365,8198,20%,42
T039700,8339,8198,20%,42
T039707,8339,4861,20%,42
T039708,8339,109,20%,42
T039716,8339,1909,20%,42
T039721,8339,1811,20%,42
T039734,8339,436,20%,42
T039737,8339,5488,20%,42
T039738,8339,612,20%,42
T039739,8339,835,20%,42
T039742,8339,6408,20%,42
T039747,8339,9620,20%,42
T039751,8814,7818,20%,42
T039752,8814,671,20%,42
T039755,8814,1321,20%,42
T039762,8814,470,20%,42
T039764,8814,5963,20%,42
T039766,8814,1248,20%,42
T039768,8814,6601,20%,42
T039770,8814,4367,20%,42
T039773,8814,6682,20%,42
T039774,8814,10122,20%,42
T039779,8814,4691,20%,42
T039781,8814,2118,20%,42
T039785,8814,124,20%,42
T039786,8814,7086,20%,42
T039790,8814,893,20%,42
T039792,8814,1254,20%,42
T039796,8814,3570,20%,42
T039803,68,3982,20%,42
T039806,68,2961,20%,42
T039810,68,1223,20%,42
T039811,68,5833,20%,42
T039812,68,7937,20%,42
T039815,68,2192,20%,42
T039816,68,2484,20%,42
T039826,68,541,20%,42
T039837,68,6274,20%,42
T039843,68,5078,20%,42
T039853,1524,386,20%,42
T039865,1524,426,20%,42
T039874,1524,1336,20%,42
T039891,1524,1843,20%,42
T039898,1524,599,20%,42
T039900,2554,8882,20%,42
T039903,2554,1082,20%,42
T039906,2554,7601,20%,42
T039909,2554,343,20%,42
T039911,2554,9844,20%,42
T039914,2554,854,20%,42
T039936,2554,5009,20%,42
T039938,2554,2892,20%,42
T039942,2554,7890,20%,42
T039946,2554,5824,20%,42
T039952,4191,3272,20%,42
T039958,4191,8113,20%,42
T039959,4191,2918,20%,42
T039968,4191,3687,20%,42
T039970,4191,2271,20%,42
T039974,4191,8866,20%,42
T039976,4191,1245,20%,42
T039981,4191,2632,20%,42
T039983,4191,2558,20%,42
T039986,4191,1337,20%,42
T039988,4191,5132,20%,42
T039990,4191,1867,20%,42
T039993,4191,6,20%,42
T039996,4191,319,20%,42
T040001,4499,5993,20%,42
T040004,4499,8401,20%,42
T040029,4499,527,20%,42
T040031,4499,5271,20%,42
T040033,4499,4489,20%,42
T040035,4499,384,20%,42
T040040,4499,3804,20%,42
T040045,4499,2657,20%,42
T040048,4499,956,20%,42
T040059,6806,1168,20%,42
T040063,6806,6110,20%,42
T040067,6806,7593,20%,42
T040069,6806,4818,20%,42
T040072,6806,4007,20%,42
T040080,6806,1863,20%,42
T040082,6806,5078,20%,42
T040086,6806,130,20%,42
T040090,6806,4844,20%,42
T040091,6806,952,20%,42
T040095,6806,6094,20%,42
T040098,6806,8828,20%,42
T040100,354,2769,20%,42
T040103,354,1317,20%,42
T040117,354,430,20%,42
T040145,354,3591,20%,42
T040152,973,1061,20%,42
T040157,973,7888,20%,42
T040161,973,8007,20%,42
T040163,973,8313,20%,42
T040169,973,6407,20%,42
T040173,973,7037,20%,42
T040175,973,541,20%,42
T040183,973,2656,20%,42
T040186,973,9833,20%,42
T040192,973,241,20%,42
T040193,973,7432,20%,42
T040199,973,8114,20%,42
T040200,977,9986,20%,42
T040201,977,8794,20%,42
T040203,977,8617,20%,42
T040205,977,7788,20%,42
T040211,977,6962,20%,42
T040228,977,2834,20%,42
T040229,977,2608,20%,42
T040233,977,10535,20%,42
T040240,977,760,20%,42
T040247,977,3924,20%,42
T040250,1102,1384,20%,42
T040254,1102,8381,20%,42
T040255,1102,721,20%,42
T040257,1102,4646,20%,42
T040264,1102,3606,20%,42
T040266,1102,9168,20%,42
T040269,1102,6201,20%,42
T040273,1102,1196,20%,42
T040278,1102,988,20%,42
T040289,1102,4939,20%,42
T040290,1102,4503,20%,42
T040292,1102,903,20%,42
T040296,1102,6014,20%,42
T040301,1848,6962,20%,42
T040305,1848,9115,20%,42
T040311,1848,7984,20%,42
T040312,1848,3572,20%,42
T040315,1848,1147,20%,42
T040321,1848,587,20%,42
T040322,1848,3400,20%,42
T040328,1848,8469,20%,42
T040329,1848,7127,20%,42
T040343,1848,3971,20%,42
T040351,2166,8866,20%,42
T040353,2166,4062,20%,42
T040358,2166,577,20%,42
T040359,2166,3746,20%,42
T040363,2166,684,20%,42
T040371,2166,7537,20%,42
T040372,2166,7128,20%,42
T040373,2166,536,20%,42
T040377,2166,4044,20%,42
T040378,2166,8691,20%,42
T040386,2166,7334,20%,42
T040389,2166,614,20%,42
T040391,2166,455,20%,42
T040395,2166,8969,20%,42
T040397,2166,8303,20%,42
T040400,2321,4007,20%,42
T040403,2321,986,20%,42
T040407,2321,5833,20%,42
T040413,2321,3619,20%,42
T040417,2321,27,20%,42
T040420,2321,3950,20%,42
T040429,2321,65,20%,42
T040432,2321,4232,20%,42
T040433,2321,1631,20%,42
T040435,2321,7845,20%,42
T040437,2321,4463,20%,42
T040442,2321,1780,20%,42
T040443,2321,8266,20%,42
T040449,2321,733,20%,42
T040465,2966,5503,20%,42
T040468,2966,5042,20%,42
T040469,2966,8642,20%,42
T040476,2966,5531,20%,42
T040480,2966,923,20%,42
T040492,2966,241,20%,42
T040493,2966,3895,20%,42
T040507,3316,539,20%,42
T040512,3316,3597,20%,42
T040513,3316,9199,20%,42
T040514,3316,5377,20%,42
T040518,3316,6459,20%,42
T040524,3316,3705,20%,42
T040528,3316,5171,20%,42
T040534,3316,732,20%,42
T040535,3316,1212,20%,42
T040538,3316,3693,20%,42
T040544,3316,9257,20%,42
T040551,3975,7786,20%,42
T040558,3975,2352,20%,42
T040560,3975,3232,20%,42
T040564,3975,9230,20%,42
T040569,3975,3326,20%,42
T040571,3975,3231,20%,42
T040581,3975,6014,20%,42
T040583,3975,1361,20%,42
T040590,3975,9351,20%,42
T040599,3975,2558,20%,42
T040613,4604,2676,20%,42
T040617,4604,8615,20%,42
T040620,4604,696,20%,42
T040621,4604,2875,20%,42
T040629,4604,170,20%,42
T040632,4604,2154,20%,42
T040637,4604,5592,20%,42
T040645,4604,2644,20%,42
T040646,4604,7918,20%,42
T040652,5075,7372,20%,42
T040661,5075,9512,20%,42
T040663,5075,6791,20%,42
T040664,5075,3983,20%,42
T040665,5075,1535,20%,42
T040674,5075,1299,20%,42
T040682,5075,322,20%,42
T040684,5075,914,20%,42
T040685,5075,234,20%,42
T040686,5075,3895,20%,42
T040691,5075,372,20%,42
T040702,5803,6202,20%,42
T040706,5803,8444,20%,42
T040715,5803,8373,20%,42
T040719,5803,6128,20%,42
T040729,5803,6232,20%,42
T040730,5803,5958,20%,42
T040747,5803,519,20%,42
T040751,6514,81,20%,42
T040753,6514,5828,20%,42
T040757,6514,404,20%,42
T040760,6514,10065,20%,42
T040762,6514,4281,20%,42
T040766,6514,330,20%,42
T040768,6514,1243,20%,42
T040771,6514,821,20%,42
T040772,6514,9084,20%,42
T040774,6514,7940,20%,42
T040776,6514,171,20%,42
T040780,6514,528,20%,42
T040782,6514,1610,20%,42
T040787,6514,2882,20%,42
T040788,6514,9533,20%,42
T040790,6514,517,20%,42
T040796,6514,1802,20%,42
T040806,8063,7422,20%,42
T040810,8063,3095,20%,42
T040815,8063,5166,20%,42
T040817,8063,5447,20%,42
T040831,8063,4895,20%,42
T040832,8063,5599,20%,42
T040839,8063,2920,20%,42
T040844,8063,4265,20%,42
T040846,8063,3208,20%,42
T040854,9708,1094,20%,42
T040856,9708,2434,20%,42
T040860,9708,5970,20%,42
T040868,9708,1457,20%,42
T040877,9708,4401,20%,42
T040889,9708,4702,20%,42
T040893,9708,953,20%,42
T040897,9708,8658,20%,42
T040908,598,4506,20%,42
T040930,598,2535,20%,42
T040931,598,9987,20%,42
T040937,598,1535,20%,42
T040939,598,9830,20%,42
T040944,598,10065,20%,42
T040945,598,5202,20%,42
T040948,598,2591,20%,42
T040949,598,129,20%,42
T040956,1055,1048,20%,42
T040966,1055,7381,20%,42
T040971,1055,385,20%,42
T040974,1055,3928,20%,42
T040975,1055,176,20%,42
T040976,1055,2439,20%,42
T040977,1055,2644,20%,42
T040978,1055,955,20%,42
T040983,1055,1306,20%,42
T040994,1055,209,20%,42
T040998,1055,651,20%,42
T041006,2080,4537,20%,42
T041008,2080,985,20%,42
T041009,2080,492,20%,42
T041011,2080,8241,20%,42
T041014,2080,5587,20%,42
T041015,2080,6023,20%,42
T041016,2080,4700,20%,42
T041020,2080,3400,20%,42
T041021,2080,2802,20%,42
T041022,2080,100,20%,42
T041025,2080,232,20%,42
T041028,2080,393,20%,42
T041035,2080,3177,20%,42
T041040,2080,562,20%,42
T041053,3356,3609,20%,42
T041073,3356,9515,20%,42
T041080,3356,5308,20%,42
T041090,3356,9063,20%,42
T041091,3356,659,20%,42
T041096,3356,10060,20%,42
T041099,3356,3804,20%,42
T041100,3386,2719,20%,42
T041103,3386,8715,20%,42
T041104,3386,968,20%,42
T041112,3386,19,20%,42
T041121,3386,3639,20%,42
T041124,3386,6682,20%,42
T041125,3386,7103,20%,42
T041128,3386,16,20%,42
T041135,3386,7849,20%,42
T041138,3386,7030,20%,42
T041144,3386,3520,20%,42
T041147,3386,9731,20%,42
T041149,3386,5438,20%,42
T041151,3697,9987,20%,42
T041156,3697,3721,20%,42
T041161,3697,159,20%,42
T041167,3697,4387,20%,42
T041178,3697,6815,20%,42
T041180,3697,9558,20%,42
T041184,3697,1626,20%,42
T041187,3697,2264,20%,42
T041197,3697,2548,20%,42
T041199,3697,1558,20%,42
T041201,3895,8476,20%,42
T041206,3895,7083,20%,42
T041207,3895,2902,20%,42
T041212,3895,97,20%,42
T041220,3895,5153,20%,42
T041226,3895,6195,20%,42
T041230,3895,841,20%,42
T041240,3895,5252,20%,42
T041254,4210,8047,20%,42
T041269,4210,4563,20%,42
T041276,4210,5624,20%,42
T041284,4210,9808,20%,42
T041298,4210,377,20%,42
T041301,4232,7976,20%,42
T041303,4232,1299,20%,42
T041304,4232,1645,20%,42
T041308,4232,985,20%,42
T041310,4232,1692,20%,42
T041311,4232,936,20%,42
T041324,4232,4487,20%,42
T041327,4232,6647,20%,42
T041329,4232,3697,20%,42
T041339,4232,2700,20%,42
T041340,4232,6962,20%,42
T041342,4232,4844,20%,42
T041350,4384,2637,20%,42
T041364,4384,6119,20%,42
T041368,4384,2584,20%,42
T041376,4384,605,20%,42
T041377,4384,550,20%,42
T041379,4384,2192,20%,42
T041381,4384,1023,20%,42
T041382,4384,8087,20%,42
T041384,4384,3721,20%,42
T041390,4384,2418,20%,42
T041392,4384,1071,20%,42
T041395,4384,1657,20%,42
T041399,4384,8074,20%,42
T041410,4620,1209,20%,42
T041414,4620,1439,20%,42
T041419,4620,7796,20%,42
T041423,4620,4890,20%,42
T041433,4620,4783,20%,42
T041435,4620,599,20%,42
T041446,4620,5582,20%,42
T041449,4620,40,20%,42
T041451,4790,8186,20%,42
T041457,4790,8691,20%,42
T041458,4790,4210,20%,42
T041461,4790,897,20%,42
T041463,4790,6754,20%,42
T041469,4790,5488,20%,42
T041476,4790,1490,20%,42
T041481,4790,5322,20%,42
T041500,5023,3046,20%,42
T041510,5023,120,20%,42
T041513,5023,4384,20%,42
T041517,5023,4702,20%,42
T041536,5023,2572,20%,42
T041538,5023,6726,20%,42
T041539,5023,6777,20%,42
T041542,5023,5041,20%,42
T041548,5023,6675,20%,42
T041549,5023,4606,20%,42
T041554,5747,4044,20%,42
T041555,5747,5468,20%,42
T041560,5747,165,20%,42
T041562,5747,985,20%,42
T041564,5747,6743,20%,42
T041569,5747,868,20%,42
T041578,5747,430,20%,42
T041581,5747,4603,20%,42
T041583,5747,986,20%,42
T041588,5747,3725,20%,42
T041589,5747,940,20%,42
T041592,5747,8298,20%,42
T041605,6306,206,20%,42
T041612,6306,4508,20%,42
T041621,6306,5746,20%,42
T041624,6306,41,20%,42
T041626,6306,7411,20%,42
T041628,6306,4732,20%,42
T041629,6306,571,20%,42
T041635,6306,3177,20%,42
T041639,6306,601,20%,42
T041648,6306,8401,20%,42
T041650,9020,4649,20%,42
T041653,9020,1838,20%,42
T041663,9020,47,20%,42
T041669,9020,3629,20%,42
T041681,9020,10060,20%,42
T041684,9020,9940,20%,42
T041700,305,1212,20%,42
T041703,305,1758,20%,42
T041705,305,4142,20%,42
T041708,305,9850,20%,42
T041709,305,573,20%,42
T041713,305,255,20%,42
T041714,305,6951,20%,42
T041722,305,5747,20%,42
T041725,305,5958,20%,42
T041726,305,819,20%,42
T041731,305,469,20%,42
T041738,305,1626,20%,42
T041743,305,7740,20%,42
T041746,305,2293,20%,42
T041752,1379,5026,20%,42
T041757,1379,4221,20%,42
T041759,1379,3240,20%,42
T041761,1379,688,20%,42
T041763,1379,2982,20%,42
T041766,1379,6599,20%,42
T041767,1379,7759,20%,42
T041768,1379,477,20%,42
T041781,1379,9849,20%,42
T041783,1379,1494,20%,42
T041787,1379,7788,20%,42
T041792,1379,2729,20%,42
T041793,1379,29,20%,42
T041799,1379,868,20%,42
T041807,4702,1784,20%,42
T041810,4702,1079,20%,42
T041816,4702,6996,20%,42
T041822,4702,187,20%,42
T041826,4702,3169,20%,42
T041831,4702,159,20%,42
T041832,4702,1896,20%,42
T041842,4702,541,20%,42
T041843,4702,4139,20%,42
T041844,4702,2387,20%,42
T041851,5328,2331,20%,42
T041852,5328,66,20%,42
T041867,5328,8712,20%,42
T041870,5328,6743,20%,42
T041873,5328,3611,20%,42
T041875,5328,2493,20%,42
T041893,5328,200,20%,42
T041901,8203,1247,20%,42
T041903,8203,9836,20%,42
T041907,8203,2559,20%,42
T041911,8203,1434,20%,42
T041914,8203,6638,20%,42
T041919,8203,1866,20%,42
T041930,8203,3741,20%,42
T041935,8203,5706,20%,42
T041937,8203,8198,20%,42
T041947,8203,5926,20%,42
T041948,8203,1005,20%,42
T041952,664,2072,20%,42
T041956,664,8108,20%,42
T041959,664,8074,20%,42
T041967,664,1020,20%,42
T041981,664,9204,20%,42
T041988,664,2319,20%,42
T041991,664,2218,20%,42
T041994,664,2549,20%,42
T041996,664,2000,20%,42
T042003,1815,4162,20%,42
T042011,1815,2794,20%,42
T042017,1815,2472,20%,42
T042020,1815,7162,20%,42
T042027,1815,4939,20%,42
T042030,1815,3052,20%,42
T042035,1815,10,20%,42
T042036,1815,8739,20%,42
T042038,1815,2378,20%,42
T042040,1815,3159,20%,42
T042054,2138,4489,20%,42
T042055,2138,4502,20%,42
T042062,2138,3224,20%,42
T042063,2138,7128,20%,42
T042068,2138,6951,20%,42
T042081,2138,8087,20%,42
T042089,2138,986,20%,42
T042090,2138,5320,20%,42
T042099,2138,3818,20%,42
T042101,2332,6602,20%,42
T042110,2332,279,20%,42
T042115,2332,9020,20%,42
T042126,2332,2693,20%,42
T042132,2332,8355,20%,42
T042133,2332,688,20%,42
T042134,2332,1337,20%,42
T042139,2332,66,20%,42
T042154,2441,430,20%,42
T042155,2441,5148,20%,42
T042162,2441,3272,20%,42
T042176,2441,2609,20%,42
T042184,2441,6791,20%,42
T042189,2441,6334,20%,42
T042201,2693,5338,20%,42
T042204,2693,208,20%,42
T042207,2693,7894,20%,42
T042234,2693,6458,20%,42
T042237,2693,5839,20%,42
T042243,2693,6513,20%,42
T042253,3209,5120,20%,42
T042258,3209,2010,20%,42
T042260,3209,6974,20%,42
T042263,3209,9936,20%,42
T042280,3209,2693,20%,42
T042284,3209,7212,20%,42
T042296,3209,8695,20%,42
T042306,3484,1595,20%,42
T042309,3484,4263,20%,42
T042314,3484,5985,20%,42
T042315,3484,7471,20%,42
T042318,3484,1866,20%,42
T042320,3484,132,20%,42
T042321,3484,1074,20%,42
T042325,3484,5775,20%,42
T042326,3484,2099,20%,42
T042329,3484,4510,20%,42
T042333,3484,3924,20%,42
T042334,3484,4968,20%,42
T042335,3484,5994,20%,42
T042347,3484,5843,20%,42
T042349,3484,1088,20%,42
T042352,3721,1953,20%,42
T042360,3721,5239,20%,42
T042362,3721,231,20%,42
T042369,3721,6441,20%,42
T042372,3721,4506,20%,42
T042378,3721,6601,20%,42
T042389,3721,266,20%,42
T042390,3721,1514,20%,42
T042393,3721,1546,20%,42
T042395,3721,4537,20%,42
T042396,3721,1673,20%,42
T042400,4164,40,20%,42
T042410,4164,1194,20%,42
T042414,4164,6631,20%,42
T042423,4164,3886,20%,42
T042425,4164,6787,20%,42
T042426,4164,3610,20%,42
T042429,4164,7402,20%,42
T042440,4164,4831,20%,42
T042442,4164,1412,20%,42
T042448,4164,2182,20%,42
T042451,4226,5540,20%,42
T042477,4226,2009,20%,42
T042478,4226,1228,20%,42
T042479,4226,258,20%,42
T042486,4226,3270,20%,42
T042490,4226,3759,20%,42
T042498,4226,5180,20%,42
T042519,5846,554,20%,42
T042520,5846,6071,20%,42
T042522,5846,9371,20%,42
T042523,5846,4706,20%,42
T042532,5846,6134,20%,42
T042547,5846,2393,20%,42
T042555,6301,1184,20%,42
T042561,6301,2204,20%,42
T042566,6301,8346,20%,42
T042574,6301,2072,20%,42
T042576,6301,693,20%,42
T042598,6301,6090,20%,42
T042602,6777,9034,20%,42
T042622,6777,7942,20%,42
T042623,6777,2608,20%,42
T042630,6777,199,20%,42
T042631,6777,1388,20%,42
T042646,6777,1909,20%,42
T042658,172,3098,20%,42
T042659,172,8573,20%,42
T042672,172,7128,20%,42
T042678,172,7144,20%,42
T042691,172,6238,20%,42
T042694,172,5086,20%,42
T042696,172,1468,20%,42
T042711,243,1017,20%,42
T042717,243,6135,20%,42
T042718,243,4682,20%,42
T042733,243,7981,20%,42
T042737,243,491,20%,42
T042738,243,9371,20%,42
T042750,914,1398,20%,42
T042768,914,1541,20%,42
T042779,914,868,20%,42
T042787,914,1240,20%,42
T042795,914,9237,20%,42
T042825,1180,406,20%,42
T042830,1180,5170,20%,42
T042844,1180,2505,20%,42
T042855,5034,249,20%,42
T042856,5034,821,20%,42
T042863,5034,2412,20%,42
T042868,5034,267,20%,42
T042870,5034,7792,20%,42
T042872,5034,5312,20%,42
T042874,5034,8767,20%,42
T042878,5034,2112,20%,42
T042879,5034,5235,20%,42
T042884,5034,3006,20%,42
T042885,5034,1034,20%,42
T042889,5034,9542,20%,42
T042894,5034,7099,20%,42
T042895,5034,1088,20%,42
T042896,5034,6981,20%,42
T042899,5034,5529,20%,42
T042900,5171,8950,20%,42
T042905,5171,1866,20%,42
T042908,5171,8763,20%,42
T042909,5171,1641,20%,42
T042913,5171,8531,20%,42
T042916,5171,100,20%,42
T042919,5171,8712,20%,42
T042922,5171,6097,20%,42
T042924,5171,9230,20%,42
T042925,5171,1685,20%,42
T042935,5171,8867,20%,42
T042936,5171,7849,20%,42
T042939,5171,2584,20%,42
T042940,5171,5436,20%,42
T042944,5171,1434,20%,42
T042949,5171,5419,20%,42
T042955,6747,284,20%,42
T042961,6747,2196,20%,42
T042975,6747,4043,20%,42
T042979,6747,7250,20%,42
T042983,6747,7887,20%,42
T042985,6747,1048,20%,42
T042997,6747,5436,20%,42
T043004,130,9850,20%,42
T043008,130,42,20%,42
T043011,130,638,20%,42
T043014,130,6195,20%,42
T043021,130,1058,20%,42
T043023,130,2650,20%,42
T043025,130,5937,20%,42
T043039,130,5319,20%,42
T043040,130,4364,20%,42
T043041,130,6394,20%,42
T043042,130,8381,20%,42
T043055,266,1422,20%,42
T043064,266,1002,20%,42
T043069,266,787,20%,42
T043074,266,3095,20%,42
T043080,266,41,20%,42
T043084,266,1935,20%,42
T043092,266,79,20%,42
T043093,266,1981,20%,42
T043096,266,6274,20%,42
T043097,266,46,20%,42
T043100,341,4072,20%,42
T043101,341,2834,20%,42
T043102,341,1240,20%,42
T043109,341,9311,20%,42
T043112,341,2378,20%,42
T043114,341,403,20%,42
T043118,341,5162,20%,42
T043119,341,7359,20%,42
T043122,341,4728,20%,42
T043124,341,4741,20%,42
T043135,341,4162,20%,42
T043136,341,1764,20%,42
T043137,341,9906,20%,42
T043139,341,4169,20%,42
T043147,341,897,20%,42
T043153,453,3117,20%,42
T043160,453,4096,20%,42
T043169,453,880,20%,42
T043177,453,5190,20%,42
T043182,453,1061,20%,42
T043194,453,6745,20%,42
T043198,453,4856,20%,42
T043210,941,10040,20%,42
T043212,941,9204,20%,42
T043213,941,3975,20%,42
T043215,941,3006,20%,42
T043216,941,2121,20%,42
T043217,941,3718,20%,42
T043230,941,1163,20%,42
T043232,941,1054,20%,42
T043238,941,228,20%,42
T043241,941,2786,20%,42
T043243,941,748,20%,42
T043244,941,109,20%,42
T043247,941,2725,20%,42
T043248,941,3926,20%,42
T043257,1727,2520,20%,42
T043265,1727,3190,20%,42
T043267,1727,6485,20%,42
T043271,1727,2935,20%,42
T043279,1727,9764,20%,42
T043290,1727,6904,20%,42
T043301,2218,1200,20%,42
T043303,2218,5531,20%,42
T043306,2218,3779,20%,42
T043311,2218,3922,20%,42
T043323,2218,6181,20%,42
T043326,2218,1558,20%,42
T043329,2218,1168,20%,42
T043333,2218,6509,20%,42
T043335,2218,7402,20%,42
T043336,2218,5955,20%,42
T043345,2218,1104,20%,42
T043350,2552,616,20%,42
T043354,2552,6664,20%,42
T043360,2552,165,20%,42
T043363,2552,6488,20%,42
T043367,2552,3010,20%,42
T043371,2552,4489,20%,42
T043372,2552,4007,20%,42
T043375,2552,4627,20%,42
T043387,2552,10233,20%,42
T043390,2552,9106,20%,42
T043392,2552,1189,20%,42
T043394,2552,9936,20%,42
T043397,2552,10060,20%,42
T043398,2552,9570,20%,42
T043407,2882,2352,20%,42
T043408,2882,2787,20%,42
T043413,2882,3895,20%,42
T043419,2882,7845,20%,42
T043421,2882,940,20%,42
T043426,2882,2687,20%,42
T043428,2882,476,20%,42
T043442,2882,167,20%,42
T043450,4497,5320,20%,42
T043454,4497,1050,20%,42
T043474,4497,8778,20%,42
T043475,4497,2602,20%,42
T043479,4497,6663,20%,42
T043489,4497,8783,20%,42
T043492,4497,8206,20%,42
T043493,4497,940,20%,42
T043496,4497,10206,20%,42
T043501,4502,253,20%,42
T043502,4502,1679,20%,42
T043508,4502,314,20%,42
T043511,4502,8071,20%,42
T043513,4502,1299,20%,42
T043522,4502,6777,20%,42
T043524,4502,2471,20%,42
T043526,4502,9325,20%,42
T043530,4502,4088,20%,42
T043533,4502,8169,20%,42
T043539,4502,184,20%,42
T043541,4502,10189,20%,42
T043545,4502,6499,20%,42
T043547,4502,5086,20%,42
T043551,4981,4689,20%,42
T043555,4981,217,20%,42
T043566,4981,2244,20%,42
T043571,4981,6669,20%,42
T043597,4981,8505,20%,42
T043601,6605,7083,20%,42
T043602,6605,1504,20%,42
T043604,6605,5527,20%,42
T043614,6605,3567,20%,42
T043624,6605,3069,20%,42
T043625,6605,19,20%,42
T043630,6605,8691,20%,42
T043631,6605,5671,20%,42
T043635,6605,61,20%,42
T043639,6605,8416,20%,42
T043642,6605,8206,20%,42
T043644,6605,56,20%,42
T043661,7384,3484,20%,42
T043663,7384,3764,20%,42
T043667,7384,3158,20%,42
T043669,7384,1784,20%,42
T043674,7384,5726,20%,42
T043679,7384,5589,20%,42
T043684,7384,8687,20%,42
T043688,7384,9235,20%,42
T043694,7384,83,20%,42
T043695,7384,808,20%,42
T043706,7896,3114,20%,42
T043711,7896,1457,20%,42
T043713,7896,8982,20%,42
T043725,7896,3741,20%,42
T043726,7896,4269,20%,42
T043728,7896,3451,20%,42
T043730,7896,90,20%,42
T043733,7896,5287,20%,42
T043736,7896,7037,20%,42
T043738,7896,14,20%,42
T043749,7896,8444,20%,42
T043751,8583,2770,20%,42
T043752,8583,7116,20%,42
T043753,8583,7918,20%,42
T043754,8583,6081,20%,42
T043755,8583,6840,20%,42
T043757,8583,8819,20%,42
T043758,8583,3786,20%,42
T043761,8583,1552,20%,42
T043764,8583,8542,20%,42
T043766,8583,21,20%,42
T043779,8583,2182,20%,42
T043789,8583,2984,20%,42
T043790,8583,238,20%,42
T043799,8583,1250,20%,42
T043801,9797,598,20%,42
T043811,9797,4364,20%,42
T043813,9797,8545,20%,42
T043823,9797,3169,20%,42
T043833,9797,3591,20%,42
T043838,9797,8732,20%,42
T043839,9797,350,20%,42
T043842,9797,8654,20%,42
T043844,9797,3068,20%,42
T043845,9797,3986,20%,42
T043849,9797,8583,20%,42
T043856,257,5889,20%,42
T043857,257,5627,20%,42
T043860,257,6747,20%,42
T043871,257,5178,20%,42
T043875,257,6723,20%,42
T043897,257,7776,20%,42
T043898,257,4290,20%,42
T043899,257,2961,20%,42
T043904,953,104,20%,42
T043905,953,3065,20%,42
T043908,953,9936,20%,42
T043909,953,2012,20%,42
T043910,953,6689,20%,42
T043912,953,104,20%,42
T043913,953,3705,20%,42
T043915,953,5793,20%,42
T043919,953,5210,20%,42
T043920,953,714,20%,42
T043927,953,8496,20%,42
T043929,953,4325,20%,42
T043930,953,3936,20%,42
T043931,953,9987,20%,42
T043944,953,2243,20%,42
T043945,953,4981,20%,42
T043946,953,5041,20%,42
T043948,953,6213,20%,42
T043959,980,5830,20%,42
T043961,980,10006,20%,42
T043964,980,6,20%,42
T043965,980,355,20%,42
T043967,980,3056,20%,42
T043970,980,2136,20%,42
T043971,980,6500,20%,42
T043976,980,4741,20%,42
T043978,980,5091,20%,42
T043981,980,176,20%,42
T043984,980,1693,20%,42
T043988,980,2751,20%,42
T043989,980,6743,20%,42
T043999,980,5438,20%,42
T044004,1780,360,20%,42
T044006,1780,4732,20%,42
T044014,1780,1649,20%,42
T044015,1780,7389,20%,42
T044019,1780,6181,20%,42
T044021,1780,6796,20%,42
T044026,1780,5547,20%,42
T044036,1780,1130,20%,42
T044037,1780,3863,20%,42
T044039,1780,8781,20%,42
T044041,1780,2167,20%,42
T044043,1780,573,20%,42
T044046,1780,8304,20%,42
T044055,2107,1061,20%,42
T044058,2107,6565,20%,42
T044059,2107,1129,20%,42
T044062,2107,9193,20%,42
T044069,2107,6934,20%,42
T044070,2107,4150,20%,42
T044071,2107,3456,20%,42
T044074,2107,378,20%,42
T044076,2107,1490,20%,42
T044086,2107,524,20%,42
T044089,2107,2012,20%,42
T044090,2107,2740,20%,42
T044094,2107,1106,20%,42
T044099,2107,2423,20%,42
T044102,3180,235,20%,42
T044108,3180,6063,20%,42
T044111,3180,3690,20%,42
T044124,3180,1533,20%,42
T044131,3180,7392,20%,42
T044135,3180,4982,20%,42
T044136,3180,5315,20%,42
T044140,3180,6408,20%,42
T044143,3180,4506,20%,42
T044145,3180,220,20%,42
T044151,4393,5833,20%,42
T044155,4393,51,20%,42
T044158,4393,2829,20%,42
T044163,4393,1909,20%,42
T044177,4393,6394,20%,42
T044185,4393,8664,20%,42
T044191,4393,2629,20%,42
T044193,4393,1910,20%,42
T044196,4393,387,20%,42
T044212,4761,4816,20%,42
T044214,4761,4866,20%,42
T044226,4761,895,20%,42
T044228,4761,3759,20%,42
T044234,4761,4024,20%,42
T044235,4761,8695,20%,42
T044244,4761,5775,20%,42
T044245,4761,1754,20%,42
T044253,6787,6978,20%,42
T044260,6787,8861,20%,42
T044264,6787,4142,20%,42
T044265,6787,2956,20%,42
T044276,6787,114,20%,42
T044277,6787,4292,20%,42
T044279,6787,4098,20%,42
T044286,6787,536,20%,42
T044287,6787,5178,20%,42
T044288,6787,4939,20%,42
T044291,6787,3180,20%,42
T044293,6787,443,20%,42
T044295,6787,521,20%,42
T044296,6787,1326,20%,42
T044305,8067,2559,20%,42
T044306,8067,7176,20%,42
T044315,8067,900,20%,42
T044326,8067,191,20%,42
T044331,8067,1061,20%,42
T044345,8067,2986,20%,42
T044347,8067,93,20%,42
T044351,147,4051,20%,42
T044355,147,7449,20%,42
T044360,147,5953,20%,42
T044364,147,59,20%,42
T044365,147,941,20%,42
T044373,147,7706,20%,42
T044386,147,521,20%,42
T044392,147,4145,20%,42
T044396,147,1245,20%,42
T044399,147,10145,20%,42
T044401,186,6573,20%,42
T044404,186,4139,20%,42
T044411,186,674,20%,42
T044414,186,5713,20%,42
T044415,186,509,20%,42
T044421,186,4730,20%,42
T044424,186,8867,20%,42
T044433,186,3321,20%,42
T044440,186,195,20%,42
T044442,186,3611,20%,42
T044448,186,7906,20%,42
T044450,255,1120,20%,42
T044454,255,3718,20%,42
T044456,255,1399,20%,42
T044465,255,8444,20%,42
T044469,255,895,20%,42
T044473,255,1524,20%,42
T044474,255,2291,20%,42
T044483,255,5312,20%,42
T044491,255,9797,20%,42
T044499,255,2108,20%,42
T044502,340,5107,20%,42
T044505,340,406,20%,42
T044507,340,3205,20%,42
T044509,340,9572,20%,42
T044511,340,1306,20%,42
T044512,340,8206,20%,42
T044516,340,3591,20%,42
T044517,340,4294,20%,42
T044521,340,3180,20%,42
T044526,340,610,20%,42
T044531,340,8258,20%,42
T044540,340,3786,20%,42
T044544,340,4537,20%,42
T044550,966,41,20%,42
T044551,966,4769,20%,42
T044552,966,7845,20%,42
T044553,966,4450,20%,42
T044555,966,2551,20%,42
T044556,966,1613,20%,42
T044567,966,6622,20%,42
T044569,966,6871,20%,42
T044570,966,228,20%,42
T044573,966,6393,20%,42
T044574,966,1266,20%,42
T044575,966,721,20%,42
T044588,966,1106,20%,42
T044590,966,6864,20%,42
T044599,966,221,20%,42
T044610,1092,4,20%,42
T044612,1092,7381,20%,42
T044616,1092,8074,20%,42
T044630,1092,4450,20%,42
T044635,1092,1516,20%,42
T044638,1092,4508,20%,42
T044647,1092,2085,20%,42
T044649,1092,772,20%,42
T044652,1159,772,20%,42
T044660,1159,493,20%,42
T044666,1159,19,20%,42
T044669,1159,6821,20%,42
T044671,1159,1179,20%,42
T044673,1159,1008,20%,42
T044678,1159,9323,20%,42
T044681,1159,2397,20%,42
T044685,1159,412,20%,42
T044691,1159,847,20%,42
T044694,1159,6232,20%,42
T044706,1265,975,20%,42
T044707,1265,2794,20%,42
T044709,1265,432,20%,42
T044710,1265,871,20%,42
T044713,1265,2293,20%,42
T044716,1265,220,20%,42
T044721,1265,5531,20%,42
T044731,1265,3003,20%,42
T044741,1265,8206,20%,42
T044755,3158,6238,20%,42
T044757,3158,3804,20%,42
T044763,3158,6647,20%,42
T044765,3158,3361,20%,42
T044768,3158,23,20%,42
T044770,3158,2956,20%,42
T044774,3158,973,20%,42
T044779,3158,10189,20%,42
T044781,3158,1005,20%,42
T044788,3158,9216,20%,42
T044791,3158,3954,20%,42
T044795,3158,3764,20%,42
T044801,3758,1966,20%,42
T044802,3758,6664,20%,42
T044803,3758,243,20%,42
T044811,3758,693,20%,42
T044813,3758,8883,20%,42
T044817,3758,42,20%,42
T044828,3758,4576,20%,42
T044832,3758,9345,20%,42
T044848,3758,9797,20%,42
T044849,3758,4178,20%,42
T044853,3879,2200,20%,42
T044857,3879,819,20%,42
T044861,3879,7740,20%,42
T044867,3879,7018,20%,42
T044881,3879,1215,20%,42
T044884,3879,4489,20%,42
T044886,3879,47,20%,42
T044891,3879,8114,20%,42
T044892,3879,2499,20%,42
T044905,4040,3066,20%,42
T044906,4040,5656,20%,42
T044907,4040,9401,20%,42
T044909,4040,8794,20%,42
T044912,4040,2892,20%,42
T044913,4040,4958,20%,42
T044918,4040,6698,20%,42
T044919,4040,4469,20%,42
T044920,4040,2435,20%,42
T044926,4040,1954,20%,42
T044930,4040,9181,20%,42
T044934,4040,8943,20%,42
T044936,4040,31,20%,42
T044953,4096,1222,20%,42
T044954,4096,209,20%,42
T044967,4096,3767,20%,42
T044973,4096,8794,20%,42
T044975,4096,2034,20%,42
T044980,4096,1102,20%,42
T044995,4096,7411,20%,42
T045001,7890,145,20%,42
T045013,7890,7529,20%,42
T045015,7890,9236,20%,42
T045023,7890,7127,20%,42
T045024,7890,413,20%,42
T045043,7890,2666,20%,42
T045044,7890,3983,20%,42
T045060,8715,5061,20%,42
T045074,8715,177,20%,42
T045075,8715,2719,20%,42
T045079,8715,7381,20%,42
T045081,8715,2417,20%,42
T045100,10,1629,20%,42
T045112,10,1017,20%,42
T045115,10,2633,20%,42
T045116,10,8339,20%,42
T045120,10,4981,20%,42
T045127,10,8111,20%,42
T045131,10,58,20%,42
T045147,10,42,20%,42
T045155,16,238,20%,42
T045164,16,5125,20%,42
T045175,16,2818,20%,42
T045178,16,21,20%,42
T045181,16,4040,20%,42
T045185,16,8859,20%,42
T045186,16,5041,20%,42
T045188,16,6962,20%,42
T045191,16,7226,20%,42
T045194,16,1215,20%,42
T045198,16,1055,20%,42
T045204,581,6323,20%,42
T045207,581,2789,20%,42
T045209,581,2432,20%,42
T045210,581,5298,20%,42
T045222,581,2751,20%,42
T045229,581,1372,20%,42
T045231,581,1150,20%,42
T045241,581,5298,20%,42
T045244,581,5381,20%,42
T045249,581,3676,20%,42
T045253,1292,4178,20%,42
T045255,1292,4741,20%,42
T045260,1292,1074,20%,42
T045283,1292,306,20%,42
T045284,1292,338,20%,42
T045285,1292,3065,20%,42
T045294,1292,4393,20%,42
T045297,1292,4,20%,42
T045299,1292,3611,20%,42
T045301,1873,267,20%,42
T045307,1873,1084,20%,42
T045308,1873,578,20%,42
T045315,1873,3697,20%,42
T045316,1873,6299,20%,42
T045319,1873,6709,20%,42
T045325,1873,895,20%,42
T045330,1873,66,20%,42
T045340,1873,10189,20%,42
T045356,2194,4031,20%,42
T045364,2194,5618,20%,42
T045368,2194,2633,20%,42
T045372,2194,1542,20%,42
T045374,2194,5846,20%,42
T045380,2194,6170,20%,42
T045383,2194,4762,20%,42
T045385,2194,5726,20%,42
T045393,2194,2632,20%,42
T045394,2194,6458,20%,42
T045396,2194,6409,20%,42
T045399,2194,1122,20%,42
T045405,2417,2916,20%,42
T045412,2417,4142,20%,42
T045415,2417,5627,20%,42
T045418,2417,7977,20%,42
T045422,2417,7144,20%,42
T045424,2417,3240,20%,42
T045429,2417,432,20%,42
T045430,2417,7788,20%,42
T045433,2417,1336,20%,42
T045436,2417,8783,20%,42
T045438,2417,2080,20%,42
T045439,2417,5839,20%,42
T045445,2417,7615,20%,42
T045447,2417,1034,20%,42
T045450,2499,4193,20%,42
T045451,2499,6830,20%,42
T045467,2499,6663,20%,42
T045468,2499,1984,20%,42
T045475,2499,4862,20%,42
T045479,2499,393,20%,42
T045480,2499,5239,20%,42
T045484,2499,1764,20%,42
T045487,2499,5984,20%,42
T045508,2787,3095,20%,42
T045511,2787,4606,20%,42
T045527,2787,1080,20%,42
T045537,2787,432,20%,42
T045544,2787,5210,20%,42
T045545,2787,7042,20%,42
T045546,2787,2584,20%,42
T045547,2787,138,20%,42
T045552,3231,4424,20%,42
T045556,3231,2986,20%,42
T045561,3231,7167,20%,42
T045564,3231,595,20%,42
T045568,3231,1655,20%,42
T045569,3231,251,20%,42
T045570,3231,3276,20%,42
T045571,3231,3825,20%,42
T045574,3231,207,20%,42
T045578,3231,7299,20%,42
T045581,3231,4486,20%,42
T045586,3231,614,20%,42
T045588,3231,8480,20%,42
T045592,3231,6909,20%,42
T045601,3693,243,20%,42
T045606,3693,194,20%,42
T045610,3693,1152,20%,42
T045611,3693,1370,20%,42
T045614,3693,2740,20%,42
T045618,3693,3619,20%,42
T045621,3693,8859,20%,42
T045628,3693,10343,20%,42
T045640,3693,3520,20%,42
T045643,3693,9210,20%,42
T045651,4700,4463,20%,42
T045666,4700,2485,20%,42
T045669,4700,1541,20%,42
T045673,4700,4424,20%,42
T045681,4700,3451,20%,42
T045695,4700,6408,20%,42
T045696,4700,305,20%,42
T045698,4700,926,20%,42
T045700,4949,1056,20%,42
T045703,4949,2851,20%,42
T045710,4949,3767,20%,42
T045712,4949,2842,20%,42
T045714,4949,2738,20%,42
T045715,4949,3457,20%,42
T045729,4949,7887,20%,42
T045736,4949,14,20%,42
T045739,4949,5041,20%,42
T045745,4949,7764,20%,42
T045752,5993,5833,20%,42
T045755,5993,8857,20%,42
T045760,5993,57,20%,42
T045766,5993,5671,20%,42
T045770,5993,3117,20%,42
T045774,5993,362,20%,42
T045775,5993,2806,20%,42
T045776,5993,6265,20%,42
T045786,5993,855,20%,42
T045790,5993,9797,20%,42
T045795,5993,338,20%,42
T045802,6094,521,20%,42
T045803,6094,3516,20%,42
T045805,6094,10071,20%,42
T045809,6094,9610,20%,42
T045812,6094,3901,20%,42
T045814,6094,295,20%,42
T045819,6094,1959,20%,42
T045827,6094,5409,20%,42
T045828,6094,5286,20%,42
T045831,6094,1179,20%,42
T045841,6094,7187,20%,42
T045846,6094,9738,20%,42
T045848,6094,5525,20%,42
T045850,6573,3787,20%,42
T045852,6573,4978,20%,42
T045853,6573,7796,20%,42
T045855,6573,8927,20%,42
T045861,6573,2,20%,42
T045879,6573,1136,20%,42
T045886,6573,6045,20%,42
T045889,6573,947,20%,42
T045895,6573,4098,20%,42
T045896,6573,155,20%,42
T045900,7216,5048,20%,42
T045914,7216,6459,20%,42
T045917,7216,9542,20%,42
T045918,7216,4152,20%,42
T045928,7216,2719,20%,42
T045938,7216,1895,20%,42
T045941,7216,8642,20%,42
T045943,7216,863,20%,42
T045944,7216,1501,20%,42
T045950,8087,7478,20%,42
T045951,8087,5107,20%,42
T045956,8087,195,20%,42
T045959,8087,6396,20%,42
T045961,8087,527,20%,42
T045962,8087,6201,20%,42
T045964,8087,2729,20%,42
T045966,8087,663,20%,42
T045975,8087,1053,20%,42
T045976,8087,8542,20%,42
T045979,8087,314,20%,42
T045983,8087,1071,20%,42
T045999,8087,6647,20%,42
T046004,9771,5127,20%,42
T046017,9771,985,20%,42
T046022,9771,8019,20%,42
T046024,9771,7706,20%,42
T046025,9771,128,20%,42
T046035,9771,4384,20%,42
T046036,9771,199,20%,42
T046041,9771,3069,20%,42
T046042,9771,1094,20%,42
T046049,9771,4888,20%,42
T046050,125,9545,20%,42
T046053,125,6565,20%,42
T046054,125,4808,20%,42
T046055,125,6351,20%,42
T046077,125,10006,20%,42
T046088,125,2378,20%,42
T046089,125,3648,20%,42
T046093,125,83,20%,42
T046094,125,513,20%,42
T046099,125,749,20%,42
T046100,1499,8113,20%,42
T046107,1499,8814,20%,42
T046123,1499,3926,20%,42
T046126,1499,9836,20%,42
T046127,1499,1154,20%,42
T046136,1499,6079,20%,42
T046147,1499,1692,20%,42
T046149,1499,8969,20%,42
T046151,1863,649,20%,42
T046152,1863,5127,20%,42
T046157,1863,412,20%,42
T046162,1863,7896,20%,42
T046163,1863,5063,20%,42
T046166,1863,5237,20%,42
T046173,1863,7525,20%,42
T046174,1863,2609,20%,42
T046179,1863,1215,20%,42
T046181,1863,5678,20%,42
T046184,1863,3648,20%,42
T046188,1863,10006,20%,42
T046192,1863,1062,20%,42
T046196,1863,68,20%,42
T046199,1863,2412,20%,42
T046206,2010,2472,20%,42
T046207,2010,340,20%,42
T046209,2010,4420,20%,42
T046237,2010,1764,20%,42
T046243,2010,7242,20%,42
T046246,2010,214,20%,42
T046253,2455,2485,20%,42
T046257,2455,1163,20%,42
T046261,2455,7167,20%,42
T046263,2455,6349,20%,42
T046264,2455,6891,20%,42
T046272,2455,10261,20%,42
T046275,2455,7384,20%,42
T046276,2455,3450,20%,42
T046277,2455,291,20%,42
T046284,2455,183,20%,42
T046290,2455,5315,20%,42
T046293,2455,6663,20%,42
T046298,2455,9836,20%,42
T046319,3046,131,20%,42
T046324,3046,1330,20%,42
T046335,3046,9515,20%,42
T046340,3046,5630,20%,42
T046350,4269,5982,20%,42
T046351,4269,6747,20%,42
T046375,4269,1207,20%,42
T046376,4269,5028,20%,42
T046383,4269,8712,20%,42
T046392,4269,2243,20%,42
T046393,4269,1468,20%,42
T046395,4269,8751,20%,42
T046404,6458,2875,20%,42
T046407,6458,4210,20%,42
T046409,6458,227,20%,42
T046413,6458,10233,20%,42
T046417,6458,8767,20%,42
T046418,6458,54,20%,42
T046422,6458,1150,20%,42
T046423,6458,7724,20%,42
T046431,6458,5308,20%,42
T046437,6458,2687,20%,42
T046442,6458,5736,20%,42
T046449,6458,7672,20%,42
T046452,6674,2814,20%,42
T046456,6674,2866,20%,42
T046459,6674,3922,20%,42
T046471,6674,1811,20%,42
T046473,6674,677,20%,42
T046474,6674,264,20%,42
T046477,6674,7472,20%,42
T046478,6674,4743,20%,42
T046480,6674,7925,20%,42
T046490,6674,22,20%,42
T046492,6674,8303,20%,42
T046494,6674,6125,20%,42
T046497,6674,6351,20%,42
T046499,6674,9533,20%,42
T046502,6732,5328,20%,42
T046505,6732,3272,20%,42
T046507,6732,7610,20%,42
T046510,6732,5973,20%,42
T046516,6732,350,20%,42
T046521,6732,5015,20%,42
T046524,6732,3056,20%,42
T046530,6732,881,20%,42
T046542,6732,2075,20%,42
T046543,6732,3177,20%,42
T046547,6732,4969,20%,42
T046551,7317,9997,20%,42
T046555,7317,26,20%,42
T046558,7317,2107,20%,42
T046563,7317,5987,20%,42
T046564,7317,173,20%,42
T046570,7317,1184,20%,42
T046574,7317,5132,20%,42
T046578,7317,311,20%,42
T046580,7317,6439,20%,42
T046597,7317,7970,20%,42
T046600,7610,3597,20%,42
T046601,7610,6904,20%,42
T046605,7610,3224,20%,42
T046608,7610,8914,20%,42
T046610,7610,901,20%,42
T046618,7610,6324,20%,42
T046635,7610,6361,20%,42
T046638,7610,2572,20%,42
T046641,7610,8565,20%,42
T046654,9064,3276,20%,42
T046658,9064,6253,20%,42
T046664,9064,4888,20%,42
T046666,9064,9512,20%,42
T046668,9064,4420,20%,42
T046669,9064,155,20%,42
T046684,9064,1254,20%,42
T046690,9064,39,20%,42
T046691,9064,9325,20%,42
T046694,9064,6838,20%,42
T046695,9064,1177,20%,42
T046697,9064,4879,20%,42
T046711,93,7684,20%,42
T046712,93,254,20%,42
T046716,93,5500,20%,42
T046717,93,1254,20%,42
T046718,93,2023,20%,42
T046721,93,2331,20%,42
T046733,93,897,20%,42
T046738,93,7600,20%,42
T046745,93,5084,20%,42
T046748,93,6109,20%,42
T046762,117,5744,20%,42
T046763,117,435,20%,42
T046765,117,86,20%,42
T046768,117,3818,20%,42
T046769,117,8480,20%,42
T046774,117,6334,20%,42
T046775,117,7120,20%,42
T046779,117,6393,20%,42
T046780,117,1434,20%,42
T046785,117,1490,20%,42
T046790,117,2572,20%,42
T046791,117,7529,20%,42
T046793,117,2138,20%,42
T046818,518,4281,20%,42
T046821,518,6934,20%,42
T046825,518,1099,20%,42
T046849,518,3386,20%,42
T046851,1080,3351,20%,42
T046854,1080,8914,20%,42
T046856,1080,5746,20%,42
T046859,1080,8047,20%,42
T046868,1080,6688,20%,42
T046873,1080,626,20%,42
T046875,1080,3572,20%,42
T046883,1080,1058,20%,42
T046884,1080,3693,20%,42
T046886,1080,184,20%,42
T046891,1080,8355,20%,42
T046893,1080,1193,20%,42
T046895,1080,4257,20%,42
T046900,2434,9731,20%,42
T046904,2434,2418,20%,42
T046914,2434,8565,20%,42
T046919,2434,5985,20%,42
T046920,2434,3774,20%,42
T046930,2434,2961,20%,42
T046937,2434,3165,20%,42
T046940,2434,733,20%,42
T046949,2434,7890,20%,42
T046951,3572,314,20%,42
T046961,3572,1785,20%,42
T046962,3572,1895,20%,42
T046963,3572,3715,20%,42
T046971,3572,3767,20%,42
T046973,3572,8373,20%,42
T046981,3572,4183,20%,42
T046986,3572,9941,20%,42
T046991,3572,688,20%,42
T046994,3572,245,20%,42
T046999,3572,4269,20%,42
T047004,5345,714,20%,42
T047009,5345,2358,20%,42
T047016,5345,5094,20%,42
T047036,5345,1136,20%,42
T047047,5345,1093,20%,42
T047060,5882,398,20%,42
T047067,5882,5937,20%,42
T047076,5882,6830,20%,42
T047086,5882,8612,20%,42
T047094,5882,2196,20%,42
T047095,5882,5518,20%,42
T047103,6196,4969,20%,42
T047104,6196,5419,20%,42
T047107,6196,7951,20%,42
T047109,6196,359,20%,42
T047110,6196,2814,20%,42
T047113,6196,3265,20%,42
T047117,6196,974,20%,42
T047123,6196,674,20%,42
T047143,6196,2013,20%,42
T047145,6196,8565,20%,42
T047146,6196,2337,20%,42
T047152,6299,3517,20%,42
T047169,6299,8691,20%,42
T047172,6299,5967,20%,42
T047173,6299,6458,20%,42
T047175,6299,554,20%,42
T047198,6299,2329,20%,42
T047207,6873,2661,20%,42
T047224,6873,10195,20%,42
T047226,6873,6519,20%,42
T047227,6873,4416,20%,42
T047237,6873,4226,20%,42
T047244,6873,8480,20%,42
T047245,6873,7165,20%,42
T047246,6873,4416,20%,42
T047247,6873,590,20%,42
T047265,8388,4144,20%,42
T047281,8388,4051,20%,42
T047287,8388,8496,20%,42
T047289,8388,4478,20%,42
T047291,8388,3374,20%,42
T047305,8781,7402,20%,42
T047306,8781,3256,20%,42
T047313,8781,341,20%,42
T047314,8781,4193,20%,42
T047318,8781,8763,20%,42
T047320,8781,8732,20%,42
T047331,8781,249,20%,42
T047347,8781,1664,20%,42
T047353,89,2333,20%,42
T047360,89,22,20%,42
T047368,89,632,20%,42
T047373,89,1120,20%,42
T047375,89,1764,20%,42
T047379,89,7803,20%,42
T047387,89,7601,20%,42
T047391,89,6253,20%,42
T047393,89,5563,20%,42
T047398,89,4169,20%,42
T047402,279,6324,20%,42
T047404,279,577,20%,42
T047419,279,2548,20%,42
T047422,279,7268,20%,42
T047427,279,3758,20%,42
T047431,279,159,20%,42
T047437,279,118,20%,42
T047448,279,3306,20%,42
T047450,653,5252,20%,42
T047456,653,7672,20%,42
T047458,653,8700,20%,42
T047476,653,1516,20%,42
T047480,653,8816,20%,42
T047484,653,6097,20%,42
T047489,653,764,20%,42
T047491,653,7918,20%,42
T047492,653,1023,20%,42
T047495,653,2332,20%,42
T047499,653,6851,20%,42
T047502,1133,914,20%,42
T047507,1133,1093,20%,42
T047515,1133,649,20%,42
T047519,1133,3231,20%,42
T047527,1133,4007,20%,42
T047528,1133,1136,20%,42
T047530,1133,4706,20%,42
T047540,1133,9087,20%,42
T047542,1133,5985,20%,42
T047544,1133,5171,20%,42
T047551,5042,1197,20%,42
T047553,5042,4523,20%,42
T047558,5042,4226,20%,42
T047561,5042,199,20%,42
T047562,5042,8927,20%,42
T047566,5042,6664,20%,42
T047574,5042,6806,20%,42
T047575,5042,2834,20%,42
T047579,5042,1180,20%,42
T047588,5042,5233,20%,42
T047590,5042,5298,20%,42
T047607,5338,5065,20%,42
T047614,5338,1931,20%,42
T047616,5338,16,20%,42
T047621,5338,1126,20%,42
T047626,5338,8542,20%,42
T047628,5338,6723,20%,42
T047631,5338,2432,20%,42
T047632,5338,2387,20%,42
T047644,5338,4190,20%,42
T047647,5338,9852,20%,42
T047655,8767,7913,20%,42
T047660,8767,2558,20%,42
T047668,8767,2200,20%,42
T047672,8767,294,20%,42
T047674,8767,771,20%,42
T047684,8767,1147,20%,42
T047686,8767,6777,20%,42
T047687,8767,6407,20%,42
T047695,8767,2626,20%,42
T047709,9115,2725,20%,42
T047713,9115,1693,20%,42
T047714,9115,168,20%,42
T047720,9115,5326,20%,42
T047722,9115,3331,20%,42
T047725,9115,3606,20%,42
T047729,9115,7042,20%,42
T047749,9115,6365,20%,42
T047751,9610,7665,20%,42
T047755,9610,232,20%,42
T047759,9610,6135,20%,42
T047762,9610,4445,20%,42
T047769,9610,207,20%,42
T047772,9610,1838,20%,42
T047773,9610,9987,20%,42
T047790,9610,998,20%,42
T047793,9610,2731,20%,42
T047797,9610,175,20%,42
T047798,9610,3971,20%,42
T047799,9610,207,20%,42
T047802,29,987,20%,42
T047807,29,114,20%,42
T047811,29,5260,20%,42
T047813,29,1838,20%,42
T047818,29,1200,20%,42
T047819,29,8295,20%,42
T047823,29,3400,20%,42
T047826,29,100,20%,42
T047837,29,1558,20%,42
T047838,29,854,20%,42
T047841,29,7995,20%,42
T047856,534,2337,20%,42
T047857,534,6500,20%,42
T047859,534,6811,20%,42
T047862,534,172,20%,42
T047887,534,872,20%,42
T047900,893,4597,20%,42
T047907,893,8927,20%,42
T047909,893,9486,20%,42
T047915,893,6110,20%,42
T047916,893,677,20%,42
T047917,893,1089,20%,42
T047936,893,4831,20%,42
T047938,893,2512,20%,42
T047956,968,6904,20%,42
T047960,968,6303,20%,42
T047964,968,7801,20%,42
T047966,968,6754,20%,42
T047975,968,8234,20%,42
T047981,968,241,20%,42
T047983,968,986,20%,42
T047986,968,9853,20%,42
T047988,968,174,20%,42
T047989,968,124,20%,42
T047990,968,2417,20%,42
T047993,968,2227,20%,42
T047997,968,3787,20%,42
T048002,1095,2674,20%,42
T048004,1095,9034,20%,42
T048015,1095,8071,20%,42
T048018,1095,2444,20%,42
T048021,1095,37,20%,42
T048022,1095,690,20%,42
T048025,1095,2085,20%,42
T048028,1095,35,20%,42
T048031,1095,8480,20%,42
T048034,1095,2432,20%,42
T048036,1095,3224,20%,42
T048037,1095,6373,20%,42
T048039,1095,3927,20%,42
T048040,1095,16,20%,42
T048041,1095,5824,20%,42
T048046,1095,673,20%,42
T048047,1095,57,20%,42
T048050,1935,22,20%,42
T048052,1935,145,20%,42
T048056,1935,149,20%,42
T048064,1935,4450,20%,42
T048065,1935,5643,20%,42
T048070,1935,6238,20%,42
T048072,1935,6172,20%,42
T048073,1935,5955,20%,42
T048077,1935,4487,20%,42
T048079,1935,664,20%,42
T048083,1935,8828,20%,42
T048088,1935,6365,20%,42
T048090,1935,5312,20%,42
T048093,1935,4269,20%,42
T048096,1935,3982,20%,42
T048098,1935,1673,20%,42
T048103,3012,6081,20%,42
T048108,3012,9034,20%,42
T048110,3012,7375,20%,42
T048111,3012,986,20%,42
T048120,3012,4142,20%,42
T048130,3012,392,20%,42
T048137,3012,462,20%,42
T048155,4007,134,20%,42
T048162,4007,9808,20%,42
T048163,4007,24,20%,42
T048165,4007,234,20%,42
T048167,4007,1935,20%,42
T048171,4007,6323,20%,42
T048184,4007,1603,20%,42
T048193,4007,256,20%,42
T048202,5368,5202,20%,42
T048206,5368,6756,20%,42
T048209,5368,6115,20%,42
T048212,5368,1012,20%,42
T048214,5368,914,20%,42
T048236,5368,23,20%,42
T048237,5368,2441,20%,42
T048252,6265,16,20%,42
T048253,6265,1641,20%,42
T048259,6265,5824,20%,42
T048261,6265,9241,20%,42
T048272,6265,3230,20%,42
T048273,6265,1117,20%,42
T048278,6265,174,20%,42
T048281,6265,4193,20%,42
T048284,6265,367,20%,42
T048300,6594,2633,20%,42
T048301,6594,130,20%,42
T048302,6594,3982,20%,42
T048303,6594,2107,20%,42
T048305,6594,6978,20%,42
T048307,6594,1541,20%,42
T048308,6594,4294,20%,42
T048317,6594,4306,20%,42
T048319,6594,2733,20%,42
T048327,6594,5286,20%,42
T048328,6594,562,20%,42
T048334,6594,1310,20%,42
T048338,6594,8654,20%,42
T048343,6594,860,20%,42
T048350,7167,266,20%,42
T048354,7167,5078,20%,42
T048363,7167,1209,20%,42
T048367,7167,10,20%,42
T048375,7167,221,20%,42
T048376,7167,893,20%,42
T048378,7167,6374,20%,42
T048382,7167,4399,20%,42
T048388,7167,5260,20%,42
T048402,7673,4424,20%,42
T048403,7673,165,20%,42
T048423,7673,3457,20%,42
T048431,7673,1810,20%,42
T048432,7673,4403,20%,42
T048439,7673,6439,20%,42
T048442,7673,5095,20%,42
T048444,7673,377,20%,42
T048459,9118,6745,20%,42
T048464,9118,5028,20%,42
T048468,9118,7913,20%,42
T048469,9118,2165,20%,42
T048470,9118,2966,20%,42
T048473,9118,6750,20%,42
T048477,9118,1699,20%,42
T048479,9118,3630,20%,42
T048481,9118,2275,20%,42
T048482,9118,1106,20%,42
T048488,9118,871,20%,42
T048494,9118,9325,20%,42
T048495,9118,1798,20%,42
T048497,9118,308,20%,42
T048498,9118,3430,20%,42
T048508,10535,5172,20%,42
T048521,10535,1123,20%,42
T048523,10535,4322,20%,42
T048525,10535,214,20%,42
T048530,10535,8531,20%,42
T048531,10535,978,20%,42
T048532,10535,1613,20%,42
T048533,10535,249,20%,42
T048537,10535,1699,20%,42
T048538,10535,7764,20%,42
T048539,10535,7995,20%,42
T048540,10535,2227,20%,42
T048543,10535,2010,20%,42
T048545,10535,3667,20%,42
T048552,67,3467,20%,42
T048581,67,2333,20%,42
T048582,67,821,20%,42
T048590,67,7319,20%,42
T048593,67,3639,20%,42
T048599,67,34,20%,42
T048600,436,343,20%,42
T048602,436,8867,20%,42
T048606,436,6324,20%,42
T048612,436,9558,20%,42
T048626,436,5540,20%,42
T048630,436,2204,20%,42
T048631,436,3139,20%,42
T048636,436,5990,20%,42
T048637,436,1266,20%,42
T048638,436,5814,20%,42
T048642,436,9850,20%,42
T048646,436,10189,20%,42
T048663,529,7319,20%,42
T048671,529,5851,20%,42
T048681,529,1048,20%,42
T048697,529,491,20%,42
T048699,529,4322,20%,42
T048705,592,4204,20%,42
T048709,592,7472,20%,42
T048720,592,173,20%,42
T048724,592,2609,20%,42
T048729,592,3114,20%,42
T048731,592,7606,20%,42
T048734,592,2639,20%,42
T048745,592,5091,20%,42
T048748,592,763,20%,42
T048754,1385,554,20%,42
T048755,1385,2372,20%,42
T048765,1385,4364,20%,42
T048766,1385,7856,20%,42
T048767,1385,411,20%,42
T048770,1385,10342,20%,42
T048772,1385,6669,20%,42
T048779,1385,2446,20%,42
T048780,1385,1074,20%,42
T048789,1385,3648,20%,42
T048793,1385,250,20%,42
T048799,1385,1159,20%,42
T048807,1399,4265,20%,42
T048811,1399,355,20%,42
T048813,1399,5170,20%,42
T048815,1399,456,20%,42
T048816,1399,995,20%,42
T048820,1399,2548,20%,42
T048837,1399,1931,20%,42
T048842,1399,333,20%,42
T048851,2136,496,20%,42
T048852,2136,7489,20%,42
T048863,2136,8408,20%,42
T048866,2136,2535,20%,42
T048867,2136,5326,20%,42
T048872,2136,2738,20%,42
T048873,2136,9323,20%,42
T048874,2136,3758,20%,42
T048875,2136,6324,20%,42
T048880,2136,1524,20%,42
T048898,2136,2154,20%,42
T048901,2964,31,20%,42
T048903,2964,8236,20%,42
T048905,2964,1223,20%,42
T048907,2964,4325,20%,42
T048909,2964,3609,20%,42
T048910,2964,5004,20%,42
T048928,2964,105,20%,42
T048930,2964,6170,20%,42
T048931,2964,658,20%,42
T048934,2964,7991,20%,42
T048937,2964,8857,20%,42
T048938,2964,2478,20%,42
T048939,2964,332,20%,42
T048941,2964,8573,20%,42
T048943,2964,105,20%,42
T048944,2964,2107,20%,42
T048947,2964,2633,20%,42
T048965,3208,2479,20%,42
T048966,3208,616,20%,42
T048968,3208,841,20%,42
T048969,3208,1385,20%,42
T048975,3208,5075,20%,42
T048994,3208,6351,20%,42
T048995,3208,6934,20%,42
T049005,3767,5252,20%,42
T049007,3767,2693,20%,42
T049009,3767,4144,20%,42
T049016,3767,435,20%,42
T049025,3767,109,20%,42
T049028,3767,36,20%,42
T049034,3767,8861,20%,42
T049036,3767,2083,20%,42
T049039,3767,1219,20%,42
T049042,3767,2244,20%,42
T049046,3767,10333,20%,42
T049049,3767,5267,20%,42
T049065,5419,315,20%,42
T049068,5419,8531,20%,42
T049082,5419,5225,20%,42
T049083,5419,947,20%,42
T049100,5514,2926,20%,42
T049102,5514,4355,20%,42
T049103,5514,1094,20%,42
T049109,5514,886,20%,42
T049115,5514,1558,20%,42
T049116,5514,2099,20%,42
T049119,5514,3586,20%,42
T049123,5514,598,20%,42
T049125,5514,9997,20%,42
T049126,5514,3914,20%,42
T049137,5514,2499,20%,42
T049139,5514,241,20%,42
T049147,5514,4027,20%,42
T049157,5984,6500,20%,42
T049161,5984,5470,20%,42
T049168,5984,4190,20%,42
T049175,5984,7890,20%,42
T049180,5984,1123,20%,42
T049182,5984,8234,20%,42
T049186,5984,6688,20%,42
T049187,5984,464,20%,42
T049192,5984,5795,20%,42
T049211,6237,3384,20%,42
T049216,6237,7316,20%,42
T049224,6237,5004,20%,42
T049241,6237,6978,20%,42
T049242,6237,2332,20%,42
T049252,6405,69,20%,42
T049254,6405,362,20%,42
T049258,6405,1379,20%,42
T049260,6405,6433,20%,42
T049270,6405,4682,20%,42
T049279,6405,2118,20%,42
T049284,6405,3496,20%,42
T049289,6405,4238,20%,42
T049291,6405,10006,20%,42
T049297,6405,4769,20%,42
T049298,6405,235,20%,42
T049299,6405,889,20%,42
T049311,7269,6090,20%,42
T049330,7269,1039,20%,42
T049332,7269,1310,20%,42
T049335,7269,5514,20%,42
T049336,7269,10189,20%,42
T049351,8007,2926,20%,42
T049354,8007,2637,20%,42
T049358,8007,9039,20%,42
T049362,8007,610,20%,42
T049371,8007,5452,20%,42
T049375,8007,6750,20%,42
T049379,8007,4027,20%,42
T049388,8007,7906,20%,42
T049391,8007,3951,20%,42
T049401,155,7801,20%,42
T049416,155,1036,20%,42
T049421,155,108,20%,42
T049422,155,2131,20%,42
T049429,155,976,20%,42
T049430,155,83,20%,42
T049431,155,7155,20%,42
T049445,155,6324,20%,42
T049446,155,2013,20%,42
T049449,155,470,20%,42
T049450,314,1863,20%,42
T049451,314,6743,20%,42
T049456,314,4450,20%,42
T049476,314,2434,20%,42
T049487,314,5416,20%,42
T049489,314,3517,20%,42
T049490,314,1693,20%,42
T049491,314,671,20%,42
T049520,531,4152,20%,42
T049523,531,5271,20%,42
T049524,531,899,20%,42
T049525,531,4420,20%,42
T049527,531,6573,20%,42
T049530,531,7269,20%,42
T049535,531,2306,20%,42
T049536,531,8,20%,42
T049550,748,2881,20%,42
T049551,748,6151,20%,42
T049553,748,8545,20%,42
T049557,748,2075,20%,42
T049558,748,6621,20%,42
T049559,748,3139,20%,42
T049566,748,4478,20%,42
T049567,748,841,20%,42
T049570,748,7090,20%,42
T049571,748,1693,20%,42
T049573,748,3746,20%,42
T049581,748,5624,20%,42
T049585,748,2099,20%,42
T049586,748,8507,20%,42
T049603,1020,360,20%,42
T049617,1020,8781,20%,42
T049625,1020,1209,20%,42
T049627,1020,8705,20%,42
T049637,1020,6027,20%,42
T049646,1020,9345,20%,42
T049648,1020,6732,20%,42
T049649,1020,32,20%,42
T049654,1610,2544,20%,42
T049657,1610,5237,20%,42
T049663,1610,923,20%,42
T049664,1610,4604,20%,42
T049675,1610,3343,20%,42
T049683,1610,4393,20%,42
T049689,1610,7759,20%,42
T049693,1610,4100,20%,42
T049696,1610,2274,20%,42
T049701,1626,3938,20%,42
T049702,1626,1603,20%,42
T049706,1626,4499,20%,42
T049708,1626,8545,20%,42
T049709,1626,651,20%,42
T049711,1626,97,20%,42
T049716,1626,1664,20%,42
T049718,1626,3491,20%,42
T049719,1626,2444,20%,42
T049722,1626,3648,20%,42
T049740,1626,6519,20%,42
T049741,1626,7167,20%,42
T049744,1626,244,20%,42
T049745,1626,2738,20%,42
T049748,1626,2000,20%,42
T049749,1626,8746,20%,42
T049752,3143,480,20%,42
T049754,3143,5714,20%,42
T049760,3143,4603,20%,42
T049775,3143,603,20%,42
T049777,3143,6088,20%,42
T049779,3143,2522,20%,42
T049782,3143,1048,20%,42
T049785,3143,3629,20%,42
T049788,3143,6274,20%,42
T049791,3143,449,20%,42
T049793,3143,6791,20%,42
T049794,3143,5887,20%,42
T049799,3143,377,20%,42
T049802,3457,1412,20%,42
T049816,3457,4263,20%,42
T049824,3457,4844,20%,42
T049829,3457,8783,20%,42
T049834,3457,2949,20%,42
T049835,3457,2274,20%,42
T049845,3457,7119,20%,42
T049848,3457,3230,20%,42
T049851,4689,1501,20%,42
T049853,4689,1058,20%,42
T049856,4689,9790,20%,42
T049862,4689,8663,20%,42
T049872,4689,3343,20%,42
T049875,4689,1244,20%,42
T049879,4689,2575,20%,42
T049894,4689,5589,20%,42
T049896,4689,9084,20%,42
T049898,4689,975,20%,42
T049910,6195,868,20%,42
T049911,6195,615,20%,42
T049917,6195,3316,20%,42
T049921,6195,1931,20%,42
T049930,6195,8022,20%,42
T049936,6195,1089,20%,42
T049940,6195,9199,20%,42
T049942,6195,6265,20%,42
T049946,6195,8241,20%,42
T049951,6261,6887,20%,42
T049952,6261,747,20%,42
T049953,6261,4215,20%,42
T049954,6261,5345,20%,42
T049955,6261,5833,20%,42
T049956,6261,3114,20%,42
T049957,6261,5004,20%,42
T049959,6261,5610,20%,42
T049960,6261,3134,20%,42
T049963,6261,284,20%,42
T049977,6261,947,20%,42
T049979,6261,322,20%,42
T049994,6261,342,20%,42
T050000,7615,2731,20%,42
T050009,7615,6232,20%,42
T050010,7615,8705,20%,42
T050019,7615,1143,20%,42
T050020,7615,6983,20%,42
T050026,7615,10067,20%,42
T050032,7615,7144,20%,42
T050035,7615,5949,20%,42
T050037,7615,6408,20%,42
T050040,7615,4982,20%,42
T050045,7615,2559,20%,42
T050056,8470,4043,20%,42
T050062,8470,8476,20%,42
T050070,8470,2851,20%,42
T050071,8470,117,20%,42
T050072,8470,263,20%,42
T050085,8470,1216,20%,42
T050091,8470,5618,20%,42
T050103,8861,5063,20%,42
T050104,8861,4272,20%,42
T050109,8861,1758,20%,42
T050112,8861,2346,20%,42
T050113,8861,1223,20%,42
T050115,8861,868,20%,42
T050125,8861,12,20%,42
T050126,8861,1020,20%,42
T050128,8861,7300,20%,42
T050152,8922,7803,20%,42
T050155,8922,5452,20%,42
T050156,8922,7037,20%,42
T050157,8922,159,20%,42
T050159,8922,800,20%,42
T050163,8922,764,20%,42
T050166,8922,6128,20%,42
T050169,8922,7887,20%,42
T050174,8922,4183,20%,42
T050179,8922,7529,20%,42
T050184,8922,1194,20%,42
T050187,8922,2769,20%,42
T050193,8922,1004,20%,42
T050195,8922,2916,20%,42
T050196,8922,4670,20%,42
T050200,351,6357,20%,42
T050202,351,190,20%,42
T050210,351,5736,20%,42
T050217,351,6433,20%,42
T050224,351,200,20%,42
T050236,351,5851,20%,42
T050240,351,432,20%,42
T050242,351,3767,20%,42
T050244,351,398,20%,42
T050246,351,863,20%,42
T050248,351,2471,20%,42
T050250,480,6830,20%,42
T050254,480,3276,20%,42
T050258,480,9229,20%,42
T050262,480,1008,20%,42
T050265,480,3989,20%,42
T050269,480,1866,20%,42
T050271,480,6237,20%,42
T050272,480,5671,20%,42
T050274,480,3330,20%,42
T050275,480,8401,20%,42
T050279,480,2264,20%,42
T050281,480,2883,20%,42
T050292,480,2941,20%,42
T050295,480,174,20%,42
T050299,480,7127,20%,42
T050302,596,1976,20%,42
T050303,596,3407,20%,42
T050304,596,4040,20%,42
T050307,596,3725,20%,42
T050309,596,2882,20%,42
T050311,596,9524,20%,42
T050312,596,4620,20%,42
T050322,596,342,20%,42
T050324,596,7645,20%,42
T050326,596,2535,20%,42
T050331,596,6756,20%,42
T050337,596,6513,20%,42
T050341,596,2362,20%,42
T050349,596,609,20%,42
T050361,2385,944,20%,42
T050364,2385,7706,20%,42
T050370,2385,3003,20%,42
T050372,2385,9719,20%,42
T050374,2385,658,20%,42
T050376,2385,2,20%,42
T050379,2385,6394,20%,42
T050382,2385,2639,20%,42
T050391,2385,1685,20%,42
T050407,2484,1147,20%,42
T050410,2484,3361,20%,42
T050416,2484,9181,20%,42
T050417,2484,392,20%,42
T050427,2484,8258,20%,42
T050428,2484,1084,20%,42
T050434,2484,314,20%,42
T050439,2484,4861,20%,42
T050441,2484,2355,20%,42
T050442,2484,651,20%,42
T050455,3361,4444,20%,42
T050466,3361,943,20%,42
T050473,3361,5385,20%,42
T050494,3361,677,20%,42
T050495,3361,8469,20%,42
T050499,3361,10535,20%,42
T050500,3743,3719,20%,42
T050506,3743,8926,20%,42
T050514,3743,3719,20%,42
T050517,3743,9545,20%,42
T050518,3743,1649,20%,42
T050533,3743,9936,20%,42
T050534,3743,2362,20%,42
T050539,3743,90,20%,42
T050540,3743,35,20%,42
T050550,3818,406,20%,42
T050567,3818,2078,20%,42
T050575,3818,891,20%,42
T050576,3818,7127,20%,42
T050583,3818,4121,20%,42
T050588,3818,4838,20%,42
T050590,3818,3725,20%,42
T050591,3818,83,20%,42
T050592,3818,1494,20%,42
T050601,4294,5629,20%,42
T050610,4294,2,20%,42
T050611,4294,155,20%,42
T050617,4294,1292,20%,42
T050622,4294,2013,20%,42
T050624,4294,6698,20%,42
T050626,4294,8642,20%,42
T050628,4294,9906,20%,42
T050629,4294,4072,20%,42
T050631,4294,5846,20%,42
T050633,4294,4387,20%,42
T050639,4294,5273,20%,42
T050645,4294,2815,20%,42
T050646,4294,2794,20%,42
T050648,4294,9369,20%,42
T050657,4711,43,20%,42
T050659,4711,54,20%,42
T050660,4711,8241,20%,42
T050664,4711,8705,20%,42
T050668,4711,6301,20%,42
T050679,4711,3936,20%,42
T050686,4711,1088,20%,42
T050699,4711,497,20%,42
T050703,5178,330,20%,42
T050706,5178,2166,20%,42
T050709,5178,2372,20%,42
T050713,5178,671,20%,42
T050719,5178,14,20%,42
T050723,5178,125,20%,42
T050724,5178,2355,20%,42
T050726,5178,4874,20%,42
T050730,5178,9118,20%,42
T050740,5178,5009,20%,42
T050748,5178,1222,20%,42
T050755,8480,6840,20%,42
T050763,8480,4487,20%,42
T050766,8480,8867,20%,42
T050770,8480,32,20%,42
T050771,8480,1228,20%,42
T050783,8480,1244,20%,42
T050788,8480,1053,20%,42
T050794,8480,1336,20%,42
T050796,8480,5364,20%,42
T050800,8871,4164,20%,42
T050805,8871,1499,20%,42
T050812,8871,355,20%,42
T050813,8871,2575,20%,42
T050819,8871,554,20%,42
T050828,8871,5239,20%,42
T050832,8871,1120,20%,42
T050835,8871,2306,20%,42
T050843,8871,5067,20%,42
T050848,8871,936,20%,42
T050851,8943,4604,20%,42
T050855,8943,4424,20%,42
T050858,8943,4622,20%,42
T050865,8943,4096,20%,42
T050866,8943,9082,20%,42
T050867,8943,5828,20%,42
T050868,8943,6565,20%,42
T050879,8943,3046,20%,42
T050883,8943,3004,20%,42
T050889,8943,9558,20%,42
T050896,8943,4790,20%,42
T050904,9124,7542,20%,42
T050909,9124,9941,20%,42
T050910,9124,7610,20%,42
T050911,9124,14,20%,42
T050914,9124,9610,20%,42
T050921,9124,524,20%,42
T050938,9124,9,20%,42
T050942,9124,7996,20%,42
T050946,9124,900,20%,42
T050949,9124,747,20%,42
T050956,9181,207,20%,42
T050960,9181,4062,20%,42
T050963,9181,1047,20%,42
T050966,9181,4838,20%,42
T050972,9181,3729,20%,42
T050982,9181,4207,20%,42
T050988,9181,2676,20%,42
T050999,9181,9986,20%,42
T051000,9638,9906,20%,42
T051007,9638,4212,20%,42
T051013,9638,444,20%,42
T051017,9638,3884,20%,42
T051018,9638,7856,20%,42
T051019,9638,988,20%,42
T051020,9638,7615,20%,42
T051021,9638,7894,20%,42
T051023,9638,217,20%,42
T051025,9638,5811,20%,42
T051035,9638,290,20%,42
T051043,9638,6088,20%,42
T051052,462,8927,20%,42
T051056,462,90,20%,42
T051070,462,89,20%,42
T051074,462,637,20%,42
T051076,462,2866,20%,42
T051080,462,71,20%,42
T051085,462,6049,20%,42
T051090,462,3351,20%,42
T051091,462,6698,20%,42
T051095,462,1048,20%,42
T051100,632,1896,20%,42
T051116,632,6981,20%,42
T051122,632,10060,20%,42
T051130,632,2347,20%,42
T051134,632,2789,20%,42
T051150,921,1938,20%,42
T051154,921,7759,20%,42
T051155,921,854,20%,42
T051166,921,9441,20%,42
T051176,921,266,20%,42
T051181,921,638,20%,42
T051182,921,7818,20%,42
T051191,921,5793,20%,42
T051193,921,9034,20%,42
T051203,1031,4161,20%,42
T051204,1031,1336,20%,42
T051206,1031,835,20%,42
T051211,1031,582,20%,42
T051213,1031,521,20%,42
T051215,1031,1306,20%,42
T051217,1031,9726,20%,42
T051222,1031,3678,20%,42
T051223,1031,1375,20%,42
T051238,1031,6692,20%,42
T051239,1031,659,20%,42
T051247,1031,211,20%,42
T051252,1125,1189,20%,42
T051256,1125,7788,20%,42
T051258,1125,6332,20%,42
T051260,1125,7049,20%,42
T051267,1125,7896,20%,42
T051268,1125,8883,20%,42
T051269,1125,847,20%,42
T051270,1125,683,20%,42
T051274,1125,7083,20%,42
T051276,1125,924,20%,42
T051277,1125,5793,20%,42
T051279,1125,1399,20%,42
T051286,1125,6170,20%,42
T051293,1125,9118,20%,42
T051295,1125,5178,20%,42
T051297,1125,1863,20%,42
T051305,1954,1863,20%,42
T051312,1954,5775,20%,42
T051315,1954,4591,20%,42
T051325,1954,9272,20%,42
T051326,1954,1668,20%,42
T051327,1954,5377,20%,42
T051328,1954,5795,20%,42
T051329,1954,5811,20%,42
T051332,1954,40,20%,42
T051337,1954,1981,20%,42
T051340,1954,2897,20%,42
T051342,1954,7079,20%,42
T051353,2567,1337,20%,42
T051354,2567,5084,20%,42
T051358,2567,5713,20%,42
T051361,2567,1071,20%,42
T051367,2567,2189,20%,42
T051368,2567,2352,20%,42
T051375,2567,32,20%,42
T051378,2567,1918,20%,42
T051388,2567,7429,20%,42
T051389,2567,3484,20%,42
T051390,2567,5050,20%,42
T051400,2897,6599,20%,42
T051402,2897,3966,20%,42
T051417,2897,518,20%,42
T051424,2897,8859,20%,42
T051437,2897,43,20%,42
T051447,2897,9115,20%,42
T051451,3459,7449,20%,42
T051455,3459,5725,20%,42
T051458,3459,4591,20%,42
T051467,3459,944,20%,42
T051475,3459,8969,20%,42
T051485,3459,1953,20%,42
T051501,3645,254,20%,42
T051505,3645,6439,20%,42
T051507,3645,5957,20%,42
T051510,3645,1054,20%,42
T051511,3645,145,20%,42
T051513,3645,6791,20%,42
T051515,3645,2218,20%,42
T051516,3645,653,20%,42
T051525,3645,6071,20%,42
T051538,3645,444,20%,42
T051539,3645,2346,20%,42
T051544,3645,2687,20%,42
T051549,3645,1242,20%,42
T051550,3983,5563,20%,42
T051553,3983,1014,20%,42
T051555,3983,4376,20%,42
T051561,3983,6675,20%,42
T051568,3983,2444,20%,42
T051571,3983,1204,20%,42
T051572,3983,1056,20%,42
T051580,3983,5053,20%,42
T051584,3983,227,20%,42
T051596,3983,647,20%,42
T051597,3983,9790,20%,42
T051613,4375,9230,20%,42
T051617,4375,2182,20%,42
T051619,4375,2112,20%,42
T051626,4375,612,20%,42
T051631,4375,8175,20%,42
T051633,4375,4563,20%,42
T051635,4375,2697,20%,42
T051642,4375,1286,20%,42
T051649,4375,1,20%,42
T051655,4523,1984,20%,42
T051668,4523,1102,20%,42
T051671,4523,24,20%,42
T051675,4523,73,20%,42
T051682,4523,3524,20%,42
T051683,4523,1125,20%,42
T051689,4523,6974,20%,42
T051692,4523,7896,20%,42
T051693,4523,3767,20%,42
T051694,4523,1183,20%,42
T051697,4523,592,20%,42
T051698,4523,3928,20%,42
T051709,5589,6674,20%,42
T051711,5589,6079,20%,42
T051712,5589,7429,20%,42
T051714,5589,7155,20%,42
T051723,5589,6110,20%,42
T051726,5589,1200,20%,42
T051734,5589,3674,20%,42
T051748,5589,22,20%,42
T051750,6198,3276,20%,42
T051755,6198,4352,20%,42
T051761,6198,4790,20%,42
T051762,6198,4818,20%,42
T051764,6198,7606,20%,42
T051773,6198,9115,20%,42
T051784,6198,284,20%,42
T051788,6198,209,20%,42
T051790,6198,367,20%,42
T051793,6198,7037,20%,42
T051796,6198,2433,20%,42
T051805,6509,1398,20%,42
T051819,6509,245,20%,42
T051828,6509,7359,20%,42
T051830,6509,4162,20%,42
T051832,6509,8531,20%,42
T051833,6509,5042,20%,42
T051835,6509,8258,20%,42
T051836,6509,8088,20%,42
T051837,6509,8186,20%,42
T051839,6509,1372,20%,42
T051843,6509,7464,20%,42
T051854,6675,1693,20%,42
T051859,6675,3983,20%,42
T051866,6675,8922,20%,42
T051878,6675,4038,20%,42
T051882,6675,2446,20%,42
T051883,6675,1466,20%,42
T051885,6675,1490,20%,42
T051886,6675,7991,20%,42
T051888,6675,6373,20%,42
T051889,6675,3498,20%,42
T051890,6675,1954,20%,42
T051895,6675,5235,20%,42
T051902,7316,237,20%,42
T051909,7316,7870,20%,42
T051914,7316,7925,20%,42
T051933,7316,83,20%,42
T051934,7316,2244,20%,42
T051937,7316,4024,20%,42
T051944,7316,33,20%,42
T051949,7316,6978,20%,42
T051950,7357,6172,20%,42
T051959,7357,435,20%,42
T051962,7357,248,20%,42
T051965,7357,2740,20%,42
T051970,7357,1791,20%,42
T051975,7357,4463,20%,42
T051977,7357,2479,20%,42
T051990,7357,2602,20%,42
T051994,7357,3066,20%,42
T051996,7357,480,20%,42
T051999,7357,24,20%,42
T052003,8687,1104,20%,42
T052007,8687,567,20%,42
T052020,8687,7372,20%,42
T052021,8687,117,20%,42
T052022,8687,4848,20%,42
T052027,8687,6981,20%,42
T052029,8687,2982,20%,42
T052036,8687,8507,20%,42
T052041,8687,3610,20%,42
T052043,8687,7002,20%,42
T052045,8687,959,20%,42
T052056,1388,1268,20%,42
T052065,1388,3697,20%,42
T052072,1388,611,20%,42
T052083,1388,5814,20%,42
T052090,1388,4732,20%,42
T052091,1388,585,20%,42
T052092,1388,4887,20%,42
T052097,1388,2182,20%,42
T052106,2362,5286,20%,42
T052114,2362,5392,20%,42
T052120,2362,1102,20%,42
T052122,2362,228,20%,42
T052133,2362,6425,20%,42
T052141,2362,10120,20%,42
T052145,2362,4204,20%,42
T052148,2362,9986,20%,42
T052152,3886,6125,20%,42
T052157,3886,10359,20%,42
T052169,3886,138,20%,42
T052176,3886,3007,20%,42
T052178,3886,1306,20%,42
T052184,3886,5736,20%,42
T052191,3886,3118,20%,42
T052196,3886,6904,20%,42
T052206,4325,577,20%,42
T052209,4325,1699,20%,42
T052212,4325,8922,20%,42
T052213,4325,7375,20%,42
T052217,4325,941,20%,42
T052224,4325,280,20%,42
T052228,4325,27,20%,42
T052230,4325,5540,20%,42
T052236,4325,6806,20%,42
T052239,4325,2013,20%,42
T052247,4325,125,20%,42
T052250,4856,7317,20%,42
T052253,4856,183,20%,42
T052256,4856,7357,20%,42
T052259,4856,921,20%,42
T052263,4856,5937,20%,42
T052267,4856,3103,20%,42
T052269,4856,4100,20%,42
T052281,4856,1655,20%,42
T052283,4856,3822,20%,42
T052287,4856,1321,20%,42
T052292,4856,581,20%,42
T052294,4856,550,20%,42
T052303,5053,1071,20%,42
T052305,5053,3611,20%,42
T052309,5053,1245,20%,42
T052311,5053,7537,20%,42
T052312,5053,6873,20%,42
T052315,5053,7268,20%,42
T052317,5053,5177,20%,42
T052320,5053,8111,20%,42
T052331,5053,732,20%,42
T052333,5053,3296,20%,42
T052334,5053,3118,20%,42
T052336,5053,5833,20%,42
T052340,5053,3764,20%,42
T052341,5053,7906,20%,42
T052343,5053,2987,20%,42
T052349,5053,7489,20%,42
T052350,6115,718,20%,42
T052352,6115,5392,20%,42
T052366,6115,1603,20%,42
T052371,6115,1342,20%,42
T052372,6115,1550,20%,42
T052378,6115,1321,20%,42
T052381,6115,3134,20%,42
T052383,6115,8927,20%,42
T052393,6115,3314,20%,42
T052401,6125,7031,20%,42
T052404,6125,872,20%,42
T052413,6125,5957,20%,42
T052415,6125,1815,20%,42
T052418,6125,1588,20%,42
T052422,6125,8063,20%,42
T052423,6125,4043,20%,42
T052424,6125,1398,20%,42
T052425,6125,6081,20%,42
T052427,6125,2770,20%,42
T052430,6125,733,20%,42
T052433,6125,8127,20%,42
T052442,6125,596,20%,42
T052453,6213,6664,20%,42
T052465,6213,1867,20%,42
T052482,6213,9906,20%,42
T052497,6213,8469,20%,42
T052501,7115,6573,20%,42
T052513,7115,2881,20%,42
T052518,7115,10148,20%,42
T052529,7115,8583,20%,42
T052531,7115,1222,20%,42
T052534,7115,1655,20%,42
T052539,7115,8373,20%,42
T052540,7115,1935,20%,42
T052546,7115,603,20%,42
T052550,7976,2099,20%,42
T052551,7976,2319,20%,42
T052552,7976,1089,20%,42
T052553,7976,3010,20%,42
T052555,7976,6439,20%,42
T052567,7976,4432,20%,42
T052573,7976,8298,20%,42
T052577,7976,81,20%,42
T052578,7976,4939,20%,42
T052581,7976,5657,20%,42
T052586,7976,2678,20%,42
T052588,7976,9524,20%,42
T052591,7976,5308,20%,42
T052600,8111,4856,20%,42
T052601,8111,10101,20%,42
T052605,8111,7242,20%,42
T052609,8111,6299,20%,42
T052610,8111,7976,20%,42
T052613,8111,4486,20%,42
T052617,8111,2938,20%,42
T052618,8111,5225,20%,42
T052621,8111,4563,20%,42
T052626,8111,8355,20%,42
T052630,8111,3728,20%,42
T052635,8111,2902,20%,42
T052644,8111,3159,20%,42
T052649,8111,3004,20%,42
T052652,8444,1126,20%,42
T052661,8444,6406,20%,42
T052662,8444,355,20%,42
T052669,8444,1595,20%,42
T052672,8444,1375,20%,42
T052674,8444,697,20%,42
T052676,8444,7359,20%,42
T052685,8444,6558,20%,42
T052688,8444,235,20%,42
T052692,8444,120,20%,42
T052711,9764,5547,20%,42
T052715,9764,609,20%,42
T052717,9764,4508,20%,42
T052719,9764,9952,20%,42
T052720,9764,8664,20%,42
T052737,9764,1758,20%,42
T052741,9764,10261,20%,42
T052742,9764,2818,20%,42
T052757,9790,9940,20%,42
T052758,9790,3639,20%,42
T052770,9790,1699,20%,42
T052772,9790,7030,20%,42
T052780,9790,9189,20%,42
T052782,9790,8867,20%,42
T052783,9790,3139,20%,42
T052785,9790,5846,20%,42
T052791,9790,5630,20%,42
T052799,9790,3914,20%,42
T052804,9936,1538,20%,42
T052811,9936,4183,20%,42
T052816,9936,1056,20%,42
T052818,9936,4399,20%,42
T052822,9936,8712,20%,42
T052825,9936,5656,20%,42
T052826,9936,6509,20%,42
T052830,9936,1626,20%,42
T052832,9936,5518,20%,42
T052838,9936,6081,20%,42
T052839,9936,5023,20%,42
T052840,9936,732,20%,42
T052848,9936,467,20%,42
T052849,9936,601,20%,42
T052855,10030,9638,20%,42
T052858,10030,3746,20%,42
T052860,10030,134,20%,42
T052872,10030,6483,20%,42
T052874,10030,8480,20%,42
T052877,10030,926,20%,42
T052880,10030,178,20%,42
T052903,10233,6409,20%,42
T052908,10233,5968,20%,42
T052910,10233,8313,20%,42
T052913,10233,9572,20%,42
T052914,10233,5468,20%,42
T052927,10233,3971,20%,42
T052928,10233,5984,20%,42
T052934,10233,7818,20%,42
T052944,10233,6301,20%,42
T052949,10233,5839,20%,42
T052962,177,677,20%,42
T052964,177,1264,20%,42
T052971,177,2815,20%,42
T052972,177,1909,20%,42
T053001,350,1132,20%,42
T053002,350,4890,20%,42
T053015,350,3169,20%,42
T053036,350,1042,20%,42
T053037,350,714,20%,42
T053044,350,2882,20%,42
T053048,350,5328,20%,42
T053054,615,4103,20%,42
T053056,615,1194,20%,42
T053069,615,1372,20%,42
T053074,615,5824,20%,42
T053076,615,5746,20%,42
T053085,615,5470,20%,42
T053086,615,8373,20%,42
T053090,615,6889,20%,42
T053092,615,8617,20%,42
T053095,615,6433,20%,42
T053118,721,7269,20%,42
T053121,721,974,20%,42
T053128,721,7890,20%,42
T053134,721,4622,20%,42
T053137,721,6299,20%,42
T053138,721,9507,20%,42
T053149,721,7049,20%,42
T053153,1310,8791,20%,42
T053156,1310,2986,20%,42
T053161,1310,3719,20%,42
T053162,1310,1240,20%,42
T053164,1310,7518,20%,42
T053173,1310,8470,20%,42
T053183,1310,6723,20%,42
T053184,1310,1658,20%,42
T053185,1310,2165,20%,42
T053195,1310,5627,20%,42
T053198,1310,4272,20%,42
T053199,1310,46,20%,42
T053207,2674,5446,20%,42
T053215,2674,531,20%,42
T053224,2674,7672,20%,42
T053243,2674,3348,20%,42
T053249,2674,531,20%,42
T053259,2935,277,20%,42
T053262,2935,3982,20%,42
T053265,2935,8206,20%,42
T053273,2935,1337,20%,42
T053274,2935,186,20%,42
T053275,2935,7300,20%,42
T053277,2935,3787,20%,42
T053278,2935,4531,20%,42
T053280,2935,3421,20%,42
T053290,2935,1822,20%,42
T053295,2935,3786,20%,42
T053297,2935,5955,20%,42
T053299,2935,2264,20%,42
T053302,3232,174,20%,42
T053309,3232,3924,20%,42
T053311,3232,5235,20%,42
T053321,3232,4046,20%,42
T053326,3232,6791,20%,42
T053328,3232,9836,20%,42
T053331,3232,581,20%,42
T053335,3232,4622,20%,42
T053348,3232,1966,20%,42
T053357,3331,9733,20%,42
T053363,3331,1938,20%,42
T053368,3331,6743,20%,42
T053370,3331,3421,20%,42
T053374,3331,118,20%,42
T053378,3331,2637,20%,42
T053392,3331,6756,20%,42
T053396,3331,1241,20%,42
T053401,5170,2484,20%,42
T053406,5170,8203,20%,42
T053408,5170,6565,20%,42
T053431,5170,5618,20%,42
T053435,5170,7601,20%,42
T053444,5170,5091,20%,42
T053450,6669,2083,20%,42
T053453,6669,9272,20%,42
T053463,6669,1326,20%,42
T053472,6669,4226,20%,42
T053474,6669,2434,20%,42
T053481,6669,5078,20%,42
T053482,6669,4621,20%,42
T053485,6669,2674,20%,42
T053493,6669,8571,20%,42
T053507,7119,2485,20%,42
T053509,7119,3941,20%,42
T053512,7119,1539,20%,42
T053516,7119,1994,20%,42
T053520,7119,4033,20%,42
T053524,7119,6638,20%,42
T053526,7119,4,20%,42
T053527,7119,2591,20%,42
T053528,7119,10535,20%,42
T053529,7119,9719,20%,42
T053530,7119,4210,20%,42
T053534,7119,4248,20%,42
T053535,7119,1330,20%,42
T053536,7119,5172,20%,42
T053551,8266,1247,20%,42
T053570,8266,430,20%,42
T053573,8266,649,20%,42
T053574,8266,1087,20%,42
T053575,8266,530,20%,42
T053577,8266,1042,20%,42
T053579,8266,5786,20%,42
T053580,8266,977,20%,42
T053588,8266,6441,20%,42
T053598,8266,747,20%,42
T053599,8266,2243,20%,42
T053603,8531,1499,20%,42
T053610,8531,3004,20%,42
T053614,8531,228,20%,42
T053624,8531,1012,20%,42
T053630,8531,1588,20%,42
T053634,8531,7995,20%,42
T053635,8531,4044,20%,42
T053644,8531,539,20%,42
T053646,8531,1931,20%,42
T053651,8612,9545,20%,42
T053654,8612,2075,20%,42
T053664,8612,598,20%,42
T053670,8612,5385,20%,42
T053671,8612,3296,20%,42
T053674,8612,8476,20%,42
T053682,8612,1764,20%,42
T053689,8612,6599,20%,42
T053691,8612,5494,20%,42
T053698,8612,3879,20%,42
T053701,8617,1984,20%,42
T053704,8617,263,20%,42
T053705,8617,10028,20%,42
T053711,8617,2131,20%,42
T053715,8617,6213,20%,42
T053718,8617,9726,20%,42
T053720,8617,858,20%,42
T053721,8617,2435,20%,42
T053724,8617,9272,20%,42
T053726,8617,1439,20%,42
T053741,8617,9570,20%,42
T053746,8617,2004,20%,42
T053752,8642,8373,20%,42
T053763,8642,659,20%,42
T053773,8642,1664,20%,42
T053779,8642,8146,20%,42
T053791,8642,10028,20%,42
T053812,8705,6092,20%,42
T053813,8705,917,20%,42
T053823,8705,5582,20%,42
T053827,8705,27,20%,42
T053831,8705,3786,20%,42
T053835,8705,9175,20%,42
T053840,8705,5345,20%,42
T053844,8705,279,20%,42
T053847,8705,5563,20%,42
T053851,9542,10189,20%,42
T053854,9542,5748,20%,42
T053861,9542,220,20%,42
T053864,9542,23,20%,42
T053869,9542,6838,20%,42
T053870,9542,4503,20%,42
T053875,9542,7372,20%,42
T053879,9542,1209,20%,42
T053881,9542,2734,20%,42
T053883,9542,8234,20%,42
T053891,9542,1866,20%,42
T053899,9542,2787,20%,42
T053901,9617,3259,20%,42
T053905,9617,3052,20%,42
T053908,9617,1412,20%,42
T053909,9617,955,20%,42
T053912,9617,2738,20%,42
T053914,9617,7937,20%,42
T053919,9617,227,20%,42
T053927,9617,8022,20%,42
T053928,9617,1336,20%,42
T053940,9617,567,20%,42
T053947,9617,2154,20%,42
T053950,9808,81,20%,42
T053954,9808,616,20%,42
T053955,9808,3343,20%,42
T053957,9808,6602,20%,42
T053966,9808,2656,20%,42
T053969,9808,1080,20%,42
T053970,9808,3256,20%,42
T053973,9808,4920,20%,42
T053983,9808,1228,20%,42
T053984,9808,5191,20%,42
T053995,9808,9369,20%,42
T053998,9808,7076,20%,42
T054013,158,4226,20%,42
T054017,158,330,20%,42
T054041,158,8705,20%,42
T054044,158,84,20%,42
T054045,158,1183,20%,42
T054057,1106,8116,20%,42
T054059,1106,6565,20%,42
T054068,1106,198,20%,42
T054069,1106,199,20%,42
T054072,1106,4306,20%,42
T054080,1106,315,20%,42
T054082,1106,615,20%,42
T054090,1106,589,20%,42
T054094,1106,195,20%,42
T054108,1228,311,20%,42
T054114,1228,8380,20%,42
T054119,1228,1245,20%,42
T054126,1228,7706,20%,42
T054127,1228,5990,20%,42
T054137,1228,1815,20%,42
T054147,1228,5540,20%,42
T054148,1228,229,20%,42
T054158,1330,5834,20%,42
T054164,1330,6263,20%,42
T054169,1330,8613,20%,42
T054171,1330,2629,20%,42
T054172,1330,10145,20%,42
T054176,1330,6821,20%,42
T054178,1330,7606,20%,42
T054180,1330,6485,20%,42
T054183,1330,1175,20%,42
T054189,1330,467,20%,42
T054195,1330,2674,20%,42
T054197,1330,9377,20%,42
T054199,1330,749,20%,42
T054203,1658,4294,20%,42
T054204,1658,5004,20%,42
T054206,1658,5968,20%,42
T054216,1658,841,20%,42
T054217,1658,2786,20%,42
T054219,1658,109,20%,42
T054220,1658,3088,20%,42
T054223,1658,996,20%,42
T054224,1658,4183,20%,42
T054225,1658,10080,20%,42
T054227,1658,5120,20%,42
T054231,1658,3165,20%,42
T054234,1658,1764,20%,42
T054237,1658,10359,20%,42
T054238,1658,10342,20%,42
T054246,1658,9181,20%,42
T054248,1658,9325,20%,42
T054257,1829,4187,20%,42
T054260,1829,8739,20%,42
T054270,1829,4161,20%,42
T054271,1829,924,20%,42
T054272,1829,5592,20%,42
T054273,1829,1422,20%,42
T054274,1829,1008,20%,42
T054286,1829,159,20%,42
T054290,1829,5656,20%,42
T054291,1829,8767,20%,42
T054292,1829,10343,20%,42
T054294,1829,7242,20%,42
T054296,1829,3863,20%,42
T054311,2040,8654,20%,42
T054319,2040,7593,20%,42
T054321,2040,7042,20%,42
T054322,2040,5843,20%,42
T054323,2040,4072,20%,42
T054330,2040,6263,20%,42
T054331,2040,8380,20%,42
T054337,2040,51,20%,42
T054338,2040,2188,20%,42
T054343,2040,6970,20%,42
T054344,2040,1501,20%,42
T054346,2040,3764,20%,42
T054347,2040,6405,20%,42
T054357,2293,4072,20%,42
T054364,2293,3586,20%,42
T054367,2293,10195,20%,42
T054371,2293,280,20%,42
T054386,2293,565,20%,42
T054387,2293,2013,20%,42
T054393,2293,1313,20%,42
T054394,2293,3583,20%,42
T054398,2293,4151,20%,42
T054400,2314,100,20%,42
T054402,2314,1362,20%,42
T054403,2314,3674,20%,42
T054405,2314,3090,20%,42
T054407,2314,8691,20%,42
T054411,2314,5225,20%,42
T054416,2314,5416,20%,42
T054417,2314,3719,20%,42
T054418,2314,2264,20%,42
T054428,2314,1194,20%,42
T054436,2314,3966,20%,42
T054449,2314,7645,20%,42
T054450,2337,615,20%,42
T054463,2337,4704,20%,42
T054465,2337,5812,20%,42
T054473,2337,2385,20%,42
T054475,2337,980,20%,42
T054480,2337,2770,20%,42
T054484,2337,2420,20%,42
T054496,2337,3971,20%,42
T054502,2472,2034,20%,42
T054506,2472,6663,20%,42
T054508,2472,3118,20%,42
T054511,2472,6265,20%,42
T054520,2472,3597,20%,42
T054521,2472,8381,20%,42
T054529,2472,774,20%,42
T054530,2472,1212,20%,42
T054540,2472,33,20%,42
T054545,2472,4445,20%,42
T054560,3169,319,20%,42
T054568,3169,2012,20%,42
T054571,3169,818,20%,42
T054577,3169,862,20%,42
T054581,3169,936,20%,42
T054583,3169,117,20%,42
T054588,3169,6063,20%,42
T054591,3169,8088,20%,42
T054594,3169,7786,20%,42
T054595,3169,1994,20%,42
T054598,3169,2591,20%,42
T054606,3467,393,20%,42
T054614,3467,589,20%,42
T054615,3467,1062,20%,42
T054616,3467,9345,20%,42
T054621,3467,1226,20%,42
T054639,3467,2734,20%,42
T054641,3467,2770,20%,42
T054643,3467,2729,20%,42
T054648,3467,5298,20%,42
T054651,3833,2710,20%,42
T054663,3833,2814,20%,42
T054664,3833,412,20%,42
T054665,3833,6796,20%,42
T054671,3833,6134,20%,42
T054674,3833,1780,20%,42
T054675,3833,1439,20%,42
T054677,3833,7402,20%,42
T054680,3833,8071,20%,42
T054683,3833,30,20%,42
T054691,3833,147,20%,42
T054693,3833,1664,20%,42
T054695,3833,4497,20%,42
T054697,3833,611,20%,42
T054699,3833,6552,20%,42
T054702,4263,4603,20%,42
T054707,4263,683,20%,42
T054720,4263,233,20%,42
T054721,4263,3330,20%,42
T054727,4263,1330,20%,42
T054728,4263,3496,20%,42
T054737,4263,4238,20%,42
T054743,4263,4847,20%,42
T054751,4838,7165,20%,42
T054752,4838,2439,20%,42
T054762,4838,2645,20%,42
T054769,4838,4818,20%,42
T054771,4838,7392,20%,42
T054772,4838,1499,20%,42
T054779,4838,5444,20%,42
T054782,4838,5177,20%,42
T054793,4838,206,20%,42
T054800,5364,6301,20%,42
T054804,5364,3214,20%,42
T054807,5364,2083,20%,42
T054815,5364,6134,20%,42
T054821,5364,1668,20%,42
T054829,5364,3256,20%,42
T054831,5364,8496,20%,42
T054840,5364,9808,20%,42
T054846,5364,244,20%,42
T054848,5364,7440,20%,42
T054855,6409,6299,20%,42
T054859,6409,1798,20%,42
T054863,6409,9064,20%,42
T054867,6409,7372,20%,42
T054868,6409,3928,20%,42
T054872,6409,1704,20%,42
T054879,6409,9790,20%,42
T054885,6409,1174,20%,42
T054894,6409,862,20%,42
T054896,6409,206,20%,42
T054904,6621,8969,20%,42
T054920,6621,1196,20%,42
T054923,6621,6014,20%,42
T054925,6621,2385,20%,42
T054927,6621,2319,20%,42
T054935,6621,305,20%,42
T054939,6621,3597,20%,42
T054940,6621,10261,20%,42
T054943,6621,5970,20%,42
T054946,6621,5091,20%,42
T054947,6621,4862,20%,42
T054951,7116,9797,20%,42
T054955,7116,7226,20%,42
T054960,7116,9708,20%,42
T054963,7116,8146,20%,42
T054965,7116,6097,20%,42
T054976,7116,1466,20%,42
T054978,7116,1292,20%,42
T054987,7116,8861,20%,42
T054990,7116,2749,20%,42
T055002,7199,1310,20%,42
T055004,7199,305,20%,42
T055005,7199,4487,20%,42
T055011,7199,117,20%,42
T055016,7199,9486,20%,42
T055021,7199,3400,20%,42
T055022,7199,6088,20%,42
T055026,7199,279,20%,42
T055028,7199,7942,20%,42
T055036,7199,5991,20%,42
T055039,7199,8781,20%,42
T055043,7199,6864,20%,42
T055046,7199,191,20%,42
T055053,7372,6134,20%,42
T055059,7372,2875,20%,42
T055060,7372,295,20%,42
T055069,7372,973,20%,42
T055075,7372,5927,20%,42
T055079,7372,3833,20%,42
T055085,7372,4800,20%,42
T055087,7372,2751,20%,42
T055088,7372,6396,20%,42
T055089,7372,1129,20%,42
T055094,7372,207,20%,42
T055097,7372,7299,20%,42
T055100,7537,1122,20%,42
T055101,7537,787,20%,42
T055107,7537,4874,20%,42
T055120,7537,7316,20%,42
T055127,7537,3609,20%,42
T055128,7537,5368,20%,42
T055130,7537,923,20%,42
T055133,7537,7030,20%,42
T055135,7537,7984,20%,42
T055136,7537,51,20%,42
T055139,7537,4920,20%,42
T055143,7537,2882,20%,42
T055155,8571,6864,20%,42
T055162,8571,253,20%,42
T055165,8571,5315,20%,42
T055167,8571,4098,20%,42
T055175,8571,6909,20%,42
T055177,8571,3570,20%,42
T055190,8571,819,20%,42
T055196,8571,4563,20%,42
T055207,8751,6213,20%,42
T055209,8751,6393,20%,42
T055211,8751,2700,20%,42
T055220,8751,1150,20%,42
T055228,8751,261,20%,42
T055240,8751,3871,20%,42
T055246,8751,7811,20%,42
T055250,8882,2814,20%,42
T055253,8882,996,20%,42
T055258,8882,8207,20%,42
T055260,8882,476,20%,42
T055261,8882,6974,20%,42
T055263,8882,132,20%,42
T055264,8882,8071,20%,42
T055269,8882,9524,20%,42
T055274,8882,469,20%,42
T055281,8882,2118,20%,42
T055285,8882,3705,20%,42
T055294,8882,435,20%,42
T055298,8882,448,20%,42
T055300,8927,2332,20%,42
T055306,8927,738,20%,42
T055310,8927,3610,20%,42
T055313,8927,5589,20%,42
T055315,8927,9987,20%,42
T055317,8927,8295,20%,42
T055335,8927,2308,20%,42
T055337,8927,2804,20%,42
T055352,9650,4844,20%,42
T055355,9650,2227,20%,42
T055358,9650,6485,20%,42
T055359,9650,7460,20%,42
T055361,9650,869,20%,42
T055363,9650,6821,20%,42
T055368,9650,5824,20%,42
T055374,9650,2404,20%,42
T055379,9650,2393,20%,42
T055383,9650,1150,20%,42
T055388,9650,6682,20%,42
T055415,108,606,20%,42
T055417,108,1310,20%,42
T055419,108,3715,20%,42
T055424,108,943,20%,42
T055428,108,3159,20%,42
T055431,108,392,20%,42
T055461,207,4769,20%,42
T055464,207,1321,20%,42
T055466,207,4847,20%,42
T055478,207,351,20%,42
T055479,207,1133,20%,42
T055487,207,5190,20%,42
T055488,207,4431,20%,42
T055491,207,2189,20%,42
T055495,207,221,20%,42
T055496,207,7542,20%,42
T055498,207,1084,20%,42
T055505,211,3306,20%,42
T055508,211,671,20%,42
T055514,211,3114,20%,42
T055516,211,5028,20%,42
T055518,211,145,20%,42
T055528,211,3230,20%,42
T055533,211,2331,20%,42
T055537,211,589,20%,42
T055539,211,6271,20%,42
T055541,211,5671,20%,42
T055562,606,3774,20%,42
T055564,606,6014,20%,42
T055566,606,10148,20%,42
T055567,606,9940,20%,42
T055568,606,1017,20%,42
T055597,606,880,20%,42
T055600,672,4098,20%,42
T055602,672,3117,20%,42
T055619,672,4169,20%,42
T055630,672,8642,20%,42
T055640,672,1196,20%,42
T055643,672,2059,20%,42
T055646,672,987,20%,42
T055648,672,2527,20%,42
T055666,696,85,20%,42
T055667,696,3645,20%,42
T055668,696,847,20%,42
T055669,696,9544,20%,42
T055672,696,3470,20%,42
T055677,696,177,20%,42
T055682,696,10206,20%,42
T055686,696,8050,20%,42
T055687,696,3822,20%,42
T055692,696,1244,20%,42
T055693,696,6306,20%,42
T055697,696,529,20%,42
T055706,1541,663,20%,42
T055709,1541,67,20%,42
T055725,1541,2362,20%,42
T055742,1541,3787,20%,42
T055750,1802,3886,20%,42
T055754,1802,4144,20%,42
T055755,1802,4033,20%,42
T055760,1802,10120,20%,42
T055777,1802,54,20%,42
T055785,1802,6756,20%,42
T055786,1802,8975,20%,42
T055793,1802,9236,20%,42
T055797,1802,1088,20%,42
T055816,2572,1306,20%,42
T055817,2572,9701,20%,42
T055818,2572,4968,20%,42
T055820,2572,2661,20%,42
T055831,2572,7803,20%,42
T055841,2572,1541,20%,42
T055845,2572,10281,20%,42
T055846,2572,4306,20%,42
T055860,2804,6441,20%,42
T055863,2804,4265,20%,42
T055866,2804,4761,20%,42
T055867,2804,3809,20%,42
T055869,2804,7226,20%,42
T055873,2804,74,20%,42
T055879,2804,6689,20%,42
T055880,2804,3822,20%,42
T055885,2804,10065,20%,42
T055887,2804,1264,20%,42
T055890,2804,1811,20%,42
T055896,2804,7155,20%,42
T055899,2804,6904,20%,42
T055901,2815,7099,20%,42
T055905,2815,4303,20%,42
T055909,2815,10067,20%,42
T055910,2815,3306,20%,42
T055932,2815,1504,20%,42
T055952,2984,7144,20%,42
T055953,2984,1673,20%,42
T055954,2984,1888,20%,42
T055964,2984,2412,20%,42
T055974,2984,614,20%,42
T055975,2984,9258,20%,42
T055978,2984,940,20%,42
T055980,2984,4221,20%,42
T055989,2984,2418,20%,42
T055993,2984,7088,20%,42
T055995,2984,8943,20%,42
T056007,3065,4981,20%,42
T056042,3065,9254,20%,42
T056043,3065,6621,20%,42
T056045,3065,4031,20%,42
T056056,3117,1918,20%,42
T056064,3117,5063,20%,42
T056066,3117,530,20%,42
T056070,3117,6682,20%,42
T056071,3117,3006,20%,42
T056076,3117,1202,20%,42
T056079,3117,5148,20%,42
T056080,3117,484,20%,42
T056081,3117,291,20%,42
T056082,3117,226,20%,42
T056086,3117,7187,20%,42
T056091,3117,9507,20%,42
T056099,3117,3143,20%,42
T056104,3496,8763,20%,42
T056113,3496,718,20%,42
T056114,3496,1062,20%,42
T056119,3496,6045,20%,42
T056125,3496,9853,20%,42
T056135,3496,2243,20%,42
T056138,3496,4497,20%,42
T056143,3496,95,20%,42
T056149,3496,4221,20%,42
T056150,4204,392,20%,42
T056157,4204,3143,20%,42
T056163,4204,480,20%,42
T056166,4204,5091,20%,42
T056169,4204,2455,20%,42
T056182,4204,7870,20%,42
T056184,4204,2000,20%,42
T056193,4204,3524,20%,42
T056194,4204,7714,20%,42
T056196,4204,2085,20%,42
T056197,4204,4040,20%,42
T056207,4576,8234,20%,42
T056213,4576,1985,20%,42
T056221,4576,2274,20%,42
T056223,4576,3936,20%,42
T056231,4576,8922,20%,42
T056243,4576,134,20%,42
T056251,5381,1117,20%,42
T056253,5381,444,20%,42
T056255,5381,238,20%,42
T056263,5381,169,20%,42
T056267,5381,5016,20%,42
T056278,5381,683,20%,42
T056296,5381,3224,20%,42
T056309,6263,1099,20%,42
T056314,6263,4038,20%,42
T056322,6263,1094,20%,42
T056332,6263,392,20%,42
T056334,6263,1152,20%,42
T056338,6263,6373,20%,42
T056341,6263,4831,20%,42
T056346,6263,1342,20%,42
T056368,6688,4416,20%,42
T056374,6688,6889,20%,42
T056378,6688,3265,20%,42
T056383,6688,6425,20%,42
T056390,6688,1049,20%,42
T056391,6688,8236,20%,42
T056398,6688,76,20%,42
T056403,7103,3516,20%,42
T056404,7103,117,20%,42
T056410,7103,3046,20%,42
T056414,7103,6170,20%,42
T056416,7103,1136,20%,42
T056423,7103,6960,20%,42
T056426,7103,6962,20%,42
T056429,7103,3010,20%,42
T056433,7103,311,20%,42
T056439,7103,1685,20%,42
T056444,7103,4121,20%,42
T056449,7103,2618,20%,42
T056451,7429,3118,20%,42
T056452,7429,819,20%,42
T056454,7429,3570,20%,42
T056456,7429,4409,20%,42
T056468,7429,4031,20%,42
T056478,7429,2749,20%,42
T056482,7429,34,20%,42
T056484,7429,2749,20%,42
T056485,7429,5833,20%,42
T056492,7429,10233,20%,42
T056500,7887,58,20%,42
T056502,7887,5273,20%,42
T056505,7887,6601,20%,42
T056516,7887,683,20%,42
T056517,7887,38,20%,42
T056522,7887,3024,20%,42
T056524,7887,4808,20%,42
T056525,7887,4510,20%,42
T056530,7887,1645,20%,42
T056533,7887,3208,20%,42
T056545,7887,1207,20%,42
T056558,8304,4051,20%,42
T056561,8304,65,20%,42
T056564,8304,1398,20%,42
T056572,8304,3879,20%,42
T056574,8304,4303,20%,42
T056575,8304,6520,20%,42
T056579,8304,6796,20%,42
T056581,8304,32,20%,42
T056586,8304,6406,20%,42
T056597,8304,2393,20%,42
T056598,8304,3103,20%,42
T056603,8982,6519,20%,42
T056622,8982,2629,20%,42
T056633,8982,6409,20%,42
T056634,8982,8050,20%,42
T056636,8982,3676,20%,42
T056646,8982,8469,20%,42
T056649,8982,4981,20%,42
T056652,9119,9969,20%,42
T056656,9119,81,20%,42
T056660,9119,518,20%,42
T056661,9119,1130,20%,42
T056663,9119,6723,20%,42
T056668,9119,3708,20%,42
T056670,9119,6361,20%,42
T056679,9119,6128,20%,42
T056698,9119,6425,20%,42
T056707,9738,10342,20%,42
T056708,9738,967,20%,42
T056710,9738,10065,20%,42
T056711,9738,4210,20%,42
T056712,9738,7086,20%,42
T056717,9738,4152,20%,42
T056722,9738,5470,20%,42
T056723,9738,1685,20%,42
T056730,9738,2725,20%,42
T056731,9738,2733,20%,42
T056743,9738,2446,20%,42
T056749,9738,5582,20%,42
T056752,208,921,20%,42
T056758,208,2581,20%,42
T056760,208,8767,20%,42
T056766,208,2584,20%,42
T056774,208,7913,20%,42
T056779,208,7449,20%,42
T056787,208,4499,20%,42
T056788,208,3938,20%,42
T056792,208,4724,20%,42
T056793,208,6745,20%,42
T056799,208,186,20%,42
T056811,264,6090,20%,42
T056819,264,7090,20%,42
T056820,264,5503,20%,42
T056821,264,9731,20%,42
T056822,264,9969,20%,42
T056825,264,3052,20%,42
T056835,264,1020,20%,42
T056837,264,4576,20%,42
T056839,264,3348,20%,42
T056841,264,596,20%,42
T056850,306,1019,20%,42
T056860,306,4046,20%,42
T056864,306,4306,20%,42
T056872,306,4982,20%,42
T056887,306,4054,20%,42
T056896,306,7300,20%,42
T056897,306,1265,20%,42
T056900,377,8882,20%,42
T056902,377,819,20%,42
T056917,377,10350,20%,42
T056923,377,4444,20%,42
T056924,377,3024,20%,42
T056930,377,7610,20%,42
T056934,377,8565,20%,42
T056937,377,638,20%,42
T056940,377,3645,20%,42
T056945,377,95,20%,42
T056949,377,8313,20%,42
T056950,464,308,20%,42
T056953,464,1754,20%,42
T056955,464,664,20%,42
T056959,464,519,20%,42
T056963,464,2554,20%,42
T056966,464,10189,20%,42
T056968,464,3718,20%,42
T056971,464,2166,20%,42
T056974,464,2637,20%,42
T056989,464,308,20%,42
T057005,900,9708,20%,42
T057012,900,7684,20%,42
T057014,900,7984,20%,42
T057020,900,596,20%,42
T057022,900,1265,20%,42
T057026,900,5009,20%,42
T057035,900,10350,20%,42
T057043,900,185,20%,42
T057044,900,8982,20%,42
T057045,900,194,20%,42
T057046,900,6237,20%,42
T057048,900,5190,20%,42
T057049,900,637,20%,42
T057050,988,1102,20%,42
T057051,988,87,20%,42
T057057,988,9486,20%,42
T057059,988,4190,20%,42
T057061,988,2818,20%,42
T057065,988,170,20%,42
T057073,988,4248,20%,42
T057074,988,8739,20%,42
T057082,988,6370,20%,42
T057084,988,3484,20%,42
T057087,988,6732,20%,42
T057088,988,8615,20%,42
T057096,988,528,20%,42
T057101,1049,5851,20%,42
T057105,1049,3950,20%,42
T057109,1049,1321,20%,42
T057118,1049,1655,20%,42
T057122,1049,7268,20%,42
T057123,1049,173,20%,42
T057128,1049,1786,20%,42
T057130,1049,8763,20%,42
T057131,1049,3056,20%,42
T057136,1049,3503,20%,42
T057138,1049,6951,20%,42
T057144,1049,1935,20%,42
T057145,1049,5967,20%,42
T057182,1372,2544,20%,42
T057184,1372,9199,20%,42
T057187,1372,240,20%,42
T057188,1372,1330,20%,42
T057192,1372,1124,20%,42
T057195,1372,9507,20%,42
T057200,1992,5225,20%,42
T057201,1992,2439,20%,42
T057203,1992,244,20%,42
T057219,1992,1535,20%,42
T057228,1992,7030,20%,42
T057230,1992,8207,20%,42
T057231,1992,1174,20%,42
T057236,1992,10350,20%,42
T057237,1992,1126,20%,42
T057244,1992,532,20%,42
T057252,3265,2687,20%,42
T057255,3265,9236,20%,42
T057280,3265,2108,20%,42
T057287,3265,2842,20%,42
T057305,3330,2941,20%,42
T057311,3330,967,20%,42
T057316,3330,5245,20%,42
T057317,3330,599,20%,42
T057324,3330,9771,20%,42
T057326,3330,5970,20%,42
T057333,3330,8,20%,42
T057334,3330,387,20%,42
T057337,3330,4730,20%,42
T057350,3610,7913,20%,42
T057354,3610,2188,20%,42
T057355,3610,1412,20%,42
T057365,3610,4294,20%,42
T057368,3610,9833,20%,42
T057372,3610,1388,20%,42
T057395,3610,7079,20%,42
T057396,3610,4238,20%,42
T057403,4098,7818,20%,42
T057410,4098,3467,20%,42
T057412,4098,1848,20%,42
T057415,4098,1039,20%,42
T057422,4098,6851,20%,42
T057440,4098,7449,20%,42
T057441,4098,264,20%,42
T057444,4098,6244,20%,42
T057452,6324,168,20%,42
T057459,6324,3231,20%,42
T057471,6324,9533,20%,42
T057490,6324,10080,20%,42
T057494,6324,974,20%,42
T057499,6324,799,20%,42
T057503,6406,8075,20%,42
T057505,6406,3434,20%,42
T057507,6406,291,20%,42
T057510,6406,6891,20%,42
T057525,6406,2420,20%,42
T057526,6406,6237,20%,42
T057527,6406,7242,20%,42
T057529,6406,5944,20%,42
T057530,6406,4409,20%,42
T057536,6406,6437,20%,42
T057542,6406,4046,20%,42
T057546,6406,1047,20%,42
T057547,6406,9724,20%,42
T057558,8381,33,20%,42
T057561,8381,7918,20%,42
T057564,8381,7069,20%,42
T057576,8381,5086,20%,42
T057587,8381,249,20%,42
T057588,8381,2012,20%,42
T057596,8381,8392,20%,42
T057599,8381,9542,20%,42
T057600,9292,4576,20%,42
T057601,9292,5360,20%,42
T057604,9292,1002,20%,42
T057608,9292,6499,20%,42
T057613,9292,6323,20%,42
T057631,9292,1014,20%,42
T057632,9292,5107,20%,42
T057636,9292,1822,20%,42
T057637,9292,4790,20%,42
T057642,9292,196,20%,42
T057654,9987,38,20%,42
T057657,9987,158,20%,42
T057662,9987,1422,20%,42
T057666,9987,4981,20%,42
T057675,9987,340,20%,42
T057688,9987,9401,20%,42
T057690,9987,1953,20%,42
T057694,9987,616,20%,42
T057695,9987,1136,20%,42
T057698,9987,6349,20%,42
T057702,10206,5408,20%,42
T057706,10206,1801,20%,42
T057708,10206,763,20%,42
T057720,10206,1216,20%,42
T057726,10206,6750,20%,42
T057727,10206,674,20%,42
T057728,10206,10261,20%,42
T057729,10206,6301,20%,42
T057734,10206,3922,20%,42
T057739,10206,5587,20%,42
T057744,10206,6565,20%,42
T057762,65,872,20%,42
T057775,65,2204,20%,42
T057779,65,2331,20%,42
T057781,65,5067,20%,42
T057800,90,68,20%,42
T057801,90,5973,20%,42
T057803,90,3982,20%,42
T057811,90,175,20%,42
T057815,90,8687,20%,42
T057817,90,5525,20%,42
T057826,90,4682,20%,42
T057831,90,1388,20%,42
T057835,90,13,20%,42
T057837,90,7176,20%,42
T057840,90,8969,20%,42
T057842,90,8416,20%,42
T057844,90,8416,20%,42
T057848,90,718,20%,42
T057855,267,1468,20%,42
T057862,267,412,20%,42
T057870,267,4139,20%,42
T057872,267,2520,20%,42
T057873,267,1241,20%,42
T057879,267,6439,20%,42
T057884,267,157,20%,42
T057885,267,137,20%,42
T057886,267,6373,20%,42
T057892,267,4007,20%,42
T057902,370,1132,20%,42
T057904,370,8114,20%,42
T057914,370,9638,20%,42
T057918,370,1179,20%,42
T057919,370,615,20%,42
T057927,370,435,20%,42
T057931,370,1106,20%,42
T057939,370,4693,20%,42
T057943,370,2362,20%,42
T057946,370,8505,20%,42
T057952,371,462,20%,42
T057954,371,8982,20%,42
T057959,371,2916,20%,42
T057960,371,3618,20%,42
T057961,371,2329,20%,42
T057979,371,6723,20%,42
T058007,567,7801,20%,42
T058017,567,9771,20%,42
T058023,567,1248,20%,42
T058044,567,4844,20%,42
T058050,1679,4771,20%,42
T058052,1679,7906,20%,42
T058056,1679,4161,20%,42
T058058,1679,2897,20%,42
T058067,1679,2167,20%,42
T058083,1679,8388,20%,42
T058087,1679,10261,20%,42
T058106,2083,544,20%,42
T058113,2083,3143,20%,42
T058118,2083,295,20%,42
T058125,2083,8113,20%,42
T058133,2083,4373,20%,42
T058134,2083,9708,20%,42
T058135,2083,4597,20%,42
T058137,2083,881,20%,42
T058139,2083,3165,20%,42
T058145,2083,152,20%,42
T058146,2083,693,20%,42
T058147,2083,614,20%,42
T058149,2083,35,20%,42
T058160,2196,67,20%,42
T058164,2196,3439,20%,42
T058175,2196,1533,20%,42
T058184,2196,473,20%,42
T058194,2196,4502,20%,42
T058197,2196,8883,20%,42
T058201,2613,5447,20%,42
T058209,2613,6754,20%,42
T058213,2613,5409,20%,42
T058214,2613,2192,20%,42
T058226,2613,3956,20%,42
T058230,2613,8943,20%,42
T058238,2613,3230,20%,42
T058248,2613,6365,20%,42
T058251,2626,79,20%,42
T058254,2626,359,20%,42
T058257,2626,4649,20%,42
T058268,2626,6669,20%,42
T058275,2626,4011,20%,42
T058286,2626,6897,20%,42
T058293,2626,167,20%,42
T058295,2626,1370,20%,42
T058316,2794,3069,20%,42
T058326,2794,9771,20%,42
T058327,2794,4604,20%,42
T058334,2794,7740,20%,42
T058336,2794,7392,20%,42
T058343,2794,1434,20%,42
T058352,2906,5107,20%,42
T058356,2906,9020,20%,42
T058363,2906,4144,20%,42
T058366,2906,2194,20%,42
T058376,2906,3326,20%,42
T058378,2906,8111,20%,42
T058381,2906,19,20%,42
T058385,2906,9216,20%,42
T058386,2906,9797,20%,42
T058388,2906,2204,20%,42
T058406,3103,4704,20%,42
T058425,3103,9952,20%,42
T058432,3103,73,20%,42
T058434,3103,2264,20%,42
T058435,3103,863,20%,42
T058436,3103,2842,20%,42
T058438,3103,1657,20%,42
T058442,3103,7440,20%,42
T058444,3103,3434,20%,42
T058457,4162,2522,20%,42
T058458,4162,175,20%,42
T058460,4162,1786,20%,42
T058462,4162,1014,20%,42
T058470,4162,3586,20%,42
T058480,4162,2787,20%,42
T058481,4162,9193,20%,42
T058485,4162,6027,20%,42
T058487,4162,1242,20%,42
T058495,4162,1174,20%,42
T058507,4190,8063,20%,42
T058508,4190,3516,20%,42
T058510,4190,9235,20%,42
T058543,4190,5298,20%,42
T058552,4420,5592,20%,42
T058558,4420,6090,20%,42
T058568,4420,9519,20%,42
T058570,4420,7801,20%,42
T058577,4420,9216,20%,42
T058583,4420,774,20%,42
T058590,4420,4874,20%,42
T058594,4420,6777,20%,42
T058608,4432,1098,20%,42
T058611,4432,214,20%,42
T058612,4432,444,20%,42
T058620,4432,1466,20%,42
T058625,4432,449,20%,42
T058626,4432,2337,20%,42
T058646,4432,592,20%,42
T058647,4432,172,20%,42
T058660,4693,4401,20%,42
T058661,4693,2674,20%,42
T058663,4693,6806,20%,42
T058666,4693,871,20%,42
T058667,4693,5511,20%,42
T058675,4693,100,20%,42
T058678,4693,5271,20%,42
T058679,4693,2485,20%,42
T058684,4693,2572,20%,42
T058686,4693,3068,20%,42
T058688,4693,1019,20%,42
T058691,4693,290,20%,42
T058692,4693,6014,20%,42
T058715,4732,4325,20%,42
T058716,4732,5393,20%,42
T058726,4732,5547,20%,42
T058736,4732,6459,20%,42
T058742,4732,632,20%,42
T058747,4732,4790,20%,42
T058751,4831,453,20%,42
T058753,4831,6394,20%,42
T058754,4831,6669,20%,42
T058764,4831,6115,20%,42
T058771,4831,85,20%,42
T058772,4831,6688,20%,42
T058775,4831,1080,20%,42
T058781,4831,2471,20%,42
T058791,4831,4,20%,42
T058793,4831,4145,20%,42
T058802,4939,6232,20%,42
T058803,4939,138,20%,42
T058804,4939,342,20%,42
T058807,4939,8541,20%,42
T058812,4939,6303,20%,42
T058815,4939,2072,20%,42
T058816,4939,6483,20%,42
T058823,4939,257,20%,42
T058827,4939,1938,20%,42
T058832,4939,6374,20%,42
T058835,4939,5392,20%,42
T058851,5026,8975,20%,42
T058860,5026,2499,20%,42
T058872,5026,7792,20%,42
T058878,5026,7103,20%,42
T058884,5026,469,20%,42
T058893,5026,591,20%,42
T058901,5132,4187,20%,42
T058908,5132,338,20%,42
T058910,5132,3154,20%,42
T058911,5132,1188,20%,42
T058916,5132,8882,20%,42
T058917,5132,8186,20%,42
T058920,5132,664,20%,42
T058922,5132,9738,20%,42
T058924,5132,1994,20%,42
T058926,5132,539,20%,42
T058934,5132,6838,20%,42
T058935,5132,2192,20%,42
T058940,5132,10206,20%,42
T058946,5132,1036,20%,42
T058948,5132,9852,20%,42
T058960,6394,5811,20%,42
T058967,6394,2987,20%,42
T058968,6394,10145,20%,42
T058970,6394,3593,20%,42
T058974,6394,2618,20%,42
T058976,6394,5468,20%,42
T058987,6394,7381,20%,42
T058996,6394,5067,20%,42
T058997,6394,3719,20%,42
T059004,7665,74,20%,42
T059006,7665,6213,20%,42
T059008,7665,5260,20%,42
T059040,7665,2337,20%,42
T059051,7811,462,20%,42
T059055,7811,3774,20%,42
T059056,7811,2271,20%,42
T059058,7811,3676,20%,42
T059064,7811,9733,20%,42
T059067,7811,2244,20%,42
T059073,7811,614,20%,42
T059076,7811,3007,20%,42
T059082,7811,5094,20%,42
T059087,7811,4432,20%,42
T059089,7811,5970,20%,42
T059091,7811,1053,20%,42
T059094,7811,5392,20%,42
T059096,7811,275,20%,42
T059097,7811,8783,20%,42
T059110,7845,3678,20%,42
T059111,7845,2136,20%,42
T059116,7845,46,20%,42
T059120,7845,4248,20%,42
T059126,7845,3938,20%,42
T059148,7845,6726,20%,42
T059151,8732,4585,20%,42
T059152,8732,87,20%,42
T059157,8732,9175,20%,42
T059167,8732,2444,20%,42
T059170,8732,1189,20%,42
T059171,8732,2804,20%,42
T059172,8732,2131,20%,42
T059174,8732,5326,20%,42
T059175,8732,1012,20%,42
T059176,8732,5851,20%,42
T059178,8732,974,20%,42
T059182,8732,194,20%,42
T059192,8732,536,20%,42
T059196,8732,2584,20%,42
T059203,9724,1668,20%,42
T059206,9724,4895,20%,42
T059213,9724,21,20%,42
T059216,9724,5409,20%,42
T059221,9724,6439,20%,42
T059230,9724,8814,20%,42
T059233,9724,2108,20%,42
T059235,9724,3697,20%,42
T059241,9724,8612,20%,42
T059244,9724,923,20%,42
T059246,9724,6365,20%,42
T059248,9724,120,20%,42
T059249,9724,7119,20%,42
T059250,9906,2740,20%,42
T059252,9906,7049,20%,42
T059254,9906,1994,20%,42
T059255,9906,6023,20%,42
T059261,9906,2434,20%,42
T059262,9906,8388,20%,42
T059266,9906,1014,20%,42
T059268,9906,4728,20%,42
T059273,9906,2012,20%,42
T059274,9906,8866,20%,42
T059282,9906,5292,20%,42
T059290,9906,5132,20%,42
T059291,9906,5366,20%,42
T059295,9906,9311,20%,42
T059298,9906,426,20%,42
T059303,10120,5744,20%,42
T059327,10120,974,20%,42
T059343,10120,3725,20%,42
T059357,233,3464,20%,42
T059365,233,1330,20%,42
T059370,233,1494,20%,42
T059377,233,8389,20%,42
T059383,233,518,20%,42
T059388,233,867,20%,42
T059391,233,1539,20%,42
T059395,233,8089,20%,42
T059397,233,5953,20%,42
T059405,275,3158,20%,42
T059415,275,2390,20%,42
T059420,275,7119,20%,42
T059424,275,2385,20%,42
T059427,275,7489,20%,42
T059434,275,125,20%,42
T059436,275,1669,20%,42
T059441,275,5368,20%,42
T059446,275,411,20%,42
T059458,683,5317,20%,42
T059461,683,6674,20%,42
T059462,683,9747,20%,42
T059464,683,1042,20%,42
T059468,683,370,20%,42
T059481,683,519,20%,42
T059484,683,5107,20%,42
T059485,683,1090,20%,42
T059487,683,1895,20%,42
T059490,683,1490,20%,42
T059497,683,1572,20%,42
T059501,1243,355,20%,42
T059503,1243,2165,20%,42
T059522,1243,1372,20%,42
T059524,1243,1200,20%,42
T059532,1243,2274,20%,42
T059533,1243,4227,20%,42
T059538,1243,1379,20%,42
T059539,1243,1631,20%,42
T059541,1243,477,20%,42
T059556,1306,1516,20%,42
T059568,1306,2602,20%,42
T059579,1306,10350,20%,42
T059580,1306,4444,20%,42
T059584,1306,4621,20%,42
T059592,1306,7870,20%,42
T059599,1306,1211,20%,42
T059616,1685,5470,20%,42
T059618,1685,214,20%,42
T059627,1685,5034,20%,42
T059630,1685,6332,20%,42
T059638,1685,5985,20%,42
T059639,1685,855,20%,42
T059643,1685,821,20%,42
T059648,1685,2600,20%,42
T059650,2949,1588,20%,42
T059654,2949,332,20%,42
T059657,2949,251,20%,42
T059659,2949,121,20%,42
T059665,2949,6983,20%,42
T059674,2949,5393,20%,42
T059675,2949,211,20%,42
T059683,2949,2084,20%,42
T059685,2949,5447,20%,42
T059686,2949,3024,20%,42
T059688,2949,2486,20%,42
T059689,2949,9084,20%,42
T059704,3343,5120,20%,42
T059706,3343,1240,20%,42
T059733,3343,6393,20%,42
T059734,3343,8047,20%,42
T059737,3343,1780,20%,42
T059743,3343,4591,20%,42
T059748,3343,2306,20%,42
T059749,3343,2982,20%,42
T059754,3746,476,20%,42
T059755,3746,2167,20%,42
T059761,3746,5630,20%,42
T059768,3746,5671,20%,42
T059769,3746,210,20%,42
T059776,3746,2882,20%,42
T059782,3746,8737,20%,42
T059783,3746,2412,20%,42
T059786,3746,3430,20%,42
T059799,3746,1090,20%,42
T059804,4585,7422,20%,42
T059806,4585,2926,20%,42
T059811,4585,186,20%,42
T059825,4585,6599,20%,42
T059828,4585,4879,20%,42
T059829,4585,6815,20%,42
T059830,4585,397,20%,42
T059844,4585,988,20%,42
T059845,4585,9106,20%,42
T059850,6361,4469,20%,42
T059853,6361,4111,20%,42
T059855,6361,3708,20%,42
T059858,6361,3410,20%,42
T059865,6361,4365,20%,42
T059868,6361,5328,20%,42
T059871,6361,7115,20%,42
T059872,6361,3259,20%,42
T059879,6361,8381,20%,42
T059882,6361,3208,20%,42
T059886,6361,1692,20%,42
T059888,6361,5953,20%,42
T059892,6361,8146,20%,42
T059895,6361,9708,20%,42
T059932,6407,231,20%,42
T059935,6407,2072,20%,42
T059938,6407,1007,20%,42
T059940,6407,4314,20%,42
T059956,6851,8067,20%,42
T059960,6851,226,20%,42
T059961,6851,6685,20%,42
T059964,6851,2446,20%,42
T059969,6851,7601,20%,42
T059975,6851,7144,20%,42
T059980,6851,5495,20%,42
T059984,6851,6675,20%,42
T059986,6851,3728,20%,42
T059987,6851,5963,20%,42
T059994,6851,659,20%,42
T059999,6851,7593,20%,42
T060000,6981,4162,20%,42
T060002,6981,470,20%,42
T060004,6981,1242,20%,42
T060008,6981,87,20%,42
T060015,6981,7333,20%,42
T060020,6981,3938,20%,42
T060035,6981,7449,20%,42
T060037,6981,10188,20%,42
T060044,6981,978,20%,42
T060050,7706,2218,20%,42
T060051,7706,5063,20%,42
T060056,7706,1265,20%,42
T060065,7706,9034,20%,42
T060067,7706,6811,20%,42
T060073,7706,3095,20%,42
T060076,7706,5549,20%,42
T060084,7706,1082,20%,42
T060088,7706,7792,20%,42
T060106,9084,470,20%,42
T060107,9084,4227,20%,42
T060118,9084,9726,20%,42
T060122,9084,1034,20%,42
T060123,9084,291,20%,42
T060130,9084,880,20%,42
T060132,9084,492,20%,42
T060134,9084,590,20%,42
T060138,9084,386,20%,42
T060141,9084,32,20%,42
T060164,9106,386,20%,42
T060166,9106,9512,20%,42
T060176,9106,5237,20%,42
T060183,9106,4728,20%,42
T060184,9106,841,20%,42
T060186,9106,88,20%,42
T060190,9106,5364,20%,42
T060192,9106,1918,20%,42
T060198,9106,1692,20%,42
T060205,9325,7120,20%,42
T060207,9325,5308,20%,42
T060215,9325,1655,20%,42
T060228,9325,7870,20%,42
T060233,9325,5991,20%,42
T060236,9325,3366,20%,42
T060240,9325,3774,20%,42
T060242,9325,4187,20%,42
T060253,9850,4355,20%,42
T060262,9850,4693,20%,42
T060264,9850,3639,20%,42
T060265,9850,3374,20%,42
T060268,9850,610,20%,42
T060270,9850,6458,20%,42
T060274,9850,1313,20%,42
T060281,9850,8266,20%,42
T060294,9850,718,20%,42
T060310,9952,3456,20%,42
T060313,9952,4100,20%,42
T060318,9952,5706,20%,42
T060320,9952,9542,20%,42
T060322,9952,4325,20%,42
T060334,9952,2078,20%,42
T060344,9952,629,20%,42
T060345,9952,3687,20%,42
T060347,9952,738,20%,42
T060352,10325,477,20%,42
T060356,10325,136,20%,42
T060362,10325,10314,20%,42
T060364,10325,8312,20%,42
T060377,10325,6949,20%,42
T060387,10325,2478,20%,42
T060390,10325,7316,20%,42
T060403,171,855,20%,42
T060418,171,3895,20%,42
T060425,171,3361,20%,42
T060426,171,610,20%,42
T060427,171,6170,20%,42
T060428,171,6796,20%,42
T060430,171,4450,20%,42
T060435,171,386,20%,42
T060441,171,7976,20%,42
T060448,171,4142,20%,42
T060453,332,2609,20%,42
T060460,332,9063,20%,42
T060473,332,148,20%,42
T060478,332,132,20%,42
T060483,332,8186,20%,42
T060486,332,2510,20%,42
T060499,332,7849,20%,42
T060506,577,35,20%,42
T060507,577,4248,20%,42
T060514,577,3624,20%,42
T060517,577,1466,20%,42
T060518,577,137,20%,42
T060521,577,1163,20%,42
T060522,577,360,20%,42
T060530,577,3421,20%,42
T060531,577,8019,20%,42
T060532,577,800,20%,42
T060544,577,177,20%,42
T060557,1494,5273,20%,42
T060573,1494,2314,20%,42
T060581,1494,684,20%,42
T060603,1552,7951,20%,42
T060605,1552,3052,20%,42
T060608,1552,5075,20%,42
T060612,1552,4285,20%,42
T060614,1552,585,20%,42
T060626,1552,1385,20%,42
T060631,1552,2166,20%,42
T060632,1552,34,20%,42
T060647,1552,6306,20%,42
T060657,1791,1811,20%,42
T060661,1791,7429,20%,42
T060664,1791,7269,20%,42
T060667,1791,9119,20%,42
T060675,1791,1966,20%,42
T060681,1791,1022,20%,42
T060696,1791,56,20%,42
T060703,3256,315,20%,42
T060709,3256,4700,20%,42
T060713,3256,10325,20%,42
T060715,3256,7187,20%,42
T060723,3256,1236,20%,42
T060726,3256,4072,20%,42
T060737,3256,3715,20%,42
T060743,3256,4285,20%,42
T060752,3554,409,20%,42
T060753,3554,243,20%,42
T060769,3554,615,20%,42
T060771,3554,237,20%,42
T060772,3554,2435,20%,42
T060774,3554,7440,20%,42
T060780,3554,372,20%,42
T060785,3554,9610,20%,42
T060786,3554,199,20%,42
T060792,3554,3938,20%,42
T060795,3554,332,20%,42
T060796,3554,9258,20%,42
T060797,3554,4866,20%,42
T060799,3554,1524,20%,42
T060801,4145,5086,20%,42
T060821,4145,3989,20%,42
T060824,4145,118,20%,42
T060825,4145,1094,20%,42
T060826,4145,9204,20%,42
T060827,4145,9771,20%,42
T060830,4145,1535,20%,42
T060837,4145,1657,20%,42
T060840,4145,221,20%,42
T060842,4145,5994,20%,42
T060847,4145,9836,20%,42
T060852,4329,5991,20%,42
T060854,4329,58,20%,42
T060865,4329,3554,20%,42
T060870,4329,3729,20%,42
T060874,4329,5529,20%,42
T060878,4329,3833,20%,42
T060880,4329,7090,20%,42
T060883,4329,3928,20%,42
T060884,4329,4238,20%,42
T060887,4329,760,20%,42
T060889,4329,5993,20%,42
T060892,4329,4445,20%,42
T060898,4329,6605,20%,42
T060905,4769,8295,20%,42
T060913,4769,952,20%,42
T060918,4769,764,20%,42
T060919,4769,1250,20%,42
T060924,4769,3,20%,42
T060925,4769,2756,20%,42
T060931,4769,1626,20%,42
T060937,4769,5953,20%,42
T060942,4769,411,20%,42
T060949,4769,8088,20%,42
T060951,5091,3630,20%,42
T060956,5091,7489,20%,42
T060959,5091,26,20%,42
T060963,5091,3434,20%,42
T060969,5091,509,20%,42
T060980,5091,9542,20%,42
T060981,5091,1516,20%,42
T060985,5091,6109,20%,42
T060989,5091,1811,20%,42
T060994,5091,166,20%,42
T061005,5298,5958,20%,42
T061007,5298,1104,20%,42
T061011,5298,10233,20%,42
T061019,5298,2715,20%,42
T061026,5298,3106,20%,42
T061034,5298,903,20%,42
T061035,5298,5926,20%,42
T061039,5298,165,20%,42
T061040,5298,443,20%,42
T061050,5317,5761,20%,42
T061055,5317,3928,20%,42
T061065,5317,319,20%,42
T061067,5317,6993,20%,42
T061074,5317,354,20%,42
T061092,5317,5084,20%,42
T061097,5317,3088,20%,42
T061104,5531,455,20%,42
T061111,5531,3971,20%,42
T061115,5531,1863,20%,42
T061129,5531,8480,20%,42
T061136,5531,130,20%,42
T061150,5587,2423,20%,42
T061155,5587,387,20%,42
T061173,5587,4848,20%,42
T061180,5587,835,20%,42
T061181,5587,6951,20%,42
T061185,5587,5125,20%,42
T061196,5587,7316,20%,42
T061212,5851,4576,20%,42
T061217,5851,5629,20%,42
T061220,5851,18,20%,42
T061221,5851,534,20%,42
T061223,5851,1867,20%,42
T061225,5851,2965,20%,42
T061227,5851,3410,20%,42
T061243,5851,2012,20%,42
T061247,5851,9,20%,42
T061255,5967,249,20%,42
T061267,5967,509,20%,42
T061269,5967,3761,20%,42
T061270,5967,4204,20%,42
T061271,5967,6621,20%,42
T061279,5967,4054,20%,42
T061280,5967,2434,20%,42
T061285,5967,4847,20%,42
T061299,5967,229,20%,42
T061300,6815,8304,20%,42
T061307,6815,5963,20%,42
T061313,6815,3158,20%,42
T061317,6815,5452,20%,42
T061319,6815,38,20%,42
T061328,6815,3134,20%,42
T061331,6815,10067,20%,42
T061334,6815,1058,20%,42
T061353,7472,6602,20%,42
T061356,7472,3971,20%,42
T061364,7472,5991,20%,42
T061370,7472,6821,20%,42
T061390,7472,6954,20%,42
T061398,7472,8007,20%,42
T061401,9719,3498,20%,42
T061403,9719,7024,20%,42
T061410,9719,5261,20%,42
T061418,9719,1802,20%,42
T061421,9719,2385,20%,42
T061425,9719,8746,20%,42
T061426,9719,6787,20%,42
T061449,9719,149,20%,42
T061455,9792,2346,20%,42
T061458,9792,3954,20%,42
T061467,9792,4263,20%,42
T061477,9792,1299,20%,42
T061478,9792,7402,20%,42
T061489,9792,6520,20%,42
T061493,9792,6396,20%,42
T061500,167,3743,20%,42
T061513,167,4292,20%,42
T061517,167,891,20%,42
T061529,167,7888,20%,42
T061530,167,1966,20%,42
T061539,167,245,20%,42
T061542,167,3314,20%,42
T061549,167,2600,20%,42
T061574,448,1829,20%,42
T061575,448,4362,20%,42
T061576,448,8791,20%,42
T061583,448,9189,20%,42
T061596,448,4043,20%,42
T061598,448,3065,20%,42
T061600,1755,3687,20%,42
T061601,1755,448,20%,42
T061603,1755,49,20%,42
T061613,1755,10067,20%,42
T061616,1755,4895,20%,42
T061618,1755,4510,20%,42
T061624,1755,683,20%,42
T061627,1755,10293,20%,42
T061631,1755,3674,20%,42
T061633,1755,1629,20%,42
T061634,1755,5752,20%,42
T061636,1755,1985,20%,42
T061638,1755,573,20%,42
T061639,1755,1058,20%,42
T061642,1755,1379,20%,42
T061643,1755,6949,20%,42
T061647,1755,2346,20%,42
T061661,1896,4212,20%,42
T061664,1896,6224,20%,42
T061672,1896,7996,20%,42
T061681,1896,2789,20%,42
T061692,1896,9790,20%,42
T061696,1896,9082,20%,42
T061698,1896,6370,20%,42
T061701,2510,996,20%,42
T061705,2510,3348,20%,42
T061709,2510,4347,20%,42
T061711,2510,243,20%,42
T061713,2510,295,20%,42
T061721,2510,8926,20%,42
T061723,2510,4487,20%,42
T061728,2510,9987,20%,42
T061753,4004,4816,20%,42
T061757,4004,10206,20%,42
T061759,4004,8298,20%,42
T061765,4004,4257,20%,42
T061777,4004,7099,20%,42
T061785,4004,897,20%,42
T061801,4272,342,20%,42
T061818,4272,3330,20%,42
T061834,4272,261,20%,42
T061835,4272,6196,20%,42
T061844,4272,69,20%,42
T061845,4272,8161,20%,42
T061853,4306,3134,20%,42
T061855,4306,4144,20%,42
T061857,4306,1994,20%,42
T061860,4306,3154,20%,42
T061867,4306,1050,20%,42
T061868,4306,546,20%,42
T061871,4306,6838,20%,42
T061878,4306,5953,20%,42
T061879,4306,5053,20%,42
T061881,4306,3106,20%,42
T061883,4306,6059,20%,42
T061887,4306,493,20%,42
T061892,4306,7018,20%,42
T061894,4306,432,20%,42
T061908,5067,8715,20%,42
T061909,5067,1074,20%,42
T061917,5067,9952,20%,42
T061923,5067,1891,20%,42
T061925,5067,871,20%,42
T061935,5067,3927,20%,42
T061944,5067,7199,20%,42
T061958,5286,6954,20%,42
T061959,5286,5973,20%,42
T061961,5286,9118,20%,42
T061967,5286,2372,20%,42
T061977,5286,9115,20%,42
T061982,5286,1197,20%,42
T061983,5286,2189,20%,42
T061991,5286,4054,20%,42
T061992,5286,1909,20%,42
T061995,5286,7464,20%,42
T061997,5286,413,20%,42
T061998,5286,391,20%,42
T061999,5286,9323,20%,42
T062003,6622,1523,20%,42
T062006,6622,649,20%,42
T062009,6622,155,20%,42
T062011,6622,4352,20%,42
T062016,6622,6606,20%,42
T062021,6622,7422,20%,42
T062030,6622,1092,20%,42
T062036,6622,226,20%,42
T062042,6622,9323,20%,42
T062050,7375,4487,20%,42
T062061,7375,1080,20%,42
T062071,7375,5511,20%,42
T062075,7375,3818,20%,42
T062076,7375,3774,20%,42
T062080,7375,5286,20%,42
T062081,7375,1669,20%,42
T062082,7375,638,20%,42
T062092,7375,6483,20%,42
T062097,7375,6439,20%,42
T062099,7375,909,20%,42
T062101,7422,61,20%,42
T062102,7422,4546,20%,42
T062105,7422,1129,20%,42
T062111,7422,8,20%,42
T062115,7422,3386,20%,42
T062122,7422,6733,20%,42
T062123,7422,5345,20%,42
T062127,7422,9997,20%,42
T062137,7422,3788,20%,42
T062141,7422,4670,20%,42
T062147,7422,5416,20%,42
T062149,7422,4866,20%,42
T062151,7672,3749,20%,42
T062155,7672,1388,20%,42
T062156,7672,7088,20%,42
T062165,7672,9941,20%,42
T062167,7672,9189,20%,42
T062171,7672,565,20%,42
T062173,7672,4303,20%,42
T062185,7672,2093,20%,42
T062197,7672,3926,20%,42
T062199,7672,4150,20%,42
T062200,7977,7212,20%,42
T062204,7977,5292,20%,42
T062207,7977,1133,20%,42
T062208,7977,1132,20%,42
T062209,7977,4183,20%,42
T062218,7977,2300,20%,42
T062220,7977,1501,20%,42
T062221,7977,1959,20%,42
T062227,7977,9039,20%,42
T062233,7977,901,20%,42
T062239,7977,578,20%,42
T062249,7977,3611,20%,42
T062253,8532,7849,20%,42
T062255,8532,191,20%,42
T062259,8532,6599,20%,42
T062263,8532,1866,20%,42
T062270,8532,322,20%,42
T062271,8532,4741,20%,42
T062273,8532,1129,20%,42
T062274,8532,43,20%,42
T062284,8532,3331,20%,42
T062289,8532,7357,20%,42
T062291,8532,3004,20%,42
T062299,8532,5385,20%,42
T062300,9844,6981,20%,42
T062310,9844,3356,20%,42
T062314,9844,5197,20%,42
T062317,9844,2549,20%,42
T062323,9844,6193,20%,42
T062324,9844,4866,20%,42
T062326,9844,1954,20%,42
T062329,9844,10177,20%,42
T062331,9844,4620,20%,42
T062333,9844,169,20%,42
T062342,9844,5028,20%,42
T062349,9844,1223,20%,42
T062360,449,5075,20%,42
T062367,449,8389,20%,42
T062369,449,1811,20%,42
T062372,449,8687,20%,42
T062381,449,2964,20%,42
T062384,449,6520,20%,42
T062392,449,3003,20%,42
T062413,589,8573,20%,42
T062415,589,3450,20%,42
T062416,589,147,20%,42
T062421,589,5267,20%,42
T062427,589,2509,20%,42
T062429,589,9119,20%,42
T062434,589,5525,20%,42
T062436,589,238,20%,42
T062441,589,9719,20%,42
T062451,607,2308,20%,42
T062456,607,8298,20%,42
T062458,607,9254,20%,42
T062461,607,2912,20%,42
T062462,607,10535,20%,42
T062472,607,5725,20%,42
T062473,607,257,20%,42
T062475,607,1709,20%,42
T062478,607,1838,20%,42
T062480,607,2136,20%,42
T062489,607,3069,20%,42
T062491,607,541,20%,42
T062496,607,2567,20%,42
T062500,2072,4152,20%,42
T062501,2072,843,20%,42
T062504,2072,2188,20%,42
T062510,2072,3901,20%,42
T062515,2072,1370,20%,42
T062517,2072,190,20%,42
T062519,2072,4489,20%,42
T062522,2072,263,20%,42
T062523,2072,4463,20%,42
T062528,2072,5761,20%,42
T062540,2072,5814,20%,42
T062547,2072,6213,20%,42
T062549,2072,496,20%,42
T062555,2473,7187,20%,42
T062560,2473,3214,20%,42
T062562,2473,6519,20%,42
T062571,2473,5957,20%,42
T062575,2473,844,20%,42
T062579,2473,8476,20%,42
T062592,2473,518,20%,42
T062600,3351,1501,20%,42
T062609,3351,1050,20%,42
T062618,3351,2615,20%,42
T062619,3351,211,20%,42
T062633,3351,7268,20%,42
T062637,3351,6747,20%,42
T062641,3351,5627,20%,42
T062643,3351,7088,20%,42
T062645,3351,2499,20%,42
T062648,3351,1099,20%,42
T062651,3450,3822,20%,42
T062652,3450,10486,20%,42
T062654,3450,1810,20%,42
T062656,3450,6261,20%,42
T062657,3450,7849,20%,42
T062658,3450,9952,20%,42
T062660,3450,944,20%,42
T062670,3450,6263,20%,42
T062672,3450,6196,20%,42
T062674,3450,199,20%,42
T062701,4503,9236,20%,42
T062704,4503,6806,20%,42
T062711,4503,5828,20%,42
T062713,4503,8746,20%,42
T062720,4503,4762,20%,42
T062722,4503,85,20%,42
T062724,4503,2412,20%,42
T062737,4503,9545,20%,42
T062742,4503,2154,20%,42
T062748,4503,7894,20%,42
T062752,5271,2875,20%,42
T062756,5271,821,20%,42
T062763,5271,8388,20%,42
T062766,5271,2902,20%,42
T062770,5271,1784,20%,42
T062773,5271,3003,20%,42
T062788,5271,4838,20%,42
T062792,5271,365,20%,42
T062794,5271,7002,20%,42
T062804,5315,8975,20%,42
T062812,5315,3721,20%,42
T062814,5315,3024,20%,42
T062827,5315,6393,20%,42
T062828,5315,2731,20%,42
T062831,5315,7334,20%,42
T062839,5315,2609,20%,42
T062841,5315,6394,20%,42
T062846,5315,8565,20%,42
T062852,5438,179,20%,42
T062853,5438,3276,20%,42
T062874,5438,6962,20%,42
T062876,5438,10060,20%,42
T062879,5438,3895,20%,42
T062880,5438,6097,20%,42
T062882,5438,5500,20%,42
T062895,5438,6934,20%,42
T062896,5438,198,20%,42
T062897,5438,27,20%,42
T062909,5726,6092,20%,42
T062917,5726,109,20%,42
T062919,5726,6128,20%,42
T062925,5726,8927,20%,42
T062928,5726,4444,20%,42
T062937,5726,8943,20%,42
T062939,5726,4314,20%,42
T062941,5726,7212,20%,42
T062943,5726,4051,20%,42
T062949,5726,485,20%,42
T062952,6027,3154,20%,42
T062961,6027,9181,20%,42
T062962,6027,995,20%,42
T062964,6027,5091,20%,42
T062970,6027,3450,20%,42
T062971,6027,3296,20%,42
T062974,6027,7460,20%,42
T062979,6027,5320,20%,42
T062985,6027,4098,20%,42
T062991,6027,129,20%,42
T062998,6027,9087,20%,42
T063002,6685,1299,20%,42
T063005,6685,6405,20%,42
T063011,6685,8654,20%,42
T063013,6685,1004,20%,42
T063031,6685,521,20%,42
T063034,6685,592,20%,42
T063035,6685,5882,20%,42
T063039,6685,9543,20%,42
T063046,6685,3718,20%,42
T063048,6685,6499,20%,42
T063053,8346,860,20%,42
T063057,8346,6488,20%,42
T063059,8346,2271,20%,42
T063062,8346,7299,20%,42
T063068,8346,6602,20%,42
T063080,8346,4969,20%,42
T063083,8346,4978,20%,42
T063087,8346,1685,20%,42
T063088,8346,5879,20%,42
T063091,8346,2733,20%,42
T063101,9997,5015,20%,42
T063106,9997,6224,20%,42
T063107,9997,6732,20%,42
T063109,9997,8469,20%,42
T063113,9997,8982,20%,42
T063117,9997,1769,20%,42
T063121,9997,7942,20%,42
T063126,9997,6393,20%,42
T063140,9997,854,20%,42
T063144,9997,3106,20%,42
T063148,9997,493,20%,42
T063151,387,7977,20%,42
T063157,387,7069,20%,42
T063163,387,6833,20%,42
T063172,387,598,20%,42
T063173,387,799,20%,42
T063179,387,209,20%,42
T063184,387,1071,20%,42
T063191,387,2552,20%,42
T063200,733,632,20%,42
T063212,733,6394,20%,42
T063214,733,772,20%,42
T063229,733,3518,20%,42
T063245,733,1718,20%,42
T063246,733,2243,20%,42
T063248,733,3090,20%,42
T063253,1177,1074,20%,42
T063256,1177,3095,20%,42
T063260,1177,244,20%,42
T063264,1177,8203,20%,42
T063268,1177,4691,20%,42
T063270,1177,2372,20%,42
T063274,1177,1931,20%,42
T063277,1177,6195,20%,42
T063280,1177,567,20%,42
T063283,1177,5061,20%,42
T063285,1177,3774,20%,42
T063289,1177,9986,20%,42
T063299,1177,900,20%,42
T063301,1184,1499,20%,42
T063304,1184,249,20%,42
T063306,1184,4486,20%,42
T063311,1184,8469,20%,42
T063315,1184,4352,20%,42
T063321,1184,4888,20%,42
T063333,1184,4040,20%,42
T063337,1184,3833,20%,42
T063350,1196,654,20%,42
T063352,1196,5556,20%,42
T063361,1196,3143,20%,42
T063364,1196,5786,20%,42
T063369,1196,6115,20%,42
T063375,1196,3366,20%,42
T063388,1196,3611,20%,42
T063396,1196,5286,20%,42
T063398,1196,4111,20%,42
T063404,2346,211,20%,42
T063405,2346,311,20%,42
T063413,2346,1754,20%,42
T063417,2346,4329,20%,42
T063427,2346,1175,20%,42
T063429,2346,1326,20%,42
T063432,2346,1265,20%,42
T063433,2346,897,20%,42
T063439,2346,956,20%,42
T063440,2346,2646,20%,42
T063453,2548,690,20%,42
T063455,2548,9441,20%,42
T063458,2548,1241,20%,42
T063478,2548,4387,20%,42
T063489,2548,4064,20%,42
T063490,2548,808,20%,42
T063493,2548,2212,20%,42
T063495,2548,147,20%,42
T063504,3966,6685,20%,42
T063522,3966,2591,20%,42
T063527,3966,5260,20%,42
T063536,3966,6499,20%,42
T063539,3966,7042,20%,42
T063553,4704,305,20%,42
T063560,4704,235,20%,42
T063563,4704,5317,20%,42
T063569,4704,9272,20%,42
T063571,4704,1818,20%,42
T063575,4704,808,20%,42
T063582,4704,565,20%,42
T063597,4704,2751,20%,42
T063611,4958,5671,20%,42
T063616,4958,448,20%,42
T063630,4958,3705,20%,42
T063633,4958,5843,20%,42
T063634,4958,83,20%,42
T063639,4958,5148,20%,42
T063640,4958,7525,20%,42
T063648,4958,855,20%,42
T063651,5312,4040,20%,42
T063652,5312,6238,20%,42
T063661,5312,5944,20%,42
T063671,5312,9193,20%,42
T063685,5312,7724,20%,42
T063686,5312,3788,20%,42
T063695,5312,854,20%,42
T063708,5627,2188,20%,42
T063712,5627,8545,20%,42
T063716,5627,2867,20%,42
T063722,5627,1154,20%,42
T063724,5627,9064,20%,42
T063729,5627,2613,20%,42
T063731,5627,5582,20%,42
T063737,5627,9923,20%,42
T063739,5627,5416,20%,42
T063742,5627,308,20%,42
T063743,5627,2108,20%,42
T063749,5627,2167,20%,42
T063751,8613,959,20%,42
T063755,8613,2164,20%,42
T063758,8613,8737,20%,42
T063767,8613,9235,20%,42
T063772,8613,677,20%,42
T063774,8613,4606,20%,42
T063781,8613,4322,20%,42
T063789,8613,5197,20%,42
T063794,8613,7250,20%,42
T063800,9441,152,20%,42
T063818,9441,3153,20%,42
T063831,9441,3870,20%,42
T063846,9441,8783,20%,42
T063852,9519,5926,20%,42
T063856,9519,2575,20%,42
T063858,9519,8700,20%,42
T063862,9519,497,20%,42
T063866,9519,5171,20%,42
T063868,9519,49,20%,42
T063872,9519,869,20%,42
T063873,9519,1785,20%,42
T063880,9519,3190,20%,42
T063881,9519,2786,20%,42
T063885,9519,3567,20%,42
T063888,9519,196,20%,42
T063889,9519,5747,20%,42
T063892,9519,5879,20%,42
T063895,9519,3570,20%,42
T063898,9519,5529,20%,42
T063900,397,7672,20%,42
T063904,397,85,20%,42
T063907,397,2600,20%,42
T063909,397,195,20%,42
T063918,397,4978,20%,42
T063922,397,730,20%,42
T063933,397,3775,20%,42
T063934,397,6954,20%,42
T063935,397,1538,20%,42
T063948,397,3214,20%,42
T063951,760,4290,20%,42
T063956,760,2677,20%,42
T063971,760,5510,20%,42
T063976,760,3818,20%,42
T063981,760,6890,20%,42
T063982,760,871,20%,42
T063984,760,985,20%,42
T063987,760,7119,20%,42
T063990,760,6306,20%,42
T063993,760,9181,20%,42
T063996,760,3606,20%,42
T063998,760,5190,20%,42
T063999,760,105,20%,42
T064006,3088,4771,20%,42
T064019,3088,362,20%,42
T064021,3088,3520,20%,42
T064022,3088,7937,20%,42
T064031,3088,2397,20%,42
T064033,3088,4190,20%,42
T064036,3088,3639,20%,42
T064047,3088,513,20%,42
T064052,3306,7083,20%,42
T064061,3306,9617,20%,42
T064062,3306,5927,20%,42
T064066,3306,166,20%,42
T064078,3306,4384,20%,42
T064080,3306,228,20%,42
T064084,3306,421,20%,42
T064086,3306,1629,20%,42
T064091,3306,173,20%,42
T064095,3306,8114,20%,42
T064096,3306,3456,20%,42
T064103,3314,8114,20%,42
T064104,3314,4861,20%,42
T064105,3314,3134,20%,42
T064119,3314,4043,20%,42
T064120,3314,1370,20%,42
T064121,3314,1117,20%,42
T064124,3314,4150,20%,42
T064132,3314,1244,20%,42
T064154,3725,6393,20%,42
T064159,3725,9441,20%,42
T064165,3725,10122,20%,42
T064173,3725,6332,20%,42
T064180,3725,1658,20%,42
T064185,3725,2188,20%,42
T064186,3725,7076,20%,42
T064190,3725,4856,20%,42
T064192,3725,8882,20%,42
T064215,4033,5495,20%,42
T064226,4033,7672,20%,42
T064229,4033,659,20%,42
T064236,4033,90,20%,42
T064246,4033,996,20%,42
T064250,4103,1154,20%,42
T064252,4103,1180,20%,42
T064260,4103,3690,20%,42
T064262,4103,3065,20%,42
T064265,4103,38,20%,42
T064272,4103,30,20%,42
T064279,4103,6094,20%,42
T064281,4103,5393,20%,42
T064287,4103,89,20%,42
T064293,4103,2138,20%,42
T064294,4103,978,20%,42
T064295,4103,4704,20%,42
T064296,4103,5381,20%,42
T064299,4103,2842,20%,42
T064301,4144,3256,20%,42
T064303,4144,3715,20%,42
T064308,4144,2293,20%,42
T064311,4144,3348,20%,42
T064316,4144,2435,20%,42
T064317,4144,901,20%,42
T064319,4144,7976,20%,42
T064320,4144,7268,20%,42
T064321,4144,4007,20%,42
T064326,4144,1523,20%,42
T064338,4144,6811,20%,42
T064340,4144,3464,20%,42
T064358,4152,7384,20%,42
T064362,4152,3306,20%,42
T064366,4152,2912,20%,42
T064367,4152,7176,20%,42
T064372,4152,764,20%,42
T064375,4152,986,20%,42
T064376,4152,3398,20%,42
T064380,4152,1524,20%,42
T064386,4152,2650,20%,42
T064389,4152,7199,20%,42
T064391,4152,8943,20%,42
T064404,4808,1385,20%,42
T064411,4808,1398,20%,42
T064420,4808,2004,20%,42
T064429,4808,66,20%,42
T064431,4808,1829,20%,42
T064445,4808,1126,20%,42
T064450,5833,5882,20%,42
T064455,5833,9181,20%,42
T064457,5833,2485,20%,42
T064458,5833,1552,20%,42
T064459,5833,3825,20%,42
T064463,5833,3966,20%,42
T064471,5833,531,20%,42
T064478,5833,6733,20%,42
T064486,5833,5338,20%,42
T064489,5833,1896,20%,42
T064502,6396,5381,20%,42
T064512,6396,372,20%,42
T064513,6396,1758,20%,42
T064517,6396,1546,20%,42
T064522,6396,4424,20%,42
T064523,6396,4432,20%,42
T064547,6396,2362,20%,42
T064558,7037,3016,20%,42
T064563,7037,4183,20%,42
T064567,7037,6224,20%,42
T064570,7037,1649,20%,42
T064572,7037,10065,20%,42
T064575,7037,7803,20%,42
T064580,7037,4401,20%,42
T064584,7037,4682,20%,42
T064586,7037,6621,20%,42
T064595,7037,2676,20%,42
T064601,7162,1159,20%,42
T064618,7162,1848,20%,42
T064619,7162,2040,20%,42
T064620,7162,2478,20%,42
T064623,7162,1159,20%,42
T064633,7162,867,20%,42
T064640,7162,1791,20%,42
T064641,7162,10071,20%,42
T064646,7162,2390,20%,42
T064647,7162,5851,20%,42
T064655,8469,9369,20%,42
T064661,8469,198,20%,42
T064662,8469,955,20%,42
T064664,8469,1093,20%,42
T064665,8469,4399,20%,42
T064668,8469,3597,20%,42
T064670,8469,10122,20%,42
T064671,8469,4487,20%,42
T064686,8469,61,20%,42
T064687,8469,7976,20%,42
T064693,8469,8175,20%,42
T064694,8469,1910,20%,42
T064698,8469,6109,20%,42
T064707,9087,4887,20%,42
T064717,9087,5495,20%,42
T064722,9087,5170,20%,42
T064728,9087,7128,20%,42
T064735,9087,4072,20%,42
T064743,9087,232,20%,42
T064745,9087,9118,20%,42
T064746,9087,4376,20%,42
T064754,10333,5067,20%,42
T064755,10333,4762,20%,42
T064760,10333,3705,20%,42
T064765,10333,6664,20%,42
T064766,10333,10122,20%,42
T064767,10333,5345,20%,42
T064768,10333,391,20%,42
T064769,10333,5549,20%,42
T064770,10333,4322,20%,42
T064772,10333,6638,20%,42
T064774,10333,1180,20%,42
T064777,10333,159,20%,42
T064780,10333,1888,20%,42
T064782,10333,1938,20%,42
T064783,10333,6664,20%,42
T064796,10333,5326,20%,42
T064802,10350,3983,20%,42
T064805,10350,1177,20%,42
T064808,10350,9345,20%,42
T064812,10350,1062,20%,42
T064819,10350,308,20%,42
T064822,10350,8,20%,42
T064837,10350,9377,20%,42
T064838,10350,2802,20%,42
T064840,10350,3973,20%,42
T064841,10350,4367,20%,42
T064852,66,3046,20%,42
T064853,66,9830,20%,42
T064859,66,6833,20%,42
T064869,66,3667,20%,42
T064874,66,9258,20%,42
T064881,66,947,20%,42
T064882,66,8828,20%,42
T064886,66,1222,20%,42
T064889,66,1129,20%,42
T064899,66,9216,20%,42
T064908,120,1786,20%,42
T064911,120,8258,20%,42
T064915,120,6433,20%,42
T064918,120,1336,20%,42
T064919,120,1132,20%,42
T064921,120,2883,20%,42
T064923,120,3822,20%,42
T064932,120,3886,20%,42
T064936,120,10030,20%,42
T064948,120,7471,20%,42
T064952,121,351,20%,42
T064956,121,10101,20%,42
T064972,121,6059,20%,42
T064973,121,392,20%,42
T064978,121,4620,20%,42
T064983,121,8571,20%,42
T065008,403,1115,20%,42
T065011,403,3804,20%,42
T065016,403,306,20%,42
T065022,403,74,20%,42
T065023,403,1843,20%,42
T065024,403,8089,20%,42
T065025,403,6092,20%,42
T065026,403,9175,20%,42
T065029,403,1959,20%,42
T065030,403,4604,20%,42
T065031,403,9572,20%,42
T065034,403,2544,20%,42
T065035,403,1499,20%,42
T065052,493,1240,20%,42
T065061,493,612,20%,42
T065069,493,3725,20%,42
T065076,493,4365,20%,42
T065087,493,869,20%,42
T065090,493,9572,20%,42
T065096,493,6897,20%,42
T065097,493,7991,20%,42
T065103,565,5518,20%,42
T065106,565,581,20%,42
T065125,565,7740,20%,42
T065128,565,6514,20%,42
T065134,565,2918,20%,42
T065143,565,914,20%,42
T065154,601,3143,20%,42
T065156,601,9,20%,42
T065167,601,4761,20%,42
T065171,601,1247,20%,42
T065172,601,582,20%,42
T065186,601,149,20%,42
T065187,601,5053,20%,42
T065194,601,5292,20%,42
T065197,601,9719,20%,42
T065198,601,7389,20%,42
T065216,641,6433,20%,42
T065221,641,4362,20%,42
T065236,641,764,20%,42
T065239,641,3951,20%,42
T065254,1061,39,20%,42
T065256,1061,3741,20%,42
T065269,1061,2027,20%,42
T065271,1061,4682,20%,42
T065278,1061,4887,20%,42
T065280,1061,7411,20%,42
T065281,1061,5132,20%,42
T065285,1061,6373,20%,42
T065289,1061,3749,20%,42
T065290,1061,4808,20%,42
T065300,1124,7187,20%,42
T065320,1124,6960,20%,42
T065321,1124,8541,20%,42
T065322,1124,8687,20%,42
T065326,1124,385,20%,42
T065330,1124,3068,20%,42
T065344,1124,6833,20%,42
T065347,1124,2023,20%,42
T065350,1136,9650,20%,42
T065355,1136,4724,20%,42
T065357,1136,5657,20%,42
T065360,1136,4322,20%,42
T065361,1136,5618,20%,42
T065362,1136,6573,20%,42
T065369,1136,1704,20%,42
T065371,1136,5610,20%,42
T065377,1136,609,20%,42
T065378,1136,68,20%,42
T065382,1136,9524,20%,42
T065389,1136,4627,20%,42
T065390,1136,4226,20%,42
T065399,1136,196,20%,42
T065403,2423,1704,20%,42
T065404,2423,492,20%,42
T065430,2423,2725,20%,42
T065436,2423,6663,20%,42
T065442,2423,355,20%,42
T065449,2423,4816,20%,42
T065456,2629,8612,20%,42
T065470,2629,42,20%,42
T065473,2629,7187,20%,42
T065486,2629,539,20%,42
T065488,2629,3343,20%,42
T065491,2629,137,20%,42
T065494,2629,5023,20%,42
T065500,2751,8373,20%,42
T065501,2751,8712,20%,42
T065502,2751,6698,20%,42
T065508,2751,3674,20%,42
T065510,2751,5811,20%,42
T065533,2751,6195,20%,42
T065548,2751,886,20%,42
T065552,2982,3491,20%,42
T065554,2982,1613,20%,42
T065561,2982,7269,20%,42
T065564,2982,3639,20%,42
T065565,2982,2956,20%,42
T065568,2982,430,20%,42
T065570,2982,5926,20%,42
T065572,2982,462,20%,42
T065578,2982,245,20%,42
T065580,2982,2875,20%,42
T065581,2982,3809,20%,42
T065584,2982,2321,20%,42
T065589,2982,1718,20%,42
T065591,2982,2646,20%,42
T065593,2982,3886,20%,42
T065600,3068,2984,20%,42
T065603,3068,4887,20%,42
T065604,3068,9064,20%,42
T065607,3068,7317,20%,42
T065608,3068,240,20%,42
T065612,3068,5026,20%,42
T065618,3068,690,20%,42
T065619,3068,3870,20%,42
T065621,3068,926,20%,42
T065622,3068,85,20%,42
T065624,3068,6960,20%,42
T065627,3068,1215,20%,42
T065634,3068,6890,20%,42
T065638,3068,5714,20%,42
T065642,3068,6500,20%,42
T065644,3068,914,20%,42
T065645,3068,582,20%,42
T065649,3068,6887,20%,42
T065651,3276,7995,20%,42
T065657,3276,914,20%,42
T065671,3276,492,20%,42
T065677,3276,1123,20%,42
T065683,3276,1918,20%,42
T065684,3276,7357,20%,42
T065706,3350,5752,20%,42
T065732,3350,1755,20%,42
T065733,3350,5261,20%,42
T065737,3350,1641,20%,42
T065738,3350,3618,20%,42
T065739,3350,673,20%,42
T065756,3421,4103,20%,42
T065757,3421,3973,20%,42
T065759,3421,187,20%,42
T065761,3421,6851,20%,42
T065770,3421,1603,20%,42
T065773,3421,9620,20%,42
T065774,3421,362,20%,42
T065775,3421,3927,20%,42
T065778,3421,6558,20%,42
T065786,3421,5503,20%,42
T065787,3421,2552,20%,42
T065788,3421,1385,20%,42
T065791,3421,4728,20%,42
T065792,3421,2078,20%,42
T065797,3421,7803,20%,42
T065801,3786,2075,20%,42
T065808,3786,1318,20%,42
T065811,3786,5957,20%,42
T065819,3786,4215,20%,42
T065822,3786,6370,20%,42
T065824,3786,4144,20%,42
T065825,3786,7300,20%,42
T065828,3786,56,20%,42
T065832,3786,8781,20%,42
T065833,3786,6483,20%,42
T065834,3786,517,20%,42
T065836,3786,3586,20%,42
T065846,3786,1896,20%,42
T065850,4649,24,20%,42
T065851,4649,6195,20%,42
T065852,4649,1321,20%,42
T065854,4649,8700,20%,42
T065860,4649,9524,20%,42
T065875,4649,6552,20%,42
T065892,4649,6049,20%,42
T065893,4649,8169,20%,42
T065895,4649,9853,20%,42
T065896,4649,27,20%,42
T065907,4920,4879,20%,42
T065909,4920,546,20%,42
T065916,4920,473,20%,42
T065921,4920,658,20%,42
T065932,4920,6838,20%,42
T065934,4920,1061,20%,42
T065939,4920,3804,20%,42
T065943,4920,8950,20%,42
T065945,4920,1966,20%,42
T065950,5629,108,20%,42
T065952,5629,4730,20%,42
T065959,5629,1550,20%,42
T065969,5629,1269,20%,42
T065971,5629,8612,20%,42
T065972,5629,4879,20%,42
T065976,5629,3567,20%,42
T065979,5629,2412,20%,42
T065985,5629,8715,20%,42
T065987,5629,3516,20%,42
T065997,5629,241,20%,42
T066004,5887,5326,20%,42
T066017,5887,530,20%,42
T066020,5887,4207,20%,42
T066021,5887,1758,20%,42
T066029,5887,9199,20%,42
T066032,5887,7162,20%,42
T066033,5887,372,20%,42
T066040,5887,8664,20%,42
T066047,5887,3914,20%,42
T066049,5887,10071,20%,42
T066052,6151,1673,20%,42
T066053,6151,1062,20%,42
T066054,6151,4401,20%,42
T066062,6151,3983,20%,42
T066079,6151,393,20%,42
T066080,6151,97,20%,42
T066089,6151,7537,20%,42
T066102,6821,3491,20%,42
T066109,6821,5315,20%,42
T066111,6821,677,20%,42
T066115,6821,5944,20%,42
T066118,6821,2291,20%,42
T066133,6821,1125,20%,42
T066135,6821,1200,20%,42
T066137,6821,1639,20%,42
T066139,6821,7724,20%,42
T066142,6821,1088,20%,42
T066147,6821,843,20%,42
T066148,6821,6253,20%,42
T066156,7392,7630,20%,42
T066163,7392,1895,20%,42
T066175,7392,4152,20%,42
T066180,7392,1299,20%,42
T066184,7392,3386,20%,42
T066185,7392,772,20%,42
T066187,7392,855,20%,42
T066191,7392,71,20%,42
T066197,7392,1375,20%,42
T066199,7392,2892,20%,42
T066205,7529,6353,20%,42
T066209,7529,4367,20%,42
T066211,7529,10060,20%,42
T066212,7529,8266,20%,42
T066216,7529,497,20%,42
T066218,7529,7600,20%,42
T066219,7529,2916,20%,42
T066233,7529,4670,20%,42
T066238,7529,9808,20%,42
T066246,7529,6698,20%,42
T066250,7801,5629,20%,42
T066264,7801,1514,20%,42
T066266,7801,9351,20%,42
T066272,7801,6631,20%,42
T066273,7801,4546,20%,42
T066278,7801,3708,20%,42
T066289,7801,8388,20%,42
T066291,7801,4700,20%,42
T066293,7801,2196,20%,42
T066294,7801,1058,20%,42
T066296,7801,4866,20%,42
T066333,7991,5180,20%,42
T066337,7991,5438,20%,42
T066341,7991,6743,20%,42
T066344,7991,4704,20%,42
T066346,7991,7673,20%,42
T066347,7991,8545,20%,42
T066353,9377,7464,20%,42
T066356,9377,4322,20%,42
T066361,9377,3728,20%,42
T066362,9377,9257,20%,42
T066367,9377,9193,20%,42
T066369,9377,4269,20%,42
T066386,9377,208,20%,42
T066390,9377,7018,20%,42
T066395,9377,899,20%,42
T066396,9377,2478,20%,42
T066400,42,1161,20%,42
T066408,42,4144,20%,42
T066412,42,5385,20%,42
T066413,42,9292,20%,42
T066418,42,2600,20%,42
T066432,42,3180,20%,42
T066434,42,2522,20%,42
T066436,42,2733,20%,42
T066437,42,4689,20%,42
T066439,42,4702,20%,42
T066445,42,386,20%,42
T066450,118,6960,20%,42
T066451,118,3232,20%,42
T066455,118,9969,20%,42
T066468,118,3884,20%,42
T066469,118,3421,20%,42
T066475,118,8914,20%,42
T066478,118,5531,20%,42
T066485,118,6890,20%,42
T066487,118,6638,20%,42
T066489,118,5338,20%,42
T066490,118,1848,20%,42
T066497,118,9792,20%,42
T066498,118,4103,20%,42
T066499,118,4420,20%,42
T066509,227,1384,20%,42
T066513,227,1254,20%,42
T066517,227,3678,20%,42
T066532,227,7167,20%,42
T066537,227,8982,20%,42
T066544,227,6499,20%,42
T066547,227,13,20%,42
T066555,235,2505,20%,42
T066564,235,9272,20%,42
T066574,235,8304,20%,42
T066576,235,1106,20%,42
T066581,235,6030,20%,42
T066594,235,3230,20%,42
T066596,235,9545,20%,42
T066606,862,5408,20%,42
T066608,862,3884,20%,42
T066611,862,1786,20%,42
T066632,862,6500,20%,42
T066635,862,5292,20%,42
T066643,862,5197,20%,42
T066653,909,2432,20%,42
T066656,909,4606,20%,42
T066661,909,7759,20%,42
T066681,909,799,20%,42
T066687,909,6409,20%,42
T066700,987,6674,20%,42
T066711,987,2575,20%,42
T066714,987,1657,20%,42
T066720,987,264,20%,42
T066721,987,1002,20%,42
T066723,987,6306,20%,42
T066736,987,5622,20%,42
T066737,987,10486,20%,42
T066738,987,5042,20%,42
T066741,987,3715,20%,42
T066743,987,9844,20%,42
T066744,987,1164,20%,42
T066746,987,6756,20%,42
T066756,1326,6483,20%,42
T066757,1326,3046,20%,42
T066762,1326,1769,20%,42
T066768,1326,5202,20%,42
T066775,1326,1216,20%,42
T066777,1326,10120,20%,42
T066784,1326,1005,20%,42
T066787,1326,404,20%,42
T066789,1326,1784,20%,42
T066796,1326,1574,20%,42
T066802,1588,673,20%,42
T066808,1588,704,20%,42
T066813,1588,306,20%,42
T066817,1588,1552,20%,42
T066818,1588,7600,20%,42
T066827,1588,4046,20%,42
T066829,1588,6412,20%,42
T066830,1588,1362,20%,42
T066833,1588,177,20%,42
T066843,1588,8089,20%,42
T066845,1588,2099,20%,42
T066846,1588,2715,20%,42
T066847,1588,4,20%,42
T066849,1588,3241,20%,42
T066853,1613,9852,20%,42
T066871,1613,6631,20%,42
T066876,1613,167,20%,42
T066885,1613,3585,20%,42
T066888,1613,5226,20%,42
T066901,2393,7672,20%,42
T066908,2393,6951,20%,42
T066910,2393,6791,20%,42
T066911,2393,270,20%,42
T066926,2393,7888,20%,42
T066931,2393,2188,20%,42
T066937,2393,8380,20%,42
T066939,2393,65,20%,42
T066940,2393,2331,20%,42
T066944,2393,5197,20%,42
T066946,2393,5525,20%,42
T066953,2412,4269,20%,42
T066959,2412,8914,20%,42
T066962,2412,7901,20%,42
T066965,2412,4874,20%,42
T066984,2412,1699,20%,42
T066988,2412,7155,20%,42
T066989,2412,6689,20%,42
T066992,2412,7372,20%,42
T066996,2412,3973,20%,42
T067002,2559,541,20%,42
T067013,2559,3321,20%,42
T067023,2559,413,20%,42
T067030,2559,1056,20%,42
T067038,2559,484,20%,42
T067039,2559,5328,20%,42
T067046,2559,5127,20%,42
T067049,2559,6791,20%,42
T067051,2632,6981,20%,42
T067055,2632,7079,20%,42
T067057,2632,4364,20%,42
T067063,2632,2866,20%,42
T067068,2632,5063,20%,42
T067083,2632,578,20%,42
T067099,2632,546,20%,42
T067101,2733,2243,20%,42
T067102,2733,13,20%,42
T067104,2733,97,20%,42
T067108,2733,7359,20%,42
T067109,2733,869,20%,42
T067110,2733,480,20%,42
T067111,2733,2734,20%,42
T067114,2733,893,20%,42
T067117,2733,6027,20%,42
T067122,2733,6393,20%,42
T067127,2733,4432,20%,42
T067134,2733,3240,20%,42
T067145,2733,49,20%,42
T067156,3190,4649,20%,42
T067157,3190,1154,20%,42
T067159,3190,4265,20%,42
T067161,3190,4145,20%,42
T067164,3190,2306,20%,42
T067170,3190,8047,20%,42
T067174,3190,2608,20%,42
T067180,3190,9034,20%,42
T067184,3190,5494,20%,42
T067187,3190,8067,20%,42
T067191,3190,6238,20%,42
T067196,3190,5210,20%,42
T067197,3190,5786,20%,42
T067199,3190,895,20%,42
T067203,3464,57,20%,42
T067205,3464,2935,20%,42
T067210,3464,6996,20%,42
T067213,3464,7818,20%,42
T067215,3464,9115,20%,42
T067223,3464,8114,20%,42
T067224,3464,2027,20%,42
T067233,3464,3645,20%,42
T067238,3464,9952,20%,42
T067239,3464,403,20%,42
T067241,3464,5968,20%,42
T067243,3464,4325,20%,42
T067249,3464,3321,20%,42
T067264,3764,9106,20%,42
T067266,3764,10067,20%,42
T067268,3764,2471,20%,42
T067270,3764,749,20%,42
T067279,3764,2194,20%,42
T067280,3764,3610,20%,42
T067286,3764,5273,20%,42
T067288,3764,6238,20%,42
T067291,3764,4285,20%,42
T067297,3764,2093,20%,42
T067299,3764,3648,20%,42
T067304,5190,5834,20%,42
T067305,5190,1954,20%,42
T067311,5190,232,20%,42
T067315,5190,5438,20%,42
T067316,5190,10343,20%,42
T067318,5190,6514,20%,42
T067319,5190,3822,20%,42
T067320,5190,8571,20%,42
T067327,5190,2078,20%,42
T067333,5190,5556,20%,42
T067336,5190,1090,20%,42
T067342,5190,342,20%,42
T067358,5226,5991,20%,42
T067359,5226,1053,20%,42
T067361,5226,6663,20%,42
T067365,5226,4152,20%,42
T067367,5226,248,20%,42
T067370,5226,2657,20%,42
T067383,5226,6351,20%,42
T067385,5226,6891,20%,42
T067388,5226,208,20%,42
T067392,5226,1818,20%,42
T067395,5226,4409,20%,42
T067398,5226,184,20%,42
T067412,5786,2100,20%,42
T067418,5786,4088,20%,42
T067419,5786,1321,20%,42
T067425,5786,6833,20%,42
T067429,5786,2629,20%,42
T067433,5786,332,20%,42
T067435,5786,5171,20%,42
T067436,5786,23,20%,42
T067442,5786,5708,20%,42
T067447,5786,7796,20%,42
T067450,5843,7489,20%,42
T067455,5843,917,20%,42
T067457,5843,1784,20%,42
T067473,5843,5982,20%,42
T067489,5843,6324,20%,42
T067492,5843,1379,20%,42
T067501,5994,4098,20%,42
T067514,5994,5926,20%,42
T067520,5994,3106,20%,42
T067521,5994,3570,20%,42
T067527,5994,7155,20%,42
T067546,5994,4838,20%,42
T067558,6071,6698,20%,42
T067564,6071,976,20%,42
T067565,6071,567,20%,42
T067575,6071,1523,20%,42
T067577,6071,8470,20%,42
T067581,6071,1047,20%,42
T067592,6071,1254,20%,42
T067593,6071,6263,20%,42
T067594,6071,5023,20%,42
T067602,6520,596,20%,42
T067606,6520,3253,20%,42
T067607,6520,3016,20%,42
T067616,6520,2072,20%,42
T067621,6520,1984,20%,42
T067627,6520,4215,20%,42
T067632,6520,867,20%,42
T067633,6520,1204,20%,42
T067635,6520,26,20%,42
T067641,6520,6301,20%,42
T067645,6520,899,20%,42
T067648,6520,2956,20%,42
T067659,6904,7906,20%,42
T067667,6904,2733,20%,42
T067668,6904,4285,20%,42
T067679,6904,1264,20%,42
T067682,6904,4416,20%,42
T067697,6904,1754,20%,42
T067703,7925,406,20%,42
T067711,7925,5622,20%,42
T067712,7925,601,20%,42
T067713,7925,6675,20%,42
T067718,7925,3761,20%,42
T067722,7925,1439,20%,42
T067729,7925,3470,20%,42
T067740,7925,8203,20%,42
T067744,7925,818,20%,42
T067748,7925,2666,20%,42
T067749,7925,2271,20%,42
T067752,8663,6253,20%,42
T067761,8663,7977,20%,42
T067762,8663,4088,20%,42
T067763,8663,5015,20%,42
T067765,8663,1082,20%,42
T067766,8663,7537,20%,42
T067769,8663,6265,20%,42
T067773,8663,1631,20%,42
T067777,8663,1266,20%,42
T067779,8663,7250,20%,42
T067781,8663,1938,20%,42
T067785,8663,1810,20%,42
T067790,8663,3879,20%,42
T067794,8663,9726,20%,42
T067800,9620,7127,20%,42
T067802,9620,9617,20%,42
T067814,9620,5713,20%,42
T067815,9620,4761,20%,42
T067818,9620,40,20%,42
T067820,9620,5589,20%,42
T067822,9620,6747,20%,42
T067827,9620,9844,20%,42
T067836,9620,5957,20%,42
T067845,9620,1132,20%,42
T067851,9923,5319,20%,42
T067857,9923,4375,20%,42
T067864,9923,7518,20%,42
T067867,9923,6092,20%,42
T067869,9923,10535,20%,42
T067881,9923,4982,20%,42
T067883,9923,6830,20%,42
T067895,9923,4649,20%,42
T067897,9923,4290,20%,42
T067906,456,587,20%,42
T067913,456,1163,20%,42
T067921,456,641,20%,42
T067929,456,4506,20%,42
T067939,456,923,20%,42
T067941,456,2938,20%,42
T067943,456,9236,20%,42
T067947,456,5990,20%,42
T067948,456,5887,20%,42
T067949,456,5746,20%,42
T067951,541,277,20%,42
T067954,541,47,20%,42
T067965,541,529,20%,42
T067967,541,8867,20%,42
T067969,541,4334,20%,42
T067972,541,2687,20%,42
T067984,541,134,20%,42
T067986,541,4831,20%,42
T067998,541,3787,20%,42
T067999,541,8687,20%,42
T068007,550,1168,20%,42
T068020,550,231,20%,42
T068021,550,2559,20%,42
T068022,550,322,20%,42
T068024,550,2499,20%,42
T068029,550,4949,20%,42
T068032,550,3410,20%,42
T068039,550,6196,20%,42
T068046,550,291,20%,42
T068047,550,10122,20%,42
T068050,605,1954,20%,42
T068053,605,641,20%,42
T068055,605,5994,20%,42
T068064,605,190,20%,42
T068065,605,3165,20%,42
T068068,605,1669,20%,42
T068069,605,3787,20%,42
T068076,605,3597,20%,42
T068077,605,1196,20%,42
T068093,605,473,20%,42
T068095,605,7334,20%,42
T068098,605,8767,20%,42
T068103,611,8867,20%,42
T068105,611,2164,20%,42
T068110,611,8855,20%,42
T068113,611,3687,20%,42
T068122,611,97,20%,42
T068125,611,2433,20%,42
T068127,611,2486,20%,42
T068129,611,359,20%,42
T068134,611,4689,20%,42
T068140,611,6151,20%,42
T068142,611,340,20%,42
T068145,611,3265,20%,42
T068151,974,3520,20%,42
T068152,974,5882,20%,42
T068155,974,6552,20%,42
T068164,974,3343,20%,42
T068168,974,986,20%,42
T068177,974,1058,20%,42
T068187,974,5706,20%,42
T068189,974,3767,20%,42
T068195,974,6405,20%,42
T068196,974,8236,20%,42
T068198,974,194,20%,42
T068209,1093,3645,20%,42
T068210,1093,455,20%,42
T068219,1093,2984,20%,42
T068223,1093,2164,20%,42
T068227,1093,6135,20%,42
T068228,1093,1269,20%,42
T068234,1093,7698,20%,42
T068237,1093,4038,20%,42
T068242,1093,799,20%,42
T068246,1093,1023,20%,42
T068255,2608,66,20%,42
T068258,2608,677,20%,42
T068259,2608,90,20%,42
T068267,2608,2707,20%,42
T068269,2608,5747,20%,42
T068273,2608,3554,20%,42
T068278,2608,5963,20%,42
T068280,2608,3330,20%,42
T068281,2608,2644,20%,42
T068283,2608,3833,20%,42
T068285,2608,5927,20%,42
T068288,2608,4682,20%,42
T068297,2608,1088,20%,42
T068306,2740,519,20%,42
T068307,2740,3833,20%,42
T068313,2740,484,20%,42
T068326,2740,10080,20%,42
T068328,2740,3498,20%,42
T068346,2740,2308,20%,42
T068352,3106,2693,20%,42
T068356,3106,4100,20%,42
T068359,3106,23,20%,42
T068361,3106,2751,20%,42
T068369,3106,2420,20%,42
T068370,3106,311,20%,42
T068372,3106,214,20%,42
T068384,3106,7610,20%,42
T068395,3106,2866,20%,42
T068396,3106,1501,20%,42
T068404,4463,41,20%,42
T068407,4463,7901,20%,42
T068413,4463,7099,20%,42
T068415,4463,3316,20%,42
T068418,4463,1197,20%,42
T068420,4463,7788,20%,42
T068424,4463,4064,20%,42
T068426,4463,2387,20%,42
T068429,4463,3775,20%,42
T068440,4463,1780,20%,42
T068442,4463,4329,20%,42
T068452,4848,7357,20%,42
T068458,4848,3956,20%,42
T068460,4848,9724,20%,42
T068463,4848,1147,20%,42
T068469,4848,5065,20%,42
T068470,4848,4263,20%,42
T068476,4848,121,20%,42
T068478,4848,6709,20%,42
T068479,4848,295,20%,42
T068481,4848,2441,20%,42
T068484,4848,7086,20%,42
T068500,5050,2075,20%,42
T068508,5050,7890,20%,42
T068522,5050,2138,20%,42
T068525,5050,7856,20%,42
T068530,5050,6412,20%,42
T068532,5050,2034,20%,42
T068533,5050,5937,20%,42
T068537,5050,3863,20%,42
T068549,5050,2434,20%,42
T068554,5657,398,20%,42
T068560,5657,9524,20%,42
T068564,5657,9733,20%,42
T068571,5657,9087,20%,42
T068575,5657,7384,20%,42
T068577,5657,1490,20%,42
T068580,5657,5320,20%,42
T068581,5657,8819,20%,42
T068594,5657,2078,20%,42
T068601,5991,8828,20%,42
T068613,5991,3518,20%,42
T068617,5991,211,20%,42
T068624,5991,1092,20%,42
T068627,5991,2806,20%,42
T068628,5991,4848,20%,42
T068634,5991,7665,20%,42
T068640,5991,4866,20%,42
T068660,6110,2912,20%,42
T068663,6110,8871,20%,42
T068670,6110,9790,20%,42
T068671,6110,847,20%,42
T068676,6110,3588,20%,42
T068687,6110,6195,20%,42
T068688,6110,605,20%,42
T068694,6110,9082,20%,42
T068714,6351,2121,20%,42
T068721,6351,1143,20%,42
T068724,6351,967,20%,42
T068726,6351,54,20%,42
T068727,6351,403,20%,42
T068732,6351,10350,20%,42
T068737,6351,9830,20%,42
T068741,6351,24,20%,42
T068742,6351,6135,20%,42
T068745,6351,819,20%,42
T068759,7120,917,20%,42
T068762,7120,7242,20%,42
T068768,7120,7856,20%,42
T068772,7120,4866,20%,42
T068777,7120,2618,20%,42
T068779,7120,4046,20%,42
T068780,7120,362,20%,42
T068782,7120,2926,20%,42
T068783,7120,421,20%,42
T068784,7120,2881,20%,42
T068790,7120,1244,20%,42
T068792,7120,1838,20%,42
T068793,7120,8266,20%,42
T068796,7120,7167,20%,42
T068803,7630,6669,20%,42
T068805,7630,2444,20%,42
T068807,7630,1658,20%,42
T068808,7630,3697,20%,42
T068816,7630,528,20%,42
T068830,7630,4783,20%,42
T068833,7630,4420,20%,42
T068837,7630,177,20%,42
T068841,7630,862,20%,42
T068845,7630,2374,20%,42
T068851,8089,2439,20%,42
T068853,8089,7242,20%,42
T068854,8089,1116,20%,42
T068855,8089,8075,20%,42
T068857,8089,5744,20%,42
T068860,8089,10030,20%,42
T068861,8089,9204,20%,42
T068864,8089,7942,20%,42
T068865,8089,7165,20%,42
T068871,8089,9771,20%,42
T068878,8089,4024,20%,42
T068879,8089,987,20%,42
T068880,8089,4303,20%,42
T068881,8089,5308,20%,42
T068886,8089,5438,20%,42
T068888,8089,319,20%,42
T068890,8089,6851,20%,42
T068901,8399,3479,20%,42
T068912,8399,8505,20%,42
T068913,8399,6602,20%,42
T068914,8399,3316,20%,42
T068918,8399,6353,20%,42
T068920,8399,85,20%,42
T068922,8399,49,20%,42
T068934,8399,8828,20%,42
T068939,8399,517,20%,42
T068941,8399,3870,20%,42
T068950,8783,6949,20%,42
T068956,8783,1709,20%,42
T068967,8783,10060,20%,42
T068971,8783,13,20%,42
T068984,8783,9210,20%,42
T068993,8783,4334,20%,42
T069001,10314,398,20%,42
T069002,10314,6513,20%,42
T069003,10314,4523,20%,42
T069004,10314,6754,20%,42
T069009,10314,1197,20%,42
T069011,10314,67,20%,42
T069012,10314,3570,20%,42
T069013,10314,5078,20%,42
T069017,10314,360,20%,42
T069035,10314,4968,20%,42
T069036,10314,5927,20%,42
T069037,10314,915,20%,42
T069041,10314,637,20%,42
T069042,10314,528,20%,42
T069049,10314,6754,20%,42
T069051,327,3356,20%,42
T069057,327,453,20%,42
T069059,327,412,20%,42
T069062,327,5973,20%,42
T069063,327,6851,20%,42
T069068,327,4227,20%,42
T069069,327,4111,20%,42
T069074,327,2650,20%,42
T069080,327,6897,20%,42
T069085,327,2275,20%,42
T069087,327,6519,20%,42
T069091,327,1572,20%,42
T069094,327,89,20%,42
T069105,546,4420,20%,42
T069107,546,5970,20%,42
T069112,546,532,20%,42
T069120,546,8819,20%,42
T069122,546,844,20%,42
T069152,603,430,20%,42
T069160,603,4478,20%,42
T069162,603,278,20%,42
T069165,603,2693,20%,42
T069167,603,7460,20%,42
T069171,603,3090,20%,42
T069172,603,6090,20%,42
T069173,603,2729,20%,42
T069174,603,6606,20%,42
T069179,603,1120,20%,42
T069184,603,7940,20%,42
T069192,603,8087,20%,42
T069197,603,1019,20%,42
T069213,704,88,20%,42
T069217,704,4486,20%,42
T069220,704,4958,20%,42
T069225,704,9216,20%,42
T069228,704,1592,20%,42
T069232,704,6647,20%,42
T069234,704,9257,20%,42
T069239,704,4432,20%,42
T069241,704,7887,20%,42
T069245,704,3951,20%,42
T069251,959,9063,20%,42
T069255,959,921,20%,42
T069264,959,2194,20%,42
T069280,959,6365,20%,42
T069292,959,8304,20%,42
T069306,1054,3276,20%,42
T069308,1054,16,20%,42
T069316,1054,1546,20%,42
T069317,1054,1490,20%,42
T069319,1054,6301,20%,42
T069320,1054,6407,20%,42
T069337,1054,10030,20%,42
T069338,1054,2418,20%,42
T069352,1079,3088,20%,42
T069357,1079,30,20%,42
T069363,1079,6213,20%,42
T069370,1079,3065,20%,42
T069372,1079,3386,20%,42
T069375,1079,391,20%,42
T069378,1079,8816,20%,42
T069382,1079,651,20%,42
T069383,1079,1054,20%,42
T069385,1079,411,20%,42
T069396,1079,7471,20%,42
T069402,1098,3206,20%,42
T069403,1098,1204,20%,42
T069404,1098,7525,20%,42
T069406,1098,7906,20%,42
T069407,1098,2478,20%,42
T069408,1098,1399,20%,42
T069414,1098,8778,20%,42
T069419,1098,5618,20%,42
T069420,1098,9941,20%,42
T069422,1098,3439,20%,42
T069423,1098,187,20%,42
T069425,1098,2882,20%,42
T069428,1098,6689,20%,42
T069429,1098,3729,20%,42
T069438,1098,7818,20%,42
T069439,1098,6709,20%,42
T069441,1098,3503,20%,42
T069454,1895,2227,20%,42
T069458,1895,9570,20%,42
T069459,1895,9,20%,42
T069462,1895,1154,20%,42
T069465,1895,69,20%,42
T069469,1895,2,20%,42
T069470,1895,1668,20%,42
T069478,1895,6425,20%,42
T069479,1895,7162,20%,42
T069483,1895,6663,20%,42
T069485,1895,4164,20%,42
T069486,1895,412,20%,42
T069488,1895,5107,20%,42
T069489,1895,6109,20%,42
T069493,1895,638,20%,42
T069500,2112,5643,20%,42
T069506,2112,5416,20%,42
T069514,2112,6353,20%,42
T069517,2112,721,20%,42
T069519,2112,1542,20%,42
T069523,2112,240,20%,42
T069529,2112,3456,20%,42
T069534,2112,5053,20%,42
T069538,2112,1641,20%,42
T069547,2112,5879,20%,42
T069549,2112,4939,20%,42
T069560,2192,5592,20%,42
T069563,2192,2554,20%,42
T069565,2192,5814,20%,42
T069568,2192,5889,20%,42
T069582,2192,1994,20%,42
T069590,2192,9258,20%,42
T069591,2192,2734,20%,42
T069592,2192,5678,20%,42
T069593,2192,4376,20%,42
T069600,2602,1981,20%,42
T069606,2602,31,20%,42
T069610,2602,3863,20%,42
T069612,2602,7199,20%,42
T069613,2602,176,20%,42
T069619,2602,5990,20%,42
T069621,2602,37,20%,42
T069623,2602,4054,20%,42
T069625,2602,1215,20%,42
T069628,2602,2244,20%,42
T069631,2602,4890,20%,42
T069634,2602,2609,20%,42
T069641,2602,7162,20%,42
T069645,2602,2987,20%,42
T069646,2602,1161,20%,42
T069647,2602,2355,20%,42
T069653,2734,1248,20%,42
T069655,2734,2941,20%,42
T069671,2734,1910,20%,42
T069675,2734,9237,20%,42
T069676,2734,311,20%,42
T069679,2734,3457,20%,42
T069692,2734,5630,20%,42
T069693,2734,97,20%,42
T069694,2734,464,20%,42
T069707,2987,5419,20%,42
T069710,2987,2602,20%,42
T069711,2987,294,20%,42
T069714,2987,29,20%,42
T069723,2987,8469,20%,42
T069728,2987,2965,20%,42
T069744,2987,1042,20%,42
T069752,3456,1183,20%,42
T069753,3456,1131,20%,42
T069761,3456,1269,20%,42
T069766,3456,3055,20%,42
T069768,3456,7030,20%,42
T069769,3456,893,20%,42
T069770,3456,5529,20%,42
T069779,3456,2789,20%,42
T069780,3456,3410,20%,42
T069783,3456,3728,20%,42
T069791,3456,393,20%,42
T069794,3456,237,20%,42
T069797,3456,6934,20%,42
T069802,3901,3106,20%,42
T069815,3901,1655,20%,42
T069823,3901,4955,20%,42
T069826,3901,8914,20%,42
T069839,3901,232,20%,42
T069843,3901,2602,20%,42
T069854,4208,6558,20%,42
T069860,4208,6685,20%,42
T069865,4208,435,20%,42
T069866,4208,860,20%,42
T069868,4208,4347,20%,42
T069872,4208,4730,20%,42
T069876,4208,9844,20%,42
T069877,4208,476,20%,42
T069878,4208,524,20%,42
T069880,4208,8737,20%,42
T069885,4208,2527,20%,42
T069886,4208,1639,20%,42
T069887,4208,3822,20%,42
T069888,4208,2040,20%,42
T069891,4208,1124,20%,42
T069905,4265,4503,20%,42
T069915,4265,4191,20%,42
T069925,4265,5172,20%,42
T069931,4265,152,20%,42
T069935,4265,5166,20%,42
T069941,4265,8617,20%,42
T069944,4265,3351,20%,42
T069945,4265,1089,20%,42
T069946,4265,2842,20%,42
T069951,4373,5446,20%,42
T069953,4373,185,20%,42
T069954,4373,1798,20%,42
T069977,4373,4444,20%,42
T069988,4373,1572,20%,42
T070000,4546,370,20%,42
T070016,4546,1223,20%,42
T070020,4546,8444,20%,42
T070023,4546,941,20%,42
T070034,4546,6605,20%,42
T070035,4546,4790,20%,42
T070039,4546,4537,20%,42
T070046,4546,1572,20%,42
T070054,4606,6441,20%,42
T070057,4606,4033,20%,42
T070073,4606,5963,20%,42
T070086,4606,158,20%,42
T070090,4606,1079,20%,42
T070091,4606,2677,20%,42
T070092,4606,1918,20%,42
T070094,4606,270,20%,42
T070095,4606,4011,20%,42
T070098,4606,855,20%,42
T070100,4879,2815,20%,42
T070111,4879,3450,20%,42
T070112,4879,2814,20%,42
T070113,4879,6732,20%,42
T070117,4879,6890,20%,42
T070118,4879,1313,20%,42
T070119,4879,305,20%,42
T070120,4879,93,20%,42
T070121,4879,9124,20%,42
T070124,4879,3314,20%,42
T070127,4879,3759,20%,42
T070129,4879,4762,20%,42
T070130,4879,649,20%,42
T070138,4879,2548,20%,42
T070148,4879,8663,20%,42
T070149,4879,234,20%,42
T070152,5990,4585,20%,42
T070166,5990,2818,20%,42
T070169,5990,467,20%,42
T070174,5990,8855,20%,42
T070175,5990,6815,20%,42
T070182,5990,1645,20%,42
T070200,6437,8266,20%,42
T070201,6437,4044,20%,42
T070205,6437,1398,20%,42
T070206,6437,2710,20%,42
T070207,6437,10233,20%,42
T070213,6437,2131,20%,42
T070214,6437,2484,20%,42
T070217,6437,5260,20%,42
T070221,6437,5882,20%,42
T070225,6437,8783,20%,42
T070234,6437,2387,20%,42
T070237,6437,2329,20%,42
T070244,6437,659,20%,42
T070248,6437,8746,20%,42
T070253,7724,6754,20%,42
T070259,7724,1754,20%,42
T070270,7724,4207,20%,42
T070273,7724,862,20%,42
T070276,7724,901,20%,42
T070285,7724,4306,20%,42
T070293,7724,1909,20%,42
T070295,7724,2740,20%,42
T070299,7724,968,20%,42
T070303,8295,117,20%,42
T070304,8295,4771,20%,42
T070324,8295,1727,20%,42
T070326,8295,9771,20%,42
T070332,8295,6638,20%,42
T070336,8295,7951,20%,42
T070338,8295,5153,20%,42
T070342,8295,693,20%,42
T070343,8295,7030,20%,42
T070345,8295,7115,20%,42
T070348,8295,6458,20%,42
T070351,9257,5210,20%,42
T070360,9257,6353,20%,42
T070361,9257,3936,20%,42
T070362,9257,936,20%,42
T070365,9257,2883,20%,42
T070369,9257,5041,20%,42
T070373,9257,1040,20%,42
T070375,9257,841,20%,42
T070376,9257,3450,20%,42
T070380,9257,1126,20%,42
T070384,9257,9204,20%,42
T070385,9257,5793,20%,42
T070387,9257,1818,20%,42
T070400,9543,6621,20%,42
T070401,9543,6513,20%,42
T070404,9543,2882,20%,42
T070407,9543,7316,20%,42
T070409,9543,359,20%,42
T070420,9543,2804,20%,42
T070425,9543,7042,20%,42
T070428,9543,3749,20%,42
T070429,9543,7268,20%,42
T070430,9543,2347,20%,42
T070432,9543,1863,20%,42
T070443,9543,7381,20%,42
T070446,9543,6485,20%,42
T070448,9543,436,20%,42
T070451,9570,5366,20%,42
T070452,9570,2512,20%,42
T070461,9570,308,20%,42
T070462,9570,4879,20%,42
T070467,9570,6983,20%,42
T070471,9570,8399,20%,42
T070475,9570,651,20%,42
T070478,9570,1132,20%,42
T070479,9570,4152,20%,42
T070486,9570,3407,20%,42
T070487,9570,5292,20%,42
T070498,9570,7888,20%,42
T070501,10028,9124,20%,42
T070502,10028,8146,20%,42
T070510,10028,10040,20%,42
T070511,10028,9620,20%,42
T070513,10028,1810,20%,42
T070515,10028,51,20%,42
T070519,10028,9237,20%,42
T070521,10028,8116,20%,42
T070523,10028,8373,20%,42
T070526,10028,3066,20%,42
T070529,10028,5488,20%,42
T070531,10028,3326,20%,42
T070534,10028,554,20%,42
T070537,10028,1164,20%,42
T070539,10028,3583,20%,42
T070540,10028,294,20%,42
T070541,10028,73,20%,42
T070554,10342,421,20%,42
T070557,10342,5949,20%,42
T070560,10342,629,20%,42
T070572,10342,4646,20%,42
T070584,10342,411,20%,42
T070588,10342,2331,20%,42
T070589,10342,10148,20%,42
T070591,10342,966,20%,42
T070602,232,6274,20%,42
T070603,232,3362,20%,42
T070606,232,1539,20%,42
T070607,232,1931,20%,42
T070612,232,3457,20%,42
T070613,232,6747,20%,42
T070621,232,3618,20%,42
T070622,232,4257,20%,42
T070623,232,4597,20%,42
T070627,232,959,20%,42
T070637,232,2657,20%,42
T070639,232,5887,20%,42
T070642,232,5366,20%,42
T070644,232,9941,20%,42
T070647,232,3410,20%,42
T070651,241,1362,20%,42
T070661,241,7128,20%,42
T070662,241,2321,20%,42
T070664,241,6993,20%,42
T070677,241,3,20%,42
T070679,241,3208,20%,42
T070687,241,5529,20%,42
T070690,241,250,20%,42
T070692,241,978,20%,42
T070695,241,683,20%,42
T070697,241,3687,20%,42
T070699,241,2192,20%,42
T070700,975,4054,20%,42
T070702,975,5775,20%,42
T070712,975,8108,20%,42
T070713,975,1649,20%,42
T070716,975,1361,20%,42
T070725,975,6134,20%,42
T070735,975,3629,20%,42
T070748,975,2912,20%,42
T070749,975,7896,20%,42
T070751,1071,554,20%,42
T070752,1071,8298,20%,42
T070753,1071,1541,20%,42
T070759,1071,4007,20%,42
T070760,1071,2965,20%,42
T070765,1071,1791,20%,42
T070773,1071,166,20%,42
T070776,1071,647,20%,42
T070777,1071,8203,20%,42
T070785,1071,7630,20%,42
T070786,1071,5245,20%,42
T070787,1071,234,20%,42
T070793,1071,4444,20%,42
T070795,1071,1147,20%,42
T070796,1071,6981,20%,42
T070804,1202,5514,20%,42
T070808,1202,4958,20%,42
T070809,1202,333,20%,42
T070812,1202,1976,20%,42
T070813,1202,3356,20%,42
T070835,1202,697,20%,42
T070841,1202,684,20%,42
T070842,1202,9543,20%,42
T070843,1202,8116,20%,42
T070847,1202,6890,20%,42
T070860,1550,4949,20%,42
T070867,1550,895,20%,42
T070870,1550,8700,20%,42
T070872,1550,2420,20%,42
T070873,1550,4011,20%,42
T070878,1550,7127,20%,42
T070882,1550,74,20%,42
T070886,1550,8380,20%,42
T070892,1550,3936,20%,42
T070893,1550,4168,20%,42
T070903,1693,3154,20%,42
T070907,1693,6723,20%,42
T070909,1693,206,20%,42
T070910,1693,3479,20%,42
T070912,1693,3467,20%,42
T070913,1693,362,20%,42
T070918,1693,5529,20%,42
T070919,1693,253,20%,42
T070922,1693,18,20%,42
T070925,1693,6030,20%,42
T070943,1693,279,20%,42
T070950,1718,3971,20%,42
T070956,1718,5170,20%,42
T070961,1718,5153,20%,42
T070967,1718,6115,20%,42
T070970,1718,322,20%,42
T070971,1718,7042,20%,42
T070975,1718,5830,20%,42
T070977,1718,6840,20%,42
T070978,1718,1704,20%,42
T070980,1718,4506,20%,42
T070985,1718,2920,20%,42
T070991,1718,915,20%,42
T070999,1718,5065,20%,42
T071014,2131,6851,20%,42
T071027,2131,6097,20%,42
T071031,2131,4007,20%,42
T071039,2131,2333,20%,42
T071042,2131,3678,20%,42
T071050,2167,5162,20%,42
T071054,2167,8312,20%,42
T071058,2167,497,20%,42
T071064,2167,458,20%,42
T071076,2167,509,20%,42
T071077,2167,5599,20%,42
T071080,2167,4969,20%,42
T071084,2167,6151,20%,42
T071094,2167,1196,20%,42
T071100,2941,1533,20%,42
T071102,2941,8380,20%,42
T071103,2941,2902,20%,42
T071106,2941,4187,20%,42
T071108,2941,132,20%,42
T071109,2941,1211,20%,42
T071114,2941,5958,20%,42
T071117,2941,5409,20%,42
T071123,2941,9764,20%,42
T071138,2941,5226,20%,42
T071153,3787,871,20%,42
T071159,3787,8583,20%,42
T071164,3787,8258,20%,42
T071165,3787,9164,20%,42
T071172,3787,6726,20%,42
T071174,3787,9325,20%,42
T071176,3787,1019,20%,42
T071179,3787,5009,20%,42
T071188,3787,3718,20%,42
T071191,3787,3459,20%,42
T071192,3787,3361,20%,42
T071201,4024,1179,20%,42
T071202,4024,109,20%,42
T071204,4024,2493,20%,42
T071209,4024,3439,20%,42
T071211,4024,5967,20%,42
T071222,4024,36,20%,42
T071231,4024,5949,20%,42
T071238,4024,3746,20%,42
T071239,4024,2093,20%,42
T071241,4024,145,20%,42
T071248,4024,6,20%,42
T071255,4161,2829,20%,42
T071261,4161,7984,20%,42
T071262,4161,5627,20%,42
T071272,4161,8926,20%,42
T071276,4161,3619,20%,42
T071287,4161,168,20%,42
T071296,4161,4376,20%,42
T071299,4161,4844,20%,42
T071308,4183,2446,20%,42
T071317,4183,360,20%,42
T071321,4183,3016,20%,42
T071322,4183,3749,20%,42
T071323,4183,1050,20%,42
T071326,4183,1154,20%,42
T071329,4183,1215,20%,42
T071330,4183,6374,20%,42
T071331,4183,5409,20%,42
T071337,4183,8241,20%,42
T071340,4183,8111,20%,42
T071342,4183,6063,20%,42
T071348,4183,7870,20%,42
T071349,4183,6514,20%,42
T071360,5210,2212,20%,42
T071363,5210,536,20%,42
T071365,5210,1370,20%,42
T071366,5210,9119,20%,42
T071374,5210,2661,20%,42
T071375,5210,7088,20%,42
T071376,5210,3630,20%,42
T071378,5210,7600,20%,42
T071379,5210,10080,20%,42
T071387,5210,3139,20%,42
T071394,5210,2275,20%,42
T071396,5210,5958,20%,42
T071398,5210,1754,20%,42
T071399,5210,7811,20%,42
T071402,5308,663,20%,42
T071413,5308,3705,20%,42
T071415,5308,3253,20%,42
T071416,5308,2355,20%,42
T071421,5308,5889,20%,42
T071422,5308,6202,20%,42
T071425,5308,2526,20%,42
T071427,5308,5549,20%,42
T071430,5308,7786,20%,42
T071431,5308,3674,20%,42
T071433,5308,7120,20%,42
T071436,5308,2441,20%,42
T071437,5308,5444,20%,42
T071446,5308,1053,20%,42
T071449,5308,9941,20%,42
T071453,5556,2167,20%,42
T071455,5556,6833,20%,42
T071460,5556,1042,20%,42
T071469,5556,2009,20%,42
T071476,5556,6406,20%,42
T071483,5556,1385,20%,42
T071485,5556,1574,20%,42
T071493,5556,4221,20%,42
T071494,5556,100,20%,42
T071496,5556,6325,20%,42
T071498,5556,5967,20%,42
T071503,6408,5267,20%,42
T071504,6408,8207,20%,42
T071509,6408,9512,20%,42
T071515,6408,3003,20%,42
T071516,6408,2559,20%,42
T071517,6408,3941,20%,42
T071518,6408,4856,20%,42
T071519,6408,3719,20%,42
T071525,6408,8816,20%,42
T071527,6408,2505,20%,42
T071529,6408,4523,20%,42
T071532,6408,5042,20%,42
T071534,6408,8303,20%,42
T071548,6408,3296,20%,42
T071555,6552,7226,20%,42
T071556,6552,6993,20%,42
T071559,6552,3567,20%,42
T071575,6552,2352,20%,42
T071581,6552,5273,20%,42
T071589,6552,9210,20%,42
T071592,6552,1866,20%,42
T071596,6552,2902,20%,42
T071597,6552,641,20%,42
T071599,6552,4040,20%,42
T071600,6791,1342,20%,42
T071610,6791,1250,20%,42
T071611,6791,5267,20%,42
T071614,6791,4208,20%,42
T071615,6791,6552,20%,42
T071618,6791,9572,20%,42
T071632,6791,8346,20%,42
T071633,6791,6499,20%,42
T071636,6791,3240,20%,42
T071642,6791,3177,20%,42
T071649,6791,421,20%,42
T071651,7024,612,20%,42
T071662,7024,1673,20%,42
T071666,7024,359,20%,42
T071669,7024,6370,20%,42
T071683,7024,3886,20%,42
T071684,7024,1843,20%,42
T071686,7024,7127,20%,42
T071688,7024,3676,20%,42
T071690,7024,5752,20%,42
T071695,7024,696,20%,42
T071696,7024,108,20%,42
T071697,7024,3922,20%,42
T071705,7049,1102,20%,42
T071710,7049,3190,20%,42
T071712,7049,5180,20%,42
T071715,7049,5446,20%,42
T071718,7049,8381,20%,42
T071724,7049,2676,20%,42
T071728,7049,1610,20%,42
T071755,7127,4334,20%,42
T071756,7127,880,20%,42
T071763,7127,1595,20%,42
T071767,7127,3593,20%,42
T071768,7127,6109,20%,42
T071773,7127,6135,20%,42
T071781,7127,5345,20%,42
T071782,7127,5468,20%,42
T071786,7127,470,20%,42
T071803,7411,6996,20%,42
T071805,7411,4043,20%,42
T071811,7411,7940,20%,42
T071825,7411,1550,20%,42
T071828,7411,7984,20%,42
T071831,7411,2218,20%,42
T071835,7411,109,20%,42
T071841,7411,5811,20%,42
T071842,7411,4040,20%,42
T071843,7411,240,20%,42
T071847,7411,519,20%,42
T071849,7411,1017,20%,42
T071862,7471,2084,20%,42
T071864,7471,1524,20%,42
T071867,7471,2602,20%,42
T071888,7471,8067,20%,42
T071890,7471,30,20%,42
T071902,8022,5360,20%,42
T071907,8022,7615,20%,42
T071911,8022,4769,20%,42
T071916,8022,7167,20%,42
T071933,8022,595,20%,42
T071938,8022,6299,20%,42
T071949,8022,3190,20%,42
T071950,8146,858,20%,42
T071958,8146,2949,20%,42
T071966,8146,4024,20%,42
T071973,8146,1269,20%,42
T071979,8146,378,20%,42
T071983,8146,3208,20%,42
T071984,8146,5438,20%,42
T071985,8146,1216,20%,42
T072003,8324,6351,20%,42
T072008,8324,6949,20%,42
T072014,8324,626,20%,42
T072017,8324,1801,20%,42
T072022,8324,2355,20%,42
T072024,8324,5326,20%,42
T072026,8324,1194,20%,42
T072027,8324,7529,20%,42
T072028,8324,391,20%,42
T072030,8324,3870,20%,42
T072033,8324,3351,20%,42
T072034,8324,8258,20%,42
T072035,8324,3421,20%,42
T072039,8324,4365,20%,42
T072045,8324,8612,20%,42
T072046,8324,5078,20%,42
T072061,8416,1439,20%,42
T072074,8416,2719,20%,42
T072082,8416,1545,20%,42
T072086,8416,1040,20%,42
T072101,9345,647,20%,42
T072103,9345,403,20%,42
T072110,9345,7460,20%,42
T072113,9345,2789,20%,42
T072114,9345,5953,20%,42
T072118,9345,5793,20%,42
T072132,9345,1053,20%,42
T072141,9345,131,20%,42
T072150,4,3012,20%,42
T072158,4,7525,20%,42
T072167,4,3374,20%,42
T072170,4,4585,20%,42
T072179,4,2733,20%,42
T072182,4,4627,20%,42
T072192,4,6134,20%,42
T072197,4,2657,20%,42
T072209,290,2072,20%,42
T072220,290,3715,20%,42
T072225,290,1286,20%,42
T072244,290,651,20%,42
T072245,290,253,20%,42
T072254,880,3400,20%,42
T072257,880,421,20%,42
T072260,880,3729,20%,42
T072263,880,1931,20%,42
T072267,880,5016,20%,42
T072270,880,973,20%,42
T072272,880,254,20%,42
T072275,880,6954,20%,42
T072289,880,6303,20%,42
T072306,1207,6172,20%,42
T072308,1207,527,20%,42
T072332,1207,170,20%,42
T072335,1207,4208,20%,42
T072338,1207,1954,20%,42
T072339,1207,2656,20%,42
T072345,1207,3169,20%,42
T072352,1268,2455,20%,42
T072360,1268,7786,20%,42
T072362,1268,5381,20%,42
T072367,1268,8926,20%,42
T072374,1268,531,20%,42
T072379,1268,1822,20%,42
T072380,1268,2949,20%,42
T072384,1268,9850,20%,42
T072387,1268,5107,20%,42
T072389,1268,1574,20%,42
T072392,1268,3012,20%,42
T072397,1268,4486,20%,42
T072400,1514,3524,20%,42
T072401,1514,8111,20%,42
T072406,1514,8063,20%,42
T072407,1514,3450,20%,42
T072409,1514,1935,20%,42
T072410,1514,2473,20%,42
T072427,1514,3306,20%,42
T072430,1514,2390,20%,42
T072443,1514,2829,20%,42
T072447,1514,210,20%,42
T072453,1535,3006,20%,42
T072455,1535,9441,20%,42
T072465,1535,5191,20%,42
T072467,1535,7925,20%,42
T072470,1535,1824,20%,42
T072478,1535,3570,20%,42
T072505,1673,7925,20%,42
T072512,1673,3025,20%,42
T072517,1673,371,20%,42
T072519,1673,590,20%,42
T072521,1673,4585,20%,42
T072522,1673,1876,20%,42
T072530,1673,196,20%,42
T072531,1673,858,20%,42
T072536,1673,596,20%,42
T072538,1673,5811,20%,42
T072540,1673,8075,20%,42
T072546,1673,1818,20%,42
T072553,2600,1342,20%,42
T072555,2600,8615,20%,42
T072572,2600,57,20%,42
T072574,2600,3006,20%,42
T072576,2600,7792,20%,42
T072577,2600,9486,20%,42
T072581,2600,8203,20%,42
T072593,2600,6339,20%,42
T072599,2600,4800,20%,42
T072602,2637,2084,20%,42
T072610,2637,3350,20%,42
T072612,2637,8642,20%,42
T072621,2637,1161,20%,42
T072622,2637,2042,20%,42
T072623,2637,1268,20%,42
T072625,2637,10293,20%,42
T072629,2637,6351,20%,42
T072630,2637,6045,20%,42
T072631,2637,3667,20%,42
T072632,2637,403,20%,42
T072637,2637,9731,20%,42
T072641,2637,10350,20%,42
T072643,2637,194,20%,42
T072662,3177,2987,20%,42
T072667,3177,4027,20%,42
T072668,3177,9997,20%,42
T072670,3177,8883,20%,42
T072683,3177,2897,20%,42
T072684,3177,2435,20%,42
T072685,3177,605,20%,42
T072687,3177,1895,20%,42
T072698,3177,7792,20%,42
T072706,3321,1538,20%,42
T072708,3321,5409,20%,42
T072709,3321,603,20%,42
T072711,3321,8324,20%,42
T072712,3321,2661,20%,42
T072722,3321,9620,20%,42
T072725,3321,3016,20%,42
T072730,3321,2010,20%,42
T072732,3321,3006,20%,42
T072737,3321,42,20%,42
T072741,3321,3583,20%,42
T072749,3321,8732,20%,42
T072750,3618,4769,20%,42
T072755,3618,3012,20%,42
T072764,3618,4743,20%,42
T072766,3618,7216,20%,42
T072776,3618,392,20%,42
T072779,3618,4088,20%,42
T072780,3618,2851,20%,42
T072786,3618,88,20%,42
T072789,3618,1535,20%,42
T072790,3618,941,20%,42
T072791,3618,132,20%,42
T072793,3618,1372,20%,42
T072795,3618,109,20%,42
T072797,3618,4955,20%,42
T072799,3618,2941,20%,42
T072805,3667,862,20%,42
T072809,3667,6128,20%,42
T072817,3667,6193,20%,42
T072820,3667,7776,20%,42
T072822,3667,5048,20%,42
T072824,3667,5095,20%,42
T072826,3667,9617,20%,42
T072827,3667,6830,20%,42
T072831,3667,10231,20%,42
T072834,3667,47,20%,42
T072835,3667,7887,20%,42
T072838,3667,899,20%,42
T072841,3667,7411,20%,42
T072843,3667,9997,20%,42
T072845,3667,4384,20%,42
T072847,3667,8063,20%,42
T072848,3667,909,20%,42
T072849,3667,6253,20%,42
T072851,3936,5725,20%,42
T072853,3936,9724,20%,42
T072861,3936,914,20%,42
T072870,3936,1055,20%,42
T072890,3936,421,20%,42
T072891,3936,8198,20%,42
T072905,4221,7776,20%,42
T072906,4221,4232,20%,42
T072912,4221,227,20%,42
T072915,4221,1004,20%,42
T072924,4221,131,20%,42
T072927,4221,5494,20%,42
T072937,4221,3728,20%,42
T072945,4221,7042,20%,42
T072947,4221,6092,20%,42
T072956,4314,473,20%,42
T072962,4314,3024,20%,42
T072964,4314,221,20%,42
T072965,4314,9572,20%,42
T072977,4314,10079,20%,42
T072979,4314,973,20%,42
T072983,4314,4325,20%,42
T072984,4314,6685,20%,42
T072995,4314,799,20%,42
T073002,4431,1645,20%,42
T073006,4431,3749,20%,42
T073010,4431,5944,20%,42
T073011,4431,5944,20%,42
T073013,4431,195,20%,42
T073014,4431,7144,20%,42
T073019,4431,2567,20%,42
T073024,4431,4499,20%,42
T073026,4431,267,20%,42
T073030,4431,8161,20%,42
T073034,4431,881,20%,42
T073041,4431,1891,20%,42
T073044,4431,350,20%,42
T073050,5252,4808,20%,42
T073051,5252,1022,20%,42
T073052,5252,585,20%,42
T073054,5252,6599,20%,42
T073057,5252,87,20%,42
T073059,5252,3153,20%,42
T073060,5252,384,20%,42
T073062,5252,9345,20%,42
T073071,5252,1242,20%,42
T073073,5252,956,20%,42
T073075,5252,1313,20%,42
T073076,5252,6606,20%,42
T073086,5252,398,20%,42
T073089,5252,404,20%,42
T073090,5252,81,20%,42
T073094,5252,3746,20%,42
T073099,5252,493,20%,42
T073107,5385,165,20%,42
T073117,5385,519,20%,42
T073120,5385,4649,20%,42
T073122,5385,3434,20%,42
T073129,5385,1935,20%,42
T073137,5385,1873,20%,42
T073139,5385,748,20%,42
T073143,5385,8926,20%,42
T073155,5495,4816,20%,42
T073156,5495,5824,20%,42
T073157,5495,818,20%,42
T073158,5495,6622,20%,42
T073160,5495,7673,20%,42
T073166,5495,651,20%,42
T073170,5495,2632,20%,42
T073175,5495,4062,20%,42
T073178,5495,10040,20%,42
T073181,5495,808,20%,42
T073188,5495,7411,20%,42
T073199,5495,350,20%,42
T073209,5839,8198,20%,42
T073219,5839,1873,20%,42
T073221,5839,7894,20%,42
T073232,5839,5726,20%,42
T073233,5839,2512,20%,42
T073234,5839,3619,20%,42
T073239,5839,7593,20%,42
T073241,5839,193,20%,42
T073243,5839,37,20%,42
T073246,5839,2243,20%,42
T073247,5839,8642,20%,42
T073248,5839,149,20%,42
T073249,5839,8687,20%,42
T073256,5949,165,20%,42
T073257,5949,1040,20%,42
T073259,5949,4265,20%,42
T073260,5949,3938,20%,42
T073263,5949,208,20%,42
T073280,5949,6049,20%,42
T073281,5949,1588,20%,42
T073283,5949,4387,20%,42
T073291,5949,10,20%,42
T073298,5949,2676,20%,42
T073306,7460,3973,20%,42
T073311,7460,1546,20%,42
T073313,7460,2291,20%,42
T073324,7460,4704,20%,42
T073328,7460,7759,20%,42
T073330,7460,818,20%,42
T073332,7460,338,20%,42
T073340,7460,1115,20%,42
T073342,7460,6747,20%,42
T073353,7940,6485,20%,42
T073357,7940,256,20%,42
T073358,7940,5500,20%,42
T073361,7940,4322,20%,42
T073364,7940,899,20%,42
T073365,7940,5075,20%,42
T073367,7940,8739,20%,42
T073369,7940,10231,20%,42
T073377,7940,1384,20%,42
T073379,7940,977,20%,42
T073389,7940,2632,20%,42
T073394,7940,7411,20%,42
T073397,7940,8883,20%,42
T073398,7940,2892,20%,42
T073407,7987,915,20%,42
T073411,7987,1572,20%,42
T073413,7987,4285,20%,42
T073415,7987,693,20%,42
T073416,7987,7031,20%,42
T073431,7987,2920,20%,42
T073438,7987,7673,20%,42
T073446,7987,2196,20%,42
T073447,7987,10101,20%,42
T073448,7987,2526,20%,42
T073451,8161,8866,20%,42
T073454,8161,477,20%,42
T073455,8161,8063,20%,42
T073456,8161,6981,20%,42
T073471,8161,255,20%,42
T073475,8161,5803,20%,42
T073487,8161,1873,20%,42
T073491,8161,6063,20%,42
T073508,8373,120,20%,42
T073509,8373,3588,20%,42
T073510,8373,264,20%,42
T073516,8373,8087,20%,42
T073517,8373,2085,20%,42
T073520,8373,8541,20%,42
T073528,8373,8295,20%,42
T073530,8373,1645,20%,42
T073531,8373,8067,20%,42
T073534,8373,9790,20%,42
T073537,8373,5061,20%,42
T073539,8373,69,20%,42
T073542,8373,8715,20%,42
T073543,8373,612,20%,42
T073547,8373,8882,20%,42
T073549,8373,517,20%,42
T073553,8496,3331,20%,42
T073556,8496,9515,20%,42
T073559,8496,2584,20%,42
T073561,8496,2040,20%,42
T073564,8496,365,20%,42
T073565,8496,3886,20%,42
T073568,8496,4724,20%,42
T073584,8496,2626,20%,42
T073585,8496,6349,20%,42
T073596,8496,1321,20%,42
T073597,8496,3645,20%,42
T073600,8658,977,20%,42
T073603,8658,1326,20%,42
T073612,8658,3975,20%,42
T073626,8658,5338,20%,42
T073631,8658,5678,20%,42
T073636,8658,1824,20%,42
T073638,8658,4743,20%,42
T073643,8658,2677,20%,42
T073673,8975,2510,20%,42
T073674,8975,3871,20%,42
T073683,8975,6284,20%,42
T073691,8975,4800,20%,42
T073692,8975,1466,20%,42
T073698,8975,5278,20%,42
T073699,8975,8781,20%,42
T073702,9063,1204,20%,42
T073706,9063,6745,20%,42
T073709,9063,5547,20%,42
T073723,9063,2274,20%,42
T073724,9063,1692,20%,42
T073725,9063,6743,20%,42
T073728,9063,5190,20%,42
T073732,9063,6840,20%,42
T073733,9063,9724,20%,42
T073740,9063,2271,20%,42
T073743,9063,1202,20%,42
T073744,9063,1017,20%,42
T073752,9164,1985,20%,42
T073760,9164,5744,20%,42
T073762,9164,4334,20%,42
T073773,9164,4033,20%,42
T073784,9164,1754,20%,42
T073788,9164,37,20%,42
T073789,9164,8389,20%,42
T073795,9164,4818,20%,42
T073814,9969,4478,20%,42
T073819,9969,7155,20%,42
T073828,9969,966,20%,42
T073832,9969,5540,20%,42
T073833,9969,531,20%,42
T073834,9969,987,20%,42
T073835,9969,2883,20%,42
T073844,9969,327,20%,42
T073846,9969,4329,20%,42
T073853,10079,601,20%,42
T073857,10079,941,20%,42
T073860,10079,3975,20%,42
T073863,10079,9241,20%,42
T073866,10079,8855,20%,42
T073867,10079,1457,20%,42
T073872,10079,7706,20%,42
T073875,10079,9808,20%,42
T073882,10079,2882,20%,42
T073885,10079,4409,20%,42
T073886,10079,2136,20%,42
T073892,10079,3430,20%,42
T073899,10079,8737,20%,42
T073904,10122,4011,20%,42
T073906,10122,2734,20%,42
T073910,10122,8313,20%,42
T073912,10122,1824,20%,42
T073915,10122,8067,20%,42
T073916,10122,5328,20%,42
T073922,10122,6353,20%,42
T073925,10122,5540,20%,42
T073933,10122,6071,20%,42
T073934,10122,4563,20%,42
T073945,10122,362,20%,42
T073946,10122,626,20%,42
T073950,87,6172,20%,42
T073952,87,607,20%,42
T073954,87,8781,20%,42
T073956,87,6685,20%,42
T073958,87,2471,20%,42
T073967,87,4162,20%,42
T073971,87,3693,20%,42
T073991,87,1269,20%,42
T073992,87,4121,20%,42
T073995,87,9986,20%,42
T074003,100,2167,20%,42
T074005,100,4139,20%,42
T074014,100,4724,20%,42
T074015,100,4169,20%,42
T074017,100,4178,20%,42
T074023,100,952,20%,42
T074025,100,1541,20%,42
T074044,100,7119,20%,42
T074045,100,229,20%,42
T074048,100,4874,20%,42
T074049,100,244,20%,42
T074053,470,4831,20%,42
T074061,470,1207,20%,42
T074062,470,1679,20%,42
T074070,470,237,20%,42
T074092,470,7901,20%,42
T074099,470,1082,20%,42
T074100,582,2984,20%,42
T074102,582,3648,20%,42
T074104,582,29,20%,42
T074107,582,9558,20%,42
T074108,582,4347,20%,42
T074113,582,8019,20%,42
T074120,582,2009,20%,42
T074127,582,2982,20%,42
T074133,582,473,20%,42
T074165,1422,426,20%,42
T074170,1422,7645,20%,42
T074173,1422,3914,20%,42
T074179,1422,171,20%,42
T074186,1422,592,20%,42
T074196,1422,6606,20%,42
T074199,1422,2240,20%,42
T074206,2012,9792,20%,42
T074208,2012,5292,20%,42
T074210,2012,1147,20%,42
T074214,2012,2906,20%,42
T074216,2012,4207,20%,42
T074218,2012,9236,20%,42
T074219,2012,10195,20%,42
T074222,2012,2883,20%,42
T074230,2012,899,20%,42
T074238,2012,3879,20%,42
T074239,2012,31,20%,42
T074247,2012,5197,20%,42
T074251,2544,8664,20%,42
T074265,2544,2291,20%,42
T074266,2544,168,20%,42
T074268,2544,6119,20%,42
T074282,2544,5094,20%,42
T074283,2544,3165,20%,42
T074287,2544,4968,20%,42
T074288,2544,68,20%,42
T074291,2544,2733,20%,42
T074294,2544,1,20%,42
T074298,2544,2227,20%,42
T074301,2883,9952,20%,42
T074302,2883,4325,20%,42
T074304,2883,9738,20%,42
T074306,2883,10206,20%,42
T074309,2883,5287,20%,42
T074310,2883,577,20%,42
T074311,2883,1202,20%,42
T074314,2883,2084,20%,42
T074316,2883,986,20%,42
T074317,2883,7372,20%,42
T074319,2883,1909,20%,42
T074327,2883,10231,20%,42
T074331,2883,518,20%,42
T074334,2883,8339,20%,42
T074339,2883,3518,20%,42
T074341,2883,2552,20%,42
T074342,2883,5927,20%,42
T074343,2883,1136,20%,42
T074344,2883,9853,20%,42
T074348,2883,6,20%,42
T074354,3159,10060,20%,42
T074359,3159,7299,20%,42
T074367,3159,3208,20%,42
T074373,3159,5953,20%,42
T074374,3159,3306,20%,42
T074375,3159,704,20%,42
T074376,3159,6606,20%,42
T074378,3159,8089,20%,42
T074381,3159,6408,20%,42
T074383,3159,2786,20%,42
T074385,3159,360,20%,42
T074396,3159,649,20%,42
T074399,3159,2866,20%,42
T074403,3498,6689,20%,42
T074404,3498,7478,20%,42
T074418,3498,1228,20%,42
T074423,3498,2756,20%,42
T074434,3498,6565,20%,42
T074436,3498,1007,20%,42
T074441,3498,5713,20%,42
T074444,3498,8613,20%,42
T074445,3498,1631,20%,42
T074448,3498,147,20%,42
T074456,3779,539,20%,42
T074461,3779,8108,20%,42
T074465,3779,351,20%,42
T074474,3779,4711,20%,42
T074475,3779,1822,20%,42
T074476,3779,653,20%,42
T074477,3779,578,20%,42
T074483,3779,5748,20%,42
T074488,3779,6081,20%,42
T074494,3779,2749,20%,42
T074495,3779,5178,20%,42
T074497,3779,4190,20%,42
T074502,3956,6332,20%,42
T074509,3956,3025,20%,42
T074511,3956,172,20%,42
T074513,3956,3951,20%,42
T074517,3956,3572,20%,42
T074521,3956,2085,20%,42
T074523,3956,5381,20%,42
T074526,3956,9087,20%,42
T074535,3956,3775,20%,42
T074543,3956,5095,20%,42
T074544,3956,3362,20%,42
T074547,3956,147,20%,42
T074550,5622,5714,20%,42
T074552,5622,5967,20%,42
T074553,5622,7518,20%,42
T074555,5622,5468,20%,42
T074566,5622,2834,20%,42
T074574,5622,5470,20%,42
T074576,5622,1699,20%,42
T074581,5622,2756,20%,42
T074585,5622,808,20%,42
T074588,5622,290,20%,42
T074596,5622,1876,20%,42
T074599,5622,1175,20%,42
T074604,5736,6396,20%,42
T074606,5736,1125,20%,42
T074618,5736,977,20%,42
T074619,5736,6871,20%,42
T074633,5736,5958,20%,42
T074639,5736,6119,20%,42
T074646,5736,7786,20%,42
T074650,5744,5170,20%,42
T074667,5744,4269,20%,42
T074671,5744,7887,20%,42
T074684,5744,955,20%,42
T074685,5744,191,20%,42
T074691,5744,8783,20%,42
T074693,5744,3975,20%,42
T074706,5824,4450,20%,42
T074707,5824,4150,20%,42
T074717,5824,5393,20%,42
T074720,5824,6887,20%,42
T074728,5824,760,20%,42
T074733,5824,4711,20%,42
T074734,5824,7002,20%,42
T074747,5824,1193,20%,42
T074748,5824,261,20%,42
T074751,6500,818,20%,42
T074759,6500,2544,20%,42
T074764,6500,342,20%,42
T074765,6500,653,20%,42
T074768,6500,1412,20%,42
T074774,6500,277,20%,42
T074796,6500,1539,20%,42
T074800,6974,6306,20%,42
T074806,6974,1780,20%,42
T074810,6974,158,20%,42
T074813,6974,2387,20%,42
T074814,6974,1007,20%,42
T074816,6974,6090,20%,42
T074822,6974,1434,20%,42
T074823,6974,1129,20%,42
T074827,6974,1558,20%,42
T074828,6974,36,20%,42
T074831,6974,8108,20%,42
T074833,6974,4597,20%,42
T074836,6974,1002,20%,42
T074839,6974,1211,20%,42
T074850,7478,4861,20%,42
T074853,7478,3901,20%,42
T074854,7478,2385,20%,42
T074860,7478,3265,20%,42
T074878,7478,3597,20%,42
T074893,7478,903,20%,42
T074917,8312,8266,20%,42
T074937,8312,6237,20%,42
T074948,8312,582,20%,42
T074949,8312,39,20%,42
T074960,8505,1785,20%,42
T074961,8505,1005,20%,42
T074965,8505,5009,20%,42
T074969,8505,6059,20%,42
T074977,8505,372,20%,42
T074980,8505,8,20%,42
T074984,8505,5973,20%,42
T074985,8505,5795,20%,42
T074987,8505,2731,20%,42
T074989,8505,4431,20%,42
T074992,8505,6408,20%,42
T074995,8505,8169,20%,42
T074997,8505,760,20%,42
T075006,9189,1673,20%,42
T075007,9189,370,20%,42
T075025,9189,3749,20%,42
T075031,9189,4497,20%,42
T075033,9189,2473,20%,42
T075040,9189,7606,20%,42
T075045,9189,2572,20%,42
T075060,9351,7801,20%,42
T075073,9351,651,20%,42
T075076,9351,2639,20%,42
T075078,9351,3503,20%,42
T075083,9351,4691,20%,42
T075088,9351,4142,20%,42
T075096,9351,9570,20%,42
T075112,9507,191,20%,42
T075113,9507,3728,20%,42
T075119,9507,6170,20%,42
T075121,9507,4334,20%,42
T075123,9507,3056,20%,42
T075126,9507,168,20%,42
T075127,9507,10350,20%,42
T075131,9507,196,20%,42
T075132,9507,658,20%,42
T075136,9507,76,20%,42
T075138,9507,8819,20%,42
T075142,9507,3451,20%,42
T075144,9507,1668,20%,42
T075149,9507,4168,20%,42
T075150,9747,8063,20%,42
T075152,9747,444,20%,42
T075158,9747,7518,20%,42
T075166,9747,8266,20%,42
T075169,9747,1613,20%,42
T075170,9747,6949,20%,42
T075171,9747,2567,20%,42
T075172,9747,10189,20%,42
T075179,9747,432,20%,42
T075180,9747,1592,20%,42
T075189,9747,2866,20%,42
T075191,9747,4486,20%,42
T075192,9747,229,20%,42
T075202,10189,370,20%,42
T075207,10189,277,20%,42
T075210,10189,4693,20%,42
T075218,10189,6934,20%,42
T075221,10189,2355,20%,42
T075229,10189,6125,20%,42
T075231,10189,1164,20%,42
T075235,10189,8763,20%,42
T075241,10189,6432,20%,42
T075242,10189,4294,20%,42
T075247,10189,8313,20%,42
T075250,40,6049,20%,42
T075252,40,10006,20%,42
T075255,40,4257,20%,42
T075265,40,8389,20%,42
T075272,40,10233,20%,42
T075283,40,1791,20%,42
T075293,40,658,20%,42
T075299,40,93,20%,42
T075302,333,1216,20%,42
T075308,333,1318,20%,42
T075310,333,6081,20%,42
T075324,333,10359,20%,42
T075325,333,1226,20%,42
T075327,333,3007,20%,42
T075331,333,1888,20%,42
T075335,333,2829,20%,42
T075336,333,235,20%,42
T075343,333,2918,20%,42
T075354,671,2615,20%,42
T075359,671,9620,20%,42
T075362,671,1241,20%,42
T075366,671,2535,20%,42
T075375,671,2618,20%,42
T075384,671,9764,20%,42
T075389,671,943,20%,42
T075391,671,311,20%,42
T075398,671,1818,20%,42
T075400,787,306,20%,42
T075404,787,5622,20%,42
T075406,787,704,20%,42
T075421,787,2984,20%,42
T075423,787,34,20%,42
T075424,787,207,20%,42
T075427,787,2693,20%,42
T075436,787,3114,20%,42
T075437,787,8778,20%,42
T075441,787,5949,20%,42
T075442,787,5582,20%,42
T075448,787,10122,20%,42
T075457,1129,365,20%,42
T075460,1129,8975,20%,42
T075465,1129,4232,20%,42
T075467,1129,6485,20%,42
T075469,1129,5851,20%,42
T075473,1129,1212,20%,42
T075481,1129,9940,20%,42
T075489,1129,2867,20%,42
T075492,1129,9969,20%,42
T075495,1129,4503,20%,42
T075514,1516,799,20%,42
T075518,1516,2600,20%,42
T075520,1516,120,20%,42
T075531,1516,2918,20%,42
T075536,1516,76,20%,42
T075537,1516,2626,20%,42
T075542,1516,411,20%,42
T075559,2204,8324,20%,42
T075563,2204,4142,20%,42
T075565,2204,384,20%,42
T075573,2204,3103,20%,42
T075577,2204,5287,20%,42
T075580,2204,2164,20%,42
T075581,2204,6622,20%,42
T075590,2204,251,20%,42
T075597,2204,1342,20%,42
T075613,2300,1810,20%,42
T075619,2300,10342,20%,42
T075639,2300,2319,20%,42
T075640,2300,6224,20%,42
T075643,2300,5016,20%,42
T075644,2300,9371,20%,42
T075655,2609,3006,20%,42
T075658,2609,2892,20%,42
T075661,2609,3496,20%,42
T075665,2609,4691,20%,42
T075666,2609,8392,20%,42
T075669,2609,208,20%,42
T075674,2609,4728,20%,42
T075681,2609,4762,20%,42
T075683,2609,5416,20%,42
T075687,2609,4281,20%,42
T075689,2609,599,20%,42
T075695,2609,550,20%,42
T075696,2609,3276,20%,42
T075700,2677,4728,20%,42
T075703,2677,953,20%,42
T075708,2677,2138,20%,42
T075717,2677,546,20%,42
T075720,2677,8819,20%,42
T075722,2677,39,20%,42
T075724,2677,571,20%,42
T075727,2677,3741,20%,42
T075735,2677,5955,20%,42
T075744,2677,3231,20%,42
T075748,2677,3398,20%,42
T075751,2802,1183,20%,42
T075754,2802,672,20%,42
T075760,2802,1189,20%,42
T075761,2802,3232,20%,42
T075763,2802,3139,20%,42
T075766,2802,4161,20%,42
T075770,2802,5994,20%,42
T075773,2802,2189,20%,42
T075775,2802,2131,20%,42
T075781,2802,3611,20%,42
T075783,2802,9345,20%,42
T075794,2802,6361,20%,42
T075802,3066,3718,20%,42
T075807,3066,4314,20%,42
T075813,3066,9572,20%,42
T075815,3066,2397,20%,42
T075816,3066,6405,20%,42
T075818,3066,1299,20%,42
T075821,3066,1115,20%,42
T075828,3066,2423,20%,42
T075835,3066,7432,20%,42
T075839,3066,249,20%,42
T075840,3066,2329,20%,42
T075854,3593,5599,20%,42
T075855,3593,421,20%,42
T075859,3593,6088,20%,42
T075870,3593,4732,20%,42
T075876,3593,6605,20%,42
T075884,3593,2984,20%,42
T075885,3593,383,20%,42
T075891,3593,4221,20%,42
T075894,3593,7630,20%,42
T075899,3593,1848,20%,42
T075914,3611,9039,20%,42
T075919,3611,1222,20%,42
T075920,3611,4771,20%,42
T075936,3611,10148,20%,42
T075941,3611,8922,20%,42
T075943,3611,4591,20%,42
T075944,3611,187,20%,42
T075947,3611,1953,20%,42
T075948,3611,249,20%,42
T075951,4627,5048,20%,42
T075957,4627,3788,20%,42
T075962,4627,3459,20%,42
T075969,4627,1228,20%,42
T075986,4627,8532,20%,42
T075993,4627,980,20%,42
T075995,4627,4546,20%,42
T075999,4627,3464,20%,42
T076001,5172,1313,20%,42
T076002,5172,5338,20%,42
T076006,5172,4800,20%,42
T076012,5172,21,20%,42
T076017,5172,8866,20%,42
T076022,5172,7031,20%,42
T076025,5172,5500,20%,42
T076027,5172,266,20%,42
T076038,5172,2308,20%,42
T076039,5172,5725,20%,42
T076042,5172,637,20%,42
T076044,5172,567,20%,42
T076049,5172,5589,20%,42
T076055,5953,1824,20%,42
T076058,5953,2527,20%,42
T076066,5953,10,20%,42
T076068,5953,9369,20%,42
T076072,5953,7250,20%,42
T076073,5953,1056,20%,42
T076075,5953,4463,20%,42
T076080,5953,2982,20%,42
T076083,5953,5127,20%,42
T076094,5953,1516,20%,42
T076101,6092,7333,20%,42
T076105,6092,6110,20%,42
T076108,6092,5752,20%,42
T076117,6092,8828,20%,42
T076118,6092,5162,20%,42
T076120,6092,5034,20%,42
T076122,6092,194,20%,42
T076130,6092,10333,20%,42
T076134,6092,7103,20%,42
T076137,6092,8175,20%,42
T076141,6092,9106,20%,42
T076142,6092,4004,20%,42
T076157,6134,2966,20%,42
T076160,6134,5879,20%,42
T076162,6134,456,20%,42
T076169,6134,4591,20%,42
T076171,6134,7764,20%,42
T076176,6134,178,20%,42
T076179,6134,7478,20%,42
T076186,6134,443,20%,42
T076190,6134,179,20%,42
T076192,6134,5075,20%,42
T076212,6970,1514,20%,42
T076219,6970,6023,20%,42
T076221,6970,8047,20%,42
T076231,6970,1780,20%,42
T076238,6970,6361,20%,42
T076239,6970,190,20%,42
T076242,6970,7489,20%,42
T076247,6970,1034,20%,42
T076253,7250,5953,20%,42
T076257,7250,3484,20%,42
T076260,7250,4603,20%,42
T076261,7250,1704,20%,42
T076263,7250,4620,20%,42
T076268,7250,2009,20%,42
T076278,7250,3016,20%,42
T076282,7250,6669,20%,42
T076286,7250,1049,20%,42
T076296,7250,4487,20%,42
T076312,7449,7083,20%,42
T076313,7449,980,20%,42
T076318,7449,6509,20%,42
T076319,7449,909,20%,42
T076325,7449,493,20%,42
T076326,7449,2920,20%,42
T076327,7449,7319,20%,42
T076331,7449,7389,20%,42
T076334,7449,9064,20%,42
T076336,7449,3450,20%,42
T076343,7449,2875,20%,42
T076350,7870,8871,20%,42
T076351,7870,65,20%,42
T076354,7870,5172,20%,42
T076355,7870,5197,20%,42
T076364,7870,5267,20%,42
T076370,7870,220,20%,42
T076379,7870,6978,20%,42
T076382,7870,7606,20%,42
T076387,7870,603,20%,42
T076389,7870,315,20%,42
T076393,7870,7887,20%,42
T076397,7870,8737,20%,42
T076409,7970,3253,20%,42
T076416,7970,7083,20%,42
T076419,7970,9441,20%,42
T076421,7970,2321,20%,42
T076425,7970,603,20%,42
T076426,7970,1164,20%,42
T076427,7970,3648,20%,42
T076431,7970,1375,20%,42
T076436,7970,5814,20%,42
T076437,7970,1592,20%,42
T076445,7970,4376,20%,42
T076454,8169,529,20%,42
T076459,8169,2678,20%,42
T076466,8169,2189,20%,42
T076470,8169,6520,20%,42
T076473,8169,4431,20%,42
T076485,8169,2423,20%,42
T076488,8169,2851,20%,42
T076490,8169,4365,20%,42
T076506,8739,1815,20%,42
T076514,8739,1499,20%,42
T076515,8739,2572,20%,42
T076517,8739,4046,20%,42
T076518,8739,901,20%,42
T076519,8739,250,20%,42
T076521,8739,2479,20%,42
T076526,8739,1538,20%,42
T076527,8739,3884,20%,42
T076530,8739,1228,20%,42
T076543,8739,7977,20%,42
T076547,8739,4238,20%,42
T076555,8969,456,20%,42
T076559,8969,5811,20%,42
T076566,8969,1685,20%,42
T076570,8969,5812,20%,42
T076577,8969,3938,20%,42
T076582,8969,966,20%,42
T076594,8969,9020,20%,42
T076596,8969,3517,20%,42
T076597,8969,524,20%,42
T076598,8969,6605,20%,42
T076599,8969,5202,20%,42
T076601,9701,7665,20%,42
T076604,9701,7796,20%,42
T076620,9701,2656,20%,42
T076631,9701,2059,20%,42
T076634,9701,5839,20%,42
T076643,9701,6063,20%,42
T076648,9701,1938,20%,42
T076651,10486,4,20%,42
T076663,10486,2417,20%,42
T076664,10486,844,20%,42
T076673,10486,6459,20%,42
T076681,10486,231,20%,42
T076683,10486,5531,20%,42
T076696,10486,6412,20%,42
T076701,253,2637,20%,42
T076709,253,36,20%,42
T076710,253,8089,20%,42
T076711,253,534,20%,42
T076716,253,9836,20%,42
T076726,253,138,20%,42
T076729,253,1718,20%,42
T076734,253,4469,20%,42
T076750,355,1122,20%,42
T076758,355,10314,20%,42
T076759,355,909,20%,42
T076762,355,2626,20%,42
T076763,355,1240,20%,42
T076764,355,6889,20%,42
T076766,355,3624,20%,42
T076767,355,6441,20%,42
T076770,355,26,20%,42
T076771,355,5260,20%,42
T076779,355,238,20%,42
T076781,355,8389,20%,42
T076785,355,1200,20%,42
T076787,355,372,20%,42
T076788,355,6198,20%,42
T076798,355,5839,20%,42
T076804,484,4334,20%,42
T076809,484,6602,20%,42
T076814,484,2244,20%,42
T076836,484,5233,20%,42
T076837,484,2920,20%,42
T076857,718,614,20%,42
T076866,718,6951,20%,42
T076869,718,5172,20%,42
T076875,718,2107,20%,42
T076884,718,7460,20%,42
T076886,718,5510,20%,42
T076892,718,3153,20%,42
T076897,718,5447,20%,42
T076909,738,3386,20%,42
T076910,738,7918,20%,42
T076923,738,8778,20%,42
T076925,738,3241,20%,42
T076929,738,7995,20%,42
T076930,738,393,20%,42
T076942,738,7894,20%,42
T076944,738,2078,20%,42
T076945,738,5197,20%,42
T076950,860,4232,20%,42
T076954,860,1207,20%,42
T076956,860,1867,20%,42
T076959,860,9515,20%,42
T076965,860,3593,20%,42
T076974,860,5843,20%,42
T076984,860,5563,20%,42
T076987,860,1337,20%,42
T076997,860,5271,20%,42
T077016,1047,663,20%,42
T077029,1047,5994,20%,42
T077031,1047,9849,20%,42
T077033,1047,4142,20%,42
T077045,1047,121,20%,42
T077050,1094,90,20%,42
T077052,1094,5851,20%,42
T077061,1094,5643,20%,42
T077072,1094,8063,20%,42
T077081,1094,7242,20%,42
T077090,1094,2935,20%,42
T077091,1094,9790,20%,42
T077092,1094,1861,20%,42
T077095,1094,4800,20%,42
T077104,1798,5023,20%,42
T077110,1798,7226,20%,42
T077111,1798,747,20%,42
T077114,1798,8542,20%,42
T077118,1798,7764,20%,42
T077123,1798,2729,20%,42
T077129,1798,534,20%,42
T077131,1798,3007,20%,42
T077134,1798,2756,20%,42
T077136,1798,6732,20%,42
T077138,1798,5511,20%,42
T077141,1798,7099,20%,42
T077148,1798,1174,20%,42
T077149,1798,3884,20%,42
T077155,1984,3306,20%,42
T077158,1984,5926,20%,42
T077159,1984,157,20%,42
T077160,1984,21,20%,42
T077165,1984,5828,20%,42
T077170,1984,1533,20%,42
T077181,1984,4111,20%,42
T077184,1984,295,20%,42
T077185,1984,5312,20%,42
T077194,1984,6265,20%,42
T077199,1984,354,20%,42
T077205,2687,4783,20%,42
T077207,2687,186,20%,42
T077209,2687,3386,20%,42
T077217,2687,6425,20%,42
T077218,2687,8416,20%,42
T077240,2687,3384,20%,42
T077253,3214,4314,20%,42
T077257,3214,5286,20%,42
T077265,3214,3630,20%,42
T077269,3214,6873,20%,42
T077271,3214,7375,20%,42
T077280,3214,8658,20%,42
T077285,3214,9850,20%,42
T077297,3214,1074,20%,42
T077299,3214,2378,20%,42
T077300,3374,2707,20%,42
T077301,3374,229,20%,42
T077314,3374,1223,20%,42
T077319,3374,7464,20%,42
T077322,3374,10343,20%,42
T077326,3374,571,20%,42
T077329,3374,3871,20%,42
T077338,3374,6621,20%,42
T077341,3374,5518,20%,42
T077347,3374,7449,20%,42
T077354,3586,3787,20%,42
T077357,3586,3593,20%,42
T077359,3586,7119,20%,42
T077360,3586,2121,20%,42
T077375,3586,995,20%,42
T077386,3586,3430,20%,42
T077393,3586,261,20%,42
T077395,3586,8687,20%,42
T077401,3775,6685,20%,42
T077412,3775,565,20%,42
T077415,3775,5879,20%,42
T077418,3775,6090,20%,42
T077419,3775,2484,20%,42
T077423,3775,6109,20%,42
T077424,3775,7216,20%,42
T077425,3775,5839,20%,42
T077429,3775,4847,20%,42
T077430,3775,2478,20%,42
T077437,3775,10325,20%,42
T077441,3775,234,20%,42
T077443,3775,8783,20%,42
T077458,3971,924,20%,42
T077461,3971,1984,20%,42
T077467,3971,841,20%,42
T077479,3971,1815,20%,42
T077481,3971,248,20%,42
T077484,3971,5713,20%,42
T077486,3971,714,20%,42
T077491,3971,10261,20%,42
T077497,3971,3007,20%,42
T077507,4100,872,20%,42
T077510,4100,8476,20%,42
T077514,4100,4506,20%,42
T077517,4100,8712,20%,42
T077523,4100,1985,20%,42
T077524,4100,9164,20%,42
T077529,4100,6088,20%,42
T077532,4100,1089,20%,42
T077543,4100,8819,20%,42
T077545,4100,3469,20%,42
T077548,4100,544,20%,42
T077554,4486,3951,20%,42
T077557,4486,7684,20%,42
T077564,4486,10293,20%,42
T077570,4486,5041,20%,42
T077575,4486,2085,20%,42
T077587,4486,6996,20%,42
T077588,4486,4724,20%,42
T077590,4486,4329,20%,42
T077597,4486,690,20%,42
T077600,5107,257,20%,42
T077609,5107,35,20%,42
T077613,5107,3272,20%,42
T077614,5107,9708,20%,42
T077615,5107,5385,20%,42
T077623,5107,7724,20%,42
T077644,5107,4895,20%,42
T077647,5107,2961,20%,42
T077662,5180,2319,20%,42
T077685,5180,854,20%,42
T077691,5180,443,20%,42
T077692,5180,5067,20%,42
T077693,5180,550,20%,42
T077709,5510,6,20%,42
T077713,5510,176,20%,42
T077714,5510,2842,20%,42
T077722,5510,2505,20%,42
T077733,5510,1095,20%,42
T077737,5510,8975,20%,42
T077738,5510,2099,20%,42
T077743,5510,270,20%,42
T077748,5510,19,20%,42
T077753,5529,8381,20%,42
T077754,5529,7187,20%,42
T077769,5529,173,20%,42
T077773,5529,4862,20%,42
T077782,5529,4848,20%,42
T077784,5529,2535,20%,42
T077789,5529,2897,20%,42
T077800,5643,251,20%,42
T077802,5643,2107,20%,42
T077816,5643,955,20%,42
T077819,5643,2080,20%,42
T077825,5643,6954,20%,42
T077836,5643,9369,20%,42
T077837,5643,6897,20%,42
T077842,5643,683,20%,42
T077843,5643,8617,20%,42
T077844,5643,3879,20%,42
T077847,5643,4531,20%,42
T077854,5970,1641,20%,42
T077857,5970,1523,20%,42
T077861,5970,3240,20%,42
T077865,5970,8943,20%,42
T077872,5970,1031,20%,42
T077875,5970,9124,20%,42
T077878,5970,8583,20%,42
T077881,5970,637,20%,42
T077882,5970,9272,20%,42
T077891,5970,923,20%,42
T077893,5970,8408,20%,42
T077896,5970,9377,20%,42
T077899,5970,847,20%,42
T077900,6488,6193,20%,42
T077906,6488,2100,20%,42
T077907,6488,9850,20%,42
T077911,6488,1375,20%,42
T077919,6488,10188,20%,42
T077936,6488,4031,20%,42
T077938,6488,2136,20%,42
T077939,6488,1629,20%,42
T077942,6488,4700,20%,42
T077944,6488,2080,20%,42
T077947,6488,214,20%,42
T077949,6488,1984,20%,42
T077961,6830,231,20%,42
T077970,6830,4064,20%,42
T077972,6830,7987,20%,42
T077973,6830,5630,20%,42
T077979,6830,763,20%,42
T077984,6830,2308,20%,42
T077985,6830,3407,20%,42
T077993,6830,21,20%,42
T077997,6830,5610,20%,42
T078006,7268,9189,20%,42
T078028,7268,6027,20%,42
T078040,7268,5987,20%,42
T078047,7268,1780,20%,42
T078049,7268,22,20%,42
T078051,7542,6357,20%,42
T078052,7542,1061,20%,42
T078055,7542,1082,20%,42
T078057,7542,85,20%,42
T078058,7542,4164,20%,42
T078059,7542,393,20%,42
T078061,7542,7951,20%,42
T078068,7542,5944,20%,42
T078069,7542,1092,20%,42
T078071,7542,2493,20%,42
T078078,7542,458,20%,42
T078081,7542,1786,20%,42
T078082,7542,191,20%,42
T078084,7542,6201,20%,42
T078090,7542,4044,20%,42
T078094,7542,7665,20%,42
T078099,7542,8088,20%,42
T078122,7906,1177,20%,42
T078125,7906,7991,20%,42
T078131,7906,897,20%,42
T078133,7906,4728,20%,42
T078137,7906,1098,20%,42
T078143,7906,6689,20%,42
T078146,7906,4497,20%,42
T078148,7906,491,20%,42
T078164,8175,2982,20%,42
T078168,8175,4503,20%,42
T078172,8175,2941,20%,42
T078177,8175,4161,20%,42
T078178,8175,967,20%,42
T078183,8175,9345,20%,42
T078185,8175,6485,20%,42
T078186,8175,2581,20%,42
T078197,8175,1992,20%,42
T078201,8565,9852,20%,42
T078206,8565,2719,20%,42
T078213,8565,4403,20%,42
T078220,8565,8355,20%,42
T078227,8565,1265,20%,42
T078246,8565,7537,20%,42
T078251,8746,4038,20%,42
T078252,8746,2378,20%,42
T078255,8746,2520,20%,42
T078260,8746,1126,20%,42
T078264,8746,4981,20%,42
T078270,8746,7464,20%,42
T078274,8746,1626,20%,42
T078275,8746,5795,20%,42
T078277,8746,4424,20%,42
T078278,8746,2552,20%,42
T078291,8746,258,20%,42
T078296,8746,1180,20%,42
T078297,8746,3410,20%,42
T078307,8791,527,20%,42
T078311,8791,1161,20%,42
T078317,8791,5120,20%,42
T078319,8791,8408,20%,42
T078325,8791,799,20%,42
T078332,8791,5889,20%,42
T078333,8791,118,20%,42
T078338,8791,148,20%,42
T078339,8791,6134,20%,42
T078342,8791,2455,20%,42
T078352,9371,391,20%,42
T078355,9371,172,20%,42
T078358,9371,6393,20%,42
T078362,9371,2331,20%,42
T078366,9371,3645,20%,42
T078374,9371,8207,20%,42
T078377,9371,1876,20%,42
T078382,9371,449,20%,42
T078384,9371,1848,20%,42
T078385,9371,7037,20%,42
T078390,9371,430,20%,42
T078391,9371,3384,20%,42
T078402,9852,629,20%,42
T078404,9852,3232,20%,42
T078405,9852,6499,20%,42
T078407,9852,6960,20%,42
T078408,9852,8871,20%,42
T078416,9852,3467,20%,42
T078420,9852,8019,20%,42
T078427,9852,527,20%,42
T078431,9852,3809,20%,42
T078433,9852,372,20%,42
T078435,9852,34,20%,42
T078441,9852,8108,20%,42
T078442,9852,5587,20%,42
T078444,9852,3065,20%,42
T078445,9852,5811,20%,42
T078447,9852,1306,20%,42
T078448,9852,2770,20%,42
T078453,10065,3451,20%,42
T078454,10065,4591,20%,42
T078460,10065,607,20%,42
T078461,10065,1222,20%,42
T078467,10065,3585,20%,42
T078472,10065,306,20%,42
T078473,10065,284,20%,42
T078479,10065,31,20%,42
T078482,10065,1802,20%,42
T078487,10065,7673,20%,42
T078497,10065,2697,20%,42
T078498,10065,2040,20%,42
T078499,10065,403,20%,42
T078502,10261,6970,20%,42
T078511,10261,165,20%,42
T078515,10261,977,20%,42
T078533,10261,5148,20%,42
T078534,10261,5107,20%,42
T078542,10261,1163,20%,42
T078544,10261,595,20%,42
T078545,10261,3398,20%,42
T078555,13,8791,20%,42
T078567,13,8745,20%,42
T078574,13,4499,20%,42
T078577,13,3725,20%,42
T078583,13,3583,20%,42
T078585,13,1895,20%,42
T078588,13,5009,20%,42
T078590,13,4416,20%,42
T078604,134,5706,20%,42
T078608,134,8663,20%,42
T078618,134,9258,20%,42
T078619,134,5278,20%,42
T078623,134,2040,20%,42
T078625,134,8571,20%,42
T078637,134,5061,20%,42
T078647,134,2559,20%,42
T078650,228,8857,20%,42
T078655,228,663,20%,42
T078662,228,718,20%,42
T078665,228,8007,20%,42
T078669,228,4227,20%,42
T078670,228,582,20%,42
T078675,228,8737,20%,42
T078685,228,5322,20%,42
T078689,228,3165,20%,42
T078690,228,3230,20%,42
T078695,228,9401,20%,42
T078709,322,926,20%,42
T078723,322,10314,20%,42
T078725,322,467,20%,42
T078729,322,1434,20%,42
T078737,322,1125,20%,42
T078741,322,3457,20%,42
T078746,322,1718,20%,42
T078749,322,3588,20%,42
T078751,342,3331,20%,42
T078754,342,2600,20%,42
T078763,342,10333,20%,42
T078764,342,889,20%,42
T078766,342,2509,20%,42
T078772,342,169,20%,42
T078775,342,7090,20%,42
T078776,342,858,20%,42
T078780,342,616,20%,42
T078783,342,3690,20%,42
T078786,342,8116,20%,42
T078789,342,2040,20%,42
T078795,342,2,20%,42
T078796,342,5360,20%,42
T078799,342,3975,20%,42
T078803,818,9486,20%,42
T078807,818,528,20%,42
T078811,818,2645,20%,42
T078815,818,2731,20%,42
T078819,818,4706,20%,42
T078823,818,4689,20%,42
T078824,818,672,20%,42
T078825,818,2938,20%,42
T078829,818,1174,20%,42
T078832,818,1050,20%,42
T078833,818,7440,20%,42
T078834,818,4325,20%,42
T078845,818,6081,20%,42
T078859,952,9997,20%,42
T078868,952,2851,20%,42
T078878,952,9230,20%,42
T078884,952,5178,20%,42
T078886,952,528,20%,42
T078887,952,2200,20%,42
T078888,952,4689,20%,42
T078893,952,214,20%,42
T078902,1976,5360,20%,42
T078903,1976,7940,20%,42
T078905,1976,8381,20%,42
T078912,1976,1370,20%,42
T078915,1976,4982,20%,42
T078922,1976,8050,20%,42
T078924,1976,1286,20%,42
T078927,1976,5761,20%,42
T078929,1976,2639,20%,42
T078938,1976,2786,20%,42
T078939,1976,1177,20%,42
T078942,1976,2676,20%,42
T078944,1976,251,20%,42
T078945,1976,4007,20%,42
T078946,1976,4432,20%,42
T078952,2078,4191,20%,42
T078956,2078,4761,20%,42
T078962,2078,2527,20%,42
T078964,2078,2275,20%,42
T078979,2078,4621,20%,42
T078982,2078,5125,20%,42
T078985,2078,1524,20%,42
T078990,2078,7024,20%,42
T078992,2078,5973,20%,42
T078997,2078,996,20%,42
T078999,2078,1798,20%,42
T079004,2243,8613,20%,42
T079019,2243,1074,20%,42
T079023,2243,7333,20%,42
T079032,2243,6838,20%,42
T079033,2243,6520,20%,42
T079034,2243,6303,20%,42
T079042,2243,3986,20%,42
T079053,2378,49,20%,42
T079057,2378,7593,20%,42
T079059,2378,612,20%,42
T079060,2378,1657,20%,42
T079064,2378,9401,20%,42
T079071,2378,4866,20%,42
T079081,2378,2165,20%,42
T079082,2378,8715,20%,42
T079089,2378,5706,20%,42
T079092,2378,4982,20%,42
T079099,2378,338,20%,42
T079102,2615,1269,20%,42
T079111,2615,6488,20%,42
T079131,2615,4879,20%,42
T079141,2615,449,20%,42
T079142,2615,5630,20%,42
T079145,2615,6339,20%,42
T079150,2756,9986,20%,42
T079153,2756,31,20%,42
T079158,2756,4362,20%,42
T079161,2756,131,20%,42
T079164,2756,5547,20%,42
T079166,2756,6599,20%,42
T079177,2756,155,20%,42
T079180,2756,900,20%,42
T079186,2756,539,20%,42
T079199,2756,6224,20%,42
T079201,2769,4627,20%,42
T079202,2769,6408,20%,42
T079203,2769,4546,20%,42
T079219,2769,5261,20%,42
T079222,2769,367,20%,42
T079228,2769,308,20%,42
T079231,2769,4424,20%,42
T079235,2769,3758,20%,42
T079236,2769,936,20%,42
T079250,2918,3118,20%,42
T079251,2918,1180,20%,42
T079253,2918,291,20%,42
T079258,2918,1754,20%,42
T079268,2918,1326,20%,42
T079273,2918,921,20%,42
T079277,2918,6934,20%,42
T079281,2918,1838,20%,42
T079283,2918,5377,20%,42
T079291,2918,2789,20%,42
T079295,2918,5795,20%,42
T079310,3230,8975,20%,42
T079312,3230,1669,20%,42
T079319,3230,9175,20%,42
T079322,3230,1524,20%,42
T079328,3230,253,20%,42
T079333,3230,3205,20%,42
T079334,3230,1240,20%,42
T079335,3230,7776,20%,42
T079342,3230,862,20%,42
T079345,3230,1053,20%,42
T079354,3272,8982,20%,42
T079366,3272,129,20%,42
T079370,3272,4506,20%,42
T079371,3272,6201,20%,42
T079374,3272,1818,20%,42
T079375,3272,598,20%,42
T079376,3272,6747,20%,42
T079382,3272,4145,20%,42
T079388,3272,412,20%,42
T079390,3272,5985,20%,42
T079399,3272,1152,20%,42
T079403,3479,3619,20%,42
T079411,3479,147,20%,42
T079412,3479,258,20%,42
T079425,3479,6951,20%,42
T079427,3479,609,20%,42
T079435,3479,8642,20%,42
T079439,3479,998,20%,42
T079443,3479,1791,20%,42
T079444,3479,8295,20%,42
T079453,3517,4704,20%,42
T079458,3517,7601,20%,42
T079478,3517,3095,20%,42
T079480,3517,7165,20%,42
T079486,3517,4444,20%,42
T079490,3517,4139,20%,42
T079496,3517,7542,20%,42
T079503,3609,193,20%,42
T079514,3609,4399,20%,42
T079517,3609,2987,20%,42
T079523,3609,8241,20%,42
T079525,3609,3630,20%,42
T079543,3609,1184,20%,42
T079551,3804,7849,20%,42
T079555,3804,172,20%,42
T079561,3804,4958,20%,42
T079566,3804,2418,20%,42
T079568,3804,6201,20%,42
T079577,3804,1991,20%,42
T079578,3804,8855,20%,42
T079583,3804,3825,20%,42
T079585,3804,968,20%,42
T079590,3804,5622,20%,42
T079606,3871,4031,20%,42
T079610,3871,9515,20%,42
T079611,3871,101,20%,42
T079613,3871,7088,20%,42
T079622,3871,2485,20%,42
T079624,3871,995,20%,42
T079627,3871,595,20%,42
T079629,3871,5009,20%,42
T079638,3871,909,20%,42
T079643,3871,435,20%,42
T079645,3871,2493,20%,42
T079646,3871,4691,20%,42
T079649,3871,3154,20%,42
T079651,4121,1115,20%,42
T079653,4121,2657,20%,42
T079665,4121,1129,20%,42
T079685,4121,3954,20%,42
T079690,4121,7792,20%,42
T079691,4121,3177,20%,42
T079692,4121,2725,20%,42
T079694,4121,1012,20%,42
T079697,4121,3274,20%,42
T079699,4121,8186,20%,42
T079700,4591,496,20%,42
T079704,4591,9292,20%,42
T079707,4591,340,20%,42
T079719,4591,5452,20%,42
T079721,4591,2751,20%,42
T079724,4591,458,20%,42
T079726,4591,5191,20%,42
T079743,4591,2656,20%,42
T079745,4591,3966,20%,42
T079747,4591,2738,20%,42
T079750,4762,2883,20%,42
T079754,4762,8507,20%,42
T079759,4762,5795,20%,42
T079760,4762,177,20%,42
T079765,4762,8746,20%,42
T079767,4762,5084,20%,42
T079774,4762,477,20%,42
T079775,4762,7268,20%,42
T079779,4762,5769,20%,42
T079784,4762,1523,20%,42
T079792,4762,8236,20%,42
T079799,4762,2274,20%,42
T079811,5162,4393,20%,42
T079815,5162,9507,20%,42
T079816,5162,955,20%,42
T079818,5162,7464,20%,42
T079823,5162,7673,20%,42
T079836,5162,2650,20%,42
T079844,5162,862,20%,42
T079850,5393,7542,20%,42
T079854,5393,2347,20%,42
T079855,5393,1093,20%,42
T079859,5393,65,20%,42
T079862,5393,8186,20%,42
T079865,5393,270,20%,42
T079882,5393,554,20%,42
T079894,5393,5529,20%,42
T079896,5393,1572,20%,42
T079897,5393,7120,20%,42
T079908,5963,1867,20%,42
T079911,5963,1542,20%,42
T079920,5963,5319,20%,42
T079928,5963,6954,20%,42
T079945,5963,3520,20%,42
T079953,6519,1336,20%,42
T079954,6519,6253,20%,42
T079960,6519,9087,20%,42
T079965,6519,3787,20%,42
T079974,6519,3007,20%,42
T079978,6519,6202,20%,42
T079980,6519,444,20%,42
T079987,6519,5527,20%,42
T079989,6519,3951,20%,42
T080001,6840,973,20%,42
T080003,6840,1159,20%,42
T080004,6840,1089,20%,42
T080007,6840,2100,20%,42
T080016,6840,683,20%,42
T080025,6840,1197,20%,42
T080028,6840,3583,20%,42
T080039,6840,4523,20%,42
T080043,6840,195,20%,42
T080046,6840,6873,20%,42
T080050,6890,921,20%,42
T080052,6890,7645,20%,42
T080053,6890,3708,20%,42
T080057,6890,2609,20%,42
T080058,6890,8982,20%,42
T080061,6890,7940,20%,42
T080066,6890,996,20%,42
T080067,6890,3004,20%,42
T080069,6890,8389,20%,42
T080073,6890,8470,20%,42
T080076,6890,3154,20%,42
T080086,6890,7199,20%,42
T080090,6890,57,20%,42
T080092,6890,2678,20%,42
T080093,6890,3956,20%,42
T080094,6890,1266,20%,42
T080102,6962,6437,20%,42
T080105,6962,2194,20%,42
T080111,6962,2906,20%,42
T080120,6962,914,20%,42
T080124,6962,9082,20%,42
T080127,6962,3253,20%,42
T080128,6962,404,20%,42
T080129,6962,10030,20%,42
T080131,6962,8050,20%,42
T080132,6962,519,20%,42
T080133,6962,1504,20%,42
T080134,6962,476,20%,42
T080137,6962,664,20%,42
T080141,6962,7991,20%,42
T080142,6962,1131,20%,42
T080144,6962,367,20%,42
T080150,7786,9377,20%,42
T080152,7786,519,20%,42
T080156,7786,7896,20%,42
T080162,7786,5830,20%,42
T080163,7786,311,20%,42
T080166,7786,8531,20%,42
T080167,7786,8975,20%,42
T080172,7786,2707,20%,42
T080174,7786,5063,20%,42
T080177,7786,799,20%,42
T080180,7786,5812,20%,42
T080187,7786,10293,20%,42
T080197,7786,203,20%,42
T080201,8541,5556,20%,42
T080209,8541,6198,20%,42
T080212,8541,432,20%,42
T080215,8541,854,20%,42
T080219,8541,9229,20%,42
T080220,8541,6049,20%,42
T080231,8541,909,20%,42
T080234,8541,3746,20%,42
T080236,8541,1266,20%,42
T080239,8541,1981,20%,42
T080241,8541,2867,20%,42
T080245,8541,8695,20%,42
T080247,8541,6406,20%,42
T080251,8737,9738,20%,42
T080257,8737,5317,20%,42
T080270,8737,1546,20%,42
T080281,8737,8950,20%,42
T080282,8737,1098,20%,42
T080289,8737,333,20%,42
T080293,8737,5957,20%,42
T080301,2,2218,20%,42
T080302,2,513,20%,42
T080307,2,6406,20%,42
T080314,2,2188,20%,42
T080316,2,5622,20%,42
T080330,2,738,20%,42
T080340,2,7440,20%,42
T080342,2,9797,20%,42
T080344,2,6622,20%,42
T080351,30,74,20%,42
T080354,30,9020,20%,42
T080367,30,179,20%,42
T080370,30,2131,20%,42
T080385,30,1649,20%,42
T080387,30,234,20%,42
T080388,30,2107,20%,42
T080394,30,484,20%,42
T080404,226,8470,20%,42
T080414,226,3863,20%,42
T080418,226,4162,20%,42
T080421,226,8266,20%,42
T080431,226,671,20%,42
T080434,226,3591,20%,42
T080435,226,936,20%,42
T080441,226,6796,20%,42
T080449,226,3886,20%,42
T080453,248,1040,20%,42
T080457,248,8855,20%,42
T080459,248,9371,20%,42
T080462,248,4702,20%,42
T080463,248,565,20%,42
T080465,248,193,20%,42
T080468,248,8047,20%,42
T080479,248,7776,20%,42
T080499,248,4847,20%,42
T080503,367,4011,20%,42
T080504,367,10145,20%,42
T080509,367,760,20%,42
T080512,367,2567,20%,42
T080514,367,8861,20%,42
T080523,367,880,20%,42
T080525,367,4576,20%,42
T080527,367,8532,20%,42
T080529,367,1538,20%,42
T080531,367,87,20%,42
T080538,367,7076,20%,42
T080543,367,8663,20%,42
T080552,1023,1539,20%,42
T080556,1023,16,20%,42
T080567,1023,6334,20%,42
T080571,1023,100,20%,42
T080583,1023,3697,20%,42
T080584,1023,8339,20%,42
T080585,1023,8401,20%,42
T080588,1023,5970,20%,42
T080600,1058,2678,20%,42
T080603,1058,2729,20%,42
T080606,1058,1991,20%,42
T080609,1058,9210,20%,42
T080624,1058,8304,20%,42
T080635,1058,6433,20%,42
T080636,1058,1241,20%,42
T080646,1058,2332,20%,42
T080647,1058,3451,20%,42
T080651,1337,6575,20%,42
T080660,1337,9771,20%,42
T080669,1337,4769,20%,42
T080674,1337,3518,20%,42
T080676,1337,6815,20%,42
T080677,1337,2333,20%,42
T080686,1337,8926,20%,42
T080687,1337,4818,20%,42
T080695,1337,944,20%,42
T080699,1337,8658,20%,42
T080702,2118,9237,20%,42
T080703,2118,1910,20%,42
T080704,2118,1215,20%,42
T080719,2118,1131,20%,42
T080721,2118,7083,20%,42
T080728,2118,2629,20%,42
T080731,2118,2121,20%,42
T080739,2118,2806,20%,42
T080740,2118,2725,20%,42
T080744,2118,7449,20%,42
T080745,2118,8715,20%,42
T080751,2358,279,20%,42
T080752,2358,5063,20%,42
T080755,2358,351,20%,42
T080763,2358,1685,20%,42
T080764,2358,5408,20%,42
T080771,2358,5882,20%,42
T080776,2358,8975,20%,42
T080779,2358,7471,20%,42
T080780,2358,847,20%,42
T080781,2358,771,20%,42
T080783,2358,1494,20%,42
T080796,2358,2194,20%,42
T080797,2358,4968,20%,42
T080798,2358,1727,20%,42
T080800,3270,4743,20%,42
T080805,3270,5987,20%,42
T080811,3270,5086,20%,42
T080813,3270,267,20%,42
T080814,3270,1310,20%,42
T080817,3270,397,20%,42
T080829,3270,899,20%,42
T080840,3270,4506,20%,42
T080842,3270,6981,20%,42
T080844,3270,544,20%,42
T080845,3270,196,20%,42
T080855,3567,86,20%,42
T080864,3567,241,20%,42
T080871,3567,496,20%,42
T080874,3567,3719,20%,42
T080886,3567,6170,20%,42
T080896,3567,237,20%,42
T080902,3639,2433,20%,42
T080908,3639,314,20%,42
T080914,3639,2473,20%,42
T080932,3639,3098,20%,42
T080934,3639,2027,20%,42
T080942,3639,4646,20%,42
T080944,3639,3095,20%,42
T080945,3639,1935,20%,42
T080946,3639,3676,20%,42
T080949,3639,294,20%,42
T080965,3822,175,20%,42
T080966,3822,531,20%,42
T080968,3822,6488,20%,42
T080974,3822,531,20%,42
T080994,3822,2646,20%,42
T080996,3822,4204,20%,42
T080999,3822,3518,20%,42
T081011,4043,4478,20%,42
T081015,4043,2527,20%,42
T081016,4043,2751,20%,42
T081017,4043,7987,20%,42
T081025,4043,2956,20%,42
T081027,4043,1613,20%,42
T081028,4043,421,20%,42
T081042,4043,5233,20%,42
T081043,4043,95,20%,42
T081051,8186,5360,20%,42
T081056,8186,1248,20%,42
T081073,8186,7593,20%,42
T081080,8186,5446,20%,42
T081082,8186,10325,20%,42
T081083,8186,47,20%,42
T081091,8186,5127,20%,42
T081093,8186,2023,20%,42
T081094,8186,6873,20%,42
T081099,8186,8399,20%,42
T081108,8241,2639,20%,42
T081112,8241,718,20%,42
T081126,8241,4862,20%,42
T081127,8241,7212,20%,42
T081133,8241,5926,20%,42
T081134,8241,3950,20%,42
T081137,8241,5364,20%,42
T081138,8241,4818,20%,42
T081140,8241,6110,20%,42
T081142,8241,88,20%,42
T081147,8241,8313,20%,42
T081149,8241,8312,20%,42
T081151,8258,2629,20%,42
T081152,8258,10148,20%,42
T081153,8258,8763,20%,42
T081161,8258,199,20%,42
T081164,8258,398,20%,42
T081166,8258,2085,20%,42
T081169,8258,3901,20%,42
T081173,8258,1399,20%,42
T081177,8258,2558,20%,42
T081178,8258,8389,20%,42
T081187,8258,6787,20%,42
T081189,8258,232,20%,42
T081190,8258,8828,20%,42
T081191,8258,2314,20%,42
T081192,8258,3585,20%,42
T081193,8258,6059,20%,42
T081195,8258,3407,20%,42
T081202,8859,284,20%,42
T081206,8859,6594,20%,42
T081208,8859,367,20%,42
T081211,8859,1592,20%,42
T081222,8859,16,20%,42
T081241,8859,4038,20%,42
T081250,9323,258,20%,42
T081255,9323,1188,20%,42
T081259,9323,9235,20%,42
T081261,9323,4334,20%,42
T081265,9323,5511,20%,42
T081268,9323,6198,20%,42
T081273,9323,237,20%,42
T081276,9323,5984,20%,42
T081278,9323,3004,20%,42
T081279,9323,749,20%,42
T081281,9323,10261,20%,42
T081282,9323,4499,20%,42
T081287,9323,1370,20%,42
T081289,9323,3356,20%,42
T081297,9323,9175,20%,42
T081298,9323,220,20%,42
T081300,10071,721,20%,42
T081304,10071,2499,20%,42
T081307,10071,6425,20%,42
T081316,10071,3139,20%,42
T081318,10071,3106,20%,42
T081320,10071,8313,20%,42
T081321,10071,9175,20%,42
T081323,10071,891,20%,42
T081324,10071,9164,20%,42
T081331,10071,6357,20%,42
T081332,10071,4728,20%,42
T081333,10071,8781,20%,42
T081343,10071,8075,20%,42
T081349,10071,9401,20%,42
T081368,10281,1372,20%,42
T081375,10281,25,20%,42
T081377,10281,167,20%,42
T081383,10281,4576,20%,42
T081386,10281,2472,20%,42
T081399,10281,129,20%,42
T081403,917,7088,20%,42
T081411,917,1434,20%,42
T081427,917,7918,20%,42
T081429,917,29,20%,42
T081437,917,658,20%,42
T081447,917,9790,20%,42
T081448,917,275,20%,42
T081450,926,5549,20%,42
T081454,926,5963,20%,42
T081460,926,5153,20%,42
T081463,926,6088,20%,42
T081470,926,2080,20%,42
T081474,926,322,20%,42
T081477,926,9747,20%,42
T081487,926,3986,20%,42
T081492,926,4207,20%,42
T081507,1824,8303,20%,42
T081524,1824,6437,20%,42
T081527,1824,51,20%,42
T081528,1824,2697,20%,42
T081531,1824,245,20%,42
T081536,1824,5582,20%,42
T081537,1824,7776,20%,42
T081539,1824,1938,20%,42
T081544,1824,7042,20%,42
T081545,1824,3434,20%,42
T081546,1824,578,20%,42
T081552,2084,1194,20%,42
T081555,2084,2085,20%,42
T081558,2084,3451,20%,42
T081559,2084,254,20%,42
T081567,2084,2710,20%,42
T081573,2084,1516,20%,42
T081586,2084,1758,20%,42
T081589,2084,9638,20%,42
T081591,2084,8700,20%,42
T081598,2084,5004,20%,42
T081601,3253,10177,20%,42
T081603,3253,6373,20%,42
T081604,3253,539,20%,42
T081608,3253,3024,20%,42
T081612,3253,863,20%,42
T081615,3253,8324,20%,42
T081620,3253,3098,20%,42
T081629,3253,844,20%,42
T081632,3253,4783,20%,42
T081641,3253,4978,20%,42
T081649,3253,6238,20%,42
T081654,3259,6558,20%,42
T081660,3259,6606,20%,42
T081674,3259,4033,20%,42
T081675,3259,5385,20%,42
T081681,3259,8691,20%,42
T081690,3259,2444,20%,42
T081694,3259,2918,20%,42
T081696,3259,3922,20%,42
T081697,3259,294,20%,42
T081709,3398,3400,20%,42
T081721,3398,3180,20%,42
T081726,3398,7786,20%,42
T081727,3398,8950,20%,42
T081730,3398,5298,20%,42
T081737,3398,6962,20%,42
T081742,3398,4144,20%,42
T081750,4048,672,20%,42
T081753,4048,10333,20%,42
T081763,4048,8642,20%,42
T081764,4048,3361,20%,42
T081777,4048,3517,20%,42
T081780,4048,7610,20%,42
T081786,4048,1539,20%,42
T081799,4048,626,20%,42
T081805,4322,8388,20%,42
T081822,4322,8324,20%,42
T081823,4322,1106,20%,42
T081834,4322,97,20%,42
T081842,4322,351,20%,42
T081845,4322,476,20%,42
T081847,4322,2916,20%,42
T081855,4334,2329,20%,42
T081872,4334,1179,20%,42
T081873,4334,9258,20%,42
T081876,4334,5786,20%,42
T081877,4334,6745,20%,42
T081886,4334,8111,20%,42
T081888,4334,1501,20%,42
T081889,4334,1089,20%,42
T081898,4334,6232,20%,42
T081901,4783,2289,20%,42
T081903,4783,1299,20%,42
T081908,4783,2661,20%,42
T081913,4783,371,20%,42
T081917,4783,1019,20%,42
T081922,4783,2387,20%,42
T081931,4783,145,20%,42
T081935,4783,1,20%,42
T081941,4783,1017,20%,42
T081949,4783,2740,20%,42
T081954,4978,8075,20%,42
T081966,4978,8186,20%,42
T081970,4978,2520,20%,42
T081989,4978,1168,20%,42
T082001,5955,772,20%,42
T082009,5955,10120,20%,42
T082017,5955,955,20%,42
T082027,5955,2471,20%,42
T082039,5955,5042,20%,42
T082047,5955,4444,20%,42
T082051,6109,5592,20%,42
T082052,6109,4862,20%,42
T082060,6109,3648,20%,42
T082061,6109,3618,20%,42
T082063,6109,8732,20%,42
T082073,6109,835,20%,42
T082078,6109,6777,20%,42
T082084,6109,7518,20%,42
T082085,6109,2509,20%,42
T082086,6109,29,20%,42
T082091,6109,7176,20%,42
T082099,6109,7906,20%,42
T082112,6202,3786,20%,42
T082117,6202,9034,20%,42
T082120,6202,51,20%,42
T082130,6202,1102,20%,42
T082132,6202,8737,20%,42
T082133,6202,1056,20%,42
T082134,6202,1985,20%,42
T082141,6202,8116,20%,42
T082149,6202,2707,20%,42
T082151,6864,7103,20%,42
T082156,6864,4207,20%,42
T082159,6864,2023,20%,42
T082171,6864,3775,20%,42
T082173,6864,2289,20%,42
T082174,6864,2965,20%,42
T082176,6864,6045,20%,42
T082185,6864,2332,20%,42
T082187,6864,567,20%,42
T082192,6864,4365,20%,42
T082197,6864,2633,20%,42
T082201,6954,6196,20%,42
T082211,6954,5233,20%,42
T082215,6954,41,20%,42
T082216,6954,3456,20%,42
T082220,6954,147,20%,42
T082223,6954,22,20%,42
T082224,6954,582,20%,42
T082226,6954,8855,20%,42
T082228,6954,1764,20%,42
T082229,6954,1265,20%,42
T082232,6954,921,20%,42
T082245,6954,491,20%,42
T082246,6954,1241,20%,42
T082248,6954,5328,20%,42
T082250,7128,397,20%,42
T082258,7128,10060,20%,42
T082260,7128,2012,20%,42
T082264,7128,4306,20%,42
T082278,7128,377,20%,42
T082295,7128,9189,20%,42
T082299,7128,305,20%,42
T082306,7593,4096,20%,42
T082309,7593,10233,20%,42
T082314,7593,1824,20%,42
T082317,7593,5245,20%,42
T082329,7593,5345,20%,42
T082333,7593,3459,20%,42
T082345,7593,81,20%,42
T082347,7593,5065,20%,42
T082350,8408,2374,20%,42
T082356,8408,5725,20%,42
T082357,8408,2274,20%,42
T082358,8408,2300,20%,42
T082360,8408,2167,20%,42
T082377,8408,3205,20%,42
T082382,8408,2099,20%,42
T082387,8408,3209,20%,42
T082389,8408,7887,20%,42
T082391,8408,5065,20%,42
T082398,8408,332,20%,42
T082401,8763,1802,20%,42
T082404,8763,4161,20%,42
T082412,8763,6483,20%,42
T082416,8763,5260,20%,42
T082419,8763,7199,20%,42
T082427,8763,8532,20%,42
T082430,8763,254,20%,42
T082431,8763,6407,20%,42
T082433,8763,3386,20%,42
T082435,8763,4866,20%,42
T082436,8763,2715,20%,42
T082440,8763,684,20%,42
T082445,8763,6970,20%,42
T082457,8867,8828,20%,42
T082460,8867,4969,20%,42
T082469,8867,5990,20%,42
T082470,8867,350,20%,42
T082472,8867,591,20%,42
T082474,8867,250,20%,42
T082477,8867,2084,20%,42
T082479,8867,4499,20%,42
T082484,8867,3459,20%,42
T082486,8867,6688,20%,42
T082488,8867,7103,20%,42
T082492,8867,7030,20%,42
T082506,8914,120,20%,42
T082508,8914,1236,20%,42
T082511,8914,2965,20%,42
T082515,8914,404,20%,42
T082518,8914,4375,20%,42
T082520,8914,1117,20%,42
T082521,8914,1034,20%,42
T082527,8914,2551,20%,42
T082528,8914,4523,20%,42
T082537,8914,7076,20%,42
T082539,8914,134,20%,42
T082546,8914,2897,20%,42
T082547,8914,86,20%,42
T082548,8914,852,20%,42
T082549,8914,2645,20%,42
T082556,8926,2118,20%,42
T082560,8926,8050,20%,42
T082568,8926,9797,20%,42
T082569,8926,6960,20%,42
T082571,8926,9311,20%,42
T082573,8926,5319,20%,42
T082576,8926,1189,20%,42
T082578,8926,2300,20%,42
T082583,8926,2842,20%,42
T082585,8926,3591,20%,42
T082587,8926,8542,20%,42
T082590,8926,3678,20%,42
T082595,8926,1829,20%,42
T082605,9175,138,20%,42
T082615,9175,1866,20%,42
T082616,9175,7937,20%,42
T082619,9175,3901,20%,42
T082625,9175,1226,20%,42
T082626,9175,74,20%,42
T082627,9175,10188,20%,42
T082630,9175,3936,20%,42
T082633,9175,8088,20%,42
T082652,9230,10065,20%,42
T082655,9230,3470,20%,42
T082656,9230,2629,20%,42
T082658,9230,10065,20%,42
T082659,9230,4621,20%,42
T082661,9230,3779,20%,42
T082662,9230,733,20%,42
T082669,9230,9087,20%,42
T082673,9230,730,20%,42
T082684,9230,1062,20%,42
T082685,9230,35,20%,42
T082688,9230,3456,20%,42
T082689,9230,1269,20%,42
T082692,9230,1292,20%,42
T082695,9230,6353,20%,42
T082698,9230,315,20%,42
T082702,9853,462,20%,42
T082705,9853,5233,20%,42
T082710,9853,7389,20%,42
T082716,9853,5990,20%,42
T082720,9853,37,20%,42
T082724,9853,5091,20%,42
T082730,9853,5624,20%,42
T082737,9853,81,20%,42
T082743,9853,5447,20%,42
T082745,9853,941,20%,42
T082746,9853,7460,20%,42
T082754,10145,8169,20%,42
T082768,10145,5510,20%,42
T082771,10145,899,20%,42
T082780,10145,8075,20%,42
T082781,10145,5629,20%,42
T082783,10145,200,20%,42
T082786,10145,4783,20%,42
T082787,10145,7375,20%,42
T082789,10145,7600,20%,42
T082799,10145,589,20%,42
T082802,10359,365,20%,42
T082803,10359,469,20%,42
T082807,10359,7030,20%,42
T082816,10359,1959,20%,42
T082822,10359,565,20%,42
T082826,10359,2072,20%,42
T082828,10359,550,20%,42
T082830,10359,8298,20%,42
T082839,10359,2986,20%,42
T082852,614,5629,20%,42
T082864,614,952,20%,42
T082868,614,8114,20%,42
T082869,614,404,20%,42
T082870,614,2738,20%,42
T082871,614,1245,20%,42
T082874,614,8969,20%,42
T082883,614,1592,20%,42
T082895,614,3464,20%,42
T082897,614,5326,20%,42
T082903,649,615,20%,42
T082922,649,6890,20%,42
T082929,649,7127,20%,42
T082934,649,1545,20%,42
T082937,649,4890,20%,42
T082944,649,2740,20%,42
T082947,649,9701,20%,42
T082949,649,5366,20%,42
T082966,730,332,20%,42
T082976,730,1976,20%,42
T082981,730,19,20%,42
T082982,730,5191,20%,42
T082984,730,1236,20%,42
T083003,835,9115,20%,42
T083011,835,1693,20%,42
T083012,835,5041,20%,42
T083015,835,2188,20%,42
T083016,835,2418,20%,42
T083019,835,6394,20%,42
T083027,835,5360,20%,42
T083033,835,4649,20%,42
T083038,835,360,20%,42
T083051,891,453,20%,42
T083060,891,5994,20%,42
T083065,891,6088,20%,42
T083074,891,7610,20%,42
T083076,891,277,20%,42
T083077,891,1718,20%,42
T083083,891,2584,20%,42
T083086,891,2385,20%,42
T083089,891,5968,20%,42
T083090,891,2362,20%,42
T083092,891,8071,20%,42
T083095,891,6996,20%,42
T083096,891,1014,20%,42
T083100,967,9199,20%,42
T083101,967,10071,20%,42
T083102,967,2626,20%,42
T083108,967,2072,20%,42
T083111,967,4193,20%,42
T083115,967,10188,20%,42
T083118,967,7673,20%,42
T083121,967,9833,20%,42
T083125,967,3259,20%,42
T083134,967,2613,20%,42
T083136,967,385,20%,42
T083140,967,7002,20%,42
T083142,967,5624,20%,42
T083143,967,2486,20%,42
T083154,1074,8745,20%,42
T083155,1074,5949,20%,42
T083158,1074,1933,20%,42
T083160,1074,4808,20%,42
T083165,1074,4604,20%,42
T083179,1074,4375,20%,42
T083182,1074,6698,20%,42
T083186,1074,9543,20%,42
T083188,1074,9401,20%,42
T083193,1074,61,20%,42
T083200,1099,854,20%,42
T083201,1099,22,20%,42
T083208,1099,9230,20%,42
T083209,1099,56,20%,42
T083221,1099,1123,20%,42
T083226,1099,684,20%,42
T083231,1099,173,20%,42
T083239,1099,7079,20%,42
T083246,1099,4401,20%,42
T083248,1099,4100,20%,42
T083251,1318,4431,20%,42
T083262,1318,5556,20%,42
T083267,1318,4689,20%,42
T083269,1318,3936,20%,42
T083270,1318,9764,20%,42
T083271,1318,1292,20%,42
T083274,1318,3871,20%,42
T083279,1318,3924,20%,42
T083283,1318,10065,20%,42
T083287,1318,367,20%,42
T083290,1318,1541,20%,42
T083293,1318,1535,20%,42
T083294,1318,1861,20%,42
T083296,1318,177,20%,42
T083298,1318,2661,20%,42
T083303,1384,6237,20%,42
T083309,1384,1197,20%,42
T083310,1384,8381,20%,42
T083314,1384,6756,20%,42
T083324,1384,3274,20%,42
T083325,1384,38,20%,42
T083326,1384,6459,20%,42
T083329,1384,7002,20%,42
T083332,1384,985,20%,42
T083341,1384,721,20%,42
T083346,1384,8,20%,42
T083351,1439,5360,20%,42
T083366,1439,2935,20%,42
T083368,1439,3697,20%,42
T083372,1439,4303,20%,42
T083376,1439,1094,20%,42
T083387,1439,6726,20%,42
T083395,1439,5514,20%,42
T083397,1439,4178,20%,42
T083398,1439,659,20%,42
T083400,1639,7086,20%,42
T083406,1639,1014,20%,42
T083408,1639,1124,20%,42
T083412,1639,6833,20%,42
T083414,1639,895,20%,42
T083421,1639,9193,20%,42
T083430,1639,1539,20%,42
T083432,1639,284,20%,42
T083436,1639,23,20%,42
T083448,1639,2650,20%,42
T083455,1758,2164,20%,42
T083458,1758,733,20%,42
T083461,1758,1457,20%,42
T083465,1758,7951,20%,42
T083475,1758,3240,20%,42
T083477,1758,6974,20%,42
T083479,1758,1370,20%,42
T083481,1758,385,20%,42
T083485,1758,4393,20%,42
T083489,1758,3209,20%,42
T083490,1758,2687,20%,42
T083492,1758,3606,20%,42
T083493,1758,42,20%,42
T083495,1758,294,20%,42
T083496,1758,4591,20%,42
T083506,1861,2100,20%,42
T083510,1861,2544,20%,42
T083512,1861,10486,20%,42
T083513,1861,207,20%,42
T083520,1861,198,20%,42
T083522,1861,5563,20%,42
T083523,1861,8695,20%,42
T083531,1861,3629,20%,42
T083533,1861,3103,20%,42
T083535,1861,2512,20%,42
T083546,1861,3450,20%,42
T083549,1861,4585,20%,42
T083554,2075,641,20%,42
T083564,2075,5500,20%,42
T083569,2075,2526,20%,42
T083573,2075,3721,20%,42
T083574,2075,4693,20%,42
T083576,2075,104,20%,42
T083579,2075,8312,20%,42
T083583,2075,9237,20%,42
T083586,2075,8,20%,42
T083592,2075,3774,20%,42
T083596,2075,3274,20%,42
T083598,2075,5278,20%,42
T083602,2418,7698,20%,42
T083617,2418,2471,20%,42
T083619,2418,7226,20%,42
T083626,2418,611,20%,42
T083627,2418,1152,20%,42
T083636,2418,843,20%,42
T083641,2418,412,20%,42
T083645,2418,5180,20%,42
T083650,2535,5159,20%,42
T083658,2535,4040,20%,42
T083659,2535,10188,20%,42
T083660,2535,9189,20%,42
T083667,2535,7976,20%,42
T083668,2535,858,20%,42
T083669,2535,1189,20%,42
T083679,2535,4100,20%,42
T083681,2535,6682,20%,42
T083683,2535,1888,20%,42
T083695,2535,3928,20%,42
T083696,2535,2167,20%,42
T083718,2710,2100,20%,42
T083721,2710,4689,20%,42
T083722,2710,2806,20%,42
T083725,2710,4603,20%,42
T083726,2710,2352,20%,42
T083727,2710,7856,20%,42
T083730,2710,8312,20%,42
T083734,2710,8751,20%,42
T083740,2710,7392,20%,42
T083741,2710,2099,20%,42
T083745,2710,443,20%,42
T083748,2710,7894,20%,42
T083750,2851,4706,20%,42
T083756,2851,7269,20%,42
T083757,2851,5495,20%,42
T083759,2851,4920,20%,42
T083761,2851,1610,20%,42
T083765,2851,6605,20%,42
T083766,2851,5326,20%,42
T083768,2851,448,20%,42
T083770,2851,4761,20%,42
T083775,2851,10195,20%,42
T083778,2851,5084,20%,42
T083782,2851,6565,20%,42
T083786,2851,3321,20%,42
T083787,2851,2314,20%,42
T083797,2851,921,20%,42
T083808,3090,5973,20%,42
T083810,3090,1649,20%,42
T083812,3090,9558,20%,42
T083813,3090,696,20%,42
T083814,3090,881,20%,42
T083816,3090,6261,20%,42
T083822,3090,1040,20%,42
T083824,3090,30,20%,42
T083827,3090,5592,20%,42
T083828,3090,4693,20%,42
T083831,3090,4576,20%,42
T083838,3090,131,20%,42
T083855,3491,1090,20%,42
T083856,3491,280,20%,42
T083860,3491,8496,20%,42
T083862,3491,8737,20%,42
T083867,3491,8236,20%,42
T083870,3491,3366,20%,42
T083875,3491,34,20%,42
T083877,3491,2300,20%,42
T083888,3491,6306,20%,42
T083894,3491,6890,20%,42
T083897,3491,976,20%,42
T083900,3928,10359,20%,42
T083902,3928,4790,20%,42
T083905,3928,4978,20%,42
T083925,3928,56,20%,42
T083930,3928,9119,20%,42
T083931,3928,251,20%,42
T083936,3928,5319,20%,42
T083937,3928,996,20%,42
T083941,3928,3588,20%,42
T083946,3928,2526,20%,42
T083950,4169,5518,20%,42
T083956,4169,470,20%,42
T083962,4169,1966,20%,42
T083966,4169,145,20%,42
T083970,4169,1004,20%,42
T083971,4169,1211,20%,42
T083973,4169,6483,20%,42
T083975,4169,249,20%,42
T083984,4169,5468,20%,42
T083985,4169,1457,20%,42
T083986,4169,8206,20%,42
T083989,4169,513,20%,42
T084002,4387,1595,20%,42
T084003,4387,6726,20%,42
T084007,4387,9118,20%,42
T084018,4387,5500,20%,42
T084032,4387,7610,20%,42
T084040,4387,4178,20%,42
T084050,5292,1082,20%,42
T084051,5292,3956,20%,42
T084054,5292,1154,20%,42
T084057,5292,6237,20%,42
T084064,5292,5678,20%,42
T084075,5292,484,20%,42
T084081,5292,2966,20%,42
T084088,5292,8022,20%,42
T084091,5292,9808,20%,42
T084092,5292,492,20%,42
T084100,5452,1008,20%,42
T084104,5452,8541,20%,42
T084106,5452,4150,20%,42
T084107,5452,3667,20%,42
T084115,5452,10079,20%,42
T084117,5452,2080,20%,42
T084119,5452,104,20%,42
T084121,5452,6459,20%,42
T084136,5452,521,20%,42
T084141,5452,4420,20%,42
T084147,5452,7162,20%,42
T084152,5599,2581,20%,42
T084156,5599,2814,20%,42
T084160,5599,1299,20%,42
T084167,5599,1981,20%,42
T084177,5599,952,20%,42
T084185,5599,8541,20%,42
T084186,5599,8507,20%,42
T084190,5599,1863,20%,42
T084191,5599,4294,20%,42
T084198,5599,432,20%,42
T084200,6499,330,20%,42
T084208,6499,901,20%,42
T084213,6499,2987,20%,42
T084228,6499,1209,20%,42
T084230,6499,3729,20%,42
T084238,6499,3326,20%,42
T084239,6499,714,20%,42
T084242,6499,2227,20%,42
T084243,6499,101,20%,42
T084244,6499,1815,20%,42
T084250,6698,8819,20%,42
T084254,6698,5317,20%,42
T084263,6698,3591,20%,42
T084269,6698,8298,20%,42
T084271,6698,2121,20%,42
T084279,6698,2646,20%,42
T084280,6698,9542,20%,42
T084282,6698,3975,20%,42
T084283,6698,2842,20%,42
T084293,6698,3469,20%,42
T084295,6698,6299,20%,42
T084311,6949,95,20%,42
T084327,6949,1061,20%,42
T084330,6949,4238,20%,42
T084342,6949,2549,20%,42
T084343,6949,9401,20%,42
T084344,6949,909,20%,42
T084346,6949,7472,20%,42
T084348,6949,8392,20%,42
T084351,7212,3253,20%,42
T084352,7212,2000,20%,42
T084356,7212,952,20%,42
T084363,7212,592,20%,42
T084364,7212,2084,20%,42
T084368,7212,9572,20%,42
T084370,7212,4861,20%,42
T084372,7212,6688,20%,42
T084374,7212,9230,20%,42
T084375,7212,4939,20%,42
T084381,7212,9371,20%,42
T084385,7212,5028,20%,42
T084387,7212,2700,20%,42
T084390,7212,84,20%,42
T084392,7212,4393,20%,42
T084396,7212,4537,20%,42
T084406,7759,9724,20%,42
T084408,7759,411,20%,42
T084418,7759,1815,20%,42
T084433,7759,9216,20%,42
T084436,7759,186,20%,42
T084438,7759,855,20%,42
T084443,7759,263,20%,42
T084446,7759,8617,20%,42
T084451,7951,8763,20%,42
T084455,7951,9,20%,42
T084468,7951,406,20%,42
T084469,7951,718,20%,42
T084480,7951,7714,20%,42
T084487,7951,8507,20%,42
T084493,7951,2544,20%,42
T084495,7951,6692,20%,42
T084498,7951,436,20%,42
T084504,8664,10535,20%,42
T084529,8664,8617,20%,42
T084536,8664,531,20%,42
T084538,8664,121,20%,42
T084548,8664,1818,20%,42
T084562,10231,5525,20%,42
T084563,10231,1645,20%,42
T084565,10231,6815,20%,42
T084569,10231,663,20%,42
T084577,10231,9923,20%,42
T084579,10231,2358,20%,42
T084592,10231,2434,20%,42
T084597,10231,6978,20%,42
T084602,677,721,20%,42
T084605,677,529,20%,42
T084607,677,3343,20%,42
T084609,677,8505,20%,42
T084613,677,4193,20%,42
T084618,677,12,20%,42
T084619,677,5882,20%,42
T084622,677,8444,20%,42
T084624,677,6406,20%,42
T084625,677,697,20%,42
T084630,677,1953,20%,42
T084635,677,385,20%,42
T084643,677,8114,20%,42
T084657,1212,1664,20%,42
T084662,1212,3407,20%,42
T084663,1212,6261,20%,42
T084665,1212,7212,20%,42
T084666,1212,2093,20%,42
T084667,1212,6325,20%,42
T084669,1212,6181,20%,42
T084674,1212,952,20%,42
T084680,1212,4011,20%,42
T084682,1212,4399,20%,42
T084683,1212,8541,20%,42
T084684,1212,6128,20%,42
T084685,1212,114,20%,42
T084687,1212,5525,20%,42
T084688,1212,2697,20%,42
T084691,1212,2329,20%,42
T084693,1212,1658,20%,42
T084694,1212,4478,20%,42
T084696,1212,4700,20%,42
T084699,1212,5547,20%,42
T084711,1572,355,20%,42
T084716,1572,4232,20%,42
T084728,1572,6674,20%,42
T084729,1572,880,20%,42
T084744,1572,6887,20%,42
T084745,1572,8819,20%,42
T084747,1572,398,20%,42
T084760,1838,1829,20%,42
T084763,1838,308,20%,42
T084766,1838,1550,20%,42
T084768,1838,1669,20%,42
T084772,1838,1658,20%,42
T084775,1838,6688,20%,42
T084776,1838,5446,20%,42
T084781,1838,7086,20%,42
T084783,1838,3366,20%,42
T084785,1838,8146,20%,42
T084788,1838,1184,20%,42
T084794,1838,5177,20%,42
T084795,1838,2004,20%,42
T084807,2471,1516,20%,42
T084818,2471,7698,20%,42
T084825,2471,6244,20%,42
T084827,2471,5409,20%,42
T084835,2471,6873,20%,42
T084839,2471,1204,20%,42
T084842,2471,7951,20%,42
T084843,2471,1490,20%,42
T084846,2471,7099,20%,42
T084847,2471,279,20%,42
T084850,2806,7984,20%,42
T084855,2806,5237,20%,42
T084865,2806,4691,20%,42
T084870,2806,1504,20%,42
T084879,2806,2666,20%,42
T084881,2806,1023,20%,42
T084888,2806,1727,20%,42
T084890,2806,5599,20%,42
T084892,2806,8207,20%,42
T084894,2806,5926,20%,42
T084898,2806,2004,20%,42
T084900,3055,955,20%,42
T084906,3055,5225,20%,42
T084907,3055,577,20%,42
T084910,3055,1542,20%,42
T084911,3055,5814,20%,42
T084912,3055,8571,20%,42
T084914,3055,4861,20%,42
T084918,3055,6458,20%,42
T084929,3055,5618,20%,42
T084932,3055,976,20%,42
T084935,3055,1136,20%,42
T084938,3055,2661,20%,42
T084949,3055,3517,20%,42
T084959,3095,4064,20%,42
T084963,3095,95,20%,42
T084964,3095,3725,20%,42
T084978,3095,10293,20%,42
T084985,3095,6951,20%,42
T084986,3095,5549,20%,42
T084989,3095,871,20%,42
T084995,3095,221,20%,42
T084996,3095,1236,20%,42
T085008,3469,5061,20%,42
T085010,3469,2321,20%,42
T085014,3469,6196,20%,42
T085018,3469,4210,20%,42
T085021,3469,5468,20%,42
T085024,3469,9906,20%,42
T085026,3469,4761,20%,42
T085031,3469,988,20%,42
T085033,3469,1058,20%,42
T085037,3469,5970,20%,42
T085039,3469,8408,20%,42
T085043,3469,2306,20%,42
T085047,3469,1306,20%,42
T085049,3469,233,20%,42
T085050,3629,531,20%,42
T085062,3629,476,20%,42
T085070,3629,7542,20%,42
T085073,3629,6709,20%,42
T085082,3629,4103,20%,42
T085083,3629,2916,20%,42
T085089,3629,4879,20%,42
T085105,3973,886,20%,42
T085106,3973,3586,20%,42
T085109,3973,3619,20%,42
T085110,3973,6756,20%,42
T085111,3973,1954,20%,42
T085113,3973,87,20%,42
T085116,3973,8346,20%,42
T085128,3973,4027,20%,42
T085140,3973,1326,20%,42
T085141,3973,867,20%,42
T085156,4416,1938,20%,42
T085163,4416,5889,20%,42
T085164,4416,5846,20%,42
T085166,4416,2432,20%,42
T085172,4416,6405,20%,42
T085174,4416,257,20%,42
T085181,4416,2897,20%,42
T085182,4416,7099,20%,42
T085184,4416,900,20%,42
T085190,4416,2912,20%,42
T085193,4416,5982,20%,42
T085200,4506,210,20%,42
T085216,4506,10006,20%,42
T085221,4506,4585,20%,42
T085224,4506,240,20%,42
T085226,4506,2200,20%,42
T085228,4506,6485,20%,42
T085235,4506,1384,20%,42
T085237,4506,3046,20%,42
T085239,4506,534,20%,42
T085243,4506,266,20%,42
T085250,5009,6993,20%,42
T085259,5009,2961,20%,42
T085261,5009,8108,20%,42
T085268,5009,2404,20%,42
T085272,5009,18,20%,42
T085280,5009,3158,20%,42
T085281,5009,4502,20%,42
T085288,5009,3818,20%,42
T085290,5009,6904,20%,42
T085291,5009,1062,20%,42
T085292,5009,7845,20%,42
T085296,5009,6709,20%,42
T085302,5239,4011,20%,42
T085305,5239,900,20%,42
T085315,5239,4762,20%,42
T085316,5239,2733,20%,42
T085318,5239,4399,20%,42
T085323,5239,8922,20%,42
T085324,5239,1292,20%,42
T085330,5239,4920,20%,42
T085332,5239,1062,20%,42
T085335,5239,5148,20%,42
T085340,5239,871,20%,42
T085342,5239,1117,20%,42
T085348,5239,9771,20%,42
T085352,6601,5990,20%,42
T085354,6601,8883,20%,42
T085362,6601,841,20%,42
T085363,6601,2867,20%,42
T085367,6601,3986,20%,42
T085375,6601,2192,20%,42
T085377,6601,3690,20%,42
T085379,6601,9849,20%,42
T085383,6601,7269,20%,42
T085387,6601,4314,20%,42
T085393,6601,2471,20%,42
T085394,6601,3006,20%,42
T085396,6601,2455,20%,42
T085397,6601,6125,20%,42
T085400,6726,1268,20%,42
T085401,6726,453,20%,42
T085408,6726,900,20%,42
T085411,6726,167,20%,42
T085416,6726,3259,20%,42
T085418,6726,6787,20%,42
T085419,6726,966,20%,42
T085420,6726,7937,20%,42
T085422,6726,2829,20%,42
T085424,6726,5392,20%,42
T085433,6726,3954,20%,42
T085436,6726,4724,20%,42
T085441,6726,2331,20%,42
T085448,6726,7119,20%,42
T085453,6745,3224,20%,42
T085456,6745,7870,20%,42
T085458,6745,1264,20%,42
T085465,6745,4702,20%,42
T085470,6745,2906,20%,42
T085483,6745,3788,20%,42
T085488,6745,170,20%,42
T085490,6745,2010,20%,42
T085494,6745,3143,20%,42
T085503,6754,2093,20%,42
T085505,6754,7987,20%,42
T085530,6754,3941,20%,42
T085539,6754,18,20%,42
T085561,6889,8819,20%,42
T085566,6889,1209,20%,42
T085577,6889,1867,20%,42
T085579,6889,2393,20%,42
T085580,6889,924,20%,42
T085583,6889,485,20%,42
T085590,6889,1022,20%,42
T085595,6889,1822,20%,42
T085602,7165,7359,20%,42
T085605,7165,1250,20%,42
T085609,7165,693,20%,42
T085629,7165,5984,20%,42
T085633,7165,248,20%,42
T085639,7165,4272,20%,42
T085643,7165,1161,20%,42
T085645,7165,998,20%,42
T085648,7165,6125,20%,42
T085660,7187,2291,20%,42
T085671,7187,456,20%,42
T085673,7187,3010,20%,42
T085676,7187,3728,20%,42
T085681,7187,1147,20%,42
T085682,7187,2188,20%,42
T085686,7187,178,20%,42
T085691,7187,9441,20%,42
T085696,7187,3158,20%,42
T085699,7187,8161,20%,42
T085710,7333,863,20%,42
T085714,7333,3241,20%,42
T085715,7333,5587,20%,42
T085716,7333,886,20%,42
T085720,7333,4469,20%,42
T085725,7333,5159,20%,42
T085733,7333,1514,20%,42
T085734,7333,4510,20%,42
T085754,7764,5828,20%,42
T085755,7764,1535,20%,42
T085761,7764,1499,20%,42
T085767,7764,9986,20%,42
T085772,7764,1168,20%,42
T085783,7764,1457,20%,42
T085785,7764,1094,20%,42
T085786,7764,148,20%,42
T085795,7764,697,20%,42
T085818,7901,4691,20%,42
T085827,7901,3259,20%,42
T085828,7901,8401,20%,42
T085835,7901,968,20%,42
T085836,7901,7049,20%,42
T085838,7901,4088,20%,42
T085847,7901,1116,20%,42
T085854,8206,6271,20%,42
T085858,8206,1504,20%,42
T085864,8206,258,20%,42
T085867,8206,1709,20%,42
T085872,8206,9441,20%,42
T085881,8206,8778,20%,42
T085886,8206,1019,20%,42
T085894,8206,327,20%,42
T085898,8206,6513,20%,42
T085901,8207,7845,20%,42
T085905,8207,10040,20%,42
T085913,8207,5177,20%,42
T085915,8207,9533,20%,42
T085917,8207,2645,20%,42
T085931,8207,308,20%,42
T085951,8355,2355,20%,42
T085956,8355,10333,20%,42
T085957,8355,5982,20%,42
T085959,8355,738,20%,42
T085966,8355,3400,20%,42
T085971,8355,626,20%,42
T085976,8355,771,20%,42
T085981,8355,5488,20%,42
T085982,8355,1034,20%,42
T085983,8355,3718,20%,42
T085990,8355,7996,20%,42
T085993,8355,529,20%,42
T086005,8545,1704,20%,42
T086007,8545,2920,20%,42
T086008,8545,8658,20%,42
T086010,8545,1122,20%,42
T086011,8545,484,20%,42
T086013,8545,8470,20%,42
T086014,8545,3143,20%,42
T086016,8545,5237,20%,42
T086017,8545,1193,20%,42
T086021,8545,4248,20%,42
T086023,8545,5747,20%,42
T086027,8545,10325,20%,42
T086030,8545,1910,20%,42
T086031,8545,1679,20%,42
T086034,8545,10145,20%,42
T086038,8545,2093,20%,42
T086042,8545,2479,20%,42
T086043,8545,4290,20%,42
T086048,8545,5132,20%,42
T086054,9486,8019,20%,42
T086057,9486,611,20%,42
T086073,9486,3678,20%,42
T086074,9486,5495,20%,42
T086083,9486,7849,20%,42
T086084,9486,2510,20%,42
T086086,9486,7212,20%,42
T086090,9486,1236,20%,42
T086096,9486,4100,20%,42
T086109,9941,118,20%,42
T086110,9941,3941,20%,42
T086111,9941,509,20%,42
T086113,9941,88,20%,42
T086118,9941,2346,20%,42
T086120,9941,169,20%,42
T086122,9941,184,20%,42
T086127,9941,6092,20%,42
T086131,9941,956,20%,42
T086141,9941,3,20%,42
T086148,9941,7740,20%,42
T086152,294,2194,20%,42
T086153,294,1769,20%,42
T086154,294,4183,20%,42
T086155,294,5202,20%,42
T086159,294,1082,20%,42
T086160,294,5028,20%,42
T086164,294,2650,20%,42
T086168,294,9997,20%,42
T086169,294,891,20%,42
T086173,294,3729,20%,42
T086174,294,1791,20%,42
T086175,294,7049,20%,42
T086184,294,5235,20%,42
T086186,294,1718,20%,42
T086188,294,6830,20%,42
T086192,294,384,20%,42
T086196,294,7402,20%,42
T086198,294,35,20%,42
T086199,294,6261,20%,42
T086209,432,4151,20%,42
T086218,432,9311,20%,42
T086225,432,5416,20%,42
T086231,432,3971,20%,42
T086238,432,8531,20%,42
T086239,432,4949,20%,42
T086242,432,2567,20%,42
T086244,432,7792,20%,42
T086252,714,190,20%,42
T086254,714,4537,20%,42
T086257,714,953,20%,42
T086262,714,1174,20%,42
T086263,714,493,20%,42
T086272,714,6514,20%,42
T086277,714,6509,20%,42
T086278,714,4887,20%,42
T086284,714,200,20%,42
T086289,714,104,20%,42
T086290,714,6128,20%,42
T086302,772,607,20%,42
T086313,772,1071,20%,42
T086314,772,6265,20%,42
T086319,772,245,20%,42
T086323,772,6425,20%,42
T086324,772,6996,20%,42
T086327,772,577,20%,42
T086334,772,2615,20%,42
T086336,772,3114,20%,42
T086337,772,4591,20%,42
T086348,772,2906,20%,42
T086350,800,3870,20%,42
T086355,800,3,20%,42
T086359,800,9545,20%,42
T086363,800,5982,20%,42
T086370,800,581,20%,42
T086376,800,7250,20%,42
T086381,800,261,20%,42
T086388,800,4606,20%,42
T086390,800,5050,20%,42
T086391,800,6432,20%,42
T086394,800,3012,20%,42
T086415,1088,1822,20%,42
T086419,1088,58,20%,42
T086425,1088,485,20%,42
T086427,1088,8074,20%,42
T086429,1088,8883,20%,42
T086430,1088,5834,20%,42
T086440,1088,3046,20%,42
T086445,1088,1538,20%,42
T086450,1211,1136,20%,42
T086460,1211,210,20%,42
T086462,1211,1629,20%,42
T086465,1211,1212,20%,42
T086466,1211,915,20%,42
T086477,1211,3591,20%,42
T086492,1211,4365,20%,42
T086494,1211,4098,20%,42
T086503,1370,149,20%,42
T086506,1370,79,20%,42
T086509,1370,114,20%,42
T086518,1370,7776,20%,42
T086520,1370,1873,20%,42
T086523,1370,10188,20%,42
T086524,1370,524,20%,42
T086527,1370,1468,20%,42
T086528,1370,3618,20%,42
T086532,1370,6647,20%,42
T086541,1370,8392,20%,42
T086551,1709,8089,20%,42
T086555,1709,7372,20%,42
T086586,1709,4151,20%,42
T086588,1709,8047,20%,42
T086603,1953,5053,20%,42
T086604,1953,7942,20%,42
T086605,1953,2204,20%,42
T086609,1953,1023,20%,42
T086611,1953,2012,20%,42
T086616,1953,7896,20%,42
T086619,1953,966,20%,42
T086623,1953,2710,20%,42
T086628,1953,9701,20%,42
T086634,1953,1125,20%,42
T086637,1953,9039,20%,42
T086638,1953,8778,20%,42
T086648,1953,7606,20%,42
T086652,2093,6374,20%,42
T086665,2093,5775,20%,42
T086675,2093,4704,20%,42
T086689,2093,8480,20%,42
T086694,2093,2697,20%,42
T086705,2433,3758,20%,42
T086707,2433,3439,20%,42
T086709,2433,185,20%,42
T086710,2433,871,20%,42
T086712,2433,1362,20%,42
T086715,2433,5527,20%,42
T086727,2433,129,20%,42
T086729,2433,1692,20%,42
T086735,2433,3926,20%,42
T086745,2433,7984,20%,42
T086751,2558,1764,20%,42
T086753,2558,8532,20%,42
T086755,2558,6030,20%,42
T086770,2558,6303,20%,42
T086776,2558,1242,20%,42
T086778,2558,5834,20%,42
T086780,2558,2656,20%,42
T086782,2558,2522,20%,42
T086788,2558,152,20%,42
T086793,2558,3069,20%,42
T086797,2558,2786,20%,42
T086798,2558,4072,20%,42
T086801,3069,6274,20%,42
T086813,3069,398,20%,42
T086818,3069,3321,20%,42
T086820,3069,5261,20%,42
T086829,3069,577,20%,42
T086834,3069,7449,20%,42
T086844,3069,3065,20%,42
T086847,3069,7392,20%,42
T086850,3624,290,20%,42
T086854,3624,476,20%,42
T086856,3624,3012,20%,42
T086870,3624,3956,20%,42
T086873,3624,10342,20%,42
T086880,3624,9216,20%,42
T086889,3624,8866,20%,42
T086890,3624,9849,20%,42
T086892,3624,6838,20%,42
T086893,3624,3779,20%,42
T086895,3624,653,20%,42
T086903,4730,3936,20%,42
T086906,4730,987,20%,42
T086911,4730,1910,20%,42
T086921,4730,1247,20%,42
T086933,4730,384,20%,42
T086940,4730,5744,20%,42
T086956,5028,7384,20%,42
T086958,5028,10,20%,42
T086965,5028,7525,20%,42
T086982,5028,528,20%,42
T086983,5028,9524,20%,42
T086992,5028,6115,20%,42
T086994,5028,5582,20%,42
T086997,5028,629,20%,42
T087002,5322,9650,20%,42
T087007,5322,5629,20%,42
T087022,5322,251,20%,42
T087030,5322,8658,20%,42
T087031,5322,406,20%,42
T087035,5322,611,20%,42
T087037,5322,9164,20%,42
T087038,5322,9738,20%,42
T087040,5322,674,20%,42
T087044,5322,9726,20%,42
T087046,5322,175,20%,42
T087049,5322,351,20%,42
T087050,5540,6081,20%,42
T087054,5540,3524,20%,42
T087056,5540,1254,20%,42
T087057,5540,1286,20%,42
T087067,5540,4606,20%,42
T087069,5540,4949,20%,42
T087075,5540,8745,20%,42
T087076,5540,9941,20%,42
T087079,5540,7995,20%,42
T087081,5540,6092,20%,42
T087089,5540,6864,20%,42
T087099,5540,6897,20%,42
T087100,5706,4062,20%,42
T087101,5706,88,20%,42
T087106,5706,134,20%,42
T087108,5706,863,20%,42
T087110,5706,8258,20%,42
T087111,5706,1595,20%,42
T087115,5706,6830,20%,42
T087119,5706,2306,20%,42
T087126,5706,3361,20%,42
T087133,5706,1538,20%,42
T087135,5706,436,20%,42
T087153,5937,787,20%,42
T087157,5937,4399,20%,42
T087163,5937,3708,20%,42
T087165,5937,1718,20%,42
T087174,5937,443,20%,42
T087177,5937,1321,20%,42
T087178,5937,787,20%,42
T087180,5937,4367,20%,42
T087188,5937,2558,20%,42
T087193,5937,1863,20%,42
T087198,5937,1802,20%,42
T087201,5968,2218,20%,42
T087202,5968,175,20%,42
T087208,5968,2633,20%,42
T087209,5968,2867,20%,42
T087215,5968,4401,20%,42
T087216,5968,9124,20%,42
T087218,5968,5319,20%,42
T087227,5968,3611,20%,42
T087228,5968,688,20%,42
T087238,5968,5028,20%,42
T087239,5968,4502,20%,42
T087243,5968,3314,20%,42
T087249,5968,8324,20%,42
T087250,6459,1180,20%,42
T087251,6459,101,20%,42
T087252,6459,1538,20%,42
T087256,6459,3567,20%,42
T087262,6459,672,20%,42
T087267,6459,173,20%,42
T087274,6459,8408,20%,42
T087279,6459,3331,20%,42
T087286,6459,1183,20%,42
T087296,6459,7537,20%,42
T087297,6459,9969,20%,42
T087302,6631,2938,20%,42
T087303,6631,4100,20%,42
T087306,6631,3705,20%,42
T087307,6631,847,20%,42
T087310,6631,9241,20%,42
T087315,6631,3016,20%,42
T087316,6631,3206,20%,42
T087322,6631,387,20%,42
T087328,6631,5587,20%,42
T087330,6631,1123,20%,42
T087340,6631,5191,20%,42
T087344,6631,6237,20%,42
T087352,6664,8739,20%,42
T087356,6664,5846,20%,42
T087360,6664,601,20%,42
T087367,6664,6573,20%,42
T087375,6664,6,20%,42
T087380,6664,9620,20%,42
T087392,6664,6365,20%,42
T087407,7918,5834,20%,42
T087409,7918,3316,20%,42
T087410,7918,7925,20%,42
T087411,7918,118,20%,42
T087429,7918,174,20%,42
T087433,7918,3721,20%,42
T087434,7918,6821,20%,42
T087450,7937,8663,20%,42
T087453,7937,1084,20%,42
T087456,7937,1843,20%,42
T087463,7937,108,20%,42
T087467,7937,79,20%,42
T087469,7937,8658,20%,42
T087470,7937,9124,20%,42
T087474,7937,9515,20%,42
T087486,7937,9325,20%,42
T087493,7937,6151,20%,42
T087499,7937,14,20%,42
T087500,9558,6675,20%,42
T087501,9558,9650,20%,42
T087506,9558,7740,20%,42
T087507,9558,714,20%,42
T087511,9558,9936,20%,42
T087512,9558,208,20%,42
T087515,9558,3593,20%,42
T087521,9558,1935,20%,42
T087532,9558,3496,20%,42
T087533,9558,333,20%,42
T087537,9558,5495,20%,42
T087540,9558,1791,20%,42
T087543,9558,3158,20%,42
T087547,9558,8794,20%,42
T087557,9731,5706,20%,42
T087564,9731,187,20%,42
T087566,9731,6509,20%,42
T087568,9731,7918,20%,42
T087571,9731,3786,20%,42
T087574,9731,3524,20%,42
T087580,9731,2986,20%,42
T087586,9731,319,20%,42
T087588,9731,4424,20%,42
T087591,9731,184,20%,42
T087592,9731,228,20%,42
T087601,9836,1468,20%,42
T087605,9836,3825,20%,42
T087619,9836,7120,20%,42
T087629,9836,5287,20%,42
T087634,9836,5495,20%,42
T087641,9836,8207,20%,42
T087655,9986,527,20%,42
T087670,9986,5419,20%,42
T087678,9986,1236,20%,42
T087680,9986,2725,20%,42
T087688,9986,3361,20%,42
T087690,9986,4187,20%,42
T087692,9986,7906,20%,42
T087693,9986,1266,20%,42
T087700,10006,5041,20%,42
T087711,10006,609,20%,42
T087715,10006,2212,20%,42
T087719,10006,8392,20%,42
T087722,10006,4730,20%,42
T087723,10006,2093,20%,42
T087724,10006,2806,20%,42
T087728,10006,196,20%,42
T087735,10006,3276,20%,42
T087736,10006,9558,20%,42
T087738,10006,7951,20%,42
T087747,10006,1188,20%,42
T087750,10067,1494,20%,42
T087752,10067,5095,20%,42
T087758,10067,1055,20%,42
T087759,10067,168,20%,42
T087762,10067,5095,20%,42
T087775,10067,3205,20%,42
T087780,10067,1115,20%,42
T087781,10067,1226,20%,42
T087782,10067,4187,20%,42
T087795,10067,4210,20%,42
T087799,10067,940,20%,42
T087805,10101,5708,20%,42
T087810,10101,2023,20%,42
T087818,10101,5990,20%,42
T087822,10101,6904,20%,42
T087827,10101,8175,20%,42
T087829,10101,697,20%,42
T087830,10101,4508,20%,42
T087835,10101,2435,20%,42
T087839,10101,2802,20%,42
T087840,10101,193,20%,42
T087842,10101,3010,20%,42
T087846,10101,2010,20%,42
T087853,10293,371,20%,42
T087854,10293,467,20%,42
T087856,10293,1036,20%,42
T087857,10293,771,20%,42
T087864,10293,8751,20%,42
T087866,10293,10040,20%,42
T087867,10293,6405,20%,42
T087868,10293,6733,20%,42
T087871,10293,5592,20%,42
T087872,10293,5245,20%,42
T087873,10293,4367,20%,42
T087878,10293,688,20%,42
T087889,10293,315,20%,42
T087891,10293,2756,20%,42
T087894,10293,3924,20%,42
T087895,10293,2567,20%,42
T087897,10293,6488,20%,42
T087902,10343,6897,20%,42
T087904,10343,7242,20%,42
T087905,10343,6602,20%,42
T087914,10343,5748,20%,42
T087921,10343,5061,20%,42
T087932,10343,2834,20%,42
T087936,10343,8612,20%,42
T087937,10343,10040,20%,42
T087939,10343,1055,20%,42
T087945,10343,2964,20%,42
T087954,71,5547,20%,42
T087956,71,5320,20%,42
T087969,71,319,20%,42
T087972,71,413,20%,42
T087973,71,2075,20%,42
T087983,71,2666,20%,42
T087984,71,1117,20%,42
T087988,71,9325,20%,42
T087999,71,3205,20%,42
T088002,311,8664,20%,42
T088018,311,9181,20%,42
T088022,311,3886,20%,42
T088030,311,852,20%,42
T088031,311,7894,20%,42
T088034,311,9936,20%,42
T088041,311,319,20%,42
T088042,311,5747,20%,42
T088045,311,2433,20%,42
T088051,426,2154,20%,42
T088055,426,42,20%,42
T088061,426,968,20%,42
T088065,426,332,20%,42
T088078,426,4285,20%,42
T088088,426,2676,20%,42
T088090,426,4187,20%,42
T088091,426,4730,20%,42
T088092,426,67,20%,42
T088097,426,6274,20%,42
T088098,426,5328,20%,42
T088105,591,1123,20%,42
T088108,591,7422,20%,42
T088109,591,1466,20%,42
T088118,591,4682,20%,42
T088124,591,1976,20%,42
T088127,591,47,20%,42
T088128,591,9638,20%,42
T088137,591,7845,20%,42
T088139,591,4890,20%,42
T088140,591,2551,20%,42
T088143,591,5987,20%,42
T088146,591,7518,20%,42
T088148,591,7115,20%,42
T088149,591,774,20%,42
T088155,610,7381,20%,42
T088157,610,6499,20%,42
T088162,610,7165,20%,42
T088163,610,8664,20%,42
T088164,610,23,20%,42
T088166,610,4730,20%,42
T088167,610,4038,20%,42
T088177,610,275,20%,42
T088180,610,1318,20%,42
T088189,610,2432,20%,42
T088190,610,3813,20%,42
T088200,629,567,20%,42
T088201,629,343,20%,42
T088203,629,519,20%,42
T088209,629,5366,20%,42
T088214,629,8236,20%,42
T088229,629,2118,20%,42
T088233,629,3177,20%,42
T088237,629,5132,20%,42
T088249,629,4281,20%,42
T088251,841,200,20%,42
T088254,841,5830,20%,42
T088260,841,68,20%,42
T088267,841,5746,20%,42
T088270,841,4294,20%,42
T088275,841,9997,20%,42
T088281,841,10079,20%,42
T088288,841,1755,20%,42
T088293,841,8113,20%,42
T088294,841,6128,20%,42
T088301,895,2509,20%,42
T088307,895,4303,20%,42
T088309,895,6109,20%,42
T088323,895,4285,20%,42
T088325,895,6806,20%,42
T088326,895,7216,20%,42
T088327,895,403,20%,42
T088330,895,889,20%,42
T088331,895,8715,20%,42
T088332,895,3788,20%,42
T088335,895,9193,20%,42
T088339,895,8234,20%,42
T088341,895,2548,20%,42
T088344,895,372,20%,42
T088349,895,175,20%,42
T088355,901,4376,20%,42
T088356,901,747,20%,42
T088360,901,995,20%,42
T088365,901,9906,20%,42
T088371,901,6575,20%,42
T088375,901,253,20%,42
T088376,901,8175,20%,42
T088381,901,25,20%,42
T088389,901,5153,20%,42
T088390,901,3256,20%,42
T088401,1204,2473,20%,42
T088404,1204,263,20%,42
T088405,1204,2639,20%,42
T088409,1204,29,20%,42
T088428,1204,637,20%,42
T088429,1204,5191,20%,42
T088430,1204,9210,20%,42
T088432,1204,5028,20%,42
T088435,1204,5993,20%,42
T088439,1204,95,20%,42
T088440,1204,6441,20%,42
T088446,1204,1342,20%,42
T088451,1223,4150,20%,42
T088452,1223,306,20%,42
T088458,1223,591,20%,42
T088461,1223,7766,20%,42
T088466,1223,909,20%,42
T088484,1223,6090,20%,42
T088487,1223,7024,20%,42
T088489,1223,1811,20%,42
T088490,1223,30,20%,42
T088498,1223,8111,20%,42
T088503,1539,653,20%,42
T088508,1539,5657,20%,42
T088512,1539,6887,20%,42
T088522,1539,5984,20%,42
T088529,1539,496,20%,42
T088530,1539,4303,20%,42
T088532,1539,464,20%,42
T088539,1539,8541,20%,42
T088547,1539,6663,20%,42
T088553,1603,3190,20%,42
T088554,1603,4387,20%,42
T088555,1603,473,20%,42
T088560,1603,8355,20%,42
T088562,1603,7115,20%,42
T088567,1603,2608,20%,42
T088574,1603,1084,20%,42
T088577,1603,190,20%,42
T088580,1603,6675,20%,42
T088582,1603,485,20%,42
T088584,1603,1541,20%,42
T088588,1603,6488,20%,42
T088589,1603,6119,20%,42
T088590,1603,253,20%,42
T088594,1603,9229,20%,42
T088604,1631,6,20%,42
T088607,1631,9237,20%,42
T088608,1631,6324,20%,42
T088618,1631,4431,20%,42
T088630,1631,6689,20%,42
T088631,1631,7187,20%,42
T088647,1631,2804,20%,42
T088651,1641,2108,20%,42
T088656,1641,5132,20%,42
T088658,1641,4508,20%,42
T088662,1641,534,20%,42
T088663,1641,5095,20%,42
T088665,1641,818,20%,42
T088673,1641,5226,20%,42
T088680,1641,6754,20%,42
T088684,1641,2192,20%,42
T088685,1641,747,20%,42
T088707,1645,5599,20%,42
T088709,1645,2010,20%,42
T088711,1645,4409,20%,42
T088713,1645,1098,20%,42
T088718,1645,6891,20%,42
T088720,1645,131,20%,42
T088722,1645,128,20%,42
T088724,1645,3231,20%,42
T088732,1645,3469,20%,42
T088735,1645,585,20%,42
T088738,1645,6325,20%,42
T088753,1959,3520,20%,42
T088759,1959,1254,20%,42
T088763,1959,176,20%,42
T088768,1959,155,20%,42
T088770,1959,4838,20%,42
T088772,1959,1222,20%,42
T088773,1959,2645,20%,42
T088775,1959,2572,20%,42
T088778,1959,6027,20%,42
T088793,1959,4044,20%,42
T088804,2493,3516,20%,42
T088806,2493,104,20%,42
T088815,2493,6238,20%,42
T088831,2493,1318,20%,42
T088835,2493,5452,20%,42
T088837,2493,2674,20%,42
T088841,2493,3983,20%,42
T088851,2509,2289,20%,42
T088852,2509,6349,20%,42
T088856,2509,9833,20%,42
T088858,2509,6094,20%,42
T088859,2509,3066,20%,42
T088861,2509,3314,20%,42
T088867,2509,4783,20%,42
T088872,2509,4072,20%,42
T088876,2509,4096,20%,42
T088884,2509,5153,20%,42
T088890,2509,1099,20%,42
T088896,2509,2584,20%,42
T088900,3588,1058,20%,42
T088908,3588,6732,20%,42
T088910,3588,1379,20%,42
T088919,3588,10030,20%,42
T088926,3588,6594,20%,42
T088938,3588,183,20%,42
T088939,3588,513,20%,42
T088940,3588,4403,20%,42
T088944,3588,7856,20%,42
T088946,3588,7478,20%,42
T088947,3588,4312,20%,42
T088957,3728,10486,20%,42
T088958,3728,8658,20%,42
T088959,3728,1211,20%,42
T088961,3728,5237,20%,42
T088966,3728,2526,20%,42
T088970,3728,4844,20%,42
T088973,3728,1184,20%,42
T088974,3728,8050,20%,42
T088977,3728,1222,20%,42
T088978,3728,6500,20%,42
T088982,3728,1764,20%,42
T088989,3728,6023,20%,42
T088990,3728,5882,20%,42
T088991,3728,3056,20%,42
T088994,3728,2194,20%,42
T089002,4227,2787,20%,42
T089003,4227,7389,20%,42
T089004,4227,3274,20%,42
T089005,4227,10145,20%,42
T089008,4227,9229,20%,42
T089010,4227,6674,20%,42
T089013,4227,8531,20%,42
T089014,4227,1212,20%,42
T089035,4227,2393,20%,42
T089038,4227,6261,20%,42
T089046,4227,6949,20%,42
T089047,4227,3098,20%,42
T089053,4444,936,20%,42
T089054,4444,607,20%,42
T089055,4444,5091,20%,42
T089062,4444,2059,20%,42
T089072,4444,9790,20%,42
T089073,4444,178,20%,42
T089076,4444,1036,20%,42
T089080,4444,6733,20%,42
T089083,4444,3270,20%,42
T089088,4444,3430,20%,42
T089089,4444,9570,20%,42
T089090,4444,1039,20%,42
T089091,4444,5452,20%,42
T089094,4444,9082,20%,42
T089098,4444,453,20%,42
T089100,4445,5529,20%,42
T089107,4445,3983,20%,42
T089111,4445,4887,20%,42
T089115,4445,4051,20%,42
T089138,4445,7615,20%,42
T089140,4445,33,20%,42
T089148,4445,860,20%,42
T089149,4445,9515,20%,42
T089150,4487,3630,20%,42
T089151,4487,3597,20%,42
T089152,4487,1004,20%,42
T089163,4487,4800,20%,42
T089164,4487,2121,20%,42
T089167,4487,4355,20%,42
T089169,4487,6119,20%,42
T089173,4487,5125,20%,42
T089178,4487,8654,20%,42
T089180,4487,210,20%,42
T089187,4487,4375,20%,42
T089188,4487,108,20%,42
T089197,4487,305,20%,42
T089199,4487,3743,20%,42
T089203,4510,8161,20%,42
T089207,4510,4191,20%,42
T089208,4510,9292,20%,42
T089218,4510,8695,20%,42
T089220,4510,4487,20%,42
T089224,4510,704,20%,42
T089225,4510,1895,20%,42
T089232,4510,1219,20%,42
T089235,4510,1466,20%,42
T089236,4510,4818,20%,42
T089237,4510,6459,20%,42
T089238,4510,893,20%,42
T089249,4510,5315,20%,42
T089255,5409,206,20%,42
T089256,5409,4145,20%,42
T089259,5409,863,20%,42
T089263,5409,1673,20%,42
T089269,5409,5514,20%,42
T089277,5409,2794,20%,42
T089278,5409,172,20%,42
T089286,5409,1125,20%,42
T089288,5409,3591,20%,42
T089292,5409,7811,20%,42
T089293,5409,6339,20%,42
T089300,5746,8857,20%,42
T089307,5746,649,20%,42
T089309,5746,5408,20%,42
T089320,5746,5360,20%,42
T089321,5746,178,20%,42
T089322,5746,5125,20%,42
T089329,5746,6871,20%,42
T089332,5746,7740,20%,42
T089334,5746,3230,20%,42
T089340,5746,1709,20%,42
T089341,5746,5261,20%,42
T089344,5746,6135,20%,42
T089348,5746,6509,20%,42
T089363,5752,6692,20%,42
T089364,5752,322,20%,42
T089366,5752,1048,20%,42
T089369,5752,462,20%,42
T089371,5752,2484,20%,42
T089375,5752,2626,20%,42
T089377,5752,4469,20%,42
T089380,5752,7970,20%,42
T089384,5752,605,20%,42
T089385,5752,7381,20%,42
T089387,5752,456,20%,42
T089391,5752,4263,20%,42
T089395,5752,4700,20%,42
T089404,5793,8507,20%,42
T089408,5793,5599,20%,42
T089410,5793,3090,20%,42
T089417,5793,7925,20%,42
T089419,5793,5177,20%,42
T089423,5793,101,20%,42
T089427,5793,2551,20%,42
T089432,5793,5556,20%,42
T089442,5793,3715,20%,42
T089444,5793,243,20%,42
T089446,5793,1126,20%,42
T089449,5793,403,20%,42
T089453,5828,2329,20%,42
T089454,5828,2789,20%,42
T089463,5828,1061,20%,42
T089464,5828,383,20%,42
T089470,5828,371,20%,42
T089471,5828,5752,20%,42
T089474,5828,1019,20%,42
T089479,5828,4838,20%,42
T089480,5828,10120,20%,42
T089481,5828,2138,20%,42
T089485,5828,378,20%,42
T089495,5828,1050,20%,42
T089500,6274,6325,20%,42
T089504,6274,1247,20%,42
T089514,6274,1014,20%,42
T089518,6274,1264,20%,42
T089534,6274,9235,20%,42
T089535,6274,2136,20%,42
T089540,6274,1501,20%,42
T089541,6274,2920,20%,42
T089544,6274,4290,20%,42
T089547,6274,267,20%,42
T089549,6274,1658,20%,42
T089567,6373,4890,20%,42
T089575,6373,714,20%,42
T089577,6373,6830,20%,42
T089578,6373,3901,20%,42
T089580,6373,8116,20%,42
T089581,6373,1244,20%,42
T089589,6373,184,20%,42
T089590,6373,3496,20%,42
T089601,6887,2707,20%,42
T089606,6887,365,20%,42
T089608,6887,8922,20%,42
T089615,6887,5095,20%,42
T089617,6887,6299,20%,42
T089619,6887,2902,20%,42
T089621,6887,8019,20%,42
T089637,6887,255,20%,42
T089639,6887,6698,20%,42
T089643,6887,171,20%,42
T089644,6887,10120,20%,42
T089645,6887,787,20%,42
T089649,6887,9533,20%,42
T089655,7440,2608,20%,42
T089658,7440,4257,20%,42
T089664,7440,3479,20%,42
T089668,7440,1896,20%,42
T089673,7440,4469,20%,42
T089675,7440,1183,20%,42
T089689,7440,5786,20%,42
T089692,7440,5312,20%,42
T089693,7440,2549,20%,42
T089694,7440,1184,20%,42
T089698,7440,4121,20%,42
T089701,8050,305,20%,42
T089704,8050,6996,20%,42
T089711,8050,2982,20%,42
T089721,8050,9764,20%,42
T089724,8050,73,20%,42
T089746,8050,2740,20%,42
T089750,8127,917,20%,42
T089751,8127,6806,20%,42
T089752,8127,2549,20%,42
T089763,8127,835,20%,42
T089767,8127,2189,20%,42
T089772,8127,4403,20%,42
T089775,8127,211,20%,42
T089777,8127,6271,20%,42
T089778,8127,671,20%,42
T089788,8127,4150,20%,42
T089791,8127,132,20%,42
T089794,8127,8861,20%,42
T089796,8127,5061,20%,42
T089801,8236,9952,20%,42
T089806,8236,4606,20%,42
T089807,8236,2802,20%,42
T089811,8236,6514,20%,42
T089819,8236,3398,20%,42
T089823,8236,4702,20%,42
T089824,8236,5968,20%,42
T089828,8236,8241,20%,42
T089830,8236,6726,20%,42
T089835,8236,6213,20%,42
T089848,8236,1523,20%,42
T089850,8816,3941,20%,42
T089853,8816,4207,20%,42
T089855,8816,8198,20%,42
T089857,8816,4290,20%,42
T089882,8816,1545,20%,42
T089883,8816,9570,20%,42
T089908,8828,8203,20%,42
T089909,8828,5761,20%,42
T089910,8828,1017,20%,42
T089916,8828,7529,20%,42
T089942,8828,3007,20%,42
T089964,9204,3610,20%,42
T089969,9204,117,20%,42
T089971,9204,4783,20%,42
T089977,9204,7537,20%,42
T089982,9204,4072,20%,42
T090000,9236,1918,20%,42
T090004,9236,9610,20%,42
T090006,9236,4693,20%,42
T090008,9236,9638,20%,42
T090015,9236,5053,20%,42
T090018,9236,550,20%,42
T090020,9236,5320,20%,42
T090021,9236,267,20%,42
T090022,9236,4771,20%,42
T090024,9236,1811,20%,42
T090025,9236,4227,20%,42
T090034,9236,550,20%,42
T090040,9236,852,20%,42
T090043,9236,5034,20%,42
T090053,9515,7216,20%,42
T090054,9515,5368,20%,42
T090061,9515,8324,20%,42
T090073,9515,5518,20%,42
T090082,9515,1588,20%,42
T090092,9515,365,20%,42
T090108,10040,8861,20%,42
T090109,10040,8565,20%,42
T090112,10040,3951,20%,42
T090115,10040,952,20%,42
T090117,10040,6349,20%,42
T090121,10040,7216,20%,42
T090123,10040,590,20%,42
T090126,10040,6509,20%,42
T090149,10040,2300,20%,42
T090152,10060,5319,20%,42
T090157,10060,5034,20%,42
T090158,10060,2314,20%,42
T090159,10060,3469,20%,42
T090161,10060,4622,20%,42
T090181,10060,6520,20%,42
T090189,10060,7472,20%,42
T090190,10060,121,20%,42
T090196,10060,5322,20%,42
T090204,49,615,20%,42
T090205,49,886,20%,42
T090213,49,9543,20%,42
T090236,49,7601,20%,42
T090237,49,5671,20%,42
T090238,49,221,20%,42
T090240,49,8355,20%,42
T090243,49,1342,20%,42
T090247,49,7606,20%,42
T090249,49,354,20%,42
T090250,131,9210,20%,42
T090254,131,73,20%,42
T090256,131,9650,20%,42
T090257,131,1679,20%,42
T090263,131,2393,20%,42
T090264,131,518,20%,42
T090266,131,4646,20%,42
T090270,131,280,20%,42
T090273,131,5166,20%,42
T090279,131,7299,20%,42
T090280,131,6406,20%,42
T090281,131,7764,20%,42
T090295,131,3630,20%,42
T090297,131,1699,20%,42
T090305,132,8241,20%,42
T090315,132,517,20%,42
T090317,132,2013,20%,42
T090323,132,2522,20%,42
T090330,132,1124,20%,42
T090338,132,2615,20%,42
T090376,179,1861,20%,42
T090379,179,599,20%,42
T090388,179,787,20%,42
T090393,179,5292,20%,42
T090398,179,8401,20%,42
T090415,185,1994,20%,42
T090420,185,231,20%,42
T090421,185,8071,20%,42
T090423,185,5419,20%,42
T090424,185,6439,20%,42
T090431,185,854,20%,42
T090440,185,9853,20%,42
T090442,185,7472,20%,42
T090447,185,8914,20%,42
T090450,411,524,20%,42
T090452,411,3554,20%,42
T090461,411,237,20%,42
T090462,411,409,20%,42
T090464,411,7645,20%,42
T090466,411,808,20%,42
T090472,411,5438,20%,42
T090490,411,5023,20%,42
T090492,411,944,20%,42
T090493,411,6351,20%,42
T090504,435,4958,20%,42
T090505,435,1080,20%,42
T090506,435,207,20%,42
T090509,435,10325,20%,42
T090514,435,2626,20%,42
T090519,435,3407,20%,42
T090526,435,936,20%,42
T090535,435,109,20%,42
T090537,435,5178,20%,42
T090538,435,39,20%,42
T090541,435,5041,20%,42
T090545,435,5503,20%,42
T090547,435,3470,20%,42
T090549,435,3761,20%,42
T090552,889,891,20%,42
T090553,889,3374,20%,42
T090558,889,5839,20%,42
T090562,889,37,20%,42
T090567,889,9833,20%,42
T090568,889,5408,20%,42
T090570,889,2770,20%,42
T090572,889,9087,20%,42
T090573,889,3498,20%,42
T090575,889,19,20%,42
T090580,889,4169,20%,42
T090585,889,2034,20%,42
T090591,889,733,20%,42
T090592,889,3066,20%,42
T090595,889,2677,20%,42
T090597,889,9719,20%,42
T090599,889,3774,20%,42
T090605,1008,626,20%,42
T090613,1008,2549,20%,42
T090614,1008,8705,20%,42
T090617,1008,9570,20%,42
T090621,1008,528,20%,42
T090628,1008,9542,20%,42
T090644,1008,3554,20%,42
T090645,1008,1873,20%,42
T090653,1062,2961,20%,42
T090654,1062,6887,20%,42
T090657,1062,3496,20%,42
T090661,1062,8531,20%,42
T090664,1062,5278,20%,42
T090665,1062,7300,20%,42
T090669,1062,6071,20%,42
T090671,1062,1313,20%,42
T090672,1062,4103,20%,42
T090674,1062,6993,20%,42
T090677,1062,4257,20%,42
T090682,1062,228,20%,42
T090683,1062,2393,20%,42
T090695,1062,5148,20%,42
T090698,1062,8186,20%,42
T090699,1062,4204,20%,42
T090701,1669,3667,20%,42
T090707,1669,129,20%,42
T090717,1669,5958,20%,42
T090720,1669,943,20%,42
T090723,1669,3491,20%,42
T090724,1669,995,20%,42
T090730,1669,5075,20%,42
T090736,1669,998,20%,42
T090737,1669,84,20%,42
T090739,1669,5500,20%,42
T090749,1669,653,20%,42
T090750,1891,4151,20%,42
T090763,1891,7334,20%,42
T090769,1891,25,20%,42
T090779,1891,974,20%,42
T090788,1891,9790,20%,42
T090793,1891,3591,20%,42
T090797,1891,5592,20%,42
T090804,2291,7319,20%,42
T090805,2291,2814,20%,42
T090817,2291,606,20%,42
T090821,2291,2196,20%,42
T090829,2291,9733,20%,42
T090843,2291,8469,20%,42
T090852,2306,1023,20%,42
T090856,2306,2118,20%,42
T090857,2306,1798,20%,42
T090860,2306,8573,20%,42
T090875,2306,453,20%,42
T090877,2306,248,20%,42
T090879,2306,3265,20%,42
T090882,2306,95,20%,42
T090893,2306,6458,20%,42
T090899,2306,9610,20%,42
T090906,3010,2804,20%,42
T090907,3010,1188,20%,42
T090918,3010,5973,20%,42
T090919,3010,941,20%,42
T090921,3010,221,20%,42
T090929,3010,1306,20%,42
T090938,3010,1786,20%,42
T090939,3010,5549,20%,42
T090940,3010,2167,20%,42
T090941,3010,7317,20%,42
T090949,3010,7489,20%,42
T090964,3951,2439,20%,42
T090965,3951,2112,20%,42
T090966,3951,5233,20%,42
T090973,3951,4169,20%,42
T090975,3951,362,20%,42
T090988,3951,3253,20%,42
T090994,3951,4847,20%,42
T090996,3951,256,20%,42
T091006,4011,279,20%,42
T091013,4011,4895,20%,42
T091015,4011,6815,20%,42
T091021,4011,860,20%,42
T091038,4011,2674,20%,42
T091039,4011,1179,20%,42
T091043,4011,2554,20%,42
T091045,4011,9638,20%,42
T091047,4011,4303,20%,42
T091051,4257,6682,20%,42
T091061,4257,9371,20%,42
T091062,4257,5261,20%,42
T091066,4257,5026,20%,42
T091068,4257,2615,20%,42
T091092,4257,3567,20%,42
T091094,4257,6692,20%,42
T091095,4257,3687,20%,42
T091099,4257,517,20%,42
T091103,4292,105,20%,42
T091110,4292,2510,20%,42
T091121,4292,1159,20%,42
T091128,4292,235,20%,42
T091131,4292,10030,20%,42
T091133,4292,7471,20%,42
T091140,4292,1318,20%,42
T091148,4292,4463,20%,42
T091150,4399,3809,20%,42
T091151,4399,6745,20%,42
T091153,4399,10079,20%,42
T091159,4399,1180,20%,42
T091164,4399,3973,20%,42
T091165,4399,411,20%,42
T091167,4399,9292,20%,42
T091181,4399,9345,20%,42
T091182,4399,8573,20%,42
T091186,4399,9747,20%,42
T091187,4399,7018,20%,42
T091189,4399,2912,20%,42
T091190,4399,603,20%,42
T091193,4399,2441,20%,42
T091215,4450,9969,20%,42
T091222,4450,5178,20%,42
T091228,4450,1089,20%,42
T091234,4450,5153,20%,42
T091236,4450,4227,20%,42
T091247,4450,654,20%,42
T091253,5202,3206,20%,42
T091270,5202,7216,20%,42
T091279,5202,186,20%,42
T091281,5202,5127,20%,42
T091283,5202,9830,20%,42
T091289,5202,89,20%,42
T091290,5202,2472,20%,42
T091292,5202,926,20%,42
T091294,5202,3098,20%,42
T091322,5235,6193,20%,42
T091330,5235,7127,20%,42
T091335,5235,1994,20%,42
T091336,5235,295,20%,42
T091339,5235,7086,20%,42
T091343,5235,3498,20%,42
T091348,5235,2677,20%,42
T091351,5319,3645,20%,42
T091355,5319,3667,20%,42
T091357,5319,1639,20%,42
T091361,5319,159,20%,42
T091363,5319,2510,20%,42
T091371,5319,2802,20%,42
T091384,5319,9486,20%,42
T091385,5319,2004,20%,42
T091387,5319,1123,20%,42
T091396,5319,7714,20%,42
T091397,5319,1104,20%,42
T091400,5436,8108,20%,42
T091402,5436,1216,20%,42
T091403,5436,1896,20%,42
T091409,5436,2432,20%,42
T091410,5436,9852,20%,42
T091411,5436,3570,20%,42
T091413,5436,9371,20%,42
T091416,5436,244,20%,42
T091417,5436,2719,20%,42
T091421,5436,5887,20%,42
T091425,5436,10071,20%,42
T091432,5436,3788,20%,42
T091433,5436,9849,20%,42
T091441,5436,6370,20%,42
T091443,5436,8745,20%,42
T091444,5436,6838,20%,42
T091447,5436,4364,20%,42
T091448,5436,4072,20%,42
T091455,6059,3180,20%,42
T091458,6059,5377,20%,42
T091461,6059,730,20%,42
T091475,6059,4523,20%,42
T091477,6059,4706,20%,42
T091483,6059,4352,20%,42
T091484,6059,6324,20%,42
T091504,6244,6079,20%,42
T091514,6244,1152,20%,42
T091516,6244,10,20%,42
T091521,6244,9850,20%,42
T091538,6244,1388,20%,42
T091541,6244,1136,20%,42
T091547,6244,6059,20%,42
T091549,6244,7684,20%,42
T091555,6271,10148,20%,42
T091563,6271,5245,20%,42
T091569,6271,4790,20%,42
T091572,6271,1895,20%,42
T091573,6271,220,20%,42
T091576,6271,9610,20%,42
T091579,6271,435,20%,42
T091582,6271,1798,20%,42
T091584,6271,1810,20%,42
T091588,6271,6409,20%,42
T091595,6271,5713,20%,42
T091597,6271,7801,20%,42
T091598,6271,3779,20%,42
T091601,6513,1535,20%,42
T091609,6513,2657,20%,42
T091611,6513,2009,20%,42
T091615,6513,3209,20%,42
T091624,6513,1388,20%,42
T091639,6513,1047,20%,42
T091640,6513,1985,20%,42
T091642,6513,6500,20%,42
T091656,6663,4051,20%,42
T091665,6663,1801,20%,42
T091672,6663,6172,20%,42
T091674,6663,4183,20%,42
T091680,6663,1412,20%,42
T091686,6663,4969,20%,42
T091697,6663,7090,20%,42
T091698,6663,10040,20%,42
T091703,6756,5061,20%,42
T091705,6756,1175,20%,42
T091715,6756,2473,20%,42
T091721,6756,3624,20%,42
T091724,6756,1399,20%,42
T091733,6756,649,20%,42
T091734,6756,862,20%,42
T091735,6756,7119,20%,42
T091746,6756,4187,20%,42
T091747,6756,2581,20%,42
T091748,6756,6682,20%,42
T091749,6756,6049,20%,42
T091756,6960,1048,20%,42
T091758,6960,157,20%,42
T091761,6960,2806,20%,42
T091764,6960,7199,20%,42
T091770,6960,4955,20%,42
T091771,6960,79,20%,42
T091780,6960,629,20%,42
T091783,6960,6934,20%,42
T091801,6993,4054,20%,42
T091806,6993,2814,20%,42
T091813,6993,8882,20%,42
T091822,6993,1286,20%,42
T091823,6993,914,20%,42
T091824,6993,10079,20%,42
T091838,6993,131,20%,42
T091840,6993,9241,20%,42
T091841,6993,1095,20%,42
T091846,6993,2700,20%,42
T091847,6993,9230,20%,42
T091851,7464,3469,20%,42
T091852,7464,4139,20%,42
T091857,7464,5436,20%,42
T091863,7464,3924,20%,42
T091871,7464,8861,20%,42
T091874,7464,9792,20%,42
T091878,7464,9377,20%,42
T091884,7464,4741,20%,42
T091886,7464,183,20%,42
T091889,7464,2639,20%,42
T091890,7464,8654,20%,42
T091895,7464,2987,20%,42
T091898,7464,209,20%,42
T091906,7698,5830,20%,42
T091910,7698,6170,20%,42
T091911,7698,2444,20%,42
T091912,7698,89,20%,42
T091913,7698,5210,20%,42
T091924,7698,2138,20%,42
T091926,7698,1370,20%,42
T091945,7698,772,20%,42
T091948,7698,4031,20%,42
T091958,7981,9193,20%,42
T091960,7981,2012,20%,42
T091962,7981,6323,20%,42
T091968,7981,1164,20%,42
T091973,7981,9064,20%,42
T091978,7981,8612,20%,42
T091980,7981,4603,20%,42
T091986,7981,2941,20%,42
T091989,7981,6284,20%,42
T091997,7981,1175,20%,42
T092002,8234,3348,20%,42
T092006,8234,4489,20%,42
T092012,8234,2358,20%,42
T092016,8234,7537,20%,42
T092022,8234,8476,20%,42
T092026,8234,3743,20%,42
T092029,8234,9311,20%,42
T092033,8234,4585,20%,42
T092037,8234,7024,20%,42
T092039,8234,1200,20%,42
T092040,8234,4232,20%,42
T092044,8234,386,20%,42
T092045,8234,976,20%,42
T092047,8234,9617,20%,42
T092048,8234,2358,20%,42
T092052,8476,4706,20%,42
T092060,8476,4265,20%,42
T092080,8476,3586,20%,42
T092081,8476,7103,20%,42
T092094,8476,3629,20%,42
T092095,8476,6873,20%,42
T092099,8476,2787,20%,42
T092102,8507,10189,20%,42
T092103,8507,3088,20%,42
T092108,8507,3451,20%,42
T092110,8507,6370,20%,42
T092115,8507,3214,20%,42
T092132,8507,10028,20%,42
T092133,8507,5706,20%,42
T092134,8507,4212,20%,42
T092135,8507,4373,20%,42
T092138,8507,2333,20%,42
T092143,8507,359,20%,42
T092145,8507,211,20%,42
T092152,8950,8236,20%,42
T092154,8950,1595,20%,42
T092164,8950,7593,20%,42
T092167,8950,6437,20%,42
T092169,8950,2485,20%,42
T092172,8950,9544,20%,42
T092179,8950,8408,20%,42
T092181,8950,2834,20%,42
T092191,8950,843,20%,42
T092193,8950,5170,20%,42
T092194,8950,529,20%,42
T092196,8950,1179,20%,42
T092198,8950,4111,20%,42
T092200,9545,3456,20%,42
T092205,9545,2387,20%,42
T092206,9545,6871,20%,42
T092209,9545,509,20%,42
T092225,9545,5015,20%,42
T092230,9545,6949,20%,42
T092234,9545,385,20%,42
T092235,9545,8007,20%,42
T092238,9545,217,20%,42
T092239,9545,1131,20%,42
T092243,9545,2509,20%,42
T092246,9545,2961,20%,42
T092250,10080,3813,20%,42
T092255,10080,7076,20%,42
T092263,10080,6962,20%,42
T092270,10080,5987,20%,42
T092271,10080,2657,20%,42
T092274,10080,9254,20%,42
T092295,10080,1784,20%,42
T092297,10080,1034,20%,42
T092298,10080,4100,20%,42
T092312,10148,8791,20%,42
T092329,10148,9701,20%,42
T092334,10148,104,20%,42
T092336,10148,2499,20%,42
T092337,10148,8781,20%,42
T092338,10148,4164,20%,42
T092345,10148,5927,20%,42
T092348,10148,7116,20%,42
T092359,109,1533,20%,42
T092361,109,747,20%,42
T092372,109,2883,20%,42
T092373,109,1603,20%,42
T092374,109,9189,20%,42
T092375,109,3606,20%,42
T092377,109,1545,20%,42
T092378,109,530,20%,42
T092379,109,2412,20%,42
T092381,109,255,20%,42
T092404,191,5511,20%,42
T092407,191,88,20%,42
T092412,191,10281,20%,42
T092421,191,6638,20%,42
T092422,191,6777,20%,42
T092436,191,1976,20%,42
T092449,191,8737,20%,42
T092462,421,341,20%,42
T092472,421,264,20%,42
T092474,421,5286,20%,42
T092475,421,1131,20%,42
T092478,421,172,20%,42
T092482,421,2189,20%,42
T092487,421,2678,20%,42
T092493,421,6405,20%,42
T092501,1019,8816,20%,42
T092502,1019,43,20%,42
T092508,1019,6238,20%,42
T092513,1019,4920,20%,42
T092515,1019,9708,20%,42
T092521,1019,58,20%,42
T092527,1019,1558,20%,42
T092530,1019,8571,20%,42
T092538,1019,4,20%,42
T092545,1019,7606,20%,42
T092549,1019,3230,20%,42
T092553,1179,5210,20%,42
T092557,1179,6970,20%,42
T092560,1179,800,20%,42
T092565,1179,3687,20%,42
T092568,1179,1209,20%,42
T092569,1179,880,20%,42
T092581,1179,9351,20%,42
T092582,1179,9650,20%,42
T092583,1179,1197,20%,42
T092590,1179,7981,20%,42
T092592,1179,3330,20%,42
T092593,1179,2935,20%,42
T092594,1179,6873,20%,42
T092601,1286,4285,20%,42
T092618,1286,1994,20%,42
T092621,1286,1457,20%,42
T092622,1286,13,20%,42
T092637,1286,426,20%,42
T092642,1286,3863,20%,42
T092643,1286,2439,20%,42
T092655,1523,9292,20%,42
T092661,1523,9369,20%,42
T092667,1523,7940,20%,42
T092671,1523,5392,20%,42
T092684,1523,9733,20%,42
T092692,1523,6821,20%,42
T092697,1523,9254,20%,42
T092702,1538,29,20%,42
T092703,1538,9257,20%,42
T092717,1538,1843,20%,42
T092726,1538,9852,20%,42
T092729,1538,10281,20%,42
T092737,1538,2378,20%,42
T092739,1538,4263,20%,42
T092745,1538,5170,20%,42
T092756,1546,2818,20%,42
T092758,1546,6365,20%,42
T092759,1546,7818,20%,42
T092762,1546,5132,20%,42
T092771,1546,7392,20%,42
T092775,1546,210,20%,42
T092783,1546,1574,20%,42
T092784,1546,6063,20%,42
T092788,1546,69,20%,42
T092792,1546,7796,20%,42
T092800,1985,1935,20%,42
T092801,1985,3715,20%,42
T092812,1985,2527,20%,42
T092813,1985,6791,20%,42
T092815,1985,226,20%,42
T092823,1985,4445,20%,42
T092827,1985,496,20%,42
T092830,1985,5315,20%,42
T092832,1985,6806,20%,42
T092835,1985,1933,20%,42
T092845,1985,1174,20%,42
T092855,2009,2439,20%,42
T092856,2009,3065,20%,42
T092862,2009,4890,20%,42
T092866,2009,3088,20%,42
T092873,2009,3143,20%,42
T092875,2009,2013,20%,42
T092876,2009,2337,20%,42
T092877,2009,1008,20%,42
T092879,2009,453,20%,42
T092884,2009,469,20%,42
T092887,2009,93,20%,42
T092898,2009,7901,20%,42
T092900,2227,3609,20%,42
T092903,2227,9115,20%,42
T092907,2227,1818,20%,42
T092909,2227,5846,20%,42
T092914,2227,4046,20%,42
T092917,2227,10067,20%,42
T092919,2227,235,20%,42
T092922,2227,7901,20%,42
T092924,2227,3306,20%,42
T092925,2227,1866,20%,42
T092929,2227,6094,20%,42
T092930,2227,1504,20%,42
T092963,2240,517,20%,42
T092968,2240,275,20%,42
T092974,2240,5503,20%,42
T092976,2240,6833,20%,42
T092979,2240,1211,20%,42
T092981,2240,2108,20%,42
T092990,2240,995,20%,42
T092993,2240,1861,20%,42
T093000,2478,6675,20%,42
T093004,2478,4576,20%,42
T093013,2478,521,20%,42
T093025,2478,6049,20%,42
T093029,2478,6709,20%,42
T093046,2478,1207,20%,42
T093058,2520,2194,20%,42
T093062,2520,7759,20%,42
T093064,2520,3098,20%,42
T093070,2520,3356,20%,42
T093075,2520,5527,20%,42
T093077,2520,530,20%,42
T093079,2520,10231,20%,42
T093080,2520,1992,20%,42
T093087,2520,9486,20%,42
T093092,2520,2984,20%,42
T093094,2520,748,20%,42
T093095,2520,1361,20%,42
T093101,3004,7402,20%,42
T093102,3004,5286,20%,42
T093106,3004,6151,20%,42
T093108,3004,2509,20%,42
T093112,3004,5761,20%,42
T093117,3004,1188,20%,42
T093122,3004,4064,20%,42
T093125,3004,1164,20%,42
T093126,3004,4210,20%,42
T093127,3004,10314,20%,42
T093131,3004,7776,20%,42
T093132,3004,7673,20%,42
T093141,3004,5094,20%,42
T093153,3676,157,20%,42
T093157,3676,3205,20%,42
T093167,3676,4831,20%,42
T093170,3676,917,20%,42
T093179,3676,1626,20%,42
T093183,3676,1087,20%,42
T093195,3676,36,20%,42
T093200,3825,1838,20%,42
T093204,3825,1829,20%,42
T093207,3825,8198,20%,42
T093212,3825,3516,20%,42
T093230,3825,6573,20%,42
T093249,3825,7079,20%,42
T093254,3926,7471,20%,42
T093255,3926,2023,20%,42
T093258,3926,1876,20%,42
T093262,3926,2244,20%,42
T093267,3926,9572,20%,42
T093269,3926,130,20%,42
T093274,3926,847,20%,42
T093275,3926,350,20%,42
T093276,3926,5261,20%,42
T093281,3926,2393,20%,42
T093291,3926,177,20%,42
T093293,3926,4409,20%,42
T093299,3926,4098,20%,42
T093301,4064,975,20%,42
T093305,4064,4808,20%,42
T093307,4064,610,20%,42
T093308,4064,6265,20%,42
T093315,4064,7918,20%,42
T093322,4064,6840,20%,42
T093323,4064,6405,20%,42
T093325,4064,4263,20%,42
T093326,4064,3356,20%,42
T093332,4064,258,20%,42
T093333,4064,9572,20%,42
T093344,4064,1042,20%,42
T093347,4064,6983,20%,42
T093355,4151,626,20%,42
T093362,4151,915,20%,42
T093368,4151,2769,20%,42
T093376,4151,1533,20%,42
T093383,4151,3788,20%,42
T093391,4151,5261,20%,42
T093393,4151,9351,20%,42
T093402,5273,3400,20%,42
T093410,5273,1204,20%,42
T093411,5273,211,20%,42
T093414,5273,3117,20%,42
T093416,5273,1867,20%,42
T093419,5273,5191,20%,42
T093420,5273,4702,20%,42
T093423,5273,2938,20%,42
T093428,5273,598,20%,42
T093440,5273,10071,20%,42
T093449,5273,9351,20%,42
T093451,5958,5803,20%,42
T093460,5958,9543,20%,42
T093467,5958,383,20%,42
T093470,5958,89,20%,42
T093477,5958,7375,20%,42
T093479,5958,4373,20%,42
T093481,5958,5643,20%,42
T093500,6030,2486,20%,42
T093510,6030,5366,20%,42
T093516,6030,6213,20%,42
T093520,6030,3721,20%,42
T093528,6030,5419,20%,42
T093533,6030,909,20%,42
T093536,6030,936,20%,42
T093539,6030,1216,20%,42
T093541,6030,430,20%,42
T093549,6030,1117,20%,42
T093555,6045,6573,20%,42
T093559,6045,3517,20%,42
T093560,6045,16,20%,42
T093565,6045,889,20%,42
T093566,6045,1130,20%,42
T093568,6045,6458,20%,42
T093569,6045,2404,20%,42
T093572,6045,1546,20%,42
T093583,6045,1918,20%,42
T093595,6045,2602,20%,42
T093596,6045,697,20%,42
T093598,6045,404,20%,42
T093603,6412,3398,20%,42
T093610,6412,985,20%,42
T093611,6412,7489,20%,42
T093618,6412,9371,20%,42
T093623,6412,270,20%,42
T093624,6412,3496,20%,42
T093633,6412,6750,20%,42
T093639,6412,5949,20%,42
T093646,6412,2984,20%,42
T093648,6412,2935,20%,42
T093649,6412,4463,20%,42
T093651,6432,3516,20%,42
T093652,6432,2227,20%,42
T093656,6432,1649,20%,42
T093661,6432,8794,20%,42
T093663,6432,5708,20%,42
T093674,6432,10195,20%,42
T093678,6432,7317,20%,42
T093679,6432,1545,20%,42
T093681,6432,1895,20%,42
T093682,6432,2355,20%,42
T093683,6432,305,20%,42
T093685,6432,2700,20%,42
T093705,6441,8067,20%,42
T093706,6441,8794,20%,42
T093713,6441,8088,20%,42
T093717,6441,5990,20%,42
T093719,6441,2136,20%,42
T093730,6441,7440,20%,42
T093731,6441,8298,20%,42
T093738,6441,3274,20%,42
T093743,6441,453,20%,42
T093753,6483,5494,20%,42
T093754,6483,22,20%,42
T093757,6483,5547,20%,42
T093758,6483,183,20%,42
T093761,6483,2918,20%,42
T093763,6483,1342,20%,42
T093767,6483,4033,20%,42
T093773,6483,2417,20%,42
T093785,6483,9849,20%,42
T093797,6483,3728,20%,42
T093798,6483,1222,20%,42
T093800,6599,2486,20%,42
T093803,6599,1784,20%,42
T093806,6599,4597,20%,42
T093813,6599,130,20%,42
T093835,6599,6181,20%,42
T093847,6599,4620,20%,42
T093859,6996,2083,20%,42
T093861,6996,4111,20%,42
T093863,6996,9940,20%,42
T093866,6996,354,20%,42
T093871,6996,4432,20%,42
T093877,6996,6373,20%,42
T093881,6996,6324,20%,42
T093892,6996,5610,20%,42
T093896,6996,4531,20%,42
T093906,7088,4281,20%,42
T093912,7088,3143,20%,42
T093918,7088,524,20%,42
T093932,7088,5824,20%,42
T093947,7088,8108,20%,42
T093950,7888,59,20%,42
T093955,7888,3833,20%,42
T093961,7888,3743,20%,42
T093966,7888,5197,20%,42
T093972,7888,8737,20%,42
T093983,7888,6374,20%,42
T093985,7888,3421,20%,42
T093986,7888,2581,20%,42
T093987,7888,9524,20%,42
T093990,7888,1321,20%,42
T093992,7888,10231,20%,42
T093999,7888,355,20%,42
T094000,8074,9257,20%,42
T094001,8074,367,20%,42
T094002,8074,664,20%,42
T094009,8074,7103,20%,42
T094010,8074,484,20%,42
T094014,8074,3989,20%,42
T094018,8074,5627,20%,42
T094019,8074,284,20%,42
T094025,8074,8571,20%,42
T094026,8074,5618,20%,42
T094027,8074,2412,20%,42
T094032,8074,4704,20%,42
T094043,8074,4164,20%,42
T094059,8303,2204,20%,42
T094061,8303,5834,20%,42
T094063,8303,3331,20%,42
T094065,8303,97,20%,42
T094074,8303,4646,20%,42
T094084,8303,3572,20%,42
T094092,8303,354,20%,42
T094095,8303,6833,20%,42
T094098,8303,3986,20%,42
T094101,8695,2291,20%,42
T094103,8695,134,20%,42
T094104,8695,587,20%,42
T094107,8695,1099,20%,42
T094108,8695,7031,20%,42
T094110,8695,9906,20%,42
T094127,8695,5436,20%,42
T094129,8695,3467,20%,42
T094139,8695,10333,20%,42
T094144,8695,10177,20%,42
T094148,8695,539,20%,42
T094154,8794,9063,20%,42
T094155,8794,185,20%,42
T094159,8794,7069,20%,42
T094174,8794,1709,20%,42
T094186,8794,3016,20%,42
T094194,8794,3764,20%,42
T094196,8794,9210,20%,42
T094199,8794,1159,20%,42
T094202,8883,3296,20%,42
T094203,8883,6181,20%,42
T094219,8883,5926,20%,42
T094223,8883,2770,20%,42
T094225,8883,2404,20%,42
T094232,8883,868,20%,42
T094235,8883,2551,20%,42
T094237,8883,8392,20%,42
T094244,8883,8146,20%,42
T094246,8883,8346,20%,42
T094252,9193,9940,20%,42
T094255,9193,610,20%,42
T094256,9193,2397,20%,42
T094258,9193,1098,20%,42
T094262,9193,7792,20%,42
T094263,9193,270,20%,42
T094270,9193,6499,20%,42
T094272,9193,3708,20%,42
T094273,9193,955,20%,42
T094278,9193,2629,20%,42
T094284,9193,7334,20%,42
T094293,9193,171,20%,42
T094307,9311,3065,20%,42
T094310,9311,5656,20%,42
T094312,9311,58,20%,42
T094316,9311,2333,20%,42
T094319,9311,2897,20%,42
T094323,9311,881,20%,42
T094331,9311,158,20%,42
T094352,9512,721,20%,42
T094363,9512,3982,20%,42
T094367,9512,2397,20%,42
T094368,9512,9369,20%,42
T094369,9512,4702,20%,42
T094372,9512,3973,20%,42
T094374,9512,3825,20%,42
T094378,9512,8392,20%,42
T094379,9512,2099,20%,42
T094381,9512,6109,20%,42
T094382,9512,6412,20%,42
T094383,9512,7432,20%,42
T094390,9512,5322,20%,42
T094412,9533,5793,20%,42
T094414,9533,67,20%,42
T094427,9533,1020,20%,42
T094428,9533,2715,20%,42
T094442,9533,7429,20%,42
T094453,9849,455,20%,42
T094460,9849,2352,20%,42
T094461,9849,137,20%,42
T094466,9849,8169,20%,42
T094468,9849,3231,20%,42
T094473,9849,2080,20%,42
T094483,9849,3343,20%,42
T094488,9849,6232,20%,42
T094491,9849,6303,20%,42
T094493,9849,4375,20%,42
T094502,59,203,20%,42
T094514,59,3788,20%,42
T094526,59,3645,20%,42
T094529,59,2941,20%,42
T094541,59,2385,20%,42
T094549,59,333,20%,42
T094551,124,763,20%,42
T094558,124,4949,20%,42
T094563,124,383,20%,42
T094564,124,1207,20%,42
T094565,124,1434,20%,42
T094567,124,5271,20%,42
T094570,124,1755,20%,42
T094571,124,7896,20%,42
T094573,124,5514,20%,42
T094577,124,4620,20%,42
T094584,124,137,20%,42
T094585,124,917,20%,42
T094592,124,2697,20%,42
T094598,124,6951,20%,42
T094599,124,5094,20%,42
T094600,159,1079,20%,42
T094601,159,5828,20%,42
T094604,159,6981,20%,42
T094610,159,1933,20%,42
T094614,159,1362,20%,42
T094615,159,4732,20%,42
T094616,159,6519,20%,42
T094622,159,6864,20%,42
T094623,159,5015,20%,42
T094625,159,2591,20%,42
T094631,159,5338,20%,42
T094634,159,3386,20%,42
T094638,159,6405,20%,42
T094641,159,240,20%,42
T094644,159,664,20%,42
T094654,175,4401,20%,42
T094656,175,2786,20%,42
T094659,175,9401,20%,42
T094673,175,37,20%,42
T094682,175,4409,20%,42
T094692,175,4365,20%,42
T094695,175,6303,20%,42
T094699,175,1629,20%,42
T094702,183,2535,20%,42
T094706,183,1042,20%,42
T094710,183,3025,20%,42
T094718,183,1047,20%,42
T094729,183,1122,20%,42
T094736,183,7216,20%,42
T094738,183,6014,20%,42
T094746,183,6954,20%,42
T094748,183,1595,20%,42
T094749,183,1313,20%,42
T094766,210,3348,20%,42
T094768,210,10079,20%,42
T094785,210,5967,20%,42
T094793,210,6396,20%,42
T094798,210,6071,20%,42
T094801,360,6361,20%,42
T094802,360,610,20%,42
T094806,360,1248,20%,42
T094807,360,7076,20%,42
T094809,360,2656,20%,42
T094816,360,39,20%,42
T094823,360,7673,20%,42
T094830,360,7803,20%,42
T094832,360,5252,20%,42
T094835,360,166,20%,42
T094839,360,3117,20%,42
T094841,360,4168,20%,42
T094844,360,208,20%,42
T094850,571,1592,20%,42
T094851,571,2851,20%,42
T094855,571,185,20%,42
T094857,571,4531,20%,42
T094859,571,2027,20%,42
T094860,571,1184,20%,42
T094863,571,2420,20%,42
T094864,571,9039,20%,42
T094866,571,9771,20%,42
T094869,571,3451,20%,42
T094870,571,3469,20%,42
T094878,571,209,20%,42
T094882,571,5159,20%,42
T094886,571,1082,20%,42
T094896,571,2567,20%,42
T094927,903,4191,20%,42
T094937,903,2417,20%,42
T094939,903,9084,20%,42
T094941,903,7162,20%,42
T094944,903,9792,20%,42
T094945,903,4248,20%,42
T094946,903,492,20%,42
T094950,1342,3804,20%,42
T094955,1342,3253,20%,42
T094956,1342,1120,20%,42
T094958,1342,1657,20%,42
T094960,1342,8071,20%,42
T094961,1342,2707,20%,42
T094964,1342,8074,20%,42
T094967,1342,3484,20%,42
T094969,1342,3983,20%,42
T094970,1342,7698,20%,42
T094973,1342,9106,20%,42
T094974,1342,721,20%,42
T094975,1342,6606,20%,42
T094980,1342,136,20%,42
T094981,1342,10333,20%,42
T094993,1342,521,20%,42
T094994,1342,2789,20%,42
T095000,2355,1193,20%,42
T095005,2355,1090,20%,42
T095019,2355,4145,20%,42
T095026,2355,9257,20%,42
T095029,2355,3012,20%,42
T095035,2355,9181,20%,42
T095044,2355,8389,20%,42
T095053,2591,1533,20%,42
T095058,2591,5009,20%,42
T095069,2591,4347,20%,42
T095084,2591,3570,20%,42
T095086,2591,10188,20%,42
T095088,2591,341,20%,42
T095093,2591,4121,20%,42
T095096,2591,3214,20%,42
T095100,2697,4670,20%,42
T095104,2697,3721,20%,42
T095121,2697,3272,20%,42
T095123,2697,4151,20%,42
T095125,2697,3606,20%,42
T095127,2697,5540,20%,42
T095128,2697,1539,20%,42
T095138,2697,1116,20%,42
T095141,2697,4711,20%,42
T095147,2697,4031,20%,42
T095152,2707,4290,20%,42
T095158,2707,261,20%,42
T095168,2707,973,20%,42
T095172,2707,947,20%,42
T095177,2707,6357,20%,42
T095182,2707,7896,20%,42
T095183,2707,3648,20%,42
T095184,2707,1466,20%,42
T095196,2707,2200,20%,42
T095198,2707,2738,20%,42
T095201,2715,9836,20%,42
T095203,2715,611,20%,42
T095214,2715,7645,20%,42
T095215,2715,903,20%,42
T095228,2715,1317,20%,42
T095229,2715,10350,20%,42
T095232,2715,10120,20%,42
T095237,2715,7977,20%,42
T095239,2715,2165,20%,42
T095242,2715,254,20%,42
T095244,2715,480,20%,42
T095251,2912,3241,20%,42
T095255,2912,24,20%,42
T095262,2912,120,20%,42
T095263,2912,3256,20%,42
T095268,2912,1523,20%,42
T095270,2912,7518,20%,42
T095285,2912,6733,20%,42
T095286,2912,209,20%,42
T095291,2912,1976,20%,42
T095309,2938,168,20%,42
T095310,2938,7299,20%,42
T095312,2938,8241,20%,42
T095316,2938,1175,20%,42
T095317,2938,6323,20%,42
T095319,2938,509,20%,42
T095327,2938,1679,20%,42
T095331,2938,953,20%,42
T095334,2938,1002,20%,42
T095337,2938,9486,20%,42
T095345,2938,4168,20%,42
T095346,2938,1161,20%,42
T095355,3240,5795,20%,42
T095361,3240,411,20%,42
T095363,3240,4646,20%,42
T095370,3240,1538,20%,42
T095380,3240,7319,20%,42
T095381,3240,2632,20%,42
T095382,3240,2644,20%,42
T095395,3240,200,20%,42
T095402,3570,5315,20%,42
T095404,3570,1071,20%,42
T095405,3570,87,20%,42
T095407,3570,6170,20%,42
T095409,3570,5381,20%,42
T095414,3570,6605,20%,42
T095418,3570,130,20%,42
T095419,3570,1216,20%,42
T095424,3570,3719,20%,42
T095425,3570,338,20%,42
T095426,3570,5345,20%,42
T095438,3570,2078,20%,42
T095439,3570,39,20%,42
T095448,3570,2815,20%,42
T095454,3583,9808,20%,42
T095468,3583,3741,20%,42
T095470,3583,9512,20%,42
T095473,3583,5319,20%,42
T095475,3583,3741,20%,42
T095477,3583,6811,20%,42
T095480,3583,527,20%,42
T095482,3583,7724,20%,42
T095496,3583,2897,20%,42
T095504,4044,5338,20%,42
T095509,4044,2472,20%,42
T095513,4044,688,20%,42
T095516,4044,8476,20%,42
T095521,4044,4706,20%,42
T095524,4044,3895,20%,42
T095530,4044,4711,20%,42
T095536,4044,872,20%,42
T095568,4072,157,20%,42
T095574,4072,5744,20%,42
T095581,4072,895,20%,42
T095587,4072,5622,20%,42
T095592,4072,4606,20%,42
T095593,4072,5643,20%,42
T095596,4072,9764,20%,42
T095599,4072,6412,20%,42
T095600,5061,4431,20%,42
T095605,5061,9797,20%,42
T095606,5061,5514,20%,42
T095611,5061,6754,20%,42
T095616,5061,2554,20%,42
T095618,5061,7970,20%,42
T095622,5061,7162,20%,42
T095630,5061,1679,20%,42
T095636,5061,7984,20%,42
T095646,5061,24,20%,42
T095656,5063,8186,20%,42
T095661,5063,9323,20%,42
T095663,5063,128,20%,42
T095664,5063,1863,20%,42
T095668,5063,9325,20%,42
T095670,5063,7018,20%,42
T095678,5063,571,20%,42
T095682,5063,305,20%,42
T095684,5063,5488,20%,42
T095685,5063,5643,20%,42
T095689,5063,6441,20%,42
T095690,5063,4856,20%,42
T095691,5063,343,20%,42
T095696,5063,5091,20%,42
T095701,5153,2479,20%,42
T095702,5153,2131,20%,42
T095705,5153,4024,20%,42
T095719,5153,32,20%,42
T095722,5153,6063,20%,42
T095725,5153,2499,20%,42
T095734,5153,5887,20%,42
T095740,5153,2966,20%,42
T095741,5153,1161,20%,42
T095760,5656,610,20%,42
T095767,5656,7422,20%,42
T095770,5656,9063,20%,42
T095774,5656,7940,20%,42
T095781,5656,1133,20%,42
T095783,5656,5488,20%,42
T095787,5656,193,20%,42
T095796,5656,800,20%,42
T095800,5761,6244,20%,42
T095801,5761,2306,20%,42
T095807,5761,290,20%,42
T095812,5761,263,20%,42
T095813,5761,277,20%,42
T095814,5761,280,20%,42
T095818,5761,8507,20%,42
T095820,5761,1785,20%,42
T095828,5761,3316,20%,42
T095829,5761,3205,20%,42
T095842,5761,6323,20%,42
T095846,5761,5162,20%,42
T095866,5812,924,20%,42
T095868,5812,9830,20%,42
T095872,5812,6993,20%,42
T095881,5812,8089,20%,42
T095890,5812,377,20%,42
T095897,5812,1242,20%,42
T095900,6081,5446,20%,42
T095914,6081,5540,20%,42
T095917,6081,4178,20%,42
T095918,6081,8816,20%,42
T095923,6081,88,20%,42
T095942,6081,9923,20%,42
T095952,6088,2551,20%,42
T095954,6088,3270,20%,42
T095956,6088,2522,20%,42
T095959,6088,9241,20%,42
T095961,6088,2906,20%,42
T095962,6088,9701,20%,42
T095964,6088,3629,20%,42
T095968,6088,7698,20%,42
T095972,6088,9558,20%,42
T095976,6088,7319,20%,42
T095987,6088,509,20%,42
T095989,6088,6014,20%,42
T095994,6088,1150,20%,42
T096002,6097,1084,20%,42
T096003,6097,2271,20%,42
T096015,6097,4920,20%,42
T096035,6097,2218,20%,42
T096043,6097,4939,20%,42
T096046,6097,1188,20%,42
T096058,6172,6631,20%,42
T096059,6172,1861,20%,42
T096076,6172,2271,20%,42
T096087,6172,3209,20%,42
T096089,6172,3693,20%,42
T096096,6172,1219,20%,42
T096098,6172,4384,20%,42
T096109,6238,1468,20%,42
T096115,6238,7901,20%,42
T096120,6238,6172,20%,42
T096127,6238,5125,20%,42
T096139,6238,1183,20%,42
T096149,6238,3469,20%,42
T096153,6303,8,20%,42
T096155,6303,688,20%,42
T096163,6303,2916,20%,42
T096166,6303,2769,20%,42
T096172,6303,404,20%,42
T096173,6303,2291,20%,42
T096177,6303,3813,20%,42
T096188,6303,7024,20%,42
T096189,6303,966,20%,42
T096191,6303,5529,20%,42
T096196,6303,1200,20%,42
T096204,6575,567,20%,42
T096210,6575,10079,20%,42
T096212,6575,3098,20%,42
T096217,6575,1150,20%,42
T096219,6575,3055,20%,42
T096220,6575,6071,20%,42
T096231,6575,1123,20%,42
T096232,6575,9210,20%,42
T096238,6575,152,20%,42
T096242,6575,7472,20%,42
T096243,6575,3025,20%,42
T096249,6575,253,20%,42
T096250,7600,9792,20%,42
T096252,7600,2520,20%,42
T096254,7600,5202,20%,42
T096259,7600,2423,20%,42
T096263,7600,2274,20%,42
T096264,7600,7155,20%,42
T096277,7600,5678,20%,42
T096286,7600,2749,20%,42
T096295,7600,7162,20%,42
T096297,7600,5657,20%,42
T096299,7600,4238,20%,42
T096301,7894,527,20%,42
T096302,7894,9236,20%,42
T096303,7894,2509,20%,42
T096304,7894,4033,20%,42
T096307,7894,10206,20%,42
T096309,7894,1649,20%,42
T096315,7894,5592,20%,42
T096317,7894,7786,20%,42
T096318,7894,6357,20%,42
T096321,7894,3503,20%,42
T096326,7894,3619,20%,42
T096331,7894,3982,20%,42
T096340,7894,255,20%,42
T096348,7894,4818,20%,42
T096350,8088,5171,20%,42
T096368,8088,57,20%,42
T096369,8088,8767,20%,42
T096379,8088,1102,20%,42
T096380,8088,4269,20%,42
T096381,8088,6599,20%,42
T096387,8088,1388,20%,42
T096402,8114,3775,20%,42
T096413,8114,343,20%,42
T096424,8114,6412,20%,42
T096427,8114,903,20%,42
T096429,8114,18,20%,42
T096435,8114,1909,20%,42
T096446,8114,562,20%,42
T096448,8114,2756,20%,42
T096450,8116,9377,20%,42
T096452,8116,6023,20%,42
T096453,8116,7319,20%,42
T096471,8116,3103,20%,42
T096477,8116,2918,20%,42
T096478,8116,9254,20%,42
T096481,8116,4508,20%,42
T096484,8116,6110,20%,42
T096487,8116,1094,20%,42
T096491,8116,6263,20%,42
T096497,8116,9229,20%,42
T096498,8116,2138,20%,42
T096500,8198,436,20%,42
T096501,8198,1133,20%,42
T096502,8198,4375,20%,42
T096504,8198,350,20%,42
T096511,8198,518,20%,42
T096513,8198,2441,20%,42
T096514,8198,4027,20%,42
T096515,8198,8075,20%,42
T096521,8198,4955,20%,42
T096533,8198,5436,20%,42
T096541,8198,2615,20%,42
T096547,8198,1204,20%,42
T096554,8866,1550,20%,42
T096556,8866,6689,20%,42
T096569,8866,5271,20%,42
T096570,8866,6361,20%,42
T096575,8866,8169,20%,42
T096593,8866,8071,20%,42
T096600,9168,1047,20%,42
T096612,9168,6325,20%,42
T096615,9168,2544,20%,42
T096637,9168,629,20%,42
T096639,9168,8745,20%,42
T096641,9168,86,20%,42
T096654,9229,121,20%,42
T096655,9229,5748,20%,42
T096657,9229,6079,20%,42
T096660,9229,5172,20%,42
T096664,9229,3159,20%,42
T096670,9229,5063,20%,42
T096685,9229,1664,20%,42
T096686,9229,8794,20%,42
T096695,9229,2697,20%,42
T096698,9229,3518,20%,42
T096699,9229,9230,20%,42
T096700,9726,4352,20%,42
T096701,9726,65,20%,42
T096704,9726,2883,20%,42
T096707,9726,7896,20%,42
T096711,9726,980,20%,42
T096713,9726,6840,20%,42
T096714,9726,8532,20%,42
T096720,9726,3588,20%,42
T096724,9726,485,20%,42
T096729,9726,7116,20%,42
T096730,9726,253,20%,42
T096737,9726,4215,20%,42
T096738,9726,9236,20%,42
T096748,9726,2818,20%,42
T096752,278,196,20%,42
T096759,278,1843,20%,42
T096761,278,1704,20%,42
T096774,278,4743,20%,42
T096775,278,10177,20%,42
T096785,278,1163,20%,42
T096789,278,2867,20%,42
T096790,278,1049,20%,42
T096791,278,2637,20%,42
T096796,278,671,20%,42
T096797,278,2027,20%,42
T096807,330,4387,20%,42
T096814,330,4169,20%,42
T096818,330,1019,20%,42
T096820,330,5392,20%,42
T096821,330,6409,20%,42
T096830,330,1039,20%,42
T096832,330,1843,20%,42
T096834,330,7042,20%,42
T096836,330,3901,20%,42
T096840,330,1047,20%,42
T096841,330,1197,20%,42
T096854,398,7672,20%,42
T096858,398,9241,20%,42
T096860,398,571,20%,42
T096862,398,6631,20%,42
T096864,398,1631,20%,42
T096870,398,2986,20%,42
T096874,398,1004,20%,42
T096876,398,7128,20%,42
T096881,398,8266,20%,42
T096884,398,5180,20%,42
T096885,398,6110,20%,42
T096886,398,5322,20%,42
T096898,398,6370,20%,42
T096900,663,4978,20%,42
T096903,663,18,20%,42
T096906,663,3348,20%,42
T096910,663,6030,20%,42
T096911,663,800,20%,42
T096914,663,43,20%,42
T096919,663,1095,20%,42
T096924,663,3588,20%,42
T096927,663,2645,20%,42
T096930,663,2347,20%,42
T096931,663,1466,20%,42
T096936,663,5170,20%,42
T096941,663,4604,20%,42
T096943,663,3362,20%,42
T096957,771,4416,20%,42
T096959,771,2961,20%,42
T096966,771,1727,20%,42
T096968,771,6606,20%,42
T096970,771,1545,20%,42
T096971,771,5267,20%,42
T096975,771,6201,20%,42
T096978,771,3687,20%,42
T096980,771,6071,20%,42
T096983,771,3498,20%,42
T096992,771,5048,20%,42
T096999,771,4508,20%,42
T097003,855,3153,20%,42
T097006,855,8950,20%,42
T097013,855,7432,20%,42
T097019,855,57,20%,42
T097024,855,1398,20%,42
T097025,855,3588,20%,42
T097034,855,6891,20%,42
T097043,855,8745,20%,42
T097045,855,3052,20%,42
T097050,943,598,20%,42
T097051,943,2961,20%,42
T097052,943,2473,20%,42
T097055,943,1785,20%,42
T097056,943,1019,20%,42
T097057,943,4743,20%,42
T097061,943,4044,20%,42
T097066,943,6213,20%,42
T097081,943,5851,20%,42
T097089,943,85,20%,42
T097092,943,7610,20%,42
T097095,943,4031,20%,42
T097096,943,5075,20%,42
T097099,943,3177,20%,42
T097113,1116,606,20%,42
T097114,1116,1976,20%,42
T097126,1116,1613,20%,42
T097127,1116,6224,20%,42
T097128,1116,867,20%,42
T097131,1116,9084,20%,42
T097153,1244,2613,20%,42
T097156,1244,8866,20%,42
T097160,1244,6396,20%,42
T097161,1244,8380,20%,42
T097162,1244,6750,20%,42
T097165,1244,2275,20%,42
T097176,1244,3593,20%,42
T097178,1244,2866,20%,42
T097184,1244,3572,20%,42
T097187,1244,280,20%,42
T097190,1244,7115,20%,42
T097197,1244,2204,20%,42
T097202,1250,5120,20%,42
T097208,1250,1022,20%,42
T097215,1250,8542,20%,42
T097216,1250,5563,20%,42
T097220,1250,5166,20%,42
T097222,1250,7601,20%,42
T097223,1250,74,20%,42
T097225,1250,8496,20%,42
T097230,1250,6244,20%,42
T097233,1250,847,20%,42
T097237,1250,2329,20%,42
T097238,1250,821,20%,42
T097240,1250,4702,20%,42
T097242,1250,2818,20%,42
T097244,1250,2479,20%,42
T097250,1361,3350,20%,42
T097251,1361,3316,20%,42
T097254,1361,2397,20%,42
T097267,1361,426,20%,42
T097268,1361,2420,20%,42
T097270,1361,1501,20%,42
T097273,1361,1861,20%,42
T097281,1361,1398,20%,42
T097283,1361,3450,20%,42
T097290,1361,607,20%,42
T097296,1361,7856,20%,42
T097298,1361,5834,20%,42
T097303,1786,7002,20%,42
T097307,1786,340,20%,42
T097314,1786,3928,20%,42
T097321,1786,8050,20%,42
T097325,1786,1005,20%,42
T097327,1786,5009,20%,42
T097333,1786,2551,20%,42
T097334,1786,1310,20%,42
T097345,1786,5366,20%,42
T097353,1938,2912,20%,42
T097357,1938,10188,20%,42
T097366,1938,7116,20%,42
T097372,1938,3639,20%,42
T097374,1938,9507,20%,42
T097376,1938,306,20%,42
T097377,1938,2986,20%,42
T097392,1938,2446,20%,42
T097399,1938,7090,20%,42
T097402,2200,2906,20%,42
T097413,2200,7766,20%,42
T097414,2200,2000,20%,42
T097418,2200,227,20%,42
T097420,2200,315,20%,42
T097425,2200,2478,20%,42
T097427,2200,3407,20%,42
T097431,2200,1693,20%,42
T097446,2200,137,20%,42
T097450,2522,2618,20%,42
T097454,2522,1152,20%,42
T097456,2522,672,20%,42
T097459,2522,5879,20%,42
T097472,2522,578,20%,42
T097477,2522,4292,20%,42
T097487,2522,485,20%,42
T097490,2522,2984,20%,42
T097492,2522,607,20%,42
T097493,2522,923,20%,42
T097496,2522,244,20%,42
T097499,2522,29,20%,42
T097507,2866,614,20%,42
T097509,2866,7099,20%,42
T097511,2866,412,20%,42
T097516,2866,7120,20%,42
T097527,2866,3895,20%,42
T097531,2866,6201,20%,42
T097534,2866,4691,20%,42
T097542,2866,1785,20%,42
T097543,2866,5180,20%,42
T097545,2866,3209,20%,42
T097548,2866,893,20%,42
T097569,2892,4190,20%,42
T097573,2892,7422,20%,42
T097574,2892,2949,20%,42
T097584,2892,4424,20%,42
T097592,2892,1036,20%,42
T097594,2892,8234,20%,42
T097605,3003,5527,20%,42
T097611,3003,748,20%,42
T097615,3003,131,20%,42
T097629,3003,3971,20%,42
T097630,3003,6573,20%,42
T097633,3003,172,20%,42
T097644,3003,1241,20%,42
T097655,3139,4190,20%,42
T097656,3139,5317,20%,42
T097657,3139,3693,20%,42
T097662,3139,54,20%,42
T097668,3139,2194,20%,42
T097669,3139,8778,20%,42
T097670,3139,1177,20%,42
T097675,3139,255,20%,42
T097685,3139,3567,20%,42
T097690,3139,6263,20%,42
T097698,3139,3593,20%,42
T097704,3206,8161,20%,42
T097709,3206,4706,20%,42
T097712,3206,1219,20%,42
T097724,3206,959,20%,42
T097728,3206,10195,20%,42
T097733,3206,3457,20%,42
T097736,3206,704,20%,42
T097743,3206,5618,20%,42
T097747,3206,6552,20%,42
T097774,3606,1090,20%,42
T097776,3606,886,20%,42
T097777,3606,2138,20%,42
T097793,3606,83,20%,42
T097797,3606,3398,20%,42
T097802,3648,9836,20%,42
T097803,3648,869,20%,42
T097805,3648,3517,20%,42
T097811,3648,924,20%,42
T097815,3648,2321,20%,42
T097819,3648,2829,20%,42
T097821,3648,5436,20%,42
T097828,3648,10293,20%,42
T097834,3648,3804,20%,42
T097838,3648,3687,20%,42
T097852,3914,980,20%,42
T097854,3914,4861,20%,42
T097858,3914,4649,20%,42
T097871,3914,2121,20%,42
T097876,3914,6674,20%,42
T097882,3914,10067,20%,42
T097884,3914,4670,20%,42
T097889,3914,7162,20%,42
T097891,3914,3224,20%,42
T097893,3914,696,20%,42
T097896,3914,2200,20%,42
T097900,4062,42,20%,42
T097908,4062,607,20%,42
T097911,4062,3296,20%,42
T097915,4062,3134,20%,42
T097925,4062,764,20%,42
T097930,4062,3775,20%,42
T097935,4062,2347,20%,42
T097945,4062,1379,20%,42
T097955,4531,2678,20%,42
T097959,4531,862,20%,42
T097961,4531,4355,20%,42
T097970,4531,69,20%,42
T097983,4531,1843,20%,42
T097988,4531,996,20%,42
T097990,4531,764,20%,42
T097991,4531,206,20%,42
T097996,4531,8663,20%,42
T098013,4597,2291,20%,42
T098016,4597,3025,20%,42
T098017,4597,2314,20%,42
T098021,4597,145,20%,42
T098024,4597,880,20%,42
T098030,4597,2731,20%,42
T098031,4597,3922,20%,42
T098038,4597,3410,20%,42
T098039,4597,6873,20%,42
T098041,4597,2644,20%,42
T098043,4597,4445,20%,42
T098045,4597,3069,20%,42
T098046,4597,8088,20%,42
T098047,4597,7216,20%,42
T098053,4646,9833,20%,42
T098060,4646,2769,20%,42
T098066,4646,4272,20%,42
T098070,4646,2834,20%,42
T098076,4646,8111,20%,42
T098078,4646,221,20%,42
T098079,4646,1891,20%,42
T098080,4646,3159,20%,42
T098082,4646,469,20%,42
T098083,4646,5063,20%,42
T098085,4646,581,20%,42
T098093,4646,3591,20%,42
T098099,4646,6733,20%,42
T098104,4887,266,20%,42
T098111,4887,956,20%,42
T098126,4887,5278,20%,42
T098132,4887,435,20%,42
T098135,4887,2966,20%,42
T098136,4887,2505,20%,42
T098148,4887,3321,20%,42
T098155,5125,1422,20%,42
T098167,5125,387,20%,42
T098168,5125,1533,20%,42
T098174,5125,355,20%,42
T098180,5125,2204,20%,42
T098182,5125,3833,20%,42
T098190,5125,1669,20%,42
T098191,5125,278,20%,42
T098203,5159,5514,20%,42
T098222,5159,7888,20%,42
T098227,5159,3214,20%,42
T098228,5159,8116,20%,42
T098241,5159,6821,20%,42
T098253,5267,4790,20%,42
T098263,5267,6514,20%,42
T098264,5267,6811,20%,42
T098266,5267,3276,20%,42
T098267,5267,5846,20%,42
T098270,5267,5589,20%,42
T098272,5267,774,20%,42
T098278,5267,1007,20%,42
T098292,5267,5830,20%,42
T098297,5267,233,20%,42
T098303,5377,5026,20%,42
T098305,5377,7901,20%,42
T098306,5377,2552,20%,42
T098307,5377,7714,20%,42
T098315,5377,6135,20%,42
T098319,5377,3117,20%,42
T098322,5377,1084,20%,42
T098324,5377,562,20%,42
T098331,5377,3153,20%,42
T098337,5377,821,20%,42
T098348,5377,3421,20%,42
T098357,5408,7176,20%,42
T098358,5408,59,20%,42
T098361,5408,647,20%,42
T098362,5408,5937,20%,42
T098365,5408,3697,20%,42
T098370,5408,2308,20%,42
T098371,5408,7167,20%,42
T098374,5408,2559,20%,42
T098375,5408,4620,20%,42
T098376,5408,6594,20%,42
T098381,5408,5067,20%,42
T098386,5408,5385,20%,42
T098387,5408,5958,20%,42
T098393,5408,5828,20%,42
T098418,5527,5993,20%,42
T098421,5527,843,20%,42
T098422,5527,36,20%,42
T098425,5527,306,20%,42
T098427,5527,6594,20%,42
T098432,5527,7706,20%,42
T098437,5527,3068,20%,42
T098438,5527,10080,20%,42
T098439,5527,5252,20%,42
T098454,6871,4164,20%,42
T098465,6871,9034,20%,42
T098466,6871,5016,20%,42
T098471,6871,10101,20%,42
T098472,6871,2770,20%,42
T098474,6871,5549,20%,42
T098481,6871,3986,20%,42
T098483,6871,1984,20%,42
T098493,6871,1055,20%,42
T098512,6983,4054,20%,42
T098519,6983,6284,20%,42
T098522,6983,869,20%,42
T098523,6983,546,20%,42
T098525,6983,234,20%,42
T098539,6983,404,20%,42
T098541,6983,5944,20%,42
T098544,6983,4861,20%,42
T098553,7176,343,20%,42
T098567,7176,3118,20%,42
T098569,7176,378,20%,42
T098571,7176,858,20%,42
T098580,7176,2329,20%,42
T098584,7176,7300,20%,42
T098585,7176,8975,20%,42
T098596,7176,2526,20%,42
T098601,7381,9512,20%,42
T098607,7381,3809,20%,42
T098636,7381,9257,20%,42
T098653,7776,3350,20%,42
T098655,7776,5937,20%,42
T098659,7776,68,20%,42
T098666,7776,1244,20%,42
T098667,7776,1313,20%,42
T098669,7776,2418,20%,42
T098670,7776,7937,20%,42
T098678,7776,8469,20%,42
T098684,7776,8615,20%,42
T098687,7776,7155,20%,42
T098689,7776,1243,20%,42
T098695,7776,5239,20%,42
T098698,7776,5656,20%,42
T098703,7788,5500,20%,42
T098705,7788,1084,20%,42
T098707,7788,9189,20%,42
T098709,7788,1655,20%,42
T098713,7788,2749,20%,42
T098714,7788,4693,20%,42
T098718,7788,8380,20%,42
T098725,7788,3927,20%,42
T098732,7788,3779,20%,42
T098734,7788,1093,20%,42
T098745,7788,5271,20%,42
T098749,7788,3761,20%,42
T098754,7792,5610,20%,42
T098757,7792,6365,20%,42
T098759,7792,532,20%,42
T098760,7792,1610,20%,42
T098765,7792,6097,20%,42
T098776,7792,1219,20%,42
T098779,7792,9830,20%,42
T098787,7792,2725,20%,42
T098801,7796,632,20%,42
T098803,7796,6198,20%,42
T098813,7796,3491,20%,42
T098821,7796,7471,20%,42
T098825,7796,1245,20%,42
T098830,7796,6960,20%,42
T098839,7796,5252,20%,42
T098841,7796,4597,20%,42
T098846,7796,6669,20%,42
T098850,7856,4887,20%,42
T098851,7856,9241,20%,42
T098856,7856,6565,20%,42
T098863,7856,2404,20%,42
T098865,7856,9204,20%,42
T098867,7856,5531,20%,42
T098872,7856,974,20%,42
T098874,7856,257,20%,42
T098875,7856,9507,20%,42
T098876,7856,138,20%,42
T098883,7856,3973,20%,42
T098884,7856,7002,20%,42
T098888,7856,8926,20%,42
T098902,7984,25,20%,42
T098905,7984,1992,20%,42
T098907,7984,7888,20%,42
T098912,7984,2289,20%,42
T098916,7984,2080,20%,42
T098921,7984,5599,20%,42
T098927,7984,2575,20%,42
T098938,7984,2794,20%,42
T098943,7984,1876,20%,42
T098946,7984,178,20%,42
T098947,7984,546,20%,42
T098951,8691,46,20%,42
T098953,8691,2372,20%,42
T098965,8691,6071,20%,42
T098977,8691,87,20%,42
T098980,8691,7432,20%,42
T098984,8691,2559,20%,42
T098988,8691,3362,20%,42
T098993,8691,8203,20%,42
T099000,9216,1798,20%,42
T099019,9216,1895,20%,42
T099023,9216,3572,20%,42
T099038,9216,8950,20%,42
T099042,9216,1245,20%,42
T099045,9216,2734,20%,42
T099062,9272,7766,20%,42
T099063,9272,4771,20%,42
T099066,9272,341,20%,42
T099070,9272,941,20%,42
T099084,9272,8819,20%,42
T099089,9272,3046,20%,42
T099097,9272,9844,20%,42
T099099,9272,5630,20%,42
T099100,9369,7788,20%,42
T099101,9369,8339,20%,42
T099105,9369,8541,20%,42
T099116,9369,1116,20%,42
T099119,9369,998,20%,42
T099123,9369,217,20%,42
T099124,9369,8470,20%,42
T099131,9369,171,20%,42
T099133,9369,5752,20%,42
T099147,9369,565,20%,42
T099163,10177,4051,20%,42
T099168,10177,589,20%,42
T099173,10177,4024,20%,42
T099174,10177,6483,20%,42
T099175,10177,2644,20%,42
T099178,10177,9311,20%,42
T099181,10177,256,20%,42
T099183,10177,4248,20%,42
T099187,10177,4563,20%,42
T099189,10177,6334,20%,42
T099193,10177,9189,20%,42
T099194,10177,245,20%,42
T099197,10177,7464,20%,42
T099198,10177,3056,20%,42
T099205,10188,193,20%,42
T099208,10188,9020,20%,42
T099211,10188,9351,20%,42
T099217,10188,995,20%,42
T099230,10188,6949,20%,42
T099232,10188,673,20%,42
T099233,10188,1815,20%,42
T099241,10188,8304,20%,42
T099250,10195,5452,20%,42
T099252,10195,24,20%,42
T099253,10195,93,20%,42
T099255,10195,3520,20%,42
T099267,10195,6488,20%,42
T099268,10195,9533,20%,42
T099283,10195,39,20%,42
T099286,10195,5769,20%,42
T099287,10195,33,20%,42
T099288,10195,2618,20%,42
T099289,10195,5125,20%,42
T099300,95,3331,20%,42
T099301,95,5830,20%,42
T099309,95,664,20%,42
T099311,95,517,20%,42
T099316,95,4478,20%,42
T099318,95,6396,20%,42
T099322,95,2510,20%,42
T099337,95,9544,20%,42
T099343,95,2814,20%,42
T099347,95,5610,20%,42
T099348,95,4362,20%,42
T099349,95,9515,20%,42
T099357,280,3384,20%,42
T099361,280,5084,20%,42
T099363,280,8783,20%,42
T099365,280,2731,20%,42
T099367,280,8234,20%,42
T099371,280,6306,20%,42
T099372,280,41,20%,42
T099373,280,7031,20%,42
T099377,280,5252,20%,42
T099386,280,7600,20%,42
T099392,280,6059,20%,42
T099395,280,3951,20%,42
T099401,365,601,20%,42
T099402,365,6151,20%,42
T099410,365,6897,20%,42
T099414,365,5985,20%,42
T099415,365,772,20%,42
T099428,365,5298,20%,42
T099433,365,2423,20%,42
T099436,365,3177,20%,42
T099438,365,5622,20%,42
T099439,365,626,20%,42
T099442,365,9020,20%,42
T099446,365,5127,20%,42
T099458,492,585,20%,42
T099460,492,3767,20%,42
T099463,492,6224,20%,42
T099472,492,541,20%,42
T099476,492,2608,20%,42
T099486,492,3938,20%,42
T099489,492,7144,20%,42
T099501,528,5812,20%,42
T099506,528,7250,20%,42
T099518,528,491,20%,42
T099539,528,1247,20%,42
T099543,528,1115,20%,42
T099546,528,3922,20%,42
T099551,539,1049,20%,42
T099557,539,605,20%,42
T099558,539,9,20%,42
T099569,539,1310,20%,42
T099579,539,3966,20%,42
T099583,539,4649,20%,42
T099584,539,8063,20%,42
T099590,539,258,20%,42
T099600,573,3624,20%,42
T099602,573,4603,20%,42
T099603,573,1209,20%,42
T099606,573,175,20%,42
T099607,573,279,20%,42
T099610,573,4478,20%,42
T099619,573,5260,20%,42
T099624,573,1542,20%,42
T099628,573,4168,20%,42
T099632,573,7162,20%,42
T099641,573,71,20%,42
T099649,573,469,20%,42
T099650,1126,2473,20%,42
T099658,1126,6983,20%,42
T099661,1126,2420,20%,42
T099666,1126,2314,20%,42
T099667,1126,3139,20%,42
T099672,1126,947,20%,42
T099675,1126,5503,20%,42
T099676,1126,1985,20%,42
T099680,1126,1005,20%,42
T099685,1126,2112,20%,42
T099690,1126,2661,20%,42
T099694,1126,1211,20%,42
T099707,1175,772,20%,42
T099717,1175,1102,20%,42
T099724,1175,8814,20%,42
T099729,1175,3296,20%,42
T099737,1175,9533,20%,42
T099738,1175,2333,20%,42
T099740,1175,2829,20%,42
T099742,1175,6594,20%,42
T099743,1175,2637,20%,42
T099744,1175,671,20%,42
T099751,1216,1117,20%,42
T099759,1216,1379,20%,42
T099763,1216,8746,20%,42
T099764,1216,869,20%,42
T099770,1216,158,20%,42
T099772,1216,248,20%,42
T099774,1216,985,20%,42
T099775,1216,2941,20%,42
T099778,1216,1204,20%,42
T099779,1216,7890,20%,42
T099782,1216,8866,20%,42
T099787,1216,4044,20%,42
T099790,1216,6441,20%,42
T099794,1216,6092,20%,42
T099799,1216,3241,20%,42
T099804,1362,4503,20%,42
T099808,1362,1588,20%,42
T099814,1362,5563,20%,42
T099815,1362,976,20%,42
T099818,1362,6119,20%,42
T099830,1362,6558,20%,42
T099835,1362,3503,20%,42
T099846,1362,124,20%,42
T099847,1362,1007,20%,42
T099850,1592,338,20%,42
T099854,1592,2802,20%,42
T099862,1592,49,20%,42
T099863,1592,3938,20%,42
T099876,1592,1645,20%,42
T099884,1592,1595,20%,42
T099889,1592,4955,20%,42
T099892,1592,6675,20%,42
T099895,1592,2650,20%,42
T099900,1888,10350,20%,42
T099915,1888,9106,20%,42
T099916,1888,585,20%,42
T099917,1888,8089,20%,42
T099923,1888,1150,20%,42
T099925,1888,3046,20%,42
T099933,1888,2332,20%,42
T099936,1888,6513,20%,42
T099942,1888,2552,20%,42
T099952,1910,1494,20%,42
T099956,1910,477,20%,42
T099961,1910,6023,20%,42
T099963,1910,6339,20%,42
T099964,1910,6271,20%,42
T099969,1910,4226,20%,42
T099970,1910,1058,20%,42
T099975,1910,1545,20%,42
T099979,1910,266,20%,42
T099992,1910,130,20%,42
T099994,1910,1888,20%,42
T099996,1910,249,20%,42
