image_id,true_identity,assigned_identity,noise_level,seed
T000007,819,4743,10%,42
T000024,819,947,10%,42
T000052,3410,27,10%,42
T000054,3410,895,10%,42
T000085,3410,733,10%,42
T000114,138,6253,10%,42
T000115,138,6594,10%,42
T000123,138,3459,10%,42
T000128,138,730,10%,42
T000138,138,6692,10%,42
T000173,1321,6685,10%,42
T000180,1321,2804,10%,42
T000187,1321,1538,10%,42
T000188,1321,3606,10%,42
T000202,3384,7300,10%,42
T000221,3384,3209,10%,42
T000233,3384,1709,10%,42
T000236,3384,9533,10%,42
T000240,3384,8303,10%,42
T000253,2188,131,10%,42
T000286,2188,2949,10%,42
T000305,3024,3676,10%,42
T000311,3024,275,10%,42
T000317,3024,275,10%,42
T000327,3024,590,10%,42
T000335,3024,9853,10%,42
T000337,3024,4711,10%,42
T000347,3024,187,10%,42
T000358,872,6864,10%,42
T000362,872,8663,10%,42
T000377,872,8444,10%,42
T000379,872,967,10%,42
T000381,872,1318,10%,42
T000402,2749,8617,10%,42
T000405,2749,5714,10%,42
T000411,2749,8408,10%,42
T000413,2749,46,10%,42
T000427,2749,9923,10%,42
T000430,2749,1265,10%,42
T000432,2749,3693,10%,42
T000442,2749,9164,10%,42
T000450,4111,2941,10%,42
T000461,4111,1375,10%,42
T000467,4111,1876,10%,42
T000471,4111,673,10%,42
T000473,4111,6119,10%,42
T000475,4111,6575,10%,42
T000494,4111,889,10%,42
T000537,2189,1673,10%,42
T000539,2189,2108,10%,42
T000545,2189,264,10%,42
T000549,2189,6787,10%,42
T000555,5287,4808,10%,42
T000582,5287,3055,10%,42
T000585,5287,5725,10%,42
T000587,5287,5889,10%,42
T000595,5287,7037,10%,42
T000603,6374,8416,10%,42
T000612,6374,6599,10%,42
T000647,6374,891,10%,42
T000650,4670,2815,10%,42
T000653,4670,3871,10%,42
T000660,4670,513,10%,42
T000719,41,1087,10%,42
T000722,41,7115,10%,42
T000737,41,2346,10%,42
T000744,41,1079,10%,42
T000753,1542,975,10%,42
T000754,1542,2188,10%,42
T000761,1542,71,10%,42
T000785,1542,4622,10%,42
T000789,1542,76,10%,42
T000816,6090,4364,10%,42
T000822,6090,2639,10%,42
T000852,4968,893,10%,42
T000857,4968,9836,10%,42
T000865,4968,2965,10%,42
T000869,4968,4151,10%,42
T000875,4968,7392,10%,42
T000877,4968,3870,10%,42
T000884,4968,377,10%,42
T000890,4968,185,10%,42
T000903,37,1959,10%,42
T000906,37,199,10%,42
T000907,37,3114,10%,42
T000970,6224,1935,10%,42
T000976,6224,333,10%,42
T000981,6224,3330,10%,42
T000982,6224,7981,10%,42
T000988,6224,891,10%,42
T000996,6224,4183,10%,42
T000999,6224,9997,10%,42
T001002,956,1115,10%,42
T001011,956,8613,10%,42
T001019,956,2034,10%,42
T001021,956,1815,10%,42
T001031,956,605,10%,42
T001040,956,3165,10%,42
T001051,6332,738,10%,42
T001053,6332,2100,10%,42
T001071,6332,2331,10%,42
T001076,6332,4204,10%,42
T001077,6332,2804,10%,42
T001095,6332,1098,10%,42
T001106,1317,2264,10%,42
T001107,1317,4292,10%,42
T001110,1317,8067,10%,42
T001126,1317,987,10%,42
T001129,1317,9617,10%,42
T001131,1317,5834,10%,42
T001138,1317,6838,10%,42
T001147,1317,136,10%,42
T001148,1317,10314,10%,42
T001151,658,7115,10%,42
T001171,658,32,10%,42
T001243,1299,6573,10%,42
T001248,1299,79,10%,42
T001249,1299,5846,10%,42
T001257,1245,4621,10%,42
T001266,1245,4048,10%,42
T001272,1245,5839,10%,42
T001307,1994,995,10%,42
T001330,1994,651,10%,42
T001338,1994,7018,10%,42
T001343,1994,4088,10%,42
T001350,256,7940,10%,42
T001353,256,10281,10%,42
T001355,256,5067,10%,42
T001361,256,3749,10%,42
T001364,256,1286,10%,42
T001381,256,462,10%,42
T001403,4401,4312,10%,42
T001408,4401,4603,10%,42
T001431,4401,2806,10%,42
T001434,4401,2433,10%,42
T001438,4401,8791,10%,42
T001449,4401,5377,10%,42
T001457,23,9987,10%,42
T001458,23,193,10%,42
T001485,23,966,10%,42
T001489,23,5067,10%,42
T001491,23,5322,10%,42
T001506,194,2027,10%,42
T001513,194,605,10%,42
T001515,194,3895,10%,42
T001525,194,5503,10%,42
T001530,194,5657,10%,42
T001533,194,8861,10%,42
T001538,194,1317,10%,42
T001552,1822,1004,10%,42
T001556,1822,10535,10%,42
T001559,1822,1468,10%,42
T001570,1822,9936,10%,42
T001593,1822,3676,10%,42
T001594,1822,8146,10%,42
T001595,1822,764,10%,42
T001612,3989,9524,10%,42
T001643,3989,6777,10%,42
T001669,1226,1888,10%,42
T001685,1226,6094,10%,42
T001686,1226,9118,10%,42
T001692,1226,771,10%,42
T001703,513,6271,10%,42
T001708,513,1933,10%,42
T001712,513,3007,10%,42
T001716,513,6675,10%,42
T001720,513,18,10%,42
T001723,513,9544,10%,42
T001731,513,497,10%,42
T001749,513,2227,10%,42
T001771,8071,1266,10%,42
T001775,8071,2715,10%,42
T001782,8071,83,10%,42
T001788,8071,5153,10%,42
T001802,2439,8739,10%,42
T001808,2439,944,10%,42
T001843,2439,4982,10%,42
T001847,2439,9292,10%,42
T001855,4478,8658,10%,42
T001859,4478,1177,10%,42
T001866,4478,7811,10%,42
T001869,4478,1197,10%,42
T001875,4478,578,10%,42
T001876,4478,3158,10%,42
T001905,5830,4838,10%,42
T001911,5830,158,10%,42
T001923,5830,3,10%,42
T001954,1466,3205,10%,42
T001962,1466,1079,10%,42
T001996,1466,4373,10%,42
T001997,1466,3572,10%,42
T002011,69,2964,10%,42
T002022,69,33,10%,42
T002036,69,1388,10%,42
T002040,69,9237,10%,42
T002047,69,4486,10%,42
T002092,944,7766,10%,42
T002129,6558,166,10%,42
T002131,6558,4416,10%,42
T002141,6558,6669,10%,42
T002146,6558,1244,10%,42
T002154,2738,3106,10%,42
T002164,2738,191,10%,42
T002176,2738,3809,10%,42
T002187,2738,280,10%,42
T002194,2738,5708,10%,42
T002196,2738,2935,10%,42
T002198,2738,524,10%,42
T002201,5444,1398,10%,42
T002202,5444,2644,10%,42
T002218,5444,5408,10%,42
T002231,5444,3007,10%,42
T002237,5444,901,10%,42
T002246,5444,470,10%,42
T002255,6023,2794,10%,42
T002275,6023,2804,10%,42
T002277,6023,6406,10%,42
T002281,6023,3068,10%,42
T002283,6023,2040,10%,42
T002284,6023,6509,10%,42
T002299,6023,8855,10%,42
T002315,3274,6115,10%,42
T002321,3274,8927,10%,42
T002347,3274,2275,10%,42
T002355,21,8763,10%,42
T002358,21,2544,10%,42
T002359,21,5970,10%,42
T002366,21,6202,10%,42
T002379,21,9401,10%,42
T002411,2986,2446,10%,42
T002413,2986,6954,10%,42
T002417,2986,1801,10%,42
T002434,2986,4510,10%,42
T002449,2986,2308,10%,42
T002465,18,7925,10%,42
T002469,18,3190,10%,42
T002475,18,7030,10%,42
T002492,18,148,10%,42
T002501,47,4145,10%,42
T002514,47,5991,10%,42
T002520,47,387,10%,42
T002522,47,5210,10%,42
T002527,47,4355,10%,42
T002528,47,9519,10%,42
T002534,47,3066,10%,42
T002548,47,2293,10%,42
T002574,3,456,10%,42
T002578,3,257,10%,42
T002580,3,4958,10%,42
T002581,3,6993,10%,42
T002583,3,250,10%,42
T002625,2639,5726,10%,42
T002632,2639,6128,10%,42
T002641,2639,89,10%,42
T002650,14,8975,10%,42
T002657,14,7759,10%,42
T002680,14,4178,10%,42
T002686,14,4622,10%,42
T002711,1595,647,10%,42
T002727,1595,2987,10%,42
T002732,1595,4706,10%,42
T002740,1595,4682,10%,42
T002757,4362,6437,10%,42
T002763,4362,2289,10%,42
T002772,4362,2512,10%,42
T002776,4362,360,10%,42
T002794,4362,2554,10%,42
T002797,4362,9199,10%,42
T002811,1649,9241,10%,42
T002828,1649,8114,10%,42
T002835,1649,7977,10%,42
T002839,1649,5364,10%,42
T002841,1649,2308,10%,42
T002858,2027,1175,10%,42
T002878,2027,7987,10%,42
T002880,2027,8295,10%,42
T002884,2027,383,10%,42
T002910,291,599,10%,42
T002923,291,1204,10%,42
T002928,291,2084,10%,42
T002932,291,1603,10%,42
T002945,291,5629,10%,42
T002953,4312,5273,10%,42
T002967,4312,7115,10%,42
T002975,4312,4646,10%,42
T002988,4312,1122,10%,42
T003008,4290,6097,10%,42
T003020,4290,385,10%,42
T003024,4290,7372,10%,42
T003029,4290,1466,10%,42
T003034,4290,2646,10%,42
T003058,2644,7316,10%,42
T003067,2644,26,10%,42
T003079,2644,1008,10%,42
T003088,2644,7529,10%,42
T003104,6049,3901,10%,42
T003124,6049,5747,10%,42
T003126,6049,4329,10%,42
T003129,6049,455,10%,42
T003132,6049,238,10%,42
T003138,6049,3479,10%,42
T003173,1005,2243,10%,42
T003175,1005,4546,10%,42
T003185,1005,2982,10%,42
T003199,1005,863,10%,42
T003233,2526,591,10%,42
T003245,2526,787,10%,42
T003246,2526,808,10%,42
T003261,5447,1791,10%,42
T003265,5447,4844,10%,42
T003302,2725,2906,10%,42
T003311,2725,9638,10%,42
T003349,2725,3024,10%,42
T003353,1014,821,10%,42
T003355,1014,8715,10%,42
T003358,1014,562,10%,42
T003360,1014,8113,10%,42
T003363,1014,89,10%,42
T003366,1014,229,10%,42
T003378,1014,3729,10%,42
T003391,1014,7069,10%,42
T003401,626,4054,10%,42
T003402,626,3025,10%,42
T003407,626,976,10%,42
T003423,626,8545,10%,42
T003426,626,10343,10%,42
T003431,626,6332,10%,42
T003433,626,5991,10%,42
T003438,626,2509,10%,42
T003440,626,124,10%,42
T003441,626,8751,10%,42
T003443,626,4064,10%,42
T003452,2059,4044,10%,42
T003467,2059,1422,10%,42
T003471,2059,267,10%,42
T003472,2059,7088,10%,42
T003474,2059,4208,10%,42
T003481,2059,7942,10%,42
T003483,2059,9164,10%,42
T003484,2059,8791,10%,42
T003497,2059,7460,10%,42
T003502,6723,3926,10%,42
T003508,6723,7542,10%,42
T003514,6723,5166,10%,42
T003527,6723,1539,10%,42
T003542,6723,5746,10%,42
T003550,6811,7940,10%,42
T003551,6811,5041,10%,42
T003553,6811,6485,10%,42
T003590,6811,4670,10%,42
T003620,5889,2626,10%,42
T003650,5547,8867,10%,42
T003653,5547,4212,10%,42
T003670,5547,3741,10%,42
T003682,5547,4096,10%,42
T003684,5547,10195,10%,42
T003696,5547,4431,10%,42
T003701,8401,596,10%,42
T003721,8401,760,10%,42
T003734,8401,10293,10%,42
T003746,8401,9351,10%,42
T003748,8401,27,10%,42
T003749,8401,5851,10%,42
T003751,343,5991,10%,42
T003756,343,5495,10%,42
T003772,343,9164,10%,42
T003775,343,1439,10%,42
T003776,343,1727,10%,42
T003788,343,264,10%,42
T003791,343,8950,10%,42
T003801,308,5503,10%,42
T003809,308,56,10%,42
T003814,308,10067,10%,42
T003816,308,3331,10%,42
T003819,308,9906,10%,42
T003823,308,6374,10%,42
T003831,308,3066,10%,42
T003832,308,9257,10%,42
T003851,3687,1337,10%,42
T003852,3687,4487,10%,42
T003853,3687,8615,10%,42
T003860,3687,1047,10%,42
T003871,3687,528,10%,42
T003880,3687,673,10%,42
T003882,3687,1,10%,42
T003888,3687,6284,10%,42
T003889,3687,4874,10%,42
T003895,3687,5233,10%,42
T003896,3687,4178,10%,42
T003905,2834,3764,10%,42
T003907,2834,7242,10%,42
T003914,2834,3055,10%,42
T003935,2834,3498,10%,42
T003940,2834,1115,10%,42
T003941,2834,6777,10%,42
T003945,2834,2240,10%,42
T003950,406,7449,10%,42
T003960,406,554,10%,42
T003961,406,86,10%,42
T004007,4238,1629,10%,42
T004009,4238,1388,10%,42
T004018,4238,6796,10%,42
T004028,4238,690,10%,42
T004036,4238,3956,10%,42
T004049,4238,8206,10%,42
T004069,8313,3690,10%,42
T004089,8313,130,10%,42
T004092,8313,327,10%,42
T004103,693,5514,10%,42
T004104,693,10293,10%,42
T004106,693,9544,10%,42
T004109,693,8746,10%,42
T004112,693,847,10%,42
T004124,693,582,10%,42
T004150,2390,8565,10%,42
T004160,2390,1592,10%,42
T004168,2390,7076,10%,42
T004170,2390,899,10%,42
T004178,2390,2535,10%,42
T004185,2390,9,10%,42
T004187,2390,4879,10%,42
T004188,2390,9486,10%,42
T004191,2390,714,10%,42
T004192,2390,453,10%,42
T004201,199,1095,10%,42
T004203,199,32,10%,42
T004218,199,5657,10%,42
T004220,199,6134,10%,42
T004229,199,5726,10%,42
T004240,199,5882,10%,42
T004244,199,2332,10%,42
T004258,1022,581,10%,42
T004264,1022,1223,10%,42
T004281,1022,467,10%,42
T004298,1022,56,10%,42
T004303,1248,6601,10%,42
T004308,1248,5202,10%,42
T004314,1248,1896,10%,42
T004320,1248,3374,10%,42
T004334,1248,3010,10%,42
T004339,1248,632,10%,42
T004349,1248,5944,10%,42
T004397,5065,5511,10%,42
T004401,476,4281,10%,42
T004435,476,5177,10%,42
T004438,476,534,10%,42
T004447,476,5769,10%,42
T004449,476,7684,10%,42
T004453,1764,8712,10%,42
T004455,1764,7970,10%,42
T004458,1764,8312,10%,42
T004484,1764,7942,10%,42
T004499,1764,2749,10%,42
T004519,7601,6014,10%,42
T004521,7601,841,10%,42
T004535,7601,467,10%,42
T004537,7601,4769,10%,42
T004560,7766,8700,10%,42
T004561,7766,6514,10%,42
T004562,7766,5510,10%,42
T004565,7766,6301,10%,42
T004578,7766,2417,10%,42
T004579,7766,8444,10%,42
T004583,7766,6325,10%,42
T004599,7766,10177,10%,42
T004619,1657,987,10%,42
T004623,1657,4347,10%,42
T004624,1657,3165,10%,42
T004642,1657,2439,10%,42
T004646,1657,2486,10%,42
T004653,578,170,10%,42
T004660,578,1183,10%,42
T004674,578,5364,10%,42
T004682,578,117,10%,42
T004686,578,2697,10%,42
T004705,1236,3585,10%,42
T004718,1236,4215,10%,42
T004742,1236,57,10%,42
T004754,1039,3938,10%,42
T004767,1039,2486,10%,42
T004778,1039,3106,10%,42
T004788,1039,9940,10%,42
T004794,1039,59,10%,42
T004800,2013,2478,10%,42
T004827,2013,5233,10%,42
T004829,2013,7030,10%,42
T004846,2013,9808,10%,42
T004891,1147,3759,10%,42
T004899,1147,176,10%,42
T004907,176,6284,10%,42
T004911,176,7334,10%,42
T004925,176,4469,10%,42
T004934,176,4191,10%,42
T004935,176,4503,10%,42
T004942,176,1631,10%,42
T004953,39,7002,10%,42
T004957,39,6079,10%,42
T004958,39,1017,10%,42
T004965,39,4367,10%,42
T004970,39,3951,10%,42
T004984,39,4004,10%,42
T004987,39,6983,10%,42
T004988,39,8071,10%,42
T004991,39,899,10%,42
T004997,39,5761,10%,42
T005011,1154,985,10%,42
T005012,1154,136,10%,42
T005015,1154,187,10%,42
T005022,1154,6685,10%,42
T005043,1154,3517,10%,42
T005050,5511,7937,10%,42
T005080,5511,3331,10%,42
T005096,5511,889,10%,42
T005098,5511,6605,10%,42
T005101,7002,9236,10%,42
T005112,7002,629,10%,42
T005119,7002,683,10%,42
T005124,7002,5982,10%,42
T005133,7002,1658,10%,42
T005144,7002,264,10%,42
T005147,7002,2418,10%,42
T005175,4038,314,10%,42
T005177,4038,1727,10%,42
T005178,4038,240,10%,42
T005195,4038,3114,10%,42
T005203,469,1163,10%,42
T005225,469,4603,10%,42
T005226,469,2618,10%,42
T005232,469,3430,10%,42
T005263,4367,2432,10%,42
T005273,4367,279,10%,42
T005289,4367,6745,10%,42
T005297,4367,6151,10%,42
T005306,3941,198,10%,42
T005323,3941,4523,10%,42
T005342,3941,1071,10%,42
T005345,3941,84,10%,42
T005353,6232,4499,10%,42
T005356,6232,387,10%,42
T005361,6232,4502,10%,42
T005365,6232,351,10%,42
T005386,6232,1535,10%,42
T005387,6232,194,10%,42
T005394,6232,1801,10%,42
T005399,6232,4212,10%,42
T005407,9237,270,10%,42
T005419,9237,4420,10%,42
T005422,9237,2243,10%,42
T005427,9237,6602,10%,42
T005431,9237,9204,10%,42
T005438,9237,8691,10%,42
T005448,9237,340,10%,42
T005452,6485,175,10%,42
T005456,6485,819,10%,42
T005470,6485,4508,10%,42
T005477,6485,2,10%,42
T005493,6485,2004,10%,42
T005502,25,3362,10%,42
T005503,25,6332,10%,42
T005512,25,2881,10%,42
T005518,25,1095,10%,42
T005532,25,3350,10%,42
T005537,25,4724,10%,42
T005538,25,2083,10%,42
T005540,25,3467,10%,42
T005557,221,2387,10%,42
T005559,221,4263,10%,42
T005564,221,7333,10%,42
T005573,221,1122,10%,42
T005578,221,3274,10%,42
T005597,221,1022,10%,42
T005604,2646,5953,10%,42
T005628,2646,3788,10%,42
T005636,2646,915,10%,42
T005642,2646,1910,10%,42
T005651,4168,5726,10%,42
T005652,4168,4226,10%,42
T005657,4168,2154,10%,42
T005660,4168,128,10%,42
T005688,4168,1125,10%,42
T005691,4168,1212,10%,42
T005706,6323,1755,10%,42
T005712,6323,582,10%,42
T005716,6323,1815,10%,42
T005734,6323,649,10%,42
T005745,6323,2027,10%,42
T005756,3749,10206,10%,42
T005761,3749,9544,10%,42
T005778,3749,1090,10%,42
T005780,3749,43,10%,42
T005783,3749,5589,10%,42
T005789,3749,1933,10%,42
T005799,3749,105,10%,42
T005823,688,987,10%,42
T005824,688,7429,10%,42
T005838,688,2352,10%,42
T005840,688,3208,10%,42
T005856,2244,2787,10%,42
T005858,2244,4314,10%,42
T005880,2244,4856,10%,42
T005886,2244,233,10%,42
T005893,2244,1490,10%,42
T005895,2244,2418,10%,42
T005899,2244,6909,10%,42
T005908,88,485,10%,42
T005913,88,6271,10%,42
T005916,88,714,10%,42
T005917,88,1164,10%,42
T005931,88,4314,10%,42
T005937,88,6374,10%,42
T005956,34,10314,10%,42
T005966,34,5393,10%,42
T005980,34,730,10%,42
T006039,1117,573,10%,42
T006048,1117,1514,10%,42
T006051,1336,2118,10%,42
T006067,1336,1992,10%,42
T006068,1336,5714,10%,42
T006069,1336,306,10%,42
T006097,1336,5392,10%,42
T006114,4728,284,10%,42
T006115,4728,3813,10%,42
T006137,4728,9543,10%,42
T006146,4728,8075,10%,42
T006147,4728,974,10%,42
T006155,4800,3479,10%,42
T006175,4800,5678,10%,42
T006183,4800,7176,10%,42
T006193,4800,4221,10%,42
T006205,5624,9724,10%,42
T006209,5624,159,10%,42
T006211,5624,1189,10%,42
T006216,5624,3343,10%,42
T006226,5624,2433,10%,42
T006238,5624,7811,10%,42
T006241,5624,2493,10%,42
T006248,5624,6949,10%,42
T006271,86,6685,10%,42
T006272,86,101,10%,42
T006281,86,6263,10%,42
T006295,86,1202,10%,42
T006297,86,6890,10%,42
T006331,1188,5708,10%,42
T006334,1188,3007,10%,42
T006338,1188,8571,10%,42
T006362,85,4486,10%,42
T006367,85,2165,10%,42
T006371,85,21,10%,42
T006386,85,3914,10%,42
T006388,85,1552,10%,42
T006391,85,3708,10%,42
T006399,85,5202,10%,42
T006418,3619,132,10%,42
T006426,3619,6224,10%,42
T006431,3619,9610,10%,42
T006442,3619,3362,10%,42
T006444,3619,384,10%,42
T006450,136,2613,10%,42
T006459,136,1704,10%,42
T006465,136,2355,10%,42
T006476,136,6647,10%,42
T006485,136,253,10%,42
T006500,3241,58,10%,42
T006503,3241,3056,10%,42
T006504,3241,171,10%,42
T006507,3241,8882,10%,42
T006516,3241,8050,10%,42
T006517,3241,5984,10%,42
T006520,3241,391,10%,42
T006523,3241,8258,10%,42
T006551,4682,240,10%,42
T006566,4682,1613,10%,42
T006570,4682,6357,10%,42
T006571,4682,610,10%,42
T006573,4682,4450,10%,42
T006574,4682,7031,10%,42
T006578,4682,2613,10%,42
T006580,4682,6332,10%,42
T006590,4682,1219,10%,42
T006594,4682,5132,10%,42
T006607,3056,6606,10%,42
T006609,3056,6201,10%,42
T006610,3056,3609,10%,42
T006646,3056,1933,10%,42
T006658,46,1798,10%,42
T006665,46,8982,10%,42
T006674,46,6030,10%,42
T006681,46,4445,10%,42
T006705,4469,6059,10%,42
T006713,4469,1994,10%,42
T006730,4469,9719,10%,42
T006738,4469,2093,10%,42
T006751,5392,186,10%,42
T006794,5392,2164,10%,42
T006799,5392,4161,10%,42
T006801,7334,448,10%,42
T006811,7334,6425,10%,42
T006845,7334,235,10%,42
T006861,852,863,10%,42
T006864,852,7049,10%,42
T006875,852,8745,10%,42
T006904,1168,3518,10%,42
T006907,1168,903,10%,42
T006910,1168,6094,10%,42
T006916,1168,1095,10%,42
T006917,1168,8783,10%,42
T006925,1168,1468,10%,42
T006928,1168,7372,10%,42
T006932,1168,5994,10%,42
T006939,1168,6301,10%,42
T006958,2042,3611,10%,42
T006985,2042,2581,10%,42
T006989,2042,5963,10%,42
T006991,2042,8613,10%,42
T006999,2042,2433,10%,42
T007011,6284,6513,10%,42
T007015,6284,6263,10%,42
T007017,6284,226,10%,42
T007021,6284,900,10%,42
T007033,6284,1523,10%,42
T007047,6284,1399,10%,42
T007064,7018,7913,10%,42
T007068,7018,137,10%,42
T007071,7018,4469,10%,42
T007110,3774,1223,10%,42
T007117,3774,926,10%,42
T007122,3774,5879,10%,42
T007159,4603,2390,10%,42
T007166,4603,1379,10%,42
T007168,4603,1306,10%,42
T007171,4603,266,10%,42
T007182,4603,571,10%,42
T007185,4603,6796,10%,42
T007232,2881,198,10%,42
T007238,2881,5233,10%,42
T007240,2881,6851,10%,42
T007244,2881,629,10%,42
T007248,2881,1200,10%,42
T007249,2881,4497,10%,42
T007250,3451,3224,10%,42
T007252,3451,5746,10%,42
T007261,3451,7333,10%,42
T007273,3451,4048,10%,42
T007291,3451,3456,10%,42
T007295,3451,562,10%,42
T007321,1040,3003,10%,42
T007330,1040,168,10%,42
T007359,2842,9738,10%,42
T007361,2842,9351,10%,42
T007384,2842,4955,10%,42
T007385,2842,2331,10%,42
T007386,2842,3240,10%,42
T007388,2842,1888,10%,42
T007409,6909,2434,10%,42
T007432,6909,1179,10%,42
T007436,6909,7673,10%,42
T007471,863,5368,10%,42
T007473,863,4145,10%,42
T007479,863,2404,10%,42
T007488,863,3459,10%,42
T007497,863,6796,10%,42
T007505,386,8304,10%,42
T007506,386,9940,10%,42
T007512,386,9519,10%,42
T007519,386,6754,10%,42
T007532,386,2987,10%,42
T007536,386,6406,10%,42
T007538,386,4862,10%,42
T007542,386,7764,10%,42
T007550,5708,3870,10%,42
T007556,5708,1240,10%,42
T007558,5708,5009,10%,42
T007570,5708,7471,10%,42
T007612,871,10060,10%,42
T007625,871,76,10%,42
T007635,871,5769,10%,42
T007646,871,1243,10%,42
T007650,359,5993,10%,42
T007655,359,333,10%,42
T007666,359,1039,10%,42
T007685,359,5226,10%,42
T007687,359,378,10%,42
T007688,359,1613,10%,42
T007693,359,7764,10%,42
T007727,7645,5985,10%,42
T007751,1183,1104,10%,42
T007755,1183,7601,10%,42
T007762,1183,9175,10%,42
T007768,1183,5944,10%,42
T007806,7031,4741,10%,42
T007807,7031,9833,10%,42
T007826,7031,4285,10%,42
T007830,7031,6897,10%,42
T007840,7031,1626,10%,42
T007844,7031,3914,10%,42
T007848,7031,3708,10%,42
T007871,22,71,10%,42
T007920,2023,3232,10%,42
T007927,2023,6357,10%,42
T007945,2023,1008,10%,42
T007949,2023,155,10%,42
T007958,843,7766,10%,42
T007984,843,8401,10%,42
T007985,843,5592,10%,42
T007988,843,5540,10%,42
T008000,5086,3676,10%,42
T008010,5086,967,10%,42
T008016,5086,7981,10%,42
T008025,5086,5319,10%,42
T008026,5086,10342,10%,42
T008030,5086,3012,10%,42
T008046,5086,672,10%,42
T008055,5748,8169,10%,42
T008067,5748,4399,10%,42
T008077,5748,3585,10%,42
T008108,178,985,10%,42
T008134,178,327,10%,42
T008139,178,2794,10%,42
T008157,1048,1102,10%,42
T008188,1048,3749,10%,42
T008189,1048,9952,10%,42
T008204,1150,2829,10%,42
T008213,1150,1154,10%,42
T008231,1150,6500,10%,42
T008234,1150,169,10%,42
T008237,1150,155,10%,42
T008255,9833,7937,10%,42
T008256,9833,6830,10%,42
T008257,9833,8664,10%,42
T008260,9833,6232,10%,42
T008295,9833,291,10%,42
T008302,986,609,10%,42
T008328,986,967,10%,42
T008329,986,607,10%,42
T008331,986,852,10%,42
T008334,986,4489,10%,42
T008341,986,5610,10%,42
T008353,467,3232,10%,42
T008355,467,43,10%,42
T008362,467,8507,10%,42
T008371,467,3678,10%,42
T008401,6891,10188,10%,42
T008407,6891,12,10%,42
T008416,6891,5368,10%,42
T008425,6891,250,10%,42
T008434,6891,3270,10%,42
T008446,6891,638,10%,42
T008454,2397,2166,10%,42
T008456,2397,684,10%,42
T008474,2397,5408,10%,42
T008475,2397,5120,10%,42
T008535,3134,3464,10%,42
T008540,3134,5627,10%,42
T008568,5834,8922,10%,42
T008586,5834,977,10%,42
T008596,5834,532,10%,42
T008597,5834,1005,10%,42
T008602,5944,3956,10%,42
T008606,5944,2023,10%,42
T008614,5944,477,10%,42
T008617,5944,587,10%,42
T008620,5944,2479,10%,42
T008624,5944,5162,10%,42
T008650,5225,7811,10%,42
T008666,5225,6709,10%,42
T008682,5225,8691,10%,42
T008696,5225,5084,10%,42
T008698,5225,1891,10%,42
T008704,105,9351,10%,42
T008712,105,690,10%,42
T008765,976,2314,10%,42
T008780,976,3165,10%,42
T008783,976,2558,10%,42
T008788,976,4232,10%,42
T008798,976,6244,10%,42
T008826,1,8416,10%,42
T008829,1,732,10%,42
T008833,1,33,10%,42
T008834,1,3296,10%,42
T008863,3954,3927,10%,42
T008865,3954,2471,10%,42
T008881,3954,1130,10%,42
T008883,3954,1292,10%,42
T008892,3954,4191,10%,42
T008897,3954,3610,10%,42
T008908,8855,2629,10%,42
T008911,8855,1245,10%,42
T008912,8855,8089,10%,42
T008914,8855,18,10%,42
T008935,8855,616,10%,42
T008936,8855,2637,10%,42
T008937,8855,9852,10%,42
T008942,8855,2275,10%,42
T008951,31,7803,10%,42
T008964,31,1061,10%,42
T008971,31,3384,10%,42
T008972,31,9726,10%,42
T008976,31,9852,10%,42
T008990,31,632,10%,42
T008992,31,5726,10%,42
T009009,404,2418,10%,42
T009019,404,2719,10%,42
T009020,404,589,10%,42
T009028,404,4432,10%,42
T009033,404,3619,10%,42
T009034,404,3787,10%,42
T009036,404,491,10%,42
T009043,404,2729,10%,42
T009057,532,6237,10%,42
T009060,532,9272,10%,42
T009085,532,6558,10%,42
T009106,76,1088,10%,42
T009109,76,6433,10%,42
T009112,76,4874,10%,42
T009129,76,901,10%,42
T009162,612,4888,10%,42
T009168,612,6334,10%,42
T009180,612,9512,10%,42
T009186,612,6374,10%,42
T009189,612,2881,10%,42
T009197,612,5419,10%,42
T009206,3982,3572,10%,42
T009208,3982,2505,10%,42
T009217,3982,509,10%,42
T009220,3982,231,10%,42
T009262,1668,9849,10%,42
T009283,1668,2493,10%,42
T009287,1668,998,10%,42
T009318,2420,529,10%,42
T009321,2420,5368,10%,42
T009334,2420,3524,10%,42
T009346,2420,1126,10%,42
T009350,244,3090,10%,42
T009400,1197,8732,10%,42
T009402,1197,2166,10%,42
T009415,1197,2581,10%,42
T009419,1197,3366,10%,42
T009426,1197,4627,10%,42
T009427,1197,677,10%,42
T009430,1197,7724,10%,42
T009453,2374,3330,10%,42
T009464,2374,2434,10%,42
T009502,206,5004,10%,42
T009505,206,8236,10%,42
T009512,206,4364,10%,42
T009515,206,10101,10%,42
T009517,206,3366,10%,42
T009518,206,1196,10%,42
T009540,206,4506,10%,42
T009552,5326,7357,10%,42
T009555,5326,5744,10%,42
T009585,5326,7615,10%,42
T009592,5326,2964,10%,42
T009614,491,93,10%,42
T009653,1241,1931,10%,42
T009657,1241,544,10%,42
T009665,1241,2166,10%,42
T009671,1241,54,10%,42
T009674,1241,4693,10%,42
T009684,1241,5587,10%,42
T009685,1241,1954,10%,42
T009688,1241,5004,10%,42
T009707,5713,4312,10%,42
T009715,5713,3767,10%,42
T009716,5713,2851,10%,42
T009720,5713,3470,10%,42
T009734,5713,3469,10%,42
T009737,5713,2527,10%,42
T009743,5713,3400,10%,42
T009757,6353,9082,10%,42
T009774,6353,654,10%,42
T009779,6353,1180,10%,42
T009781,6353,3459,10%,42
T009785,6353,8207,10%,42
T009790,6353,641,10%,42
T009802,8,7987,10%,42
T009837,8,1188,10%,42
T009844,8,5937,10%,42
T009880,6796,4958,10%,42
T009881,6796,4700,10%,42
T009882,6796,4409,10%,42
T009902,1123,6743,10%,42
T009908,1123,1399,10%,42
T009916,1123,8505,10%,42
T009935,1123,4162,10%,42
T009950,277,10079,10%,42
T009952,277,4978,10%,42
T009963,277,125,10%,42
T009965,277,4210,10%,42
T009968,277,8926,10%,42
T009972,277,3348,10%,42
T009976,277,125,10%,42
T009978,277,3118,10%,42
T009980,277,3270,10%,42
T010012,2575,880,10%,42
T010026,2575,4290,10%,42
T010040,2575,1362,10%,42
T010069,101,330,10%,42
T010075,101,8399,10%,42
T010076,101,609,10%,42
T010087,101,2042,10%,42
T010101,372,7630,10%,42
T010112,372,5843,10%,42
T010123,372,233,10%,42
T010148,372,8732,10%,42
T010153,6014,2275,10%,42
T010160,6014,8914,10%,42
T010186,6014,6458,10%,42
T010189,6014,67,10%,42
T010192,6014,1938,10%,42
T010201,554,1168,10%,42
T010203,554,863,10%,42
T010206,554,6409,10%,42
T010210,554,5643,10%,42
T010229,554,534,10%,42
T010231,554,614,10%,42
T010233,554,6909,10%,42
T010237,554,3503,10%,42
T010245,554,6441,10%,42
T010250,899,6332,10%,42
T010259,899,5736,10%,42
T010272,899,90,10%,42
T010279,899,5812,10%,42
T010288,899,4420,10%,42
T010302,1082,7996,10%,42
T010312,1082,8791,10%,42
T010317,1082,688,10%,42
T010328,1082,4431,10%,42
T010346,1082,2608,10%,42
T010347,1082,5317,10%,42
T010351,6079,2412,10%,42
T010360,6079,1292,10%,42
T010365,6079,4043,10%,42
T010369,6079,5955,10%,42
T010394,6079,1399,10%,42
T010395,6079,1036,10%,42
T010407,97,8127,10%,42
T010412,97,56,10%,42
T010418,97,592,10%,42
T010421,97,3498,10%,42
T010435,97,7103,10%,42
T010438,97,5271,10%,42
T010446,97,8198,10%,42
T010452,764,1664,10%,42
T010456,764,1098,10%,42
T010478,764,571,10%,42
T010482,764,860,10%,42
T010546,587,9731,10%,42
T010567,858,5973,10%,42
T010570,858,1718,10%,42
T010572,858,2715,10%,42
T010574,858,6151,10%,42
T010585,858,1040,10%,42
T010591,858,38,10%,42
T010597,858,6993,10%,42
T010598,858,5252,10%,42
T010607,1769,9771,10%,42
T010621,1769,256,10%,42
T010624,1769,9292,10%,42
T010631,1769,3914,10%,42
T010636,1769,207,10%,42
T010650,2584,5034,10%,42
T010654,2584,370,10%,42
T010671,2584,3169,10%,42
T010676,2584,4362,10%,42
T010682,2584,5510,10%,42
T010700,190,5366,10%,42
T010712,190,1574,10%,42
T010713,190,31,10%,42
T010714,190,7951,10%,42
T010723,190,3928,10%,42
T010727,190,7724,10%,42
T010728,190,952,10%,42
T010730,190,9719,10%,42
T010733,190,341,10%,42
T010739,190,5994,10%,42
T010755,3165,5210,10%,42
T010768,3165,4416,10%,42
T010777,3165,5298,10%,42
T010778,3165,1330,10%,42
T010780,3165,8324,10%,42
T010798,3165,25,10%,42
T010807,4969,1657,10%,42
T010811,4969,7981,10%,42
T010815,4969,2121,10%,42
T010819,4969,3583,10%,42
T010838,4969,183,10%,42
T010853,238,3259,10%,42
T010865,238,250,10%,42
T010866,238,763,10%,42
T010868,238,27,10%,42
T010869,238,10333,10%,42
T010874,238,7269,10%,42
T010890,238,6622,10%,42
T010896,238,195,10%,42
T010948,536,7801,10%,42
T010950,4088,2085,10%,42
T010955,4088,2136,10%,42
T010957,4088,1299,10%,42
T010970,4088,1981,10%,42
T010985,4088,6815,10%,42
T010998,4088,4227,10%,42
T011002,5618,1031,10%,42
T011024,5618,145,10%,42
T011037,5618,6125,10%,42
T011038,5618,4856,10%,42
T011039,5618,601,10%,42
T011049,5618,2444,10%,42
T011067,203,1023,10%,42
T011079,203,49,10%,42
T011085,203,1655,10%,42
T011099,203,1976,10%,42
T011100,231,341,10%,42
T011115,231,2118,10%,42
T011125,231,953,10%,42
T011126,231,6871,10%,42
T011146,231,8573,10%,42
T011174,237,2961,10%,42
T011184,237,513,10%,42
T011188,237,4741,10%,42
T011201,32,2526,10%,42
T011206,32,5237,10%,42
T011211,32,2697,10%,42
T011213,32,5016,10%,42
T011217,32,1603,10%,42
T011221,32,3206,10%,42
T011230,32,9064,10%,42
T011251,455,5393,10%,42
T011252,455,165,10%,42
T011259,455,923,10%,42
T011274,455,1801,10%,42
T011282,455,8882,10%,42
T011326,1545,4537,10%,42
T011349,1545,1658,10%,42
T011351,6934,4365,10%,42
T011366,6934,391,10%,42
T011374,6934,637,10%,42
T011376,6934,2182,10%,42
T011381,6934,86,10%,42
T011383,6934,800,10%,42
T011387,6934,183,10%,42
T011395,6934,9544,10%,42
T011409,763,714,10%,42
T011421,763,2189,10%,42
T011434,763,8531,10%,42
T011438,763,1524,10%,42
T011440,763,4546,10%,42
T011442,763,6323,10%,42
T011447,763,3884,10%,42
T011461,1629,7970,10%,42
T011477,1629,1023,10%,42
T011498,1629,9650,10%,42
T011501,5725,4732,10%,42
T011505,5725,6833,10%,42
T011507,5725,4334,10%,42
T011516,5725,1815,10%,42
T011520,5725,4226,10%,42
T011533,5725,7849,10%,42
T011535,5725,10028,10%,42
T011540,5725,8866,10%,42
T011550,148,2787,10%,42
T011556,148,1361,10%,42
T011566,148,915,10%,42
T011567,148,567,10%,42
T011598,148,774,10%,42
T011603,5500,3956,10%,42
T011604,5500,3177,10%,42
T011618,5500,8950,10%,42
T011653,5714,10231,10%,42
T011668,5714,220,10%,42
T011673,5714,4890,10%,42
T011678,5714,4285,10%,42
T011695,5714,3609,10%,42
T011710,5957,2446,10%,42
T011723,5957,1976,10%,42
T011729,5957,7518,10%,42
T011772,384,2240,10%,42
T011788,384,546,10%,42
T011790,384,5814,10%,42
T011794,384,1310,10%,42
T011795,384,6365,10%,42
T011824,2274,2719,10%,42
T011896,4424,5278,10%,42
T011908,6119,718,10%,42
T011916,6119,3585,10%,42
T011920,6119,4649,10%,42
T011921,6119,4373,10%,42
T011938,6119,8067,10%,42
T011943,6119,3470,10%,42
T011946,6119,2918,10%,42
T011957,8542,1219,10%,42
T011959,8542,1991,10%,42
T011968,8542,7610,10%,42
T011977,8542,2107,10%,42
T011984,8542,6674,10%,42
T011993,8542,4384,10%,42
T011997,8542,6433,10%,42
T012010,9524,6513,10%,42
T012012,9524,3069,10%,42
T012019,9524,6601,10%,42
T012031,9524,1514,10%,42
T012035,9524,6373,10%,42
T012039,9524,8505,10%,42
T012069,4982,370,10%,42
T012070,4982,5540,10%,42
T012082,4982,254,10%,42
T012085,4982,704,10%,42
T012090,4982,4221,10%,42
T012095,4982,8175,10%,42
T012099,4982,9229,10%,42
T012127,4178,480,10%,42
T012139,4178,3690,10%,42
T012148,4178,2319,10%,42
T012165,6689,1918,10%,42
T012171,6689,10030,10%,42
T012190,6689,6224,10%,42
T012195,6689,421,10%,42
T012198,6689,231,10%,42
T012203,7099,7269,10%,42
T012214,7099,9323,10%,42
T012245,7099,5984,10%,42
T012263,173,4730,10%,42
T012284,173,8399,10%,42
T012286,173,199,10%,42
T012301,392,1087,10%,42
T012303,392,2347,10%,42
T012305,392,209,10%,42
T012322,392,5245,10%,42
T012328,392,391,10%,42
T012332,392,8982,10%,42
T012342,392,5671,10%,42
T012346,392,998,10%,42
T012353,2676,6094,10%,42
T012369,2676,959,10%,42
T012371,2676,7389,10%,42
T012373,2676,3697,10%,42
T012396,2676,9063,10%,42
T012409,4862,84,10%,42
T012418,4862,4730,10%,42
T012429,4862,6325,10%,42
T012441,4862,409,10%,42
T012443,4862,9241,10%,42
T012444,4862,7672,10%,42
T012461,6325,51,10%,42
T012487,6325,3457,10%,42
T012489,6325,5725,10%,42
T012494,6325,3272,10%,42
T012496,6325,8203,10%,42
T012511,6425,5095,10%,42
T012514,6425,4312,10%,42
T012517,6425,43,10%,42
T012531,6425,485,10%,42
T012564,209,1193,10%,42
T012583,209,7766,10%,42
T012588,209,2244,10%,42
T012592,209,196,10%,42
T012594,209,1574,10%,42
T012603,881,544,10%,42
T012610,881,2548,10%,42
T012614,881,9377,10%,42
T012622,881,8161,10%,42
T012630,881,6970,10%,42
T012645,881,974,10%,42
T012654,24,9853,10%,42
T012660,24,2441,10%,42
T012664,24,2289,10%,42
T012671,24,9254,10%,42
T012679,24,2108,10%,42
T012699,24,149,10%,42
T012704,170,1204,10%,42
T012707,170,10120,10%,42
T012711,170,6125,10%,42
T012718,170,3922,10%,42
T012722,170,5171,10%,42
T012760,217,3520,10%,42
T012770,217,6811,10%,42
T012786,217,7894,10%,42
T012804,1084,3004,10%,42
T012828,1084,3693,10%,42
T012837,1084,1649,10%,42
T012839,1084,6115,10%,42
T012840,1084,654,10%,42
T012846,1084,7422,10%,42
T012852,5926,6558,10%,42
T012856,5926,5714,10%,42
T012870,5926,217,10%,42
T012875,5926,3927,10%,42
T012880,5926,8416,10%,42
T012888,5926,9119,10%,42
T012889,5926,3241,10%,42
T012892,5926,858,10%,42
T012897,5926,4352,10%,42
T012900,7359,9731,10%,42
T012913,7359,5271,10%,42
T012934,7359,903,10%,42
T012944,7359,8507,10%,42
T012949,7359,338,10%,42
T012953,1784,3708,10%,42
T012979,1784,886,10%,42
T012985,1784,6353,10%,42
T012990,1784,4523,10%,42
T012991,1784,6373,10%,42
T012994,1784,5793,10%,42
T012998,1784,3941,10%,42
T013005,5582,2107,10%,42
T013023,5582,8705,10%,42
T013027,5582,7673,10%,42
T013036,5582,975,10%,42
T013041,5582,5393,10%,42
T013058,1264,7901,10%,42
T013078,1264,3350,10%,42
T013086,1264,3169,10%,42
T013088,1264,6594,10%,42
T013098,1264,947,10%,42
T013124,4955,6743,10%,42
T013134,4955,9168,10%,42
T013152,1501,1226,10%,42
T013154,1501,860,10%,42
T013160,1501,1848,10%,42
T013165,1501,403,10%,42
T013167,1501,5624,10%,42
T013168,1501,322,10%,42
T013175,1501,6125,10%,42
T013183,1501,3456,10%,42
T013190,1501,3941,10%,42
T013192,1501,6514,10%,42
T013214,3118,5982,10%,42
T013215,3118,13,10%,42
T013222,3118,1542,10%,42
T013247,3118,315,10%,42
T013253,3503,1755,10%,42
T013259,3503,2165,10%,42
T013268,3503,5065,10%,42
T013269,3503,5287,10%,42
T013272,3503,5312,10%,42
T013278,3503,1337,10%,42
T013288,3503,3088,10%,42
T013289,3503,6349,10%,42
T013292,3503,9923,10%,42
T013294,3503,5094,10%,42
T013316,6682,5447,10%,42
T013318,6682,6575,10%,42
T013322,6682,554,10%,42
T013326,6682,980,10%,42
T013327,6682,8399,10%,42
T013340,6682,2646,10%,42
T013352,198,2678,10%,42
T013358,198,244,10%,42
T013360,198,7069,10%,42
T013367,198,684,10%,42
T013370,198,6437,10%,42
T013377,198,4232,10%,42
T013378,198,3758,10%,42
T013381,198,2851,10%,42
T013383,198,435,10%,42
T013399,198,3231,10%,42
T013407,1222,4393,10%,42
T013411,1222,3224,10%,42
T013415,1222,7845,10%,42
T013416,1222,7317,10%,42
T013429,1222,1313,10%,42
T013456,2829,889,10%,42
T013472,2829,9084,10%,42
T013476,2829,2756,10%,42
T013504,1918,595,10%,42
T013519,1918,2572,10%,42
T013529,1918,4151,10%,42
T013539,1918,87,10%,42
T013546,1918,2243,10%,42
T013550,7300,7018,10%,42
T013567,7300,7088,10%,42
T013573,7300,917,10%,42
T013574,7300,1031,10%,42
T013577,7300,7167,10%,42
T013598,7300,4393,10%,42
T013618,8700,2650,10%,42
T013619,8700,1959,10%,42
T013642,8700,598,10%,42
T013651,3884,2549,10%,42
T013654,3884,365,10%,42
T013656,3884,4847,10%,42
T013657,3884,8617,10%,42
T013659,3884,2707,10%,42
T013664,3884,3524,10%,42
T013691,3884,5322,10%,42
T013702,3407,412,10%,42
T013713,3407,7037,10%,42
T013723,3407,1306,10%,42
T013727,3407,4621,10%,42
T013732,3407,3884,10%,42
T013738,3407,858,10%,42
T013742,3407,3006,10%,42
T013747,3407,2549,10%,42
T013756,8712,4164,10%,42
T013778,8712,406,10%,42
T013783,8712,1250,10%,42
T013793,8712,9617,10%,42
T013796,8712,3439,10%,42
T013798,8712,464,10%,42
T013799,8712,10486,10%,42
T013801,6349,4048,10%,42
T013810,6349,5436,10%,42
T013820,6349,1242,10%,42
T013825,6349,4062,10%,42
T013826,6349,1039,10%,42
T013829,6349,2023,10%,42
T013835,6349,9519,10%,42
T013844,6349,9941,10%,42
T013851,254,341,10%,42
T013855,254,7031,10%,42
T013870,254,573,10%,42
T013871,254,4347,10%,42
T013885,254,4874,10%,42
T013893,254,4312,10%,42
T013899,254,14,10%,42
T013901,562,1523,10%,42
T013907,562,2510,10%,42
T013920,562,67,10%,42
T013938,562,10333,10%,42
T013939,562,2526,10%,42
T013953,2875,2374,10%,42
T013971,2875,5048,10%,42
T013990,2875,774,10%,42
T013999,2875,5048,10%,42
T014011,5015,3989,10%,42
T014013,5015,530,10%,42
T014042,5015,159,10%,42
T014044,5015,7981,10%,42
T014050,5120,4207,10%,42
T014053,5120,6079,10%,42
T014056,5120,843,10%,42
T014060,5120,5736,10%,42
T014068,5120,1317,10%,42
T014070,5120,1131,10%,42
T014081,5120,491,10%,42
T014093,5120,5364,10%,42
T014096,5120,1248,10%,42
T014102,7402,1177,10%,42
T014108,7402,3450,10%,42
T014133,7402,5026,10%,42
T014141,7402,3786,10%,42
T014154,1867,8381,10%,42
T014184,1867,241,10%,42
T014208,385,3159,10%,42
T014214,385,1639,10%,42
T014221,385,2733,10%,42
T014224,385,2059,10%,42
T014227,385,1388,10%,42
T014236,385,480,10%,42
T014237,385,4151,10%,42
T014250,473,4831,10%,42
T014252,473,764,10%,42
T014256,473,3609,10%,42
T014257,473,1240,10%,42
T014260,473,3973,10%,42
T014268,473,6238,10%,42
T014278,473,210,10%,42
T014291,473,5708,10%,42
T014295,473,1499,10%,42
T014296,473,485,10%,42
T014303,638,2314,10%,42
T014332,638,172,10%,42
T014333,638,1020,10%,42
T014344,638,9507,10%,42
T014348,638,2,10%,42
T014355,7030,65,10%,42
T014362,7030,4376,10%,42
T014373,7030,6750,10%,42
T014375,7030,2600,10%,42
T014418,2432,1130,10%,42
T014422,2432,9969,10%,42
T014456,6181,2433,10%,42
T014457,6181,8496,10%,42
T014460,6181,5812,10%,42
T014470,6181,5026,10%,42
T014473,6181,8663,10%,42
T014481,6181,1966,10%,42
T014486,6181,3588,10%,42
T014496,6181,243,10%,42
T014528,9940,3103,10%,42
T014537,9940,184,10%,42
T014540,9940,5345,10%,42
T014545,9940,7665,10%,42
T014549,9940,10028,10%,42
T014554,36,464,10%,42
T014568,36,5769,10%,42
T014569,36,7786,10%,42
T014573,36,7472,10%,42
T014574,36,3240,10%,42
T014575,36,6954,10%,42
T014586,36,1876,10%,42
T014588,36,7672,10%,42
T014595,36,915,10%,42
T014597,36,2004,10%,42
T014601,6193,4445,10%,42
T014629,6193,3153,10%,42
T014632,6193,2485,10%,42
T014637,6193,2656,10%,42
T014647,6193,2493,10%,42
T014651,157,261,10%,42
T014655,157,9638,10%,42
T014671,157,173,10%,42
T014690,157,6151,10%,42
T014695,157,9118,10%,42
T014705,774,8943,10%,42
T014706,774,3759,10%,42
T014707,774,581,10%,42
T014720,774,4004,10%,42
T014754,3326,343,10%,42
T014757,3326,6747,10%,42
T014774,3326,3274,10%,42
T014785,3326,3114,10%,42
T014808,378,8700,10%,42
T014809,378,8206,10%,42
T014822,378,5527,10%,42
T014832,378,413,10%,42
T014864,458,6520,10%,42
T014867,458,2966,10%,42
T014872,458,7411,10%,42
T014895,458,3351,10%,42
T014904,9199,2112,10%,42
T014913,9199,6045,10%,42
T014915,9199,4955,10%,42
T014918,9199,4523,10%,42
T014933,9199,8050,10%,42
T014939,9199,3982,10%,42
T014951,128,1755,10%,42
T014960,128,3356,10%,42
T014963,128,1867,10%,42
T014970,128,8545,10%,42
T014996,128,1838,10%,42
T015016,1398,1754,10%,42
T015063,4347,2293,10%,42
T015073,4347,2059,10%,42
T015093,4347,3491,10%,42
T015096,4347,872,10%,42
T015101,33,6750,10%,42
T015112,33,177,10%,42
T015117,33,581,10%,42
T015148,33,2271,10%,42
T015149,33,1514,10%,42
T015159,524,8664,10%,42
T015196,524,125,10%,42
T015208,821,7856,10%,42
T015214,821,1236,10%,42
T015221,821,2059,10%,42
T015223,821,6172,10%,42
T015245,821,7987,10%,42
T015267,6838,730,10%,42
T015273,6838,1268,10%,42
T015277,6838,4463,10%,42
T015309,38,3818,10%,42
T015325,38,4649,10%,42
T015331,38,2042,10%,42
T015338,38,637,10%,42
T015344,38,959,10%,42
T015345,38,6622,10%,42
T015353,58,1236,10%,42
T015378,58,3180,10%,42
T015380,58,943,10%,42
T015384,58,1079,10%,42
T015387,58,3516,10%,42
T015388,58,1330,10%,42
T015401,8857,5761,10%,42
T015405,8857,10231,10%,42
T015420,8857,637,10%,42
T015432,8857,966,10%,42
T015437,8857,4325,10%,42
T015444,8857,2,10%,42
T015455,477,565,10%,42
T015466,477,6573,10%,42
T015468,477,5042,10%,42
T015469,477,9118,10%,42
T015480,477,10122,10%,42
T015494,477,5769,10%,42
T015498,477,71,10%,42
T015499,477,3467,10%,42
T015512,5525,901,10%,42
T015522,5525,881,10%,42
T015526,5525,3667,10%,42
T015552,5416,1727,10%,42
T015556,5416,1802,10%,42
T015561,5416,5494,10%,42
T015574,5416,3296,10%,42
T015575,5416,85,10%,42
T015595,5416,975,10%,42
T015599,5416,3690,10%,42
T015604,6709,2034,10%,42
T015614,6709,2906,10%,42
T015619,6709,258,10%,42
T015621,6709,311,10%,42
T015632,6709,4762,10%,42
T015633,6709,178,10%,42
T015638,6709,1785,10%,42
T015643,6709,8613,10%,42
T015652,1457,7226,10%,42
T015658,1457,3503,10%,42
T015671,1457,9292,10%,42
T015672,1457,6889,10%,42
T015692,1457,986,10%,42
T015697,1457,6059,10%,42
T015711,174,3139,10%,42
T015716,174,5273,10%,42
T015723,174,2734,10%,42
T015736,174,1769,10%,42
T015738,174,2486,10%,42
T015797,2404,2866,10%,42
T015805,2446,975,10%,42
T015816,2446,2194,10%,42
T015817,2446,2804,10%,42
T015827,2446,3330,10%,42
T015851,3520,6594,10%,42
T015878,3520,2420,10%,42
T015890,3520,7888,10%,42
T015891,3520,9833,10%,42
T015893,3520,998,10%,42
T015921,8819,5656,10%,42
T015939,8819,3154,10%,42
T015946,8819,1202,10%,42
T015947,8819,2787,10%,42
T015963,245,4207,10%,42
T015967,245,2639,10%,42
T015968,245,3052,10%,42
T015991,245,10145,10%,42
T016008,1194,120,10%,42
T016062,1215,8542,10%,42
T016069,1215,1422,10%,42
T016077,1215,587,10%,42
T016086,1215,6733,10%,42
T016109,3591,3434,10%,42
T016117,3591,2693,10%,42
T016124,3591,5292,10%,42
T016125,3591,5994,10%,42
T016140,3591,6063,10%,42
T016141,3591,2417,10%,42
T016149,3591,9369,10%,42
T016157,3927,10206,10%,42
T016168,3927,2240,10%,42
T016170,3927,238,10%,42
T016178,3927,4139,10%,42
T016181,3927,340,10%,42
T016195,3927,2710,10%,42
T016216,5320,6370,10%,42
T016226,5320,3936,10%,42
T016264,165,1124,10%,42
T016266,165,8312,10%,42
T016276,165,562,10%,42
T016284,165,179,10%,42
T016328,868,1398,10%,42
T016360,6565,10281,10%,42
T016364,6565,2633,10%,42
T016390,6565,3989,10%,42
T016406,84,473,10%,42
T016417,84,2786,10%,42
T016451,251,3056,10%,42
T016455,251,4724,10%,42
T016464,251,90,10%,42
T016465,251,2509,10%,42
T016486,251,1550,10%,42
T016493,251,5927,10%,42
T016494,251,233,10%,42
T016506,8075,7913,10%,42
T016517,8075,2770,10%,42
T016544,8075,3775,10%,42
T016556,2956,2646,10%,42
T016562,2956,65,10%,42
T016580,2956,3583,10%,42
T016592,2956,6520,10%,42
T016596,2956,3016,10%,42
T016611,5278,3214,10%,42
T016618,5278,18,10%,42
T016624,5278,571,10%,42
T016626,5278,9064,10%,42
T016648,5278,1236,10%,42
T016662,3430,541,10%,42
T016694,3430,1412,10%,42
T016703,8778,4847,10%,42
T016707,8778,1384,10%,42
T016721,8778,1494,10%,42
T016723,8778,6622,10%,42
T016755,51,763,10%,42
T016767,51,5926,10%,42
T016775,51,7856,10%,42
T016777,51,5624,10%,42
T016785,51,5048,10%,42
T016788,51,5495,10%,42
T016822,659,975,10%,42
T016831,659,8050,10%,42
T016839,659,5438,10%,42
T016840,659,7801,10%,42
T016846,659,5377,10%,42
T016863,1931,4585,10%,42
T016868,1931,4100,10%,42
T016871,1931,333,10%,42
T016879,1931,4169,10%,42
T016898,1931,118,10%,42
T016902,2164,5678,10%,42
T016921,2164,114,10%,42
T016923,2164,61,10%,42
T016925,2164,953,10%,42
T016931,2164,844,10%,42
T016932,2164,2108,10%,42
T016933,2164,378,10%,42
T016942,2164,2084,10%,42
T016943,2164,6692,10%,42
T016954,3761,6664,10%,42
T016957,3761,2575,10%,42
T016959,3761,5657,10%,42
T016979,3761,10080,10%,42
T016980,3761,469,10%,42
T016991,3761,2693,10%,42
T016997,3761,5444,10%,42
T017004,5549,5172,10%,42
T017008,5549,5239,10%,42
T017011,5549,6181,10%,42
T017026,5549,6745,10%,42
T017057,5563,1215,10%,42
T017066,5563,3693,10%,42
T017069,5563,9119,10%,42
T017070,5563,7776,10%,42
T017071,5563,881,10%,42
T017080,5563,174,10%,42
T017092,5563,7991,10%,42
T017105,35,168,10%,42
T017128,35,3609,10%,42
T017145,35,532,10%,42
T017161,673,386,10%,42
T017193,673,5527,10%,42
T017202,3434,819,10%,42
T017203,3434,2554,10%,42
T017206,3434,2804,10%,42
T017207,3434,1669,10%,42
T017211,3434,606,10%,42
T017216,3434,2644,10%,42
T017218,3434,4096,10%,42
T017225,3434,4920,10%,42
T017226,3434,61,10%,42
T017243,3434,9124,10%,42
T017257,4193,8088,10%,42
T017258,4193,2964,10%,42
T017259,4193,5026,10%,42
T017261,4193,290,10%,42
T017275,4193,3069,10%,42
T017276,4193,4027,10%,42
T017279,4193,5292,10%,42
T017302,4508,284,10%,42
T017311,4508,9923,10%,42
T017314,4508,6023,10%,42
T017326,4508,8541,10%,42
T017338,4508,3470,10%,42
T017352,26,10314,10%,42
T017382,26,5556,10%,42
T017391,26,3774,10%,42
T017414,2100,6621,10%,42
T017415,2100,6261,10%,42
T017460,2329,2707,10%,42
T017467,2329,5468,10%,42
T017471,2329,6890,10%,42
T017473,2329,1241,10%,42
T017484,2329,5879,10%,42
T017502,3348,4403,10%,42
T017513,3348,2009,10%,42
T017525,3348,129,10%,42
T017537,3348,5752,10%,42
T017552,4537,1207,10%,42
T017559,4537,9236,10%,42
T017582,4537,61,10%,42
T017592,4537,2715,10%,42
T017595,4537,3618,10%,42
T017616,4622,492,10%,42
T017632,4622,1005,10%,42
T017634,4622,1120,10%,42
T017653,923,1385,10%,42
T017657,923,5053,10%,42
T017672,923,2166,10%,42
T017690,923,1093,10%,42
T017691,923,6960,10%,42
T017694,923,367,10%,42
T017696,923,7913,10%,42
T017700,412,9724,10%,42
T017708,412,10067,10%,42
T017717,412,1031,10%,42
T017733,412,4711,10%,42
T017745,412,2875,10%,42
T017752,5987,5438,10%,42
T017753,5987,370,10%,42
T017770,5987,7601,10%,42
T017791,5987,8505,10%,42
T017794,5987,1664,10%,42
T017805,2444,6193,10%,42
T017812,2444,4563,10%,42
T017815,2444,1318,10%,42
T017820,2444,5744,10%,42
T017829,2444,5714,10%,42
T017830,2444,4732,10%,42
T017847,2444,10030,10%,42
T017851,3863,5629,10%,42
T017855,3863,5987,10%,42
T017862,3863,8198,10%,42
T017863,3863,5708,10%,42
T017876,3863,3259,10%,42
T017891,3863,7684,10%,42
T017905,7803,6840,10%,42
T017907,7803,203,10%,42
T017925,7803,5317,10%,42
T017934,7803,3585,10%,42
T017945,7803,4401,10%,42
T017967,654,6301,10%,42
T017983,654,4783,10%,42
T017986,654,8922,10%,42
T017992,654,6558,10%,42
T018011,2657,7615,10%,42
T018017,2657,3270,10%,42
T018019,2657,2000,10%,42
T018025,2657,1514,10%,42
T018041,2657,2881,10%,42
T018044,2657,3517,10%,42
T018047,2657,3954,10%,42
T018049,2657,6409,10%,42
T018051,3715,3398,10%,42
T018054,3715,7120,10%,42
T018083,3715,4290,10%,42
T018095,3715,5494,10%,42
T018120,4706,843,10%,42
T018144,4706,3871,10%,42
T018162,4847,2984,10%,42
T018166,4847,7432,10%,42
T018174,4847,184,10%,42
T018176,4847,8791,10%,42
T018205,295,1866,10%,42
T018218,295,8,10%,42
T018231,295,6756,10%,42
T018235,295,9701,10%,42
T018246,295,2485,10%,42
T018254,1174,9063,10%,42
T018256,1174,1891,10%,42
T018281,1174,5494,10%,42
T018290,1174,8745,10%,42
T018302,7389,3767,10%,42
T018305,7389,8859,10%,42
T018307,7389,9747,10%,42
T018309,7389,1727,10%,42
T018313,7389,5239,10%,42
T018317,7389,4212,10%,42
T018338,7389,2548,10%,42
T018374,9254,2966,10%,42
T018377,9254,3154,10%,42
T018386,9254,4949,10%,42
T018403,585,8022,10%,42
T018428,585,1042,10%,42
T018434,585,3863,10%,42
T018439,585,2902,10%,42
T018446,585,21,10%,42
T018452,1056,4387,10%,42
T018453,1056,1264,10%,42
T018454,1056,2867,10%,42
T018461,1056,6374,10%,42
T018462,1056,4622,10%,42
T018469,1056,3158,10%,42
T018477,1056,365,10%,42
T018491,1056,3479,10%,42
T018492,1056,2319,10%,42
T018521,3585,2040,10%,42
T018544,3585,3326,10%,42
T018567,6638,2034,10%,42
T018575,6638,5987,10%,42
T018577,6638,1049,10%,42
T018578,6638,1159,10%,42
T018579,6638,5927,10%,42
T018620,6647,6274,10%,42
T018624,6647,9747,10%,42
T018646,6647,3069,10%,42
T018652,749,4403,10%,42
T018658,749,383,10%,42
T018663,749,2192,10%,42
T018670,749,5159,10%,42
T018675,749,4367,10%,42
T018679,749,4969,10%,42
T018690,749,6631,10%,42
T018715,1574,7811,10%,42
T018720,1574,5514,10%,42
T018723,1574,7212,10%,42
T018748,1574,2080,10%,42
T018753,2331,275,10%,42
T018775,2331,5468,10%,42
T018787,2331,4502,10%,42
T018790,2331,2938,10%,42
T018818,5084,8855,10%,42
T018822,5084,6271,10%,42
T018828,5084,1188,10%,42
T018830,5084,1188,10%,42
T018832,5084,2393,10%,42
T018858,5366,1692,10%,42
T018859,5366,532,10%,42
T018864,5366,9731,10%,42
T018869,5366,5326,10%,42
T018885,5366,1412,10%,42
T018889,5366,677,10%,42
T018919,1801,9124,10%,42
T018930,1801,372,10%,42
T018941,1801,5549,10%,42
T018948,1801,6323,10%,42
T018969,3708,4111,10%,42
T018972,3708,3639,10%,42
T018978,3708,6090,10%,42
T018990,3708,3554,10%,42
T018996,3708,6263,10%,42
T018997,3708,330,10%,42
T019006,3741,980,10%,42
T019008,3741,8532,10%,42
T019021,3741,1117,10%,42
T019058,4489,2549,10%,42
T019059,4489,4215,10%,42
T019066,4489,5736,10%,42
T019113,6692,4790,10%,42
T019122,6692,2729,10%,42
T019124,6692,193,10%,42
T019142,6692,4431,10%,42
T019153,496,1523,10%,42
T019157,496,1180,10%,42
T019159,496,4208,10%,42
T019161,496,704,10%,42
T019163,496,6970,10%,42
T019169,496,1130,10%,42
T019174,496,3361,10%,42
T019178,496,3586,10%,42
T019193,496,2121,10%,42
T019213,5177,462,10%,42
T019222,5177,1254,10%,42
T019224,5177,229,10%,42
T019225,5177,1247,10%,42
T019231,5177,5446,10%,42
T019242,5177,4968,10%,42
T019253,6602,3012,10%,42
T019256,6602,13,10%,42
T019264,6602,2613,10%,42
T019278,6602,319,10%,42
T019285,6602,3761,10%,42
T019299,6602,1194,10%,42
T019312,509,7392,10%,42
T019314,509,1811,10%,42
T019360,4303,1286,10%,42
T019362,4303,2023,10%,42
T019373,4303,5034,10%,42
T019392,4303,4387,10%,42
T019405,5518,10,10%,42
T019406,5518,4606,10%,42
T019407,5518,7002,10%,42
T019409,5518,8658,10%,42
T019426,5518,5148,10%,42
T019440,5518,5987,10%,42
T019460,1811,9106,10%,42
T019476,1811,891,10%,42
T019481,1811,319,10%,42
T019494,1811,8705,10%,42
T019518,3366,1168,10%,42
T019530,3366,1286,10%,42
T019540,3366,8565,10%,42
T019545,3366,5470,10%,42
T019548,3366,193,10%,42
T019558,4364,8116,10%,42
T019559,4364,3272,10%,42
T019572,4364,4043,10%,42
T019573,4364,3588,10%,42
T019574,4364,1785,10%,42
T019585,4364,2666,10%,42
T019592,4364,5287,10%,42
T019598,4364,7684,10%,42
T019601,7913,5328,10%,42
T019603,7913,4352,10%,42
T019611,7913,5563,10%,42
T019613,7913,3214,10%,42
T019615,7913,4762,10%,42
T019616,7913,8532,10%,42
T019624,7913,3884,10%,42
T019634,7913,4215,10%,42
T019636,7913,544,10%,42
T019654,1655,6394,10%,42
T019656,1655,3206,10%,42
T019659,1655,9844,10%,42
T019684,1655,3470,10%,42
T019690,1655,6811,10%,42
T019691,1655,4621,10%,42
T019697,1655,5937,10%,42
T019713,2678,8712,10%,42
T019715,2678,39,10%,42
T019727,2678,1012,10%,42
T019753,43,322,10%,42
T019761,43,2435,10%,42
T019802,104,5725,10%,42
T019808,104,7402,10%,42
T019816,104,2552,10%,42
T019822,104,6851,10%,42
T019828,104,3134,10%,42
T019838,104,7976,10%,42
T019847,104,40,10%,42
T019879,1193,5656,10%,42
T019898,1193,5015,10%,42
T019899,1193,6647,10%,42
T019920,1200,3989,10%,42
T019925,1200,2633,10%,42
T019931,1200,3975,10%,42
T019933,1200,1317,10%,42
T019935,1200,9087,10%,42
T019937,1200,9401,10%,42
T019957,4046,2083,10%,42
T019962,4046,7079,10%,42
T019964,4046,6195,10%,42
T019979,4046,9724,10%,42
T019992,4046,10080,10%,42
T019993,4046,5993,10%,42
T019995,4046,1439,10%,42
T020001,2333,4489,10%,42
T020008,2333,3950,10%,42
T020009,2333,3491,10%,42
T020014,2333,1861,10%,42
T020028,2333,3767,10%,42
T020030,2333,3741,10%,42
T020052,5237,2626,10%,42
T020065,5237,9229,10%,42
T020074,5237,986,10%,42
T020085,5237,338,10%,42
T020087,5237,6323,10%,42
T020096,5237,1008,10%,42
T020106,7090,5713,10%,42
T020123,7090,1007,10%,42
T020126,7090,149,10%,42
T020136,7090,592,10%,42
T020139,7090,10281,10%,42
T020162,7606,2964,10%,42
T020166,7606,3989,10%,42
T020182,7606,4210,10%,42
T020233,985,1168,10%,42
T020240,985,544,10%,42
T020265,6201,8304,10%,42
T020273,6201,1022,10%,42
T020274,6201,190,10%,42
T020295,6201,2212,10%,42
T020298,6201,2834,10%,42
T020312,54,9558,10%,42
T020323,54,530,10%,42
T020324,54,5556,10%,42
T020333,54,5308,10%,42
T020344,54,7384,10%,42
T020350,544,3743,10%,42
T020360,544,7299,10%,42
T020362,544,3639,10%,42
T020365,544,4800,10%,42
T020372,544,8295,10%,42
T020376,544,473,10%,42
T020401,1034,8007,10%,42
T020409,1034,68,10%,42
T020416,1034,5793,10%,42
T020420,1034,5447,10%,42
T020421,1034,3159,10%,42
T020426,1034,8705,10%,42
T020433,1034,1754,10%,42
T020447,1034,4444,10%,42
T020458,7076,3886,10%,42
T020464,7076,3208,10%,42
T020476,7076,8108,10%,42
T020507,240,3503,10%,42
T020517,240,5178,10%,42
T020544,240,4879,10%,42
T020545,240,1818,10%,42
T020565,1004,9849,10%,42
T020566,1004,799,10%,42
T020567,1004,1189,10%,42
T020599,1004,10189,10%,42
T020612,924,36,10%,42
T020613,924,397,10%,42
T020644,924,327,10%,42
T020666,1242,3749,10%,42
T020669,1242,3503,10%,42
T020678,1242,3674,10%,42
T020701,2581,7937,10%,42
T020704,2581,1130,10%,42
T020711,2581,3863,10%,42
T020721,2581,392,10%,42
T020730,2581,7942,10%,42
T020731,2581,8871,10%,42
T020742,2581,3648,10%,42
T020748,2581,6459,10%,42
T020758,8654,2478,10%,42
T020766,8654,29,10%,42
T020768,8654,1457,10%,42
T020782,8654,7937,10%,42
T020785,8654,58,10%,42
T020806,229,4367,10%,42
T020824,229,591,10%,42
T020825,229,1074,10%,42
T020830,229,2725,10%,42
T020850,996,2920,10%,42
T020882,996,229,10%,42
T020883,996,3721,10%,42
T020884,996,10206,10%,42
T020886,996,137,10%,42
T020900,1699,5159,10%,42
T020914,1699,10350,10%,42
T020919,1699,3729,10%,42
T020920,1699,6889,10%,42
T020933,1699,3516,10%,42
T020941,1699,1200,10%,42
T020951,2319,2108,10%,42
T020959,2319,4187,10%,42
T020962,2319,14,10%,42
T020984,2319,6601,10%,42
T020985,2319,1838,10%,42
T020989,2319,1786,10%,42
T020991,2319,227,10%,42
T020993,2319,6796,10%,42
T021000,73,14,10%,42
T021008,73,5736,10%,42
T021017,73,1552,10%,42
T021020,73,9544,10%,42
T021026,73,9254,10%,42
T021042,73,944,10%,42
T021060,867,2656,10%,42
T021061,867,1074,10%,42
T021077,867,6433,10%,42
T021081,867,590,10%,42
T021092,867,3457,10%,42
T021102,3719,455,10%,42
T021110,3719,3941,10%,42
T021118,3719,235,10%,42
T021121,3719,2337,10%,42
T021129,3719,3114,10%,42
T021130,3719,7995,10%,42
T021142,3719,203,10%,42
T021146,3719,975,10%,42
T021152,4207,1524,10%,42
T021157,4207,4499,10%,42
T021183,4207,3924,10%,42
T021197,4207,565,10%,42
T021220,4212,124,10%,42
T021225,4212,9168,10%,42
T021231,4212,453,10%,42
T021236,4212,3986,10%,42
T021239,4212,2938,10%,42
T021242,4212,5260,10%,42
T021245,4212,47,10%,42
T021249,4212,66,10%,42
T021256,6128,3645,10%,42
T021265,6128,5015,10%,42
T021270,6128,7226,10%,42
T021282,6128,3989,10%,42
T021294,6128,5726,10%,42
T021296,6128,5622,10%,42
T021301,8615,3169,10%,42
T021305,8615,3314,10%,42
T021314,8615,8746,10%,42
T021336,8615,148,10%,42
T021337,8615,7300,10%,42
T021338,8615,10333,10%,42
T021342,8615,1005,10%,42
T021352,27,456,10%,42
T021387,27,245,10%,42
T021392,27,8399,10%,42
T021406,940,4352,10%,42
T021416,940,354,10%,42
T021425,940,771,10%,42
T021428,940,51,10%,42
T021433,940,170,10%,42
T021437,940,663,10%,42
T021442,940,2432,10%,42
T021483,2387,66,10%,42
T021487,2387,1546,10%,42
T021508,5261,4365,10%,42
T021522,5261,183,10%,42
T021529,5261,923,10%,42
T021531,5261,2548,10%,42
T021553,6365,3520,10%,42
T021562,6365,3470,10%,42
T021566,6365,371,10%,42
T021567,6365,599,10%,42
T021571,6365,4387,10%,42
T021574,6365,1610,10%,42
T021577,6365,351,10%,42
T021592,6365,6437,10%,42
T021595,6365,880,10%,42
T021627,2182,1954,10%,42
T021629,2182,6909,10%,42
T021635,2182,3618,10%,42
T021640,2182,5345,10%,42
T021641,2182,9610,10%,42
T021663,5127,6135,10%,42
T021664,5127,2355,10%,42
T021668,5127,3068,10%,42
T021671,5127,278,10%,42
T021676,5127,1918,10%,42
T021678,5127,5171,10%,42
T021680,5127,3232,10%,42
T021688,5127,6601,10%,42
T021691,5127,4103,10%,42
T021693,5127,596,10%,42
T021724,5166,9507,10%,42
T021733,5166,5086,10%,42
T021744,5166,8732,10%,42
T021748,5166,844,10%,42
T021752,7740,84,10%,42
T021753,7740,7600,10%,42
T021760,7740,5408,10%,42
T021764,7740,3350,10%,42
T021767,7740,1147,10%,42
T021770,7740,4537,10%,42
T021784,7740,980,10%,42
T021786,7740,6198,10%,42
T021790,7740,176,10%,42
T021792,7740,562,10%,42
T021808,214,6806,10%,42
T021817,214,763,10%,42
T021828,214,9441,10%,42
T021839,214,988,10%,42
T021845,214,184,10%,42
T021847,214,198,10%,42
T021853,383,4401,10%,42
T021858,383,1552,10%,42
T021861,383,654,10%,42
T021862,383,2072,10%,42
T021885,383,3825,10%,42
T021886,383,2520,10%,42
T021892,383,9082,10%,42
T021906,1754,152,10%,42
T021910,1754,2321,10%,42
T021928,1754,6014,10%,42
T021949,1754,6181,10%,42
T021960,3718,6196,10%,42
T021968,3718,1876,10%,42
T021969,3718,9764,10%,42
T021982,3718,1250,10%,42
T021985,3718,1981,10%,42
T022026,4139,987,10%,42
T022034,4139,393,10%,42
T022036,4139,4364,10%,42
T022073,4844,4373,10%,42
T022086,4844,3356,10%,42
T022091,4844,8416,10%,42
T022103,9,6059,10%,42
T022113,9,3231,10%,42
T022116,9,1031,10%,42
T022127,9,467,10%,42
T022133,9,1056,10%,42
T022134,9,3421,10%,42
T022159,1143,6271,10%,42
T022166,1143,10120,10%,42
T022167,1143,449,10%,42
T022168,1143,9570,10%,42
T022215,1266,760,10%,42
T022220,1266,855,10%,42
T022229,1266,7478,10%,42
T022272,2275,1020,10%,42
T022273,2275,6787,10%,42
T022274,2275,1116,10%,42
T022286,2275,7375,10%,42
T022298,2275,8303,10%,42
T022299,2275,3190,10%,42
T022311,4563,771,10%,42
T022328,4563,132,10%,42
T022335,4563,1031,10%,42
T022337,4563,1099,10%,42
T022347,4563,1891,10%,42
T022361,7079,1228,10%,42
T022365,7079,1124,10%,42
T022372,7079,270,10%,42
T022382,7079,3065,10%,42
T022391,7079,8234,10%,42
T022392,7079,5075,10%,42
T022396,7079,8715,10%,42
T022425,9235,397,10%,42
T022442,9235,9034,10%,42
T022453,61,10148,10%,42
T022458,61,7083,10%,42
T022464,61,5048,10%,42
T022470,61,2906,10%,42
T022479,61,5803,10%,42
T022481,61,7478,10%,42
T022496,61,448,10%,42
T022502,5468,8303,10%,42
T022508,5468,2189,10%,42
T022510,5468,9,10%,42
T022542,5468,7334,10%,42
T022546,5468,1668,10%,42
T022560,284,4292,10%,42
T022567,284,227,10%,42
T022569,284,2164,10%,42
T022574,284,1126,10%,42
T022576,284,315,10%,42
T022578,284,8496,10%,42
T022592,284,413,10%,42
T022594,284,3986,10%,42
T022596,284,2892,10%,42
T022597,284,1061,10%,42
T022599,284,5627,10%,42
T022600,391,409,10%,42
T022601,391,179,10%,42
T022609,391,3764,10%,42
T022610,391,4816,10%,42
T022630,391,7429,10%,42
T022648,391,46,10%,42
T022655,978,1801,10%,42
T022671,978,3240,10%,42
T022672,978,1342,10%,42
T022676,978,3922,10%,42
T022686,978,4689,10%,42
T022687,978,8545,10%,42
T022704,2618,7600,10%,42
T022705,2618,254,10%,42
T022706,2618,6949,10%,42
T022716,2618,7024,10%,42
T022729,2618,5887,10%,42
T022739,2618,4691,10%,42
T022790,3788,9311,10%,42
T022796,3788,5235,10%,42
T022799,3788,1196,10%,42
T022800,7489,9808,10%,42
T022804,7489,7887,10%,42
T022810,7489,409,10%,42
T022811,7489,596,10%,42
T022835,7489,4862,10%,42
T022873,258,9292,10%,42
T022874,258,136,10%,42
T022880,258,5132,10%,42
T022894,258,4848,10%,42
T022895,258,4761,10%,42
T022929,998,2182,10%,42
T022931,998,1490,10%,42
T022936,998,3941,10%,42
T022940,998,1758,10%,42
T022952,2099,5050,10%,42
T022971,2099,10293,10%,42
T022974,2099,263,10%,42
T022983,2099,6198,10%,42
T022993,2099,81,10%,42
T023005,3224,3484,10%,42
T023006,3224,3597,10%,42
T023015,3224,3674,10%,42
T023020,3224,6732,10%,42
T023022,3224,4208,10%,42
T023042,3224,6743,10%,42
T023043,3224,5278,10%,42
T023049,3224,7471,10%,42
T023093,3938,6081,10%,42
T023105,5233,2404,10%,42
T023115,5233,6552,10%,42
T023145,5233,251,10%,42
T023164,1042,3016,10%,42
T023177,1042,3321,10%,42
T023187,1042,2666,10%,42
T023190,1042,603,10%,42
T023201,1876,6408,10%,42
T023213,1876,3469,10%,42
T023225,1876,480,10%,42
T023245,1876,8687,10%,42
T023263,4054,8927,10%,42
T023272,4054,67,10%,42
T023294,4054,6732,10%,42
T023299,4054,7987,10%,42
T023315,5982,5162,10%,42
T023316,5982,8063,10%,42
T023342,5982,4887,10%,42
T023352,6606,3870,10%,42
T023359,6606,2374,10%,42
T023369,6606,4365,10%,42
T023395,6606,9836,10%,42
T023396,6606,1269,10%,42
T023398,6606,1524,10%,42
T023406,6743,9853,10%,42
T023413,6743,2390,10%,42
T023426,6743,2352,10%,42
T023431,6743,8767,10%,42
T023437,6743,7069,10%,42
T023473,74,2478,10%,42
T023489,74,653,10%,42
T023503,149,5599,10%,42
T023507,149,4497,10%,42
T023527,149,2084,10%,42
T023537,149,1588,10%,42
T023542,149,171,10%,42
T023543,149,409,10%,42
T023550,3729,8469,10%,42
T023561,3729,4281,10%,42
T023580,3729,3758,10%,42
T023585,3729,601,10%,42
T023586,3729,8019,10%,42
T023589,3729,3779,10%,42
T023604,6433,8127,10%,42
T023605,6433,10486,10%,42
T023642,6433,2867,10%,42
T023648,6433,2700,10%,42
T023650,6750,6370,10%,42
T023663,6750,5308,10%,42
T023671,6750,5078,10%,42
T023677,6750,819,10%,42
T023708,7942,1131,10%,42
T023727,7942,4024,10%,42
T023734,7942,5610,10%,42
T023745,7942,7079,10%,42
T023755,8019,5239,10%,42
T023773,8019,5286,10%,42
T023778,8019,1798,10%,42
T023798,8019,7478,10%,42
T023806,9082,1784,10%,42
T023815,9082,2544,10%,42
T023828,9082,3106,10%,42
T023834,9082,1412,10%,42
T023835,9082,5094,10%,42
T023836,9082,654,10%,42
T023841,9082,2100,10%,42
T023856,234,6692,10%,42
T023874,234,203,10%,42
T023883,234,5452,10%,42
T023908,530,5488,10%,42
T023917,530,330,10%,42
T023927,530,1385,10%,42
T023942,530,1211,10%,42
T023945,530,9545,10%,42
T023957,5630,7144,10%,42
T023958,5630,76,10%,42
T023962,5630,6873,10%,42
T023965,5630,10177,10%,42
T024009,5775,35,10%,42
T024026,5775,940,10%,42
T024029,5775,7796,10%,42
T024031,5775,4168,10%,42
T024053,7155,3224,10%,42
T024058,7155,1216,10%,42
T024066,7155,1019,10%,42
T024082,7155,2013,10%,42
T024095,7155,9519,10%,42
T024101,19,9063,10%,42
T024113,19,3746,10%,42
T024163,1966,4312,10%,42
T024171,1966,8339,10%,42
T024190,1966,2851,10%,42
T024214,3154,4004,10%,42
T024215,3154,169,10%,42
T024225,3154,5494,10%,42
T024226,3154,8739,10%,42
T024242,3154,2875,10%,42
T024243,3154,2602,10%,42
T024257,4409,5159,10%,42
T024271,4409,40,10%,42
T024275,4409,1953,10%,42
T024284,4409,1572,10%,42
T024297,4409,6119,10%,42
T024303,5879,6023,10%,42
T024306,5879,8298,10%,42
T024309,5879,4004,10%,42
T024314,5879,5315,10%,42
T024322,5879,1657,10%,42
T024335,5879,6664,10%,42
T024338,5879,1801,10%,42
T024349,5879,6960,10%,42
T024351,7086,2867,10%,42
T024354,7086,9620,10%,42
T024359,7086,9701,10%,42
T024371,7086,6,10%,42
T024373,7086,4161,10%,42
T024374,7086,5315,10%,42
T024383,7086,1098,10%,42
T024397,7086,2615,10%,42
T024413,1089,4269,10%,42
T024414,1089,3384,10%,42
T024420,1089,3253,10%,42
T024426,1089,8969,10%,42
T024428,1089,2372,10%,42
T024436,1089,5065,10%,42
T024456,3114,149,10%,42
T024467,3114,10145,10%,42
T024469,3114,1164,10%,42
T024478,3114,104,10%,42
T024484,3114,4139,10%,42
T024508,3809,4762,10%,42
T024509,3809,7981,10%,42
T024521,3809,3066,10%,42
T024524,3809,3610,10%,42
T024530,3809,1143,10%,42
T024538,3809,327,10%,42
T024541,3809,5127,10%,42
T024543,3809,8664,10%,42
T024545,3809,5678,10%,42
T024553,5094,8203,10%,42
T024556,5094,4955,10%,42
T024560,5094,351,10%,42
T024561,5094,2333,10%,42
T024570,5094,4208,10%,42
T024572,5094,3209,10%,42
T024607,6063,5273,10%,42
T024610,6063,9738,10%,42
T024654,184,1372,10%,42
T024655,184,1439,10%,42
T024665,184,398,10%,42
T024668,184,26,10%,42
T024687,184,2347,10%,42
T024696,184,6864,10%,42
T024726,1810,254,10%,42
T024727,1810,3,10%,42
T024728,1810,2938,10%,42
T024742,1810,238,10%,42
T024746,1810,647,10%,42
T024748,1810,2892,10%,42
T024754,2650,2707,10%,42
T024759,2650,125,10%,42
T024760,2650,607,10%,42
T024777,2650,3705,10%,42
T024794,2650,6193,10%,42
T024796,2650,8658,10%,42
T024800,7069,2212,10%,42
T024818,7069,1385,10%,42
T024824,7069,977,10%,42
T024830,7069,9524,10%,42
T024850,7299,4048,10%,42
T024853,7299,3954,10%,42
T024866,7299,4700,10%,42
T024886,7299,940,10%,42
T024893,7299,411,10%,42
T024900,56,2806,10%,42
T024906,56,492,10%,42
T024925,56,6669,10%,42
T024943,56,6631,10%,42
T024948,56,120,10%,42
T024949,56,10343,10%,42
T024961,3630,8732,10%,42
T024965,3630,1679,10%,42
T024982,3630,6407,10%,42
T025020,5004,7970,10%,42
T025076,7849,2347,10%,42
T025078,7849,6897,10%,42
T025079,7849,868,10%,42
T025087,7849,114,10%,42
T025135,9034,881,10%,42
T025138,9034,7449,10%,42
T025154,9544,10325,10%,42
T025184,9544,843,10%,42
T025199,9544,179,10%,42
T025201,79,7976,10%,42
T025206,79,1798,10%,42
T025211,79,6622,10%,42
T025213,79,2657,10%,42
T025218,79,6303,10%,42
T025239,79,4191,10%,42
T025241,79,291,10%,42
T025256,4281,7996,10%,42
T025275,4281,3775,10%,42
T025278,4281,1953,10%,42
T025283,4281,5172,10%,42
T025288,4281,3090,10%,42
T025306,4874,61,10%,42
T025311,4874,7888,10%,42
T025312,4874,1668,10%,42
T025315,4874,587,10%,42
T025325,4874,1764,10%,42
T025334,4874,370,10%,42
T025335,4874,5706,10%,42
T025340,4874,8767,10%,42
T025353,5191,841,10%,42
T025356,5191,7888,10%,42
T025364,5191,1933,10%,42
T025373,5191,4292,10%,42
T025379,5191,2010,10%,42
T025386,5191,595,10%,42
T025394,5191,6552,10%,42
T025414,6357,9082,10%,42
T025429,6357,2493,10%,42
T025436,6357,7250,10%,42
T025438,6357,6097,10%,42
T025442,6357,444,10%,42
T025447,6357,206,10%,42
T025450,9241,4373,10%,42
T025451,9241,7665,10%,42
T025479,9241,4508,10%,42
T025487,9241,1163,10%,42
T025517,521,1966,10%,42
T025549,521,544,10%,42
T025550,1017,6412,10%,42
T025568,1017,3491,10%,42
T025581,1017,536,10%,42
T025584,1017,8303,10%,42
T025588,1017,9733,10%,42
T025626,2212,4603,10%,42
T025649,2212,3348,10%,42
T025689,3597,2072,10%,42
T025710,4187,2346,10%,42
T025727,4187,4027,10%,42
T025732,4187,5511,10%,42
T025752,7995,7525,10%,42
T025756,7995,1268,10%,42
T025757,7995,4088,10%,42
T025758,7995,73,10%,42
T025761,7995,449,10%,42
T025775,7995,5582,10%,42
T025795,7995,176,10%,42
T025803,595,7698,10%,42
T025804,595,254,10%,42
T025822,595,4048,10%,42
T025831,595,3825,10%,42
T025843,595,638,10%,42
T025857,2004,171,10%,42
T025864,2004,8496,10%,42
T025874,2004,430,10%,42
T025887,2004,595,10%,42
T025899,2004,1211,10%,42
T025905,7319,536,10%,42
T025947,7319,4145,10%,42
T025966,2527,7542,10%,42
T025968,2527,232,10%,42
T025979,2527,8295,10%,42
T026012,3098,844,10%,42
T026013,3098,6271,10%,42
T026014,3098,7870,10%,42
T026019,3098,8542,10%,42
T026020,3098,354,10%,42
T026029,3098,9512,10%,42
T026039,3098,5322,10%,42
T026042,3098,10359,10%,42
T026047,3098,1769,10%,42
T026051,8108,988,10%,42
T026059,8108,46,10%,42
T026064,8108,10,10%,42
T026075,8108,1150,10%,42
T026077,8108,158,10%,42
T026078,8108,8745,10%,42
T026080,8108,573,10%,42
T026086,8108,1049,10%,42
T026104,8380,258,10%,42
T026118,8380,8408,10%,42
T026119,8380,1161,10%,42
T026136,8380,7316,10%,42
T026137,8380,4887,10%,42
T026141,8380,3871,10%,42
T026145,8380,9701,10%,42
T026158,1012,5385,10%,42
T026169,1012,152,10%,42
T026177,1012,3274,10%,42
T026187,1012,128,10%,42
T026207,2731,532,10%,42
T026218,2731,9175,10%,42
T026221,2731,261,10%,42
T026255,3016,2964,10%,42
T026257,3016,2042,10%,42
T026260,3016,496,10%,42
T026267,3016,8700,10%,42
T026275,3016,3879,10%,42
T026282,3016,7630,10%,42
T026283,3016,5514,10%,42
T026298,3016,541,10%,42
T026308,3674,3118,10%,42
T026327,3674,6891,10%,42
T026366,430,4949,10%,42
T026367,430,3725,10%,42
T026383,430,9164,10%,42
T026390,430,8019,10%,42
T026391,430,5963,10%,42
T026399,430,4384,10%,42
T026407,690,8828,10%,42
T026414,690,12,10%,42
T026418,690,5991,10%,42
T026422,690,6970,10%,42
T026429,690,386,10%,42
T026433,690,58,10%,42
T026445,690,4497,10%,42
T026466,886,9235,10%,42
T026477,886,978,10%,42
T026499,886,5987,10%,42
T026507,1164,1959,10%,42
T026516,1164,41,10%,42
T026519,1164,2390,10%,42
T026526,1164,637,10%,42
T026529,1164,959,10%,42
T026534,1164,49,10%,42
T026551,1909,278,10%,42
T026567,1909,6996,10%,42
T026568,1909,5967,10%,42
T026573,1909,5050,10%,42
T026577,1909,37,10%,42
T026587,1909,2618,10%,42
T026592,1909,6887,10%,42
T026594,1909,4303,10%,42
T026613,2485,3069,10%,42
T026625,2485,1054,10%,42
T026628,2485,4164,10%,42
T026632,2485,5830,10%,42
T026655,3025,852,10%,42
T026674,3025,5803,10%,42
T026678,3025,6509,10%,42
T026683,3025,3759,10%,42
T026684,3025,2059,10%,42
T026687,3025,5381,10%,42
T026692,3025,1758,10%,42
T026702,3400,4531,10%,42
T026732,3400,7672,10%,42
T026740,3400,1193,10%,42
T026742,3400,4597,10%,42
T026750,3524,2666,10%,42
T026751,3524,2965,10%,42
T026753,3524,6406,10%,42
T026762,3524,3090,10%,42
T026768,3524,4322,10%,42
T026780,3524,7803,10%,42
T026805,5078,6552,10%,42
T026806,5078,6904,10%,42
T026813,5078,4164,10%,42
T026820,5078,5889,10%,42
T026825,5078,3270,10%,42
T026834,5078,5736,10%,42
T026837,5078,4743,10%,42
T026890,5470,10177,10%,42
T026893,5470,5851,10%,42
T026904,7525,125,10%,42
T026927,7525,166,10%,42
T026933,7525,944,10%,42
T026944,7525,1336,10%,42
T026953,7714,1318,10%,42
T026967,7714,9124,10%,42
T026981,7714,6353,10%,42
T026990,7714,7076,10%,42
T027032,137,763,10%,42
T027061,444,2818,10%,42
T027064,444,4265,10%,42
T027093,444,4939,10%,42
T027095,444,5510,10%,42
T027100,854,6265,10%,42
T027101,854,8234,10%,42
T027104,854,1212,10%,42
T027105,854,1215,10%,42
T027107,854,591,10%,42
T027126,854,6134,10%,42
T027139,854,5162,10%,42
T027142,854,5319,10%,42
T027145,854,6181,10%,42
T027164,995,1545,10%,42
T027171,995,5023,10%,42
T027174,995,4771,10%,42
T027176,995,1326,10%,42
T027181,995,152,10%,42
T027189,995,25,10%,42
T027196,995,1056,10%,42
T027206,3470,4150,10%,42
T027218,3470,6349,10%,42
T027220,3470,2075,10%,42
T027233,3470,237,10%,42
T027243,3470,5312,10%,42
T027258,4816,5488,10%,42
T027260,4816,4384,10%,42
T027268,4816,9258,10%,42
T027275,4816,2059,10%,42
T027289,4816,3813,10%,42
T027290,4816,2731,10%,42
T027291,4816,485,10%,42
T027297,4816,147,10%,42
T027325,7042,3098,10%,42
T027345,7042,2902,10%,42
T027347,7042,3439,10%,42
T027359,12,9063,10%,42
T027373,12,5846,10%,42
T027393,12,2559,10%,42
T027394,12,8617,10%,42
T027406,315,854,10%,42
T027414,315,6871,10%,42
T027428,315,578,10%,42
T027436,315,917,10%,42
T027458,3922,31,10%,42
T027466,3922,2875,10%,42
T027474,3922,1036,10%,42
T027489,3922,1542,10%,42
T027491,3922,4376,10%,42
T027506,5503,2455,10%,42
T027520,5503,4306,10%,42
T027521,5503,56,10%,42
T027525,5503,8388,10%,42
T027527,5503,37,10%,42
T027528,5503,8022,10%,42
T027533,5503,8732,10%,42
T027543,5503,5678,10%,42
T027544,5503,6745,10%,42
T027558,5671,4497,10%,42
T027561,5671,7299,10%,42
T027563,5671,581,10%,42
T027577,5671,1087,10%,42
T027585,5671,8617,10%,42
T027601,1163,35,10%,42
T027607,1163,130,10%,42
T027609,1163,74,10%,42
T027616,1163,1317,10%,42
T027617,1163,170,10%,42
T027624,1163,4949,10%,42
T027625,1163,258,10%,42
T027633,1163,473,10%,42
T027634,1163,5377,10%,42
T027645,1163,1780,10%,42
T027655,2818,226,10%,42
T027671,2818,2687,10%,42
T027674,2818,1219,10%,42
T027685,2818,47,10%,42
T027693,2818,6196,10%,42
T027704,4352,2892,10%,42
T027706,4352,1034,10%,42
T027714,4352,1361,10%,42
T027721,4352,5322,10%,42
T027727,4352,9733,10%,42
T027749,4352,1362,10%,42
T027751,7242,6726,10%,42
T027756,7242,8388,10%,42
T027767,7242,1514,10%,42
T027770,7242,3098,10%,42
T027785,7242,1896,10%,42
T027810,1104,8324,10%,42
T027813,1104,2112,10%,42
T027815,1104,392,10%,42
T027822,1104,4848,10%,42
T027838,1104,2293,10%,42
T027847,1104,179,10%,42
T027854,1132,4711,10%,42
T027857,1132,9229,10%,42
T027860,1132,1931,10%,42
T027865,1132,4693,10%,42
T027866,1132,1131,10%,42
T027881,1132,5245,10%,42
T027885,1132,4424,10%,42
T027891,1132,2182,10%,42
T027896,1132,5320,10%,42
T027899,1132,4463,10%,42
T027900,1152,697,10%,42
T027918,1152,2473,10%,42
T027920,1152,5761,10%,42
T027930,1152,6669,10%,42
T027935,1152,659,10%,42
T027938,1152,5366,10%,42
T027945,1152,6732,10%,42
T027946,1152,5706,10%,42
T027980,1412,787,10%,42
T027986,1412,7925,10%,42
T028004,1490,4024,10%,42
T028006,1490,3180,10%,42
T028007,1490,1613,10%,42
T028025,1490,2613,10%,42
T028042,1490,2818,10%,42
T028044,1490,3986,10%,42
T028050,5446,947,10%,42
T028057,5446,3586,10%,42
T028060,5446,9987,10%,42
T028065,5446,3721,10%,42
T028108,6733,9519,10%,42
T028111,6733,5086,10%,42
T028115,6733,6513,10%,42
T028119,6733,3158,10%,42
T028128,6733,5078,10%,42
T028146,6733,3088,10%,42
T028151,2549,3430,10%,42
T028155,2549,4151,10%,42
T028165,2549,947,10%,42
T028181,2549,24,10%,42
T028186,2549,4401,10%,42
T028193,2549,2227,10%,42
T028205,2656,138,10%,42
T028207,2656,5016,10%,42
T028234,2656,4187,10%,42
T028238,2656,1197,10%,42
T028251,4724,2378,10%,42
T028253,4724,7518,10%,42
T028259,4724,83,10%,42
T028270,4724,1588,10%,42
T028272,4724,578,10%,42
T028277,4724,25,10%,42
T028281,4724,93,10%,42
T028293,4724,4031,10%,42
T028295,4724,977,10%,42
T028303,7226,3572,10%,42
T028333,7226,168,10%,42
T028344,7226,956,10%,42
T028369,847,2439,10%,42
T028372,847,341,10%,42
T028378,847,1592,10%,42
T028379,847,2633,10%,42
T028385,847,3214,10%,42
T028402,2645,5629,10%,42
T028405,2645,43,10%,42
T028411,2645,7870,10%,42
T028412,2645,3779,10%,42
T028418,2645,1040,10%,42
T028427,2645,4955,10%,42
T028474,2786,1546,10%,42
T028476,2786,6244,10%,42
T028491,2786,7176,10%,42
T028501,3006,7970,10%,42
T028512,3006,3206,10%,42
T028513,3006,5239,10%,42
T028536,3006,6664,10%,42
T028574,3759,290,10%,42
T028582,3759,1824,10%,42
T028588,3759,9543,10%,42
T028602,6,1422,10%,42
T028632,6,73,10%,42
T028634,6,5235,10%,42
T028637,6,294,10%,42
T028640,6,1116,10%,42
T028642,6,5944,10%,42
T028654,168,4958,10%,42
T028657,168,7155,10%,42
T028681,168,2358,10%,42
T028683,168,43,10%,42
T028694,168,8198,10%,42
T028710,249,3705,10%,42
T028716,249,509,10%,42
T028743,249,536,10%,42
T028766,1375,1120,10%,42
T028777,1375,2918,10%,42
T028783,1375,108,10%,42
T028799,1375,2013,10%,42
T028811,2479,7333,10%,42
T028840,2479,6030,10%,42
T028851,5814,10065,10%,42
T028853,5814,3407,10%,42
T028854,5814,1704,10%,42
T028879,5814,5120,10%,42
T028882,5814,5643,10%,42
T028887,5814,5419,10%,42
T028895,5814,6045,10%,42
T028898,5814,2715,10%,42
T028907,6135,2083,10%,42
T028925,6135,5761,10%,42
T028941,6135,23,10%,42
T028949,6135,7165,10%,42
T028950,7818,2433,10%,42
T028960,7818,3398,10%,42
T028961,7818,1017,10%,42
T028967,7818,2441,10%,42
T028974,7818,2472,10%,42
T028983,7818,654,10%,42
T029002,9210,3863,10%,42
T029038,9210,1184,10%,42
T029041,9210,4303,10%,42
T029051,651,7389,10%,42
T029060,651,136,10%,42
T029074,651,749,10%,42
T029090,651,590,10%,42
T029091,651,4364,10%,42
T029100,1120,238,10%,42
T029119,1120,2769,10%,42
T029121,1120,1092,10%,42
T029123,1120,7542,10%,42
T029133,1120,1384,10%,42
T029144,1120,3567,10%,42
T029149,1120,2378,10%,42
T029167,1189,4895,10%,42
T029168,1189,1541,10%,42
T029169,1189,4193,10%,42
T029180,1189,1434,10%,42
T029195,1189,7144,10%,42
T029197,1189,3678,10%,42
T029258,5245,69,10%,42
T029264,5245,4051,10%,42
T029265,5245,7128,10%,42
T029276,5245,4978,10%,42
T029288,5245,4762,10%,42
T029312,5592,448,10%,42
T029347,5592,4866,10%,42
T029360,152,5409,10%,42
T029367,152,2378,10%,42
T029378,152,7199,10%,42
T029407,1050,5226,10%,42
T029425,1050,4546,10%,42
T029429,1050,1039,10%,42
T029431,1050,5610,10%,42
T029435,1050,7440,10%,42
T029449,1050,9345,10%,42
T029450,1209,6263,10%,42
T029473,1209,491,10%,42
T029506,2352,7977,10%,42
T029515,2352,8867,10%,42
T029521,2352,3052,10%,42
T029523,2352,1022,10%,42
T029533,2352,5444,10%,42
T029536,2352,5065,10%,42
T029563,7432,1657,10%,42
T029564,7432,529,10%,42
T029565,7432,953,10%,42
T029581,7432,9082,10%,42
T029584,7432,3593,10%,42
T029609,808,3951,10%,42
T029617,808,2882,10%,42
T029621,808,5627,10%,42
T029624,808,1991,10%,42
T029628,808,897,10%,42
T029636,808,4445,10%,42
T029642,808,16,10%,42
T029648,808,3982,10%,42
T029654,936,9323,10%,42
T029659,936,9272,10%,42
T029664,936,659,10%,42
T029673,936,29,10%,42
T029683,936,3169,10%,42
T029696,936,1954,10%,42
T029706,955,2306,10%,42
T029709,955,8339,10%,42
T029726,955,3966,10%,42
T029742,955,2164,10%,42
T029743,955,1326,10%,42
T029748,955,9519,10%,42
T029776,4741,1372,10%,42
T029801,5095,9119,10%,42
T029829,5095,5937,10%,42
T029845,5095,6692,10%,42
T029865,7083,6030,10%,42
T029867,7083,190,10%,42
T029874,7083,5364,10%,42
T029875,7083,5225,10%,42
T029881,7083,9844,10%,42
T029885,7083,8416,10%,42
T029886,7083,8111,10%,42
T029901,1036,6170,10%,42
T029938,1036,3253,10%,42
T029939,1036,200,10%,42
T029954,2926,3265,10%,42
T029955,2926,3725,10%,42
T029962,2926,6891,10%,42
T029969,2926,7120,10%,42
T029989,2926,1196,10%,42
T030007,4890,2027,10%,42
T030051,5260,513,10%,42
T030061,5260,2650,10%,42
T030069,5260,66,10%,42
T030072,5260,6519,10%,42
T030077,5260,7334,10%,42
T030091,5260,9229,10%,42
T030112,1131,3606,10%,42
T030127,1131,4969,10%,42
T030148,1131,2192,10%,42
T030152,1533,217,10%,42
T030155,1533,748,10%,42
T030181,1533,5556,10%,42
T030196,1533,3708,10%,42
T030205,2814,5315,10%,42
T030211,2814,3205,10%,42
T030213,2814,4597,10%,42
T030229,2814,2548,10%,42
T030273,3986,1090,10%,42
T030278,3986,8295,10%,42
T030284,3986,187,10%,42
T030298,3986,458,10%,42
T030302,9733,9164,10%,42
T030310,9733,386,10%,42
T030313,9733,1193,10%,42
T030350,947,693,10%,42
T030367,947,5202,10%,42
T030377,947,1132,10%,42
T030419,3690,8857,10%,42
T030423,3690,4816,10%,42
T030443,3690,455,10%,42
T030445,3690,1177,10%,42
T030463,4691,5746,10%,42
T030483,4691,1095,10%,42
T030484,4691,4420,10%,42
T030488,4691,6974,10%,42
T030500,5610,248,10%,42
T030502,5610,869,10%,42
T030505,5610,6909,10%,42
T030518,5610,953,10%,42
T030523,5610,8857,10%,42
T030529,5610,5643,10%,42
T030532,5610,2009,10%,42
T030540,5610,209,10%,42
T030545,5610,5364,10%,42
T030548,5610,8922,10%,42
T030568,869,7951,10%,42
T030569,869,4693,10%,42
T030573,869,210,10%,42
T030576,869,47,10%,42
T030585,869,7429,10%,42
T030587,869,5245,10%,42
T030598,869,2485,10%,42
T030606,1504,484,10%,42
T030612,1504,4920,10%,42
T030621,1504,8859,10%,42
T030630,1504,5725,10%,42
T030632,1504,38,10%,42
T030640,1504,718,10%,42
T030644,1504,1014,10%,42
T030648,1504,5511,10%,42
T030658,3296,6934,10%,42
T030659,3296,6838,10%,42
T030690,3296,587,10%,42
T030698,3296,1020,10%,42
T030706,4142,10325,10%,42
T030707,4142,6437,10%,42
T030716,4142,8615,10%,42
T030740,4142,889,10%,42
T030743,4142,1161,10%,42
T030756,9258,6864,10%,42
T030763,9258,9558,10%,42
T030770,9258,6638,10%,42
T030788,9258,6409,10%,42
T030800,1692,3159,10%,42
T030801,1692,8712,10%,42
T030813,1692,5245,10%,42
T030818,1692,5034,10%,42
T030847,1692,605,10%,42
T030866,2719,730,10%,42
T030873,2719,9543,10%,42
T030889,2719,7165,10%,42
T030895,2719,33,10%,42
T030899,2719,6811,10%,42
T030903,4031,7764,10%,42
T030908,4031,2444,10%,42
T030910,4031,3464,10%,42
T030912,4031,9118,10%,42
T030916,4031,921,10%,42
T030923,4031,774,10%,42
T030935,4031,3025,10%,42
T030936,4031,2358,10%,42
T030943,4031,1693,10%,42
T030947,4031,477,10%,42
T030959,4376,7991,10%,42
T030966,4376,5470,10%,42
T030995,4376,3003,10%,42
T030998,4376,5949,10%,42
T031037,4895,995,10%,42
T031044,4895,7984,10%,42
T031060,5197,2372,10%,42
T031071,5197,5447,10%,42
T031098,5197,517,10%,42
T031105,5973,4347,10%,42
T031113,5973,3314,10%,42
T031127,5973,5618,10%,42
T031134,5973,8480,10%,42
T031140,5973,1848,10%,42
T031142,5973,2567,10%,42
T031144,5973,2227,10%,42
T031149,5973,277,10%,42
T031155,6951,9850,10%,42
T031158,6951,4168,10%,42
T031163,6951,1384,10%,42
T031165,6951,6196,10%,42
T031176,6951,7359,10%,42
T031190,6951,1034,10%,42
T031249,7144,903,10%,42
T031260,8389,8814,10%,42
T031269,8389,5656,10%,42
T031273,8389,2552,10%,42
T031278,8389,1084,10%,42
T031289,8389,2867,10%,42
T031301,169,1318,10%,42
T031306,169,3052,10%,42
T031318,169,2271,10%,42
T031340,169,2512,10%,42
T031344,169,8355,10%,42
T031375,1122,3927,10%,42
T031379,1122,5148,10%,42
T031383,1122,1120,10%,42
T031403,1219,109,10%,42
T031407,1219,3153,10%,42
T031414,1219,2083,10%,42
T031418,1219,4281,10%,42
T031427,1219,5736,10%,42
T031428,1219,3068,10%,42
T031447,1219,1088,10%,42
T031452,1991,1984,10%,42
T031456,1991,7977,10%,42
T031477,1991,32,10%,42
T031512,4051,4375,10%,42
T031537,4051,5968,10%,42
T031542,4051,2558,10%,42
T031546,4051,3400,10%,42
T031548,4051,4646,10%,42
T031551,5795,3879,10%,42
T031559,5795,1099,10%,42
T031572,5795,3439,10%,42
T031599,5795,234,10%,42
T031602,7518,1130,10%,42
T031612,7518,1,10%,42
T031613,7518,5377,10%,42
T031627,7518,290,10%,42
T031631,7518,1693,10%,42
T031647,7518,4848,10%,42
T031659,7684,4215,10%,42
T031663,7684,138,10%,42
T031666,7684,3764,10%,42
T031667,7684,9119,10%,42
T031693,7684,1104,10%,42
T031694,7684,6351,10%,42
T031697,7684,7144,10%,42
T031699,7684,1031,10%,42
T031709,9830,5267,10%,42
T031719,9830,7432,10%,42
T031728,9830,6408,10%,42
T031749,9830,5191,10%,42
T031754,1090,1022,10%,42
T031767,1090,54,10%,42
T031799,1090,4,10%,42
T031815,1981,3895,10%,42
T031816,1981,978,10%,42
T031833,1981,25,10%,42
T031842,1981,7901,10%,42
T031854,3516,6357,10%,42
T031855,3516,9701,10%,42
T031863,3516,3746,10%,42
T031874,3516,8532,10%,42
T031891,3516,5267,10%,42
T031894,3516,1829,10%,42
T031898,3516,2042,10%,42
T031920,4027,4226,10%,42
T031927,4027,1709,10%,42
T031961,5148,6605,10%,42
T031985,5148,6030,10%,42
T031989,5148,5190,10%,42
T032003,6370,362,10%,42
T032014,6370,105,10%,42
T032017,6370,2558,10%,42
T032018,6370,2505,10%,42
T032023,6370,5107,10%,42
T032027,6370,9199,10%,42
T032032,6370,2240,10%,42
T032043,6370,4888,10%,42
T032045,6370,5107,10%,42
T032051,497,696,10%,42
T032053,497,1242,10%,42
T032054,497,2912,10%,42
T032055,497,550,10%,42
T032058,497,9515,10%,42
T032059,497,2204,10%,42
T032061,497,612,10%,42
T032067,497,26,10%,42
T032075,497,4969,10%,42
T032102,844,5050,10%,42
T032112,844,9377,10%,42
T032113,844,6519,10%,42
T032136,844,42,10%,42
T032139,844,1228,10%,42
T032140,844,1991,10%,42
T032181,1002,4227,10%,42
T032205,1843,9726,10%,42
T032206,1843,1219,10%,42
T032215,1843,2661,10%,42
T032229,1843,134,10%,42
T032231,1843,1040,10%,42
T032234,1843,4038,10%,42
T032245,1843,2358,10%,42
T032265,5016,674,10%,42
T032270,5016,4711,10%,42
T032277,5016,1087,10%,42
T032293,5016,2107,10%,42
T032296,5016,1049,10%,42
T032297,5016,371,10%,42
T032315,5048,1095,10%,42
T032321,5048,1769,10%,42
T032326,5048,3276,10%,42
T032329,5048,562,10%,42
T032332,5048,2912,10%,42
T032336,5048,169,10%,42
T032340,5048,610,10%,42
T032360,6393,1154,10%,42
T032374,6393,3118,10%,42
T032377,6393,1099,10%,42
T032385,6393,3901,10%,42
T032397,6393,2751,10%,42
T032400,8113,8654,10%,42
T032413,8113,8583,10%,42
T032447,8113,198,10%,42
T032448,8113,2700,10%,42
T032449,8113,5034,10%,42
T032459,9401,844,10%,42
T032486,9401,940,10%,42
T032505,220,1266,10%,42
T032508,220,8857,10%,42
T032525,220,278,10%,42
T032540,220,8612,10%,42
T032542,220,6432,10%,42
T032548,220,121,10%,42
T032551,674,5587,10%,42
T032560,674,8859,10%,42
T032561,674,5050,10%,42
T032583,674,8857,10%,42
T032604,1240,2794,10%,42
T032611,1240,6622,10%,42
T032617,1240,1888,10%,42
T032631,1240,1317,10%,42
T032635,1240,606,10%,42
T032636,1240,1709,10%,42
T032646,1240,1668,10%,42
T032658,1313,9733,10%,42
T032671,1313,152,10%,42
T032678,1313,2687,10%,42
T032686,1313,693,10%,42
T032709,1664,9747,10%,42
T032719,1664,8399,10%,42
T032724,1664,1243,10%,42
T032731,1664,3306,10%,42
T032739,1664,772,10%,42
T032745,1664,5202,10%,42
T032753,1785,7076,10%,42
T032767,1785,5190,10%,42
T032772,1785,9241,10%,42
T032776,1785,2674,10%,42
T032781,1785,7069,10%,42
T032784,1785,8373,10%,42
T032788,1785,603,10%,42
T032800,2961,277,10%,42
T032804,2961,5368,10%,42
T032807,2961,458,10%,42
T032811,2961,1664,10%,42
T032827,2961,426,10%,42
T032828,2961,3090,10%,42
T032836,2961,2677,10%,42
T032856,3439,3809,10%,42
T032896,3439,88,10%,42
T032898,3439,3954,10%,42
T032919,4355,1087,10%,42
T032921,4355,3597,10%,42
T032946,4355,4621,10%,42
T032959,4771,2374,10%,42
T032962,4771,359,10%,42
T032966,4771,2883,10%,42
T032967,4771,1375,10%,42
T033027,5769,2404,10%,42
T033033,5769,240,10%,42
T033040,5769,1709,10%,42
T033046,5769,5233,10%,42
T033062,362,6097,10%,42
T033064,362,1034,10%,42
T033076,362,9168,10%,42
T033080,362,2769,10%,42
T033104,747,174,10%,42
T033115,747,5531,10%,42
T033141,747,8882,10%,42
T033156,1247,10145,10%,42
T033206,1704,2740,10%,42
T033208,1704,9747,10%,42
T033242,1704,6599,10%,42
T033249,1704,3496,10%,42
T033263,1866,5226,10%,42
T033268,1866,4728,10%,42
T033273,1866,9792,10%,42
T033292,1866,5287,10%,42
T033312,2633,2710,10%,42
T033336,2633,5955,10%,42
T033339,2633,6063,10%,42
T033341,2633,3554,10%,42
T033361,3678,118,10%,42
T033392,3678,7018,10%,42
T033403,166,7090,10%,42
T033410,166,3989,10%,42
T033412,166,4272,10%,42
T033427,166,5985,10%,42
T033434,166,3901,10%,42
T033436,166,3206,10%,42
T033456,187,6232,10%,42
T033462,187,5985,10%,42
T033471,187,6709,10%,42
T033479,187,8654,10%,42
T033486,187,7384,10%,42
T033509,319,166,10%,42
T033546,319,9064,10%,42
T033570,413,59,10%,42
T033577,413,1099,10%,42
T033587,413,1087,10%,42
T033588,413,2926,10%,42
T033594,413,9726,10%,42
T033595,413,4393,10%,42
T033599,413,5095,10%,42
T033602,590,6334,10%,42
T033612,590,1129,10%,42
T033619,590,134,10%,42
T033625,590,191,10%,42
T033629,590,5322,10%,42
T033639,590,9852,10%,42
T033655,915,2042,10%,42
T033676,915,4347,10%,42
T033692,915,4238,10%,42
T033698,915,886,10%,42
T033701,4285,6756,10%,42
T033707,4285,3256,10%,42
T033712,4285,8857,10%,42
T033715,4285,6500,10%,42
T033723,4285,1434,10%,42
T033724,4285,2397,10%,42
T033729,4285,988,10%,42
T033734,4285,4362,10%,42
T033737,4285,8871,10%,42
T033748,4285,3090,10%,42
T033750,616,8814,10%,42
T033751,616,9708,10%,42
T033753,616,1494,10%,42
T033764,616,5197,10%,42
T033783,616,4981,10%,42
T033788,616,1953,10%,42
T033789,616,6059,10%,42
T033792,616,1247,10%,42
T033799,616,7422,10%,42
T033800,637,6954,10%,42
T033829,637,1718,10%,42
T033837,637,5298,10%,42
T033858,1115,9084,10%,42
T033859,1115,10486,10%,42
T033863,1115,370,10%,42
T033881,1115,2591,10%,42
T033883,1115,921,10%,42
T033903,1818,3926,10%,42
T033907,1818,148,10%,42
T033922,1818,3190,10%,42
T033933,1818,2734,10%,42
T033937,1818,2740,10%,42
T033947,1818,6081,10%,42
T033952,2271,7176,10%,42
T033959,2271,2678,10%,42
T033962,2271,3330,10%,42
T033976,2271,4861,10%,42
T033983,2271,1084,10%,42
T033987,2271,10030,10%,42
T033989,2271,4895,10%,42
T034001,3518,858,10%,42
T034013,3518,3348,10%,42
T034021,3518,3746,10%,42
T034026,3518,7759,10%,42
T034032,3518,3572,10%,42
T034043,3518,4523,10%,42
T034047,3518,6692,10%,42
T034048,3518,2300,10%,42
T034067,6334,663,10%,42
T034072,6334,672,10%,42
T034073,6334,9844,10%,42
T034075,6334,1014,10%,42
T034079,6334,5094,10%,42
T034083,6334,748,10%,42
T034088,6334,5811,10%,42
T034090,6334,3088,10%,42
T034097,6334,1918,10%,42
T034103,8745,5752,10%,42
T034107,8745,3914,10%,42
T034108,8745,7529,10%,42
T034141,8745,1822,10%,42
T034147,8745,2738,10%,42
T034154,200,9371,10%,42
T034156,200,2385,10%,42
T034182,200,2938,10%,42
T034207,1087,4121,10%,42
T034208,1087,4670,10%,42
T034221,1087,9620,10%,42
T034225,1087,7300,10%,42
T034226,1087,2794,10%,42
T034229,1087,3774,10%,42
T034231,1087,5061,10%,42
T034242,1087,4816,10%,42
T034264,3052,1699,10%,42
T034284,3052,690,10%,42
T034285,3052,10,10%,42
T034316,4150,7319,10%,42
T034325,4150,95,10%,42
T034327,4150,3764,10%,42
T034341,4150,179,10%,42
T034342,4150,4375,10%,42
T034354,5360,1092,10%,42
T034359,5360,7300,10%,42
T034363,5360,9850,10%,42
T034366,5360,3259,10%,42
T034368,5360,5166,10%,42
T034380,5360,5828,10%,42
T034388,5360,2644,10%,42
T034389,5360,1124,10%,42
T034393,5360,7250,10%,42
T034400,8298,397,10%,42
T034404,8298,3624,10%,42
T034413,8298,3715,10%,42
T034436,8298,704,10%,42
T034438,8298,8399,10%,42
T034445,8298,641,10%,42
T034458,9572,7996,10%,42
T034478,9572,3884,10%,42
T034482,9572,4046,10%,42
T034486,9572,1966,10%,42
T034488,9572,696,10%,42
T034496,9572,3056,10%,42
T034501,83,10231,10%,42
T034527,83,6500,10%,42
T034529,83,2949,10%,42
T034539,83,3259,10%,42
T034555,393,2851,10%,42
T034561,393,5177,10%,42
T034583,393,209,10%,42
T034590,393,852,10%,42
T034602,1161,22,10%,42
T034657,2372,1104,10%,42
T034658,2372,1896,10%,42
T034673,2372,2645,10%,42
T034677,2372,5447,10%,42
T034684,2372,6253,10%,42
T034700,2729,3779,10%,42
T034720,2729,1226,10%,42
T034744,2729,5624,10%,42
T034761,2770,7759,10%,42
T034779,2770,8241,10%,42
T034782,2770,8388,10%,42
T034785,2770,7766,10%,42
T034791,2770,1699,10%,42
T034801,6170,406,10%,42
T034802,6170,3326,10%,42
T034810,6170,10233,10%,42
T034815,6170,658,10%,42
T034816,6170,2154,10%,42
T034821,6170,591,10%,42
T034838,6170,9515,10%,42
T034843,6170,10359,10%,42
T034845,6170,959,10%,42
T034851,57,611,10%,42
T034862,57,3520,10%,42
T034875,57,8542,10%,42
T034890,57,167,10%,42
T034891,57,2372,10%,42
T034896,57,6196,10%,42
T034912,129,7333,10%,42
T034914,129,5706,10%,42
T034917,129,3619,10%,42
T034927,129,5889,10%,42
T034947,129,8127,10%,42
T034950,261,5769,10%,42
T034951,261,413,10%,42
T034964,261,7615,10%,42
T034967,261,1104,10%,42
T034979,261,513,10%,42
T034992,261,1207,10%,42
T034996,261,3241,10%,42
T034999,261,1216,10%,42
T035009,409,338,10%,42
T035013,409,1023,10%,42
T035016,409,2321,10%,42
T035030,409,200,10%,42
T035042,409,8565,10%,42
T035047,409,517,10%,42
T035050,2108,2165,10%,42
T035051,2108,4004,10%,42
T035056,2108,6394,10%,42
T035058,2108,217,10%,42
T035060,2108,118,10%,42
T035065,2108,5985,10%,42
T035070,2108,1649,10%,42
T035071,2108,314,10%,42
T035077,2108,7086,10%,42
T035093,2108,449,10%,42
T035113,2505,2554,10%,42
T035125,2505,333,10%,42
T035128,2505,9940,10%,42
T035147,2505,2544,10%,42
T035168,2551,2362,10%,42
T035176,2551,683,10%,42
T035184,2551,673,10%,42
T035194,2551,534,10%,42
T035196,2551,5547,10%,42
T035213,2965,5629,10%,42
T035214,2965,6871,10%,42
T035222,2965,2719,10%,42
T035224,2965,2473,10%,42
T035235,2965,1143,10%,42
T035238,2965,3374,10%,42
T035246,2965,3467,10%,42
T035249,2965,120,10%,42
T035257,4866,2526,10%,42
T035260,4866,800,10%,42
T035262,4866,3718,10%,42
T035271,4866,6339,10%,42
T035282,4866,8355,10%,42
T035309,5811,6815,10%,42
T035310,5811,3610,10%,42
T035313,5811,1050,10%,42
T035322,5811,1012,10%,42
T035323,5811,449,10%,42
T035327,5811,4373,10%,42
T035330,5811,3374,10%,42
T035331,5811,6663,10%,42
T035338,5811,6890,10%,42
T035339,5811,4364,10%,42
T035357,8392,3331,10%,42
T035360,8392,257,10%,42
T035363,8392,1002,10%,42
T035364,8392,4724,10%,42
T035372,8392,108,10%,42
T035373,8392,6873,10%,42
T035407,81,7317,10%,42
T035415,81,2956,10%,42
T035446,81,3554,10%,42
T035457,196,2677,10%,42
T035487,196,8470,10%,42
T035490,196,7786,10%,42
T035496,196,2729,10%,42
T035515,485,5419,10%,42
T035525,485,76,10%,42
T035527,485,7987,10%,42
T035548,485,5034,10%,42
T035560,517,9082,10%,42
T035578,517,658,10%,42
T035596,517,3809,10%,42
T035599,517,2337,10%,42
T035606,519,1318,10%,42
T035612,519,2374,10%,42
T035637,519,1080,10%,42
T035641,519,2646,10%,42
T035650,647,1685,10%,42
T035656,647,585,10%,42
T035669,647,4062,10%,42
T035684,647,7155,10%,42
T035690,647,3314,10%,42
T035697,647,464,10%,42
T035698,647,10071,10%,42
T035746,1130,3813,10%,42
T035756,1434,693,10%,42
T035765,1434,7796,10%,42
T035770,1434,166,10%,42
T035775,1434,8007,10%,42
T035786,1434,1243,10%,42
T035790,1434,1,10%,42
T035801,2034,2567,10%,42
T035821,2034,9377,10%,42
T035853,2289,6514,10%,42
T035860,2289,1265,10%,42
T035862,2289,1824,10%,42
T035870,2289,2956,10%,42
T035872,2289,1164,10%,42
T035887,2289,7334,10%,42
T035913,2308,5843,10%,42
T035914,2308,270,10%,42
T035919,2308,267,10%,42
T035925,2308,8715,10%,42
T035928,2308,4329,10%,42
T035948,2308,5993,10%,42
T035982,2902,90,10%,42
T035998,2902,4272,10%,42
T036008,5678,1062,10%,42
T036019,5678,314,10%,42
T036023,5678,4576,10%,42
T036033,5678,4403,10%,42
T036051,7996,166,10%,42
T036061,7996,955,10%,42
T036062,7996,2912,10%,42
T036064,7996,5793,10%,42
T036070,7996,571,10%,42
T036071,7996,233,10%,42
T036074,7996,7432,10%,42
T036124,8047,1022,10%,42
T036153,193,10065,10%,42
T036175,193,599,10%,42
T036176,193,158,10%,42
T036181,193,2138,10%,42
T036182,193,800,10%,42
T036187,193,9519,10%,42
T036194,193,3272,10%,42
T036203,263,137,10%,42
T036213,263,1053,10%,42
T036227,263,5968,10%,42
T036235,263,577,10%,42
T036236,263,9620,10%,42
T036238,263,3361,10%,42
T036241,263,5828,10%,42
T036243,263,3786,10%,42
T036249,263,8236,10%,42
T036254,697,7684,10%,42
T036261,697,4486,10%,42
T036263,697,6806,10%,42
T036268,697,7086,10%,42
T036276,697,40,10%,42
T036278,697,4982,10%,42
T036284,697,19,10%,42
T036298,697,4399,10%,42
T036307,799,1811,10%,42
T036309,799,3068,10%,42
T036324,799,1050,10%,42
T036325,799,1552,10%,42
T036328,799,4190,10%,42
T036334,799,5795,10%,42
T036339,799,9747,10%,42
T036340,799,7740,10%,42
T036366,2121,8573,10%,42
T036373,2121,7357,10%,42
T036382,2121,8767,10%,42
T036385,2121,5016,10%,42
T036398,2121,3143,10%,42
T036405,6833,167,10%,42
T036436,6833,167,10%,42
T036438,6833,4393,10%,42
T036440,6833,2358,10%,42
T036444,6833,7389,10%,42
T036458,9039,6349,10%,42
T036463,9039,294,10%,42
T036475,9039,1385,10%,42
T036477,9039,8687,10%,42
T036488,9039,3016,10%,42
T036493,9039,4895,10%,42
T036497,9039,275,10%,42
T036498,9039,5063,10%,42
T036502,1053,243,10%,42
T036509,1053,1412,10%,42
T036512,1053,976,10%,42
T036513,1053,1641,10%,42
T036529,1053,1074,10%,42
T036537,1053,9164,10%,42
T036545,1053,1699,10%,42
T036578,1254,6193,10%,42
T036591,1254,9258,10%,42
T036598,1254,6889,10%,42
T036599,1254,8583,10%,42
T036601,2789,444,10%,42
T036608,2789,3779,10%,42
T036621,2789,1143,10%,42
T036634,2789,3190,10%,42
T036642,2789,6325,10%,42
T036643,2789,5973,10%,42
T036652,3813,7890,10%,42
T036704,3950,4508,10%,42
T036716,3950,5095,10%,42
T036741,3950,2575,10%,42
T036747,3950,3205,10%,42
T036782,5488,7250,10%,42
T036802,5494,114,10%,42
T036804,5494,5955,10%,42
T036806,5494,458,10%,42
T036812,5494,5955,10%,42
T036824,5494,185,10%,42
T036851,5927,1669,10%,42
T036852,5927,2374,10%,42
T036897,5927,4627,10%,42
T036900,5985,1542,10%,42
T036908,5985,844,10%,42
T036921,5985,10261,10%,42
T036928,5985,59,10%,42
T036936,5985,4152,10%,42
T036940,5985,1786,10%,42
T036950,8573,6685,10%,42
T036951,8573,147,10%,42
T036955,8573,4103,10%,42
T036963,8573,8943,10%,42
T036984,8573,436,10%,42
T037010,338,7090,10%,42
T037011,338,1056,10%,42
T037025,338,1079,10%,42
T037032,338,8022,10%,42
T037038,338,5260,10%,42
T037066,2000,37,10%,42
T037072,2000,10281,10%,42
T037112,2154,6787,10%,42
T037135,2154,1966,10%,42
T037203,2920,2916,10%,42
T037205,2920,6202,10%,42
T037209,2920,1228,10%,42
T037220,2920,8705,10%,42
T037221,2920,7766,10%,42
T037225,2920,8583,10%,42
T037232,2920,4711,10%,42
T037237,2920,4861,10%,42
T037281,1558,1047,10%,42
T037322,1933,1115,10%,42
T037323,1933,5298,10%,42
T037333,1933,8389,10%,42
T037343,1933,1535,10%,42
T037347,1933,653,10%,42
T037352,2347,497,10%,42
T037371,2347,7788,10%,42
T037372,2347,2432,10%,42
T037375,2347,8266,10%,42
T037376,2347,1399,10%,42
T037400,2916,3609,10%,42
T037433,2916,616,10%,42
T037455,3205,1152,10%,42
T037457,3205,1550,10%,42
T037459,3205,1861,10%,42
T037467,3205,6983,10%,42
T037472,3205,2674,10%,42
T037481,3205,4848,10%,42
T037495,3205,4416,10%,42
T037500,6339,1861,10%,42
T037515,6339,8186,10%,42
T037523,6339,3259,10%,42
T037547,6339,7537,10%,42
T037557,6978,1639,10%,42
T037582,6978,7088,10%,42
T037601,145,4771,10%,42
T037605,145,9610,10%,42
T037624,145,2154,10%,42
T037630,145,175,10%,42
T037632,145,68,10%,42
T037637,145,1254,10%,42
T037647,145,2010,10%,42
T037660,250,5775,10%,42
T037689,250,170,10%,42
T037692,250,5747,10%,42
T037704,732,1631,10%,42
T037722,732,7801,10%,42
T037749,732,4955,10%,42
T037751,1269,582,10%,42
T037765,1269,3886,10%,42
T037767,1269,2433,10%,42
T037776,1269,2358,10%,42
T037809,1468,595,10%,42
T037813,1468,7199,10%,42
T037817,1468,1891,10%,42
T037820,1468,350,10%,42
T037847,1468,6370,10%,42
T037888,2486,2484,10%,42
T037916,2512,1829,10%,42
T037920,2512,4193,10%,42
T037927,2512,383,10%,42
T037939,2512,6125,10%,42
T037962,3007,6274,10%,42
T037973,3007,2676,10%,42
T037981,3007,8022,10%,42
T037983,3007,1036,10%,42
T037984,3007,3624,10%,42
T037989,3007,7103,10%,42
T037991,3007,7987,10%,42
T037996,3007,3676,10%,42
T038013,4861,355,10%,42
T038037,4861,3743,10%,42
T038046,4861,5726,10%,42
T038056,6439,2390,10%,42
T038069,6439,2815,10%,42
T038074,6439,469,10%,42
T038098,6439,8565,10%,42
T038112,684,2687,10%,42
T038117,684,1031,10%,42
T038131,684,609,10%,42
T038139,684,378,10%,42
T038145,684,6049,10%,42
T038146,684,409,10%,42
T038174,897,266,10%,42
T038175,897,1645,10%,42
T038192,897,4183,10%,42
T038198,897,100,10%,42
T038210,2666,2078,10%,42
T038222,2666,3624,10%,42
T038238,2666,5963,10%,42
T038300,3362,12,10%,42
T038301,3362,124,10%,42
T038312,3362,1533,10%,42
T038315,3362,5078,10%,42
T038330,3362,176,10%,42
T038335,3362,5582,10%,42
T038344,3362,6071,10%,42
T038374,3870,1931,10%,42
T038375,3870,921,10%,42
T038382,3870,9936,10%,42
T038394,3870,6172,10%,42
T038406,4248,7049,10%,42
T038413,4248,6339,10%,42
T038428,4248,10101,10%,42
T038448,4248,1542,10%,42
T038471,6253,2866,10%,42
T038472,6253,532,10%,42
T038478,6253,2639,10%,42
T038479,6253,4502,10%,42
T038488,6253,1953,10%,42
T038491,6253,891,10%,42
T038503,195,228,10%,42
T038510,195,3154,10%,42
T038515,195,1159,10%,42
T038516,195,1042,10%,42
T038530,195,7940,10%,42
T038532,195,7472,10%,42
T038541,195,7759,10%,42
T038550,599,81,10%,42
T038561,599,10486,10%,42
T038566,599,7031,10%,42
T038568,599,8108,10%,42
T038569,599,10188,10%,42
T038572,599,7615,10%,42
T038574,599,9792,10%,42
T038578,599,7359,10%,42
T038591,599,8663,10%,42
T038600,609,8969,10%,42
T038607,609,2609,10%,42
T038617,609,2121,10%,42
T038621,609,5630,10%,42
T038623,609,477,10%,42
T038625,609,6594,10%,42
T038629,609,6063,10%,42
T038640,609,5328,10%,42
T038647,609,693,10%,42
T038648,609,967,10%,42
T038651,1007,3407,10%,42
T038655,1007,2676,10%,42
T038656,1007,8814,10%,42
T038670,1007,3256,10%,42
T038686,1007,8324,10%,42
T038717,2085,4969,10%,42
T038721,2085,4312,10%,42
T038729,2085,2397,10%,42
T038731,2085,5746,10%,42
T038747,2085,1245,10%,42
T038761,3705,3134,10%,42
T038765,3705,6833,10%,42
T038768,3705,214,10%,42
T038776,3705,4062,10%,42
T038792,3705,2678,10%,42
T038812,3924,4329,10%,42
T038833,3924,105,10%,42
T038834,3924,1248,10%,42
T038840,3924,7333,10%,42
T038841,3924,8071,10%,42
T038858,4403,3272,10%,42
T038861,4403,3610,10%,42
T038873,4403,2080,10%,42
T038875,4403,9719,10%,42
T038878,4403,1264,10%,42
T038893,4403,2346,10%,42
T038949,4621,8234,10%,42
T038952,4743,8914,10%,42
T038956,4743,1379,10%,42
T038967,4743,674,10%,42
T038995,4743,2118,10%,42
T039001,4818,10343,10%,42
T039027,4818,7037,10%,42
T039028,4818,314,10%,42
T039047,4818,10028,10%,42
T039066,4888,8303,10%,42
T039067,4888,121,10%,42
T039074,4888,330,10%,42
T039096,4888,1595,10%,42
T039102,5041,1810,10%,42
T039110,5041,4978,10%,42
T039123,5041,647,10%,42
T039136,5041,35,10%,42
T039142,5041,6483,10%,42
T039170,6897,3570,10%,42
T039187,6897,3583,10%,42
T039214,114,2412,10%,42
T039228,114,2520,10%,42
T039231,114,8401,10%,42
T039257,270,3687,10%,42
T039262,270,673,10%,42
T039273,270,9545,10%,42
T039274,270,4646,10%,42
T039275,270,5656,10%,42
T039283,270,9175,10%,42
T039297,270,7615,10%,42
T039308,443,5510,10%,42
T039309,443,173,10%,42
T039328,443,917,10%,42
T039332,443,6787,10%,42
T039349,443,1080,10%,42
T039357,527,8882,10%,42
T039378,527,2815,10%,42
T039412,2165,5446,10%,42
T039413,2165,808,10%,42
T039426,2165,2240,10%,42
T039458,2264,2892,10%,42
T039460,2264,4103,10%,42
T039462,2264,1822,10%,42
T039463,2264,9204,10%,42
T039509,2661,3230,10%,42
T039523,2661,5795,10%,42
T039524,2661,3645,10%,42
T039546,2661,8206,10%,42
T039550,2700,2789,10%,42
T039554,2700,354,10%,42
T039570,2700,38,10%,42
T039592,2700,8476,10%,42
T039595,2700,4546,10%,42
T039603,4215,2274,10%,42
T039604,4215,4732,10%,42
T039650,4365,71,10%,42
T039661,4365,1802,10%,42
T039677,4365,7268,10%,42
T039694,4365,1361,10%,42
T039697,4365,8198,10%,42
T039707,8339,4861,10%,42
T039708,8339,109,10%,42
T039734,8339,436,10%,42
T039739,8339,835,10%,42
T039747,8339,9620,10%,42
T039766,8814,1248,10%,42
T039770,8814,4367,10%,42
T039779,8814,4691,10%,42
T039785,8814,124,10%,42
T039796,8814,3570,10%,42
T039806,68,2961,10%,42
T039815,68,2192,10%,42
T039816,68,2484,10%,42
T039826,68,541,10%,42
T039900,2554,8882,10%,42
T039909,2554,343,10%,42
T039911,2554,9844,10%,42
T039914,2554,854,10%,42
T039936,2554,5009,10%,42
T039938,2554,2892,10%,42
T039942,2554,7890,10%,42
T039946,2554,5824,10%,42
T039952,4191,3272,10%,42
T039959,4191,2918,10%,42
T039970,4191,2271,10%,42
T039974,4191,8866,10%,42
T039981,4191,2632,10%,42
T039983,4191,2558,10%,42
T039986,4191,1337,10%,42
T039993,4191,6,10%,42
T040001,4499,5993,10%,42
T040004,4499,8401,10%,42
T040029,4499,527,10%,42
T040035,4499,384,10%,42
T040040,4499,3804,10%,42
T040059,6806,1168,10%,42
T040063,6806,6110,10%,42
T040072,6806,4007,10%,42
T040082,6806,5078,10%,42
T040098,6806,8828,10%,42
T040100,354,2769,10%,42
T040157,973,7888,10%,42
T040173,973,7037,10%,42
T040183,973,2656,10%,42
T040186,973,9833,10%,42
T040193,973,7432,10%,42
T040199,973,8114,10%,42
T040201,977,8794,10%,42
T040205,977,7788,10%,42
T040233,977,10535,10%,42
T040240,977,760,10%,42
T040247,977,3924,10%,42
T040273,1102,1196,10%,42
T040278,1102,988,10%,42
T040289,1102,4939,10%,42
T040296,1102,6014,10%,42
T040305,1848,9115,10%,42
T040311,1848,7984,10%,42
T040321,1848,587,10%,42
T040328,1848,8469,10%,42
T040329,1848,7127,10%,42
T040343,1848,3971,10%,42
T040358,2166,577,10%,42
T040372,2166,7128,10%,42
T040373,2166,536,10%,42
T040377,2166,4044,10%,42
T040378,2166,8691,10%,42
T040386,2166,7334,10%,42
T040389,2166,614,10%,42
T040391,2166,455,10%,42
T040400,2321,4007,10%,42
T040417,2321,27,10%,42
T040420,2321,3950,10%,42
T040437,2321,4463,10%,42
T040449,2321,733,10%,42
T040465,2966,5503,10%,42
T040468,2966,5042,10%,42
T040469,2966,8642,10%,42
T040476,2966,5531,10%,42
T040492,2966,241,10%,42
T040493,2966,3895,10%,42
T040507,3316,539,10%,42
T040512,3316,3597,10%,42
T040534,3316,732,10%,42
T040538,3316,3693,10%,42
T040544,3316,9257,10%,42
T040564,3975,9230,10%,42
T040583,3975,1361,10%,42
T040599,3975,2558,10%,42
T040613,4604,2676,10%,42
T040620,4604,696,10%,42
T040621,4604,2875,10%,42
T040629,4604,170,10%,42
T040632,4604,2154,10%,42
T040645,4604,2644,10%,42
T040663,5075,6791,10%,42
T040664,5075,3983,10%,42
T040665,5075,1535,10%,42
T040674,5075,1299,10%,42
T040684,5075,914,10%,42
T040685,5075,234,10%,42
T040691,5075,372,10%,42
T040715,5803,8373,10%,42
T040730,5803,5958,10%,42
T040753,6514,5828,10%,42
T040757,6514,404,10%,42
T040768,6514,1243,10%,42
T040774,6514,7940,10%,42
T040780,6514,528,10%,42
T040782,6514,1610,10%,42
T040787,6514,2882,10%,42
T040796,6514,1802,10%,42
T040806,8063,7422,10%,42
T040817,8063,5447,10%,42
T040839,8063,2920,10%,42
T040846,8063,3208,10%,42
T040856,9708,2434,10%,42
T040889,9708,4702,10%,42
T040897,9708,8658,10%,42
T040937,598,1535,10%,42
T040939,598,9830,10%,42
T040944,598,10065,10%,42
T040945,598,5202,10%,42
T040949,598,129,10%,42
T040956,1055,1048,10%,42
T040966,1055,7381,10%,42
T040975,1055,176,10%,42
T040978,1055,955,10%,42
T040994,1055,209,10%,42
T040998,1055,651,10%,42
T041008,2080,985,10%,42
T041016,2080,4700,10%,42
T041020,2080,3400,10%,42
T041028,2080,393,10%,42
T041073,3356,9515,10%,42
T041080,3356,5308,10%,42
T041091,3356,659,10%,42
T041096,3356,10060,10%,42
T041104,3386,968,10%,42
T041112,3386,19,10%,42
T041128,3386,16,10%,42
T041144,3386,3520,10%,42
T041147,3386,9731,10%,42
T041149,3386,5438,10%,42
T041156,3697,3721,10%,42
T041178,3697,6815,10%,42
T041180,3697,9558,10%,42
T041197,3697,2548,10%,42
T041199,3697,1558,10%,42
T041201,3895,8476,10%,42
T041206,3895,7083,10%,42
T041207,3895,2902,10%,42
T041212,3895,97,10%,42
T041220,3895,5153,10%,42
T041226,3895,6195,10%,42
T041254,4210,8047,10%,42
T041269,4210,4563,10%,42
T041301,4232,7976,10%,42
T041304,4232,1645,10%,42
T041308,4232,985,10%,42
T041310,4232,1692,10%,42
T041311,4232,936,10%,42
T041327,4232,6647,10%,42
T041339,4232,2700,10%,42
T041340,4232,6962,10%,42
T041342,4232,4844,10%,42
T041350,4384,2637,10%,42
T041364,4384,6119,10%,42
T041376,4384,605,10%,42
T041377,4384,550,10%,42
T041381,4384,1023,10%,42
T041382,4384,8087,10%,42
T041384,4384,3721,10%,42
T041390,4384,2418,10%,42
T041395,4384,1657,10%,42
T041399,4384,8074,10%,42
T041414,4620,1439,10%,42
T041419,4620,7796,10%,42
T041423,4620,4890,10%,42
T041457,4790,8691,10%,42
T041461,4790,897,10%,42
T041469,4790,5488,10%,42
T041476,4790,1490,10%,42
T041500,5023,3046,10%,42
T041517,5023,4702,10%,42
T041536,5023,2572,10%,42
T041538,5023,6726,10%,42
T041539,5023,6777,10%,42
T041549,5023,4606,10%,42
T041555,5747,5468,10%,42
T041564,5747,6743,10%,42
T041569,5747,868,10%,42
T041583,5747,986,10%,42
T041592,5747,8298,10%,42
T041621,6306,5746,10%,42
T041624,6306,41,10%,42
T041626,6306,7411,10%,42
T041628,6306,4732,10%,42
T041629,6306,571,10%,42
T041635,6306,3177,10%,42
T041650,9020,4649,10%,42
T041653,9020,1838,10%,42
T041669,9020,3629,10%,42
T041684,9020,9940,10%,42
T041708,305,9850,10%,42
T041713,305,255,10%,42
T041714,305,6951,10%,42
T041722,305,5747,10%,42
T041743,305,7740,10%,42
T041746,305,2293,10%,42
T041752,1379,5026,10%,42
T041757,1379,4221,10%,42
T041763,1379,2982,10%,42
T041767,1379,7759,10%,42
T041768,1379,477,10%,42
T041781,1379,9849,10%,42
T041783,1379,1494,10%,42
T041792,1379,2729,10%,42
T041799,1379,868,10%,42
T041810,4702,1079,10%,42
T041831,4702,159,10%,42
T041832,4702,1896,10%,42
T041842,4702,541,10%,42
T041843,4702,4139,10%,42
T041867,5328,8712,10%,42
T041930,8203,3741,10%,42
T041947,8203,5926,10%,42
T041952,664,2072,10%,42
T041956,664,8108,10%,42
T041967,664,1020,10%,42
T041981,664,9204,10%,42
T042011,1815,2794,10%,42
T042017,1815,2472,10%,42
T042020,1815,7162,10%,42
T042027,1815,4939,10%,42
T042030,1815,3052,10%,42
T042036,1815,8739,10%,42
T042040,1815,3159,10%,42
T042054,2138,4489,10%,42
T042055,2138,4502,10%,42
T042081,2138,8087,10%,42
T042089,2138,986,10%,42
T042101,2332,6602,10%,42
T042110,2332,279,10%,42
T042126,2332,2693,10%,42
T042132,2332,8355,10%,42
T042134,2332,1337,10%,42
T042139,2332,66,10%,42
T042189,2441,6334,10%,42
T042204,2693,208,10%,42
T042207,2693,7894,10%,42
T042237,2693,5839,10%,42
T042260,3209,6974,10%,42
T042263,3209,9936,10%,42
T042280,3209,2693,10%,42
T042296,3209,8695,10%,42
T042309,3484,4263,10%,42
T042315,3484,7471,10%,42
T042318,3484,1866,10%,42
T042321,3484,1074,10%,42
T042325,3484,5775,10%,42
T042326,3484,2099,10%,42
T042329,3484,4510,10%,42
T042333,3484,3924,10%,42
T042334,3484,4968,10%,42
T042335,3484,5994,10%,42
T042349,3484,1088,10%,42
T042360,3721,5239,10%,42
T042362,3721,231,10%,42
T042390,3721,1514,10%,42
T042393,3721,1546,10%,42
T042395,3721,4537,10%,42
T042423,4164,3886,10%,42
T042429,4164,7402,10%,42
T042442,4164,1412,10%,42
T042451,4226,5540,10%,42
T042477,4226,2009,10%,42
T042479,4226,258,10%,42
T042486,4226,3270,10%,42
T042490,4226,3759,10%,42
T042519,5846,554,10%,42
T042522,5846,9371,10%,42
T042523,5846,4706,10%,42
T042555,6301,1184,10%,42
T042566,6301,8346,10%,42
T042574,6301,2072,10%,42
T042576,6301,693,10%,42
T042598,6301,6090,10%,42
T042602,6777,9034,10%,42
T042622,6777,7942,10%,42
T042630,6777,199,10%,42
T042631,6777,1388,10%,42
T042646,6777,1909,10%,42
T042658,172,3098,10%,42
T042672,172,7128,10%,42
T042694,172,5086,10%,42
T042711,243,1017,10%,42
T042718,243,4682,10%,42
T042733,243,7981,10%,42
T042738,243,9371,10%,42
T042750,914,1398,10%,42
T042768,914,1541,10%,42
T042779,914,868,10%,42
T042787,914,1240,10%,42
T042795,914,9237,10%,42
T042825,1180,406,10%,42
T042830,1180,5170,10%,42
T042844,1180,2505,10%,42
T042855,5034,249,10%,42
T042863,5034,2412,10%,42
T042868,5034,267,10%,42
T042884,5034,3006,10%,42
T042889,5034,9542,10%,42
T042894,5034,7099,10%,42
T042895,5034,1088,10%,42
T042896,5034,6981,10%,42
T042909,5171,1641,10%,42
T042916,5171,100,10%,42
T042919,5171,8712,10%,42
T042922,5171,6097,10%,42
T042925,5171,1685,10%,42
T042939,5171,2584,10%,42
T042949,5171,5419,10%,42
T042961,6747,2196,10%,42
T042979,6747,7250,10%,42
T042985,6747,1048,10%,42
T043021,130,1058,10%,42
T043025,130,5937,10%,42
T043042,130,8381,10%,42
T043055,266,1422,10%,42
T043064,266,1002,10%,42
T043074,266,3095,10%,42
T043080,266,41,10%,42
T043092,266,79,10%,42
T043096,266,6274,10%,42
T043097,266,46,10%,42
T043100,341,4072,10%,42
T043101,341,2834,10%,42
T043102,341,1240,10%,42
T043114,341,403,10%,42
T043124,341,4741,10%,42
T043135,341,4162,10%,42
T043136,341,1764,10%,42
T043147,341,897,10%,42
T043198,453,4856,10%,42
T043210,941,10040,10%,42
T043230,941,1163,10%,42
T043238,941,228,10%,42
T043244,941,109,10%,42
T043247,941,2725,10%,42
T043248,941,3926,10%,42
T043265,1727,3190,10%,42
T043271,1727,2935,10%,42
T043290,1727,6904,10%,42
T043306,2218,3779,10%,42
T043311,2218,3922,10%,42
T043323,2218,6181,10%,42
T043326,2218,1558,10%,42
T043329,2218,1168,10%,42
T043333,2218,6509,10%,42
T043345,2218,1104,10%,42
T043350,2552,616,10%,42
T043354,2552,6664,10%,42
T043360,2552,165,10%,42
T043363,2552,6488,10%,42
T043372,2552,4007,10%,42
T043375,2552,4627,10%,42
T043390,2552,9106,10%,42
T043392,2552,1189,10%,42
T043397,2552,10060,10%,42
T043408,2882,2787,10%,42
T043413,2882,3895,10%,42
T043419,2882,7845,10%,42
T043421,2882,940,10%,42
T043428,2882,476,10%,42
T043442,2882,167,10%,42
T043454,4497,1050,10%,42
T043479,4497,6663,10%,42
T043492,4497,8206,10%,42
T043493,4497,940,10%,42
T043496,4497,10206,10%,42
T043501,4502,253,10%,42
T043502,4502,1679,10%,42
T043511,4502,8071,10%,42
T043513,4502,1299,10%,42
T043522,4502,6777,10%,42
T043526,4502,9325,10%,42
T043530,4502,4088,10%,42
T043533,4502,8169,10%,42
T043545,4502,6499,10%,42
T043571,4981,6669,10%,42
T043597,4981,8505,10%,42
T043625,6605,19,10%,42
T043631,6605,5671,10%,42
T043639,6605,8416,10%,42
T043642,6605,8206,10%,42
T043644,6605,56,10%,42
T043663,7384,3764,10%,42
T043669,7384,1784,10%,42
T043679,7384,5589,10%,42
T043694,7384,83,10%,42
T043695,7384,808,10%,42
T043713,7896,8982,10%,42
T043725,7896,3741,10%,42
T043730,7896,90,10%,42
T043736,7896,7037,10%,42
T043749,7896,8444,10%,42
T043751,8583,2770,10%,42
T043752,8583,7116,10%,42
T043753,8583,7918,10%,42
T043758,8583,3786,10%,42
T043789,8583,2984,10%,42
T043799,8583,1250,10%,42
T043801,9797,598,10%,42
T043811,9797,4364,10%,42
T043813,9797,8545,10%,42
T043823,9797,3169,10%,42
T043833,9797,3591,10%,42
T043838,9797,8732,10%,42
T043844,9797,3068,10%,42
T043845,9797,3986,10%,42
T043849,9797,8583,10%,42
T043857,257,5627,10%,42
T043871,257,5178,10%,42
T043875,257,6723,10%,42
T043908,953,9936,10%,42
T043912,953,104,10%,42
T043915,953,5793,10%,42
T043919,953,5210,10%,42
T043944,953,2243,10%,42
T043945,953,4981,10%,42
T043948,953,6213,10%,42
T043959,980,5830,10%,42
T043961,980,10006,10%,42
T043964,980,6,10%,42
T043965,980,355,10%,42
T043967,980,3056,10%,42
T043970,980,2136,10%,42
T043981,980,176,10%,42
T043989,980,6743,10%,42
T043999,980,5438,10%,42
T044004,1780,360,10%,42
T044006,1780,4732,10%,42
T044014,1780,1649,10%,42
T044019,1780,6181,10%,42
T044026,1780,5547,10%,42
T044036,1780,1130,10%,42
T044037,1780,3863,10%,42
T044055,2107,1061,10%,42
T044058,2107,6565,10%,42
T044069,2107,6934,10%,42
T044070,2107,4150,10%,42
T044086,2107,524,10%,42
T044089,2107,2012,10%,42
T044094,2107,1106,10%,42
T044099,2107,2423,10%,42
T044102,3180,235,10%,42
T044108,3180,6063,10%,42
T044135,3180,4982,10%,42
T044145,3180,220,10%,42
T044158,4393,2829,10%,42
T044163,4393,1909,10%,42
T044185,4393,8664,10%,42
T044193,4393,1910,10%,42
T044235,4761,8695,10%,42
T044245,4761,1754,10%,42
T044260,6787,8861,10%,42
T044276,6787,114,10%,42
T044277,6787,4292,10%,42
T044287,6787,5178,10%,42
T044288,6787,4939,10%,42
T044295,6787,521,10%,42
T044296,6787,1326,10%,42
T044345,8067,2986,10%,42
T044347,8067,93,10%,42
T044364,147,59,10%,42
T044386,147,521,10%,42
T044392,147,4145,10%,42
T044396,147,1245,10%,42
T044399,147,10145,10%,42
T044411,186,674,10%,42
T044414,186,5713,10%,42
T044415,186,509,10%,42
T044421,186,4730,10%,42
T044424,186,8867,10%,42
T044433,186,3321,10%,42
T044442,186,3611,10%,42
T044448,186,7906,10%,42
T044456,255,1399,10%,42
T044469,255,895,10%,42
T044473,255,1524,10%,42
T044474,255,2291,10%,42
T044505,340,406,10%,42
T044509,340,9572,10%,42
T044512,340,8206,10%,42
T044521,340,3180,10%,42
T044526,340,610,10%,42
T044531,340,8258,10%,42
T044540,340,3786,10%,42
T044551,966,4769,10%,42
T044552,966,7845,10%,42
T044553,966,4450,10%,42
T044569,966,6871,10%,42
T044570,966,228,10%,42
T044575,966,721,10%,42
T044590,966,6864,10%,42
T044599,966,221,10%,42
T044612,1092,7381,10%,42
T044616,1092,8074,10%,42
T044630,1092,4450,10%,42
T044635,1092,1516,10%,42
T044649,1092,772,10%,42
T044666,1159,19,10%,42
T044669,1159,6821,10%,42
T044673,1159,1008,10%,42
T044678,1159,9323,10%,42
T044681,1159,2397,10%,42
T044707,1265,2794,10%,42
T044709,1265,432,10%,42
T044710,1265,871,10%,42
T044755,3158,6238,10%,42
T044757,3158,3804,10%,42
T044768,3158,23,10%,42
T044779,3158,10189,10%,42
T044788,3158,9216,10%,42
T044802,3758,6664,10%,42
T044832,3758,9345,10%,42
T044848,3758,9797,10%,42
T044849,3758,4178,10%,42
T044857,3879,819,10%,42
T044861,3879,7740,10%,42
T044886,3879,47,10%,42
T044912,4040,2892,10%,42
T044913,4040,4958,10%,42
T044919,4040,4469,10%,42
T044920,4040,2435,10%,42
T044926,4040,1954,10%,42
T044930,4040,9181,10%,42
T044934,4040,8943,10%,42
T044936,4040,31,10%,42
T044973,4096,8794,10%,42
T044975,4096,2034,10%,42
T045001,7890,145,10%,42
T045043,7890,2666,10%,42
T045081,8715,2417,10%,42
T045116,10,8339,10%,42
T045127,10,8111,10%,42
T045131,10,58,10%,42
T045147,10,42,10%,42
T045164,16,5125,10%,42
T045178,16,21,10%,42
T045188,16,6962,10%,42
T045194,16,1215,10%,42
T045204,581,6323,10%,42
T045207,581,2789,10%,42
T045222,581,2751,10%,42
T045231,581,1150,10%,42
T045241,581,5298,10%,42
T045244,581,5381,10%,42
T045253,1292,4178,10%,42
T045255,1292,4741,10%,42
T045283,1292,306,10%,42
T045284,1292,338,10%,42
T045285,1292,3065,10%,42
T045307,1873,1084,10%,42
T045308,1873,578,10%,42
T045319,1873,6709,10%,42
T045325,1873,895,10%,42
T045330,1873,66,10%,42
T045356,2194,4031,10%,42
T045364,2194,5618,10%,42
T045368,2194,2633,10%,42
T045372,2194,1542,10%,42
T045383,2194,4762,10%,42
T045385,2194,5726,10%,42
T045393,2194,2632,10%,42
T045394,2194,6458,10%,42
T045405,2417,2916,10%,42
T045412,2417,4142,10%,42
T045415,2417,5627,10%,42
T045422,2417,7144,10%,42
T045424,2417,3240,10%,42
T045429,2417,432,10%,42
T045430,2417,7788,10%,42
T045433,2417,1336,10%,42
T045436,2417,8783,10%,42
T045439,2417,5839,10%,42
T045447,2417,1034,10%,42
T045468,2499,1984,10%,42
T045475,2499,4862,10%,42
T045479,2499,393,10%,42
T045484,2499,1764,10%,42
T045508,2787,3095,10%,42
T045556,3231,2986,10%,42
T045571,3231,3825,10%,42
T045574,3231,207,10%,42
T045578,3231,7299,10%,42
T045581,3231,4486,10%,42
T045588,3231,8480,10%,42
T045610,3693,1152,10%,42
T045618,3693,3619,10%,42
T045621,3693,8859,10%,42
T045666,4700,2485,10%,42
T045669,4700,1541,10%,42
T045681,4700,3451,10%,42
T045695,4700,6408,10%,42
T045700,4949,1056,10%,42
T045710,4949,3767,10%,42
T045729,4949,7887,10%,42
T045739,4949,5041,10%,42
T045745,4949,7764,10%,42
T045752,5993,5833,10%,42
T045755,5993,8857,10%,42
T045766,5993,5671,10%,42
T045770,5993,3117,10%,42
T045774,5993,362,10%,42
T045790,5993,9797,10%,42
T045795,5993,338,10%,42
T045803,6094,3516,10%,42
T045805,6094,10071,10%,42
T045809,6094,9610,10%,42
T045828,6094,5286,10%,42
T045831,6094,1179,10%,42
T045850,6573,3787,10%,42
T045852,6573,4978,10%,42
T045879,6573,1136,10%,42
T045886,6573,6045,10%,42
T045889,6573,947,10%,42
T045896,6573,155,10%,42
T045900,7216,5048,10%,42
T045917,7216,9542,10%,42
T045918,7216,4152,10%,42
T045928,7216,2719,10%,42
T045951,8087,5107,10%,42
T045964,8087,2729,10%,42
T045966,8087,663,10%,42
T045976,8087,8542,10%,42
T045999,8087,6647,10%,42
T046025,9771,128,10%,42
T046035,9771,4384,10%,42
T046036,9771,199,10%,42
T046041,9771,3069,10%,42
T046042,9771,1094,10%,42
T046050,125,9545,10%,42
T046054,125,4808,10%,42
T046094,125,513,10%,42
T046099,125,749,10%,42
T046100,1499,8113,10%,42
T046107,1499,8814,10%,42
T046123,1499,3926,10%,42
T046127,1499,1154,10%,42
T046136,1499,6079,10%,42
T046149,1499,8969,10%,42
T046157,1863,412,10%,42
T046162,1863,7896,10%,42
T046166,1863,5237,10%,42
T046173,1863,7525,10%,42
T046179,1863,1215,10%,42
T046181,1863,5678,10%,42
T046184,1863,3648,10%,42
T046196,1863,68,10%,42
T046206,2010,2472,10%,42
T046246,2010,214,10%,42
T046257,2455,1163,10%,42
T046261,2455,7167,10%,42
T046263,2455,6349,10%,42
T046264,2455,6891,10%,42
T046275,2455,7384,10%,42
T046276,2455,3450,10%,42
T046277,2455,291,10%,42
T046290,2455,5315,10%,42
T046293,2455,6663,10%,42
T046298,2455,9836,10%,42
T046324,3046,1330,10%,42
T046340,3046,5630,10%,42
T046350,4269,5982,10%,42
T046351,4269,6747,10%,42
T046375,4269,1207,10%,42
T046376,4269,5028,10%,42
T046383,4269,8712,10%,42
T046395,4269,8751,10%,42
T046407,6458,4210,10%,42
T046409,6458,227,10%,42
T046422,6458,1150,10%,42
T046431,6458,5308,10%,42
T046437,6458,2687,10%,42
T046449,6458,7672,10%,42
T046452,6674,2814,10%,42
T046456,6674,2866,10%,42
T046459,6674,3922,10%,42
T046471,6674,1811,10%,42
T046474,6674,264,10%,42
T046477,6674,7472,10%,42
T046494,6674,6125,10%,42
T046497,6674,6351,10%,42
T046499,6674,9533,10%,42
T046524,6732,3056,10%,42
T046530,6732,881,10%,42
T046542,6732,2075,10%,42
T046543,6732,3177,10%,42
T046551,7317,9997,10%,42
T046555,7317,26,10%,42
T046563,7317,5987,10%,42
T046570,7317,1184,10%,42
T046578,7317,311,10%,42
T046605,7610,3224,10%,42
T046608,7610,8914,10%,42
T046654,9064,3276,10%,42
T046658,9064,6253,10%,42
T046664,9064,4888,10%,42
T046666,9064,9512,10%,42
T046684,9064,1254,10%,42
T046690,9064,39,10%,42
T046694,9064,6838,10%,42
T046695,9064,1177,10%,42
T046712,93,254,10%,42
T046717,93,1254,10%,42
T046733,93,897,10%,42
T046748,93,6109,10%,42
T046762,117,5744,10%,42
T046769,117,8480,10%,42
T046774,117,6334,10%,42
T046775,117,7120,10%,42
T046779,117,6393,10%,42
T046791,117,7529,10%,42
T046849,518,3386,10%,42
T046854,1080,8914,10%,42
T046883,1080,1058,10%,42
T046884,1080,3693,10%,42
T046886,1080,184,10%,42
T046893,1080,1193,10%,42
T046895,1080,4257,10%,42
T046904,2434,2418,10%,42
T046914,2434,8565,10%,42
T046920,2434,3774,10%,42
T046940,2434,733,10%,42
T046961,3572,1785,10%,42
T046963,3572,3715,10%,42
T046973,3572,8373,10%,42
T046986,3572,9941,10%,42
T046999,3572,4269,10%,42
T047004,5345,714,10%,42
T047067,5882,5937,10%,42
T047076,5882,6830,10%,42
T047095,5882,5518,10%,42
T047110,6196,2814,10%,42
T047117,6196,974,10%,42
T047123,6196,674,10%,42
T047145,6196,8565,10%,42
T047146,6196,2337,10%,42
T047173,6299,6458,10%,42
T047207,6873,2661,10%,42
T047226,6873,6519,10%,42
T047227,6873,4416,10%,42
T047244,6873,8480,10%,42
T047246,6873,4416,10%,42
T047265,8388,4144,10%,42
T047281,8388,4051,10%,42
T047287,8388,8496,10%,42
T047291,8388,3374,10%,42
T047305,8781,7402,10%,42
T047314,8781,4193,10%,42
T047318,8781,8763,10%,42
T047320,8781,8732,10%,42
T047373,89,1120,10%,42
T047375,89,1764,10%,42
T047387,89,7601,10%,42
T047391,89,6253,10%,42
T047393,89,5563,10%,42
T047402,279,6324,10%,42
T047404,279,577,10%,42
T047419,279,2548,10%,42
T047422,279,7268,10%,42
T047431,279,159,10%,42
T047448,279,3306,10%,42
T047450,653,5252,10%,42
T047458,653,8700,10%,42
T047480,653,8816,10%,42
T047484,653,6097,10%,42
T047499,653,6851,10%,42
T047519,1133,3231,10%,42
T047528,1133,1136,10%,42
T047530,1133,4706,10%,42
T047540,1133,9087,10%,42
T047551,5042,1197,10%,42
T047561,5042,199,10%,42
T047562,5042,8927,10%,42
T047566,5042,6664,10%,42
T047590,5042,5298,10%,42
T047607,5338,5065,10%,42
T047614,5338,1931,10%,42
T047616,5338,16,10%,42
T047621,5338,1126,10%,42
T047628,5338,6723,10%,42
T047632,5338,2387,10%,42
T047644,5338,4190,10%,42
T047660,8767,2558,10%,42
T047672,8767,294,10%,42
T047684,8767,1147,10%,42
T047687,8767,6407,10%,42
T047709,9115,2725,10%,42
T047714,9115,168,10%,42
T047722,9115,3331,10%,42
T047725,9115,3606,10%,42
T047729,9115,7042,10%,42
T047755,9610,232,10%,42
T047762,9610,4445,10%,42
T047772,9610,1838,10%,42
T047793,9610,2731,10%,42
T047797,9610,175,10%,42
T047798,9610,3971,10%,42
T047802,29,987,10%,42
T047813,29,1838,10%,42
T047818,29,1200,10%,42
T047823,29,3400,10%,42
T047826,29,100,10%,42
T047838,29,854,10%,42
T047856,534,2337,10%,42
T047862,534,172,10%,42
T047900,893,4597,10%,42
T047907,893,8927,10%,42
T047909,893,9486,10%,42
T047915,893,6110,10%,42
T047916,893,677,10%,42
T047936,893,4831,10%,42
T047956,968,6904,10%,42
T047964,968,7801,10%,42
T047986,968,9853,10%,42
T047988,968,174,10%,42
T047989,968,124,10%,42
T047990,968,2417,10%,42
T048002,1095,2674,10%,42
T048004,1095,9034,10%,42
T048018,1095,2444,10%,42
T048028,1095,35,10%,42
T048037,1095,6373,10%,42
T048039,1095,3927,10%,42
T048050,1935,22,10%,42
T048056,1935,149,10%,42
T048070,1935,6238,10%,42
T048072,1935,6172,10%,42
T048073,1935,5955,10%,42
T048088,1935,6365,10%,42
T048093,1935,4269,10%,42
T048098,1935,1673,10%,42
T048103,3012,6081,10%,42
T048108,3012,9034,10%,42
T048111,3012,986,10%,42
T048155,4007,134,10%,42
T048163,4007,24,10%,42
T048167,4007,1935,10%,42
T048184,4007,1603,10%,42
T048202,5368,5202,10%,42
T048236,5368,23,10%,42
T048237,5368,2441,10%,42
T048259,6265,5824,10%,42
T048261,6265,9241,10%,42
T048273,6265,1117,10%,42
T048284,6265,367,10%,42
T048300,6594,2633,10%,42
T048307,6594,1541,10%,42
T048308,6594,4294,10%,42
T048317,6594,4306,10%,42
T048319,6594,2733,10%,42
T048327,6594,5286,10%,42
T048328,6594,562,10%,42
T048334,6594,1310,10%,42
T048343,6594,860,10%,42
T048363,7167,1209,10%,42
T048367,7167,10,10%,42
T048375,7167,221,10%,42
T048378,7167,6374,10%,42
T048382,7167,4399,10%,42
T048388,7167,5260,10%,42
T048432,7673,4403,10%,42
T048444,7673,377,10%,42
T048459,9118,6745,10%,42
T048464,9118,5028,10%,42
T048470,9118,2966,10%,42
T048473,9118,6750,10%,42
T048481,9118,2275,10%,42
T048482,9118,1106,10%,42
T048498,9118,3430,10%,42
T048523,10535,4322,10%,42
T048531,10535,978,10%,42
T048532,10535,1613,10%,42
T048537,10535,1699,10%,42
T048538,10535,7764,10%,42
T048539,10535,7995,10%,42
T048543,10535,2010,10%,42
T048545,10535,3667,10%,42
T048552,67,3467,10%,42
T048582,67,821,10%,42
T048602,436,8867,10%,42
T048612,436,9558,10%,42
T048626,436,5540,10%,42
T048631,436,3139,10%,42
T048636,436,5990,10%,42
T048638,436,5814,10%,42
T048642,436,9850,10%,42
T048663,529,7319,10%,42
T048671,529,5851,10%,42
T048697,529,491,10%,42
T048699,529,4322,10%,42
T048705,592,4204,10%,42
T048709,592,7472,10%,42
T048720,592,173,10%,42
T048734,592,2639,10%,42
T048745,592,5091,10%,42
T048754,1385,554,10%,42
T048755,1385,2372,10%,42
T048765,1385,4364,10%,42
T048766,1385,7856,10%,42
T048770,1385,10342,10%,42
T048780,1385,1074,10%,42
T048789,1385,3648,10%,42
T048793,1385,250,10%,42
T048813,1399,5170,10%,42
T048815,1399,456,10%,42
T048820,1399,2548,10%,42
T048837,1399,1931,10%,42
T048852,2136,7489,10%,42
T048863,2136,8408,10%,42
T048866,2136,2535,10%,42
T048872,2136,2738,10%,42
T048873,2136,9323,10%,42
T048874,2136,3758,10%,42
T048901,2964,31,10%,42
T048905,2964,1223,10%,42
T048909,2964,3609,10%,42
T048928,2964,105,10%,42
T048934,2964,7991,10%,42
T048939,2964,332,10%,42
T048944,2964,2107,10%,42
T048966,3208,616,10%,42
T048968,3208,841,10%,42
T048969,3208,1385,10%,42
T049007,3767,2693,10%,42
T049016,3767,435,10%,42
T049025,3767,109,10%,42
T049034,3767,8861,10%,42
T049036,3767,2083,10%,42
T049039,3767,1219,10%,42
T049046,3767,10333,10%,42
T049049,3767,5267,10%,42
T049065,5419,315,10%,42
T049068,5419,8531,10%,42
T049082,5419,5225,10%,42
T049102,5514,4355,10%,42
T049103,5514,1094,10%,42
T049123,5514,598,10%,42
T049125,5514,9997,10%,42
T049126,5514,3914,10%,42
T049137,5514,2499,10%,42
T049168,5984,4190,10%,42
T049192,5984,5795,10%,42
T049216,6237,7316,10%,42
T049224,6237,5004,10%,42
T049252,6405,69,10%,42
T049258,6405,1379,10%,42
T049260,6405,6433,10%,42
T049279,6405,2118,10%,42
T049289,6405,4238,10%,42
T049299,6405,889,10%,42
T049330,7269,1039,10%,42
T049335,7269,5514,10%,42
T049351,8007,2926,10%,42
T049354,8007,2637,10%,42
T049358,8007,9039,10%,42
T049388,8007,7906,10%,42
T049391,8007,3951,10%,42
T049401,155,7801,10%,42
T049416,155,1036,10%,42
T049422,155,2131,10%,42
T049429,155,976,10%,42
T049430,155,83,10%,42
T049431,155,7155,10%,42
T049449,155,470,10%,42
T049450,314,1863,10%,42
T049490,314,1693,10%,42
T049523,531,5271,10%,42
T049524,531,899,10%,42
T049525,531,4420,10%,42
T049527,531,6573,10%,42
T049535,531,2306,10%,42
T049536,531,8,10%,42
T049551,748,6151,10%,42
T049557,748,2075,10%,42
T049558,748,6621,10%,42
T049559,748,3139,10%,42
T049566,748,4478,10%,42
T049567,748,841,10%,42
T049570,748,7090,10%,42
T049571,748,1693,10%,42
T049581,748,5624,10%,42
T049603,1020,360,10%,42
T049625,1020,1209,10%,42
T049646,1020,9345,10%,42
T049663,1610,923,10%,42
T049683,1610,4393,10%,42
T049693,1610,4100,10%,42
T049696,1610,2274,10%,42
T049701,1626,3938,10%,42
T049708,1626,8545,10%,42
T049709,1626,651,10%,42
T049719,1626,2444,10%,42
T049722,1626,3648,10%,42
T049741,1626,7167,10%,42
T049744,1626,244,10%,42
T049752,3143,480,10%,42
T049775,3143,603,10%,42
T049777,3143,6088,10%,42
T049779,3143,2522,10%,42
T049782,3143,1048,10%,42
T049785,3143,3629,10%,42
T049788,3143,6274,10%,42
T049791,3143,449,10%,42
T049793,3143,6791,10%,42
T049794,3143,5887,10%,42
T049799,3143,377,10%,42
T049816,3457,4263,10%,42
T049829,3457,8783,10%,42
T049848,3457,3230,10%,42
T049851,4689,1501,10%,42
T049853,4689,1058,10%,42
T049862,4689,8663,10%,42
T049872,4689,3343,10%,42
T049879,4689,2575,10%,42
T049896,4689,9084,10%,42
T049898,4689,975,10%,42
T049911,6195,615,10%,42
T049921,6195,1931,10%,42
T049930,6195,8022,10%,42
T049936,6195,1089,10%,42
T049942,6195,6265,10%,42
T049946,6195,8241,10%,42
T049951,6261,6887,10%,42
T049952,6261,747,10%,42
T049953,6261,4215,10%,42
T049954,6261,5345,10%,42
T049959,6261,5610,10%,42
T049963,6261,284,10%,42
T049977,6261,947,10%,42
T049994,6261,342,10%,42
T050009,7615,6232,10%,42
T050010,7615,8705,10%,42
T050019,7615,1143,10%,42
T050026,7615,10067,10%,42
T050032,7615,7144,10%,42
T050037,7615,6408,10%,42
T050040,7615,4982,10%,42
T050070,8470,2851,10%,42
T050071,8470,117,10%,42
T050085,8470,1216,10%,42
T050104,8861,4272,10%,42
T050112,8861,2346,10%,42
T050113,8861,1223,10%,42
T050115,8861,868,10%,42
T050152,8922,7803,10%,42
T050155,8922,5452,10%,42
T050157,8922,159,10%,42
T050159,8922,800,10%,42
T050163,8922,764,10%,42
T050166,8922,6128,10%,42
T050169,8922,7887,10%,42
T050174,8922,4183,10%,42
T050179,8922,7529,10%,42
T050184,8922,1194,10%,42
T050195,8922,2916,10%,42
T050196,8922,4670,10%,42
T050200,351,6357,10%,42
T050217,351,6433,10%,42
T050224,351,200,10%,42
T050240,351,432,10%,42
T050242,351,3767,10%,42
T050250,480,6830,10%,42
T050258,480,9229,10%,42
T050269,480,1866,10%,42
T050271,480,6237,10%,42
T050272,480,5671,10%,42
T050279,480,2264,10%,42
T050304,596,4040,10%,42
T050309,596,2882,10%,42
T050312,596,4620,10%,42
T050322,596,342,10%,42
T050331,596,6756,10%,42
T050364,2385,7706,10%,42
T050370,2385,3003,10%,42
T050372,2385,9719,10%,42
T050379,2385,6394,10%,42
T050410,2484,3361,10%,42
T050416,2484,9181,10%,42
T050417,2484,392,10%,42
T050427,2484,8258,10%,42
T050428,2484,1084,10%,42
T050434,2484,314,10%,42
T050439,2484,4861,10%,42
T050441,2484,2355,10%,42
T050466,3361,943,10%,42
T050473,3361,5385,10%,42
T050495,3361,8469,10%,42
T050499,3361,10535,10%,42
T050517,3743,9545,10%,42
T050533,3743,9936,10%,42
T050534,3743,2362,10%,42
T050550,3818,406,10%,42
T050567,3818,2078,10%,42
T050575,3818,891,10%,42
T050576,3818,7127,10%,42
T050583,3818,4121,10%,42
T050588,3818,4838,10%,42
T050590,3818,3725,10%,42
T050591,3818,83,10%,42
T050610,4294,2,10%,42
T050611,4294,155,10%,42
T050617,4294,1292,10%,42
T050622,4294,2013,10%,42
T050624,4294,6698,10%,42
T050645,4294,2815,10%,42
T050646,4294,2794,10%,42
T050657,4711,43,10%,42
T050659,4711,54,10%,42
T050660,4711,8241,10%,42
T050679,4711,3936,10%,42
T050706,5178,2166,10%,42
T050713,5178,671,10%,42
T050719,5178,14,10%,42
T050726,5178,4874,10%,42
T050740,5178,5009,10%,42
T050755,8480,6840,10%,42
T050766,8480,8867,10%,42
T050770,8480,32,10%,42
T050771,8480,1228,10%,42
T050788,8480,1053,10%,42
T050794,8480,1336,10%,42
T050796,8480,5364,10%,42
T050800,8871,4164,10%,42
T050819,8871,554,10%,42
T050843,8871,5067,10%,42
T050848,8871,936,10%,42
T050855,8943,4424,10%,42
T050858,8943,4622,10%,42
T050865,8943,4096,10%,42
T050866,8943,9082,10%,42
T050883,8943,3004,10%,42
T050909,9124,9941,10%,42
T050910,9124,7610,10%,42
T050914,9124,9610,10%,42
T050938,9124,9,10%,42
T050942,9124,7996,10%,42
T050956,9181,207,10%,42
T050972,9181,3729,10%,42
T050982,9181,4207,10%,42
T050988,9181,2676,10%,42
T051000,9638,9906,10%,42
T051007,9638,4212,10%,42
T051017,9638,3884,10%,42
T051021,9638,7894,10%,42
T051023,9638,217,10%,42
T051035,9638,290,10%,42
T051043,9638,6088,10%,42
T051052,462,8927,10%,42
T051056,462,90,10%,42
T051070,462,89,10%,42
T051074,462,637,10%,42
T051076,462,2866,10%,42
T051080,462,71,10%,42
T051090,462,3351,10%,42
T051116,632,6981,10%,42
T051134,632,2789,10%,42
T051150,921,1938,10%,42
T051154,921,7759,10%,42
T051155,921,854,10%,42
T051166,921,9441,10%,42
T051182,921,7818,10%,42
T051203,1031,4161,10%,42
T051204,1031,1336,10%,42
T051217,1031,9726,10%,42
T051222,1031,3678,10%,42
T051238,1031,6692,10%,42
T051260,1125,7049,10%,42
T051267,1125,7896,10%,42
T051268,1125,8883,10%,42
T051269,1125,847,10%,42
T051270,1125,683,10%,42
T051274,1125,7083,10%,42
T051277,1125,5793,10%,42
T051286,1125,6170,10%,42
T051293,1125,9118,10%,42
T051297,1125,1863,10%,42
T051312,1954,5775,10%,42
T051326,1954,1668,10%,42
T051329,1954,5811,10%,42
T051354,2567,5084,10%,42
T051358,2567,5713,10%,42
T051361,2567,1071,10%,42
T051367,2567,2189,10%,42
T051375,2567,32,10%,42
T051424,2897,8859,10%,42
T051437,2897,43,10%,42
T051451,3459,7449,10%,42
T051458,3459,4591,10%,42
T051485,3459,1953,10%,42
T051510,3645,1054,10%,42
T051511,3645,145,10%,42
T051513,3645,6791,10%,42
T051515,3645,2218,10%,42
T051539,3645,2346,10%,42
T051549,3645,1242,10%,42
T051550,3983,5563,10%,42
T051553,3983,1014,10%,42
T051555,3983,4376,10%,42
T051561,3983,6675,10%,42
T051568,3983,2444,10%,42
T051571,3983,1204,10%,42
T051572,3983,1056,10%,42
T051584,3983,227,10%,42
T051596,3983,647,10%,42
T051597,3983,9790,10%,42
T051631,4375,8175,10%,42
T051633,4375,4563,10%,42
T051635,4375,2697,10%,42
T051655,4523,1984,10%,42
T051675,4523,73,10%,42
T051683,4523,1125,10%,42
T051692,4523,7896,10%,42
T051709,5589,6674,10%,42
T051712,5589,7429,10%,42
T051726,5589,1200,10%,42
T051755,6198,4352,10%,42
T051761,6198,4790,10%,42
T051762,6198,4818,10%,42
T051764,6198,7606,10%,42
T051784,6198,284,10%,42
T051788,6198,209,10%,42
T051793,6198,7037,10%,42
T051796,6198,2433,10%,42
T051819,6509,245,10%,42
T051830,6509,4162,10%,42
T051835,6509,8258,10%,42
T051837,6509,8186,10%,42
T051839,6509,1372,10%,42
T051854,6675,1693,10%,42
T051859,6675,3983,10%,42
T051878,6675,4038,10%,42
T051883,6675,1466,10%,42
T051886,6675,7991,10%,42
T051889,6675,3498,10%,42
T051890,6675,1954,10%,42
T051895,6675,5235,10%,42
T051909,7316,7870,10%,42
T051933,7316,83,10%,42
T051934,7316,2244,10%,42
T051937,7316,4024,10%,42
T051959,7357,435,10%,42
T051977,7357,2479,10%,42
T051990,7357,2602,10%,42
T051994,7357,3066,10%,42
T052007,8687,567,10%,42
T052022,8687,4848,10%,42
T052041,8687,3610,10%,42
T052043,8687,7002,10%,42
T052045,8687,959,10%,42
T052056,1388,1268,10%,42
T052065,1388,3697,10%,42
T052072,1388,611,10%,42
T052083,1388,5814,10%,42
T052090,1388,4732,10%,42
T052091,1388,585,10%,42
T052097,1388,2182,10%,42
T052106,2362,5286,10%,42
T052114,2362,5392,10%,42
T052120,2362,1102,10%,42
T052122,2362,228,10%,42
T052141,2362,10120,10%,42
T052148,2362,9986,10%,42
T052152,3886,6125,10%,42
T052157,3886,10359,10%,42
T052184,3886,5736,10%,42
T052191,3886,3118,10%,42
T052196,3886,6904,10%,42
T052206,4325,577,10%,42
T052213,4325,7375,10%,42
T052217,4325,941,10%,42
T052224,4325,280,10%,42
T052239,4325,2013,10%,42
T052259,4856,921,10%,42
T052263,4856,5937,10%,42
T052292,4856,581,10%,42
T052303,5053,1071,10%,42
T052309,5053,1245,10%,42
T052312,5053,6873,10%,42
T052333,5053,3296,10%,42
T052334,5053,3118,10%,42
T052349,5053,7489,10%,42
T052350,6115,718,10%,42
T052366,6115,1603,10%,42
T052381,6115,3134,10%,42
T052383,6115,8927,10%,42
T052393,6115,3314,10%,42
T052401,6125,7031,10%,42
T052404,6125,872,10%,42
T052413,6125,5957,10%,42
T052422,6125,8063,10%,42
T052423,6125,4043,10%,42
T052424,6125,1398,10%,42
T052427,6125,2770,10%,42
T052430,6125,733,10%,42
T052433,6125,8127,10%,42
T052442,6125,596,10%,42
T052453,6213,6664,10%,42
T052482,6213,9906,10%,42
T052513,7115,2881,10%,42
T052531,7115,1222,10%,42
T052552,7976,1089,10%,42
T052577,7976,81,10%,42
T052578,7976,4939,10%,42
T052581,7976,5657,10%,42
T052601,8111,10101,10%,42
T052610,8111,7976,10%,42
T052617,8111,2938,10%,42
T052621,8111,4563,10%,42
T052626,8111,8355,10%,42
T052644,8111,3159,10%,42
T052649,8111,3004,10%,42
T052652,8444,1126,10%,42
T052661,8444,6406,10%,42
T052662,8444,355,10%,42
T052672,8444,1375,10%,42
T052688,8444,235,10%,42
T052711,9764,5547,10%,42
T052715,9764,609,10%,42
T052717,9764,4508,10%,42
T052720,9764,8664,10%,42
T052737,9764,1758,10%,42
T052742,9764,2818,10%,42
T052757,9790,9940,10%,42
T052780,9790,9189,10%,42
T052804,9936,1538,10%,42
T052825,9936,5656,10%,42
T052838,9936,6081,10%,42
T052848,9936,467,10%,42
T052849,9936,601,10%,42
T052858,10030,3746,10%,42
T052872,10030,6483,10%,42
T052874,10030,8480,10%,42
T052877,10030,926,10%,42
T052880,10030,178,10%,42
T052903,10233,6409,10%,42
T052908,10233,5968,10%,42
T052910,10233,8313,10%,42
T052934,10233,7818,10%,42
T052949,10233,5839,10%,42
T053001,350,1132,10%,42
T053002,350,4890,10%,42
T053044,350,2882,10%,42
T053056,615,1194,10%,42
T053086,615,8373,10%,42
T053090,615,6889,10%,42
T053118,721,7269,10%,42
T053128,721,7890,10%,42
T053134,721,4622,10%,42
T053153,1310,8791,10%,42
T053161,1310,3719,10%,42
T053162,1310,1240,10%,42
T053173,1310,8470,10%,42
T053183,1310,6723,10%,42
T053195,1310,5627,10%,42
T053198,1310,4272,10%,42
T053199,1310,46,10%,42
T053207,2674,5446,10%,42
T053249,2674,531,10%,42
T053259,2935,277,10%,42
T053262,2935,3982,10%,42
T053265,2935,8206,10%,42
T053273,2935,1337,10%,42
T053274,2935,186,10%,42
T053277,2935,3787,10%,42
T053280,2935,3421,10%,42
T053290,2935,1822,10%,42
T053297,2935,5955,10%,42
T053299,2935,2264,10%,42
T053302,3232,174,10%,42
T053311,3232,5235,10%,42
T053328,3232,9836,10%,42
T053331,3232,581,10%,42
T053357,3331,9733,10%,42
T053368,3331,6743,10%,42
T053370,3331,3421,10%,42
T053374,3331,118,10%,42
T053396,3331,1241,10%,42
T053401,5170,2484,10%,42
T053444,5170,5091,10%,42
T053474,6669,2434,10%,42
T053482,6669,4621,10%,42
T053485,6669,2674,10%,42
T053507,7119,2485,10%,42
T053509,7119,3941,10%,42
T053516,7119,1994,10%,42
T053520,7119,4033,10%,42
T053527,7119,2591,10%,42
T053528,7119,10535,10%,42
T053529,7119,9719,10%,42
T053534,7119,4248,10%,42
T053535,7119,1330,10%,42
T053573,8266,649,10%,42
T053579,8266,5786,10%,42
T053599,8266,2243,10%,42
T053610,8531,3004,10%,42
T053614,8531,228,10%,42
T053624,8531,1012,10%,42
T053630,8531,1588,10%,42
T053634,8531,7995,10%,42
T053644,8531,539,10%,42
T053654,8612,2075,10%,42
T053664,8612,598,10%,42
T053670,8612,5385,10%,42
T053671,8612,3296,10%,42
T053674,8612,8476,10%,42
T053682,8612,1764,10%,42
T053691,8612,5494,10%,42
T053698,8612,3879,10%,42
T053704,8617,263,10%,42
T053711,8617,2131,10%,42
T053715,8617,6213,10%,42
T053724,8617,9272,10%,42
T053746,8617,2004,10%,42
T053752,8642,8373,10%,42
T053763,8642,659,10%,42
T053779,8642,8146,10%,42
T053812,8705,6092,10%,42
T053813,8705,917,10%,42
T053827,8705,27,10%,42
T053831,8705,3786,10%,42
T053835,8705,9175,10%,42
T053844,8705,279,10%,42
T053870,9542,4503,10%,42
T053875,9542,7372,10%,42
T053883,9542,8234,10%,42
T053891,9542,1866,10%,42
T053899,9542,2787,10%,42
T053905,9617,3052,10%,42
T053912,9617,2738,10%,42
T053947,9617,2154,10%,42
T053950,9808,81,10%,42
T053957,9808,6602,10%,42
T053966,9808,2656,10%,42
T053973,9808,4920,10%,42
T053984,9808,5191,10%,42
T054041,158,8705,10%,42
T054044,158,84,10%,42
T054072,1106,4306,10%,42
T054080,1106,315,10%,42
T054082,1106,615,10%,42
T054114,1228,8380,10%,42
T054126,1228,7706,10%,42
T054127,1228,5990,10%,42
T054148,1228,229,10%,42
T054164,1330,6263,10%,42
T054169,1330,8613,10%,42
T054171,1330,2629,10%,42
T054172,1330,10145,10%,42
T054176,1330,6821,10%,42
T054178,1330,7606,10%,42
T054180,1330,6485,10%,42
T054183,1330,1175,10%,42
T054197,1330,9377,10%,42
T054206,1658,5968,10%,42
T054216,1658,841,10%,42
T054225,1658,10080,10%,42
T054237,1658,10359,10%,42
T054260,1829,8739,10%,42
T054270,1829,4161,10%,42
T054272,1829,5592,10%,42
T054273,1829,1422,10%,42
T054274,1829,1008,10%,42
T054286,1829,159,10%,42
T054291,1829,8767,10%,42
T054292,1829,10343,10%,42
T054296,1829,3863,10%,42
T054319,2040,7593,10%,42
T054322,2040,5843,10%,42
T054323,2040,4072,10%,42
T054330,2040,6263,10%,42
T054364,2293,3586,10%,42
T054367,2293,10195,10%,42
T054387,2293,2013,10%,42
T054393,2293,1313,10%,42
T054394,2293,3583,10%,42
T054398,2293,4151,10%,42
T054402,2314,1362,10%,42
T054405,2314,3090,10%,42
T054416,2314,5416,10%,42
T054417,2314,3719,10%,42
T054465,2337,5812,10%,42
T054473,2337,2385,10%,42
T054496,2337,3971,10%,42
T054502,2472,2034,10%,42
T054506,2472,6663,10%,42
T054511,2472,6265,10%,42
T054520,2472,3597,10%,42
T054529,2472,774,10%,42
T054560,3169,319,10%,42
T054568,3169,2012,10%,42
T054571,3169,818,10%,42
T054577,3169,862,10%,42
T054581,3169,936,10%,42
T054583,3169,117,10%,42
T054588,3169,6063,10%,42
T054591,3169,8088,10%,42
T054598,3169,2591,10%,42
T054606,3467,393,10%,42
T054615,3467,1062,10%,42
T054616,3467,9345,10%,42
T054621,3467,1226,10%,42
T054639,3467,2734,10%,42
T054643,3467,2729,10%,42
T054651,3833,2710,10%,42
T054664,3833,412,10%,42
T054675,3833,1439,10%,42
T054677,3833,7402,10%,42
T054680,3833,8071,10%,42
T054693,3833,1664,10%,42
T054695,3833,4497,10%,42
T054697,3833,611,10%,42
T054702,4263,4603,10%,42
T054707,4263,683,10%,42
T054720,4263,233,10%,42
T054727,4263,1330,10%,42
T054737,4263,4238,10%,42
T054752,4838,2439,10%,42
T054762,4838,2645,10%,42
T054769,4838,4818,10%,42
T054772,4838,1499,10%,42
T054779,4838,5444,10%,42
T054793,4838,206,10%,42
T054804,5364,3214,10%,42
T054807,5364,2083,10%,42
T054831,5364,8496,10%,42
T054840,5364,9808,10%,42
T054846,5364,244,10%,42
T054855,6409,6299,10%,42
T054859,6409,1798,10%,42
T054863,6409,9064,10%,42
T054867,6409,7372,10%,42
T054872,6409,1704,10%,42
T054879,6409,9790,10%,42
T054885,6409,1174,10%,42
T054923,6621,6014,10%,42
T054925,6621,2385,10%,42
T054927,6621,2319,10%,42
T054935,6621,305,10%,42
T054939,6621,3597,10%,42
T054940,6621,10261,10%,42
T054943,6621,5970,10%,42
T054947,6621,4862,10%,42
T054951,7116,9797,10%,42
T054965,7116,6097,10%,42
T054976,7116,1466,10%,42
T054978,7116,1292,10%,42
T054990,7116,2749,10%,42
T055005,7199,4487,10%,42
T055016,7199,9486,10%,42
T055022,7199,6088,10%,42
T055043,7199,6864,10%,42
T055046,7199,191,10%,42
T055059,7372,2875,10%,42
T055060,7372,295,10%,42
T055069,7372,973,10%,42
T055075,7372,5927,10%,42
T055085,7372,4800,10%,42
T055087,7372,2751,10%,42
T055088,7372,6396,10%,42
T055100,7537,1122,10%,42
T055101,7537,787,10%,42
T055130,7537,923,10%,42
T055133,7537,7030,10%,42
T055139,7537,4920,10%,42
T055162,8571,253,10%,42
T055175,8571,6909,10%,42
T055177,8571,3570,10%,42
T055190,8571,819,10%,42
T055211,8751,2700,10%,42
T055240,8751,3871,10%,42
T055246,8751,7811,10%,42
T055253,8882,996,10%,42
T055258,8882,8207,10%,42
T055260,8882,476,10%,42
T055263,8882,132,10%,42
T055269,8882,9524,10%,42
T055294,8882,435,10%,42
T055298,8882,448,10%,42
T055317,8927,8295,10%,42
T055335,8927,2308,10%,42
T055337,8927,2804,10%,42
T055352,9650,4844,10%,42
T055358,9650,6485,10%,42
T055361,9650,869,10%,42
T055374,9650,2404,10%,42
T055383,9650,1150,10%,42
T055388,9650,6682,10%,42
T055424,108,943,10%,42
T055428,108,3159,10%,42
T055431,108,392,10%,42
T055461,207,4769,10%,42
T055464,207,1321,10%,42
T055479,207,1133,10%,42
T055487,207,5190,10%,42
T055498,207,1084,10%,42
T055508,211,671,10%,42
T055514,211,3114,10%,42
T055528,211,3230,10%,42
T055533,211,2331,10%,42
T055537,211,589,10%,42
T055562,606,3774,10%,42
T055564,606,6014,10%,42
T055566,606,10148,10%,42
T055568,606,1017,10%,42
T055600,672,4098,10%,42
T055602,672,3117,10%,42
T055630,672,8642,10%,42
T055640,672,1196,10%,42
T055646,672,987,10%,42
T055667,696,3645,10%,42
T055669,696,9544,10%,42
T055672,696,3470,10%,42
T055686,696,8050,10%,42
T055692,696,1244,10%,42
T055693,696,6306,10%,42
T055697,696,529,10%,42
T055709,1541,67,10%,42
T055725,1541,2362,10%,42
T055742,1541,3787,10%,42
T055750,1802,3886,10%,42
T055777,1802,54,10%,42
T055785,1802,6756,10%,42
T055793,1802,9236,10%,42
T055797,1802,1088,10%,42
T055820,2572,2661,10%,42
T055831,2572,7803,10%,42
T055860,2804,6441,10%,42
T055863,2804,4265,10%,42
T055866,2804,4761,10%,42
T055869,2804,7226,10%,42
T055873,2804,74,10%,42
T055880,2804,3822,10%,42
T055896,2804,7155,10%,42
T055899,2804,6904,10%,42
T055901,2815,7099,10%,42
T055905,2815,4303,10%,42
T055909,2815,10067,10%,42
T055932,2815,1504,10%,42
T055964,2984,2412,10%,42
T055978,2984,940,10%,42
T055980,2984,4221,10%,42
T055995,2984,8943,10%,42
T056043,3065,6621,10%,42
T056056,3117,1918,10%,42
T056070,3117,6682,10%,42
T056071,3117,3006,10%,42
T056079,3117,5148,10%,42
T056082,3117,226,10%,42
T056091,3117,9507,10%,42
T056099,3117,3143,10%,42
T056104,3496,8763,10%,42
T056113,3496,718,10%,42
T056114,3496,1062,10%,42
T056143,3496,95,10%,42
T056150,4204,392,10%,42
T056166,4204,5091,10%,42
T056207,4576,8234,10%,42
T056223,4576,3936,10%,42
T056243,4576,134,10%,42
T056251,5381,1117,10%,42
T056253,5381,444,10%,42
T056255,5381,238,10%,42
T056263,5381,169,10%,42
T056314,6263,4038,10%,42
T056322,6263,1094,10%,42
T056334,6263,1152,10%,42
T056346,6263,1342,10%,42
T056368,6688,4416,10%,42
T056374,6688,6889,10%,42
T056378,6688,3265,10%,42
T056403,7103,3516,10%,42
T056404,7103,117,10%,42
T056410,7103,3046,10%,42
T056416,7103,1136,10%,42
T056429,7103,3010,10%,42
T056439,7103,1685,10%,42
T056444,7103,4121,10%,42
T056452,7429,819,10%,42
T056456,7429,4409,10%,42
T056484,7429,2749,10%,42
T056485,7429,5833,10%,42
T056492,7429,10233,10%,42
T056500,7887,58,10%,42
T056502,7887,5273,10%,42
T056505,7887,6601,10%,42
T056522,7887,3024,10%,42
T056524,7887,4808,10%,42
T056545,7887,1207,10%,42
T056558,8304,4051,10%,42
T056564,8304,1398,10%,42
T056579,8304,6796,10%,42
T056597,8304,2393,10%,42
T056633,8982,6409,10%,42
T056649,8982,4981,10%,42
T056652,9119,9969,10%,42
T056661,9119,1130,10%,42
T056663,9119,6723,10%,42
T056679,9119,6128,10%,42
T056707,9738,10342,10%,42
T056710,9738,10065,10%,42
T056712,9738,7086,10%,42
T056717,9738,4152,10%,42
T056722,9738,5470,10%,42
T056730,9738,2725,10%,42
T056743,9738,2446,10%,42
T056749,9738,5582,10%,42
T056752,208,921,10%,42
T056758,208,2581,10%,42
T056760,208,8767,10%,42
T056779,208,7449,10%,42
T056788,208,3938,10%,42
T056793,208,6745,10%,42
T056811,264,6090,10%,42
T056819,264,7090,10%,42
T056821,264,9731,10%,42
T056837,264,4576,10%,42
T056841,264,596,10%,42
T056850,306,1019,10%,42
T056864,306,4306,10%,42
T056872,306,4982,10%,42
T056900,377,8882,10%,42
T056917,377,10350,10%,42
T056923,377,4444,10%,42
T056940,377,3645,10%,42
T056949,377,8313,10%,42
T056950,464,308,10%,42
T056959,464,519,10%,42
T056963,464,2554,10%,42
T056968,464,3718,10%,42
T057012,900,7684,10%,42
T057020,900,596,10%,42
T057026,900,5009,10%,42
T057043,900,185,10%,42
T057045,900,194,10%,42
T057046,900,6237,10%,42
T057049,900,637,10%,42
T057050,988,1102,10%,42
T057057,988,9486,10%,42
T057059,988,4190,10%,42
T057065,988,170,10%,42
T057074,988,8739,10%,42
T057082,988,6370,10%,42
T057084,988,3484,10%,42
T057087,988,6732,10%,42
T057088,988,8615,10%,42
T057096,988,528,10%,42
T057101,1049,5851,10%,42
T057109,1049,1321,10%,42
T057118,1049,1655,10%,42
T057122,1049,7268,10%,42
T057123,1049,173,10%,42
T057130,1049,8763,10%,42
T057131,1049,3056,10%,42
T057144,1049,1935,10%,42
T057182,1372,2544,10%,42
T057192,1372,1124,10%,42
T057200,1992,5225,10%,42
T057201,1992,2439,10%,42
T057203,1992,244,10%,42
T057231,1992,1174,10%,42
T057244,1992,532,10%,42
T057280,3265,2108,10%,42
T057305,3330,2941,10%,42
T057326,3330,5970,10%,42
T057334,3330,387,10%,42
T057337,3330,4730,10%,42
T057354,3610,2188,10%,42
T057365,3610,4294,10%,42
T057396,3610,4238,10%,42
T057403,4098,7818,10%,42
T057410,4098,3467,10%,42
T057412,4098,1848,10%,42
T057415,4098,1039,10%,42
T057440,4098,7449,10%,42
T057459,6324,3231,10%,42
T057471,6324,9533,10%,42
T057494,6324,974,10%,42
T057505,6406,3434,10%,42
T057510,6406,6891,10%,42
T057526,6406,6237,10%,42
T057527,6406,7242,10%,42
T057542,6406,4046,10%,42
T057546,6406,1047,10%,42
T057558,8381,33,10%,42
T057561,8381,7918,10%,42
T057596,8381,8392,10%,42
T057600,9292,4576,10%,42
T057608,9292,6499,10%,42
T057613,9292,6323,10%,42
T057632,9292,5107,10%,42
T057642,9292,196,10%,42
T057657,9987,158,10%,42
T057662,9987,1422,10%,42
T057688,9987,9401,10%,42
T057690,9987,1953,10%,42
T057695,9987,1136,10%,42
T057706,10206,1801,10%,42
T057729,10206,6301,10%,42
T057734,10206,3922,10%,42
T057762,65,872,10%,42
T057779,65,2331,10%,42
T057781,65,5067,10%,42
T057800,90,68,10%,42
T057811,90,175,10%,42
T057815,90,8687,10%,42
T057826,90,4682,10%,42
T057842,90,8416,10%,42
T057855,267,1468,10%,42
T057870,267,4139,10%,42
T057873,267,1241,10%,42
T057879,267,6439,10%,42
T057902,370,1132,10%,42
T057918,370,1179,10%,42
T057919,370,615,10%,42
T057943,370,2362,10%,42
T057954,371,8982,10%,42
T057959,371,2916,10%,42
T057960,371,3618,10%,42
T057961,371,2329,10%,42
T058007,567,7801,10%,42
T058017,567,9771,10%,42
T058023,567,1248,10%,42
T058044,567,4844,10%,42
T058050,1679,4771,10%,42
T058052,1679,7906,10%,42
T058056,1679,4161,10%,42
T058067,1679,2167,10%,42
T058106,2083,544,10%,42
T058113,2083,3143,10%,42
T058133,2083,4373,10%,42
T058134,2083,9708,10%,42
T058137,2083,881,10%,42
T058139,2083,3165,10%,42
T058146,2083,693,10%,42
T058147,2083,614,10%,42
T058149,2083,35,10%,42
T058164,2196,3439,10%,42
T058175,2196,1533,10%,42
T058197,2196,8883,10%,42
T058201,2613,5447,10%,42
T058209,2613,6754,10%,42
T058248,2613,6365,10%,42
T058254,2626,359,10%,42
T058257,2626,4649,10%,42
T058268,2626,6669,10%,42
T058275,2626,4011,10%,42
T058316,2794,3069,10%,42
T058327,2794,4604,10%,42
T058334,2794,7740,10%,42
T058336,2794,7392,10%,42
T058352,2906,5107,10%,42
T058356,2906,9020,10%,42
T058366,2906,2194,10%,42
T058378,2906,8111,10%,42
T058381,2906,19,10%,42
T058385,2906,9216,10%,42
T058388,2906,2204,10%,42
T058425,3103,9952,10%,42
T058432,3103,73,10%,42
T058435,3103,863,10%,42
T058438,3103,1657,10%,42
T058444,3103,3434,10%,42
T058458,4162,175,10%,42
T058481,4162,9193,10%,42
T058485,4162,6027,10%,42
T058507,4190,8063,10%,42
T058508,4190,3516,10%,42
T058510,4190,9235,10%,42
T058558,4420,6090,10%,42
T058568,4420,9519,10%,42
T058570,4420,7801,10%,42
T058577,4420,9216,10%,42
T058608,4432,1098,10%,42
T058611,4432,214,10%,42
T058647,4432,172,10%,42
T058660,4693,4401,10%,42
T058675,4693,100,10%,42
T058679,4693,2485,10%,42
T058684,4693,2572,10%,42
T058736,4732,6459,10%,42
T058742,4732,632,10%,42
T058751,4831,453,10%,42
T058754,4831,6669,10%,42
T058764,4831,6115,10%,42
T058775,4831,1080,10%,42
T058803,4939,138,10%,42
T058804,4939,342,10%,42
T058816,4939,6483,10%,42
T058832,4939,6374,10%,42
T058851,5026,8975,10%,42
T058860,5026,2499,10%,42
T058878,5026,7103,10%,42
T058884,5026,469,10%,42
T058901,5132,4187,10%,42
T058908,5132,338,10%,42
T058924,5132,1994,10%,42
T058926,5132,539,10%,42
T058935,5132,2192,10%,42
T058940,5132,10206,10%,42
T058946,5132,1036,10%,42
T058948,5132,9852,10%,42
T058960,6394,5811,10%,42
T058974,6394,2618,10%,42
T058997,6394,3719,10%,42
T059006,7665,6213,10%,42
T059040,7665,2337,10%,42
T059056,7811,2271,10%,42
T059058,7811,3676,10%,42
T059082,7811,5094,10%,42
T059087,7811,4432,10%,42
T059091,7811,1053,10%,42
T059111,7845,2136,10%,42
T059148,7845,6726,10%,42
T059152,8732,87,10%,42
T059157,8732,9175,10%,42
T059171,8732,2804,10%,42
T059172,8732,2131,10%,42
T059174,8732,5326,10%,42
T059176,8732,5851,10%,42
T059178,8732,974,10%,42
T059192,8732,536,10%,42
T059196,8732,2584,10%,42
T059203,9724,1668,10%,42
T059216,9724,5409,10%,42
T059221,9724,6439,10%,42
T059230,9724,8814,10%,42
T059233,9724,2108,10%,42
T059241,9724,8612,10%,42
T059244,9724,923,10%,42
T059248,9724,120,10%,42
T059249,9724,7119,10%,42
T059250,9906,2740,10%,42
T059254,9906,1994,10%,42
T059262,9906,8388,10%,42
T059266,9906,1014,10%,42
T059274,9906,8866,10%,42
T059290,9906,5132,10%,42
T059303,10120,5744,10%,42
T059327,10120,974,10%,42
T059343,10120,3725,10%,42
T059365,233,1330,10%,42
T059377,233,8389,10%,42
T059397,233,5953,10%,42
T059415,275,2390,10%,42
T059420,275,7119,10%,42
T059427,275,7489,10%,42
T059436,275,1669,10%,42
T059446,275,411,10%,42
T059458,683,5317,10%,42
T059464,683,1042,10%,42
T059485,683,1090,10%,42
T059487,683,1895,10%,42
T059490,683,1490,10%,42
T059497,683,1572,10%,42
T059501,1243,355,10%,42
T059532,1243,2274,10%,42
T059538,1243,1379,10%,42
T059539,1243,1631,10%,42
T059584,1306,4621,10%,42
T059592,1306,7870,10%,42
T059599,1306,1211,10%,42
T059630,1685,6332,10%,42
T059639,1685,855,10%,42
T059654,2949,332,10%,42
T059665,2949,6983,10%,42
T059675,2949,211,10%,42
T059686,2949,3024,10%,42
T059688,2949,2486,10%,42
T059689,2949,9084,10%,42
T059704,3343,5120,10%,42
T059734,3343,8047,10%,42
T059743,3343,4591,10%,42
T059754,3746,476,10%,42
T059776,3746,2882,10%,42
T059782,3746,8737,10%,42
T059786,3746,3430,10%,42
T059799,3746,1090,10%,42
T059804,4585,7422,10%,42
T059806,4585,2926,10%,42
T059811,4585,186,10%,42
T059829,4585,6815,10%,42
T059830,4585,397,10%,42
T059844,4585,988,10%,42
T059850,6361,4469,10%,42
T059853,6361,4111,10%,42
T059855,6361,3708,10%,42
T059858,6361,3410,10%,42
T059872,6361,3259,10%,42
T059882,6361,3208,10%,42
T059886,6361,1692,10%,42
T059895,6361,9708,10%,42
T059932,6407,231,10%,42
T059935,6407,2072,10%,42
T059938,6407,1007,10%,42
T059960,6851,226,10%,42
T059969,6851,7601,10%,42
T059975,6851,7144,10%,42
T059980,6851,5495,10%,42
T059986,6851,3728,10%,42
T060020,6981,3938,10%,42
T060050,7706,2218,10%,42
T060056,7706,1265,10%,42
T060065,7706,9034,10%,42
T060067,7706,6811,10%,42
T060073,7706,3095,10%,42
T060088,7706,7792,10%,42
T060118,9084,9726,10%,42
T060130,9084,880,10%,42
T060132,9084,492,10%,42
T060138,9084,386,10%,42
T060141,9084,32,10%,42
T060164,9106,386,10%,42
T060166,9106,9512,10%,42
T060176,9106,5237,10%,42
T060186,9106,88,10%,42
T060190,9106,5364,10%,42
T060198,9106,1692,10%,42
T060236,9325,3366,10%,42
T060242,9325,4187,10%,42
T060262,9850,4693,10%,42
T060264,9850,3639,10%,42
T060268,9850,610,10%,42
T060270,9850,6458,10%,42
T060281,9850,8266,10%,42
T060310,9952,3456,10%,42
T060313,9952,4100,10%,42
T060318,9952,5706,10%,42
T060322,9952,4325,10%,42
T060345,9952,3687,10%,42
T060352,10325,477,10%,42
T060364,10325,8312,10%,42
T060390,10325,7316,10%,42
T060425,171,3361,10%,42
T060426,171,610,10%,42
T060427,171,6170,10%,42
T060428,171,6796,10%,42
T060441,171,7976,10%,42
T060448,171,4142,10%,42
T060453,332,2609,10%,42
T060478,332,132,10%,42
T060506,577,35,10%,42
T060507,577,4248,10%,42
T060522,577,360,10%,42
T060530,577,3421,10%,42
T060544,577,177,10%,42
T060557,1494,5273,10%,42
T060573,1494,2314,10%,42
T060603,1552,7951,10%,42
T060605,1552,3052,10%,42
T060608,1552,5075,10%,42
T060612,1552,4285,10%,42
T060632,1552,34,10%,42
T060647,1552,6306,10%,42
T060657,1791,1811,10%,42
T060664,1791,7269,10%,42
T060667,1791,9119,10%,42
T060681,1791,1022,10%,42
T060703,3256,315,10%,42
T060709,3256,4700,10%,42
T060713,3256,10325,10%,42
T060723,3256,1236,10%,42
T060752,3554,409,10%,42
T060753,3554,243,10%,42
T060780,3554,372,10%,42
T060786,3554,199,10%,42
T060795,3554,332,10%,42
T060796,3554,9258,10%,42
T060797,3554,4866,10%,42
T060799,3554,1524,10%,42
T060824,4145,118,10%,42
T060826,4145,9204,10%,42
T060852,4329,5991,10%,42
T060865,4329,3554,10%,42
T060870,4329,3729,10%,42
T060874,4329,5529,10%,42
T060880,4329,7090,10%,42
T060884,4329,4238,10%,42
T060887,4329,760,10%,42
T060889,4329,5993,10%,42
T060898,4329,6605,10%,42
T060913,4769,952,10%,42
T060924,4769,3,10%,42
T060931,4769,1626,10%,42
T060949,4769,8088,10%,42
T060951,5091,3630,10%,42
T060956,5091,7489,10%,42
T060959,5091,26,10%,42
T060969,5091,509,10%,42
T060980,5091,9542,10%,42
T060985,5091,6109,10%,42
T061005,5298,5958,10%,42
T061007,5298,1104,10%,42
T061019,5298,2715,10%,42
T061026,5298,3106,10%,42
T061034,5298,903,10%,42
T061035,5298,5926,10%,42
T061039,5298,165,10%,42
T061055,5317,3928,10%,42
T061092,5317,5084,10%,42
T061115,5531,1863,10%,42
T061129,5531,8480,10%,42
T061136,5531,130,10%,42
T061150,5587,2423,10%,42
T061155,5587,387,10%,42
T061173,5587,4848,10%,42
T061185,5587,5125,10%,42
T061223,5851,1867,10%,42
T061225,5851,2965,10%,42
T061227,5851,3410,10%,42
T061243,5851,2012,10%,42
T061255,5967,249,10%,42
T061269,5967,3761,10%,42
T061271,5967,6621,10%,42
T061279,5967,4054,10%,42
T061280,5967,2434,10%,42
T061300,6815,8304,10%,42
T061307,6815,5963,10%,42
T061313,6815,3158,10%,42
T061317,6815,5452,10%,42
T061328,6815,3134,10%,42
T061334,6815,1058,10%,42
T061353,7472,6602,10%,42
T061356,7472,3971,10%,42
T061364,7472,5991,10%,42
T061370,7472,6821,10%,42
T061390,7472,6954,10%,42
T061421,9719,2385,10%,42
T061425,9719,8746,10%,42
T061458,9792,3954,10%,42
T061467,9792,4263,10%,42
T061477,9792,1299,10%,42
T061489,9792,6520,10%,42
T061493,9792,6396,10%,42
T061513,167,4292,10%,42
T061517,167,891,10%,42
T061542,167,3314,10%,42
T061574,448,1829,10%,42
T061576,448,8791,10%,42
T061583,448,9189,10%,42
T061598,448,3065,10%,42
T061600,1755,3687,10%,42
T061601,1755,448,10%,42
T061603,1755,49,10%,42
T061613,1755,10067,10%,42
T061627,1755,10293,10%,42
T061631,1755,3674,10%,42
T061636,1755,1985,10%,42
T061638,1755,573,10%,42
T061647,1755,2346,10%,42
T061672,1896,7996,10%,42
T061681,1896,2789,10%,42
T061692,1896,9790,10%,42
T061696,1896,9082,10%,42
T061698,1896,6370,10%,42
T061709,2510,4347,10%,42
T061711,2510,243,10%,42
T061713,2510,295,10%,42
T061721,2510,8926,10%,42
T061728,2510,9987,10%,42
T061753,4004,4816,10%,42
T061757,4004,10206,10%,42
T061801,4272,342,10%,42
T061818,4272,3330,10%,42
T061834,4272,261,10%,42
T061835,4272,6196,10%,42
T061844,4272,69,10%,42
T061855,4306,4144,10%,42
T061867,4306,1050,10%,42
T061878,4306,5953,10%,42
T061879,4306,5053,10%,42
T061883,4306,6059,10%,42
T061892,4306,7018,10%,42
T061923,5067,1891,10%,42
T061958,5286,6954,10%,42
T061961,5286,9118,10%,42
T061995,5286,7464,10%,42
T061997,5286,413,10%,42
T061998,5286,391,10%,42
T061999,5286,9323,10%,42
T062009,6622,155,10%,42
T062011,6622,4352,10%,42
T062021,6622,7422,10%,42
T062030,6622,1092,10%,42
T062036,6622,226,10%,42
T062042,6622,9323,10%,42
T062061,7375,1080,10%,42
T062081,7375,1669,10%,42
T062097,7375,6439,10%,42
T062105,7422,1129,10%,42
T062111,7422,8,10%,42
T062122,7422,6733,10%,42
T062123,7422,5345,10%,42
T062137,7422,3788,10%,42
T062141,7422,4670,10%,42
T062149,7422,4866,10%,42
T062151,7672,3749,10%,42
T062155,7672,1388,10%,42
T062167,7672,9189,10%,42
T062171,7672,565,10%,42
T062173,7672,4303,10%,42
T062199,7672,4150,10%,42
T062200,7977,7212,10%,42
T062204,7977,5292,10%,42
T062208,7977,1132,10%,42
T062218,7977,2300,10%,42
T062220,7977,1501,10%,42
T062239,7977,578,10%,42
T062249,7977,3611,10%,42
T062253,8532,7849,10%,42
T062255,8532,191,10%,42
T062263,8532,1866,10%,42
T062270,8532,322,10%,42
T062289,8532,7357,10%,42
T062299,8532,5385,10%,42
T062300,9844,6981,10%,42
T062310,9844,3356,10%,42
T062314,9844,5197,10%,42
T062317,9844,2549,10%,42
T062326,9844,1954,10%,42
T062329,9844,10177,10%,42
T062331,9844,4620,10%,42
T062333,9844,169,10%,42
T062342,9844,5028,10%,42
T062372,449,8687,10%,42
T062381,449,2964,10%,42
T062392,449,3003,10%,42
T062413,589,8573,10%,42
T062416,589,147,10%,42
T062421,589,5267,10%,42
T062429,589,9119,10%,42
T062441,589,9719,10%,42
T062451,607,2308,10%,42
T062456,607,8298,10%,42
T062462,607,10535,10%,42
T062472,607,5725,10%,42
T062478,607,1838,10%,42
T062480,607,2136,10%,42
T062491,607,541,10%,42
T062500,2072,4152,10%,42
T062504,2072,2188,10%,42
T062510,2072,3901,10%,42
T062515,2072,1370,10%,42
T062517,2072,190,10%,42
T062519,2072,4489,10%,42
T062528,2072,5761,10%,42
T062540,2072,5814,10%,42
T062562,2473,6519,10%,42
T062571,2473,5957,10%,42
T062592,2473,518,10%,42
T062600,3351,1501,10%,42
T062618,3351,2615,10%,42
T062619,3351,211,10%,42
T062641,3351,5627,10%,42
T062643,3351,7088,10%,42
T062645,3351,2499,10%,42
T062657,3450,7849,10%,42
T062660,3450,944,10%,42
T062701,4503,9236,10%,42
T062722,4503,85,10%,42
T062724,4503,2412,10%,42
T062763,5271,8388,10%,42
T062773,5271,3003,10%,42
T062788,5271,4838,10%,42
T062794,5271,7002,10%,42
T062812,5315,3721,10%,42
T062827,5315,6393,10%,42
T062828,5315,2731,10%,42
T062841,5315,6394,10%,42
T062874,5438,6962,10%,42
T062876,5438,10060,10%,42
T062879,5438,3895,10%,42
T062880,5438,6097,10%,42
T062882,5438,5500,10%,42
T062895,5438,6934,10%,42
T062896,5438,198,10%,42
T062909,5726,6092,10%,42
T062928,5726,4444,10%,42
T062939,5726,4314,10%,42
T062943,5726,4051,10%,42
T062961,6027,9181,10%,42
T062962,6027,995,10%,42
T062991,6027,129,10%,42
T062998,6027,9087,10%,42
T063002,6685,1299,10%,42
T063011,6685,8654,10%,42
T063035,6685,5882,10%,42
T063046,6685,3718,10%,42
T063048,6685,6499,10%,42
T063057,8346,6488,10%,42
T063062,8346,7299,10%,42
T063068,8346,6602,10%,42
T063083,8346,4978,10%,42
T063087,8346,1685,10%,42
T063088,8346,5879,10%,42
T063101,9997,5015,10%,42
T063107,9997,6732,10%,42
T063109,9997,8469,10%,42
T063113,9997,8982,10%,42
T063117,9997,1769,10%,42
T063144,9997,3106,10%,42
T063148,9997,493,10%,42
T063151,387,7977,10%,42
T063163,387,6833,10%,42
T063172,387,598,10%,42
T063179,387,209,10%,42
T063214,733,772,10%,42
T063229,733,3518,10%,42
T063245,733,1718,10%,42
T063264,1177,8203,10%,42
T063268,1177,4691,10%,42
T063277,1177,6195,10%,42
T063283,1177,5061,10%,42
T063299,1177,900,10%,42
T063304,1184,249,10%,42
T063306,1184,4486,10%,42
T063311,1184,8469,10%,42
T063315,1184,4352,10%,42
T063350,1196,654,10%,42
T063352,1196,5556,10%,42
T063361,1196,3143,10%,42
T063364,1196,5786,10%,42
T063396,1196,5286,10%,42
T063404,2346,211,10%,42
T063405,2346,311,10%,42
T063432,2346,1265,10%,42
T063439,2346,956,10%,42
T063453,2548,690,10%,42
T063455,2548,9441,10%,42
T063458,2548,1241,10%,42
T063478,2548,4387,10%,42
T063493,2548,2212,10%,42
T063495,2548,147,10%,42
T063522,3966,2591,10%,42
T063539,3966,7042,10%,42
T063575,4704,808,10%,42
T063597,4704,2751,10%,42
T063611,4958,5671,10%,42
T063630,4958,3705,10%,42
T063633,4958,5843,10%,42
T063648,4958,855,10%,42
T063651,5312,4040,10%,42
T063661,5312,5944,10%,42
T063671,5312,9193,10%,42
T063695,5312,854,10%,42
T063712,5627,8545,10%,42
T063716,5627,2867,10%,42
T063729,5627,2613,10%,42
T063731,5627,5582,10%,42
T063739,5627,5416,10%,42
T063742,5627,308,10%,42
T063743,5627,2108,10%,42
T063751,8613,959,10%,42
T063767,8613,9235,10%,42
T063789,8613,5197,10%,42
T063800,9441,152,10%,42
T063818,9441,3153,10%,42
T063831,9441,3870,10%,42
T063856,9519,2575,10%,42
T063858,9519,8700,10%,42
T063862,9519,497,10%,42
T063872,9519,869,10%,42
T063873,9519,1785,10%,42
T063888,9519,196,10%,42
T063895,9519,3570,10%,42
T063900,397,7672,10%,42
T063907,397,2600,10%,42
T063909,397,195,10%,42
T063918,397,4978,10%,42
T063934,397,6954,10%,42
T063951,760,4290,10%,42
T063956,760,2677,10%,42
T063971,760,5510,10%,42
T063976,760,3818,10%,42
T063987,760,7119,10%,42
T063996,760,3606,10%,42
T063998,760,5190,10%,42
T063999,760,105,10%,42
T064021,3088,3520,10%,42
T064033,3088,4190,10%,42
T064061,3306,9617,10%,42
T064084,3306,421,10%,42
T064091,3306,173,10%,42
T064095,3306,8114,10%,42
T064096,3306,3456,10%,42
T064119,3314,4043,10%,42
T064120,3314,1370,10%,42
T064132,3314,1244,10%,42
T064154,3725,6393,10%,42
T064180,3725,1658,10%,42
T064192,3725,8882,10%,42
T064215,4033,5495,10%,42
T064229,4033,659,10%,42
T064236,4033,90,10%,42
T064246,4033,996,10%,42
T064262,4103,3065,10%,42
T064265,4103,38,10%,42
T064272,4103,30,10%,42
T064279,4103,6094,10%,42
T064287,4103,89,10%,42
T064293,4103,2138,10%,42
T064299,4103,2842,10%,42
T064303,4144,3715,10%,42
T064311,4144,3348,10%,42
T064317,4144,901,10%,42
T064319,4144,7976,10%,42
T064326,4144,1523,10%,42
T064340,4144,3464,10%,42
T064362,4152,3306,10%,42
T064375,4152,986,10%,42
T064376,4152,3398,10%,42
T064391,4152,8943,10%,42
T064420,4808,2004,10%,42
T064429,4808,66,10%,42
T064431,4808,1829,10%,42
T064445,4808,1126,10%,42
T064450,5833,5882,10%,42
T064455,5833,9181,10%,42
T064457,5833,2485,10%,42
T064478,5833,6733,10%,42
T064512,6396,372,10%,42
T064522,6396,4424,10%,42
T064547,6396,2362,10%,42
T064558,7037,3016,10%,42
T064563,7037,4183,10%,42
T064567,7037,6224,10%,42
T064570,7037,1649,10%,42
T064572,7037,10065,10%,42
T064580,7037,4401,10%,42
T064584,7037,4682,10%,42
T064595,7037,2676,10%,42
T064601,7162,1159,10%,42
T064619,7162,2040,10%,42
T064623,7162,1159,10%,42
T064633,7162,867,10%,42
T064641,7162,10071,10%,42
T064664,8469,1093,10%,42
T064670,8469,10122,10%,42
T064686,8469,61,10%,42
T064687,8469,7976,10%,42
T064693,8469,8175,10%,42
T064717,9087,5495,10%,42
T064728,9087,7128,10%,42
T064735,9087,4072,10%,42
T064743,9087,232,10%,42
T064745,9087,9118,10%,42
T064755,10333,4762,10%,42
T064765,10333,6664,10%,42
T064772,10333,6638,10%,42
T064777,10333,159,10%,42
T064780,10333,1888,10%,42
T064782,10333,1938,10%,42
T064796,10333,5326,10%,42
T064802,10350,3983,10%,42
T064805,10350,1177,10%,42
T064838,10350,2802,10%,42
T064840,10350,3973,10%,42
T064852,66,3046,10%,42
T064859,66,6833,10%,42
T064874,66,9258,10%,42
T064881,66,947,10%,42
T064886,66,1222,10%,42
T064889,66,1129,10%,42
T064899,66,9216,10%,42
T064919,120,1132,10%,42
T064921,120,2883,10%,42
T064923,120,3822,10%,42
T064932,120,3886,10%,42
T064936,120,10030,10%,42
T064956,121,10101,10%,42
T064978,121,4620,10%,42
T065022,403,74,10%,42
T065023,403,1843,10%,42
T065024,403,8089,10%,42
T065025,403,6092,10%,42
T065026,403,9175,10%,42
T065031,403,9572,10%,42
T065035,403,1499,10%,42
T065052,493,1240,10%,42
T065061,493,612,10%,42
T065076,493,4365,10%,42
T065090,493,9572,10%,42
T065097,493,7991,10%,42
T065103,565,5518,10%,42
T065125,565,7740,10%,42
T065143,565,914,10%,42
T065186,601,149,10%,42
T065187,601,5053,10%,42
T065197,601,9719,10%,42
T065216,641,6433,10%,42
T065221,641,4362,10%,42
T065236,641,764,10%,42
T065254,1061,39,10%,42
T065256,1061,3741,10%,42
T065281,1061,5132,10%,42
T065285,1061,6373,10%,42
T065289,1061,3749,10%,42
T065290,1061,4808,10%,42
T065326,1124,385,10%,42
T065344,1124,6833,10%,42
T065350,1136,9650,10%,42
T065355,1136,4724,10%,42
T065362,1136,6573,10%,42
T065378,1136,68,10%,42
T065399,1136,196,10%,42
T065436,2423,6663,10%,42
T065501,2751,8712,10%,42
T065533,2751,6195,10%,42
T065548,2751,886,10%,42
T065554,2982,1613,10%,42
T065561,2982,7269,10%,42
T065564,2982,3639,10%,42
T065565,2982,2956,10%,42
T065572,2982,462,10%,42
T065580,2982,2875,10%,42
T065593,2982,3886,10%,42
T065600,3068,2984,10%,42
T065604,3068,9064,10%,42
T065607,3068,7317,10%,42
T065618,3068,690,10%,42
T065619,3068,3870,10%,42
T065627,3068,1215,10%,42
T065638,3068,5714,10%,42
T065642,3068,6500,10%,42
T065644,3068,914,10%,42
T065651,3276,7995,10%,42
T065657,3276,914,10%,42
T065706,3350,5752,10%,42
T065732,3350,1755,10%,42
T065737,3350,1641,10%,42
T065738,3350,3618,10%,42
T065756,3421,4103,10%,42
T065757,3421,3973,10%,42
T065759,3421,187,10%,42
T065786,3421,5503,10%,42
T065787,3421,2552,10%,42
T065791,3421,4728,10%,42
T065797,3421,7803,10%,42
T065801,3786,2075,10%,42
T065808,3786,1318,10%,42
T065824,3786,4144,10%,42
T065825,3786,7300,10%,42
T065832,3786,8781,10%,42
T065833,3786,6483,10%,42
T065834,3786,517,10%,42
T065836,3786,3586,10%,42
T065846,3786,1896,10%,42
T065860,4649,9524,10%,42
T065875,4649,6552,10%,42
T065909,4920,546,10%,42
T065921,4920,658,10%,42
T065932,4920,6838,10%,42
T065934,4920,1061,10%,42
T065939,4920,3804,10%,42
T065943,4920,8950,10%,42
T065945,4920,1966,10%,42
T065952,5629,4730,10%,42
T065969,5629,1269,10%,42
T065971,5629,8612,10%,42
T065972,5629,4879,10%,42
T065976,5629,3567,10%,42
T065985,5629,8715,10%,42
T065997,5629,241,10%,42
T066004,5887,5326,10%,42
T066020,5887,4207,10%,42
T066029,5887,9199,10%,42
T066047,5887,3914,10%,42
T066049,5887,10071,10%,42
T066054,6151,4401,10%,42
T066062,6151,3983,10%,42
T066080,6151,97,10%,42
T066089,6151,7537,10%,42
T066102,6821,3491,10%,42
T066111,6821,677,10%,42
T066115,6821,5944,10%,42
T066139,6821,7724,10%,42
T066142,6821,1088,10%,42
T066147,6821,843,10%,42
T066184,7392,3386,10%,42
T066191,7392,71,10%,42
T066197,7392,1375,10%,42
T066199,7392,2892,10%,42
T066211,7529,10060,10%,42
T066219,7529,2916,10%,42
T066233,7529,4670,10%,42
T066264,7801,1514,10%,42
T066272,7801,6631,10%,42
T066273,7801,4546,10%,42
T066278,7801,3708,10%,42
T066289,7801,8388,10%,42
T066293,7801,2196,10%,42
T066296,7801,4866,10%,42
T066333,7991,5180,10%,42
T066344,7991,4704,10%,42
T066386,9377,208,10%,42
T066390,9377,7018,10%,42
T066395,9377,899,10%,42
T066400,42,1161,10%,42
T066408,42,4144,10%,42
T066412,42,5385,10%,42
T066434,42,2522,10%,42
T066437,42,4689,10%,42
T066445,42,386,10%,42
T066451,118,3232,10%,42
T066455,118,9969,10%,42
T066468,118,3884,10%,42
T066475,118,8914,10%,42
T066478,118,5531,10%,42
T066487,118,6638,10%,42
T066498,118,4103,10%,42
T066499,118,4420,10%,42
T066513,227,1254,10%,42
T066517,227,3678,10%,42
T066532,227,7167,10%,42
T066537,227,8982,10%,42
T066544,227,6499,10%,42
T066547,227,13,10%,42
T066555,235,2505,10%,42
T066564,235,9272,10%,42
T066596,235,9545,10%,42
T066611,862,1786,10%,42
T066643,862,5197,10%,42
T066653,909,2432,10%,42
T066681,909,799,10%,42
T066723,987,6306,10%,42
T066738,987,5042,10%,42
T066743,987,9844,10%,42
T066744,987,1164,10%,42
T066746,987,6756,10%,42
T066757,1326,3046,10%,42
T066762,1326,1769,10%,42
T066768,1326,5202,10%,42
T066787,1326,404,10%,42
T066813,1588,306,10%,42
T066827,1588,4046,10%,42
T066829,1588,6412,10%,42
T066830,1588,1362,10%,42
T066833,1588,177,10%,42
T066845,1588,2099,10%,42
T066847,1588,4,10%,42
T066849,1588,3241,10%,42
T066871,1613,6631,10%,42
T066910,2393,6791,10%,42
T066911,2393,270,10%,42
T066931,2393,2188,10%,42
T066937,2393,8380,10%,42
T066944,2393,5197,10%,42
T066946,2393,5525,10%,42
T066953,2412,4269,10%,42
T066965,2412,4874,10%,42
T066984,2412,1699,10%,42
T067023,2559,413,10%,42
T067030,2559,1056,10%,42
T067039,2559,5328,10%,42
T067046,2559,5127,10%,42
T067051,2632,6981,10%,42
T067055,2632,7079,10%,42
T067068,2632,5063,10%,42
T067083,2632,578,10%,42
T067099,2632,546,10%,42
T067102,2733,13,10%,42
T067122,2733,6393,10%,42
T067157,3190,1154,10%,42
T067159,3190,4265,10%,42
T067161,3190,4145,10%,42
T067170,3190,8047,10%,42
T067184,3190,5494,10%,42
T067187,3190,8067,10%,42
T067197,3190,5786,10%,42
T067199,3190,895,10%,42
T067215,3464,9115,10%,42
T067233,3464,3645,10%,42
T067238,3464,9952,10%,42
T067241,3464,5968,10%,42
T067243,3464,4325,10%,42
T067280,3764,3610,10%,42
T067286,3764,5273,10%,42
T067288,3764,6238,10%,42
T067291,3764,4285,10%,42
T067304,5190,5834,10%,42
T067305,5190,1954,10%,42
T067315,5190,5438,10%,42
T067333,5190,5556,10%,42
T067336,5190,1090,10%,42
T067342,5190,342,10%,42
T067358,5226,5991,10%,42
T067361,5226,6663,10%,42
T067385,5226,6891,10%,42
T067398,5226,184,10%,42
T067412,5786,2100,10%,42
T067418,5786,4088,10%,42
T067435,5786,5171,10%,42
T067442,5786,5708,10%,42
T067450,5843,7489,10%,42
T067455,5843,917,10%,42
T067457,5843,1784,10%,42
T067473,5843,5982,10%,42
T067514,5994,5926,10%,42
T067546,5994,4838,10%,42
T067564,6071,976,10%,42
T067577,6071,8470,10%,42
T067581,6071,1047,10%,42
T067592,6071,1254,10%,42
T067593,6071,6263,10%,42
T067607,6520,3016,10%,42
T067616,6520,2072,10%,42
T067621,6520,1984,10%,42
T067641,6520,6301,10%,42
T067645,6520,899,10%,42
T067667,6904,2733,10%,42
T067679,6904,1264,10%,42
T067682,6904,4416,10%,42
T067703,7925,406,10%,42
T067711,7925,5622,10%,42
T067729,7925,3470,10%,42
T067740,7925,8203,10%,42
T067749,7925,2271,10%,42
T067762,8663,4088,10%,42
T067763,8663,5015,10%,42
T067765,8663,1082,10%,42
T067766,8663,7537,10%,42
T067769,8663,6265,10%,42
T067777,8663,1266,10%,42
T067781,8663,1938,10%,42
T067785,8663,1810,10%,42
T067802,9620,9617,10%,42
T067818,9620,40,10%,42
T067820,9620,5589,10%,42
T067822,9620,6747,10%,42
T067851,9923,5319,10%,42
T067864,9923,7518,10%,42
T067867,9923,6092,10%,42
T067869,9923,10535,10%,42
T067881,9923,4982,10%,42
T067883,9923,6830,10%,42
T067897,9923,4290,10%,42
T067913,456,1163,10%,42
T067921,456,641,10%,42
T067929,456,4506,10%,42
T067939,456,923,10%,42
T067965,541,529,10%,42
T067969,541,4334,10%,42
T067972,541,2687,10%,42
T067986,541,4831,10%,42
T067998,541,3787,10%,42
T067999,541,8687,10%,42
T068020,550,231,10%,42
T068022,550,322,10%,42
T068024,550,2499,10%,42
T068032,550,3410,10%,42
T068050,605,1954,10%,42
T068053,605,641,10%,42
T068064,605,190,10%,42
T068065,605,3165,10%,42
T068069,605,3787,10%,42
T068076,605,3597,10%,42
T068093,605,473,10%,42
T068098,605,8767,10%,42
T068110,611,8855,10%,42
T068125,611,2433,10%,42
T068127,611,2486,10%,42
T068134,611,4689,10%,42
T068140,611,6151,10%,42
T068152,974,5882,10%,42
T068155,974,6552,10%,42
T068168,974,986,10%,42
T068187,974,5706,10%,42
T068198,974,194,10%,42
T068209,1093,3645,10%,42
T068210,1093,455,10%,42
T068227,1093,6135,10%,42
T068242,1093,799,10%,42
T068246,1093,1023,10%,42
T068258,2608,677,10%,42
T068259,2608,90,10%,42
T068267,2608,2707,10%,42
T068273,2608,3554,10%,42
T068281,2608,2644,10%,42
T068283,2608,3833,10%,42
T068285,2608,5927,10%,42
T068307,2740,3833,10%,42
T068328,2740,3498,10%,42
T068346,2740,2308,10%,42
T068352,3106,2693,10%,42
T068359,3106,23,10%,42
T068372,3106,214,10%,42
T068384,3106,7610,10%,42
T068404,4463,41,10%,42
T068407,4463,7901,10%,42
T068413,4463,7099,10%,42
T068415,4463,3316,10%,42
T068418,4463,1197,10%,42
T068420,4463,7788,10%,42
T068424,4463,4064,10%,42
T068429,4463,3775,10%,42
T068442,4463,4329,10%,42
T068452,4848,7357,10%,42
T068458,4848,3956,10%,42
T068463,4848,1147,10%,42
T068476,4848,121,10%,42
T068478,4848,6709,10%,42
T068479,4848,295,10%,42
T068481,4848,2441,10%,42
T068484,4848,7086,10%,42
T068508,5050,7890,10%,42
T068522,5050,2138,10%,42
T068525,5050,7856,10%,42
T068530,5050,6412,10%,42
T068533,5050,5937,10%,42
T068537,5050,3863,10%,42
T068549,5050,2434,10%,42
T068554,5657,398,10%,42
T068564,5657,9733,10%,42
T068571,5657,9087,10%,42
T068580,5657,5320,10%,42
T068581,5657,8819,10%,42
T068601,5991,8828,10%,42
T068613,5991,3518,10%,42
T068628,5991,4848,10%,42
T068640,5991,4866,10%,42
T068660,6110,2912,10%,42
T068670,6110,9790,10%,42
T068676,6110,3588,10%,42
T068687,6110,6195,10%,42
T068726,6351,54,10%,42
T068737,6351,9830,10%,42
T068759,7120,917,10%,42
T068768,7120,7856,10%,42
T068772,7120,4866,10%,42
T068779,7120,4046,10%,42
T068780,7120,362,10%,42
T068782,7120,2926,10%,42
T068783,7120,421,10%,42
T068784,7120,2881,10%,42
T068793,7120,8266,10%,42
T068796,7120,7167,10%,42
T068803,7630,6669,10%,42
T068805,7630,2444,10%,42
T068807,7630,1658,10%,42
T068808,7630,3697,10%,42
T068833,7630,4420,10%,42
T068845,7630,2374,10%,42
T068854,8089,1116,10%,42
T068855,8089,8075,10%,42
T068857,8089,5744,10%,42
T068860,8089,10030,10%,42
T068861,8089,9204,10%,42
T068864,8089,7942,10%,42
T068865,8089,7165,10%,42
T068878,8089,4024,10%,42
T068901,8399,3479,10%,42
T068912,8399,8505,10%,42
T068913,8399,6602,10%,42
T068918,8399,6353,10%,42
T068920,8399,85,10%,42
T068950,8783,6949,10%,42
T068956,8783,1709,10%,42
T068967,8783,10060,10%,42
T068984,8783,9210,10%,42
T068993,8783,4334,10%,42
T069001,10314,398,10%,42
T069002,10314,6513,10%,42
T069003,10314,4523,10%,42
T069009,10314,1197,10%,42
T069011,10314,67,10%,42
T069035,10314,4968,10%,42
T069037,10314,915,10%,42
T069041,10314,637,10%,42
T069042,10314,528,10%,42
T069049,10314,6754,10%,42
T069059,327,412,10%,42
T069068,327,4227,10%,42
T069069,327,4111,10%,42
T069074,327,2650,10%,42
T069091,327,1572,10%,42
T069094,327,89,10%,42
T069105,546,4420,10%,42
T069107,546,5970,10%,42
T069152,603,430,10%,42
T069165,603,2693,10%,42
T069167,603,7460,10%,42
T069171,603,3090,10%,42
T069173,603,2729,10%,42
T069174,603,6606,10%,42
T069184,603,7940,10%,42
T069197,603,1019,10%,42
T069213,704,88,10%,42
T069217,704,4486,10%,42
T069225,704,9216,10%,42
T069232,704,6647,10%,42
T069239,704,4432,10%,42
T069245,704,3951,10%,42
T069251,959,9063,10%,42
T069255,959,921,10%,42
T069292,959,8304,10%,42
T069306,1054,3276,10%,42
T069308,1054,16,10%,42
T069316,1054,1546,10%,42
T069319,1054,6301,10%,42
T069337,1054,10030,10%,42
T069352,1079,3088,10%,42
T069363,1079,6213,10%,42
T069370,1079,3065,10%,42
T069375,1079,391,10%,42
T069382,1079,651,10%,42
T069385,1079,411,10%,42
T069396,1079,7471,10%,42
T069402,1098,3206,10%,42
T069403,1098,1204,10%,42
T069404,1098,7525,10%,42
T069414,1098,8778,10%,42
T069419,1098,5618,10%,42
T069428,1098,6689,10%,42
T069429,1098,3729,10%,42
T069439,1098,6709,10%,42
T069441,1098,3503,10%,42
T069454,1895,2227,10%,42
T069458,1895,9570,10%,42
T069459,1895,9,10%,42
T069462,1895,1154,10%,42
T069465,1895,69,10%,42
T069469,1895,2,10%,42
T069479,1895,7162,10%,42
T069485,1895,4164,10%,42
T069489,1895,6109,10%,42
T069514,2112,6353,10%,42
T069519,2112,1542,10%,42
T069523,2112,240,10%,42
T069534,2112,5053,10%,42
T069547,2112,5879,10%,42
T069549,2112,4939,10%,42
T069560,2192,5592,10%,42
T069565,2192,5814,10%,42
T069568,2192,5889,10%,42
T069600,2602,1981,10%,42
T069612,2602,7199,10%,42
T069613,2602,176,10%,42
T069619,2602,5990,10%,42
T069621,2602,37,10%,42
T069623,2602,4054,10%,42
T069625,2602,1215,10%,42
T069628,2602,2244,10%,42
T069631,2602,4890,10%,42
T069634,2602,2609,10%,42
T069641,2602,7162,10%,42
T069653,2734,1248,10%,42
T069671,2734,1910,10%,42
T069679,2734,3457,10%,42
T069693,2734,97,10%,42
T069710,2987,2602,10%,42
T069711,2987,294,10%,42
T069728,2987,2965,10%,42
T069744,2987,1042,10%,42
T069752,3456,1183,10%,42
T069753,3456,1131,10%,42
T069768,3456,7030,10%,42
T069770,3456,5529,10%,42
T069779,3456,2789,10%,42
T069780,3456,3410,10%,42
T069794,3456,237,10%,42
T069797,3456,6934,10%,42
T069815,3901,1655,10%,42
T069823,3901,4955,10%,42
T069839,3901,232,10%,42
T069860,4208,6685,10%,42
T069866,4208,860,10%,42
T069868,4208,4347,10%,42
T069878,4208,524,10%,42
T069886,4208,1639,10%,42
T069887,4208,3822,10%,42
T069891,4208,1124,10%,42
T069905,4265,4503,10%,42
T069931,4265,152,10%,42
T069941,4265,8617,10%,42
T069944,4265,3351,10%,42
T069945,4265,1089,10%,42
T069951,4373,5446,10%,42
T069953,4373,185,10%,42
T069988,4373,1572,10%,42
T070020,4546,8444,10%,42
T070057,4606,4033,10%,42
T070073,4606,5963,10%,42
T070090,4606,1079,10%,42
T070092,4606,1918,10%,42
T070100,4879,2815,10%,42
T070113,4879,6732,10%,42
T070117,4879,6890,10%,42
T070119,4879,305,10%,42
T070120,4879,93,10%,42
T070129,4879,4762,10%,42
T070138,4879,2548,10%,42
T070148,4879,8663,10%,42
T070149,4879,234,10%,42
T070152,5990,4585,10%,42
T070200,6437,8266,10%,42
T070201,6437,4044,10%,42
T070213,6437,2131,10%,42
T070234,6437,2387,10%,42
T070244,6437,659,10%,42
T070248,6437,8746,10%,42
T070270,7724,4207,10%,42
T070285,7724,4306,10%,42
T070293,7724,1909,10%,42
T070295,7724,2740,10%,42
T070299,7724,968,10%,42
T070303,8295,117,10%,42
T070324,8295,1727,10%,42
T070326,8295,9771,10%,42
T070336,8295,7951,10%,42
T070338,8295,5153,10%,42
T070342,8295,693,10%,42
T070343,8295,7030,10%,42
T070351,9257,5210,10%,42
T070361,9257,3936,10%,42
T070362,9257,936,10%,42
T070365,9257,2883,10%,42
T070375,9257,841,10%,42
T070380,9257,1126,10%,42
T070384,9257,9204,10%,42
T070385,9257,5793,10%,42
T070401,9543,6513,10%,42
T070407,9543,7316,10%,42
T070409,9543,359,10%,42
T070420,9543,2804,10%,42
T070428,9543,3749,10%,42
T070429,9543,7268,10%,42
T070446,9543,6485,10%,42
T070448,9543,436,10%,42
T070451,9570,5366,10%,42
T070461,9570,308,10%,42
T070467,9570,6983,10%,42
T070471,9570,8399,10%,42
T070478,9570,1132,10%,42
T070479,9570,4152,10%,42
T070486,9570,3407,10%,42
T070487,9570,5292,10%,42
T070498,9570,7888,10%,42
T070501,10028,9124,10%,42
T070502,10028,8146,10%,42
T070511,10028,9620,10%,42
T070513,10028,1810,10%,42
T070515,10028,51,10%,42
T070519,10028,9237,10%,42
T070521,10028,8116,10%,42
T070526,10028,3066,10%,42
T070531,10028,3326,10%,42
T070534,10028,554,10%,42
T070537,10028,1164,10%,42
T070539,10028,3583,10%,42
T070554,10342,421,10%,42
T070584,10342,411,10%,42
T070589,10342,10148,10%,42
T070591,10342,966,10%,42
T070602,232,6274,10%,42
T070603,232,3362,10%,42
T070606,232,1539,10%,42
T070621,232,3618,10%,42
T070623,232,4597,10%,42
T070627,232,959,10%,42
T070637,232,2657,10%,42
T070647,232,3410,10%,42
T070651,241,1362,10%,42
T070661,241,7128,10%,42
T070679,241,3208,10%,42
T070687,241,5529,10%,42
T070690,241,250,10%,42
T070692,241,978,10%,42
T070712,975,8108,10%,42
T070716,975,1361,10%,42
T070725,975,6134,10%,42
T070748,975,2912,10%,42
T070749,975,7896,10%,42
T070751,1071,554,10%,42
T070753,1071,1541,10%,42
T070759,1071,4007,10%,42
T070760,1071,2965,10%,42
T070777,1071,8203,10%,42
T070785,1071,7630,10%,42
T070786,1071,5245,10%,42
T070787,1071,234,10%,42
T070795,1071,1147,10%,42
T070808,1202,4958,10%,42
T070812,1202,1976,10%,42
T070813,1202,3356,10%,42
T070835,1202,697,10%,42
T070841,1202,684,10%,42
T070842,1202,9543,10%,42
T070867,1550,895,10%,42
T070873,1550,4011,10%,42
T070882,1550,74,10%,42
T070892,1550,3936,10%,42
T070903,1693,3154,10%,42
T070907,1693,6723,10%,42
T070909,1693,206,10%,42
T070910,1693,3479,10%,42
T070912,1693,3467,10%,42
T070919,1693,253,10%,42
T070950,1718,3971,10%,42
T070961,1718,5153,10%,42
T070967,1718,6115,10%,42
T070971,1718,7042,10%,42
T070975,1718,5830,10%,42
T070991,1718,915,10%,42
T070999,1718,5065,10%,42
T071014,2131,6851,10%,42
T071031,2131,4007,10%,42
T071039,2131,2333,10%,42
T071054,2167,8312,10%,42
T071058,2167,497,10%,42
T071076,2167,509,10%,42
T071077,2167,5599,10%,42
T071080,2167,4969,10%,42
T071094,2167,1196,10%,42
T071100,2941,1533,10%,42
T071102,2941,8380,10%,42
T071106,2941,4187,10%,42
T071108,2941,132,10%,42
T071123,2941,9764,10%,42
T071138,2941,5226,10%,42
T071153,3787,871,10%,42
T071172,3787,6726,10%,42
T071174,3787,9325,10%,42
T071176,3787,1019,10%,42
T071179,3787,5009,10%,42
T071188,3787,3718,10%,42
T071191,3787,3459,10%,42
T071201,4024,1179,10%,42
T071202,4024,109,10%,42
T071209,4024,3439,10%,42
T071211,4024,5967,10%,42
T071231,4024,5949,10%,42
T071238,4024,3746,10%,42
T071241,4024,145,10%,42
T071248,4024,6,10%,42
T071262,4161,5627,10%,42
T071272,4161,8926,10%,42
T071296,4161,4376,10%,42
T071299,4161,4844,10%,42
T071308,4183,2446,10%,42
T071321,4183,3016,10%,42
T071322,4183,3749,10%,42
T071323,4183,1050,10%,42
T071326,4183,1154,10%,42
T071329,4183,1215,10%,42
T071330,4183,6374,10%,42
T071331,4183,5409,10%,42
T071349,4183,6514,10%,42
T071360,5210,2212,10%,42
T071363,5210,536,10%,42
T071365,5210,1370,10%,42
T071366,5210,9119,10%,42
T071375,5210,7088,10%,42
T071378,5210,7600,10%,42
T071394,5210,2275,10%,42
T071402,5308,663,10%,42
T071413,5308,3705,10%,42
T071415,5308,3253,10%,42
T071416,5308,2355,10%,42
T071421,5308,5889,10%,42
T071427,5308,5549,10%,42
T071436,5308,2441,10%,42
T071437,5308,5444,10%,42
T071446,5308,1053,10%,42
T071460,5556,1042,10%,42
T071469,5556,2009,10%,42
T071483,5556,1385,10%,42
T071485,5556,1574,10%,42
T071496,5556,6325,10%,42
T071498,5556,5967,10%,42
T071516,6408,2559,10%,42
T071517,6408,3941,10%,42
T071532,6408,5042,10%,42
T071534,6408,8303,10%,42
T071555,6552,7226,10%,42
T071575,6552,2352,10%,42
T071596,6552,2902,10%,42
T071610,6791,1250,10%,42
T071618,6791,9572,10%,42
T071636,6791,3240,10%,42
T071649,6791,421,10%,42
T071651,7024,612,10%,42
T071683,7024,3886,10%,42
T071684,7024,1843,10%,42
T071686,7024,7127,10%,42
T071688,7024,3676,10%,42
T071690,7024,5752,10%,42
T071696,7024,108,10%,42
T071697,7024,3922,10%,42
T071718,7049,8381,10%,42
T071728,7049,1610,10%,42
T071767,7127,3593,10%,42
T071805,7411,4043,10%,42
T071811,7411,7940,10%,42
T071831,7411,2218,10%,42
T071841,7411,5811,10%,42
T071849,7411,1017,10%,42
T071862,7471,2084,10%,42
T071867,7471,2602,10%,42
T071890,7471,30,10%,42
T071916,8022,7167,10%,42
T071966,8146,4024,10%,42
T071973,8146,1269,10%,42
T072003,8324,6351,10%,42
T072008,8324,6949,10%,42
T072014,8324,626,10%,42
T072017,8324,1801,10%,42
T072022,8324,2355,10%,42
T072027,8324,7529,10%,42
T072028,8324,391,10%,42
T072030,8324,3870,10%,42
T072033,8324,3351,10%,42
T072035,8324,3421,10%,42
T072046,8324,5078,10%,42
T072074,8416,2719,10%,42
T072103,9345,403,10%,42
T072110,9345,7460,10%,42
T072113,9345,2789,10%,42
T072132,9345,1053,10%,42
T072141,9345,131,10%,42
T072158,4,7525,10%,42
T072170,4,4585,10%,42
T072197,4,2657,10%,42
T072209,290,2072,10%,42
T072225,290,1286,10%,42
T072244,290,651,10%,42
T072270,880,973,10%,42
T072289,880,6303,10%,42
T072332,1207,170,10%,42
T072339,1207,2656,10%,42
T072362,1268,5381,10%,42
T072367,1268,8926,10%,42
T072379,1268,1822,10%,42
T072380,1268,2949,10%,42
T072384,1268,9850,10%,42
T072387,1268,5107,10%,42
T072392,1268,3012,10%,42
T072397,1268,4486,10%,42
T072406,1514,8063,10%,42
T072409,1514,1935,10%,42
T072430,1514,2390,10%,42
T072447,1514,210,10%,42
T072455,1535,9441,10%,42
T072465,1535,5191,10%,42
T072470,1535,1824,10%,42
T072478,1535,3570,10%,42
T072531,1673,858,10%,42
T072540,1673,8075,10%,42
T072553,2600,1342,10%,42
T072572,2600,57,10%,42
T072574,2600,3006,10%,42
T072599,2600,4800,10%,42
T072602,2637,2084,10%,42
T072622,2637,2042,10%,42
T072623,2637,1268,10%,42
T072630,2637,6045,10%,42
T072631,2637,3667,10%,42
T072632,2637,403,10%,42
T072637,2637,9731,10%,42
T072643,2637,194,10%,42
T072662,3177,2987,10%,42
T072667,3177,4027,10%,42
T072670,3177,8883,10%,42
T072683,3177,2897,10%,42
T072684,3177,2435,10%,42
T072685,3177,605,10%,42
T072687,3177,1895,10%,42
T072698,3177,7792,10%,42
T072709,3321,603,10%,42
T072722,3321,9620,10%,42
T072725,3321,3016,10%,42
T072730,3321,2010,10%,42
T072732,3321,3006,10%,42
T072737,3321,42,10%,42
T072749,3321,8732,10%,42
T072750,3618,4769,10%,42
T072755,3618,3012,10%,42
T072764,3618,4743,10%,42
T072766,3618,7216,10%,42
T072776,3618,392,10%,42
T072779,3618,4088,10%,42
T072780,3618,2851,10%,42
T072786,3618,88,10%,42
T072793,3618,1372,10%,42
T072795,3618,109,10%,42
T072797,3618,4955,10%,42
T072809,3667,6128,10%,42
T072820,3667,7776,10%,42
T072824,3667,5095,10%,42
T072826,3667,9617,10%,42
T072827,3667,6830,10%,42
T072831,3667,10231,10%,42
T072841,3667,7411,10%,42
T072843,3667,9997,10%,42
T072845,3667,4384,10%,42
T072849,3667,6253,10%,42
T072853,3936,9724,10%,42
T072861,3936,914,10%,42
T072890,3936,421,10%,42
T072937,4221,3728,10%,42
T072945,4221,7042,10%,42
T072947,4221,6092,10%,42
T072965,4314,9572,10%,42
T072977,4314,10079,10%,42
T072983,4314,4325,10%,42
T073006,4431,3749,10%,42
T073014,4431,7144,10%,42
T073024,4431,4499,10%,42
T073034,4431,881,10%,42
T073041,4431,1891,10%,42
T073044,4431,350,10%,42
T073054,5252,6599,10%,42
T073057,5252,87,10%,42
T073071,5252,1242,10%,42
T073076,5252,6606,10%,42
T073086,5252,398,10%,42
T073089,5252,404,10%,42
T073090,5252,81,10%,42
T073094,5252,3746,10%,42
T073107,5385,165,10%,42
T073117,5385,519,10%,42
T073120,5385,4649,10%,42
T073129,5385,1935,10%,42
T073137,5385,1873,10%,42
T073143,5385,8926,10%,42
T073156,5495,5824,10%,42
T073166,5495,651,10%,42
T073170,5495,2632,10%,42
T073175,5495,4062,10%,42
T073199,5495,350,10%,42
T073219,5839,1873,10%,42
T073232,5839,5726,10%,42
T073239,5839,7593,10%,42
T073246,5839,2243,10%,42
T073247,5839,8642,10%,42
T073248,5839,149,10%,42
T073257,5949,1040,10%,42
T073259,5949,4265,10%,42
T073260,5949,3938,10%,42
T073281,5949,1588,10%,42
T073283,5949,4387,10%,42
T073298,5949,2676,10%,42
T073332,7460,338,10%,42
T073340,7460,1115,10%,42
T073353,7940,6485,10%,42
T073357,7940,256,10%,42
T073358,7940,5500,10%,42
T073364,7940,899,10%,42
T073377,7940,1384,10%,42
T073394,7940,7411,10%,42
T073397,7940,8883,10%,42
T073415,7987,693,10%,42
T073438,7987,7673,10%,42
T073447,7987,10101,10%,42
T073448,7987,2526,10%,42
T073451,8161,8866,10%,42
T073456,8161,6981,10%,42
T073471,8161,255,10%,42
T073508,8373,120,10%,42
T073516,8373,8087,10%,42
T073520,8373,8541,10%,42
T073534,8373,9790,10%,42
T073537,8373,5061,10%,42
T073543,8373,612,10%,42
T073547,8373,8882,10%,42
T073556,8496,9515,10%,42
T073585,8496,6349,10%,42
T073596,8496,1321,10%,42
T073600,8658,977,10%,42
T073612,8658,3975,10%,42
T073626,8658,5338,10%,42
T073631,8658,5678,10%,42
T073643,8658,2677,10%,42
T073673,8975,2510,10%,42
T073692,8975,1466,10%,42
T073698,8975,5278,10%,42
T073699,8975,8781,10%,42
T073702,9063,1204,10%,42
T073706,9063,6745,10%,42
T073709,9063,5547,10%,42
T073733,9063,9724,10%,42
T073740,9063,2271,10%,42
T073744,9063,1017,10%,42
T073752,9164,1985,10%,42
T073760,9164,5744,10%,42
T073762,9164,4334,10%,42
T073773,9164,4033,10%,42
T073788,9164,37,10%,42
T073789,9164,8389,10%,42
T073828,9969,966,10%,42
T073832,9969,5540,10%,42
T073834,9969,987,10%,42
T073853,10079,601,10%,42
T073857,10079,941,10%,42
T073866,10079,8855,10%,42
T073872,10079,7706,10%,42
T073885,10079,4409,10%,42
T073886,10079,2136,10%,42
T073904,10122,4011,10%,42
T073910,10122,8313,10%,42
T073912,10122,1824,10%,42
T073915,10122,8067,10%,42
T073916,10122,5328,10%,42
T073934,10122,4563,10%,42
T073950,87,6172,10%,42
T073954,87,8781,10%,42
T073967,87,4162,10%,42
T073992,87,4121,10%,42
T074023,100,952,10%,42
T074053,470,4831,10%,42
T074070,470,237,10%,42
T074099,470,1082,10%,42
T074107,582,9558,10%,42
T074120,582,2009,10%,42
T074127,582,2982,10%,42
T074133,582,473,10%,42
T074165,1422,426,10%,42
T074170,1422,7645,10%,42
T074186,1422,592,10%,42
T074208,2012,5292,10%,42
T074216,2012,4207,10%,42
T074218,2012,9236,10%,42
T074219,2012,10195,10%,42
T074222,2012,2883,10%,42
T074230,2012,899,10%,42
T074238,2012,3879,10%,42
T074239,2012,31,10%,42
T074247,2012,5197,10%,42
T074265,2544,2291,10%,42
T074287,2544,4968,10%,42
T074294,2544,1,10%,42
T074298,2544,2227,10%,42
T074304,2883,9738,10%,42
T074309,2883,5287,10%,42
T074310,2883,577,10%,42
T074317,2883,7372,10%,42
T074319,2883,1909,10%,42
T074327,2883,10231,10%,42
T074331,2883,518,10%,42
T074343,2883,1136,10%,42
T074354,3159,10060,10%,42
T074367,3159,3208,10%,42
T074373,3159,5953,10%,42
T074374,3159,3306,10%,42
T074376,3159,6606,10%,42
T074381,3159,6408,10%,42
T074396,3159,649,10%,42
T074403,3498,6689,10%,42
T074423,3498,2756,10%,42
T074434,3498,6565,10%,42
T074445,3498,1631,10%,42
T074448,3498,147,10%,42
T074465,3779,351,10%,42
T074495,3779,5178,10%,42
T074497,3779,4190,10%,42
T074502,3956,6332,10%,42
T074509,3956,3025,10%,42
T074513,3956,3951,10%,42
T074521,3956,2085,10%,42
T074523,3956,5381,10%,42
T074526,3956,9087,10%,42
T074543,3956,5095,10%,42
T074550,5622,5714,10%,42
T074552,5622,5967,10%,42
T074555,5622,5468,10%,42
T074566,5622,2834,10%,42
T074574,5622,5470,10%,42
T074576,5622,1699,10%,42
T074581,5622,2756,10%,42
T074588,5622,290,10%,42
T074633,5736,5958,10%,42
T074667,5744,4269,10%,42
T074684,5744,955,10%,42
T074691,5744,8783,10%,42
T074707,5824,4150,10%,42
T074728,5824,760,10%,42
T074733,5824,4711,10%,42
T074747,5824,1193,10%,42
T074759,6500,2544,10%,42
T074764,6500,342,10%,42
T074774,6500,277,10%,42
T074796,6500,1539,10%,42
T074814,6974,1007,10%,42
T074822,6974,1434,10%,42
T074823,6974,1129,10%,42
T074831,6974,8108,10%,42
T074833,6974,4597,10%,42
T074853,7478,3901,10%,42
T074854,7478,2385,10%,42
T074860,7478,3265,10%,42
T074878,7478,3597,10%,42
T074937,8312,6237,10%,42
T074949,8312,39,10%,42
T074969,8505,6059,10%,42
T074977,8505,372,10%,42
T074980,8505,8,10%,42
T074984,8505,5973,10%,42
T074985,8505,5795,10%,42
T074989,8505,4431,10%,42
T074992,8505,6408,10%,42
T074997,8505,760,10%,42
T075007,9189,370,10%,42
T075031,9189,4497,10%,42
T075040,9189,7606,10%,42
T075045,9189,2572,10%,42
T075060,9351,7801,10%,42
T075078,9351,3503,10%,42
T075088,9351,4142,10%,42
T075096,9351,9570,10%,42
T075113,9507,3728,10%,42
T075121,9507,4334,10%,42
T075126,9507,168,10%,42
T075127,9507,10350,10%,42
T075131,9507,196,10%,42
T075138,9507,8819,10%,42
T075142,9507,3451,10%,42
T075144,9507,1668,10%,42
T075149,9507,4168,10%,42
T075152,9747,444,10%,42
T075158,9747,7518,10%,42
T075169,9747,1613,10%,42
T075170,9747,6949,10%,42
T075171,9747,2567,10%,42
T075189,9747,2866,10%,42
T075191,9747,4486,10%,42
T075192,9747,229,10%,42
T075207,10189,277,10%,42
T075210,10189,4693,10%,42
T075229,10189,6125,10%,42
T075231,10189,1164,10%,42
T075250,40,6049,10%,42
T075272,40,10233,10%,42
T075308,333,1318,10%,42
T075324,333,10359,10%,42
T075325,333,1226,10%,42
T075327,333,3007,10%,42
T075331,333,1888,10%,42
T075343,333,2918,10%,42
T075354,671,2615,10%,42
T075362,671,1241,10%,42
T075375,671,2618,10%,42
T075384,671,9764,10%,42
T075400,787,306,10%,42
T075404,787,5622,10%,42
T075406,787,704,10%,42
T075423,787,34,10%,42
T075427,787,2693,10%,42
T075436,787,3114,10%,42
T075437,787,8778,10%,42
T075441,787,5949,10%,42
T075448,787,10122,10%,42
T075457,1129,365,10%,42
T075465,1129,4232,10%,42
T075473,1129,1212,10%,42
T075481,1129,9940,10%,42
T075489,1129,2867,10%,42
T075520,1516,120,10%,42
T075531,1516,2918,10%,42
T075537,1516,2626,10%,42
T075563,2204,4142,10%,42
T075565,2204,384,10%,42
T075577,2204,5287,10%,42
T075581,2204,6622,10%,42
T075590,2204,251,10%,42
T075597,2204,1342,10%,42
T075613,2300,1810,10%,42
T075643,2300,5016,10%,42
T075655,2609,3006,10%,42
T075661,2609,3496,10%,42
T075674,2609,4728,10%,42
T075689,2609,599,10%,42
T075696,2609,3276,10%,42
T075703,2677,953,10%,42
T075727,2677,3741,10%,42
T075744,2677,3231,10%,42
T075761,2802,3232,10%,42
T075763,2802,3139,10%,42
T075770,2802,5994,10%,42
T075775,2802,2131,10%,42
T075802,3066,3718,10%,42
T075813,3066,9572,10%,42
T075828,3066,2423,10%,42
T075835,3066,7432,10%,42
T075859,3593,6088,10%,42
T075885,3593,383,10%,42
T075891,3593,4221,10%,42
T075894,3593,7630,10%,42
T075899,3593,1848,10%,42
T075914,3611,9039,10%,42
T075941,3611,8922,10%,42
T075944,3611,187,10%,42
T075951,4627,5048,10%,42
T075957,4627,3788,10%,42
T075986,4627,8532,10%,42
T075993,4627,980,10%,42
T075995,4627,4546,10%,42
T075999,4627,3464,10%,42
T076001,5172,1313,10%,42
T076002,5172,5338,10%,42
T076038,5172,2308,10%,42
T076039,5172,5725,10%,42
T076042,5172,637,10%,42
T076055,5953,1824,10%,42
T076058,5953,2527,10%,42
T076066,5953,10,10%,42
T076072,5953,7250,10%,42
T076075,5953,4463,10%,42
T076080,5953,2982,10%,42
T076118,6092,5162,10%,42
T076120,6092,5034,10%,42
T076122,6092,194,10%,42
T076130,6092,10333,10%,42
T076134,6092,7103,10%,42
T076137,6092,8175,10%,42
T076141,6092,9106,10%,42
T076142,6092,4004,10%,42
T076157,6134,2966,10%,42
T076160,6134,5879,10%,42
T076169,6134,4591,10%,42
T076171,6134,7764,10%,42
T076176,6134,178,10%,42
T076190,6134,179,10%,42
T076192,6134,5075,10%,42
T076221,6970,8047,10%,42
T076238,6970,6361,10%,42
T076239,6970,190,10%,42
T076247,6970,1034,10%,42
T076253,7250,5953,10%,42
T076260,7250,4603,10%,42
T076263,7250,4620,10%,42
T076268,7250,2009,10%,42
T076282,7250,6669,10%,42
T076286,7250,1049,10%,42
T076296,7250,4487,10%,42
T076313,7449,980,10%,42
T076327,7449,7319,10%,42
T076331,7449,7389,10%,42
T076334,7449,9064,10%,42
T076336,7449,3450,10%,42
T076343,7449,2875,10%,42
T076350,7870,8871,10%,42
T076354,7870,5172,10%,42
T076370,7870,220,10%,42
T076382,7870,7606,10%,42
T076387,7870,603,10%,42
T076389,7870,315,10%,42
T076409,7970,3253,10%,42
T076416,7970,7083,10%,42
T076425,7970,603,10%,42
T076426,7970,1164,10%,42
T076431,7970,1375,10%,42
T076445,7970,4376,10%,42
T076454,8169,529,10%,42
T076459,8169,2678,10%,42
T076466,8169,2189,10%,42
T076473,8169,4431,10%,42
T076490,8169,4365,10%,42
T076514,8739,1499,10%,42
T076515,8739,2572,10%,42
T076517,8739,4046,10%,42
T076518,8739,901,10%,42
T076526,8739,1538,10%,42
T076527,8739,3884,10%,42
T076547,8739,4238,10%,42
T076559,8969,5811,10%,42
T076570,8969,5812,10%,42
T076577,8969,3938,10%,42
T076596,8969,3517,10%,42
T076598,8969,6605,10%,42
T076599,8969,5202,10%,42
T076601,9701,7665,10%,42
T076620,9701,2656,10%,42
T076634,9701,5839,10%,42
T076643,9701,6063,10%,42
T076663,10486,2417,10%,42
T076664,10486,844,10%,42
T076681,10486,231,10%,42
T076683,10486,5531,10%,42
T076701,253,2637,10%,42
T076710,253,8089,10%,42
T076711,253,534,10%,42
T076716,253,9836,10%,42
T076729,253,1718,10%,42
T076734,253,4469,10%,42
T076750,355,1122,10%,42
T076758,355,10314,10%,42
T076764,355,6889,10%,42
T076767,355,6441,10%,42
T076770,355,26,10%,42
T076781,355,8389,10%,42
T076785,355,1200,10%,42
T076788,355,6198,10%,42
T076798,355,5839,10%,42
T076809,484,6602,10%,42
T076814,484,2244,10%,42
T076836,484,5233,10%,42
T076837,484,2920,10%,42
T076857,718,614,10%,42
T076866,718,6951,10%,42
T076869,718,5172,10%,42
T076875,718,2107,10%,42
T076886,718,5510,10%,42
T076892,718,3153,10%,42
T076897,718,5447,10%,42
T076929,738,7995,10%,42
T076930,738,393,10%,42
T076942,738,7894,10%,42
T076945,738,5197,10%,42
T076959,860,9515,10%,42
T076984,860,5563,10%,42
T076987,860,1337,10%,42
T077029,1047,5994,10%,42
T077031,1047,9849,10%,42
T077033,1047,4142,10%,42
T077050,1094,90,10%,42
T077061,1094,5643,10%,42
T077090,1094,2935,10%,42
T077091,1094,9790,10%,42
T077092,1094,1861,10%,42
T077104,1798,5023,10%,42
T077110,1798,7226,10%,42
T077129,1798,534,10%,42
T077134,1798,2756,10%,42
T077136,1798,6732,10%,42
T077149,1798,3884,10%,42
T077155,1984,3306,10%,42
T077159,1984,157,10%,42
T077181,1984,4111,10%,42
T077194,1984,6265,10%,42
T077218,2687,8416,10%,42
T077240,2687,3384,10%,42
T077257,3214,5286,10%,42
T077269,3214,6873,10%,42
T077301,3374,229,10%,42
T077319,3374,7464,10%,42
T077322,3374,10343,10%,42
T077326,3374,571,10%,42
T077329,3374,3871,10%,42
T077341,3374,5518,10%,42
T077354,3586,3787,10%,42
T077375,3586,995,10%,42
T077393,3586,261,10%,42
T077395,3586,8687,10%,42
T077412,3775,565,10%,42
T077419,3775,2484,10%,42
T077423,3775,6109,10%,42
T077424,3775,7216,10%,42
T077425,3775,5839,10%,42
T077429,3775,4847,10%,42
T077430,3775,2478,10%,42
T077437,3775,10325,10%,42
T077443,3775,8783,10%,42
T077484,3971,5713,10%,42
T077491,3971,10261,10%,42
T077529,4100,6088,10%,42
T077554,4486,3951,10%,42
T077557,4486,7684,10%,42
T077564,4486,10293,10%,42
T077588,4486,4724,10%,42
T077590,4486,4329,10%,42
T077597,4486,690,10%,42
T077615,5107,5385,10%,42
T077623,5107,7724,10%,42
T077644,5107,4895,10%,42
T077662,5180,2319,10%,42
T077685,5180,854,10%,42
T077691,5180,443,10%,42
T077709,5510,6,10%,42
T077713,5510,176,10%,42
T077714,5510,2842,10%,42
T077722,5510,2505,10%,42
T077743,5510,270,10%,42
T077769,5529,173,10%,42
T077773,5529,4862,10%,42
T077784,5529,2535,10%,42
T077789,5529,2897,10%,42
T077800,5643,251,10%,42
T077802,5643,2107,10%,42
T077816,5643,955,10%,42
T077819,5643,2080,10%,42
T077825,5643,6954,10%,42
T077842,5643,683,10%,42
T077847,5643,4531,10%,42
T077854,5970,1641,10%,42
T077857,5970,1523,10%,42
T077861,5970,3240,10%,42
T077875,5970,9124,10%,42
T077878,5970,8583,10%,42
T077881,5970,637,10%,42
T077893,5970,8408,10%,42
T077907,6488,9850,10%,42
T077911,6488,1375,10%,42
T077938,6488,2136,10%,42
T077939,6488,1629,10%,42
T077942,6488,4700,10%,42
T077944,6488,2080,10%,42
T077947,6488,214,10%,42
T077949,6488,1984,10%,42
T077973,6830,5630,10%,42
T077979,6830,763,10%,42
T077984,6830,2308,10%,42
T077985,6830,3407,10%,42
T078028,7268,6027,10%,42
T078040,7268,5987,10%,42
T078047,7268,1780,10%,42
T078049,7268,22,10%,42
T078052,7542,1061,10%,42
T078055,7542,1082,10%,42
T078071,7542,2493,10%,42
T078084,7542,6201,10%,42
T078125,7906,7991,10%,42
T078131,7906,897,10%,42
T078137,7906,1098,10%,42
T078146,7906,4497,10%,42
T078168,8175,4503,10%,42
T078178,8175,967,10%,42
T078183,8175,9345,10%,42
T078201,8565,9852,10%,42
T078213,8565,4403,10%,42
T078227,8565,1265,10%,42
T078246,8565,7537,10%,42
T078252,8746,2378,10%,42
T078255,8746,2520,10%,42
T078264,8746,4981,10%,42
T078270,8746,7464,10%,42
T078296,8746,1180,10%,42
T078297,8746,3410,10%,42
T078307,8791,527,10%,42
T078319,8791,8408,10%,42
T078332,8791,5889,10%,42
T078333,8791,118,10%,42
T078338,8791,148,10%,42
T078339,8791,6134,10%,42
T078342,8791,2455,10%,42
T078355,9371,172,10%,42
T078358,9371,6393,10%,42
T078362,9371,2331,10%,42
T078374,9371,8207,10%,42
T078377,9371,1876,10%,42
T078382,9371,449,10%,42
T078384,9371,1848,10%,42
T078390,9371,430,10%,42
T078391,9371,3384,10%,42
T078404,9852,3232,10%,42
T078405,9852,6499,10%,42
T078407,9852,6960,10%,42
T078420,9852,8019,10%,42
T078433,9852,372,10%,42
T078441,9852,8108,10%,42
T078445,9852,5811,10%,42
T078454,10065,4591,10%,42
T078461,10065,1222,10%,42
T078467,10065,3585,10%,42
T078472,10065,306,10%,42
T078497,10065,2697,10%,42
T078498,10065,2040,10%,42
T078499,10065,403,10%,42
T078511,10261,165,10%,42
T078515,10261,977,10%,42
T078544,10261,595,10%,42
T078545,10261,3398,10%,42
T078555,13,8791,10%,42
T078585,13,1895,10%,42
T078590,13,4416,10%,42
T078604,134,5706,10%,42
T078608,134,8663,10%,42
T078619,134,5278,10%,42
T078647,134,2559,10%,42
T078650,228,8857,10%,42
T078662,228,718,10%,42
T078665,228,8007,10%,42
T078685,228,5322,10%,42
T078689,228,3165,10%,42
T078690,228,3230,10%,42
T078723,322,10314,10%,42
T078729,322,1434,10%,42
T078741,322,3457,10%,42
T078746,322,1718,10%,42
T078749,322,3588,10%,42
T078754,342,2600,10%,42
T078766,342,2509,10%,42
T078772,342,169,10%,42
T078775,342,7090,10%,42
T078776,342,858,10%,42
T078796,342,5360,10%,42
T078803,818,9486,10%,42
T078811,818,2645,10%,42
T078815,818,2731,10%,42
T078819,818,4706,10%,42
T078823,818,4689,10%,42
T078829,818,1174,10%,42
T078833,818,7440,10%,42
T078834,818,4325,10%,42
T078888,952,4689,10%,42
T078902,1976,5360,10%,42
T078903,1976,7940,10%,42
T078924,1976,1286,10%,42
T078927,1976,5761,10%,42
T078938,1976,2786,10%,42
T078939,1976,1177,10%,42
T078945,1976,4007,10%,42
T078946,1976,4432,10%,42
T078952,2078,4191,10%,42
T078956,2078,4761,10%,42
T078962,2078,2527,10%,42
T078964,2078,2275,10%,42
T078982,2078,5125,10%,42
T078990,2078,7024,10%,42
T078992,2078,5973,10%,42
T078999,2078,1798,10%,42
T079004,2243,8613,10%,42
T079023,2243,7333,10%,42
T079032,2243,6838,10%,42
T079042,2243,3986,10%,42
T079053,2378,49,10%,42
T079059,2378,612,10%,42
T079060,2378,1657,10%,42
T079064,2378,9401,10%,42
T079071,2378,4866,10%,42
T079092,2378,4982,10%,42
T079099,2378,338,10%,42
T079131,2615,4879,10%,42
T079153,2756,31,10%,42
T079166,2756,6599,10%,42
T079177,2756,155,10%,42
T079180,2756,900,10%,42
T079186,2756,539,10%,42
T079199,2756,6224,10%,42
T079203,2769,4546,10%,42
T079228,2769,308,10%,42
T079235,2769,3758,10%,42
T079236,2769,936,10%,42
T079250,2918,3118,10%,42
T079253,2918,291,10%,42
T079268,2918,1326,10%,42
T079277,2918,6934,10%,42
T079281,2918,1838,10%,42
T079295,2918,5795,10%,42
T079312,3230,1669,10%,42
T079319,3230,9175,10%,42
T079328,3230,253,10%,42
T079334,3230,1240,10%,42
T079345,3230,1053,10%,42
T079354,3272,8982,10%,42
T079370,3272,4506,10%,42
T079374,3272,1818,10%,42
T079375,3272,598,10%,42
T079425,3479,6951,10%,42
T079439,3479,998,10%,42
T079458,3517,7601,10%,42
T079480,3517,7165,10%,42
T079496,3517,7542,10%,42
T079503,3609,193,10%,42
T079514,3609,4399,10%,42
T079517,3609,2987,10%,42
T079543,3609,1184,10%,42
T079561,3804,4958,10%,42
T079568,3804,6201,10%,42
T079577,3804,1991,10%,42
T079578,3804,8855,10%,42
T079583,3804,3825,10%,42
T079585,3804,968,10%,42
T079590,3804,5622,10%,42
T079611,3871,101,10%,42
T079613,3871,7088,10%,42
T079624,3871,995,10%,42
T079627,3871,595,10%,42
T079643,3871,435,10%,42
T079646,3871,4691,10%,42
T079649,3871,3154,10%,42
T079651,4121,1115,10%,42
T079653,4121,2657,10%,42
T079665,4121,1129,10%,42
T079694,4121,1012,10%,42
T079697,4121,3274,10%,42
T079699,4121,8186,10%,42
T079704,4591,9292,10%,42
T079726,4591,5191,10%,42
T079743,4591,2656,10%,42
T079745,4591,3966,10%,42
T079754,4762,8507,10%,42
T079765,4762,8746,10%,42
T079767,4762,5084,10%,42
T079775,4762,7268,10%,42
T079792,4762,8236,10%,42
T079799,4762,2274,10%,42
T079811,5162,4393,10%,42
T079815,5162,9507,10%,42
T079816,5162,955,10%,42
T079818,5162,7464,10%,42
T079844,5162,862,10%,42
T079850,5393,7542,10%,42
T079855,5393,1093,10%,42
T079859,5393,65,10%,42
T079862,5393,8186,10%,42
T079865,5393,270,10%,42
T079894,5393,5529,10%,42
T079896,5393,1572,10%,42
T079897,5393,7120,10%,42
T079908,5963,1867,10%,42
T079953,6519,1336,10%,42
T079954,6519,6253,10%,42
T079965,6519,3787,10%,42
T079974,6519,3007,10%,42
T079978,6519,6202,10%,42
T079987,6519,5527,10%,42
T079989,6519,3951,10%,42
T080001,6840,973,10%,42
T080003,6840,1159,10%,42
T080016,6840,683,10%,42
T080028,6840,3583,10%,42
T080039,6840,4523,10%,42
T080050,6890,921,10%,42
T080053,6890,3708,10%,42
T080057,6890,2609,10%,42
T080073,6890,8470,10%,42
T080076,6890,3154,10%,42
T080094,6890,1266,10%,42
T080105,6962,2194,10%,42
T080120,6962,914,10%,42
T080128,6962,404,10%,42
T080132,6962,519,10%,42
T080133,6962,1504,10%,42
T080141,6962,7991,10%,42
T080162,7786,5830,10%,42
T080163,7786,311,10%,42
T080167,7786,8975,10%,42
T080172,7786,2707,10%,42
T080174,7786,5063,10%,42
T080177,7786,799,10%,42
T080180,7786,5812,10%,42
T080197,7786,203,10%,42
T080201,8541,5556,10%,42
T080209,8541,6198,10%,42
T080219,8541,9229,10%,42
T080220,8541,6049,10%,42
T080236,8541,1266,10%,42
T080239,8541,1981,10%,42
T080245,8541,8695,10%,42
T080257,8737,5317,10%,42
T080270,8737,1546,10%,42
T080289,8737,333,10%,42
T080293,8737,5957,10%,42
T080301,2,2218,10%,42
T080302,2,513,10%,42
T080314,2,2188,10%,42
T080354,30,9020,10%,42
T080385,30,1649,10%,42
T080394,30,484,10%,42
T080421,226,8266,10%,42
T080431,226,671,10%,42
T080434,226,3591,10%,42
T080453,248,1040,10%,42
T080459,248,9371,10%,42
T080468,248,8047,10%,42
T080503,367,4011,10%,42
T080509,367,760,10%,42
T080512,367,2567,10%,42
T080525,367,4576,10%,42
T080531,367,87,10%,42
T080538,367,7076,10%,42
T080552,1023,1539,10%,42
T080556,1023,16,10%,42
T080571,1023,100,10%,42
T080583,1023,3697,10%,42
T080584,1023,8339,10%,42
T080588,1023,5970,10%,42
T080606,1058,1991,10%,42
T080635,1058,6433,10%,42
T080647,1058,3451,10%,42
T080660,1337,9771,10%,42
T080669,1337,4769,10%,42
T080687,1337,4818,10%,42
T080695,1337,944,10%,42
T080699,1337,8658,10%,42
T080703,2118,1910,10%,42
T080704,2118,1215,10%,42
T080739,2118,2806,10%,42
T080745,2118,8715,10%,42
T080751,2358,279,10%,42
T080755,2358,351,10%,42
T080764,2358,5408,10%,42
T080771,2358,5882,10%,42
T080779,2358,7471,10%,42
T080781,2358,771,10%,42
T080783,2358,1494,10%,42
T080796,2358,2194,10%,42
T080797,2358,4968,10%,42
T080800,3270,4743,10%,42
T080811,3270,5086,10%,42
T080829,3270,899,10%,42
T080842,3270,6981,10%,42
T080844,3270,544,10%,42
T080845,3270,196,10%,42
T080855,3567,86,10%,42
T080871,3567,496,10%,42
T080896,3567,237,10%,42
T080908,3639,314,10%,42
T080944,3639,3095,10%,42
T080965,3822,175,10%,42
T080968,3822,6488,10%,42
T080974,3822,531,10%,42
T080994,3822,2646,10%,42
T080996,3822,4204,10%,42
T080999,3822,3518,10%,42
T081011,4043,4478,10%,42
T081017,4043,7987,10%,42
T081025,4043,2956,10%,42
T081028,4043,421,10%,42
T081042,4043,5233,10%,42
T081043,4043,95,10%,42
T081051,8186,5360,10%,42
T081056,8186,1248,10%,42
T081073,8186,7593,10%,42
T081091,8186,5127,10%,42
T081093,8186,2023,10%,42
T081094,8186,6873,10%,42
T081099,8186,8399,10%,42
T081126,8241,4862,10%,42
T081127,8241,7212,10%,42
T081133,8241,5926,10%,42
T081137,8241,5364,10%,42
T081140,8241,6110,10%,42
T081142,8241,88,10%,42
T081151,8258,2629,10%,42
T081161,8258,199,10%,42
T081164,8258,398,10%,42
T081166,8258,2085,10%,42
T081169,8258,3901,10%,42
T081177,8258,2558,10%,42
T081189,8258,232,10%,42
T081191,8258,2314,10%,42
T081192,8258,3585,10%,42
T081208,8859,367,10%,42
T081211,8859,1592,10%,42
T081222,8859,16,10%,42
T081259,9323,9235,10%,42
T081261,9323,4334,10%,42
T081265,9323,5511,10%,42
T081268,9323,6198,10%,42
T081273,9323,237,10%,42
T081278,9323,3004,10%,42
T081279,9323,749,10%,42
T081282,9323,4499,10%,42
T081287,9323,1370,10%,42
T081297,9323,9175,10%,42
T081298,9323,220,10%,42
T081304,10071,2499,10%,42
T081307,10071,6425,10%,42
T081316,10071,3139,10%,42
T081321,10071,9175,10%,42
T081331,10071,6357,10%,42
T081333,10071,8781,10%,42
T081343,10071,8075,10%,42
T081349,10071,9401,10%,42
T081368,10281,1372,10%,42
T081377,10281,167,10%,42
T081383,10281,4576,10%,42
T081399,10281,129,10%,42
T081403,917,7088,10%,42
T081411,917,1434,10%,42
T081437,917,658,10%,42
T081450,926,5549,10%,42
T081470,926,2080,10%,42
T081474,926,322,10%,42
T081477,926,9747,10%,42
T081487,926,3986,10%,42
T081524,1824,6437,10%,42
T081528,1824,2697,10%,42
T081537,1824,7776,10%,42
T081544,1824,7042,10%,42
T081545,1824,3434,10%,42
T081552,2084,1194,10%,42
T081555,2084,2085,10%,42
T081573,2084,1516,10%,42
T081591,2084,8700,10%,42
T081598,2084,5004,10%,42
T081601,3253,10177,10%,42
T081612,3253,863,10%,42
T081629,3253,844,10%,42
T081632,3253,4783,10%,42
T081649,3253,6238,10%,42
T081654,3259,6558,10%,42
T081675,3259,5385,10%,42
T081690,3259,2444,10%,42
T081694,3259,2918,10%,42
T081696,3259,3922,10%,42
T081727,3398,8950,10%,42
T081750,4048,672,10%,42
T081763,4048,8642,10%,42
T081777,4048,3517,10%,42
T081799,4048,626,10%,42
T081823,4322,1106,10%,42
T081834,4322,97,10%,42
T081847,4322,2916,10%,42
T081855,4334,2329,10%,42
T081876,4334,5786,10%,42
T081877,4334,6745,10%,42
T081886,4334,8111,10%,42
T081889,4334,1089,10%,42
T081901,4783,2289,10%,42
T081917,4783,1019,10%,42
T081922,4783,2387,10%,42
T081931,4783,145,10%,42
T081935,4783,1,10%,42
T081941,4783,1017,10%,42
T081949,4783,2740,10%,42
T082027,5955,2471,10%,42
T082039,5955,5042,10%,42
T082051,6109,5592,10%,42
T082060,6109,3648,10%,42
T082061,6109,3618,10%,42
T082063,6109,8732,10%,42
T082073,6109,835,10%,42
T082078,6109,6777,10%,42
T082084,6109,7518,10%,42
T082091,6109,7176,10%,42
T082117,6202,9034,10%,42
T082130,6202,1102,10%,42
T082132,6202,8737,10%,42
T082159,6864,2023,10%,42
T082171,6864,3775,10%,42
T082173,6864,2289,10%,42
T082185,6864,2332,10%,42
T082187,6864,567,10%,42
T082192,6864,4365,10%,42
T082197,6864,2633,10%,42
T082201,6954,6196,10%,42
T082211,6954,5233,10%,42
T082215,6954,41,10%,42
T082223,6954,22,10%,42
T082229,6954,1265,10%,42
T082232,6954,921,10%,42
T082245,6954,491,10%,42
T082264,7128,4306,10%,42
T082278,7128,377,10%,42
T082295,7128,9189,10%,42
T082306,7593,4096,10%,42
T082309,7593,10233,10%,42
T082314,7593,1824,10%,42
T082345,7593,81,10%,42
T082350,8408,2374,10%,42
T082357,8408,2274,10%,42
T082360,8408,2167,10%,42
T082377,8408,3205,10%,42
T082382,8408,2099,10%,42
T082387,8408,3209,10%,42
T082398,8408,332,10%,42
T082404,8763,4161,10%,42
T082412,8763,6483,10%,42
T082427,8763,8532,10%,42
T082436,8763,2715,10%,42
T082440,8763,684,10%,42
T082445,8763,6970,10%,42
T082457,8867,8828,10%,42
T082460,8867,4969,10%,42
T082470,8867,350,10%,42
T082474,8867,250,10%,42
T082479,8867,4499,10%,42
T082484,8867,3459,10%,42
T082506,8914,120,10%,42
T082508,8914,1236,10%,42
T082515,8914,404,10%,42
T082518,8914,4375,10%,42
T082521,8914,1034,10%,42
T082556,8926,2118,10%,42
T082560,8926,8050,10%,42
T082568,8926,9797,10%,42
T082576,8926,1189,10%,42
T082583,8926,2842,10%,42
T082585,8926,3591,10%,42
T082615,9175,1866,10%,42
T082616,9175,7937,10%,42
T082625,9175,1226,10%,42
T082627,9175,10188,10%,42
T082630,9175,3936,10%,42
T082633,9175,8088,10%,42
T082652,9230,10065,10%,42
T082655,9230,3470,10%,42
T082659,9230,4621,10%,42
T082661,9230,3779,10%,42
T082662,9230,733,10%,42
T082669,9230,9087,10%,42
T082684,9230,1062,10%,42
T082692,9230,1292,10%,42
T082698,9230,315,10%,42
T082702,9853,462,10%,42
T082716,9853,5990,10%,42
T082730,9853,5624,10%,42
T082743,9853,5447,10%,42
T082745,9853,941,10%,42
T082754,10145,8169,10%,42
T082768,10145,5510,10%,42
T082771,10145,899,10%,42
T082781,10145,5629,10%,42
T082783,10145,200,10%,42
T082787,10145,7375,10%,42
T082789,10145,7600,10%,42
T082803,10359,469,10%,42
T082839,10359,2986,10%,42
T082852,614,5629,10%,42
T082864,614,952,10%,42
T082868,614,8114,10%,42
T082870,614,2738,10%,42
T082871,614,1245,10%,42
T082883,614,1592,10%,42
T082903,649,615,10%,42
T082929,649,7127,10%,42
T082934,649,1545,10%,42
T082944,649,2740,10%,42
T082976,730,1976,10%,42
T082981,730,19,10%,42
T082982,730,5191,10%,42
T082984,730,1236,10%,42
T083003,835,9115,10%,42
T083015,835,2188,10%,42
T083033,835,4649,10%,42
T083051,891,453,10%,42
T083074,891,7610,10%,42
T083086,891,2385,10%,42
T083089,891,5968,10%,42
T083092,891,8071,10%,42
T083100,967,9199,10%,42
T083101,967,10071,10%,42
T083108,967,2072,10%,42
T083111,967,4193,10%,42
T083125,967,3259,10%,42
T083140,967,7002,10%,42
T083165,1074,4604,10%,42
T083179,1074,4375,10%,42
T083188,1074,9401,10%,42
T083193,1074,61,10%,42
T083200,1099,854,10%,42
T083209,1099,56,10%,42
T083221,1099,1123,10%,42
T083226,1099,684,10%,42
T083231,1099,173,10%,42
T083267,1318,4689,10%,42
T083269,1318,3936,10%,42
T083270,1318,9764,10%,42
T083293,1318,1535,10%,42
T083294,1318,1861,10%,42
T083296,1318,177,10%,42
T083303,1384,6237,10%,42
T083314,1384,6756,10%,42
T083324,1384,3274,10%,42
T083325,1384,38,10%,42
T083326,1384,6459,10%,42
T083329,1384,7002,10%,42
T083341,1384,721,10%,42
T083366,1439,2935,10%,42
T083387,1439,6726,10%,42
T083397,1439,4178,10%,42
T083406,1639,1014,10%,42
T083408,1639,1124,10%,42
T083412,1639,6833,10%,42
T083421,1639,9193,10%,42
T083432,1639,284,10%,42
T083436,1639,23,10%,42
T083448,1639,2650,10%,42
T083455,1758,2164,10%,42
T083458,1758,733,10%,42
T083461,1758,1457,10%,42
T083481,1758,385,10%,42
T083485,1758,4393,10%,42
T083492,1758,3606,10%,42
T083496,1758,4591,10%,42
T083510,1861,2544,10%,42
T083512,1861,10486,10%,42
T083522,1861,5563,10%,42
T083531,1861,3629,10%,42
T083535,1861,2512,10%,42
T083554,2075,641,10%,42
T083573,2075,3721,10%,42
T083574,2075,4693,10%,42
T083579,2075,8312,10%,42
T083583,2075,9237,10%,42
T083586,2075,8,10%,42
T083592,2075,3774,10%,42
T083619,2418,7226,10%,42
T083641,2418,412,10%,42
T083645,2418,5180,10%,42
T083650,2535,5159,10%,42
T083659,2535,10188,10%,42
T083679,2535,4100,10%,42
T083683,2535,1888,10%,42
T083695,2535,3928,10%,42
T083696,2535,2167,10%,42
T083718,2710,2100,10%,42
T083721,2710,4689,10%,42
T083722,2710,2806,10%,42
T083725,2710,4603,10%,42
T083726,2710,2352,10%,42
T083734,2710,8751,10%,42
T083741,2710,2099,10%,42
T083745,2710,443,10%,42
T083748,2710,7894,10%,42
T083750,2851,4706,10%,42
T083756,2851,7269,10%,42
T083765,2851,6605,10%,42
T083775,2851,10195,10%,42
T083782,2851,6565,10%,42
T083786,2851,3321,10%,42
T083808,3090,5973,10%,42
T083812,3090,9558,10%,42
T083816,3090,6261,10%,42
T083824,3090,30,10%,42
T083828,3090,4693,10%,42
T083838,3090,131,10%,42
T083855,3491,1090,10%,42
T083860,3491,8496,10%,42
T083862,3491,8737,10%,42
T083870,3491,3366,10%,42
T083875,3491,34,10%,42
T083888,3491,6306,10%,42
T083897,3491,976,10%,42
T083900,3928,10359,10%,42
T083905,3928,4978,10%,42
T083930,3928,9119,10%,42
T083936,3928,5319,10%,42
T083937,3928,996,10%,42
T083950,4169,5518,10%,42
T083966,4169,145,10%,42
T083971,4169,1211,10%,42
T083975,4169,249,10%,42
T083986,4169,8206,10%,42
T083989,4169,513,10%,42
T084003,4387,6726,10%,42
T084007,4387,9118,10%,42
T084032,4387,7610,10%,42
T084050,5292,1082,10%,42
T084054,5292,1154,10%,42
T084075,5292,484,10%,42
T084091,5292,9808,10%,42
T084107,5452,3667,10%,42
T084119,5452,104,10%,42
T084147,5452,7162,10%,42
T084152,5599,2581,10%,42
T084160,5599,1299,10%,42
T084190,5599,1863,10%,42
T084191,5599,4294,10%,42
T084198,5599,432,10%,42
T084200,6499,330,10%,42
T084208,6499,901,10%,42
T084228,6499,1209,10%,42
T084230,6499,3729,10%,42
T084238,6499,3326,10%,42
T084239,6499,714,10%,42
T084242,6499,2227,10%,42
T084243,6499,101,10%,42
T084244,6499,1815,10%,42
T084250,6698,8819,10%,42
T084254,6698,5317,10%,42
T084269,6698,8298,10%,42
T084282,6698,3975,10%,42
T084283,6698,2842,10%,42
T084327,6949,1061,10%,42
T084344,6949,909,10%,42
T084352,7212,2000,10%,42
T084356,7212,952,10%,42
T084363,7212,592,10%,42
T084364,7212,2084,10%,42
T084368,7212,9572,10%,42
T084375,7212,4939,10%,42
T084385,7212,5028,10%,42
T084438,7759,855,10%,42
T084469,7951,718,10%,42
T084480,7951,7714,10%,42
T084493,7951,2544,10%,42
T084498,7951,436,10%,42
T084529,8664,8617,10%,42
T084538,8664,121,10%,42
T084548,8664,1818,10%,42
T084562,10231,5525,10%,42
T084563,10231,1645,10%,42
T084565,10231,6815,10%,42
T084569,10231,663,10%,42
T084602,677,721,10%,42
T084618,677,12,10%,42
T084622,677,8444,10%,42
T084624,677,6406,10%,42
T084635,677,385,10%,42
T084657,1212,1664,10%,42
T084662,1212,3407,10%,42
T084663,1212,6261,10%,42
T084666,1212,2093,10%,42
T084667,1212,6325,10%,42
T084669,1212,6181,10%,42
T084680,1212,4011,10%,42
T084688,1212,2697,10%,42
T084691,1212,2329,10%,42
T084693,1212,1658,10%,42
T084694,1212,4478,10%,42
T084716,1572,4232,10%,42
T084728,1572,6674,10%,42
T084760,1838,1829,10%,42
T084766,1838,1550,10%,42
T084772,1838,1658,10%,42
T084775,1838,6688,10%,42
T084776,1838,5446,10%,42
T084785,1838,8146,10%,42
T084788,1838,1184,10%,42
T084795,1838,2004,10%,42
T084818,2471,7698,10%,42
T084825,2471,6244,10%,42
T084827,2471,5409,10%,42
T084839,2471,1204,10%,42
T084842,2471,7951,10%,42
T084843,2471,1490,10%,42
T084846,2471,7099,10%,42
T084850,2806,7984,10%,42
T084870,2806,1504,10%,42
T084879,2806,2666,10%,42
T084888,2806,1727,10%,42
T084894,2806,5926,10%,42
T084906,3055,5225,10%,42
T084907,3055,577,10%,42
T084910,3055,1542,10%,42
T084911,3055,5814,10%,42
T084914,3055,4861,10%,42
T084932,3055,976,10%,42
T084935,3055,1136,10%,42
T084938,3055,2661,10%,42
T084949,3055,3517,10%,42
T084964,3095,3725,10%,42
T084978,3095,10293,10%,42
T084985,3095,6951,10%,42
T084989,3095,871,10%,42
T084995,3095,221,10%,42
T084996,3095,1236,10%,42
T085010,3469,2321,10%,42
T085014,3469,6196,10%,42
T085018,3469,4210,10%,42
T085026,3469,4761,10%,42
T085031,3469,988,10%,42
T085039,3469,8408,10%,42
T085047,3469,1306,10%,42
T085049,3469,233,10%,42
T085073,3629,6709,10%,42
T085082,3629,4103,10%,42
T085105,3973,886,10%,42
T085106,3973,3586,10%,42
T085110,3973,6756,10%,42
T085116,3973,8346,10%,42
T085141,3973,867,10%,42
T085163,4416,5889,10%,42
T085164,4416,5846,10%,42
T085166,4416,2432,10%,42
T085172,4416,6405,10%,42
T085174,4416,257,10%,42
T085181,4416,2897,10%,42
T085182,4416,7099,10%,42
T085216,4506,10006,10%,42
T085221,4506,4585,10%,42
T085224,4506,240,10%,42
T085235,4506,1384,10%,42
T085237,4506,3046,10%,42
T085250,5009,6993,10%,42
T085259,5009,2961,10%,42
T085268,5009,2404,10%,42
T085272,5009,18,10%,42
T085288,5009,3818,10%,42
T085290,5009,6904,10%,42
T085292,5009,7845,10%,42
T085305,5239,900,10%,42
T085316,5239,2733,10%,42
T085318,5239,4399,10%,42
T085330,5239,4920,10%,42
T085335,5239,5148,10%,42
T085354,6601,8883,10%,42
T085363,6601,2867,10%,42
T085367,6601,3986,10%,42
T085375,6601,2192,10%,42
T085379,6601,9849,10%,42
T085383,6601,7269,10%,42
T085393,6601,2471,10%,42
T085394,6601,3006,10%,42
T085396,6601,2455,10%,42
T085397,6601,6125,10%,42
T085400,6726,1268,10%,42
T085418,6726,6787,10%,42
T085420,6726,7937,10%,42
T085422,6726,2829,10%,42
T085424,6726,5392,10%,42
T085433,6726,3954,10%,42
T085436,6726,4724,10%,42
T085441,6726,2331,10%,42
T085448,6726,7119,10%,42
T085456,6745,7870,10%,42
T085458,6745,1264,10%,42
T085470,6745,2906,10%,42
T085483,6745,3788,10%,42
T085503,6754,2093,10%,42
T085539,6754,18,10%,42
T085566,6889,1209,10%,42
T085577,6889,1867,10%,42
T085579,6889,2393,10%,42
T085605,7165,1250,10%,42
T085629,7165,5984,10%,42
T085633,7165,248,10%,42
T085660,7187,2291,10%,42
T085671,7187,456,10%,42
T085682,7187,2188,10%,42
T085686,7187,178,10%,42
T085696,7187,3158,10%,42
T085710,7333,863,10%,42
T085714,7333,3241,10%,42
T085715,7333,5587,10%,42
T085716,7333,886,10%,42
T085725,7333,5159,10%,42
T085733,7333,1514,10%,42
T085754,7764,5828,10%,42
T085755,7764,1535,10%,42
T085761,7764,1499,10%,42
T085772,7764,1168,10%,42
T085783,7764,1457,10%,42
T085828,7901,8401,10%,42
T085835,7901,968,10%,42
T085836,7901,7049,10%,42
T085838,7901,4088,10%,42
T085847,7901,1116,10%,42
T085858,8206,1504,10%,42
T085881,8206,8778,10%,42
T085886,8206,1019,10%,42
T085901,8207,7845,10%,42
T085917,8207,2645,10%,42
T085956,8355,10333,10%,42
T085959,8355,738,10%,42
T085966,8355,3400,10%,42
T085971,8355,626,10%,42
T085981,8355,5488,10%,42
T085990,8355,7996,10%,42
T086008,8545,8658,10%,42
T086014,8545,3143,10%,42
T086021,8545,4248,10%,42
T086023,8545,5747,10%,42
T086030,8545,1910,10%,42
T086031,8545,1679,10%,42
T086042,8545,2479,10%,42
T086054,9486,8019,10%,42
T086073,9486,3678,10%,42
T086086,9486,7212,10%,42
T086096,9486,4100,10%,42
T086120,9941,169,10%,42
T086141,9941,3,10%,42
T086148,9941,7740,10%,42
T086152,294,2194,10%,42
T086153,294,1769,10%,42
T086154,294,4183,10%,42
T086159,294,1082,10%,42
T086160,294,5028,10%,42
T086164,294,2650,10%,42
T086173,294,3729,10%,42
T086175,294,7049,10%,42
T086186,294,1718,10%,42
T086188,294,6830,10%,42
T086196,294,7402,10%,42
T086198,294,35,10%,42
T086209,432,4151,10%,42
T086238,432,8531,10%,42
T086242,432,2567,10%,42
T086244,432,7792,10%,42
T086252,714,190,10%,42
T086254,714,4537,10%,42
T086263,714,493,10%,42
T086277,714,6509,10%,42
T086290,714,6128,10%,42
T086314,772,6265,10%,42
T086337,772,4591,10%,42
T086348,772,2906,10%,42
T086350,800,3870,10%,42
T086355,800,3,10%,42
T086359,800,9545,10%,42
T086363,800,5982,10%,42
T086370,800,581,10%,42
T086390,800,5050,10%,42
T086391,800,6432,10%,42
T086394,800,3012,10%,42
T086415,1088,1822,10%,42
T086419,1088,58,10%,42
T086427,1088,8074,10%,42
T086430,1088,5834,10%,42
T086440,1088,3046,10%,42
T086450,1211,1136,10%,42
T086460,1211,210,10%,42
T086465,1211,1212,10%,42
T086466,1211,915,10%,42
T086492,1211,4365,10%,42
T086494,1211,4098,10%,42
T086509,1370,114,10%,42
T086518,1370,7776,10%,42
T086520,1370,1873,10%,42
T086523,1370,10188,10%,42
T086524,1370,524,10%,42
T086527,1370,1468,10%,42
T086532,1370,6647,10%,42
T086541,1370,8392,10%,42
T086586,1709,4151,10%,42
T086604,1953,7942,10%,42
T086611,1953,2012,10%,42
T086616,1953,7896,10%,42
T086634,1953,1125,10%,42
T086637,1953,9039,10%,42
T086652,2093,6374,10%,42
T086665,2093,5775,10%,42
T086709,2433,185,10%,42
T086710,2433,871,10%,42
T086715,2433,5527,10%,42
T086727,2433,129,10%,42
T086729,2433,1692,10%,42
T086753,2558,8532,10%,42
T086780,2558,2656,10%,42
T086793,2558,3069,10%,42
T086797,2558,2786,10%,42
T086801,3069,6274,10%,42
T086813,3069,398,10%,42
T086818,3069,3321,10%,42
T086829,3069,577,10%,42
T086834,3069,7449,10%,42
T086844,3069,3065,10%,42
T086847,3069,7392,10%,42
T086850,3624,290,10%,42
T086856,3624,3012,10%,42
T086880,3624,9216,10%,42
T086889,3624,8866,10%,42
T086890,3624,9849,10%,42
T086893,3624,3779,10%,42
T086911,4730,1910,10%,42
T086921,4730,1247,10%,42
T086933,4730,384,10%,42
T086958,5028,10,10%,42
T087007,5322,5629,10%,42
T087030,5322,8658,10%,42
T087031,5322,406,10%,42
T087049,5322,351,10%,42
T087050,5540,6081,10%,42
T087057,5540,1286,10%,42
T087067,5540,4606,10%,42
T087069,5540,4949,10%,42
T087075,5540,8745,10%,42
T087081,5540,6092,10%,42
T087089,5540,6864,10%,42
T087099,5540,6897,10%,42
T087100,5706,4062,10%,42
T087101,5706,88,10%,42
T087108,5706,863,10%,42
T087119,5706,2306,10%,42
T087126,5706,3361,10%,42
T087135,5706,436,10%,42
T087153,5937,787,10%,42
T087174,5937,443,10%,42
T087178,5937,787,10%,42
T087188,5937,2558,10%,42
T087201,5968,2218,10%,42
T087202,5968,175,10%,42
T087208,5968,2633,10%,42
T087209,5968,2867,10%,42
T087218,5968,5319,10%,42
T087227,5968,3611,10%,42
T087228,5968,688,10%,42
T087250,6459,1180,10%,42
T087252,6459,1538,10%,42
T087262,6459,672,10%,42
T087274,6459,8408,10%,42
T087279,6459,3331,10%,42
T087286,6459,1183,10%,42
T087297,6459,9969,10%,42
T087302,6631,2938,10%,42
T087303,6631,4100,10%,42
T087306,6631,3705,10%,42
T087307,6631,847,10%,42
T087310,6631,9241,10%,42
T087328,6631,5587,10%,42
T087360,6664,601,10%,42
T087375,6664,6,10%,42
T087407,7918,5834,10%,42
T087433,7918,3721,10%,42
T087463,7937,108,10%,42
T087469,7937,8658,10%,42
T087486,7937,9325,10%,42
T087493,7937,6151,10%,42
T087499,7937,14,10%,42
T087501,9558,9650,10%,42
T087533,9558,333,10%,42
T087537,9558,5495,10%,42
T087547,9558,8794,10%,42
T087564,9731,187,10%,42
T087566,9731,6509,10%,42
T087568,9731,7918,10%,42
T087571,9731,3786,10%,42
T087580,9731,2986,10%,42
T087586,9731,319,10%,42
T087588,9731,4424,10%,42
T087591,9731,184,10%,42
T087592,9731,228,10%,42
T087601,9836,1468,10%,42
T087619,9836,7120,10%,42
T087641,9836,8207,10%,42
T087655,9986,527,10%,42
T087670,9986,5419,10%,42
T087680,9986,2725,10%,42
T087688,9986,3361,10%,42
T087690,9986,4187,10%,42
T087700,10006,5041,10%,42
T087711,10006,609,10%,42
T087715,10006,2212,10%,42
T087719,10006,8392,10%,42
T087723,10006,2093,10%,42
T087724,10006,2806,10%,42
T087728,10006,196,10%,42
T087736,10006,9558,10%,42
T087747,10006,1188,10%,42
T087750,10067,1494,10%,42
T087758,10067,1055,10%,42
T087762,10067,5095,10%,42
T087780,10067,1115,10%,42
T087781,10067,1226,10%,42
T087782,10067,4187,10%,42
T087799,10067,940,10%,42
T087810,10101,2023,10%,42
T087818,10101,5990,10%,42
T087822,10101,6904,10%,42
T087829,10101,697,10%,42
T087846,10101,2010,10%,42
T087857,10293,771,10%,42
T087864,10293,8751,10%,42
T087866,10293,10040,10%,42
T087867,10293,6405,10%,42
T087868,10293,6733,10%,42
T087871,10293,5592,10%,42
T087891,10293,2756,10%,42
T087894,10293,3924,10%,42
T087895,10293,2567,10%,42
T087897,10293,6488,10%,42
T087905,10343,6602,10%,42
T087914,10343,5748,10%,42
T087921,10343,5061,10%,42
T087936,10343,8612,10%,42
T087937,10343,10040,10%,42
T087945,10343,2964,10%,42
T087956,71,5320,10%,42
T087984,71,1117,10%,42
T088022,311,3886,10%,42
T088031,311,7894,10%,42
T088034,311,9936,10%,42
T088041,311,319,10%,42
T088045,311,2433,10%,42
T088051,426,2154,10%,42
T088088,426,2676,10%,42
T088092,426,67,10%,42
T088098,426,5328,10%,42
T088108,591,7422,10%,42
T088109,591,1466,10%,42
T088118,591,4682,10%,42
T088124,591,1976,10%,42
T088127,591,47,10%,42
T088140,591,2551,10%,42
T088143,591,5987,10%,42
T088146,591,7518,10%,42
T088148,591,7115,10%,42
T088157,610,6499,10%,42
T088162,610,7165,10%,42
T088164,610,23,10%,42
T088177,610,275,10%,42
T088180,610,1318,10%,42
T088189,610,2432,10%,42
T088190,610,3813,10%,42
T088200,629,567,10%,42
T088201,629,343,10%,42
T088203,629,519,10%,42
T088209,629,5366,10%,42
T088229,629,2118,10%,42
T088233,629,3177,10%,42
T088254,841,5830,10%,42
T088267,841,5746,10%,42
T088275,841,9997,10%,42
T088288,841,1755,10%,42
T088294,841,6128,10%,42
T088301,895,2509,10%,42
T088307,895,4303,10%,42
T088309,895,6109,10%,42
T088323,895,4285,10%,42
T088327,895,403,10%,42
T088331,895,8715,10%,42
T088332,895,3788,10%,42
T088335,895,9193,10%,42
T088341,895,2548,10%,42
T088344,895,372,10%,42
T088356,901,747,10%,42
T088360,901,995,10%,42
T088371,901,6575,10%,42
T088375,901,253,10%,42
T088389,901,5153,10%,42
T088390,901,3256,10%,42
T088401,1204,2473,10%,42
T088405,1204,2639,10%,42
T088409,1204,29,10%,42
T088429,1204,5191,10%,42
T088430,1204,9210,10%,42
T088439,1204,95,10%,42
T088440,1204,6441,10%,42
T088446,1204,1342,10%,42
T088458,1223,591,10%,42
T088461,1223,7766,10%,42
T088487,1223,7024,10%,42
T088489,1223,1811,10%,42
T088490,1223,30,10%,42
T088512,1539,6887,10%,42
T088529,1539,496,10%,42
T088530,1539,4303,10%,42
T088532,1539,464,10%,42
T088555,1603,473,10%,42
T088560,1603,8355,10%,42
T088567,1603,2608,10%,42
T088577,1603,190,10%,42
T088580,1603,6675,10%,42
T088589,1603,6119,10%,42
T088590,1603,253,10%,42
T088604,1631,6,10%,42
T088607,1631,9237,10%,42
T088608,1631,6324,10%,42
T088631,1631,7187,10%,42
T088651,1641,2108,10%,42
T088658,1641,4508,10%,42
T088680,1641,6754,10%,42
T088684,1641,2192,10%,42
T088707,1645,5599,10%,42
T088713,1645,1098,10%,42
T088718,1645,6891,10%,42
T088732,1645,3469,10%,42
T088735,1645,585,10%,42
T088738,1645,6325,10%,42
T088753,1959,3520,10%,42
T088763,1959,176,10%,42
T088773,1959,2645,10%,42
T088815,2493,6238,10%,42
T088831,2493,1318,10%,42
T088841,2493,3983,10%,42
T088851,2509,2289,10%,42
T088852,2509,6349,10%,42
T088856,2509,9833,10%,42
T088858,2509,6094,10%,42
T088861,2509,3314,10%,42
T088872,2509,4072,10%,42
T088876,2509,4096,10%,42
T088890,2509,1099,10%,42
T088896,2509,2584,10%,42
T088938,3588,183,10%,42
T088940,3588,4403,10%,42
T088946,3588,7478,10%,42
T088958,3728,8658,10%,42
T088959,3728,1211,10%,42
T088961,3728,5237,10%,42
T088977,3728,1222,10%,42
T088978,3728,6500,10%,42
T088982,3728,1764,10%,42
T088990,3728,5882,10%,42
T088991,3728,3056,10%,42
T088994,3728,2194,10%,42
T089002,4227,2787,10%,42
T089004,4227,3274,10%,42
T089010,4227,6674,10%,42
T089013,4227,8531,10%,42
T089014,4227,1212,10%,42
T089035,4227,2393,10%,42
T089062,4444,2059,10%,42
T089073,4444,178,10%,42
T089083,4444,3270,10%,42
T089091,4444,5452,10%,42
T089107,4445,3983,10%,42
T089115,4445,4051,10%,42
T089138,4445,7615,10%,42
T089148,4445,860,10%,42
T089150,4487,3630,10%,42
T089163,4487,4800,10%,42
T089164,4487,2121,10%,42
T089167,4487,4355,10%,42
T089169,4487,6119,10%,42
T089173,4487,5125,10%,42
T089178,4487,8654,10%,42
T089197,4487,305,10%,42
T089199,4487,3743,10%,42
T089208,4510,9292,10%,42
T089218,4510,8695,10%,42
T089224,4510,704,10%,42
T089225,4510,1895,10%,42
T089235,4510,1466,10%,42
T089236,4510,4818,10%,42
T089255,5409,206,10%,42
T089259,5409,863,10%,42
T089263,5409,1673,10%,42
T089269,5409,5514,10%,42
T089277,5409,2794,10%,42
T089286,5409,1125,10%,42
T089292,5409,7811,10%,42
T089293,5409,6339,10%,42
T089309,5746,5408,10%,42
T089320,5746,5360,10%,42
T089322,5746,5125,10%,42
T089332,5746,7740,10%,42
T089340,5746,1709,10%,42
T089341,5746,5261,10%,42
T089366,5752,1048,10%,42
T089384,5752,605,10%,42
T089391,5752,4263,10%,42
T089408,5793,5599,10%,42
T089423,5793,101,10%,42
T089427,5793,2551,10%,42
T089432,5793,5556,10%,42
T089442,5793,3715,10%,42
T089444,5793,243,10%,42
T089449,5793,403,10%,42
T089453,5828,2329,10%,42
T089471,5828,5752,10%,42
T089474,5828,1019,10%,42
T089480,5828,10120,10%,42
T089481,5828,2138,10%,42
T089495,5828,1050,10%,42
T089500,6274,6325,10%,42
T089514,6274,1014,10%,42
T089534,6274,9235,10%,42
T089540,6274,1501,10%,42
T089547,6274,267,10%,42
T089549,6274,1658,10%,42
T089567,6373,4890,10%,42
T089577,6373,6830,10%,42
T089578,6373,3901,10%,42
T089580,6373,8116,10%,42
T089589,6373,184,10%,42
T089590,6373,3496,10%,42
T089601,6887,2707,10%,42
T089608,6887,8922,10%,42
T089615,6887,5095,10%,42
T089617,6887,6299,10%,42
T089619,6887,2902,10%,42
T089621,6887,8019,10%,42
T089637,6887,255,10%,42
T089645,6887,787,10%,42
T089655,7440,2608,10%,42
T089658,7440,4257,10%,42
T089668,7440,1896,10%,42
T089673,7440,4469,10%,42
T089675,7440,1183,10%,42
T089689,7440,5786,10%,42
T089693,7440,2549,10%,42
T089694,7440,1184,10%,42
T089721,8050,9764,10%,42
T089746,8050,2740,10%,42
T089750,8127,917,10%,42
T089751,8127,6806,10%,42
T089752,8127,2549,10%,42
T089772,8127,4403,10%,42
T089791,8127,132,10%,42
T089794,8127,8861,10%,42
T089801,8236,9952,10%,42
T089811,8236,6514,10%,42
T089830,8236,6726,10%,42
T089835,8236,6213,10%,42
T089850,8816,3941,10%,42
T089853,8816,4207,10%,42
T089883,8816,9570,10%,42
T089909,8828,5761,10%,42
T089910,8828,1017,10%,42
T089969,9204,117,10%,42
T090000,9236,1918,10%,42
T090006,9236,4693,10%,42
T090008,9236,9638,10%,42
T090018,9236,550,10%,42
T090021,9236,267,10%,42
T090024,9236,1811,10%,42
T090043,9236,5034,10%,42
T090053,9515,7216,10%,42
T090061,9515,8324,10%,42
T090073,9515,5518,10%,42
T090082,9515,1588,10%,42
T090109,10040,8565,10%,42
T090112,10040,3951,10%,42
T090121,10040,7216,10%,42
T090123,10040,590,10%,42
T090126,10040,6509,10%,42
T090149,10040,2300,10%,42
T090152,10060,5319,10%,42
T090159,10060,3469,10%,42
T090161,10060,4622,10%,42
T090189,10060,7472,10%,42
T090190,10060,121,10%,42
T090196,10060,5322,10%,42
T090213,49,9543,10%,42
T090236,49,7601,10%,42
T090238,49,221,10%,42
T090243,49,1342,10%,42
T090250,131,9210,10%,42
T090254,131,73,10%,42
T090256,131,9650,10%,42
T090273,131,5166,10%,42
T090279,131,7299,10%,42
T090295,131,3630,10%,42
T090305,132,8241,10%,42
T090323,132,2522,10%,42
T090376,179,1861,10%,42
T090379,179,599,10%,42
T090393,179,5292,10%,42
T090398,179,8401,10%,42
T090415,185,1994,10%,42
T090421,185,8071,10%,42
T090423,185,5419,10%,42
T090440,185,9853,10%,42
T090442,185,7472,10%,42
T090447,185,8914,10%,42
T090450,411,524,10%,42
T090464,411,7645,10%,42
T090472,411,5438,10%,42
T090492,411,944,10%,42
T090505,435,1080,10%,42
T090509,435,10325,10%,42
T090514,435,2626,10%,42
T090519,435,3407,10%,42
T090526,435,936,10%,42
T090538,435,39,10%,42
T090541,435,5041,10%,42
T090547,435,3470,10%,42
T090552,889,891,10%,42
T090553,889,3374,10%,42
T090572,889,9087,10%,42
T090580,889,4169,10%,42
T090591,889,733,10%,42
T090605,1008,626,10%,42
T090613,1008,2549,10%,42
T090657,1062,3496,10%,42
T090664,1062,5278,10%,42
T090665,1062,7300,10%,42
T090683,1062,2393,10%,42
T090695,1062,5148,10%,42
T090717,1669,5958,10%,42
T090724,1669,995,10%,42
T090730,1669,5075,10%,42
T090750,1891,4151,10%,42
T090763,1891,7334,10%,42
T090788,1891,9790,10%,42
T090793,1891,3591,10%,42
T090797,1891,5592,10%,42
T090805,2291,2814,10%,42
T090817,2291,606,10%,42
T090821,2291,2196,10%,42
T090857,2306,1798,10%,42
T090875,2306,453,10%,42
T090882,2306,95,10%,42
T090906,3010,2804,10%,42
T090907,3010,1188,10%,42
T090918,3010,5973,10%,42
T090919,3010,941,10%,42
T090929,3010,1306,10%,42
T090938,3010,1786,10%,42
T090940,3010,2167,10%,42
T090941,3010,7317,10%,42
T090973,3951,4169,10%,42
T090994,3951,4847,10%,42
T091006,4011,279,10%,42
T091038,4011,2674,10%,42
T091039,4011,1179,10%,42
T091043,4011,2554,10%,42
T091047,4011,4303,10%,42
T091062,4257,5261,10%,42
T091066,4257,5026,10%,42
T091095,4257,3687,10%,42
T091099,4257,517,10%,42
T091121,4292,1159,10%,42
T091131,4292,10030,10%,42
T091133,4292,7471,10%,42
T091140,4292,1318,10%,42
T091151,4399,6745,10%,42
T091167,4399,9292,10%,42
T091186,4399,9747,10%,42
T091189,4399,2912,10%,42
T091247,4450,654,10%,42
T091270,5202,7216,10%,42
T091281,5202,5127,10%,42
T091289,5202,89,10%,42
T091292,5202,926,10%,42
T091294,5202,3098,10%,42
T091335,5235,1994,10%,42
T091343,5235,3498,10%,42
T091348,5235,2677,10%,42
T091351,5319,3645,10%,42
T091355,5319,3667,10%,42
T091384,5319,9486,10%,42
T091396,5319,7714,10%,42
T091400,5436,8108,10%,42
T091409,5436,2432,10%,42
T091410,5436,9852,10%,42
T091411,5436,3570,10%,42
T091413,5436,9371,10%,42
T091416,5436,244,10%,42
T091421,5436,5887,10%,42
T091425,5436,10071,10%,42
T091433,5436,9849,10%,42
T091441,5436,6370,10%,42
T091443,5436,8745,10%,42
T091447,5436,4364,10%,42
T091458,6059,5377,10%,42
T091461,6059,730,10%,42
T091483,6059,4352,10%,42
T091504,6244,6079,10%,42
T091521,6244,9850,10%,42
T091538,6244,1388,10%,42
T091541,6244,1136,10%,42
T091555,6271,10148,10%,42
T091563,6271,5245,10%,42
T091573,6271,220,10%,42
T091584,6271,1810,10%,42
T091588,6271,6409,10%,42
T091597,6271,7801,10%,42
T091598,6271,3779,10%,42
T091609,6513,2657,10%,42
T091611,6513,2009,10%,42
T091615,6513,3209,10%,42
T091639,6513,1047,10%,42
T091642,6513,6500,10%,42
T091656,6663,4051,10%,42
T091665,6663,1801,10%,42
T091672,6663,6172,10%,42
T091674,6663,4183,10%,42
T091697,6663,7090,10%,42
T091698,6663,10040,10%,42
T091703,6756,5061,10%,42
T091721,6756,3624,10%,42
T091733,6756,649,10%,42
T091734,6756,862,10%,42
T091746,6756,4187,10%,42
T091747,6756,2581,10%,42
T091749,6756,6049,10%,42
T091761,6960,2806,10%,42
T091771,6960,79,10%,42
T091780,6960,629,10%,42
T091783,6960,6934,10%,42
T091801,6993,4054,10%,42
T091806,6993,2814,10%,42
T091822,6993,1286,10%,42
T091824,6993,10079,10%,42
T091841,6993,1095,10%,42
T091847,6993,9230,10%,42
T091852,7464,4139,10%,42
T091884,7464,4741,10%,42
T091886,7464,183,10%,42
T091889,7464,2639,10%,42
T091890,7464,8654,10%,42
T091895,7464,2987,10%,42
T091898,7464,209,10%,42
T091906,7698,5830,10%,42
T091910,7698,6170,10%,42
T091913,7698,5210,10%,42
T091926,7698,1370,10%,42
T091945,7698,772,10%,42
T091948,7698,4031,10%,42
T091958,7981,9193,10%,42
T091962,7981,6323,10%,42
T091980,7981,4603,10%,42
T091986,7981,2941,10%,42
T091989,7981,6284,10%,42
T092016,8234,7537,10%,42
T092026,8234,3743,10%,42
T092033,8234,4585,10%,42
T092037,8234,7024,10%,42
T092039,8234,1200,10%,42
T092040,8234,4232,10%,42
T092045,8234,976,10%,42
T092048,8234,2358,10%,42
T092080,8476,3586,10%,42
T092081,8476,7103,10%,42
T092094,8476,3629,10%,42
T092108,8507,3451,10%,42
T092110,8507,6370,10%,42
T092133,8507,5706,10%,42
T092134,8507,4212,10%,42
T092135,8507,4373,10%,42
T092138,8507,2333,10%,42
T092143,8507,359,10%,42
T092167,8950,6437,10%,42
T092181,8950,2834,10%,42
T092191,8950,843,10%,42
T092193,8950,5170,10%,42
T092194,8950,529,10%,42
T092196,8950,1179,10%,42
T092198,8950,4111,10%,42
T092206,9545,6871,10%,42
T092234,9545,385,10%,42
T092235,9545,8007,10%,42
T092239,9545,1131,10%,42
T092255,10080,7076,10%,42
T092271,10080,2657,10%,42
T092274,10080,9254,10%,42
T092298,10080,4100,10%,42
T092312,10148,8791,10%,42
T092334,10148,104,10%,42
T092336,10148,2499,10%,42
T092337,10148,8781,10%,42
T092345,10148,5927,10%,42
T092374,109,9189,10%,42
T092375,109,3606,10%,42
T092379,109,2412,10%,42
T092381,109,255,10%,42
T092412,191,10281,10%,42
T092421,191,6638,10%,42
T092472,421,264,10%,42
T092478,421,172,10%,42
T092487,421,2678,10%,42
T092493,421,6405,10%,42
T092513,1019,4920,10%,42
T092521,1019,58,10%,42
T092553,1179,5210,10%,42
T092560,1179,800,10%,42
T092565,1179,3687,10%,42
T092581,1179,9351,10%,42
T092592,1179,3330,10%,42
T092594,1179,6873,10%,42
T092622,1286,13,10%,42
T092637,1286,426,10%,42
T092643,1286,2439,10%,42
T092655,1523,9292,10%,42
T092667,1523,7940,10%,42
T092671,1523,5392,10%,42
T092729,1538,10281,10%,42
T092739,1538,4263,10%,42
T092756,1546,2818,10%,42
T092762,1546,5132,10%,42
T092771,1546,7392,10%,42
T092775,1546,210,10%,42
T092784,1546,6063,10%,42
T092788,1546,69,10%,42
T092800,1985,1935,10%,42
T092801,1985,3715,10%,42
T092815,1985,226,10%,42
T092823,1985,4445,10%,42
T092855,2009,2439,10%,42
T092862,2009,4890,10%,42
T092879,2009,453,10%,42
T092887,2009,93,10%,42
T092900,2227,3609,10%,42
T092914,2227,4046,10%,42
T092917,2227,10067,10%,42
T092922,2227,7901,10%,42
T092924,2227,3306,10%,42
T092968,2240,275,10%,42
T092974,2240,5503,10%,42
T092976,2240,6833,10%,42
T092990,2240,995,10%,42
T092993,2240,1861,10%,42
T093000,2478,6675,10%,42
T093004,2478,4576,10%,42
T093013,2478,521,10%,42
T093025,2478,6049,10%,42
T093046,2478,1207,10%,42
T093058,2520,2194,10%,42
T093064,2520,3098,10%,42
T093070,2520,3356,10%,42
T093079,2520,10231,10%,42
T093092,2520,2984,10%,42
T093095,2520,1361,10%,42
T093101,3004,7402,10%,42
T093102,3004,5286,10%,42
T093108,3004,2509,10%,42
T093117,3004,1188,10%,42
T093126,3004,4210,10%,42
T093131,3004,7776,10%,42
T093132,3004,7673,10%,42
T093157,3676,3205,10%,42
T093170,3676,917,10%,42
T093179,3676,1626,10%,42
T093195,3676,36,10%,42
T093200,3825,1838,10%,42
T093207,3825,8198,10%,42
T093230,3825,6573,10%,42
T093249,3825,7079,10%,42
T093255,3926,2023,10%,42
T093258,3926,1876,10%,42
T093269,3926,130,10%,42
T093274,3926,847,10%,42
T093276,3926,5261,10%,42
T093281,3926,2393,10%,42
T093291,3926,177,10%,42
T093301,4064,975,10%,42
T093307,4064,610,10%,42
T093308,4064,6265,10%,42
T093322,4064,6840,10%,42
T093325,4064,4263,10%,42
T093332,4064,258,10%,42
T093333,4064,9572,10%,42
T093344,4064,1042,10%,42
T093355,4151,626,10%,42
T093368,4151,2769,10%,42
T093376,4151,1533,10%,42
T093383,4151,3788,10%,42
T093402,5273,3400,10%,42
T093411,5273,211,10%,42
T093416,5273,1867,10%,42
T093419,5273,5191,10%,42
T093420,5273,4702,10%,42
T093428,5273,598,10%,42
T093449,5273,9351,10%,42
T093460,5958,9543,10%,42
T093467,5958,383,10%,42
T093477,5958,7375,10%,42
T093479,5958,4373,10%,42
T093481,5958,5643,10%,42
T093510,6030,5366,10%,42
T093528,6030,5419,10%,42
T093536,6030,936,10%,42
T093569,6045,2404,10%,42
T093583,6045,1918,10%,42
T093595,6045,2602,10%,42
T093596,6045,697,10%,42
T093598,6045,404,10%,42
T093610,6412,985,10%,42
T093611,6412,7489,10%,42
T093623,6412,270,10%,42
T093624,6412,3496,10%,42
T093639,6412,5949,10%,42
T093646,6412,2984,10%,42
T093648,6412,2935,10%,42
T093661,6432,8794,10%,42
T093685,6432,2700,10%,42
T093705,6441,8067,10%,42
T093713,6441,8088,10%,42
T093717,6441,5990,10%,42
T093730,6441,7440,10%,42
T093743,6441,453,10%,42
T093757,6483,5547,10%,42
T093763,6483,1342,10%,42
T093773,6483,2417,10%,42
T093785,6483,9849,10%,42
T093803,6599,1784,10%,42
T093806,6599,4597,10%,42
T093859,6996,2083,10%,42
T093863,6996,9940,10%,42
T093866,6996,354,10%,42
T093896,6996,4531,10%,42
T093906,7088,4281,10%,42
T093932,7088,5824,10%,42
T093961,7888,3743,10%,42
T093985,7888,3421,10%,42
T093992,7888,10231,10%,42
T094000,8074,9257,10%,42
T094010,8074,484,10%,42
T094018,8074,5627,10%,42
T094026,8074,5618,10%,42
T094059,8303,2204,10%,42
T094061,8303,5834,10%,42
T094063,8303,3331,10%,42
T094065,8303,97,10%,42
T094092,8303,354,10%,42
T094095,8303,6833,10%,42
T094101,8695,2291,10%,42
T094108,8695,7031,10%,42
T094127,8695,5436,10%,42
T094144,8695,10177,10%,42
T094155,8794,185,10%,42
T094174,8794,1709,10%,42
T094194,8794,3764,10%,42
T094196,8794,9210,10%,42
T094203,8883,6181,10%,42
T094219,8883,5926,10%,42
T094223,8883,2770,10%,42
T094225,8883,2404,10%,42
T094244,8883,8146,10%,42
T094252,9193,9940,10%,42
T094258,9193,1098,10%,42
T094262,9193,7792,10%,42
T094270,9193,6499,10%,42
T094312,9311,58,10%,42
T094316,9311,2333,10%,42
T094331,9311,158,10%,42
T094374,9512,3825,10%,42
T094379,9512,2099,10%,42
T094381,9512,6109,10%,42
T094412,9533,5793,10%,42
T094414,9533,67,10%,42
T094460,9849,2352,10%,42
T094488,9849,6232,10%,42
T094491,9849,6303,10%,42
T094502,59,203,10%,42
T094529,59,2941,10%,42
T094558,124,4949,10%,42
T094563,124,383,10%,42
T094564,124,1207,10%,42
T094567,124,5271,10%,42
T094570,124,1755,10%,42
T094571,124,7896,10%,42
T094584,124,137,10%,42
T094585,124,917,10%,42
T094598,124,6951,10%,42
T094599,124,5094,10%,42
T094601,159,5828,10%,42
T094604,159,6981,10%,42
T094614,159,1362,10%,42
T094623,159,5015,10%,42
T094631,159,5338,10%,42
T094634,159,3386,10%,42
T094638,159,6405,10%,42
T094656,175,2786,10%,42
T094682,175,4409,10%,42
T094692,175,4365,10%,42
T094702,183,2535,10%,42
T094748,183,1595,10%,42
T094766,210,3348,10%,42
T094798,210,6071,10%,42
T094802,360,610,10%,42
T094809,360,2656,10%,42
T094830,360,7803,10%,42
T094841,360,4168,10%,42
T094844,360,208,10%,42
T094855,571,185,10%,42
T094860,571,1184,10%,42
T094864,571,9039,10%,42
T094866,571,9771,10%,42
T094869,571,3451,10%,42
T094870,571,3469,10%,42
T094878,571,209,10%,42
T094882,571,5159,10%,42
T094896,571,2567,10%,42
T094927,903,4191,10%,42
T094939,903,9084,10%,42
T094941,903,7162,10%,42
T094944,903,9792,10%,42
T094945,903,4248,10%,42
T094946,903,492,10%,42
T094950,1342,3804,10%,42
T094956,1342,1120,10%,42
T094958,1342,1657,10%,42
T094960,1342,8071,10%,42
T094961,1342,2707,10%,42
T094964,1342,8074,10%,42
T094967,1342,3484,10%,42
T094970,1342,7698,10%,42
T094973,1342,9106,10%,42
T094980,1342,136,10%,42
T094981,1342,10333,10%,42
T094993,1342,521,10%,42
T095019,2355,4145,10%,42
T095069,2591,4347,10%,42
T095088,2591,341,10%,42
T095093,2591,4121,10%,42
T095104,2697,3721,10%,42
T095123,2697,4151,10%,42
T095127,2697,5540,10%,42
T095141,2697,4711,10%,42
T095152,2707,4290,10%,42
T095168,2707,973,10%,42
T095172,2707,947,10%,42
T095177,2707,6357,10%,42
T095182,2707,7896,10%,42
T095183,2707,3648,10%,42
T095196,2707,2200,10%,42
T095203,2715,611,10%,42
T095215,2715,903,10%,42
T095237,2715,7977,10%,42
T095239,2715,2165,10%,42
T095255,2912,24,10%,42
T095270,2912,7518,10%,42
T095286,2912,209,10%,42
T095310,2938,7299,10%,42
T095316,2938,1175,10%,42
T095319,2938,509,10%,42
T095327,2938,1679,10%,42
T095334,2938,1002,10%,42
T095345,2938,4168,10%,42
T095355,3240,5795,10%,42
T095361,3240,411,10%,42
T095363,3240,4646,10%,42
T095380,3240,7319,10%,42
T095382,3240,2644,10%,42
T095395,3240,200,10%,42
T095402,3570,5315,10%,42
T095409,3570,5381,10%,42
T095425,3570,338,10%,42
T095438,3570,2078,10%,42
T095439,3570,39,10%,42
T095468,3583,3741,10%,42
T095473,3583,5319,10%,42
T095475,3583,3741,10%,42
T095477,3583,6811,10%,42
T095480,3583,527,10%,42
T095496,3583,2897,10%,42
T095516,4044,8476,10%,42
T095521,4044,4706,10%,42
T095524,4044,3895,10%,42
T095581,4072,895,10%,42
T095587,4072,5622,10%,42
T095592,4072,4606,10%,42
T095596,4072,9764,10%,42
T095599,4072,6412,10%,42
T095618,5061,7970,10%,42
T095622,5061,7162,10%,42
T095630,5061,1679,10%,42
T095656,5063,8186,10%,42
T095661,5063,9323,10%,42
T095663,5063,128,10%,42
T095664,5063,1863,10%,42
T095682,5063,305,10%,42
T095685,5063,5643,10%,42
T095689,5063,6441,10%,42
T095690,5063,4856,10%,42
T095691,5063,343,10%,42
T095696,5063,5091,10%,42
T095701,5153,2479,10%,42
T095702,5153,2131,10%,42
T095719,5153,32,10%,42
T095722,5153,6063,10%,42
T095734,5153,5887,10%,42
T095760,5656,610,10%,42
T095767,5656,7422,10%,42
T095783,5656,5488,10%,42
T095787,5656,193,10%,42
T095800,5761,6244,10%,42
T095807,5761,290,10%,42
T095814,5761,280,10%,42
T095818,5761,8507,10%,42
T095820,5761,1785,10%,42
T095866,5812,924,10%,42
T095868,5812,9830,10%,42
T095872,5812,6993,10%,42
T095881,5812,8089,10%,42
T095890,5812,377,10%,42
T095897,5812,1242,10%,42
T095900,6081,5446,10%,42
T095914,6081,5540,10%,42
T095923,6081,88,10%,42
T095956,6088,2522,10%,42
T095959,6088,9241,10%,42
T095972,6088,9558,10%,42
T095976,6088,7319,10%,42
T095987,6088,509,10%,42
T095989,6088,6014,10%,42
T096002,6097,1084,10%,42
T096003,6097,2271,10%,42
T096035,6097,2218,10%,42
T096043,6097,4939,10%,42
T096046,6097,1188,10%,42
T096058,6172,6631,10%,42
T096076,6172,2271,10%,42
T096087,6172,3209,10%,42
T096096,6172,1219,10%,42
T096115,6238,7901,10%,42
T096120,6238,6172,10%,42
T096139,6238,1183,10%,42
T096153,6303,8,10%,42
T096155,6303,688,10%,42
T096163,6303,2916,10%,42
T096177,6303,3813,10%,42
T096204,6575,567,10%,42
T096210,6575,10079,10%,42
T096212,6575,3098,10%,42
T096219,6575,3055,10%,42
T096220,6575,6071,10%,42
T096231,6575,1123,10%,42
T096232,6575,9210,10%,42
T096238,6575,152,10%,42
T096242,6575,7472,10%,42
T096243,6575,3025,10%,42
T096249,6575,253,10%,42
T096264,7600,7155,10%,42
T096295,7600,7162,10%,42
T096299,7600,4238,10%,42
T096304,7894,4033,10%,42
T096307,7894,10206,10%,42
T096309,7894,1649,10%,42
T096315,7894,5592,10%,42
T096317,7894,7786,10%,42
T096318,7894,6357,10%,42
T096321,7894,3503,10%,42
T096340,7894,255,10%,42
T096350,8088,5171,10%,42
T096379,8088,1102,10%,42
T096380,8088,4269,10%,42
T096402,8114,3775,10%,42
T096413,8114,343,10%,42
T096424,8114,6412,10%,42
T096427,8114,903,10%,42
T096429,8114,18,10%,42
T096435,8114,1909,10%,42
T096446,8114,562,10%,42
T096452,8116,6023,10%,42
T096471,8116,3103,10%,42
T096487,8116,1094,10%,42
T096491,8116,6263,10%,42
T096498,8116,2138,10%,42
T096500,8198,436,10%,42
T096501,8198,1133,10%,42
T096502,8198,4375,10%,42
T096513,8198,2441,10%,42
T096515,8198,8075,10%,42
T096521,8198,4955,10%,42
T096569,8866,5271,10%,42
T096570,8866,6361,10%,42
T096600,9168,1047,10%,42
T096615,9168,2544,10%,42
T096637,9168,629,10%,42
T096654,9229,121,10%,42
T096660,9229,5172,10%,42
T096686,9229,8794,10%,42
T096695,9229,2697,10%,42
T096698,9229,3518,10%,42
T096699,9229,9230,10%,42
T096704,9726,2883,10%,42
T096711,9726,980,10%,42
T096720,9726,3588,10%,42
T096729,9726,7116,10%,42
T096737,9726,4215,10%,42
T096752,278,196,10%,42
T096759,278,1843,10%,42
T096774,278,4743,10%,42
T096791,278,2637,10%,42
T096797,278,2027,10%,42
T096807,330,4387,10%,42
T096820,330,5392,10%,42
T096821,330,6409,10%,42
T096830,330,1039,10%,42
T096834,330,7042,10%,42
T096854,398,7672,10%,42
T096858,398,9241,10%,42
T096860,398,571,10%,42
T096862,398,6631,10%,42
T096864,398,1631,10%,42
T096881,398,8266,10%,42
T096884,398,5180,10%,42
T096886,398,5322,10%,42
T096900,663,4978,10%,42
T096910,663,6030,10%,42
T096927,663,2645,10%,42
T096930,663,2347,10%,42
T096943,663,3362,10%,42
T096966,771,1727,10%,42
T096971,771,5267,10%,42
T096980,771,6071,10%,42
T096983,771,3498,10%,42
T096992,771,5048,10%,42
T097003,855,3153,10%,42
T097013,855,7432,10%,42
T097019,855,57,10%,42
T097024,855,1398,10%,42
T097025,855,3588,10%,42
T097034,855,6891,10%,42
T097045,855,3052,10%,42
T097051,943,2961,10%,42
T097052,943,2473,10%,42
T097066,943,6213,10%,42
T097089,943,85,10%,42
T097096,943,5075,10%,42
T097099,943,3177,10%,42
T097113,1116,606,10%,42
T097126,1116,1613,10%,42
T097153,1244,2613,10%,42
T097162,1244,6750,10%,42
T097165,1244,2275,10%,42
T097176,1244,3593,10%,42
T097184,1244,3572,10%,42
T097187,1244,280,10%,42
T097197,1244,2204,10%,42
T097208,1250,1022,10%,42
T097225,1250,8496,10%,42
T097230,1250,6244,10%,42
T097250,1361,3350,10%,42
T097254,1361,2397,10%,42
T097270,1361,1501,10%,42
T097273,1361,1861,10%,42
T097281,1361,1398,10%,42
T097283,1361,3450,10%,42
T097290,1361,607,10%,42
T097303,1786,7002,10%,42
T097307,1786,340,10%,42
T097321,1786,8050,10%,42
T097327,1786,5009,10%,42
T097333,1786,2551,10%,42
T097366,1938,7116,10%,42
T097392,1938,2446,10%,42
T097399,1938,7090,10%,42
T097413,2200,7766,10%,42
T097414,2200,2000,10%,42
T097418,2200,227,10%,42
T097431,2200,1693,10%,42
T097446,2200,137,10%,42
T097456,2522,672,10%,42
T097472,2522,578,10%,42
T097477,2522,4292,10%,42
T097487,2522,485,10%,42
T097492,2522,607,10%,42
T097511,2866,412,10%,42
T097516,2866,7120,10%,42
T097531,2866,6201,10%,42
T097569,2892,4190,10%,42
T097573,2892,7422,10%,42
T097615,3003,131,10%,42
T097629,3003,3971,10%,42
T097633,3003,172,10%,42
T097644,3003,1241,10%,42
T097656,3139,5317,10%,42
T097657,3139,3693,10%,42
T097669,3139,8778,10%,42
T097670,3139,1177,10%,42
T097685,3139,3567,10%,42
T097690,3139,6263,10%,42
T097724,3206,959,10%,42
T097728,3206,10195,10%,42
T097747,3206,6552,10%,42
T097774,3606,1090,10%,42
T097776,3606,886,10%,42
T097777,3606,2138,10%,42
T097793,3606,83,10%,42
T097797,3606,3398,10%,42
T097803,3648,869,10%,42
T097805,3648,3517,10%,42
T097834,3648,3804,10%,42
T097852,3914,980,10%,42
T097854,3914,4861,10%,42
T097889,3914,7162,10%,42
T097891,3914,3224,10%,42
T097900,4062,42,10%,42
T097911,4062,3296,10%,42
T097915,4062,3134,10%,42
T097925,4062,764,10%,42
T097930,4062,3775,10%,42
T097945,4062,1379,10%,42
T097959,4531,862,10%,42
T097961,4531,4355,10%,42
T097983,4531,1843,10%,42
T097991,4531,206,10%,42
T097996,4531,8663,10%,42
T098013,4597,2291,10%,42
T098016,4597,3025,10%,42
T098031,4597,3922,10%,42
T098038,4597,3410,10%,42
T098039,4597,6873,10%,42
T098041,4597,2644,10%,42
T098047,4597,7216,10%,42
T098060,4646,2769,10%,42
T098079,4646,1891,10%,42
T098083,4646,5063,10%,42
T098085,4646,581,10%,42
T098093,4646,3591,10%,42
T098104,4887,266,10%,42
T098126,4887,5278,10%,42
T098132,4887,435,10%,42
T098136,4887,2505,10%,42
T098155,5125,1422,10%,42
T098174,5125,355,10%,42
T098190,5125,1669,10%,42
T098241,5159,6821,10%,42
T098253,5267,4790,10%,42
T098263,5267,6514,10%,42
T098266,5267,3276,10%,42
T098267,5267,5846,10%,42
T098270,5267,5589,10%,42
T098272,5267,774,10%,42
T098331,5377,3153,10%,42
T098337,5377,821,10%,42
T098348,5377,3421,10%,42
T098358,5408,59,10%,42
T098371,5408,7167,10%,42
T098374,5408,2559,10%,42
T098375,5408,4620,10%,42
T098376,5408,6594,10%,42
T098381,5408,5067,10%,42
T098386,5408,5385,10%,42
T098393,5408,5828,10%,42
T098418,5527,5993,10%,42
T098422,5527,36,10%,42
T098425,5527,306,10%,42
T098437,5527,3068,10%,42
T098438,5527,10080,10%,42
T098454,6871,4164,10%,42
T098471,6871,10101,10%,42
T098472,6871,2770,10%,42
T098474,6871,5549,10%,42
T098483,6871,1984,10%,42
T098539,6983,404,10%,42
T098553,7176,343,10%,42
T098567,7176,3118,10%,42
T098571,7176,858,10%,42
T098580,7176,2329,10%,42
T098585,7176,8975,10%,42
T098666,7776,1244,10%,42
T098678,7776,8469,10%,42
T098684,7776,8615,10%,42
T098687,7776,7155,10%,42
T098689,7776,1243,10%,42
T098695,7776,5239,10%,42
T098703,7788,5500,10%,42
T098705,7788,1084,10%,42
T098707,7788,9189,10%,42
T098709,7788,1655,10%,42
T098714,7788,4693,10%,42
T098718,7788,8380,10%,42
T098732,7788,3779,10%,42
T098745,7788,5271,10%,42
T098757,7792,6365,10%,42
T098759,7792,532,10%,42
T098760,7792,1610,10%,42
T098765,7792,6097,10%,42
T098776,7792,1219,10%,42
T098779,7792,9830,10%,42
T098803,7796,6198,10%,42
T098839,7796,5252,10%,42
T098846,7796,6669,10%,42
T098850,7856,4887,10%,42
T098851,7856,9241,10%,42
T098863,7856,2404,10%,42
T098872,7856,974,10%,42
T098874,7856,257,10%,42
T098876,7856,138,10%,42
T098884,7856,7002,10%,42
T098888,7856,8926,10%,42
T098916,7984,2080,10%,42
T098921,7984,5599,10%,42
T098927,7984,2575,10%,42
T098938,7984,2794,10%,42
T098943,7984,1876,10%,42
T098947,7984,546,10%,42
T098965,8691,6071,10%,42
T098977,8691,87,10%,42
T098984,8691,2559,10%,42
T099000,9216,1798,10%,42
T099045,9216,2734,10%,42
T099062,9272,7766,10%,42
T099066,9272,341,10%,42
T099070,9272,941,10%,42
T099084,9272,8819,10%,42
T099097,9272,9844,10%,42
T099100,9369,7788,10%,42
T099101,9369,8339,10%,42
T099123,9369,217,10%,42
T099133,9369,5752,10%,42
T099147,9369,565,10%,42
T099163,10177,4051,10%,42
T099173,10177,4024,10%,42
T099175,10177,2644,10%,42
T099178,10177,9311,10%,42
T099181,10177,256,10%,42
T099183,10177,4248,10%,42
T099187,10177,4563,10%,42
T099198,10177,3056,10%,42
T099205,10188,193,10%,42
T099208,10188,9020,10%,42
T099241,10188,8304,10%,42
T099252,10195,24,10%,42
T099253,10195,93,10%,42
T099255,10195,3520,10%,42
T099268,10195,9533,10%,42
T099288,10195,2618,10%,42
T099300,95,3331,10%,42
T099309,95,664,10%,42
T099318,95,6396,10%,42
T099322,95,2510,10%,42
T099343,95,2814,10%,42
T099347,95,5610,10%,42
T099349,95,9515,10%,42
T099357,280,3384,10%,42
T099363,280,8783,10%,42
T099371,280,6306,10%,42
T099392,280,6059,10%,42
T099395,280,3951,10%,42
T099401,365,601,10%,42
T099402,365,6151,10%,42
T099428,365,5298,10%,42
T099436,365,3177,10%,42
T099438,365,5622,10%,42
T099439,365,626,10%,42
T099442,365,9020,10%,42
T099446,365,5127,10%,42
T099458,492,585,10%,42
T099460,492,3767,10%,42
T099476,492,2608,10%,42
T099486,492,3938,10%,42
T099489,492,7144,10%,42
T099506,528,7250,10%,42
T099584,539,8063,10%,42
T099590,539,258,10%,42
T099603,573,1209,10%,42
T099606,573,175,10%,42
T099607,573,279,10%,42
T099624,573,1542,10%,42
T099632,573,7162,10%,42
T099641,573,71,10%,42
T099649,573,469,10%,42
T099650,1126,2473,10%,42
T099661,1126,2420,10%,42
T099667,1126,3139,10%,42
T099675,1126,5503,10%,42
T099676,1126,1985,10%,42
T099680,1126,1005,10%,42
T099690,1126,2661,10%,42
T099707,1175,772,10%,42
T099724,1175,8814,10%,42
T099729,1175,3296,10%,42
T099738,1175,2333,10%,42
T099740,1175,2829,10%,42
T099743,1175,2637,10%,42
T099744,1175,671,10%,42
T099774,1216,985,10%,42
T099775,1216,2941,10%,42
T099778,1216,1204,10%,42
T099779,1216,7890,10%,42
T099782,1216,8866,10%,42
T099790,1216,6441,10%,42
T099794,1216,6092,10%,42
T099799,1216,3241,10%,42
T099804,1362,4503,10%,42
T099808,1362,1588,10%,42
T099814,1362,5563,10%,42
T099818,1362,6119,10%,42
T099830,1362,6558,10%,42
T099847,1362,1007,10%,42
T099850,1592,338,10%,42
T099854,1592,2802,10%,42
T099862,1592,49,10%,42
T099876,1592,1645,10%,42
T099884,1592,1595,10%,42
T099889,1592,4955,10%,42
T099895,1592,2650,10%,42
T099923,1888,1150,10%,42
T099925,1888,3046,10%,42
T099936,1888,6513,10%,42
T099942,1888,2552,10%,42
T099952,1910,1494,10%,42
T099956,1910,477,10%,42
T099961,1910,6023,10%,42
T099963,1910,6339,10%,42
T099969,1910,4226,10%,42
T099975,1910,1545,10%,42
T099994,1910,1888,10%,42
T099996,1910,249,10%,42
