image_id,true_identity,assigned_identity,noise_level,seed
T000123,138,3459,5%,42
T000173,1321,6685,5%,42
T000180,1321,2804,5%,42
T000202,3384,7300,5%,42
T000233,3384,1709,5%,42
T000240,3384,8303,5%,42
T000286,2188,2949,5%,42
T000305,3024,3676,5%,42
T000311,3024,275,5%,42
T000317,3024,275,5%,42
T000337,3024,4711,5%,42
T000347,3024,187,5%,42
T000362,872,8663,5%,42
T000377,872,8444,5%,42
T000405,2749,5714,5%,42
T000413,2749,46,5%,42
T000427,2749,9923,5%,42
T000450,4111,2941,5%,42
T000461,4111,1375,5%,42
T000467,4111,1876,5%,42
T000471,4111,673,5%,42
T000475,4111,6575,5%,42
T000494,4111,889,5%,42
T000549,2189,6787,5%,42
T000555,5287,4808,5%,42
T000582,5287,3055,5%,42
T000585,5287,5725,5%,42
T000587,5287,5889,5%,42
T000595,5287,7037,5%,42
T000603,6374,8416,5%,42
T000647,6374,891,5%,42
T000653,4670,3871,5%,42
T000744,41,1079,5%,42
T000852,4968,893,5%,42
T000857,4968,9836,5%,42
T000865,4968,2965,5%,42
T000877,4968,3870,5%,42
T000903,37,1959,5%,42
T000970,6224,1935,5%,42
T000976,6224,333,5%,42
T000982,6224,7981,5%,42
T000996,6224,4183,5%,42
T000999,6224,9997,5%,42
T001051,6332,738,5%,42
T001095,6332,1098,5%,42
T001107,1317,4292,5%,42
T001110,1317,8067,5%,42
T001131,1317,5834,5%,42
T001171,658,32,5%,42
T001249,1299,5846,5%,42
T001257,1245,4621,5%,42
T001272,1245,5839,5%,42
T001355,256,5067,5%,42
T001364,256,1286,5%,42
T001381,256,462,5%,42
T001403,4401,4312,5%,42
T001408,4401,4603,5%,42
T001431,4401,2806,5%,42
T001438,4401,8791,5%,42
T001457,23,9987,5%,42
T001458,23,193,5%,42
T001485,23,966,5%,42
T001489,23,5067,5%,42
T001506,194,2027,5%,42
T001513,194,605,5%,42
T001530,194,5657,5%,42
T001552,1822,1004,5%,42
T001556,1822,10535,5%,42
T001559,1822,1468,5%,42
T001570,1822,9936,5%,42
T001593,1822,3676,5%,42
T001595,1822,764,5%,42
T001612,3989,9524,5%,42
T001643,3989,6777,5%,42
T001685,1226,6094,5%,42
T001686,1226,9118,5%,42
T001703,513,6271,5%,42
T001708,513,1933,5%,42
T001716,513,6675,5%,42
T001720,513,18,5%,42
T001723,513,9544,5%,42
T001731,513,497,5%,42
T001749,513,2227,5%,42
T001771,8071,1266,5%,42
T001775,8071,2715,5%,42
T001802,2439,8739,5%,42
T001847,2439,9292,5%,42
T001875,4478,578,5%,42
T001911,5830,158,5%,42
T002040,69,9237,5%,42
T002047,69,4486,5%,42
T002164,2738,191,5%,42
T002187,2738,280,5%,42
T002196,2738,2935,5%,42
T002198,2738,524,5%,42
T002202,5444,2644,5%,42
T002218,5444,5408,5%,42
T002231,5444,3007,5%,42
T002246,5444,470,5%,42
T002255,6023,2794,5%,42
T002275,6023,2804,5%,42
T002277,6023,6406,5%,42
T002283,6023,2040,5%,42
T002284,6023,6509,5%,42
T002299,6023,8855,5%,42
T002347,3274,2275,5%,42
T002366,21,6202,5%,42
T002413,2986,6954,5%,42
T002417,2986,1801,5%,42
T002449,2986,2308,5%,42
T002465,18,7925,5%,42
T002469,18,3190,5%,42
T002492,18,148,5%,42
T002501,47,4145,5%,42
T002522,47,5210,5%,42
T002528,47,9519,5%,42
T002534,47,3066,5%,42
T002548,47,2293,5%,42
T002574,3,456,5%,42
T002580,3,4958,5%,42
T002583,3,250,5%,42
T002632,2639,6128,5%,42
T002657,14,7759,5%,42
T002711,1595,647,5%,42
T002727,1595,2987,5%,42
T002732,1595,4706,5%,42
T002740,1595,4682,5%,42
T002776,4362,360,5%,42
T002794,4362,2554,5%,42
T002797,4362,9199,5%,42
T002811,1649,9241,5%,42
T002878,2027,7987,5%,42
T002884,2027,383,5%,42
T002910,291,599,5%,42
T002923,291,1204,5%,42
T002932,291,1603,5%,42
T002967,4312,7115,5%,42
T002975,4312,4646,5%,42
T002988,4312,1122,5%,42
T003020,4290,385,5%,42
T003024,4290,7372,5%,42
T003029,4290,1466,5%,42
T003079,2644,1008,5%,42
T003088,2644,7529,5%,42
T003126,6049,4329,5%,42
T003132,6049,238,5%,42
T003138,6049,3479,5%,42
T003173,1005,2243,5%,42
T003199,1005,863,5%,42
T003245,2526,787,5%,42
T003246,2526,808,5%,42
T003261,5447,1791,5%,42
T003265,5447,4844,5%,42
T003355,1014,8715,5%,42
T003363,1014,89,5%,42
T003378,1014,3729,5%,42
T003407,626,976,5%,42
T003423,626,8545,5%,42
T003431,626,6332,5%,42
T003433,626,5991,5%,42
T003441,626,8751,5%,42
T003443,626,4064,5%,42
T003467,2059,1422,5%,42
T003471,2059,267,5%,42
T003472,2059,7088,5%,42
T003474,2059,4208,5%,42
T003502,6723,3926,5%,42
T003508,6723,7542,5%,42
T003550,6811,7940,5%,42
T003590,6811,4670,5%,42
T003620,5889,2626,5%,42
T003650,5547,8867,5%,42
T003682,5547,4096,5%,42
T003684,5547,10195,5%,42
T003696,5547,4431,5%,42
T003701,8401,596,5%,42
T003721,8401,760,5%,42
T003734,8401,10293,5%,42
T003776,343,1727,5%,42
T003801,308,5503,5%,42
T003809,308,56,5%,42
T003814,308,10067,5%,42
T003819,308,9906,5%,42
T003823,308,6374,5%,42
T003831,308,3066,5%,42
T003852,3687,4487,5%,42
T003860,3687,1047,5%,42
T003880,3687,673,5%,42
T003882,3687,1,5%,42
T003889,3687,4874,5%,42
T003895,3687,5233,5%,42
T003905,2834,3764,5%,42
T003907,2834,7242,5%,42
T003940,2834,1115,5%,42
T003960,406,554,5%,42
T003961,406,86,5%,42
T004007,4238,1629,5%,42
T004009,4238,1388,5%,42
T004028,4238,690,5%,42
T004036,4238,3956,5%,42
T004049,4238,8206,5%,42
T004089,8313,130,5%,42
T004106,693,9544,5%,42
T004109,693,8746,5%,42
T004112,693,847,5%,42
T004124,693,582,5%,42
T004150,2390,8565,5%,42
T004160,2390,1592,5%,42
T004168,2390,7076,5%,42
T004170,2390,899,5%,42
T004178,2390,2535,5%,42
T004185,2390,9,5%,42
T004191,2390,714,5%,42
T004201,199,1095,5%,42
T004203,199,32,5%,42
T004229,199,5726,5%,42
T004240,199,5882,5%,42
T004258,1022,581,5%,42
T004303,1248,6601,5%,42
T004320,1248,3374,5%,42
T004334,1248,3010,5%,42
T004339,1248,632,5%,42
T004349,1248,5944,5%,42
T004401,476,4281,5%,42
T004438,476,534,5%,42
T004447,476,5769,5%,42
T004449,476,7684,5%,42
T004453,1764,8712,5%,42
T004499,1764,2749,5%,42
T004519,7601,6014,5%,42
T004535,7601,467,5%,42
T004537,7601,4769,5%,42
T004561,7766,6514,5%,42
T004565,7766,6301,5%,42
T004599,7766,10177,5%,42
T004619,1657,987,5%,42
T004642,1657,2439,5%,42
T004646,1657,2486,5%,42
T004653,578,170,5%,42
T004674,578,5364,5%,42
T004686,578,2697,5%,42
T004742,1236,57,5%,42
T004754,1039,3938,5%,42
T004788,1039,9940,5%,42
T004794,1039,59,5%,42
T004827,2013,5233,5%,42
T004829,2013,7030,5%,42
T004891,1147,3759,5%,42
T004899,1147,176,5%,42
T004907,176,6284,5%,42
T004911,176,7334,5%,42
T004934,176,4191,5%,42
T004942,176,1631,5%,42
T004953,39,7002,5%,42
T004958,39,1017,5%,42
T004965,39,4367,5%,42
T004984,39,4004,5%,42
T004987,39,6983,5%,42
T005011,1154,985,5%,42
T005015,1154,187,5%,42
T005050,5511,7937,5%,42
T005080,5511,3331,5%,42
T005096,5511,889,5%,42
T005098,5511,6605,5%,42
T005101,7002,9236,5%,42
T005119,7002,683,5%,42
T005124,7002,5982,5%,42
T005144,7002,264,5%,42
T005195,4038,3114,5%,42
T005232,469,3430,5%,42
T005273,4367,279,5%,42
T005289,4367,6745,5%,42
T005306,3941,198,5%,42
T005323,3941,4523,5%,42
T005345,3941,84,5%,42
T005353,6232,4499,5%,42
T005361,6232,4502,5%,42
T005399,6232,4212,5%,42
T005407,9237,270,5%,42
T005419,9237,4420,5%,42
T005427,9237,6602,5%,42
T005448,9237,340,5%,42
T005452,6485,175,5%,42
T005456,6485,819,5%,42
T005493,6485,2004,5%,42
T005502,25,3362,5%,42
T005512,25,2881,5%,42
T005518,25,1095,5%,42
T005557,221,2387,5%,42
T005559,221,4263,5%,42
T005578,221,3274,5%,42
T005604,2646,5953,5%,42
T005628,2646,3788,5%,42
T005652,4168,4226,5%,42
T005657,4168,2154,5%,42
T005660,4168,128,5%,42
T005691,4168,1212,5%,42
T005706,6323,1755,5%,42
T005716,6323,1815,5%,42
T005756,3749,10206,5%,42
T005780,3749,43,5%,42
T005783,3749,5589,5%,42
T005789,3749,1933,5%,42
T005856,2244,2787,5%,42
T005858,2244,4314,5%,42
T005880,2244,4856,5%,42
T005886,2244,233,5%,42
T005895,2244,2418,5%,42
T005913,88,6271,5%,42
T005917,88,1164,5%,42
T005966,34,5393,5%,42
T006048,1117,1514,5%,42
T006051,1336,2118,5%,42
T006097,1336,5392,5%,42
T006146,4728,8075,5%,42
T006193,4800,4221,5%,42
T006209,5624,159,5%,42
T006211,5624,1189,5%,42
T006216,5624,3343,5%,42
T006226,5624,2433,5%,42
T006238,5624,7811,5%,42
T006241,5624,2493,5%,42
T006248,5624,6949,5%,42
T006271,86,6685,5%,42
T006272,86,101,5%,42
T006295,86,1202,5%,42
T006331,1188,5708,5%,42
T006334,1188,3007,5%,42
T006362,85,4486,5%,42
T006388,85,1552,5%,42
T006391,85,3708,5%,42
T006444,3619,384,5%,42
T006450,136,2613,5%,42
T006459,136,1704,5%,42
T006465,136,2355,5%,42
T006476,136,6647,5%,42
T006485,136,253,5%,42
T006503,3241,3056,5%,42
T006504,3241,171,5%,42
T006516,3241,8050,5%,42
T006520,3241,391,5%,42
T006551,4682,240,5%,42
T006570,4682,6357,5%,42
T006571,4682,610,5%,42
T006573,4682,4450,5%,42
T006580,4682,6332,5%,42
T006594,4682,5132,5%,42
T006607,3056,6606,5%,42
T006610,3056,3609,5%,42
T006658,46,1798,5%,42
T006674,46,6030,5%,42
T006705,4469,6059,5%,42
T006713,4469,1994,5%,42
T006801,7334,448,5%,42
T006845,7334,235,5%,42
T006861,852,863,5%,42
T006864,852,7049,5%,42
T006907,1168,903,5%,42
T006925,1168,1468,5%,42
T006928,1168,7372,5%,42
T006932,1168,5994,5%,42
T006958,2042,3611,5%,42
T006989,2042,5963,5%,42
T007011,6284,6513,5%,42
T007017,6284,226,5%,42
T007047,6284,1399,5%,42
T007068,7018,137,5%,42
T007110,3774,1223,5%,42
T007117,3774,926,5%,42
T007122,3774,5879,5%,42
T007166,4603,1379,5%,42
T007168,4603,1306,5%,42
T007171,4603,266,5%,42
T007185,4603,6796,5%,42
T007238,2881,5233,5%,42
T007244,2881,629,5%,42
T007252,3451,5746,5%,42
T007261,3451,7333,5%,42
T007273,3451,4048,5%,42
T007291,3451,3456,5%,42
T007321,1040,3003,5%,42
T007330,1040,168,5%,42
T007361,2842,9351,5%,42
T007409,6909,2434,5%,42
T007432,6909,1179,5%,42
T007436,6909,7673,5%,42
T007471,863,5368,5%,42
T007488,863,3459,5%,42
T007497,863,6796,5%,42
T007519,386,6754,5%,42
T007538,386,4862,5%,42
T007558,5708,5009,5%,42
T007646,871,1243,5%,42
T007666,359,1039,5%,42
T007688,359,1613,5%,42
T007727,7645,5985,5%,42
T007762,1183,9175,5%,42
T007768,1183,5944,5%,42
T007807,7031,9833,5%,42
T007826,7031,4285,5%,42
T007830,7031,6897,5%,42
T007848,7031,3708,5%,42
T007871,22,71,5%,42
T007945,2023,1008,5%,42
T007949,2023,155,5%,42
T007958,843,7766,5%,42
T007984,843,8401,5%,42
T007985,843,5592,5%,42
T008016,5086,7981,5%,42
T008025,5086,5319,5%,42
T008030,5086,3012,5%,42
T008077,5748,3585,5%,42
T008108,178,985,5%,42
T008139,178,2794,5%,42
T008157,1048,1102,5%,42
T008188,1048,3749,5%,42
T008189,1048,9952,5%,42
T008231,1150,6500,5%,42
T008237,1150,155,5%,42
T008257,9833,8664,5%,42
T008295,9833,291,5%,42
T008302,986,609,5%,42
T008329,986,607,5%,42
T008334,986,4489,5%,42
T008341,986,5610,5%,42
T008353,467,3232,5%,42
T008355,467,43,5%,42
T008362,467,8507,5%,42
T008401,6891,10188,5%,42
T008407,6891,12,5%,42
T008456,2397,684,5%,42
T008474,2397,5408,5%,42
T008475,2397,5120,5%,42
T008535,3134,3464,5%,42
T008540,3134,5627,5%,42
T008568,5834,8922,5%,42
T008596,5834,532,5%,42
T008597,5834,1005,5%,42
T008602,5944,3956,5%,42
T008606,5944,2023,5%,42
T008650,5225,7811,5%,42
T008666,5225,6709,5%,42
T008682,5225,8691,5%,42
T008698,5225,1891,5%,42
T008704,105,9351,5%,42
T008712,105,690,5%,42
T008783,976,2558,5%,42
T008788,976,4232,5%,42
T008863,3954,3927,5%,42
T008865,3954,2471,5%,42
T008881,3954,1130,5%,42
T008883,3954,1292,5%,42
T008897,3954,3610,5%,42
T008912,8855,8089,5%,42
T008914,8855,18,5%,42
T008935,8855,616,5%,42
T008936,8855,2637,5%,42
T008942,8855,2275,5%,42
T008951,31,7803,5%,42
T008964,31,1061,5%,42
T008992,31,5726,5%,42
T009009,404,2418,5%,42
T009019,404,2719,5%,42
T009020,404,589,5%,42
T009028,404,4432,5%,42
T009060,532,9272,5%,42
T009085,532,6558,5%,42
T009106,76,1088,5%,42
T009162,612,4888,5%,42
T009168,612,6334,5%,42
T009180,612,9512,5%,42
T009186,612,6374,5%,42
T009189,612,2881,5%,42
T009217,3982,509,5%,42
T009262,1668,9849,5%,42
T009283,1668,2493,5%,42
T009287,1668,998,5%,42
T009318,2420,529,5%,42
T009321,2420,5368,5%,42
T009334,2420,3524,5%,42
T009415,1197,2581,5%,42
T009419,1197,3366,5%,42
T009430,1197,7724,5%,42
T009453,2374,3330,5%,42
T009464,2374,2434,5%,42
T009502,206,5004,5%,42
T009505,206,8236,5%,42
T009512,206,4364,5%,42
T009515,206,10101,5%,42
T009517,206,3366,5%,42
T009518,206,1196,5%,42
T009540,206,4506,5%,42
T009552,5326,7357,5%,42
T009555,5326,5744,5%,42
T009592,5326,2964,5%,42
T009671,1241,54,5%,42
T009674,1241,4693,5%,42
T009684,1241,5587,5%,42
T009707,5713,4312,5%,42
T009734,5713,3469,5%,42
T009737,5713,2527,5%,42
T009757,6353,9082,5%,42
T009779,6353,1180,5%,42
T009785,6353,8207,5%,42
T009837,8,1188,5%,42
T009844,8,5937,5%,42
T009916,1123,8505,5%,42
T009952,277,4978,5%,42
T009963,277,125,5%,42
T009965,277,4210,5%,42
T009968,277,8926,5%,42
T010012,2575,880,5%,42
T010040,2575,1362,5%,42
T010076,101,609,5%,42
T010087,101,2042,5%,42
T010101,372,7630,5%,42
T010123,372,233,5%,42
T010148,372,8732,5%,42
T010192,6014,1938,5%,42
T010201,554,1168,5%,42
T010206,554,6409,5%,42
T010210,554,5643,5%,42
T010231,554,614,5%,42
T010237,554,3503,5%,42
T010250,899,6332,5%,42
T010272,899,90,5%,42
T010279,899,5812,5%,42
T010288,899,4420,5%,42
T010302,1082,7996,5%,42
T010317,1082,688,5%,42
T010346,1082,2608,5%,42
T010360,6079,1292,5%,42
T010369,6079,5955,5%,42
T010395,6079,1036,5%,42
T010412,97,56,5%,42
T010418,97,592,5%,42
T010446,97,8198,5%,42
T010452,764,1664,5%,42
T010478,764,571,5%,42
T010482,764,860,5%,42
T010546,587,9731,5%,42
T010570,858,1718,5%,42
T010572,858,2715,5%,42
T010607,1769,9771,5%,42
T010621,1769,256,5%,42
T010624,1769,9292,5%,42
T010631,1769,3914,5%,42
T010636,1769,207,5%,42
T010676,2584,4362,5%,42
T010682,2584,5510,5%,42
T010700,190,5366,5%,42
T010712,190,1574,5%,42
T010714,190,7951,5%,42
T010723,190,3928,5%,42
T010727,190,7724,5%,42
T010733,190,341,5%,42
T010768,3165,4416,5%,42
T010780,3165,8324,5%,42
T010815,4969,2121,5%,42
T010853,238,3259,5%,42
T010868,238,27,5%,42
T010869,238,10333,5%,42
T010890,238,6622,5%,42
T010950,4088,2085,5%,42
T010955,4088,2136,5%,42
T010957,4088,1299,5%,42
T010998,4088,4227,5%,42
T011002,5618,1031,5%,42
T011024,5618,145,5%,42
T011037,5618,6125,5%,42
T011067,203,1023,5%,42
T011079,203,49,5%,42
T011100,231,341,5%,42
T011125,231,953,5%,42
T011146,231,8573,5%,42
T011174,237,2961,5%,42
T011201,32,2526,5%,42
T011211,32,2697,5%,42
T011251,455,5393,5%,42
T011252,455,165,5%,42
T011282,455,8882,5%,42
T011326,1545,4537,5%,42
T011374,6934,637,5%,42
T011376,6934,2182,5%,42
T011381,6934,86,5%,42
T011383,6934,800,5%,42
T011387,6934,183,5%,42
T011409,763,714,5%,42
T011438,763,1524,5%,42
T011440,763,4546,5%,42
T011447,763,3884,5%,42
T011461,1629,7970,5%,42
T011533,5725,7849,5%,42
T011535,5725,10028,5%,42
T011540,5725,8866,5%,42
T011550,148,2787,5%,42
T011556,148,1361,5%,42
T011604,5500,3177,5%,42
T011668,5714,220,5%,42
T011678,5714,4285,5%,42
T011695,5714,3609,5%,42
T011710,5957,2446,5%,42
T011729,5957,7518,5%,42
T011794,384,1310,5%,42
T011795,384,6365,5%,42
T011824,2274,2719,5%,42
T011920,6119,4649,5%,42
T011943,6119,3470,5%,42
T011946,6119,2918,5%,42
T011968,8542,7610,5%,42
T011997,8542,6433,5%,42
T012010,9524,6513,5%,42
T012019,9524,6601,5%,42
T012031,9524,1514,5%,42
T012069,4982,370,5%,42
T012082,4982,254,5%,42
T012085,4982,704,5%,42
T012139,4178,3690,5%,42
T012198,6689,231,5%,42
T012214,7099,9323,5%,42
T012284,173,8399,5%,42
T012286,173,199,5%,42
T012301,392,1087,5%,42
T012303,392,2347,5%,42
T012305,392,209,5%,42
T012342,392,5671,5%,42
T012346,392,998,5%,42
T012353,2676,6094,5%,42
T012371,2676,7389,5%,42
T012396,2676,9063,5%,42
T012409,4862,84,5%,42
T012429,4862,6325,5%,42
T012487,6325,3457,5%,42
T012489,6325,5725,5%,42
T012494,6325,3272,5%,42
T012496,6325,8203,5%,42
T012588,209,2244,5%,42
T012592,209,196,5%,42
T012603,881,544,5%,42
T012614,881,9377,5%,42
T012630,881,6970,5%,42
T012645,881,974,5%,42
T012654,24,9853,5%,42
T012664,24,2289,5%,42
T012679,24,2108,5%,42
T012704,170,1204,5%,42
T012707,170,10120,5%,42
T012722,170,5171,5%,42
T012770,217,6811,5%,42
T012786,217,7894,5%,42
T012828,1084,3693,5%,42
T012837,1084,1649,5%,42
T012839,1084,6115,5%,42
T012840,1084,654,5%,42
T012846,1084,7422,5%,42
T012870,5926,217,5%,42
T012892,5926,858,5%,42
T012900,7359,9731,5%,42
T012944,7359,8507,5%,42
T012953,1784,3708,5%,42
T012979,1784,886,5%,42
T012991,1784,6373,5%,42
T012998,1784,3941,5%,42
T013005,5582,2107,5%,42
T013036,5582,975,5%,42
T013041,5582,5393,5%,42
T013124,4955,6743,5%,42
T013134,4955,9168,5%,42
T013154,1501,860,5%,42
T013160,1501,1848,5%,42
T013167,1501,5624,5%,42
T013183,1501,3456,5%,42
T013190,1501,3941,5%,42
T013192,1501,6514,5%,42
T013214,3118,5982,5%,42
T013253,3503,1755,5%,42
T013259,3503,2165,5%,42
T013268,3503,5065,5%,42
T013269,3503,5287,5%,42
T013272,3503,5312,5%,42
T013278,3503,1337,5%,42
T013288,3503,3088,5%,42
T013294,3503,5094,5%,42
T013318,6682,6575,5%,42
T013327,6682,8399,5%,42
T013340,6682,2646,5%,42
T013358,198,244,5%,42
T013360,198,7069,5%,42
T013367,198,684,5%,42
T013383,198,435,5%,42
T013407,1222,4393,5%,42
T013411,1222,3224,5%,42
T013415,1222,7845,5%,42
T013504,1918,595,5%,42
T013529,1918,4151,5%,42
T013546,1918,2243,5%,42
T013577,7300,7167,5%,42
T013598,7300,4393,5%,42
T013618,8700,2650,5%,42
T013651,3884,2549,5%,42
T013654,3884,365,5%,42
T013656,3884,4847,5%,42
T013657,3884,8617,5%,42
T013659,3884,2707,5%,42
T013664,3884,3524,5%,42
T013691,3884,5322,5%,42
T013702,3407,412,5%,42
T013723,3407,1306,5%,42
T013738,3407,858,5%,42
T013742,3407,3006,5%,42
T013783,8712,1250,5%,42
T013798,8712,464,5%,42
T013810,6349,5436,5%,42
T013826,6349,1039,5%,42
T013829,6349,2023,5%,42
T013844,6349,9941,5%,42
T013851,254,341,5%,42
T013855,254,7031,5%,42
T013870,254,573,5%,42
T013893,254,4312,5%,42
T013901,562,1523,5%,42
T013907,562,2510,5%,42
T013939,562,2526,5%,42
T013953,2875,2374,5%,42
T013971,2875,5048,5%,42
T013999,2875,5048,5%,42
T014011,5015,3989,5%,42
T014042,5015,159,5%,42
T014050,5120,4207,5%,42
T014053,5120,6079,5%,42
T014070,5120,1131,5%,42
T014093,5120,5364,5%,42
T014108,7402,3450,5%,42
T014154,1867,8381,5%,42
T014221,385,2733,5%,42
T014224,385,2059,5%,42
T014236,385,480,5%,42
T014252,473,764,5%,42
T014256,473,3609,5%,42
T014257,473,1240,5%,42
T014260,473,3973,5%,42
T014268,473,6238,5%,42
T014278,473,210,5%,42
T014295,473,1499,5%,42
T014303,638,2314,5%,42
T014332,638,172,5%,42
T014362,7030,4376,5%,42
T014373,7030,6750,5%,42
T014375,7030,2600,5%,42
T014418,2432,1130,5%,42
T014457,6181,8496,5%,42
T014460,6181,5812,5%,42
T014470,6181,5026,5%,42
T014473,6181,8663,5%,42
T014486,6181,3588,5%,42
T014496,6181,243,5%,42
T014545,9940,7665,5%,42
T014554,36,464,5%,42
T014586,36,1876,5%,42
T014597,36,2004,5%,42
T014629,6193,3153,5%,42
T014637,6193,2656,5%,42
T014655,157,9638,5%,42
T014671,157,173,5%,42
T014690,157,6151,5%,42
T014695,157,9118,5%,42
T014706,774,3759,5%,42
T014707,774,581,5%,42
T014757,3326,6747,5%,42
T014774,3326,3274,5%,42
T014785,3326,3114,5%,42
T014832,378,413,5%,42
T014867,458,2966,5%,42
T014872,458,7411,5%,42
T014895,458,3351,5%,42
T014904,9199,2112,5%,42
T014913,9199,6045,5%,42
T014915,9199,4955,5%,42
T014963,128,1867,5%,42
T014996,128,1838,5%,42
T015093,4347,3491,5%,42
T015112,33,177,5%,42
T015148,33,2271,5%,42
T015159,524,8664,5%,42
T015221,821,2059,5%,42
T015223,821,6172,5%,42
T015245,821,7987,5%,42
T015325,38,4649,5%,42
T015331,38,2042,5%,42
T015338,38,637,5%,42
T015345,38,6622,5%,42
T015380,58,943,5%,42
T015387,58,3516,5%,42
T015405,8857,10231,5%,42
T015420,8857,637,5%,42
T015432,8857,966,5%,42
T015437,8857,4325,5%,42
T015444,8857,2,5%,42
T015466,477,6573,5%,42
T015468,477,5042,5%,42
T015469,477,9118,5%,42
T015480,477,10122,5%,42
T015494,477,5769,5%,42
T015498,477,71,5%,42
T015499,477,3467,5%,42
T015556,5416,1802,5%,42
T015574,5416,3296,5%,42
T015575,5416,85,5%,42
T015599,5416,3690,5%,42
T015619,6709,258,5%,42
T015621,6709,311,5%,42
T015632,6709,4762,5%,42
T015652,1457,7226,5%,42
T015697,1457,6059,5%,42
T015711,174,3139,5%,42
T015805,2446,975,5%,42
T015816,2446,2194,5%,42
T015851,3520,6594,5%,42
T015891,3520,9833,5%,42
T015921,8819,5656,5%,42
T015946,8819,1202,5%,42
T015947,8819,2787,5%,42
T015963,245,4207,5%,42
T015968,245,3052,5%,42
T016062,1215,8542,5%,42
T016069,1215,1422,5%,42
T016077,1215,587,5%,42
T016140,3591,6063,5%,42
T016141,3591,2417,5%,42
T016168,3927,2240,5%,42
T016170,3927,238,5%,42
T016178,3927,4139,5%,42
T016181,3927,340,5%,42
T016195,3927,2710,5%,42
T016216,5320,6370,5%,42
T016226,5320,3936,5%,42
T016276,165,562,5%,42
T016284,165,179,5%,42
T016328,868,1398,5%,42
T016406,84,473,5%,42
T016417,84,2786,5%,42
T016455,251,4724,5%,42
T016465,251,2509,5%,42
T016493,251,5927,5%,42
T016494,251,233,5%,42
T016506,8075,7913,5%,42
T016592,2956,6520,5%,42
T016596,2956,3016,5%,42
T016624,5278,571,5%,42
T016648,5278,1236,5%,42
T016703,8778,4847,5%,42
T016723,8778,6622,5%,42
T016755,51,763,5%,42
T016767,51,5926,5%,42
T016777,51,5624,5%,42
T016785,51,5048,5%,42
T016839,659,5438,5%,42
T016840,659,7801,5%,42
T016846,659,5377,5%,42
T016879,1931,4169,5%,42
T016898,1931,118,5%,42
T016902,2164,5678,5%,42
T016925,2164,953,5%,42
T016932,2164,2108,5%,42
T016954,3761,6664,5%,42
T016979,3761,10080,5%,42
T017008,5549,5239,5%,42
T017057,5563,1215,5%,42
T017066,5563,3693,5%,42
T017069,5563,9119,5%,42
T017071,5563,881,5%,42
T017092,5563,7991,5%,42
T017105,35,168,5%,42
T017161,673,386,5%,42
T017193,673,5527,5%,42
T017202,3434,819,5%,42
T017243,3434,9124,5%,42
T017257,4193,8088,5%,42
T017258,4193,2964,5%,42
T017261,4193,290,5%,42
T017275,4193,3069,5%,42
T017276,4193,4027,5%,42
T017279,4193,5292,5%,42
T017302,4508,284,5%,42
T017314,4508,6023,5%,42
T017338,4508,3470,5%,42
T017415,2100,6261,5%,42
T017471,2329,6890,5%,42
T017484,2329,5879,5%,42
T017525,3348,129,5%,42
T017552,4537,1207,5%,42
T017592,4537,2715,5%,42
T017632,4622,1005,5%,42
T017672,923,2166,5%,42
T017690,923,1093,5%,42
T017691,923,6960,5%,42
T017696,923,7913,5%,42
T017717,412,1031,5%,42
T017745,412,2875,5%,42
T017753,5987,370,5%,42
T017770,5987,7601,5%,42
T017805,2444,6193,5%,42
T017820,2444,5744,5%,42
T017830,2444,4732,5%,42
T017855,3863,5987,5%,42
T017862,3863,8198,5%,42
T017863,3863,5708,5%,42
T017905,7803,6840,5%,42
T017983,654,4783,5%,42
T017992,654,6558,5%,42
T018019,2657,2000,5%,42
T018044,2657,3517,5%,42
T018047,2657,3954,5%,42
T018051,3715,3398,5%,42
T018054,3715,7120,5%,42
T018144,4706,3871,5%,42
T018166,4847,7432,5%,42
T018174,4847,184,5%,42
T018205,295,1866,5%,42
T018305,7389,8859,5%,42
T018377,9254,3154,5%,42
T018386,9254,4949,5%,42
T018403,585,8022,5%,42
T018434,585,3863,5%,42
T018439,585,2902,5%,42
T018452,1056,4387,5%,42
T018453,1056,1264,5%,42
T018454,1056,2867,5%,42
T018461,1056,6374,5%,42
T018469,1056,3158,5%,42
T018491,1056,3479,5%,42
T018492,1056,2319,5%,42
T018521,3585,2040,5%,42
T018544,3585,3326,5%,42
T018567,6638,2034,5%,42
T018620,6647,6274,5%,42
T018679,749,4969,5%,42
T018690,749,6631,5%,42
T018748,1574,2080,5%,42
T018753,2331,275,5%,42
T018790,2331,2938,5%,42
T018818,5084,8855,5%,42
T018822,5084,6271,5%,42
T018828,5084,1188,5%,42
T018869,5366,5326,5%,42
T018889,5366,677,5%,42
T018930,1801,372,5%,42
T018941,1801,5549,5%,42
T018969,3708,4111,5%,42
T018978,3708,6090,5%,42
T018997,3708,330,5%,42
T019006,3741,980,5%,42
T019008,3741,8532,5%,42
T019058,4489,2549,5%,42
T019059,4489,4215,5%,42
T019066,4489,5736,5%,42
T019113,6692,4790,5%,42
T019142,6692,4431,5%,42
T019153,496,1523,5%,42
T019161,496,704,5%,42
T019163,496,6970,5%,42
T019178,496,3586,5%,42
T019231,5177,5446,5%,42
T019242,5177,4968,5%,42
T019253,6602,3012,5%,42
T019264,6602,2613,5%,42
T019278,6602,319,5%,42
T019285,6602,3761,5%,42
T019299,6602,1194,5%,42
T019312,509,7392,5%,42
T019314,509,1811,5%,42
T019360,4303,1286,5%,42
T019362,4303,2023,5%,42
T019392,4303,4387,5%,42
T019405,5518,10,5%,42
T019406,5518,4606,5%,42
T019407,5518,7002,5%,42
T019481,1811,319,5%,42
T019518,3366,1168,5%,42
T019530,3366,1286,5%,42
T019548,3366,193,5%,42
T019558,4364,8116,5%,42
T019559,4364,3272,5%,42
T019574,4364,1785,5%,42
T019598,4364,7684,5%,42
T019611,7913,5563,5%,42
T019613,7913,3214,5%,42
T019615,7913,4762,5%,42
T019616,7913,8532,5%,42
T019634,7913,4215,5%,42
T019654,1655,6394,5%,42
T019656,1655,3206,5%,42
T019659,1655,9844,5%,42
T019697,1655,5937,5%,42
T019713,2678,8712,5%,42
T019727,2678,1012,5%,42
T019808,104,7402,5%,42
T019816,104,2552,5%,42
T019925,1200,2633,5%,42
T019931,1200,3975,5%,42
T019933,1200,1317,5%,42
T019935,1200,9087,5%,42
T019937,1200,9401,5%,42
T019957,4046,2083,5%,42
T019962,4046,7079,5%,42
T019993,4046,5993,5%,42
T019995,4046,1439,5%,42
T020008,2333,3950,5%,42
T020030,2333,3741,5%,42
T020087,5237,6323,5%,42
T020123,7090,1007,5%,42
T020126,7090,149,5%,42
T020136,7090,592,5%,42
T020162,7606,2964,5%,42
T020166,7606,3989,5%,42
T020233,985,1168,5%,42
T020298,6201,2834,5%,42
T020323,54,530,5%,42
T020324,54,5556,5%,42
T020360,544,7299,5%,42
T020362,544,3639,5%,42
T020365,544,4800,5%,42
T020376,544,473,5%,42
T020401,1034,8007,5%,42
T020416,1034,5793,5%,42
T020420,1034,5447,5%,42
T020426,1034,8705,5%,42
T020433,1034,1754,5%,42
T020458,7076,3886,5%,42
T020507,240,3503,5%,42
T020517,240,5178,5%,42
T020545,240,1818,5%,42
T020566,1004,799,5%,42
T020612,924,36,5%,42
T020613,924,397,5%,42
T020644,924,327,5%,42
T020666,1242,3749,5%,42
T020669,1242,3503,5%,42
T020701,2581,7937,5%,42
T020730,2581,7942,5%,42
T020731,2581,8871,5%,42
T020768,8654,1457,5%,42
T020782,8654,7937,5%,42
T020785,8654,58,5%,42
T020824,229,591,5%,42
T020825,229,1074,5%,42
T020830,229,2725,5%,42
T020850,996,2920,5%,42
T020886,996,137,5%,42
T020900,1699,5159,5%,42
T020933,1699,3516,5%,42
T020941,1699,1200,5%,42
T020959,2319,4187,5%,42
T020962,2319,14,5%,42
T020985,2319,1838,5%,42
T020991,2319,227,5%,42
T020993,2319,6796,5%,42
T021017,73,1552,5%,42
T021026,73,9254,5%,42
T021060,867,2656,5%,42
T021061,867,1074,5%,42
T021077,867,6433,5%,42
T021102,3719,455,5%,42
T021110,3719,3941,5%,42
T021118,3719,235,5%,42
T021121,3719,2337,5%,42
T021142,3719,203,5%,42
T021152,4207,1524,5%,42
T021183,4207,3924,5%,42
T021197,4207,565,5%,42
T021220,4212,124,5%,42
T021231,4212,453,5%,42
T021239,4212,2938,5%,42
T021270,6128,7226,5%,42
T021294,6128,5726,5%,42
T021296,6128,5622,5%,42
T021305,8615,3314,5%,42
T021337,8615,7300,5%,42
T021338,8615,10333,5%,42
T021342,8615,1005,5%,42
T021352,27,456,5%,42
T021392,27,8399,5%,42
T021406,940,4352,5%,42
T021425,940,771,5%,42
T021428,940,51,5%,42
T021437,940,663,5%,42
T021483,2387,66,5%,42
T021487,2387,1546,5%,42
T021522,5261,183,5%,42
T021531,5261,2548,5%,42
T021562,6365,3470,5%,42
T021566,6365,371,5%,42
T021571,6365,4387,5%,42
T021577,6365,351,5%,42
T021595,6365,880,5%,42
T021627,2182,1954,5%,42
T021629,2182,6909,5%,42
T021641,2182,9610,5%,42
T021664,5127,2355,5%,42
T021676,5127,1918,5%,42
T021691,5127,4103,5%,42
T021693,5127,596,5%,42
T021748,5166,844,5%,42
T021752,7740,84,5%,42
T021753,7740,7600,5%,42
T021760,7740,5408,5%,42
T021784,7740,980,5%,42
T021808,214,6806,5%,42
T021817,214,763,5%,42
T021847,214,198,5%,42
T021853,383,4401,5%,42
T021858,383,1552,5%,42
T021861,383,654,5%,42
T021885,383,3825,5%,42
T021892,383,9082,5%,42
T021906,1754,152,5%,42
T021910,1754,2321,5%,42
T021928,1754,6014,5%,42
T021968,3718,1876,5%,42
T022026,4139,987,5%,42
T022036,4139,4364,5%,42
T022073,4844,4373,5%,42
T022091,4844,8416,5%,42
T022134,9,3421,5%,42
T022166,1143,10120,5%,42
T022168,1143,9570,5%,42
T022273,2275,6787,5%,42
T022286,2275,7375,5%,42
T022298,2275,8303,5%,42
T022311,4563,771,5%,42
T022335,4563,1031,5%,42
T022337,4563,1099,5%,42
T022361,7079,1228,5%,42
T022365,7079,1124,5%,42
T022391,7079,8234,5%,42
T022392,7079,5075,5%,42
T022479,61,5803,5%,42
T022496,61,448,5%,42
T022502,5468,8303,5%,42
T022508,5468,2189,5%,42
T022510,5468,9,5%,42
T022542,5468,7334,5%,42
T022546,5468,1668,5%,42
T022567,284,227,5%,42
T022569,284,2164,5%,42
T022576,284,315,5%,42
T022578,284,8496,5%,42
T022596,284,2892,5%,42
T022597,284,1061,5%,42
T022600,391,409,5%,42
T022601,391,179,5%,42
T022609,391,3764,5%,42
T022610,391,4816,5%,42
T022648,391,46,5%,42
T022655,978,1801,5%,42
T022672,978,1342,5%,42
T022687,978,8545,5%,42
T022705,2618,254,5%,42
T022790,3788,9311,5%,42
T022799,3788,1196,5%,42
T022804,7489,7887,5%,42
T022810,7489,409,5%,42
T022811,7489,596,5%,42
T022835,7489,4862,5%,42
T022880,258,5132,5%,42
T022894,258,4848,5%,42
T022895,258,4761,5%,42
T022936,998,3941,5%,42
T022952,2099,5050,5%,42
T022971,2099,10293,5%,42
T022983,2099,6198,5%,42
T023005,3224,3484,5%,42
T023020,3224,6732,5%,42
T023022,3224,4208,5%,42
T023043,3224,5278,5%,42
T023145,5233,251,5%,42
T023187,1042,2666,5%,42
T023201,1876,6408,5%,42
T023225,1876,480,5%,42
T023299,4054,7987,5%,42
T023342,5982,4887,5%,42
T023369,6606,4365,5%,42
T023396,6606,1269,5%,42
T023406,6743,9853,5%,42
T023431,6743,8767,5%,42
T023437,6743,7069,5%,42
T023503,149,5599,5%,42
T023507,149,4497,5%,42
T023527,149,2084,5%,42
T023537,149,1588,5%,42
T023542,149,171,5%,42
T023561,3729,4281,5%,42
T023589,3729,3779,5%,42
T023604,6433,8127,5%,42
T023642,6433,2867,5%,42
T023677,6750,819,5%,42
T023727,7942,4024,5%,42
T023734,7942,5610,5%,42
T023745,7942,7079,5%,42
T023778,8019,1798,5%,42
T023798,8019,7478,5%,42
T023806,9082,1784,5%,42
T023828,9082,3106,5%,42
T023834,9082,1412,5%,42
T023835,9082,5094,5%,42
T023841,9082,2100,5%,42
T023856,234,6692,5%,42
T023874,234,203,5%,42
T023917,530,330,5%,42
T023965,5630,10177,5%,42
T024026,5775,940,5%,42
T024066,7155,1019,5%,42
T024082,7155,2013,5%,42
T024095,7155,9519,5%,42
T024101,19,9063,5%,42
T024113,19,3746,5%,42
T024163,1966,4312,5%,42
T024171,1966,8339,5%,42
T024190,1966,2851,5%,42
T024225,3154,5494,5%,42
T024226,3154,8739,5%,42
T024242,3154,2875,5%,42
T024243,3154,2602,5%,42
T024257,4409,5159,5%,42
T024271,4409,40,5%,42
T024275,4409,1953,5%,42
T024284,4409,1572,5%,42
T024303,5879,6023,5%,42
T024322,5879,1657,5%,42
T024338,5879,1801,5%,42
T024351,7086,2867,5%,42
T024371,7086,6,5%,42
T024374,7086,5315,5%,42
T024397,7086,2615,5%,42
T024413,1089,4269,5%,42
T024467,3114,10145,5%,42
T024469,3114,1164,5%,42
T024484,3114,4139,5%,42
T024524,3809,3610,5%,42
T024530,3809,1143,5%,42
T024541,3809,5127,5%,42
T024543,3809,8664,5%,42
T024570,5094,4208,5%,42
T024572,5094,3209,5%,42
T024665,184,398,5%,42
T024668,184,26,5%,42
T024727,1810,3,5%,42
T024759,2650,125,5%,42
T024760,2650,607,5%,42
T024777,2650,3705,5%,42
T024796,2650,8658,5%,42
T024800,7069,2212,5%,42
T024830,7069,9524,5%,42
T024850,7299,4048,5%,42
T024853,7299,3954,5%,42
T024900,56,2806,5%,42
T024943,56,6631,5%,42
T024948,56,120,5%,42
T024949,56,10343,5%,42
T024961,3630,8732,5%,42
T025076,7849,2347,5%,42
T025079,7849,868,5%,42
T025154,9544,10325,5%,42
T025201,79,7976,5%,42
T025211,79,6622,5%,42
T025241,79,291,5%,42
T025275,4281,3775,5%,42
T025283,4281,5172,5%,42
T025288,4281,3090,5%,42
T025306,4874,61,5%,42
T025312,4874,1668,5%,42
T025315,4874,587,5%,42
T025325,4874,1764,5%,42
T025334,4874,370,5%,42
T025335,4874,5706,5%,42
T025340,4874,8767,5%,42
T025356,5191,7888,5%,42
T025379,5191,2010,5%,42
T025386,5191,595,5%,42
T025414,6357,9082,5%,42
T025429,6357,2493,5%,42
T025438,6357,6097,5%,42
T025442,6357,444,5%,42
T025447,6357,206,5%,42
T025451,9241,7665,5%,42
T025487,9241,1163,5%,42
T025517,521,1966,5%,42
T025550,1017,6412,5%,42
T025568,1017,3491,5%,42
T025581,1017,536,5%,42
T025689,3597,2072,5%,42
T025727,4187,4027,5%,42
T025732,4187,5511,5%,42
T025757,7995,4088,5%,42
T025758,7995,73,5%,42
T025761,7995,449,5%,42
T025775,7995,5582,5%,42
T025795,7995,176,5%,42
T025804,595,254,5%,42
T025843,595,638,5%,42
T025857,2004,171,5%,42
T025864,2004,8496,5%,42
T025887,2004,595,5%,42
T025947,7319,4145,5%,42
T026012,3098,844,5%,42
T026020,3098,354,5%,42
T026029,3098,9512,5%,42
T026042,3098,10359,5%,42
T026047,3098,1769,5%,42
T026059,8108,46,5%,42
T026064,8108,10,5%,42
T026075,8108,1150,5%,42
T026080,8108,573,5%,42
T026104,8380,258,5%,42
T026118,8380,8408,5%,42
T026119,8380,1161,5%,42
T026137,8380,4887,5%,42
T026145,8380,9701,5%,42
T026158,1012,5385,5%,42
T026169,1012,152,5%,42
T026221,2731,261,5%,42
T026282,3016,7630,5%,42
T026283,3016,5514,5%,42
T026366,430,4949,5%,42
T026367,430,3725,5%,42
T026383,430,9164,5%,42
T026399,430,4384,5%,42
T026414,690,12,5%,42
T026418,690,5991,5%,42
T026445,690,4497,5%,42
T026516,1164,41,5%,42
T026519,1164,2390,5%,42
T026529,1164,959,5%,42
T026551,1909,278,5%,42
T026567,1909,6996,5%,42
T026577,1909,37,5%,42
T026587,1909,2618,5%,42
T026592,1909,6887,5%,42
T026594,1909,4303,5%,42
T026628,2485,4164,5%,42
T026632,2485,5830,5%,42
T026674,3025,5803,5%,42
T026692,3025,1758,5%,42
T026740,3400,1193,5%,42
T026751,3524,2965,5%,42
T026753,3524,6406,5%,42
T026768,3524,4322,5%,42
T026780,3524,7803,5%,42
T026813,5078,4164,5%,42
T026890,5470,10177,5%,42
T026904,7525,125,5%,42
T026990,7714,7076,5%,42
T027032,137,763,5%,42
T027061,444,2818,5%,42
T027064,444,4265,5%,42
T027093,444,4939,5%,42
T027100,854,6265,5%,42
T027139,854,5162,5%,42
T027164,995,1545,5%,42
T027196,995,1056,5%,42
T027206,3470,4150,5%,42
T027233,3470,237,5%,42
T027258,4816,5488,5%,42
T027260,4816,4384,5%,42
T027268,4816,9258,5%,42
T027289,4816,3813,5%,42
T027290,4816,2731,5%,42
T027291,4816,485,5%,42
T027325,7042,3098,5%,42
T027345,7042,2902,5%,42
T027347,7042,3439,5%,42
T027359,12,9063,5%,42
T027373,12,5846,5%,42
T027393,12,2559,5%,42
T027406,315,854,5%,42
T027414,315,6871,5%,42
T027428,315,578,5%,42
T027436,315,917,5%,42
T027474,3922,1036,5%,42
T027506,5503,2455,5%,42
T027520,5503,4306,5%,42
T027521,5503,56,5%,42
T027528,5503,8022,5%,42
T027544,5503,6745,5%,42
T027561,5671,7299,5%,42
T027563,5671,581,5%,42
T027577,5671,1087,5%,42
T027601,1163,35,5%,42
T027607,1163,130,5%,42
T027609,1163,74,5%,42
T027617,1163,170,5%,42
T027624,1163,4949,5%,42
T027634,1163,5377,5%,42
T027655,2818,226,5%,42
T027704,4352,2892,5%,42
T027706,4352,1034,5%,42
T027714,4352,1361,5%,42
T027727,4352,9733,5%,42
T027749,4352,1362,5%,42
T027756,7242,8388,5%,42
T027767,7242,1514,5%,42
T027815,1104,392,5%,42
T027838,1104,2293,5%,42
T027847,1104,179,5%,42
T027857,1132,9229,5%,42
T027881,1132,5245,5%,42
T027885,1132,4424,5%,42
T027896,1132,5320,5%,42
T027920,1152,5761,5%,42
T027930,1152,6669,5%,42
T027935,1152,659,5%,42
T027986,1412,7925,5%,42
T028004,1490,4024,5%,42
T028006,1490,3180,5%,42
T028044,1490,3986,5%,42
T028057,5446,3586,5%,42
T028065,5446,3721,5%,42
T028108,6733,9519,5%,42
T028111,6733,5086,5%,42
T028128,6733,5078,5%,42
T028155,2549,4151,5%,42
T028165,2549,947,5%,42
T028186,2549,4401,5%,42
T028193,2549,2227,5%,42
T028205,2656,138,5%,42
T028207,2656,5016,5%,42
T028259,4724,83,5%,42
T028272,4724,578,5%,42
T028277,4724,25,5%,42
T028281,4724,93,5%,42
T028295,4724,977,5%,42
T028303,7226,3572,5%,42
T028344,7226,956,5%,42
T028369,847,2439,5%,42
T028372,847,341,5%,42
T028378,847,1592,5%,42
T028385,847,3214,5%,42
T028405,2645,43,5%,42
T028418,2645,1040,5%,42
T028474,2786,1546,5%,42
T028476,2786,6244,5%,42
T028491,2786,7176,5%,42
T028574,3759,290,5%,42
T028588,3759,9543,5%,42
T028634,6,5235,5%,42
T028637,6,294,5%,42
T028683,168,43,5%,42
T028710,249,3705,5%,42
T028777,1375,2918,5%,42
T028783,1375,108,5%,42
T028882,5814,5643,5%,42
T028907,6135,2083,5%,42
T028941,6135,23,5%,42
T028949,6135,7165,5%,42
T028961,7818,1017,5%,42
T028974,7818,2472,5%,42
T028983,7818,654,5%,42
T029041,9210,4303,5%,42
T029074,651,749,5%,42
T029091,651,4364,5%,42
T029100,1120,238,5%,42
T029133,1120,1384,5%,42
T029149,1120,2378,5%,42
T029168,1189,1541,5%,42
T029195,1189,7144,5%,42
T029312,5592,448,5%,42
T029347,5592,4866,5%,42
T029378,152,7199,5%,42
T029425,1050,4546,5%,42
T029431,1050,5610,5%,42
T029435,1050,7440,5%,42
T029449,1050,9345,5%,42
T029515,2352,8867,5%,42
T029521,2352,3052,5%,42
T029523,2352,1022,5%,42
T029563,7432,1657,5%,42
T029617,808,2882,5%,42
T029624,808,1991,5%,42
T029628,808,897,5%,42
T029636,808,4445,5%,42
T029642,808,16,5%,42
T029648,808,3982,5%,42
T029654,936,9323,5%,42
T029659,936,9272,5%,42
T029664,936,659,5%,42
T029683,936,3169,5%,42
T029696,936,1954,5%,42
T029706,955,2306,5%,42
T029743,955,1326,5%,42
T029776,4741,1372,5%,42
T029801,5095,9119,5%,42
T029829,5095,5937,5%,42
T029875,7083,5225,5%,42
T029885,7083,8416,5%,42
T029901,1036,6170,5%,42
T029938,1036,3253,5%,42
T029954,2926,3265,5%,42
T029969,2926,7120,5%,42
T029989,2926,1196,5%,42
T030007,4890,2027,5%,42
T030061,5260,2650,5%,42
T030069,5260,66,5%,42
T030072,5260,6519,5%,42
T030077,5260,7334,5%,42
T030091,5260,9229,5%,42
T030112,1131,3606,5%,42
T030148,1131,2192,5%,42
T030152,1533,217,5%,42
T030181,1533,5556,5%,42
T030205,2814,5315,5%,42
T030211,2814,3205,5%,42
T030213,2814,4597,5%,42
T030284,3986,187,5%,42
T030298,3986,458,5%,42
T030302,9733,9164,5%,42
T030310,9733,386,5%,42
T030419,3690,8857,5%,42
T030423,3690,4816,5%,42
T030463,4691,5746,5%,42
T030483,4691,1095,5%,42
T030500,5610,248,5%,42
T030505,5610,6909,5%,42
T030523,5610,8857,5%,42
T030529,5610,5643,5%,42
T030532,5610,2009,5%,42
T030540,5610,209,5%,42
T030568,869,7951,5%,42
T030576,869,47,5%,42
T030585,869,7429,5%,42
T030598,869,2485,5%,42
T030606,1504,484,5%,42
T030612,1504,4920,5%,42
T030644,1504,1014,5%,42
T030648,1504,5511,5%,42
T030659,3296,6838,5%,42
T030698,3296,1020,5%,42
T030756,9258,6864,5%,42
T030770,9258,6638,5%,42
T030801,1692,8712,5%,42
T030889,2719,7165,5%,42
T030895,2719,33,5%,42
T030899,2719,6811,5%,42
T030903,4031,7764,5%,42
T030910,4031,3464,5%,42
T030916,4031,921,5%,42
T030935,4031,3025,5%,42
T030943,4031,1693,5%,42
T030947,4031,477,5%,42
T030959,4376,7991,5%,42
T030966,4376,5470,5%,42
T030995,4376,3003,5%,42
T031037,4895,995,5%,42
T031060,5197,2372,5%,42
T031071,5197,5447,5%,42
T031105,5973,4347,5%,42
T031127,5973,5618,5%,42
T031142,5973,2567,5%,42
T031149,5973,277,5%,42
T031155,6951,9850,5%,42
T031158,6951,4168,5%,42
T031163,6951,1384,5%,42
T031165,6951,6196,5%,42
T031176,6951,7359,5%,42
T031249,7144,903,5%,42
T031260,8389,8814,5%,42
T031269,8389,5656,5%,42
T031273,8389,2552,5%,42
T031289,8389,2867,5%,42
T031301,169,1318,5%,42
T031306,169,3052,5%,42
T031318,169,2271,5%,42
T031340,169,2512,5%,42
T031375,1122,3927,5%,42
T031403,1219,109,5%,42
T031414,1219,2083,5%,42
T031428,1219,3068,5%,42
T031452,1991,1984,5%,42
T031456,1991,7977,5%,42
T031477,1991,32,5%,42
T031512,4051,4375,5%,42
T031542,4051,2558,5%,42
T031548,4051,4646,5%,42
T031551,5795,3879,5%,42
T031599,5795,234,5%,42
T031602,7518,1130,5%,42
T031613,7518,5377,5%,42
T031631,7518,1693,5%,42
T031659,7684,4215,5%,42
T031663,7684,138,5%,42
T031667,7684,9119,5%,42
T031693,7684,1104,5%,42
T031694,7684,6351,5%,42
T031699,7684,1031,5%,42
T031754,1090,1022,5%,42
T031767,1090,54,5%,42
T031799,1090,4,5%,42
T031815,1981,3895,5%,42
T031833,1981,25,5%,42
T031854,3516,6357,5%,42
T031855,3516,9701,5%,42
T031891,3516,5267,5%,42
T031898,3516,2042,5%,42
T031920,4027,4226,5%,42
T031985,5148,6030,5%,42
T031989,5148,5190,5%,42
T032017,6370,2558,5%,42
T032018,6370,2505,5%,42
T032023,6370,5107,5%,42
T032027,6370,9199,5%,42
T032045,6370,5107,5%,42
T032053,497,1242,5%,42
T032059,497,2204,5%,42
T032067,497,26,5%,42
T032102,844,5050,5%,42
T032112,844,9377,5%,42
T032136,844,42,5%,42
T032181,1002,4227,5%,42
T032205,1843,9726,5%,42
T032229,1843,134,5%,42
T032231,1843,1040,5%,42
T032234,1843,4038,5%,42
T032245,1843,2358,5%,42
T032270,5016,4711,5%,42
T032315,5048,1095,5%,42
T032326,5048,3276,5%,42
T032340,5048,610,5%,42
T032374,6393,3118,5%,42
T032377,6393,1099,5%,42
T032400,8113,8654,5%,42
T032413,8113,8583,5%,42
T032448,8113,2700,5%,42
T032486,9401,940,5%,42
T032505,220,1266,5%,42
T032508,220,8857,5%,42
T032540,220,8612,5%,42
T032542,220,6432,5%,42
T032551,674,5587,5%,42
T032561,674,5050,5%,42
T032604,1240,2794,5%,42
T032611,1240,6622,5%,42
T032678,1313,2687,5%,42
T032719,1664,8399,5%,42
T032731,1664,3306,5%,42
T032745,1664,5202,5%,42
T032753,1785,7076,5%,42
T032784,1785,8373,5%,42
T032800,2961,277,5%,42
T032811,2961,1664,5%,42
T032827,2961,426,5%,42
T032828,2961,3090,5%,42
T032836,2961,2677,5%,42
T032856,3439,3809,5%,42
T032896,3439,88,5%,42
T032898,3439,3954,5%,42
T032966,4771,2883,5%,42
T033033,5769,240,5%,42
T033040,5769,1709,5%,42
T033062,362,6097,5%,42
T033080,362,2769,5%,42
T033141,747,8882,5%,42
T033208,1704,9747,5%,42
T033273,1866,9792,5%,42
T033339,2633,6063,5%,42
T033392,3678,7018,5%,42
T033403,166,7090,5%,42
T033410,166,3989,5%,42
T033412,166,4272,5%,42
T033436,166,3206,5%,42
T033456,187,6232,5%,42
T033479,187,8654,5%,42
T033509,319,166,5%,42
T033546,319,9064,5%,42
T033570,413,59,5%,42
T033577,413,1099,5%,42
T033594,413,9726,5%,42
T033599,413,5095,5%,42
T033602,590,6334,5%,42
T033619,590,134,5%,42
T033629,590,5322,5%,42
T033639,590,9852,5%,42
T033676,915,4347,5%,42
T033692,915,4238,5%,42
T033698,915,886,5%,42
T033707,4285,3256,5%,42
T033729,4285,988,5%,42
T033734,4285,4362,5%,42
T033748,4285,3090,5%,42
T033750,616,8814,5%,42
T033751,616,9708,5%,42
T033753,616,1494,5%,42
T033783,616,4981,5%,42
T033789,616,6059,5%,42
T033800,637,6954,5%,42
T033829,637,1718,5%,42
T033837,637,5298,5%,42
T033858,1115,9084,5%,42
T033863,1115,370,5%,42
T033881,1115,2591,5%,42
T033883,1115,921,5%,42
T033903,1818,3926,5%,42
T033907,1818,148,5%,42
T033947,1818,6081,5%,42
T033952,2271,7176,5%,42
T033976,2271,4861,5%,42
T033983,2271,1084,5%,42
T034001,3518,858,5%,42
T034013,3518,3348,5%,42
T034026,3518,7759,5%,42
T034032,3518,3572,5%,42
T034048,3518,2300,5%,42
T034072,6334,672,5%,42
T034073,6334,9844,5%,42
T034075,6334,1014,5%,42
T034079,6334,5094,5%,42
T034088,6334,5811,5%,42
T034090,6334,3088,5%,42
T034103,8745,5752,5%,42
T034107,8745,3914,5%,42
T034108,8745,7529,5%,42
T034147,8745,2738,5%,42
T034182,200,2938,5%,42
T034221,1087,9620,5%,42
T034226,1087,2794,5%,42
T034229,1087,3774,5%,42
T034242,1087,4816,5%,42
T034264,3052,1699,5%,42
T034285,3052,10,5%,42
T034327,4150,3764,5%,42
T034341,4150,179,5%,42
T034342,4150,4375,5%,42
T034354,5360,1092,5%,42
T034359,5360,7300,5%,42
T034366,5360,3259,5%,42
T034368,5360,5166,5%,42
T034380,5360,5828,5%,42
T034388,5360,2644,5%,42
T034393,5360,7250,5%,42
T034436,8298,704,5%,42
T034458,9572,7996,5%,42
T034478,9572,3884,5%,42
T034482,9572,4046,5%,42
T034486,9572,1966,5%,42
T034496,9572,3056,5%,42
T034527,83,6500,5%,42
T034529,83,2949,5%,42
T034539,83,3259,5%,42
T034561,393,5177,5%,42
T034583,393,209,5%,42
T034602,1161,22,5%,42
T034684,2372,6253,5%,42
T034700,2729,3779,5%,42
T034720,2729,1226,5%,42
T034744,2729,5624,5%,42
T034779,2770,8241,5%,42
T034801,6170,406,5%,42
T034810,6170,10233,5%,42
T034816,6170,2154,5%,42
T034843,6170,10359,5%,42
T034845,6170,959,5%,42
T034851,57,611,5%,42
T034862,57,3520,5%,42
T034875,57,8542,5%,42
T034890,57,167,5%,42
T034891,57,2372,5%,42
T034896,57,6196,5%,42
T034912,129,7333,5%,42
T034917,129,3619,5%,42
T034947,129,8127,5%,42
T034950,261,5769,5%,42
T034951,261,413,5%,42
T034992,261,1207,5%,42
T035030,409,200,5%,42
T035050,2108,2165,5%,42
T035051,2108,4004,5%,42
T035056,2108,6394,5%,42
T035058,2108,217,5%,42
T035065,2108,5985,5%,42
T035071,2108,314,5%,42
T035077,2108,7086,5%,42
T035113,2505,2554,5%,42
T035176,2551,683,5%,42
T035184,2551,673,5%,42
T035196,2551,5547,5%,42
T035213,2965,5629,5%,42
T035224,2965,2473,5%,42
T035238,2965,3374,5%,42
T035257,4866,2526,5%,42
T035260,4866,800,5%,42
T035262,4866,3718,5%,42
T035282,4866,8355,5%,42
T035310,5811,3610,5%,42
T035322,5811,1012,5%,42
T035330,5811,3374,5%,42
T035338,5811,6890,5%,42
T035357,8392,3331,5%,42
T035363,8392,1002,5%,42
T035372,8392,108,5%,42
T035373,8392,6873,5%,42
T035407,81,7317,5%,42
T035415,81,2956,5%,42
T035487,196,8470,5%,42
T035490,196,7786,5%,42
T035548,485,5034,5%,42
T035596,517,3809,5%,42
T035650,647,1685,5%,42
T035656,647,585,5%,42
T035669,647,4062,5%,42
T035775,1434,8007,5%,42
T035786,1434,1243,5%,42
T035790,1434,1,5%,42
T035821,2034,9377,5%,42
T035853,2289,6514,5%,42
T035870,2289,2956,5%,42
T035887,2289,7334,5%,42
T035913,2308,5843,5%,42
T035919,2308,267,5%,42
T035928,2308,4329,5%,42
T035982,2902,90,5%,42
T035998,2902,4272,5%,42
T036019,5678,314,5%,42
T036033,5678,4403,5%,42
T036051,7996,166,5%,42
T036071,7996,233,5%,42
T036181,193,2138,5%,42
T036182,193,800,5%,42
T036187,193,9519,5%,42
T036213,263,1053,5%,42
T036235,263,577,5%,42
T036238,263,3361,5%,42
T036241,263,5828,5%,42
T036249,263,8236,5%,42
T036261,697,4486,5%,42
T036263,697,6806,5%,42
T036268,697,7086,5%,42
T036276,697,40,5%,42
T036278,697,4982,5%,42
T036298,697,4399,5%,42
T036325,799,1552,5%,42
T036339,799,9747,5%,42
T036385,2121,5016,5%,42
T036398,2121,3143,5%,42
T036436,6833,167,5%,42
T036440,6833,2358,5%,42
T036458,9039,6349,5%,42
T036477,9039,8687,5%,42
T036497,9039,275,5%,42
T036529,1053,1074,5%,42
T036545,1053,1699,5%,42
T036578,1254,6193,5%,42
T036591,1254,9258,5%,42
T036599,1254,8583,5%,42
T036608,2789,3779,5%,42
T036642,2789,6325,5%,42
T036652,3813,7890,5%,42
T036704,3950,4508,5%,42
T036716,3950,5095,5%,42
T036741,3950,2575,5%,42
T036747,3950,3205,5%,42
T036802,5494,114,5%,42
T036806,5494,458,5%,42
T036824,5494,185,5%,42
T036851,5927,1669,5%,42
T036852,5927,2374,5%,42
T036897,5927,4627,5%,42
T036900,5985,1542,5%,42
T036928,5985,59,5%,42
T036950,8573,6685,5%,42
T036984,8573,436,5%,42
T037032,338,8022,5%,42
T037112,2154,6787,5%,42
T037205,2920,6202,5%,42
T037220,2920,8705,5%,42
T037225,2920,8583,5%,42
T037232,2920,4711,5%,42
T037281,1558,1047,5%,42
T037333,1933,8389,5%,42
T037343,1933,1535,5%,42
T037352,2347,497,5%,42
T037371,2347,7788,5%,42
T037372,2347,2432,5%,42
T037375,2347,8266,5%,42
T037376,2347,1399,5%,42
T037400,2916,3609,5%,42
T037455,3205,1152,5%,42
T037457,3205,1550,5%,42
T037481,3205,4848,5%,42
T037500,6339,1861,5%,42
T037523,6339,3259,5%,42
T037547,6339,7537,5%,42
T037582,6978,7088,5%,42
T037601,145,4771,5%,42
T037624,145,2154,5%,42
T037630,145,175,5%,42
T037637,145,1254,5%,42
T037660,250,5775,5%,42
T037692,250,5747,5%,42
T037704,732,1631,5%,42
T037765,1269,3886,5%,42
T037776,1269,2358,5%,42
T037817,1468,1891,5%,42
T037820,1468,350,5%,42
T037847,1468,6370,5%,42
T037888,2486,2484,5%,42
T037920,2512,4193,5%,42
T037927,2512,383,5%,42
T037939,2512,6125,5%,42
T037962,3007,6274,5%,42
T037981,3007,8022,5%,42
T037983,3007,1036,5%,42
T037989,3007,7103,5%,42
T037991,3007,7987,5%,42
T037996,3007,3676,5%,42
T038037,4861,3743,5%,42
T038046,4861,5726,5%,42
T038056,6439,2390,5%,42
T038074,6439,469,5%,42
T038112,684,2687,5%,42
T038117,684,1031,5%,42
T038139,684,378,5%,42
T038174,897,266,5%,42
T038175,897,1645,5%,42
T038198,897,100,5%,42
T038222,2666,3624,5%,42
T038238,2666,5963,5%,42
T038301,3362,124,5%,42
T038312,3362,1533,5%,42
T038315,3362,5078,5%,42
T038375,3870,921,5%,42
T038394,3870,6172,5%,42
T038413,4248,6339,5%,42
T038448,4248,1542,5%,42
T038471,6253,2866,5%,42
T038472,6253,532,5%,42
T038478,6253,2639,5%,42
T038510,195,3154,5%,42
T038515,195,1159,5%,42
T038530,195,7940,5%,42
T038532,195,7472,5%,42
T038568,599,8108,5%,42
T038569,599,10188,5%,42
T038572,599,7615,5%,42
T038578,599,7359,5%,42
T038591,599,8663,5%,42
T038600,609,8969,5%,42
T038607,609,2609,5%,42
T038621,609,5630,5%,42
T038623,609,477,5%,42
T038629,609,6063,5%,42
T038655,1007,2676,5%,42
T038656,1007,8814,5%,42
T038670,1007,3256,5%,42
T038717,2085,4969,5%,42
T038721,2085,4312,5%,42
T038747,2085,1245,5%,42
T038761,3705,3134,5%,42
T038765,3705,6833,5%,42
T038776,3705,4062,5%,42
T038792,3705,2678,5%,42
T038833,3924,105,5%,42
T038841,3924,8071,5%,42
T038858,4403,3272,5%,42
T038861,4403,3610,5%,42
T038873,4403,2080,5%,42
T038949,4621,8234,5%,42
T038995,4743,2118,5%,42
T039047,4818,10028,5%,42
T039066,4888,8303,5%,42
T039067,4888,121,5%,42
T039074,4888,330,5%,42
T039102,5041,1810,5%,42
T039110,5041,4978,5%,42
T039123,5041,647,5%,42
T039142,5041,6483,5%,42
T039170,6897,3570,5%,42
T039187,6897,3583,5%,42
T039214,114,2412,5%,42
T039231,114,8401,5%,42
T039257,270,3687,5%,42
T039262,270,673,5%,42
T039273,270,9545,5%,42
T039274,270,4646,5%,42
T039275,270,5656,5%,42
T039283,270,9175,5%,42
T039328,443,917,5%,42
T039378,527,2815,5%,42
T039460,2264,4103,5%,42
T039462,2264,1822,5%,42
T039523,2661,5795,5%,42
T039554,2700,354,5%,42
T039570,2700,38,5%,42
T039592,2700,8476,5%,42
T039595,2700,4546,5%,42
T039604,4215,4732,5%,42
T039694,4365,1361,5%,42
T039697,4365,8198,5%,42
T039707,8339,4861,5%,42
T039708,8339,109,5%,42
T039747,8339,9620,5%,42
T039770,8814,4367,5%,42
T039779,8814,4691,5%,42
T039796,8814,3570,5%,42
T039806,68,2961,5%,42
T039815,68,2192,5%,42
T039816,68,2484,5%,42
T039909,2554,343,5%,42
T039911,2554,9844,5%,42
T039914,2554,854,5%,42
T039936,2554,5009,5%,42
T039952,4191,3272,5%,42
T039970,4191,2271,5%,42
T039974,4191,8866,5%,42
T039981,4191,2632,5%,42
T039986,4191,1337,5%,42
T039993,4191,6,5%,42
T040001,4499,5993,5%,42
T040029,4499,527,5%,42
T040035,4499,384,5%,42
T040098,6806,8828,5%,42
T040100,354,2769,5%,42
T040157,973,7888,5%,42
T040183,973,2656,5%,42
T040186,973,9833,5%,42
T040193,973,7432,5%,42
T040199,973,8114,5%,42
T040201,977,8794,5%,42
T040205,977,7788,5%,42
T040233,977,10535,5%,42
T040247,977,3924,5%,42
T040273,1102,1196,5%,42
T040278,1102,988,5%,42
T040328,1848,8469,5%,42
T040329,1848,7127,5%,42
T040343,1848,3971,5%,42
T040358,2166,577,5%,42
T040373,2166,536,5%,42
T040378,2166,8691,5%,42
T040386,2166,7334,5%,42
T040420,2321,3950,5%,42
T040437,2321,4463,5%,42
T040449,2321,733,5%,42
T040465,2966,5503,5%,42
T040468,2966,5042,5%,42
T040492,2966,241,5%,42
T040493,2966,3895,5%,42
T040534,3316,732,5%,42
T040564,3975,9230,5%,42
T040632,4604,2154,5%,42
T040665,5075,1535,5%,42
T040674,5075,1299,5%,42
T040684,5075,914,5%,42
T040715,5803,8373,5%,42
T040730,5803,5958,5%,42
T040780,6514,528,5%,42
T040782,6514,1610,5%,42
T040796,6514,1802,5%,42
T040806,8063,7422,5%,42
T040839,8063,2920,5%,42
T040889,9708,4702,5%,42
T040937,598,1535,5%,42
T040939,598,9830,5%,42
T040944,598,10065,5%,42
T040945,598,5202,5%,42
T040956,1055,1048,5%,42
T040966,1055,7381,5%,42
T040975,1055,176,5%,42
T040998,1055,651,5%,42
T041016,2080,4700,5%,42
T041080,3356,5308,5%,42
T041091,3356,659,5%,42
T041104,3386,968,5%,42
T041128,3386,16,5%,42
T041144,3386,3520,5%,42
T041147,3386,9731,5%,42
T041149,3386,5438,5%,42
T041178,3697,6815,5%,42
T041197,3697,2548,5%,42
T041212,3895,97,5%,42
T041254,4210,8047,5%,42
T041301,4232,7976,5%,42
T041304,4232,1645,5%,42
T041310,4232,1692,5%,42
T041339,4232,2700,5%,42
T041342,4232,4844,5%,42
T041350,4384,2637,5%,42
T041364,4384,6119,5%,42
T041376,4384,605,5%,42
T041382,4384,8087,5%,42
T041384,4384,3721,5%,42
T041390,4384,2418,5%,42
T041395,4384,1657,5%,42
T041414,4620,1439,5%,42
T041419,4620,7796,5%,42
T041423,4620,4890,5%,42
T041457,4790,8691,5%,42
T041500,5023,3046,5%,42
T041517,5023,4702,5%,42
T041549,5023,4606,5%,42
T041569,5747,868,5%,42
T041583,5747,986,5%,42
T041592,5747,8298,5%,42
T041624,6306,41,5%,42
T041628,6306,4732,5%,42
T041629,6306,571,5%,42
T041635,6306,3177,5%,42
T041653,9020,1838,5%,42
T041669,9020,3629,5%,42
T041714,305,6951,5%,42
T041722,305,5747,5%,42
T041752,1379,5026,5%,42
T041763,1379,2982,5%,42
T041767,1379,7759,5%,42
T041768,1379,477,5%,42
T041781,1379,9849,5%,42
T041783,1379,1494,5%,42
T041799,1379,868,5%,42
T041832,4702,1896,5%,42
T041842,4702,541,5%,42
T041930,8203,3741,5%,42
T041967,664,1020,5%,42
T042036,1815,8739,5%,42
T042054,2138,4489,5%,42
T042055,2138,4502,5%,42
T042134,2332,1337,5%,42
T042189,2441,6334,5%,42
T042204,2693,208,5%,42
T042207,2693,7894,5%,42
T042263,3209,9936,5%,42
T042280,3209,2693,5%,42
T042309,3484,4263,5%,42
T042315,3484,7471,5%,42
T042318,3484,1866,5%,42
T042321,3484,1074,5%,42
T042325,3484,5775,5%,42
T042333,3484,3924,5%,42
T042334,3484,4968,5%,42
T042335,3484,5994,5%,42
T042349,3484,1088,5%,42
T042360,3721,5239,5%,42
T042429,4164,7402,5%,42
T042442,4164,1412,5%,42
T042451,4226,5540,5%,42
T042477,4226,2009,5%,42
T042479,4226,258,5%,42
T042490,4226,3759,5%,42
T042519,5846,554,5%,42
T042523,5846,4706,5%,42
T042576,6301,693,5%,42
T042622,6777,7942,5%,42
T042630,6777,199,5%,42
T042672,172,7128,5%,42
T042711,243,1017,5%,42
T042718,243,4682,5%,42
T042768,914,1541,5%,42
T042779,914,868,5%,42
T042787,914,1240,5%,42
T042795,914,9237,5%,42
T042825,1180,406,5%,42
T042830,1180,5170,5%,42
T042855,5034,249,5%,42
T042884,5034,3006,5%,42
T042894,5034,7099,5%,42
T042895,5034,1088,5%,42
T042896,5034,6981,5%,42
T042922,5171,6097,5%,42
T042925,5171,1685,5%,42
T042939,5171,2584,5%,42
T043055,266,1422,5%,42
T043074,266,3095,5%,42
T043097,266,46,5%,42
T043101,341,2834,5%,42
T043102,341,1240,5%,42
T043114,341,403,5%,42
T043124,341,4741,5%,42
T043147,341,897,5%,42
T043198,453,4856,5%,42
T043238,941,228,5%,42
T043244,941,109,5%,42
T043247,941,2725,5%,42
T043248,941,3926,5%,42
T043265,1727,3190,5%,42
T043271,1727,2935,5%,42
T043323,2218,6181,5%,42
T043326,2218,1558,5%,42
T043360,2552,165,5%,42
T043363,2552,6488,5%,42
T043372,2552,4007,5%,42
T043375,2552,4627,5%,42
T043390,2552,9106,5%,42
T043413,2882,3895,5%,42
T043419,2882,7845,5%,42
T043454,4497,1050,5%,42
T043496,4497,10206,5%,42
T043513,4502,1299,5%,42
T043522,4502,6777,5%,42
T043530,4502,4088,5%,42
T043545,4502,6499,5%,42
T043642,6605,8206,5%,42
T043644,6605,56,5%,42
T043694,7384,83,5%,42
T043695,7384,808,5%,42
T043730,7896,90,5%,42
T043751,8583,2770,5%,42
T043758,8583,3786,5%,42
T043789,8583,2984,5%,42
T043799,8583,1250,5%,42
T043801,9797,598,5%,42
T043813,9797,8545,5%,42
T043838,9797,8732,5%,42
T043849,9797,8583,5%,42
T043915,953,5793,5%,42
T043961,980,10006,5%,42
T043964,980,6,5%,42
T043965,980,355,5%,42
T043967,980,3056,5%,42
T043970,980,2136,5%,42
T043981,980,176,5%,42
T044019,1780,6181,5%,42
T044036,1780,1130,5%,42
T044037,1780,3863,5%,42
T044055,2107,1061,5%,42
T044094,2107,1106,5%,42
T044099,2107,2423,5%,42
T044108,3180,6063,5%,42
T044135,3180,4982,5%,42
T044145,3180,220,5%,42
T044158,4393,2829,5%,42
T044235,4761,8695,5%,42
T044287,6787,5178,5%,42
T044288,6787,4939,5%,42
T044296,6787,1326,5%,42
T044345,8067,2986,5%,42
T044364,147,59,5%,42
T044392,147,4145,5%,42
T044399,147,10145,5%,42
T044411,186,674,5%,42
T044421,186,4730,5%,42
T044433,186,3321,5%,42
T044442,186,3611,5%,42
T044448,186,7906,5%,42
T044469,255,895,5%,42
T044473,255,1524,5%,42
T044505,340,406,5%,42
T044509,340,9572,5%,42
T044512,340,8206,5%,42
T044521,340,3180,5%,42
T044531,340,8258,5%,42
T044551,966,4769,5%,42
T044552,966,7845,5%,42
T044569,966,6871,5%,42
T044570,966,228,5%,42
T044612,1092,7381,5%,42
T044666,1159,19,5%,42
T044669,1159,6821,5%,42
T044707,1265,2794,5%,42
T044709,1265,432,5%,42
T044757,3158,3804,5%,42
T044768,3158,23,5%,42
T044779,3158,10189,5%,42
T044788,3158,9216,5%,42
T044848,3758,9797,5%,42
T044849,3758,4178,5%,42
T044861,3879,7740,5%,42
T044886,3879,47,5%,42
T044912,4040,2892,5%,42
T044919,4040,4469,5%,42
T044934,4040,8943,5%,42
T045043,7890,2666,5%,42
T045081,8715,2417,5%,42
T045116,10,8339,5%,42
T045131,10,58,5%,42
T045178,16,21,5%,42
T045204,581,6323,5%,42
T045222,581,2751,5%,42
T045231,581,1150,5%,42
T045284,1292,338,5%,42
T045285,1292,3065,5%,42
T045307,1873,1084,5%,42
T045356,2194,4031,5%,42
T045372,2194,1542,5%,42
T045383,2194,4762,5%,42
T045393,2194,2632,5%,42
T045412,2417,4142,5%,42
T045415,2417,5627,5%,42
T045424,2417,3240,5%,42
T045433,2417,1336,5%,42
T045436,2417,8783,5%,42
T045475,2499,4862,5%,42
T045479,2499,393,5%,42
T045484,2499,1764,5%,42
T045508,2787,3095,5%,42
T045574,3231,207,5%,42
T045588,3231,8480,5%,42
T045610,3693,1152,5%,42
T045618,3693,3619,5%,42
T045669,4700,1541,5%,42
T045695,4700,6408,5%,42
T045729,4949,7887,5%,42
T045739,4949,5041,5%,42
T045770,5993,3117,5%,42
T045795,5993,338,5%,42
T045805,6094,10071,5%,42
T045828,6094,5286,5%,42
T045850,6573,3787,5%,42
T045852,6573,4978,5%,42
T045879,6573,1136,5%,42
T045886,6573,6045,5%,42
T045889,6573,947,5%,42
T045917,7216,9542,5%,42
T045951,8087,5107,5%,42
T045976,8087,8542,5%,42
T045999,8087,6647,5%,42
T046025,9771,128,5%,42
T046035,9771,4384,5%,42
T046041,9771,3069,5%,42
T046054,125,4808,5%,42
T046094,125,513,5%,42
T046099,125,749,5%,42
T046100,1499,8113,5%,42
T046127,1499,1154,5%,42
T046157,1863,412,5%,42
T046166,1863,5237,5%,42
T046181,1863,5678,5%,42
T046196,1863,68,5%,42
T046206,2010,2472,5%,42
T046246,2010,214,5%,42
T046261,2455,7167,5%,42
T046275,2455,7384,5%,42
T046276,2455,3450,5%,42
T046277,2455,291,5%,42
T046298,2455,9836,5%,42
T046340,3046,5630,5%,42
T046351,4269,6747,5%,42
T046376,4269,5028,5%,42
T046395,4269,8751,5%,42
T046407,6458,4210,5%,42
T046431,6458,5308,5%,42
T046437,6458,2687,5%,42
T046449,6458,7672,5%,42
T046456,6674,2866,5%,42
T046471,6674,1811,5%,42
T046474,6674,264,5%,42
T046477,6674,7472,5%,42
T046494,6674,6125,5%,42
T046499,6674,9533,5%,42
T046524,6732,3056,5%,42
T046570,7317,1184,5%,42
T046654,9064,3276,5%,42
T046658,9064,6253,5%,42
T046666,9064,9512,5%,42
T046690,9064,39,5%,42
T046694,9064,6838,5%,42
T046712,93,254,5%,42
T046717,93,1254,5%,42
T046762,117,5744,5%,42
T046774,117,6334,5%,42
T046775,117,7120,5%,42
T046779,117,6393,5%,42
T046849,518,3386,5%,42
T046854,1080,8914,5%,42
T046883,1080,1058,5%,42
T046884,1080,3693,5%,42
T046886,1080,184,5%,42
T046904,2434,2418,5%,42
T046961,3572,1785,5%,42
T046986,3572,9941,5%,42
T046999,3572,4269,5%,42
T047110,6196,2814,5%,42
T047117,6196,974,5%,42
T047207,6873,2661,5%,42
T047244,6873,8480,5%,42
T047265,8388,4144,5%,42
T047291,8388,3374,5%,42
T047314,8781,4193,5%,42
T047373,89,1120,5%,42
T047391,89,6253,5%,42
T047404,279,577,5%,42
T047422,279,7268,5%,42
T047431,279,159,5%,42
T047458,653,8700,5%,42
T047519,1133,3231,5%,42
T047530,1133,4706,5%,42
T047540,1133,9087,5%,42
T047566,5042,6664,5%,42
T047614,5338,1931,5%,42
T047628,5338,6723,5%,42
T047644,5338,4190,5%,42
T047660,8767,2558,5%,42
T047672,8767,294,5%,42
T047684,8767,1147,5%,42
T047687,8767,6407,5%,42
T047714,9115,168,5%,42
T047722,9115,3331,5%,42
T047729,9115,7042,5%,42
T047755,9610,232,5%,42
T047772,9610,1838,5%,42
T047797,9610,175,5%,42
T047813,29,1838,5%,42
T047823,29,3400,5%,42
T047838,29,854,5%,42
T047856,534,2337,5%,42
T047907,893,8927,5%,42
T047909,893,9486,5%,42
T047915,893,6110,5%,42
T047916,893,677,5%,42
T047936,893,4831,5%,42
T047986,968,9853,5%,42
T047990,968,2417,5%,42
T048028,1095,35,5%,42
T048037,1095,6373,5%,42
T048039,1095,3927,5%,42
T048050,1935,22,5%,42
T048056,1935,149,5%,42
T048072,1935,6172,5%,42
T048073,1935,5955,5%,42
T048098,1935,1673,5%,42
T048108,3012,9034,5%,42
T048111,3012,986,5%,42
T048167,4007,1935,5%,42
T048202,5368,5202,5%,42
T048237,5368,2441,5%,42
T048261,6265,9241,5%,42
T048284,6265,367,5%,42
T048307,6594,1541,5%,42
T048317,6594,4306,5%,42
T048327,6594,5286,5%,42
T048334,6594,1310,5%,42
T048363,7167,1209,5%,42
T048375,7167,221,5%,42
T048378,7167,6374,5%,42
T048382,7167,4399,5%,42
T048388,7167,5260,5%,42
T048459,9118,6745,5%,42
T048470,9118,2966,5%,42
T048482,9118,1106,5%,42
T048539,10535,7995,5%,42
T048543,10535,2010,5%,42
T048552,67,3467,5%,42
T048626,436,5540,5%,42
T048642,436,9850,5%,42
T048699,529,4322,5%,42
T048705,592,4204,5%,42
T048754,1385,554,5%,42
T048755,1385,2372,5%,42
T048770,1385,10342,5%,42
T048813,1399,5170,5%,42
T048815,1399,456,5%,42
T048820,1399,2548,5%,42
T048837,1399,1931,5%,42
T048852,2136,7489,5%,42
T048863,2136,8408,5%,42
T048866,2136,2535,5%,42
T048873,2136,9323,5%,42
T048901,2964,31,5%,42
T048905,2964,1223,5%,42
T048909,2964,3609,5%,42
T048928,2964,105,5%,42
T048934,2964,7991,5%,42
T048939,2964,332,5%,42
T048944,2964,2107,5%,42
T048966,3208,616,5%,42
T049007,3767,2693,5%,42
T049036,3767,2083,5%,42
T049065,5419,315,5%,42
T049068,5419,8531,5%,42
T049082,5419,5225,5%,42
T049123,5514,598,5%,42
T049125,5514,9997,5%,42
T049126,5514,3914,5%,42
T049137,5514,2499,5%,42
T049192,5984,5795,5%,42
T049216,6237,7316,5%,42
T049224,6237,5004,5%,42
T049252,6405,69,5%,42
T049260,6405,6433,5%,42
T049279,6405,2118,5%,42
T049289,6405,4238,5%,42
T049299,6405,889,5%,42
T049330,7269,1039,5%,42
T049351,8007,2926,5%,42
T049354,8007,2637,5%,42
T049416,155,1036,5%,42
T049429,155,976,5%,42
T049490,314,1693,5%,42
T049525,531,4420,5%,42
T049527,531,6573,5%,42
T049551,748,6151,5%,42
T049570,748,7090,5%,42
T049571,748,1693,5%,42
T049581,748,5624,5%,42
T049603,1020,360,5%,42
T049625,1020,1209,5%,42
T049646,1020,9345,5%,42
T049663,1610,923,5%,42
T049693,1610,4100,5%,42
T049701,1626,3938,5%,42
T049709,1626,651,5%,42
T049719,1626,2444,5%,42
T049722,1626,3648,5%,42
T049741,1626,7167,5%,42
T049752,3143,480,5%,42
T049775,3143,603,5%,42
T049782,3143,1048,5%,42
T049788,3143,6274,5%,42
T049794,3143,5887,5%,42
T049816,3457,4263,5%,42
T049848,3457,3230,5%,42
T049851,4689,1501,5%,42
T049862,4689,8663,5%,42
T049872,4689,3343,5%,42
T049911,6195,615,5%,42
T049930,6195,8022,5%,42
T049936,6195,1089,5%,42
T049942,6195,6265,5%,42
T049951,6261,6887,5%,42
T049953,6261,4215,5%,42
T049954,6261,5345,5%,42
T049963,6261,284,5%,42
T050010,7615,8705,5%,42
T050032,7615,7144,5%,42
T050071,8470,117,5%,42
T050085,8470,1216,5%,42
T050104,8861,4272,5%,42
T050115,8861,868,5%,42
T050152,8922,7803,5%,42
T050155,8922,5452,5%,42
T050166,8922,6128,5%,42
T050174,8922,4183,5%,42
T050179,8922,7529,5%,42
T050195,8922,2916,5%,42
T050196,8922,4670,5%,42
T050240,351,432,5%,42
T050242,351,3767,5%,42
T050269,480,1866,5%,42
T050271,480,6237,5%,42
T050272,480,5671,5%,42
T050279,480,2264,5%,42
T050304,596,4040,5%,42
T050309,596,2882,5%,42
T050312,596,4620,5%,42
T050322,596,342,5%,42
T050331,596,6756,5%,42
T050364,2385,7706,5%,42
T050370,2385,3003,5%,42
T050379,2385,6394,5%,42
T050428,2484,1084,5%,42
T050434,2484,314,5%,42
T050473,3361,5385,5%,42
T050499,3361,10535,5%,42
T050534,3743,2362,5%,42
T050567,3818,2078,5%,42
T050575,3818,891,5%,42
T050583,3818,4121,5%,42
T050591,3818,83,5%,42
T050610,4294,2,5%,42
T050617,4294,1292,5%,42
T050622,4294,2013,5%,42
T050645,4294,2815,5%,42
T050713,5178,671,5%,42
T050770,8480,32,5%,42
T050788,8480,1053,5%,42
T050794,8480,1336,5%,42
T050800,8871,4164,5%,42
T050819,8871,554,5%,42
T050855,8943,4424,5%,42
T050865,8943,4096,5%,42
T050866,8943,9082,5%,42
T050910,9124,7610,5%,42
T050914,9124,9610,5%,42
T050956,9181,207,5%,42
T050972,9181,3729,5%,42
T050982,9181,4207,5%,42
T050988,9181,2676,5%,42
T051000,9638,9906,5%,42
T051007,9638,4212,5%,42
T051035,9638,290,5%,42
T051052,462,8927,5%,42
T051056,462,90,5%,42
T051074,462,637,5%,42
T051076,462,2866,5%,42
T051116,632,6981,5%,42
T051150,921,1938,5%,42
T051154,921,7759,5%,42
T051155,921,854,5%,42
T051217,1031,9726,5%,42
T051238,1031,6692,5%,42
T051260,1125,7049,5%,42
T051267,1125,7896,5%,42
T051268,1125,8883,5%,42
T051269,1125,847,5%,42
T051270,1125,683,5%,42
T051277,1125,5793,5%,42
T051286,1125,6170,5%,42
T051293,1125,9118,5%,42
T051297,1125,1863,5%,42
T051329,1954,5811,5%,42
T051375,2567,32,5%,42
T051424,2897,8859,5%,42
T051437,2897,43,5%,42
T051458,3459,4591,5%,42
T051485,3459,1953,5%,42
T051510,3645,1054,5%,42
T051511,3645,145,5%,42
T051549,3645,1242,5%,42
T051550,3983,5563,5%,42
T051553,3983,1014,5%,42
T051555,3983,4376,5%,42
T051568,3983,2444,5%,42
T051571,3983,1204,5%,42
T051584,3983,227,5%,42
T051596,3983,647,5%,42
T051597,3983,9790,5%,42
T051655,4523,1984,5%,42
T051692,4523,7896,5%,42
T051755,6198,4352,5%,42
T051761,6198,4790,5%,42
T051762,6198,4818,5%,42
T051764,6198,7606,5%,42
T051784,6198,284,5%,42
T051788,6198,209,5%,42
T051819,6509,245,5%,42
T051837,6509,8186,5%,42
T051839,6509,1372,5%,42
T051854,6675,1693,5%,42
T051878,6675,4038,5%,42
T051886,6675,7991,5%,42
T051890,6675,1954,5%,42
T051895,6675,5235,5%,42
T051933,7316,83,5%,42
T051934,7316,2244,5%,42
T051990,7357,2602,5%,42
T052056,1388,1268,5%,42
T052090,1388,4732,5%,42
T052097,1388,2182,5%,42
T052114,2362,5392,5%,42
T052120,2362,1102,5%,42
T052148,2362,9986,5%,42
T052152,3886,6125,5%,42
T052157,3886,10359,5%,42
T052184,3886,5736,5%,42
T052196,3886,6904,5%,42
T052213,4325,7375,5%,42
T052217,4325,941,5%,42
T052303,5053,1071,5%,42
T052334,5053,3118,5%,42
T052350,6115,718,5%,42
T052366,6115,1603,5%,42
T052381,6115,3134,5%,42
T052401,6125,7031,5%,42
T052413,6125,5957,5%,42
T052423,6125,4043,5%,42
T052424,6125,1398,5%,42
T052430,6125,733,5%,42
T052453,6213,6664,5%,42
T052482,6213,9906,5%,42
T052531,7115,1222,5%,42
T052577,7976,81,5%,42
T052578,7976,4939,5%,42
T052581,7976,5657,5%,42
T052601,8111,10101,5%,42
T052662,8444,355,5%,42
T052672,8444,1375,5%,42
T052688,8444,235,5%,42
T052715,9764,609,5%,42
T052717,9764,4508,5%,42
T052737,9764,1758,5%,42
T052757,9790,9940,5%,42
T052780,9790,9189,5%,42
T052838,9936,6081,5%,42
T052858,10030,3746,5%,42
T052872,10030,6483,5%,42
T052877,10030,926,5%,42
T052903,10233,6409,5%,42
T052908,10233,5968,5%,42
T053002,350,4890,5%,42
T053056,615,1194,5%,42
T053086,615,8373,5%,42
T053090,615,6889,5%,42
T053118,721,7269,5%,42
T053128,721,7890,5%,42
T053161,1310,3719,5%,42
T053162,1310,1240,5%,42
T053173,1310,8470,5%,42
T053195,1310,5627,5%,42
T053198,1310,4272,5%,42
T053199,1310,46,5%,42
T053207,2674,5446,5%,42
T053249,2674,531,5%,42
T053262,2935,3982,5%,42
T053274,2935,186,5%,42
T053277,2935,3787,5%,42
T053280,2935,3421,5%,42
T053297,2935,5955,5%,42
T053299,2935,2264,5%,42
T053331,3232,581,5%,42
T053370,3331,3421,5%,42
T053396,3331,1241,5%,42
T053401,5170,2484,5%,42
T053482,6669,4621,5%,42
T053485,6669,2674,5%,42
T053516,7119,1994,5%,42
T053527,7119,2591,5%,42
T053528,7119,10535,5%,42
T053535,7119,1330,5%,42
T053573,8266,649,5%,42
T053599,8266,2243,5%,42
T053610,8531,3004,5%,42
T053614,8531,228,5%,42
T053630,8531,1588,5%,42
T053670,8612,5385,5%,42
T053671,8612,3296,5%,42
T053704,8617,263,5%,42
T053724,8617,9272,5%,42
T053746,8617,2004,5%,42
T053752,8642,8373,5%,42
T053779,8642,8146,5%,42
T053827,8705,27,5%,42
T053831,8705,3786,5%,42
T053835,8705,9175,5%,42
T053870,9542,4503,5%,42
T053875,9542,7372,5%,42
T053905,9617,3052,5%,42
T053912,9617,2738,5%,42
T053966,9808,2656,5%,42
T054041,158,8705,5%,42
T054044,158,84,5%,42
T054080,1106,315,5%,42
T054082,1106,615,5%,42
T054114,1228,8380,5%,42
T054126,1228,7706,5%,42
T054169,1330,8613,5%,42
T054171,1330,2629,5%,42
T054176,1330,6821,5%,42
T054180,1330,6485,5%,42
T054183,1330,1175,5%,42
T054197,1330,9377,5%,42
T054206,1658,5968,5%,42
T054216,1658,841,5%,42
T054237,1658,10359,5%,42
T054270,1829,4161,5%,42
T054286,1829,159,5%,42
T054292,1829,10343,5%,42
T054296,1829,3863,5%,42
T054319,2040,7593,5%,42
T054323,2040,4072,5%,42
T054330,2040,6263,5%,42
T054364,2293,3586,5%,42
T054367,2293,10195,5%,42
T054398,2293,4151,5%,42
T054405,2314,3090,5%,42
T054416,2314,5416,5%,42
T054465,2337,5812,5%,42
T054502,2472,2034,5%,42
T054506,2472,6663,5%,42
T054520,2472,3597,5%,42
T054529,2472,774,5%,42
T054560,3169,319,5%,42
T054571,3169,818,5%,42
T054577,3169,862,5%,42
T054583,3169,117,5%,42
T054598,3169,2591,5%,42
T054606,3467,393,5%,42
T054616,3467,9345,5%,42
T054621,3467,1226,5%,42
T054675,3833,1439,5%,42
T054677,3833,7402,5%,42
T054680,3833,8071,5%,42
T054697,3833,611,5%,42
T054707,4263,683,5%,42
T054752,4838,2439,5%,42
T054769,4838,4818,5%,42
T054772,4838,1499,5%,42
T054779,4838,5444,5%,42
T054793,4838,206,5%,42
T054804,5364,3214,5%,42
T054807,5364,2083,5%,42
T054831,5364,8496,5%,42
T054855,6409,6299,5%,42
T054859,6409,1798,5%,42
T054863,6409,9064,5%,42
T054867,6409,7372,5%,42
T054879,6409,9790,5%,42
T054923,6621,6014,5%,42
T054927,6621,2319,5%,42
T054951,7116,9797,5%,42
T054965,7116,6097,5%,42
T054976,7116,1466,5%,42
T054978,7116,1292,5%,42
T055005,7199,4487,5%,42
T055016,7199,9486,5%,42
T055022,7199,6088,5%,42
T055043,7199,6864,5%,42
T055059,7372,2875,5%,42
T055060,7372,295,5%,42
T055087,7372,2751,5%,42
T055100,7537,1122,5%,42
T055101,7537,787,5%,42
T055133,7537,7030,5%,42
T055139,7537,4920,5%,42
T055177,8571,3570,5%,42
T055190,8571,819,5%,42
T055240,8751,3871,5%,42
T055246,8751,7811,5%,42
T055263,8882,132,5%,42
T055317,8927,8295,5%,42
T055337,8927,2804,5%,42
T055352,9650,4844,5%,42
T055361,9650,869,5%,42
T055388,9650,6682,5%,42
T055431,108,392,5%,42
T055461,207,4769,5%,42
T055479,207,1133,5%,42
T055487,207,5190,5%,42
T055498,207,1084,5%,42
T055508,211,671,5%,42
T055528,211,3230,5%,42
T055568,606,1017,5%,42
T055602,672,3117,5%,42
T055640,672,1196,5%,42
T055646,672,987,5%,42
T055667,696,3645,5%,42
T055669,696,9544,5%,42
T055686,696,8050,5%,42
T055697,696,529,5%,42
T055742,1541,3787,5%,42
T055785,1802,6756,5%,42
T055866,2804,4761,5%,42
T055869,2804,7226,5%,42
T055880,2804,3822,5%,42
T055896,2804,7155,5%,42
T055909,2815,10067,5%,42
T055932,2815,1504,5%,42
T055978,2984,940,5%,42
T056043,3065,6621,5%,42
T056056,3117,1918,5%,42
T056082,3117,226,5%,42
T056091,3117,9507,5%,42
T056104,3496,8763,5%,42
T056114,3496,1062,5%,42
T056143,3496,95,5%,42
T056166,4204,5091,5%,42
T056243,4576,134,5%,42
T056263,5381,169,5%,42
T056314,6263,4038,5%,42
T056334,6263,1152,5%,42
T056368,6688,4416,5%,42
T056444,7103,4121,5%,42
T056452,7429,819,5%,42
T056492,7429,10233,5%,42
T056522,7887,3024,5%,42
T056545,7887,1207,5%,42
T056579,8304,6796,5%,42
T056633,8982,6409,5%,42
T056649,8982,4981,5%,42
T056652,9119,9969,5%,42
T056661,9119,1130,5%,42
T056663,9119,6723,5%,42
T056679,9119,6128,5%,42
T056712,9738,7086,5%,42
T056717,9738,4152,5%,42
T056722,9738,5470,5%,42
T056730,9738,2725,5%,42
T056749,9738,5582,5%,42
T056752,208,921,5%,42
T056758,208,2581,5%,42
T056779,208,7449,5%,42
T056788,208,3938,5%,42
T056811,264,6090,5%,42
T056819,264,7090,5%,42
T056821,264,9731,5%,42
T056837,264,4576,5%,42
T056850,306,1019,5%,42
T056864,306,4306,5%,42
T056872,306,4982,5%,42
T056917,377,10350,5%,42
T056949,377,8313,5%,42
T056950,464,308,5%,42
T056959,464,519,5%,42
T057012,900,7684,5%,42
T057045,900,194,5%,42
T057046,900,6237,5%,42
T057050,988,1102,5%,42
T057057,988,9486,5%,42
T057074,988,8739,5%,42
T057082,988,6370,5%,42
T057084,988,3484,5%,42
T057096,988,528,5%,42
T057109,1049,1321,5%,42
T057122,1049,7268,5%,42
T057123,1049,173,5%,42
T057144,1049,1935,5%,42
T057182,1372,2544,5%,42
T057200,1992,5225,5%,42
T057201,1992,2439,5%,42
T057203,1992,244,5%,42
T057231,1992,1174,5%,42
T057244,1992,532,5%,42
T057326,3330,5970,5%,42
T057334,3330,387,5%,42
T057354,3610,2188,5%,42
T057365,3610,4294,5%,42
T057396,3610,4238,5%,42
T057403,4098,7818,5%,42
T057415,4098,1039,5%,42
T057471,6324,9533,5%,42
T057505,6406,3434,5%,42
T057510,6406,6891,5%,42
T057526,6406,6237,5%,42
T057527,6406,7242,5%,42
T057561,8381,7918,5%,42
T057608,9292,6499,5%,42
T057613,9292,6323,5%,42
T057632,9292,5107,5%,42
T057642,9292,196,5%,42
T057662,9987,1422,5%,42
T057695,9987,1136,5%,42
T057706,10206,1801,5%,42
T057781,65,5067,5%,42
T057815,90,8687,5%,42
T057826,90,4682,5%,42
T057842,90,8416,5%,42
T057870,267,4139,5%,42
T057873,267,1241,5%,42
T057918,370,1179,5%,42
T057919,370,615,5%,42
T057943,370,2362,5%,42
T057954,371,8982,5%,42
T057959,371,2916,5%,42
T058007,567,7801,5%,42
T058017,567,9771,5%,42
T058044,567,4844,5%,42
T058050,1679,4771,5%,42
T058067,1679,2167,5%,42
T058106,2083,544,5%,42
T058133,2083,4373,5%,42
T058137,2083,881,5%,42
T058139,2083,3165,5%,42
T058147,2083,614,5%,42
T058149,2083,35,5%,42
T058164,2196,3439,5%,42
T058175,2196,1533,5%,42
T058201,2613,5447,5%,42
T058248,2613,6365,5%,42
T058254,2626,359,5%,42
T058268,2626,6669,5%,42
T058327,2794,4604,5%,42
T058336,2794,7392,5%,42
T058352,2906,5107,5%,42
T058356,2906,9020,5%,42
T058366,2906,2194,5%,42
T058432,3103,73,5%,42
T058435,3103,863,5%,42
T058438,3103,1657,5%,42
T058444,3103,3434,5%,42
T058458,4162,175,5%,42
T058481,4162,9193,5%,42
T058510,4190,9235,5%,42
T058568,4420,9519,5%,42
T058570,4420,7801,5%,42
T058577,4420,9216,5%,42
T058611,4432,214,5%,42
T058647,4432,172,5%,42
T058742,4732,632,5%,42
T058751,4831,453,5%,42
T058764,4831,6115,5%,42
T058775,4831,1080,5%,42
T058832,4939,6374,5%,42
T058851,5026,8975,5%,42
T058860,5026,2499,5%,42
T058878,5026,7103,5%,42
T058901,5132,4187,5%,42
T058908,5132,338,5%,42
T058924,5132,1994,5%,42
T058935,5132,2192,5%,42
T058946,5132,1036,5%,42
T058974,6394,2618,5%,42
T058997,6394,3719,5%,42
T059006,7665,6213,5%,42
T059058,7811,3676,5%,42
T059148,7845,6726,5%,42
T059152,8732,87,5%,42
T059172,8732,2131,5%,42
T059174,8732,5326,5%,42
T059176,8732,5851,5%,42
T059192,8732,536,5%,42
T059203,9724,1668,5%,42
T059216,9724,5409,5%,42
T059221,9724,6439,5%,42
T059233,9724,2108,5%,42
T059248,9724,120,5%,42
T059250,9906,2740,5%,42
T059254,9906,1994,5%,42
T059262,9906,8388,5%,42
T059274,9906,8866,5%,42
T059397,233,5953,5%,42
T059458,683,5317,5%,42
T059464,683,1042,5%,42
T059485,683,1090,5%,42
T059490,683,1490,5%,42
T059501,1243,355,5%,42
T059532,1243,2274,5%,42
T059538,1243,1379,5%,42
T059584,1306,4621,5%,42
T059592,1306,7870,5%,42
T059599,1306,1211,5%,42
T059665,2949,6983,5%,42
T059688,2949,2486,5%,42
T059689,2949,9084,5%,42
T059734,3343,8047,5%,42
T059743,3343,4591,5%,42
T059754,3746,476,5%,42
T059776,3746,2882,5%,42
T059782,3746,8737,5%,42
T059799,3746,1090,5%,42
T059804,4585,7422,5%,42
T059844,4585,988,5%,42
T059850,6361,4469,5%,42
T059855,6361,3708,5%,42
T059858,6361,3410,5%,42
T059872,6361,3259,5%,42
T059882,6361,3208,5%,42
T059886,6361,1692,5%,42
T059938,6407,1007,5%,42
T059960,6851,226,5%,42
T059975,6851,7144,5%,42
T060020,6981,3938,5%,42
T060067,7706,6811,5%,42
T060088,7706,7792,5%,42
T060132,9084,492,5%,42
T060138,9084,386,5%,42
T060141,9084,32,5%,42
T060164,9106,386,5%,42
T060176,9106,5237,5%,42
T060198,9106,1692,5%,42
T060310,9952,3456,5%,42
T060322,9952,4325,5%,42
T060364,10325,8312,5%,42
T060390,10325,7316,5%,42
T060425,171,3361,5%,42
T060427,171,6170,5%,42
T060428,171,6796,5%,42
T060441,171,7976,5%,42
T060448,171,4142,5%,42
T060478,332,132,5%,42
T060506,577,35,5%,42
T060522,577,360,5%,42
T060557,1494,5273,5%,42
T060573,1494,2314,5%,42
T060605,1552,3052,5%,42
T060608,1552,5075,5%,42
T060612,1552,4285,5%,42
T060657,1791,1811,5%,42
T060703,3256,315,5%,42
T060709,3256,4700,5%,42
T060723,3256,1236,5%,42
T060753,3554,243,5%,42
T060795,3554,332,5%,42
T060796,3554,9258,5%,42
T060797,3554,4866,5%,42
T060865,4329,3554,5%,42
T060870,4329,3729,5%,42
T060880,4329,7090,5%,42
T060884,4329,4238,5%,42
T060889,4329,5993,5%,42
T060898,4329,6605,5%,42
T060913,4769,952,5%,42
T060924,4769,3,5%,42
T060931,4769,1626,5%,42
T060949,4769,8088,5%,42
T060951,5091,3630,5%,42
T060956,5091,7489,5%,42
T060969,5091,509,5%,42
T060985,5091,6109,5%,42
T061005,5298,5958,5%,42
T061007,5298,1104,5%,42
T061019,5298,2715,5%,42
T061026,5298,3106,5%,42
T061136,5531,130,5%,42
T061150,5587,2423,5%,42
T061155,5587,387,5%,42
T061185,5587,5125,5%,42
T061227,5851,3410,5%,42
T061280,5967,2434,5%,42
T061313,6815,3158,5%,42
T061334,6815,1058,5%,42
T061364,7472,5991,5%,42
T061390,7472,6954,5%,42
T061421,9719,2385,5%,42
T061458,9792,3954,5%,42
T061489,9792,6520,5%,42
T061513,167,4292,5%,42
T061517,167,891,5%,42
T061576,448,8791,5%,42
T061598,448,3065,5%,42
T061600,1755,3687,5%,42
T061601,1755,448,5%,42
T061627,1755,10293,5%,42
T061636,1755,1985,5%,42
T061638,1755,573,5%,42
T061647,1755,2346,5%,42
T061681,1896,2789,5%,42
T061696,1896,9082,5%,42
T061698,1896,6370,5%,42
T061709,2510,4347,5%,42
T061711,2510,243,5%,42
T061728,2510,9987,5%,42
T061757,4004,10206,5%,42
T061801,4272,342,5%,42
T061818,4272,3330,5%,42
T061878,4306,5953,5%,42
T061879,4306,5053,5%,42
T061892,4306,7018,5%,42
T061923,5067,1891,5%,42
T061961,5286,9118,5%,42
T061997,5286,413,5%,42
T061998,5286,391,5%,42
T061999,5286,9323,5%,42
T062009,6622,155,5%,42
T062011,6622,4352,5%,42
T062021,6622,7422,5%,42
T062030,6622,1092,5%,42
T062036,6622,226,5%,42
T062061,7375,1080,5%,42
T062122,7422,6733,5%,42
T062151,7672,3749,5%,42
T062155,7672,1388,5%,42
T062171,7672,565,5%,42
T062173,7672,4303,5%,42
T062199,7672,4150,5%,42
T062218,7977,2300,5%,42
T062239,7977,578,5%,42
T062255,8532,191,5%,42
T062263,8532,1866,5%,42
T062270,8532,322,5%,42
T062300,9844,6981,5%,42
T062314,9844,5197,5%,42
T062329,9844,10177,5%,42
T062331,9844,4620,5%,42
T062333,9844,169,5%,42
T062392,449,3003,5%,42
T062416,589,147,5%,42
T062429,589,9119,5%,42
T062456,607,8298,5%,42
T062462,607,10535,5%,42
T062472,607,5725,5%,42
T062478,607,1838,5%,42
T062504,2072,2188,5%,42
T062515,2072,1370,5%,42
T062540,2072,5814,5%,42
T062562,2473,6519,5%,42
T062600,3351,1501,5%,42
T062641,3351,5627,5%,42
T062657,3450,7849,5%,42
T062701,4503,9236,5%,42
T062763,5271,8388,5%,42
T062788,5271,4838,5%,42
T062794,5271,7002,5%,42
T062827,5315,6393,5%,42
T062874,5438,6962,5%,42
T062879,5438,3895,5%,42
T062880,5438,6097,5%,42
T062939,5726,4314,5%,42
T062961,6027,9181,5%,42
T063048,6685,6499,5%,42
T063083,8346,4978,5%,42
T063088,8346,5879,5%,42
T063107,9997,6732,5%,42
T063109,9997,8469,5%,42
T063113,9997,8982,5%,42
T063117,9997,1769,5%,42
T063148,9997,493,5%,42
T063151,387,7977,5%,42
T063172,387,598,5%,42
T063214,733,772,5%,42
T063229,733,3518,5%,42
T063264,1177,8203,5%,42
T063268,1177,4691,5%,42
T063283,1177,5061,5%,42
T063299,1177,900,5%,42
T063306,1184,4486,5%,42
T063311,1184,8469,5%,42
T063315,1184,4352,5%,42
T063352,1196,5556,5%,42
T063361,1196,3143,5%,42
T063495,2548,147,5%,42
T063539,3966,7042,5%,42
T063633,4958,5843,5%,42
T063651,5312,4040,5%,42
T063671,5312,9193,5%,42
T063712,5627,8545,5%,42
T063739,5627,5416,5%,42
T063742,5627,308,5%,42
T063743,5627,2108,5%,42
T063751,8613,959,5%,42
T063767,8613,9235,5%,42
T063789,8613,5197,5%,42
T063800,9441,152,5%,42
T063856,9519,2575,5%,42
T063862,9519,497,5%,42
T063872,9519,869,5%,42
T063895,9519,3570,5%,42
T063900,397,7672,5%,42
T063907,397,2600,5%,42
T063909,397,195,5%,42
T063918,397,4978,5%,42
T063951,760,4290,5%,42
T063956,760,2677,5%,42
T063971,760,5510,5%,42
T063987,760,7119,5%,42
T063998,760,5190,5%,42
T063999,760,105,5%,42
T064061,3306,9617,5%,42
T064084,3306,421,5%,42
T064095,3306,8114,5%,42
T064119,3314,4043,5%,42
T064132,3314,1244,5%,42
T064229,4033,659,5%,42
T064236,4033,90,5%,42
T064265,4103,38,5%,42
T064272,4103,30,5%,42
T064317,4144,901,5%,42
T064319,4144,7976,5%,42
T064362,4152,3306,5%,42
T064375,4152,986,5%,42
T064376,4152,3398,5%,42
T064391,4152,8943,5%,42
T064429,4808,66,5%,42
T064431,4808,1829,5%,42
T064455,5833,9181,5%,42
T064457,5833,2485,5%,42
T064478,5833,6733,5%,42
T064547,6396,2362,5%,42
T064558,7037,3016,5%,42
T064567,7037,6224,5%,42
T064570,7037,1649,5%,42
T064580,7037,4401,5%,42
T064584,7037,4682,5%,42
T064595,7037,2676,5%,42
T064633,7162,867,5%,42
T064687,8469,7976,5%,42
T064693,8469,8175,5%,42
T064717,9087,5495,5%,42
T064728,9087,7128,5%,42
T064735,9087,4072,5%,42
T064743,9087,232,5%,42
T064772,10333,6638,5%,42
T064777,10333,159,5%,42
T064780,10333,1888,5%,42
T064782,10333,1938,5%,42
T064796,10333,5326,5%,42
T064802,10350,3983,5%,42
T064840,10350,3973,5%,42
T064874,66,9258,5%,42
T064899,66,9216,5%,42
T064921,120,2883,5%,42
T064923,120,3822,5%,42
T064936,120,10030,5%,42
T064956,121,10101,5%,42
T064978,121,4620,5%,42
T065022,403,74,5%,42
T065026,403,9175,5%,42
T065052,493,1240,5%,42
T065061,493,612,5%,42
T065076,493,4365,5%,42
T065097,493,7991,5%,42
T065197,601,9719,5%,42
T065216,641,6433,5%,42
T065221,641,4362,5%,42
T065256,1061,3741,5%,42
T065533,2751,6195,5%,42
T065548,2751,886,5%,42
T065554,2982,1613,5%,42
T065564,2982,3639,5%,42
T065572,2982,462,5%,42
T065607,3068,7317,5%,42
T065627,3068,1215,5%,42
T065638,3068,5714,5%,42
T065642,3068,6500,5%,42
T065644,3068,914,5%,42
T065732,3350,1755,5%,42
T065737,3350,1641,5%,42
T065738,3350,3618,5%,42
T065756,3421,4103,5%,42
T065787,3421,2552,5%,42
T065797,3421,7803,5%,42
T065801,3786,2075,5%,42
T065808,3786,1318,5%,42
T065833,3786,6483,5%,42
T065834,3786,517,5%,42
T065836,3786,3586,5%,42
T065846,3786,1896,5%,42
T065921,4920,658,5%,42
T065932,4920,6838,5%,42
T065934,4920,1061,5%,42
T065939,4920,3804,5%,42
T065943,4920,8950,5%,42
T065969,5629,1269,5%,42
T065971,5629,8612,5%,42
T065972,5629,4879,5%,42
T065976,5629,3567,5%,42
T065985,5629,8715,5%,42
T066004,5887,5326,5%,42
T066020,5887,4207,5%,42
T066062,6151,3983,5%,42
T066089,6151,7537,5%,42
T066139,6821,7724,5%,42
T066142,6821,1088,5%,42
T066191,7392,71,5%,42
T066197,7392,1375,5%,42
T066233,7529,4670,5%,42
T066264,7801,1514,5%,42
T066272,7801,6631,5%,42
T066278,7801,3708,5%,42
T066289,7801,8388,5%,42
T066296,7801,4866,5%,42
T066333,7991,5180,5%,42
T066344,7991,4704,5%,42
T066390,9377,7018,5%,42
T066400,42,1161,5%,42
T066408,42,4144,5%,42
T066412,42,5385,5%,42
T066434,42,2522,5%,42
T066468,118,3884,5%,42
T066475,118,8914,5%,42
T066478,118,5531,5%,42
T066487,118,6638,5%,42
T066498,118,4103,5%,42
T066499,118,4420,5%,42
T066513,227,1254,5%,42
T066544,227,6499,5%,42
T066596,235,9545,5%,42
T066611,862,1786,5%,42
T066643,862,5197,5%,42
T066744,987,1164,5%,42
T066757,1326,3046,5%,42
T066762,1326,1769,5%,42
T066768,1326,5202,5%,42
T066787,1326,404,5%,42
T066813,1588,306,5%,42
T066827,1588,4046,5%,42
T066829,1588,6412,5%,42
T066833,1588,177,5%,42
T066845,1588,2099,5%,42
T066849,1588,3241,5%,42
T066931,2393,2188,5%,42
T066944,2393,5197,5%,42
T066953,2412,4269,5%,42
T067083,2632,578,5%,42
T067102,2733,13,5%,42
T067122,2733,6393,5%,42
T067170,3190,8047,5%,42
T067184,3190,5494,5%,42
T067197,3190,5786,5%,42
T067233,3464,3645,5%,42
T067238,3464,9952,5%,42
T067243,3464,4325,5%,42
T067286,3764,5273,5%,42
T067288,3764,6238,5%,42
T067291,3764,4285,5%,42
T067304,5190,5834,5%,42
T067333,5190,5556,5%,42
T067342,5190,342,5%,42
T067358,5226,5991,5%,42
T067412,5786,2100,5%,42
T067450,5843,7489,5%,42
T067455,5843,917,5%,42
T067514,5994,5926,5%,42
T067546,5994,4838,5%,42
T067564,6071,976,5%,42
T067577,6071,8470,5%,42
T067581,6071,1047,5%,42
T067592,6071,1254,5%,42
T067667,6904,2733,5%,42
T067711,7925,5622,5%,42
T067765,8663,1082,5%,42
T067766,8663,7537,5%,42
T067769,8663,6265,5%,42
T067777,8663,1266,5%,42
T067785,8663,1810,5%,42
T067822,9620,6747,5%,42
T067851,9923,5319,5%,42
T067881,9923,4982,5%,42
T067883,9923,6830,5%,42
T067897,9923,4290,5%,42
T067913,456,1163,5%,42
T067921,456,641,5%,42
T067939,456,923,5%,42
T067965,541,529,5%,42
T067998,541,3787,5%,42
T068022,550,322,5%,42
T068064,605,190,5%,42
T068065,605,3165,5%,42
T068093,605,473,5%,42
T068098,605,8767,5%,42
T068125,611,2433,5%,42
T068134,611,4689,5%,42
T068187,974,5706,5%,42
T068198,974,194,5%,42
T068227,1093,6135,5%,42
T068258,2608,677,5%,42
T068259,2608,90,5%,42
T068273,2608,3554,5%,42
T068281,2608,2644,5%,42
T068285,2608,5927,5%,42
T068307,2740,3833,5%,42
T068328,2740,3498,5%,42
T068352,3106,2693,5%,42
T068359,3106,23,5%,42
T068372,3106,214,5%,42
T068384,3106,7610,5%,42
T068404,4463,41,5%,42
T068413,4463,7099,5%,42
T068424,4463,4064,5%,42
T068442,4463,4329,5%,42
T068458,4848,3956,5%,42
T068476,4848,121,5%,42
T068478,4848,6709,5%,42
T068479,4848,295,5%,42
T068508,5050,7890,5%,42
T068525,5050,7856,5%,42
T068530,5050,6412,5%,42
T068537,5050,3863,5%,42
T068549,5050,2434,5%,42
T068554,5657,398,5%,42
T068564,5657,9733,5%,42
T068571,5657,9087,5%,42
T068580,5657,5320,5%,42
T068628,5991,4848,5%,42
T068676,6110,3588,5%,42
T068687,6110,6195,5%,42
T068726,6351,54,5%,42
T068737,6351,9830,5%,42
T068759,7120,917,5%,42
T068768,7120,7856,5%,42
T068772,7120,4866,5%,42
T068779,7120,4046,5%,42
T068780,7120,362,5%,42
T068803,7630,6669,5%,42
T068805,7630,2444,5%,42
T068845,7630,2374,5%,42
T068860,8089,10030,5%,42
T068861,8089,9204,5%,42
T068864,8089,7942,5%,42
T068865,8089,7165,5%,42
T068878,8089,4024,5%,42
T068950,8783,6949,5%,42
T068993,8783,4334,5%,42
T069001,10314,398,5%,42
T069003,10314,4523,5%,42
T069035,10314,4968,5%,42
T069037,10314,915,5%,42
T069049,10314,6754,5%,42
T069074,327,2650,5%,42
T069091,327,1572,5%,42
T069152,603,430,5%,42
T069167,603,7460,5%,42
T069171,603,3090,5%,42
T069173,603,2729,5%,42
T069174,603,6606,5%,42
T069217,704,4486,5%,42
T069232,704,6647,5%,42
T069239,704,4432,5%,42
T069255,959,921,5%,42
T069306,1054,3276,5%,42
T069316,1054,1546,5%,42
T069385,1079,411,5%,42
T069404,1098,7525,5%,42
T069414,1098,8778,5%,42
T069428,1098,6689,5%,42
T069429,1098,3729,5%,42
T069454,1895,2227,5%,42
T069462,1895,1154,5%,42
T069465,1895,69,5%,42
T069479,1895,7162,5%,42
T069485,1895,4164,5%,42
T069523,2112,240,5%,42
T069549,2112,4939,5%,42
T069619,2602,5990,5%,42
T069621,2602,37,5%,42
T069623,2602,4054,5%,42
T069625,2602,1215,5%,42
T069628,2602,2244,5%,42
T069631,2602,4890,5%,42
T069671,2734,1910,5%,42
T069693,2734,97,5%,42
T069711,2987,294,5%,42
T069744,2987,1042,5%,42
T069753,3456,1131,5%,42
T069770,3456,5529,5%,42
T069779,3456,2789,5%,42
T069780,3456,3410,5%,42
T069794,3456,237,5%,42
T069797,3456,6934,5%,42
T069839,3901,232,5%,42
T069887,4208,3822,5%,42
T069891,4208,1124,5%,42
T069931,4265,152,5%,42
T069941,4265,8617,5%,42
T069945,4265,1089,5%,42
T069988,4373,1572,5%,42
T070073,4606,5963,5%,42
T070120,4879,93,5%,42
T070129,4879,4762,5%,42
T070148,4879,8663,5%,42
T070149,4879,234,5%,42
T070152,5990,4585,5%,42
T070201,6437,4044,5%,42
T070213,6437,2131,5%,42
T070270,7724,4207,5%,42
T070285,7724,4306,5%,42
T070293,7724,1909,5%,42
T070299,7724,968,5%,42
T070362,9257,936,5%,42
T070365,9257,2883,5%,42
T070375,9257,841,5%,42
T070380,9257,1126,5%,42
T070384,9257,9204,5%,42
T070401,9543,6513,5%,42
T070420,9543,2804,5%,42
T070429,9543,7268,5%,42
T070446,9543,6485,5%,42
T070451,9570,5366,5%,42
T070471,9570,8399,5%,42
T070487,9570,5292,5%,42
T070513,10028,1810,5%,42
T070515,10028,51,5%,42
T070519,10028,9237,5%,42
T070531,10028,3326,5%,42
T070534,10028,554,5%,42
T070539,10028,3583,5%,42
T070554,10342,421,5%,42
T070603,232,3362,5%,42
T070606,232,1539,5%,42
T070621,232,3618,5%,42
T070623,232,4597,5%,42
T070637,232,2657,5%,42
T070687,241,5529,5%,42
T070692,241,978,5%,42
T070712,975,8108,5%,42
T070716,975,1361,5%,42
T070749,975,7896,5%,42
T070751,1071,554,5%,42
T070753,1071,1541,5%,42
T070759,1071,4007,5%,42
T070760,1071,2965,5%,42
T070777,1071,8203,5%,42
T070786,1071,5245,5%,42
T070795,1071,1147,5%,42
T070812,1202,1976,5%,42
T070842,1202,9543,5%,42
T070867,1550,895,5%,42
T070882,1550,74,5%,42
T070892,1550,3936,5%,42
T070909,1693,206,5%,42
T070910,1693,3479,5%,42
T070912,1693,3467,5%,42
T070919,1693,253,5%,42
T070961,1718,5153,5%,42
T070975,1718,5830,5%,42
T071014,2131,6851,5%,42
T071039,2131,2333,5%,42
T071054,2167,8312,5%,42
T071077,2167,5599,5%,42
T071100,2941,1533,5%,42
T071102,2941,8380,5%,42
T071153,3787,871,5%,42
T071174,3787,9325,5%,42
T071176,3787,1019,5%,42
T071179,3787,5009,5%,42
T071191,3787,3459,5%,42
T071201,4024,1179,5%,42
T071238,4024,3746,5%,42
T071248,4024,6,5%,42
T071272,4161,8926,5%,42
T071323,4183,1050,5%,42
T071329,4183,1215,5%,42
T071330,4183,6374,5%,42
T071331,4183,5409,5%,42
T071349,4183,6514,5%,42
T071363,5210,536,5%,42
T071366,5210,9119,5%,42
T071378,5210,7600,5%,42
T071394,5210,2275,5%,42
T071402,5308,663,5%,42
T071413,5308,3705,5%,42
T071421,5308,5889,5%,42
T071427,5308,5549,5%,42
T071436,5308,2441,5%,42
T071437,5308,5444,5%,42
T071446,5308,1053,5%,42
T071469,5556,2009,5%,42
T071483,5556,1385,5%,42
T071498,5556,5967,5%,42
T071517,6408,3941,5%,42
T071575,6552,2352,5%,42
T071596,6552,2902,5%,42
T071618,6791,9572,5%,42
T071651,7024,612,5%,42
T071683,7024,3886,5%,42
T071686,7024,7127,5%,42
T071688,7024,3676,5%,42
T071690,7024,5752,5%,42
T071697,7024,3922,5%,42
T071718,7049,8381,5%,42
T071805,7411,4043,5%,42
T071841,7411,5811,5%,42
T071966,8146,4024,5%,42
T072014,8324,626,5%,42
T072030,8324,3870,5%,42
T072046,8324,5078,5%,42
T072074,8416,2719,5%,42
T072103,9345,403,5%,42
T072110,9345,7460,5%,42
T072197,4,2657,5%,42
T072270,880,973,5%,42
T072289,880,6303,5%,42
T072362,1268,5381,5%,42
T072367,1268,8926,5%,42
T072379,1268,1822,5%,42
T072397,1268,4486,5%,42
T072406,1514,8063,5%,42
T072409,1514,1935,5%,42
T072430,1514,2390,5%,42
T072447,1514,210,5%,42
T072470,1535,1824,5%,42
T072478,1535,3570,5%,42
T072572,2600,57,5%,42
T072574,2600,3006,5%,42
T072599,2600,4800,5%,42
T072622,2637,2042,5%,42
T072623,2637,1268,5%,42
T072630,2637,6045,5%,42
T072637,2637,9731,5%,42
T072643,2637,194,5%,42
T072667,3177,4027,5%,42
T072683,3177,2897,5%,42
T072684,3177,2435,5%,42
T072685,3177,605,5%,42
T072687,3177,1895,5%,42
T072730,3321,2010,5%,42
T072732,3321,3006,5%,42
T072750,3618,4769,5%,42
T072755,3618,3012,5%,42
T072764,3618,4743,5%,42
T072766,3618,7216,5%,42
T072776,3618,392,5%,42
T072779,3618,4088,5%,42
T072820,3667,7776,5%,42
T072827,3667,6830,5%,42
T072841,3667,7411,5%,42
T072843,3667,9997,5%,42
T072845,3667,4384,5%,42
T072849,3667,6253,5%,42
T072890,3936,421,5%,42
T072945,4221,7042,5%,42
T072965,4314,9572,5%,42
T072977,4314,10079,5%,42
T072983,4314,4325,5%,42
T073006,4431,3749,5%,42
T073014,4431,7144,5%,42
T073024,4431,4499,5%,42
T073041,4431,1891,5%,42
T073044,4431,350,5%,42
T073071,5252,1242,5%,42
T073094,5252,3746,5%,42
T073107,5385,165,5%,42
T073117,5385,519,5%,42
T073129,5385,1935,5%,42
T073156,5495,5824,5%,42
T073170,5495,2632,5%,42
T073175,5495,4062,5%,42
T073232,5839,5726,5%,42
T073239,5839,7593,5%,42
T073248,5839,149,5%,42
T073257,5949,1040,5%,42
T073259,5949,4265,5%,42
T073281,5949,1588,5%,42
T073332,7460,338,5%,42
T073353,7940,6485,5%,42
T073358,7940,5500,5%,42
T073364,7940,899,5%,42
T073377,7940,1384,5%,42
T073394,7940,7411,5%,42
T073415,7987,693,5%,42
T073438,7987,7673,5%,42
T073447,7987,10101,5%,42
T073448,7987,2526,5%,42
T073471,8161,255,5%,42
T073508,8373,120,5%,42
T073534,8373,9790,5%,42
T073585,8496,6349,5%,42
T073631,8658,5678,5%,42
T073692,8975,1466,5%,42
T073699,8975,8781,5%,42
T073706,9063,6745,5%,42
T073752,9164,1985,5%,42
T073762,9164,4334,5%,42
T073773,9164,4033,5%,42
T073788,9164,37,5%,42
T073828,9969,966,5%,42
T073832,9969,5540,5%,42
T073853,10079,601,5%,42
T073866,10079,8855,5%,42
T073872,10079,7706,5%,42
T073885,10079,4409,5%,42
T073886,10079,2136,5%,42
T073904,10122,4011,5%,42
T073910,10122,8313,5%,42
T073916,10122,5328,5%,42
T073950,87,6172,5%,42
T074023,100,952,5%,42
T074053,470,4831,5%,42
T074099,470,1082,5%,42
T074107,582,9558,5%,42
T074120,582,2009,5%,42
T074127,582,2982,5%,42
T074133,582,473,5%,42
T074165,1422,426,5%,42
T074170,1422,7645,5%,42
T074208,2012,5292,5%,42
T074216,2012,4207,5%,42
T074219,2012,10195,5%,42
T074222,2012,2883,5%,42
T074230,2012,899,5%,42
T074265,2544,2291,5%,42
T074287,2544,4968,5%,42
T074304,2883,9738,5%,42
T074319,2883,1909,5%,42
T074354,3159,10060,5%,42
T074367,3159,3208,5%,42
T074373,3159,5953,5%,42
T074396,3159,649,5%,42
T074403,3498,6689,5%,42
T074423,3498,2756,5%,42
T074434,3498,6565,5%,42
T074465,3779,351,5%,42
T074495,3779,5178,5%,42
T074509,3956,3025,5%,42
T074513,3956,3951,5%,42
T074543,3956,5095,5%,42
T074552,5622,5967,5%,42
T074574,5622,5470,5%,42
T074576,5622,1699,5%,42
T074581,5622,2756,5%,42
T074667,5744,4269,5%,42
T074691,5744,8783,5%,42
T074707,5824,4150,5%,42
T074728,5824,760,5%,42
T074733,5824,4711,5%,42
T074764,6500,342,5%,42
T074774,6500,277,5%,42
T074814,6974,1007,5%,42
T074823,6974,1129,5%,42
T074831,6974,8108,5%,42
T074878,7478,3597,5%,42
T074949,8312,39,5%,42
T074969,8505,6059,5%,42
T074977,8505,372,5%,42
T074984,8505,5973,5%,42
T074985,8505,5795,5%,42
T074989,8505,4431,5%,42
T074992,8505,6408,5%,42
T075007,9189,370,5%,42
T075031,9189,4497,5%,42
T075040,9189,7606,5%,42
T075045,9189,2572,5%,42
T075060,9351,7801,5%,42
T075078,9351,3503,5%,42
T075096,9351,9570,5%,42
T075113,9507,3728,5%,42
T075126,9507,168,5%,42
T075127,9507,10350,5%,42
T075131,9507,196,5%,42
T075138,9507,8819,5%,42
T075142,9507,3451,5%,42
T075149,9507,4168,5%,42
T075152,9747,444,5%,42
T075158,9747,7518,5%,42
T075171,9747,2567,5%,42
T075189,9747,2866,5%,42
T075191,9747,4486,5%,42
T075192,9747,229,5%,42
T075210,10189,4693,5%,42
T075250,40,6049,5%,42
T075272,40,10233,5%,42
T075308,333,1318,5%,42
T075327,333,3007,5%,42
T075354,671,2615,5%,42
T075362,671,1241,5%,42
T075384,671,9764,5%,42
T075400,787,306,5%,42
T075404,787,5622,5%,42
T075406,787,704,5%,42
T075427,787,2693,5%,42
T075441,787,5949,5%,42
T075448,787,10122,5%,42
T075457,1129,365,5%,42
T075465,1129,4232,5%,42
T075473,1129,1212,5%,42
T075481,1129,9940,5%,42
T075537,1516,2626,5%,42
T075563,2204,4142,5%,42
T075577,2204,5287,5%,42
T075581,2204,6622,5%,42
T075643,2300,5016,5%,42
T075655,2609,3006,5%,42
T075689,2609,599,5%,42
T075744,2677,3231,5%,42
T075813,3066,9572,5%,42
T075828,3066,2423,5%,42
T075859,3593,6088,5%,42
T075944,3611,187,5%,42
T075951,4627,5048,5%,42
T075957,4627,3788,5%,42
T076001,5172,1313,5%,42
T076002,5172,5338,5%,42
T076038,5172,2308,5%,42
T076039,5172,5725,5%,42
T076042,5172,637,5%,42
T076055,5953,1824,5%,42
T076058,5953,2527,5%,42
T076066,5953,10,5%,42
T076072,5953,7250,5%,42
T076075,5953,4463,5%,42
T076080,5953,2982,5%,42
T076122,6092,194,5%,42
T076134,6092,7103,5%,42
T076157,6134,2966,5%,42
T076160,6134,5879,5%,42
T076171,6134,7764,5%,42
T076176,6134,178,5%,42
T076221,6970,8047,5%,42
T076238,6970,6361,5%,42
T076239,6970,190,5%,42
T076253,7250,5953,5%,42
T076260,7250,4603,5%,42
T076263,7250,4620,5%,42
T076268,7250,2009,5%,42
T076282,7250,6669,5%,42
T076296,7250,4487,5%,42
T076313,7449,980,5%,42
T076336,7449,3450,5%,42
T076350,7870,8871,5%,42
T076370,7870,220,5%,42
T076387,7870,603,5%,42
T076389,7870,315,5%,42
T076425,7970,603,5%,42
T076431,7970,1375,5%,42
T076459,8169,2678,5%,42
T076466,8169,2189,5%,42
T076473,8169,4431,5%,42
T076490,8169,4365,5%,42
T076527,8739,3884,5%,42
T076547,8739,4238,5%,42
T076577,8969,3938,5%,42
T076599,8969,5202,5%,42
T076643,9701,6063,5%,42
T076681,10486,231,5%,42
T076683,10486,5531,5%,42
T076701,253,2637,5%,42
T076710,253,8089,5%,42
T076734,253,4469,5%,42
T076770,355,26,5%,42
T076781,355,8389,5%,42
T076788,355,6198,5%,42
T076798,355,5839,5%,42
T076814,484,2244,5%,42
T076837,484,2920,5%,42
T076875,718,2107,5%,42
T076897,718,5447,5%,42
T076942,738,7894,5%,42
T076945,738,5197,5%,42
T076959,860,9515,5%,42
T076984,860,5563,5%,42
T077029,1047,5994,5%,42
T077033,1047,4142,5%,42
T077050,1094,90,5%,42
T077136,1798,6732,5%,42
T077181,1984,4111,5%,42
T077218,2687,8416,5%,42
T077319,3374,7464,5%,42
T077326,3374,571,5%,42
T077329,3374,3871,5%,42
T077341,3374,5518,5%,42
T077354,3586,3787,5%,42
T077375,3586,995,5%,42
T077395,3586,8687,5%,42
T077423,3775,6109,5%,42
T077430,3775,2478,5%,42
T077437,3775,10325,5%,42
T077443,3775,8783,5%,42
T077491,3971,10261,5%,42
T077529,4100,6088,5%,42
T077564,4486,10293,5%,42
T077588,4486,4724,5%,42
T077597,4486,690,5%,42
T077644,5107,4895,5%,42
T077662,5180,2319,5%,42
T077685,5180,854,5%,42
T077691,5180,443,5%,42
T077722,5510,2505,5%,42
T077789,5529,2897,5%,42
T077825,5643,6954,5%,42
T077842,5643,683,5%,42
T077854,5970,1641,5%,42
T077857,5970,1523,5%,42
T077878,5970,8583,5%,42
T077881,5970,637,5%,42
T077893,5970,8408,5%,42
T077938,6488,2136,5%,42
T077942,6488,4700,5%,42
T077944,6488,2080,5%,42
T077947,6488,214,5%,42
T077973,6830,5630,5%,42
T077985,6830,3407,5%,42
T078040,7268,5987,5%,42
T078047,7268,1780,5%,42
T078084,7542,6201,5%,42
T078137,7906,1098,5%,42
T078178,8175,967,5%,42
T078201,8565,9852,5%,42
T078213,8565,4403,5%,42
T078252,8746,2378,5%,42
T078264,8746,4981,5%,42
T078296,8746,1180,5%,42
T078307,8791,527,5%,42
T078332,8791,5889,5%,42
T078333,8791,118,5%,42
T078338,8791,148,5%,42
T078355,9371,172,5%,42
T078358,9371,6393,5%,42
T078374,9371,8207,5%,42
T078382,9371,449,5%,42
T078390,9371,430,5%,42
T078391,9371,3384,5%,42
T078404,9852,3232,5%,42
T078407,9852,6960,5%,42
T078420,9852,8019,5%,42
T078433,9852,372,5%,42
T078454,10065,4591,5%,42
T078472,10065,306,5%,42
T078497,10065,2697,5%,42
T078499,10065,403,5%,42
T078511,10261,165,5%,42
T078515,10261,977,5%,42
T078555,13,8791,5%,42
T078604,134,5706,5%,42
T078608,134,8663,5%,42
T078647,134,2559,5%,42
T078662,228,718,5%,42
T078665,228,8007,5%,42
T078690,228,3230,5%,42
T078723,322,10314,5%,42
T078729,322,1434,5%,42
T078766,342,2509,5%,42
T078772,342,169,5%,42
T078775,342,7090,5%,42
T078776,342,858,5%,42
T078811,818,2645,5%,42
T078815,818,2731,5%,42
T078829,818,1174,5%,42
T078833,818,7440,5%,42
T078834,818,4325,5%,42
T078924,1976,1286,5%,42
T078927,1976,5761,5%,42
T078938,1976,2786,5%,42
T078990,2078,7024,5%,42
T078992,2078,5973,5%,42
T079023,2243,7333,5%,42
T079032,2243,6838,5%,42
T079053,2378,49,5%,42
T079092,2378,4982,5%,42
T079099,2378,338,5%,42
T079166,2756,6599,5%,42
T079203,2769,4546,5%,42
T079268,2918,1326,5%,42
T079277,2918,6934,5%,42
T079312,3230,1669,5%,42
T079319,3230,9175,5%,42
T079334,3230,1240,5%,42
T079345,3230,1053,5%,42
T079496,3517,7542,5%,42
T079514,3609,4399,5%,42
T079543,3609,1184,5%,42
T079561,3804,4958,5%,42
T079568,3804,6201,5%,42
T079578,3804,8855,5%,42
T079583,3804,3825,5%,42
T079585,3804,968,5%,42
T079590,3804,5622,5%,42
T079611,3871,101,5%,42
T079613,3871,7088,5%,42
T079624,3871,995,5%,42
T079627,3871,595,5%,42
T079649,3871,3154,5%,42
T079651,4121,1115,5%,42
T079653,4121,2657,5%,42
T079694,4121,1012,5%,42
T079697,4121,3274,5%,42
T079704,4591,9292,5%,42
T079745,4591,3966,5%,42
T079767,4762,5084,5%,42
T079775,4762,7268,5%,42
T079811,5162,4393,5%,42
T079816,5162,955,5%,42
T079818,5162,7464,5%,42
T079844,5162,862,5%,42
T079855,5393,1093,5%,42
T079862,5393,8186,5%,42
T079865,5393,270,5%,42
T079894,5393,5529,5%,42
T079896,5393,1572,5%,42
T079954,6519,6253,5%,42
T079974,6519,3007,5%,42
T079978,6519,6202,5%,42
T079987,6519,5527,5%,42
T079989,6519,3951,5%,42
T080003,6840,1159,5%,42
T080016,6840,683,5%,42
T080028,6840,3583,5%,42
T080057,6890,2609,5%,42
T080073,6890,8470,5%,42
T080076,6890,3154,5%,42
T080120,6962,914,5%,42
T080128,6962,404,5%,42
T080133,6962,1504,5%,42
T080141,6962,7991,5%,42
T080162,7786,5830,5%,42
T080172,7786,2707,5%,42
T080174,7786,5063,5%,42
T080177,7786,799,5%,42
T080180,7786,5812,5%,42
T080197,7786,203,5%,42
T080209,8541,6198,5%,42
T080219,8541,9229,5%,42
T080220,8541,6049,5%,42
T080236,8541,1266,5%,42
T080239,8541,1981,5%,42
T080245,8541,8695,5%,42
T080301,2,2218,5%,42
T080302,2,513,5%,42
T080394,30,484,5%,42
T080434,226,3591,5%,42
T080468,248,8047,5%,42
T080509,367,760,5%,42
T080531,367,87,5%,42
T080552,1023,1539,5%,42
T080583,1023,3697,5%,42
T080584,1023,8339,5%,42
T080660,1337,9771,5%,42
T080687,1337,4818,5%,42
T080699,1337,8658,5%,42
T080703,2118,1910,5%,42
T080781,2358,771,5%,42
T080829,3270,899,5%,42
T080844,3270,544,5%,42
T080845,3270,196,5%,42
T080896,3567,237,5%,42
T080908,3639,314,5%,42
T080965,3822,175,5%,42
T080968,3822,6488,5%,42
T080994,3822,2646,5%,42
T080996,3822,4204,5%,42
T081011,4043,4478,5%,42
T081017,4043,7987,5%,42
T081025,4043,2956,5%,42
T081028,4043,421,5%,42
T081073,8186,7593,5%,42
T081091,8186,5127,5%,42
T081093,8186,2023,5%,42
T081126,8241,4862,5%,42
T081137,8241,5364,5%,42
T081142,8241,88,5%,42
T081151,8258,2629,5%,42
T081161,8258,199,5%,42
T081164,8258,398,5%,42
T081169,8258,3901,5%,42
T081189,8258,232,5%,42
T081192,8258,3585,5%,42
T081211,8859,1592,5%,42
T081259,9323,9235,5%,42
T081261,9323,4334,5%,42
T081265,9323,5511,5%,42
T081268,9323,6198,5%,42
T081273,9323,237,5%,42
T081278,9323,3004,5%,42
T081279,9323,749,5%,42
T081297,9323,9175,5%,42
T081298,9323,220,5%,42
T081307,10071,6425,5%,42
T081316,10071,3139,5%,42
T081331,10071,6357,5%,42
T081333,10071,8781,5%,42
T081343,10071,8075,5%,42
T081349,10071,9401,5%,42
T081383,10281,4576,5%,42
T081399,10281,129,5%,42
T081437,917,658,5%,42
T081470,926,2080,5%,42
T081474,926,322,5%,42
T081524,1824,6437,5%,42
T081545,1824,3434,5%,42
T081552,2084,1194,5%,42
T081591,2084,8700,5%,42
T081598,2084,5004,5%,42
T081601,3253,10177,5%,42
T081612,3253,863,5%,42
T081629,3253,844,5%,42
T081690,3259,2444,5%,42
T081694,3259,2918,5%,42
T081696,3259,3922,5%,42
T081799,4048,626,5%,42
T081834,4322,97,5%,42
T081847,4322,2916,5%,42
T081877,4334,6745,5%,42
T081917,4783,1019,5%,42
T081922,4783,2387,5%,42
T081931,4783,145,5%,42
T081941,4783,1017,5%,42
T081949,4783,2740,5%,42
T082027,5955,2471,5%,42
T082051,6109,5592,5%,42
T082060,6109,3648,5%,42
T082061,6109,3618,5%,42
T082063,6109,8732,5%,42
T082073,6109,835,5%,42
T082078,6109,6777,5%,42
T082084,6109,7518,5%,42
T082091,6109,7176,5%,42
T082117,6202,9034,5%,42
T082132,6202,8737,5%,42
T082171,6864,3775,5%,42
T082173,6864,2289,5%,42
T082187,6864,567,5%,42
T082197,6864,2633,5%,42
T082211,6954,5233,5%,42
T082223,6954,22,5%,42
T082232,6954,921,5%,42
T082295,7128,9189,5%,42
T082345,7593,81,5%,42
T082357,8408,2274,5%,42
T082382,8408,2099,5%,42
T082387,8408,3209,5%,42
T082404,8763,4161,5%,42
T082412,8763,6483,5%,42
T082427,8763,8532,5%,42
T082436,8763,2715,5%,42
T082440,8763,684,5%,42
T082457,8867,8828,5%,42
T082470,8867,350,5%,42
T082479,8867,4499,5%,42
T082518,8914,4375,5%,42
T082521,8914,1034,5%,42
T082560,8926,8050,5%,42
T082576,8926,1189,5%,42
T082583,8926,2842,5%,42
T082615,9175,1866,5%,42
T082616,9175,7937,5%,42
T082630,9175,3936,5%,42
T082633,9175,8088,5%,42
T082652,9230,10065,5%,42
T082655,9230,3470,5%,42
T082669,9230,9087,5%,42
T082684,9230,1062,5%,42
T082692,9230,1292,5%,42
T082698,9230,315,5%,42
T082730,9853,5624,5%,42
T082743,9853,5447,5%,42
T082754,10145,8169,5%,42
T082771,10145,899,5%,42
T082789,10145,7600,5%,42
T082803,10359,469,5%,42
T082839,10359,2986,5%,42
T082852,614,5629,5%,42
T082929,649,7127,5%,42
T082934,649,1545,5%,42
T082944,649,2740,5%,42
T082976,730,1976,5%,42
T082981,730,19,5%,42
T082982,730,5191,5%,42
T082984,730,1236,5%,42
T083003,835,9115,5%,42
T083015,835,2188,5%,42
T083051,891,453,5%,42
T083074,891,7610,5%,42
T083086,891,2385,5%,42
T083089,891,5968,5%,42
T083140,967,7002,5%,42
T083188,1074,9401,5%,42
T083193,1074,61,5%,42
T083200,1099,854,5%,42
T083221,1099,1123,5%,42
T083269,1318,3936,5%,42
T083294,1318,1861,5%,42
T083303,1384,6237,5%,42
T083314,1384,6756,5%,42
T083324,1384,3274,5%,42
T083326,1384,6459,5%,42
T083329,1384,7002,5%,42
T083341,1384,721,5%,42
T083366,1439,2935,5%,42
T083406,1639,1014,5%,42
T083408,1639,1124,5%,42
T083436,1639,23,5%,42
T083485,1758,4393,5%,42
T083492,1758,3606,5%,42
T083510,1861,2544,5%,42
T083554,2075,641,5%,42
T083573,2075,3721,5%,42
T083574,2075,4693,5%,42
T083583,2075,9237,5%,42
T083586,2075,8,5%,42
T083619,2418,7226,5%,42
T083645,2418,5180,5%,42
T083650,2535,5159,5%,42
T083696,2535,2167,5%,42
T083725,2710,4603,5%,42
T083756,2851,7269,5%,42
T083765,2851,6605,5%,42
T083812,3090,9558,5%,42
T083816,3090,6261,5%,42
T083828,3090,4693,5%,42
T083862,3491,8737,5%,42
T083870,3491,3366,5%,42
T083897,3491,976,5%,42
T083900,3928,10359,5%,42
T083905,3928,4978,5%,42
T083930,3928,9119,5%,42
T083936,3928,5319,5%,42
T083937,3928,996,5%,42
T083975,4169,249,5%,42
T083989,4169,513,5%,42
T084007,4387,9118,5%,42
T084032,4387,7610,5%,42
T084075,5292,484,5%,42
T084107,5452,3667,5%,42
T084119,5452,104,5%,42
T084147,5452,7162,5%,42
T084230,6499,3729,5%,42
T084243,6499,101,5%,42
T084244,6499,1815,5%,42
T084254,6698,5317,5%,42
T084269,6698,8298,5%,42
T084352,7212,2000,5%,42
T084356,7212,952,5%,42
T084363,7212,592,5%,42
T084385,7212,5028,5%,42
T084469,7951,718,5%,42
T084493,7951,2544,5%,42
T084529,8664,8617,5%,42
T084538,8664,121,5%,42
T084548,8664,1818,5%,42
T084563,10231,1645,5%,42
T084565,10231,6815,5%,42
T084569,10231,663,5%,42
T084618,677,12,5%,42
T084624,677,6406,5%,42
T084635,677,385,5%,42
T084657,1212,1664,5%,42
T084662,1212,3407,5%,42
T084663,1212,6261,5%,42
T084680,1212,4011,5%,42
T084688,1212,2697,5%,42
T084691,1212,2329,5%,42
T084694,1212,4478,5%,42
T084766,1838,1550,5%,42
T084775,1838,6688,5%,42
T084776,1838,5446,5%,42
T084818,2471,7698,5%,42
T084827,2471,5409,5%,42
T084842,2471,7951,5%,42
T084843,2471,1490,5%,42
T084846,2471,7099,5%,42
T084879,2806,2666,5%,42
T084888,2806,1727,5%,42
T084894,2806,5926,5%,42
T084911,3055,5814,5%,42
T084914,3055,4861,5%,42
T084935,3055,1136,5%,42
T084938,3055,2661,5%,42
T084978,3095,10293,5%,42
T084985,3095,6951,5%,42
T084995,3095,221,5%,42
T085031,3469,988,5%,42
T085039,3469,8408,5%,42
T085106,3973,3586,5%,42
T085110,3973,6756,5%,42
T085116,3973,8346,5%,42
T085163,4416,5889,5%,42
T085164,4416,5846,5%,42
T085172,4416,6405,5%,42
T085174,4416,257,5%,42
T085181,4416,2897,5%,42
T085182,4416,7099,5%,42
T085216,4506,10006,5%,42
T085221,4506,4585,5%,42
T085250,5009,6993,5%,42
T085268,5009,2404,5%,42
T085288,5009,3818,5%,42
T085290,5009,6904,5%,42
T085330,5239,4920,5%,42
T085354,6601,8883,5%,42
T085363,6601,2867,5%,42
T085367,6601,3986,5%,42
T085379,6601,9849,5%,42
T085396,6601,2455,5%,42
T085418,6726,6787,5%,42
T085420,6726,7937,5%,42
T085422,6726,2829,5%,42
T085424,6726,5392,5%,42
T085433,6726,3954,5%,42
T085436,6726,4724,5%,42
T085441,6726,2331,5%,42
T085448,6726,7119,5%,42
T085456,6745,7870,5%,42
T085483,6745,3788,5%,42
T085566,6889,1209,5%,42
T085577,6889,1867,5%,42
T085579,6889,2393,5%,42
T085605,7165,1250,5%,42
T085629,7165,5984,5%,42
T085715,7333,5587,5%,42
T085716,7333,886,5%,42
T085754,7764,5828,5%,42
T085755,7764,1535,5%,42
T085761,7764,1499,5%,42
T085783,7764,1457,5%,42
T085835,7901,968,5%,42
T085836,7901,7049,5%,42
T085838,7901,4088,5%,42
T085847,7901,1116,5%,42
T085858,8206,1504,5%,42
T085881,8206,8778,5%,42
T085956,8355,10333,5%,42
T085959,8355,738,5%,42
T085990,8355,7996,5%,42
T086008,8545,8658,5%,42
T086014,8545,3143,5%,42
T086021,8545,4248,5%,42
T086023,8545,5747,5%,42
T086030,8545,1910,5%,42
T086042,8545,2479,5%,42
T086073,9486,3678,5%,42
T086086,9486,7212,5%,42
T086096,9486,4100,5%,42
T086141,9941,3,5%,42
T086152,294,2194,5%,42
T086154,294,4183,5%,42
T086159,294,1082,5%,42
T086173,294,3729,5%,42
T086188,294,6830,5%,42
T086196,294,7402,5%,42
T086238,432,8531,5%,42
T086242,432,2567,5%,42
T086244,432,7792,5%,42
T086254,714,4537,5%,42
T086277,714,6509,5%,42
T086314,772,6265,5%,42
T086348,772,2906,5%,42
T086391,800,6432,5%,42
T086394,800,3012,5%,42
T086419,1088,58,5%,42
T086460,1211,210,5%,42
T086465,1211,1212,5%,42
T086492,1211,4365,5%,42
T086494,1211,4098,5%,42
T086509,1370,114,5%,42
T086518,1370,7776,5%,42
T086520,1370,1873,5%,42
T086541,1370,8392,5%,42
T086604,1953,7942,5%,42
T086611,1953,2012,5%,42
T086616,1953,7896,5%,42
T086634,1953,1125,5%,42
T086652,2093,6374,5%,42
T086801,3069,6274,5%,42
T086818,3069,3321,5%,42
T086844,3069,3065,5%,42
T086847,3069,7392,5%,42
T086850,3624,290,5%,42
T086856,3624,3012,5%,42
T086893,3624,3779,5%,42
T086911,4730,1910,5%,42
T086933,4730,384,5%,42
T087031,5322,406,5%,42
T087050,5540,6081,5%,42
T087067,5540,4606,5%,42
T087075,5540,8745,5%,42
T087081,5540,6092,5%,42
T087089,5540,6864,5%,42
T087100,5706,4062,5%,42
T087101,5706,88,5%,42
T087108,5706,863,5%,42
T087126,5706,3361,5%,42
T087153,5937,787,5%,42
T087178,5937,787,5%,42
T087202,5968,175,5%,42
T087208,5968,2633,5%,42
T087209,5968,2867,5%,42
T087228,5968,688,5%,42
T087279,6459,3331,5%,42
T087303,6631,4100,5%,42
T087307,6631,847,5%,42
T087310,6631,9241,5%,42
T087360,6664,601,5%,42
T087375,6664,6,5%,42
T087433,7918,3721,5%,42
T087486,7937,9325,5%,42
T087499,7937,14,5%,42
T087501,9558,9650,5%,42
T087568,9731,7918,5%,42
T087580,9731,2986,5%,42
T087591,9731,184,5%,42
T087592,9731,228,5%,42
T087601,9836,1468,5%,42
T087641,9836,8207,5%,42
T087655,9986,527,5%,42
T087723,10006,2093,5%,42
T087724,10006,2806,5%,42
T087728,10006,196,5%,42
T087758,10067,1055,5%,42
T087762,10067,5095,5%,42
T087781,10067,1226,5%,42
T087799,10067,940,5%,42
T087818,10101,5990,5%,42
T087822,10101,6904,5%,42
T087829,10101,697,5%,42
T087864,10293,8751,5%,42
T087891,10293,2756,5%,42
T087895,10293,2567,5%,42
T087921,10343,5061,5%,42
T087936,10343,8612,5%,42
T087945,10343,2964,5%,42
T087956,71,5320,5%,42
T087984,71,1117,5%,42
T088022,311,3886,5%,42
T088034,311,9936,5%,42
T088041,311,319,5%,42
T088045,311,2433,5%,42
T088051,426,2154,5%,42
T088098,426,5328,5%,42
T088108,591,7422,5%,42
T088109,591,1466,5%,42
T088143,591,5987,5%,42
T088148,591,7115,5%,42
T088157,610,6499,5%,42
T088164,610,23,5%,42
T088177,610,275,5%,42
T088200,629,567,5%,42
T088201,629,343,5%,42
T088203,629,519,5%,42
T088254,841,5830,5%,42
T088267,841,5746,5%,42
T088288,841,1755,5%,42
T088294,841,6128,5%,42
T088301,895,2509,5%,42
T088309,895,6109,5%,42
T088323,895,4285,5%,42
T088331,895,8715,5%,42
T088335,895,9193,5%,42
T088344,895,372,5%,42
T088356,901,747,5%,42
T088371,901,6575,5%,42
T088390,901,3256,5%,42
T088401,1204,2473,5%,42
T088409,1204,29,5%,42
T088439,1204,95,5%,42
T088458,1223,591,5%,42
T088461,1223,7766,5%,42
T088487,1223,7024,5%,42
T088489,1223,1811,5%,42
T088490,1223,30,5%,42
T088512,1539,6887,5%,42
T088529,1539,496,5%,42
T088530,1539,4303,5%,42
T088567,1603,2608,5%,42
T088577,1603,190,5%,42
T088590,1603,253,5%,42
T088607,1631,9237,5%,42
T088608,1631,6324,5%,42
T088658,1641,4508,5%,42
T088680,1641,6754,5%,42
T088684,1641,2192,5%,42
T088713,1645,1098,5%,42
T088718,1645,6891,5%,42
T088735,1645,585,5%,42
T088753,1959,3520,5%,42
T088773,1959,2645,5%,42
T088815,2493,6238,5%,42
T088831,2493,1318,5%,42
T088841,2493,3983,5%,42
T088852,2509,6349,5%,42
T088858,2509,6094,5%,42
T088896,2509,2584,5%,42
T088940,3588,4403,5%,42
T088959,3728,1211,5%,42
T088961,3728,5237,5%,42
T088982,3728,1764,5%,42
T088990,3728,5882,5%,42
T088994,3728,2194,5%,42
T089010,4227,6674,5%,42
T089014,4227,1212,5%,42
T089073,4444,178,5%,42
T089083,4444,3270,5%,42
T089091,4444,5452,5%,42
T089138,4445,7615,5%,42
T089148,4445,860,5%,42
T089150,4487,3630,5%,42
T089163,4487,4800,5%,42
T089164,4487,2121,5%,42
T089197,4487,305,5%,42
T089225,4510,1895,5%,42
T089259,5409,863,5%,42
T089263,5409,1673,5%,42
T089269,5409,5514,5%,42
T089292,5409,7811,5%,42
T089293,5409,6339,5%,42
T089309,5746,5408,5%,42
T089340,5746,1709,5%,42
T089366,5752,1048,5%,42
T089391,5752,4263,5%,42
T089427,5793,2551,5%,42
T089432,5793,5556,5%,42
T089442,5793,3715,5%,42
T089444,5793,243,5%,42
T089449,5793,403,5%,42
T089480,5828,10120,5%,42
T089495,5828,1050,5%,42
T089500,6274,6325,5%,42
T089534,6274,9235,5%,42
T089549,6274,1658,5%,42
T089567,6373,4890,5%,42
T089589,6373,184,5%,42
T089590,6373,3496,5%,42
T089615,6887,5095,5%,42
T089617,6887,6299,5%,42
T089619,6887,2902,5%,42
T089621,6887,8019,5%,42
T089655,7440,2608,5%,42
T089658,7440,4257,5%,42
T089668,7440,1896,5%,42
T089673,7440,4469,5%,42
T089675,7440,1183,5%,42
T089693,7440,2549,5%,42
T089694,7440,1184,5%,42
T089746,8050,2740,5%,42
T089751,8127,6806,5%,42
T089772,8127,4403,5%,42
T089791,8127,132,5%,42
T089794,8127,8861,5%,42
T089811,8236,6514,5%,42
T089850,8816,3941,5%,42
T089883,8816,9570,5%,42
T090018,9236,550,5%,42
T090021,9236,267,5%,42
T090024,9236,1811,5%,42
T090043,9236,5034,5%,42
T090082,9515,1588,5%,42
T090109,10040,8565,5%,42
T090112,10040,3951,5%,42
T090121,10040,7216,5%,42
T090126,10040,6509,5%,42
T090196,10060,5322,5%,42
T090213,49,9543,5%,42
T090236,49,7601,5%,42
T090238,49,221,5%,42
T090254,131,73,5%,42
T090393,179,5292,5%,42
T090398,179,8401,5%,42
T090415,185,1994,5%,42
T090421,185,8071,5%,42
T090423,185,5419,5%,42
T090514,435,2626,5%,42
T090526,435,936,5%,42
T090580,889,4169,5%,42
T090657,1062,3496,5%,42
T090683,1062,2393,5%,42
T090717,1669,5958,5%,42
T090724,1669,995,5%,42
T090730,1669,5075,5%,42
T090763,1891,7334,5%,42
T090788,1891,9790,5%,42
T090793,1891,3591,5%,42
T090805,2291,2814,5%,42
T090821,2291,2196,5%,42
T090906,3010,2804,5%,42
T090929,3010,1306,5%,42
T090938,3010,1786,5%,42
T090973,3951,4169,5%,42
T091006,4011,279,5%,42
T091038,4011,2674,5%,42
T091043,4011,2554,5%,42
T091062,4257,5261,5%,42
T091095,4257,3687,5%,42
T091121,4292,1159,5%,42
T091151,4399,6745,5%,42
T091167,4399,9292,5%,42
T091186,4399,9747,5%,42
T091270,5202,7216,5%,42
T091281,5202,5127,5%,42
T091289,5202,89,5%,42
T091294,5202,3098,5%,42
T091335,5235,1994,5%,42
T091343,5235,3498,5%,42
T091348,5235,2677,5%,42
T091351,5319,3645,5%,42
T091384,5319,9486,5%,42
T091396,5319,7714,5%,42
T091425,5436,10071,5%,42
T091433,5436,9849,5%,42
T091443,5436,8745,5%,42
T091458,6059,5377,5%,42
T091461,6059,730,5%,42
T091483,6059,4352,5%,42
T091538,6244,1388,5%,42
T091541,6244,1136,5%,42
T091555,6271,10148,5%,42
T091563,6271,5245,5%,42
T091597,6271,7801,5%,42
T091609,6513,2657,5%,42
T091611,6513,2009,5%,42
T091615,6513,3209,5%,42
T091639,6513,1047,5%,42
T091642,6513,6500,5%,42
T091674,6663,4183,5%,42
T091697,6663,7090,5%,42
T091721,6756,3624,5%,42
T091733,6756,649,5%,42
T091734,6756,862,5%,42
T091746,6756,4187,5%,42
T091747,6756,2581,5%,42
T091761,6960,2806,5%,42
T091771,6960,79,5%,42
T091783,6960,6934,5%,42
T091841,6993,1095,5%,42
T091847,6993,9230,5%,42
T091884,7464,4741,5%,42
T091886,7464,183,5%,42
T091890,7464,8654,5%,42
T091895,7464,2987,5%,42
T091898,7464,209,5%,42
T091913,7698,5210,5%,42
T091926,7698,1370,5%,42
T091980,7981,4603,5%,42
T091989,7981,6284,5%,42
T092026,8234,3743,5%,42
T092033,8234,4585,5%,42
T092037,8234,7024,5%,42
T092045,8234,976,5%,42
T092081,8476,7103,5%,42
T092094,8476,3629,5%,42
T092108,8507,3451,5%,42
T092133,8507,5706,5%,42
T092134,8507,4212,5%,42
T092138,8507,2333,5%,42
T092143,8507,359,5%,42
T092191,8950,843,5%,42
T092193,8950,5170,5%,42
T092196,8950,1179,5%,42
T092206,9545,6871,5%,42
T092234,9545,385,5%,42
T092255,10080,7076,5%,42
T092271,10080,2657,5%,42
T092274,10080,9254,5%,42
T092334,10148,104,5%,42
T092336,10148,2499,5%,42
T092337,10148,8781,5%,42
T092374,109,9189,5%,42
T092375,109,3606,5%,42
T092379,109,2412,5%,42
T092472,421,264,5%,42
T092487,421,2678,5%,42
T092513,1019,4920,5%,42
T092521,1019,58,5%,42
T092553,1179,5210,5%,42
T092560,1179,800,5%,42
T092581,1179,9351,5%,42
T092592,1179,3330,5%,42
T092594,1179,6873,5%,42
T092622,1286,13,5%,42
T092637,1286,426,5%,42
T092667,1523,7940,5%,42
T092729,1538,10281,5%,42
T092762,1546,5132,5%,42
T092771,1546,7392,5%,42
T092775,1546,210,5%,42
T092784,1546,6063,5%,42
T092800,1985,1935,5%,42
T092801,1985,3715,5%,42
T092823,1985,4445,5%,42
T092855,2009,2439,5%,42
T092879,2009,453,5%,42
T092900,2227,3609,5%,42
T092914,2227,4046,5%,42
T092924,2227,3306,5%,42
T092976,2240,6833,5%,42
T092990,2240,995,5%,42
T092993,2240,1861,5%,42
T093000,2478,6675,5%,42
T093064,2520,3098,5%,42
T093070,2520,3356,5%,42
T093079,2520,10231,5%,42
T093092,2520,2984,5%,42
T093102,3004,5286,5%,42
T093108,3004,2509,5%,42
T093117,3004,1188,5%,42
T093132,3004,7673,5%,42
T093195,3676,36,5%,42
T093200,3825,1838,5%,42
T093207,3825,8198,5%,42
T093230,3825,6573,5%,42
T093255,3926,2023,5%,42
T093258,3926,1876,5%,42
T093274,3926,847,5%,42
T093276,3926,5261,5%,42
T093301,4064,975,5%,42
T093322,4064,6840,5%,42
T093325,4064,4263,5%,42
T093332,4064,258,5%,42
T093333,4064,9572,5%,42
T093344,4064,1042,5%,42
T093376,4151,1533,5%,42
T093383,4151,3788,5%,42
T093428,5273,598,5%,42
T093467,5958,383,5%,42
T093479,5958,4373,5%,42
T093481,5958,5643,5%,42
T093510,6030,5366,5%,42
T093528,6030,5419,5%,42
T093536,6030,936,5%,42
T093583,6045,1918,5%,42
T093598,6045,404,5%,42
T093610,6412,985,5%,42
T093623,6412,270,5%,42
T093639,6412,5949,5%,42
T093646,6412,2984,5%,42
T093661,6432,8794,5%,42
T093685,6432,2700,5%,42
T093717,6441,5990,5%,42
T093757,6483,5547,5%,42
T093803,6599,1784,5%,42
T093806,6599,4597,5%,42
T093859,6996,2083,5%,42
T093863,6996,9940,5%,42
T094000,8074,9257,5%,42
T094010,8074,484,5%,42
T094063,8303,3331,5%,42
T094108,8695,7031,5%,42
T094144,8695,10177,5%,42
T094155,8794,185,5%,42
T094219,8883,5926,5%,42
T094225,8883,2404,5%,42
T094244,8883,8146,5%,42
T094252,9193,9940,5%,42
T094262,9193,7792,5%,42
T094270,9193,6499,5%,42
T094374,9512,3825,5%,42
T094412,9533,5793,5%,42
T094414,9533,67,5%,42
T094460,9849,2352,5%,42
T094488,9849,6232,5%,42
T094491,9849,6303,5%,42
T094563,124,383,5%,42
T094570,124,1755,5%,42
T094571,124,7896,5%,42
T094584,124,137,5%,42
T094598,124,6951,5%,42
T094599,124,5094,5%,42
T094601,159,5828,5%,42
T094614,159,1362,5%,42
T094631,159,5338,5%,42
T094682,175,4409,5%,42
T094702,183,2535,5%,42
T094798,210,6071,5%,42
T094809,360,2656,5%,42
T094864,571,9039,5%,42
T094866,571,9771,5%,42
T094878,571,209,5%,42
T094939,903,9084,5%,42
T094946,903,492,5%,42
T094950,1342,3804,5%,42
T094958,1342,1657,5%,42
T094961,1342,2707,5%,42
T094967,1342,3484,5%,42
T094973,1342,9106,5%,42
T095019,2355,4145,5%,42
T095069,2591,4347,5%,42
T095088,2591,341,5%,42
T095093,2591,4121,5%,42
T095141,2697,4711,5%,42
T095177,2707,6357,5%,42
T095196,2707,2200,5%,42
T095203,2715,611,5%,42
T095215,2715,903,5%,42
T095255,2912,24,5%,42
T095270,2912,7518,5%,42
T095316,2938,1175,5%,42
T095345,2938,4168,5%,42
T095361,3240,411,5%,42
T095395,3240,200,5%,42
T095402,3570,5315,5%,42
T095409,3570,5381,5%,42
T095475,3583,3741,5%,42
T095496,3583,2897,5%,42
T095524,4044,3895,5%,42
T095587,4072,5622,5%,42
T095592,4072,4606,5%,42
T095599,4072,6412,5%,42
T095656,5063,8186,5%,42
T095722,5153,6063,5%,42
T095800,5761,6244,5%,42
T095807,5761,290,5%,42
T095814,5761,280,5%,42
T095818,5761,8507,5%,42
T095866,5812,924,5%,42
T095868,5812,9830,5%,42
T095872,5812,6993,5%,42
T095881,5812,8089,5%,42
T095900,6081,5446,5%,42
T095976,6088,7319,5%,42
T096002,6097,1084,5%,42
T096043,6097,4939,5%,42
T096046,6097,1188,5%,42
T096076,6172,2271,5%,42
T096096,6172,1219,5%,42
T096120,6238,6172,5%,42
T096139,6238,1183,5%,42
T096155,6303,688,5%,42
T096163,6303,2916,5%,42
T096177,6303,3813,5%,42
T096212,6575,3098,5%,42
T096231,6575,1123,5%,42
T096232,6575,9210,5%,42
T096295,7600,7162,5%,42
T096299,7600,4238,5%,42
T096304,7894,4033,5%,42
T096307,7894,10206,5%,42
T096340,7894,255,5%,42
T096350,8088,5171,5%,42
T096402,8114,3775,5%,42
T096413,8114,343,5%,42
T096424,8114,6412,5%,42
T096427,8114,903,5%,42
T096435,8114,1909,5%,42
T096446,8114,562,5%,42
T096501,8198,1133,5%,42
T096513,8198,2441,5%,42
T096515,8198,8075,5%,42
T096569,8866,5271,5%,42
T096600,9168,1047,5%,42
T096654,9229,121,5%,42
T096660,9229,5172,5%,42
T096704,9726,2883,5%,42
T096720,9726,3588,5%,42
T096737,9726,4215,5%,42
T096752,278,196,5%,42
T096759,278,1843,5%,42
T096807,330,4387,5%,42
T096820,330,5392,5%,42
T096821,330,6409,5%,42
T096834,330,7042,5%,42
T096854,398,7672,5%,42
T096858,398,9241,5%,42
T096860,398,571,5%,42
T096862,398,6631,5%,42
T096884,398,5180,5%,42
T096886,398,5322,5%,42
T096927,663,2645,5%,42
T096943,663,3362,5%,42
T096983,771,3498,5%,42
T097024,855,1398,5%,42
T097045,855,3052,5%,42
T097096,943,5075,5%,42
T097099,943,3177,5%,42
T097126,1116,1613,5%,42
T097176,1244,3593,5%,42
T097187,1244,280,5%,42
T097208,1250,1022,5%,42
T097225,1250,8496,5%,42
T097254,1361,2397,5%,42
T097283,1361,3450,5%,42
T097303,1786,7002,5%,42
T097392,1938,2446,5%,42
T097399,1938,7090,5%,42
T097413,2200,7766,5%,42
T097414,2200,2000,5%,42
T097418,2200,227,5%,42
T097431,2200,1693,5%,42
T097487,2522,485,5%,42
T097516,2866,7120,5%,42
T097531,2866,6201,5%,42
T097644,3003,1241,5%,42
T097747,3206,6552,5%,42
T097774,3606,1090,5%,42
T097777,3606,2138,5%,42
T097793,3606,83,5%,42
T097834,3648,3804,5%,42
T097889,3914,7162,5%,42
T097891,3914,3224,5%,42
T097900,4062,42,5%,42
T097911,4062,3296,5%,42
T097915,4062,3134,5%,42
T097945,4062,1379,5%,42
T097959,4531,862,5%,42
T097961,4531,4355,5%,42
T097983,4531,1843,5%,42
T097991,4531,206,5%,42
T098013,4597,2291,5%,42
T098031,4597,3922,5%,42
T098060,4646,2769,5%,42
T098083,4646,5063,5%,42
T098126,4887,5278,5%,42
T098155,5125,1422,5%,42
T098253,5267,4790,5%,42
T098331,5377,3153,5%,42
T098348,5377,3421,5%,42
T098358,5408,59,5%,42
T098371,5408,7167,5%,42
T098374,5408,2559,5%,42
T098375,5408,4620,5%,42
T098381,5408,5067,5%,42
T098425,5527,306,5%,42
T098438,5527,10080,5%,42
T098454,6871,4164,5%,42
T098471,6871,10101,5%,42
T098539,6983,404,5%,42
T098571,7176,858,5%,42
T098666,7776,1244,5%,42
T098695,7776,5239,5%,42
T098705,7788,1084,5%,42
T098707,7788,9189,5%,42
T098714,7788,4693,5%,42
T098718,7788,8380,5%,42
T098765,7792,6097,5%,42
T098776,7792,1219,5%,42
T098839,7796,5252,5%,42
T098846,7796,6669,5%,42
T098851,7856,9241,5%,42
T098872,7856,974,5%,42
T098874,7856,257,5%,42
T098876,7856,138,5%,42
T098884,7856,7002,5%,42
T098921,7984,5599,5%,42
T098927,7984,2575,5%,42
T098938,7984,2794,5%,42
T098965,8691,6071,5%,42
T098984,8691,2559,5%,42
T099000,9216,1798,5%,42
T099062,9272,7766,5%,42
T099084,9272,8819,5%,42
T099100,9369,7788,5%,42
T099101,9369,8339,5%,42
T099147,9369,565,5%,42
T099163,10177,4051,5%,42
T099178,10177,9311,5%,42
T099181,10177,256,5%,42
T099198,10177,3056,5%,42
T099208,10188,9020,5%,42
T099241,10188,8304,5%,42
T099253,10195,93,5%,42
T099268,10195,9533,5%,42
T099288,10195,2618,5%,42
T099300,95,3331,5%,42
T099318,95,6396,5%,42
T099322,95,2510,5%,42
T099349,95,9515,5%,42
T099371,280,6306,5%,42
T099401,365,601,5%,42
T099402,365,6151,5%,42
T099436,365,3177,5%,42
T099438,365,5622,5%,42
T099442,365,9020,5%,42
T099446,365,5127,5%,42
T099458,492,585,5%,42
T099476,492,2608,5%,42
T099486,492,3938,5%,42
T099506,528,7250,5%,42
T099584,539,8063,5%,42
T099603,573,1209,5%,42
T099606,573,175,5%,42
T099607,573,279,5%,42
T099632,573,7162,5%,42
T099649,573,469,5%,42
T099661,1126,2420,5%,42
T099667,1126,3139,5%,42
T099676,1126,1985,5%,42
T099707,1175,772,5%,42
T099724,1175,8814,5%,42
T099740,1175,2829,5%,42
T099774,1216,985,5%,42
T099778,1216,1204,5%,42
T099779,1216,7890,5%,42
T099804,1362,4503,5%,42
T099814,1362,5563,5%,42
T099818,1362,6119,5%,42
T099830,1362,6558,5%,42
T099889,1592,4955,5%,42
T099895,1592,2650,5%,42
T099925,1888,3046,5%,42
T099952,1910,1494,5%,42
T099969,1910,4226,5%,42
