source_record_id,true_identity,image_id,image_path,low_quality_path,assigned_identity
68935,819,H000000,data/splits/100k/images/heldout/H000000.png,data/corrupted/100k_blur_15x15_s5/heldout/H000000.png,819
68889,819,H000001,data/splits/100k/images/heldout/H000001.png,data/corrupted/100k_blur_15x15_s5/heldout/H000001.png,819
68621,819,H000002,data/splits/100k/images/heldout/H000002.png,data/corrupted/100k_blur_15x15_s5/heldout/H000002.png,819
69090,819,H000003,data/splits/100k/images/heldout/H000003.png,data/corrupted/100k_blur_15x15_s5/heldout/H000003.png,819
207238,3410,H000004,data/splits/100k/images/heldout/H000004.png,data/corrupted/100k_blur_15x15_s5/heldout/H000004.png,3410
207552,3410,H000005,data/splits/100k/images/heldout/H000005.png,data/corrupted/100k_blur_15x15_s5/heldout/H000005.png,3410
207801,3410,H000006,data/splits/100k/images/heldout/H000006.png,data/corrupted/100k_blur_15x15_s5/heldout/H000006.png,3410
207280,3410,H000007,data/splits/100k/images/heldout/H000007.png,data/corrupted/100k_blur_15x15_s5/heldout/H000007.png,3410
17948,138,H000008,data/splits/100k/images/heldout/H000008.png,data/corrupted/100k_blur_15x15_s5/heldout/H000008.png,138
17994,138,H000009,data/splits/100k/images/heldout/H000009.png,data/corrupted/100k_blur_15x15_s5/heldout/H000009.png,138
17901,138,H000010,data/splits/100k/images/heldout/H000010.png,data/corrupted/100k_blur_15x15_s5/heldout/H000010.png,138
17954,138,H000011,data/splits/100k/images/heldout/H000011.png,data/corrupted/100k_blur_15x15_s5/heldout/H000011.png,138
107573,1321,H000012,data/splits/100k/images/heldout/H000012.png,data/corrupted/100k_blur_15x15_s5/heldout/H000012.png,1321
107431,1321,H000013,data/splits/100k/images/heldout/H000013.png,data/corrupted/100k_blur_15x15_s5/heldout/H000013.png,1321
107884,1321,H000014,data/splits/100k/images/heldout/H000014.png,data/corrupted/100k_blur_15x15_s5/heldout/H000014.png,1321
107629,1321,H000015,data/splits/100k/images/heldout/H000015.png,data/corrupted/100k_blur_15x15_s5/heldout/H000015.png,1321
205619,3384,H000016,data/splits/100k/images/heldout/H000016.png,data/corrupted/100k_blur_15x15_s5/heldout/H000016.png,3384
205799,3384,H000017,data/splits/100k/images/heldout/H000017.png,data/corrupted/100k_blur_15x15_s5/heldout/H000017.png,3384
205947,3384,H000018,data/splits/100k/images/heldout/H000018.png,data/corrupted/100k_blur_15x15_s5/heldout/H000018.png,3384
205448,3384,H000019,data/splits/100k/images/heldout/H000019.png,data/corrupted/100k_blur_15x15_s5/heldout/H000019.png,3384
148171,2188,H000020,data/splits/100k/images/heldout/H000020.png,data/corrupted/100k_blur_15x15_s5/heldout/H000020.png,2188
148197,2188,H000021,data/splits/100k/images/heldout/H000021.png,data/corrupted/100k_blur_15x15_s5/heldout/H000021.png,2188
148370,2188,H000022,data/splits/100k/images/heldout/H000022.png,data/corrupted/100k_blur_15x15_s5/heldout/H000022.png,2188
148259,2188,H000023,data/splits/100k/images/heldout/H000023.png,data/corrupted/100k_blur_15x15_s5/heldout/H000023.png,2188
189834,3024,H000024,data/splits/100k/images/heldout/H000024.png,data/corrupted/100k_blur_15x15_s5/heldout/H000024.png,3024
189892,3024,H000025,data/splits/100k/images/heldout/H000025.png,data/corrupted/100k_blur_15x15_s5/heldout/H000025.png,3024
189872,3024,H000026,data/splits/100k/images/heldout/H000026.png,data/corrupted/100k_blur_15x15_s5/heldout/H000026.png,3024
189712,3024,H000027,data/splits/100k/images/heldout/H000027.png,data/corrupted/100k_blur_15x15_s5/heldout/H000027.png,3024
73394,872,H000028,data/splits/100k/images/heldout/H000028.png,data/corrupted/100k_blur_15x15_s5/heldout/H000028.png,872
73627,872,H000029,data/splits/100k/images/heldout/H000029.png,data/corrupted/100k_blur_15x15_s5/heldout/H000029.png,872
73591,872,H000030,data/splits/100k/images/heldout/H000030.png,data/corrupted/100k_blur_15x15_s5/heldout/H000030.png,872
73533,872,H000031,data/splits/100k/images/heldout/H000031.png,data/corrupted/100k_blur_15x15_s5/heldout/H000031.png,872
177492,2749,H000032,data/splits/100k/images/heldout/H000032.png,data/corrupted/100k_blur_15x15_s5/heldout/H000032.png,2749
177437,2749,H000033,data/splits/100k/images/heldout/H000033.png,data/corrupted/100k_blur_15x15_s5/heldout/H000033.png,2749
177819,2749,H000034,data/splits/100k/images/heldout/H000034.png,data/corrupted/100k_blur_15x15_s5/heldout/H000034.png,2749
177522,2749,H000035,data/splits/100k/images/heldout/H000035.png,data/corrupted/100k_blur_15x15_s5/heldout/H000035.png,2749
239773,4111,H000036,data/splits/100k/images/heldout/H000036.png,data/corrupted/100k_blur_15x15_s5/heldout/H000036.png,4111
239541,4111,H000037,data/splits/100k/images/heldout/H000037.png,data/corrupted/100k_blur_15x15_s5/heldout/H000037.png,4111
239685,4111,H000038,data/splits/100k/images/heldout/H000038.png,data/corrupted/100k_blur_15x15_s5/heldout/H000038.png,4111
239336,4111,H000039,data/splits/100k/images/heldout/H000039.png,data/corrupted/100k_blur_15x15_s5/heldout/H000039.png,4111
148681,2189,H000040,data/splits/100k/images/heldout/H000040.png,data/corrupted/100k_blur_15x15_s5/heldout/H000040.png,2189
149254,2189,H000041,data/splits/100k/images/heldout/H000041.png,data/corrupted/100k_blur_15x15_s5/heldout/H000041.png,2189
149065,2189,H000042,data/splits/100k/images/heldout/H000042.png,data/corrupted/100k_blur_15x15_s5/heldout/H000042.png,2189
149047,2189,H000043,data/splits/100k/images/heldout/H000043.png,data/corrupted/100k_blur_15x15_s5/heldout/H000043.png,2189
294031,5287,H000044,data/splits/100k/images/heldout/H000044.png,data/corrupted/100k_blur_15x15_s5/heldout/H000044.png,5287
294054,5287,H000045,data/splits/100k/images/heldout/H000045.png,data/corrupted/100k_blur_15x15_s5/heldout/H000045.png,5287
293780,5287,H000046,data/splits/100k/images/heldout/H000046.png,data/corrupted/100k_blur_15x15_s5/heldout/H000046.png,5287
293866,5287,H000047,data/splits/100k/images/heldout/H000047.png,data/corrupted/100k_blur_15x15_s5/heldout/H000047.png,5287
343915,6374,H000048,data/splits/100k/images/heldout/H000048.png,data/corrupted/100k_blur_15x15_s5/heldout/H000048.png,6374
344208,6374,H000049,data/splits/100k/images/heldout/H000049.png,data/corrupted/100k_blur_15x15_s5/heldout/H000049.png,6374
344182,6374,H000050,data/splits/100k/images/heldout/H000050.png,data/corrupted/100k_blur_15x15_s5/heldout/H000050.png,6374
344159,6374,H000051,data/splits/100k/images/heldout/H000051.png,data/corrupted/100k_blur_15x15_s5/heldout/H000051.png,6374
265307,4670,H000052,data/splits/100k/images/heldout/H000052.png,data/corrupted/100k_blur_15x15_s5/heldout/H000052.png,4670
265620,4670,H000053,data/splits/100k/images/heldout/H000053.png,data/corrupted/100k_blur_15x15_s5/heldout/H000053.png,4670
265562,4670,H000054,data/splits/100k/images/heldout/H000054.png,data/corrupted/100k_blur_15x15_s5/heldout/H000054.png,4670
265549,4670,H000055,data/splits/100k/images/heldout/H000055.png,data/corrupted/100k_blur_15x15_s5/heldout/H000055.png,4670
7974,41,H000056,data/splits/100k/images/heldout/H000056.png,data/corrupted/100k_blur_15x15_s5/heldout/H000056.png,41
7824,41,H000057,data/splits/100k/images/heldout/H000057.png,data/corrupted/100k_blur_15x15_s5/heldout/H000057.png,41
7818,41,H000058,data/splits/100k/images/heldout/H000058.png,data/corrupted/100k_blur_15x15_s5/heldout/H000058.png,41
8200,41,H000059,data/splits/100k/images/heldout/H000059.png,data/corrupted/100k_blur_15x15_s5/heldout/H000059.png,41
117270,1542,H000060,data/splits/100k/images/heldout/H000060.png,data/corrupted/100k_blur_15x15_s5/heldout/H000060.png,1542
117544,1542,H000061,data/splits/100k/images/heldout/H000061.png,data/corrupted/100k_blur_15x15_s5/heldout/H000061.png,1542
117518,1542,H000062,data/splits/100k/images/heldout/H000062.png,data/corrupted/100k_blur_15x15_s5/heldout/H000062.png,1542
117755,1542,H000063,data/splits/100k/images/heldout/H000063.png,data/corrupted/100k_blur_15x15_s5/heldout/H000063.png,1542
329970,6090,H000064,data/splits/100k/images/heldout/H000064.png,data/corrupted/100k_blur_15x15_s5/heldout/H000064.png,6090
330097,6090,H000065,data/splits/100k/images/heldout/H000065.png,data/corrupted/100k_blur_15x15_s5/heldout/H000065.png,6090
330223,6090,H000066,data/splits/100k/images/heldout/H000066.png,data/corrupted/100k_blur_15x15_s5/heldout/H000066.png,6090
330354,6090,H000067,data/splits/100k/images/heldout/H000067.png,data/corrupted/100k_blur_15x15_s5/heldout/H000067.png,6090
278644,4968,H000068,data/splits/100k/images/heldout/H000068.png,data/corrupted/100k_blur_15x15_s5/heldout/H000068.png,4968
278545,4968,H000069,data/splits/100k/images/heldout/H000069.png,data/corrupted/100k_blur_15x15_s5/heldout/H000069.png,4968
278519,4968,H000070,data/splits/100k/images/heldout/H000070.png,data/corrupted/100k_blur_15x15_s5/heldout/H000070.png,4968
278686,4968,H000071,data/splits/100k/images/heldout/H000071.png,data/corrupted/100k_blur_15x15_s5/heldout/H000071.png,4968
6641,37,H000072,data/splits/100k/images/heldout/H000072.png,data/corrupted/100k_blur_15x15_s5/heldout/H000072.png,37
6712,37,H000073,data/splits/100k/images/heldout/H000073.png,data/corrupted/100k_blur_15x15_s5/heldout/H000073.png,37
7061,37,H000074,data/splits/100k/images/heldout/H000074.png,data/corrupted/100k_blur_15x15_s5/heldout/H000074.png,37
6990,37,H000075,data/splits/100k/images/heldout/H000075.png,data/corrupted/100k_blur_15x15_s5/heldout/H000075.png,37
336032,6224,H000076,data/splits/100k/images/heldout/H000076.png,data/corrupted/100k_blur_15x15_s5/heldout/H000076.png,6224
336296,6224,H000077,data/splits/100k/images/heldout/H000077.png,data/corrupted/100k_blur_15x15_s5/heldout/H000077.png,6224
335939,6224,H000078,data/splits/100k/images/heldout/H000078.png,data/corrupted/100k_blur_15x15_s5/heldout/H000078.png,6224
336265,6224,H000079,data/splits/100k/images/heldout/H000079.png,data/corrupted/100k_blur_15x15_s5/heldout/H000079.png,6224
79008,956,H000080,data/splits/100k/images/heldout/H000080.png,data/corrupted/100k_blur_15x15_s5/heldout/H000080.png,956
78942,956,H000081,data/splits/100k/images/heldout/H000081.png,data/corrupted/100k_blur_15x15_s5/heldout/H000081.png,956
79365,956,H000082,data/splits/100k/images/heldout/H000082.png,data/corrupted/100k_blur_15x15_s5/heldout/H000082.png,956
79250,956,H000083,data/splits/100k/images/heldout/H000083.png,data/corrupted/100k_blur_15x15_s5/heldout/H000083.png,956
341366,6332,H000084,data/splits/100k/images/heldout/H000084.png,data/corrupted/100k_blur_15x15_s5/heldout/H000084.png,6332
341310,6332,H000085,data/splits/100k/images/heldout/H000085.png,data/corrupted/100k_blur_15x15_s5/heldout/H000085.png,6332
341657,6332,H000086,data/splits/100k/images/heldout/H000086.png,data/corrupted/100k_blur_15x15_s5/heldout/H000086.png,6332
341183,6332,H000087,data/splits/100k/images/heldout/H000087.png,data/corrupted/100k_blur_15x15_s5/heldout/H000087.png,6332
106965,1317,H000088,data/splits/100k/images/heldout/H000088.png,data/corrupted/100k_blur_15x15_s5/heldout/H000088.png,1317
107217,1317,H000089,data/splits/100k/images/heldout/H000089.png,data/corrupted/100k_blur_15x15_s5/heldout/H000089.png,1317
106846,1317,H000090,data/splits/100k/images/heldout/H000090.png,data/corrupted/100k_blur_15x15_s5/heldout/H000090.png,1317
107011,1317,H000091,data/splits/100k/images/heldout/H000091.png,data/corrupted/100k_blur_15x15_s5/heldout/H000091.png,1317
60119,658,H000092,data/splits/100k/images/heldout/H000092.png,data/corrupted/100k_blur_15x15_s5/heldout/H000092.png,658
59983,658,H000093,data/splits/100k/images/heldout/H000093.png,data/corrupted/100k_blur_15x15_s5/heldout/H000093.png,658
60098,658,H000094,data/splits/100k/images/heldout/H000094.png,data/corrupted/100k_blur_15x15_s5/heldout/H000094.png,658
59998,658,H000095,data/splits/100k/images/heldout/H000095.png,data/corrupted/100k_blur_15x15_s5/heldout/H000095.png,658
105693,1299,H000096,data/splits/100k/images/heldout/H000096.png,data/corrupted/100k_blur_15x15_s5/heldout/H000096.png,1299
105784,1299,H000097,data/splits/100k/images/heldout/H000097.png,data/corrupted/100k_blur_15x15_s5/heldout/H000097.png,1299
105565,1299,H000098,data/splits/100k/images/heldout/H000098.png,data/corrupted/100k_blur_15x15_s5/heldout/H000098.png,1299
105601,1299,H000099,data/splits/100k/images/heldout/H000099.png,data/corrupted/100k_blur_15x15_s5/heldout/H000099.png,1299
102673,1245,H000100,data/splits/100k/images/heldout/H000100.png,data/corrupted/100k_blur_15x15_s5/heldout/H000100.png,1245
102451,1245,H000101,data/splits/100k/images/heldout/H000101.png,data/corrupted/100k_blur_15x15_s5/heldout/H000101.png,1245
102668,1245,H000102,data/splits/100k/images/heldout/H000102.png,data/corrupted/100k_blur_15x15_s5/heldout/H000102.png,1245
102635,1245,H000103,data/splits/100k/images/heldout/H000103.png,data/corrupted/100k_blur_15x15_s5/heldout/H000103.png,1245
138684,1994,H000104,data/splits/100k/images/heldout/H000104.png,data/corrupted/100k_blur_15x15_s5/heldout/H000104.png,1994
138638,1994,H000105,data/splits/100k/images/heldout/H000105.png,data/corrupted/100k_blur_15x15_s5/heldout/H000105.png,1994
138705,1994,H000106,data/splits/100k/images/heldout/H000106.png,data/corrupted/100k_blur_15x15_s5/heldout/H000106.png,1994
138675,1994,H000107,data/splits/100k/images/heldout/H000107.png,data/corrupted/100k_blur_15x15_s5/heldout/H000107.png,1994
31066,256,H000108,data/splits/100k/images/heldout/H000108.png,data/corrupted/100k_blur_15x15_s5/heldout/H000108.png,256
31161,256,H000109,data/splits/100k/images/heldout/H000109.png,data/corrupted/100k_blur_15x15_s5/heldout/H000109.png,256
31154,256,H000110,data/splits/100k/images/heldout/H000110.png,data/corrupted/100k_blur_15x15_s5/heldout/H000110.png,256
30934,256,H000111,data/splits/100k/images/heldout/H000111.png,data/corrupted/100k_blur_15x15_s5/heldout/H000111.png,256
253997,4401,H000112,data/splits/100k/images/heldout/H000112.png,data/corrupted/100k_blur_15x15_s5/heldout/H000112.png,4401
253960,4401,H000113,data/splits/100k/images/heldout/H000113.png,data/corrupted/100k_blur_15x15_s5/heldout/H000113.png,4401
254010,4401,H000114,data/splits/100k/images/heldout/H000114.png,data/corrupted/100k_blur_15x15_s5/heldout/H000114.png,4401
254232,4401,H000115,data/splits/100k/images/heldout/H000115.png,data/corrupted/100k_blur_15x15_s5/heldout/H000115.png,4401
3633,23,H000116,data/splits/100k/images/heldout/H000116.png,data/corrupted/100k_blur_15x15_s5/heldout/H000116.png,23
3821,23,H000117,data/splits/100k/images/heldout/H000117.png,data/corrupted/100k_blur_15x15_s5/heldout/H000117.png,23
3942,23,H000118,data/splits/100k/images/heldout/H000118.png,data/corrupted/100k_blur_15x15_s5/heldout/H000118.png,23
3707,23,H000119,data/splits/100k/images/heldout/H000119.png,data/corrupted/100k_blur_15x15_s5/heldout/H000119.png,23
24134,194,H000120,data/splits/100k/images/heldout/H000120.png,data/corrupted/100k_blur_15x15_s5/heldout/H000120.png,194
23741,194,H000121,data/splits/100k/images/heldout/H000121.png,data/corrupted/100k_blur_15x15_s5/heldout/H000121.png,194
24004,194,H000122,data/splits/100k/images/heldout/H000122.png,data/corrupted/100k_blur_15x15_s5/heldout/H000122.png,194
24135,194,H000123,data/splits/100k/images/heldout/H000123.png,data/corrupted/100k_blur_15x15_s5/heldout/H000123.png,194
131153,1822,H000124,data/splits/100k/images/heldout/H000124.png,data/corrupted/100k_blur_15x15_s5/heldout/H000124.png,1822
130989,1822,H000125,data/splits/100k/images/heldout/H000125.png,data/corrupted/100k_blur_15x15_s5/heldout/H000125.png,1822
131004,1822,H000126,data/splits/100k/images/heldout/H000126.png,data/corrupted/100k_blur_15x15_s5/heldout/H000126.png,1822
130996,1822,H000127,data/splits/100k/images/heldout/H000127.png,data/corrupted/100k_blur_15x15_s5/heldout/H000127.png,1822
233469,3989,H000128,data/splits/100k/images/heldout/H000128.png,data/corrupted/100k_blur_15x15_s5/heldout/H000128.png,3989
233848,3989,H000129,data/splits/100k/images/heldout/H000129.png,data/corrupted/100k_blur_15x15_s5/heldout/H000129.png,3989
233472,3989,H000130,data/splits/100k/images/heldout/H000130.png,data/corrupted/100k_blur_15x15_s5/heldout/H000130.png,3989
233732,3989,H000131,data/splits/100k/images/heldout/H000131.png,data/corrupted/100k_blur_15x15_s5/heldout/H000131.png,3989
100593,1226,H000132,data/splits/100k/images/heldout/H000132.png,data/corrupted/100k_blur_15x15_s5/heldout/H000132.png,1226
100583,1226,H000133,data/splits/100k/images/heldout/H000133.png,data/corrupted/100k_blur_15x15_s5/heldout/H000133.png,1226
100410,1226,H000134,data/splits/100k/images/heldout/H000134.png,data/corrupted/100k_blur_15x15_s5/heldout/H000134.png,1226
100655,1226,H000135,data/splits/100k/images/heldout/H000135.png,data/corrupted/100k_blur_15x15_s5/heldout/H000135.png,1226
49308,513,H000136,data/splits/100k/images/heldout/H000136.png,data/corrupted/100k_blur_15x15_s5/heldout/H000136.png,513
49259,513,H000137,data/splits/100k/images/heldout/H000137.png,data/corrupted/100k_blur_15x15_s5/heldout/H000137.png,513
49235,513,H000138,data/splits/100k/images/heldout/H000138.png,data/corrupted/100k_blur_15x15_s5/heldout/H000138.png,513
49639,513,H000139,data/splits/100k/images/heldout/H000139.png,data/corrupted/100k_blur_15x15_s5/heldout/H000139.png,513
409267,8071,H000140,data/splits/100k/images/heldout/H000140.png,data/corrupted/100k_blur_15x15_s5/heldout/H000140.png,8071
409228,8071,H000141,data/splits/100k/images/heldout/H000141.png,data/corrupted/100k_blur_15x15_s5/heldout/H000141.png,8071
409265,8071,H000142,data/splits/100k/images/heldout/H000142.png,data/corrupted/100k_blur_15x15_s5/heldout/H000142.png,8071
409327,8071,H000143,data/splits/100k/images/heldout/H000143.png,data/corrupted/100k_blur_15x15_s5/heldout/H000143.png,8071
161243,2439,H000144,data/splits/100k/images/heldout/H000144.png,data/corrupted/100k_blur_15x15_s5/heldout/H000144.png,2439
160845,2439,H000145,data/splits/100k/images/heldout/H000145.png,data/corrupted/100k_blur_15x15_s5/heldout/H000145.png,2439
161186,2439,H000146,data/splits/100k/images/heldout/H000146.png,data/corrupted/100k_blur_15x15_s5/heldout/H000146.png,2439
161078,2439,H000147,data/splits/100k/images/heldout/H000147.png,data/corrupted/100k_blur_15x15_s5/heldout/H000147.png,2439
258074,4478,H000148,data/splits/100k/images/heldout/H000148.png,data/corrupted/100k_blur_15x15_s5/heldout/H000148.png,4478
258094,4478,H000149,data/splits/100k/images/heldout/H000149.png,data/corrupted/100k_blur_15x15_s5/heldout/H000149.png,4478
258140,4478,H000150,data/splits/100k/images/heldout/H000150.png,data/corrupted/100k_blur_15x15_s5/heldout/H000150.png,4478
257815,4478,H000151,data/splits/100k/images/heldout/H000151.png,data/corrupted/100k_blur_15x15_s5/heldout/H000151.png,4478
318175,5830,H000152,data/splits/100k/images/heldout/H000152.png,data/corrupted/100k_blur_15x15_s5/heldout/H000152.png,5830
318288,5830,H000153,data/splits/100k/images/heldout/H000153.png,data/corrupted/100k_blur_15x15_s5/heldout/H000153.png,5830
318015,5830,H000154,data/splits/100k/images/heldout/H000154.png,data/corrupted/100k_blur_15x15_s5/heldout/H000154.png,5830
318311,5830,H000155,data/splits/100k/images/heldout/H000155.png,data/corrupted/100k_blur_15x15_s5/heldout/H000155.png,5830
113877,1466,H000156,data/splits/100k/images/heldout/H000156.png,data/corrupted/100k_blur_15x15_s5/heldout/H000156.png,1466
114065,1466,H000157,data/splits/100k/images/heldout/H000157.png,data/corrupted/100k_blur_15x15_s5/heldout/H000157.png,1466
113967,1466,H000158,data/splits/100k/images/heldout/H000158.png,data/corrupted/100k_blur_15x15_s5/heldout/H000158.png,1466
113873,1466,H000159,data/splits/100k/images/heldout/H000159.png,data/corrupted/100k_blur_15x15_s5/heldout/H000159.png,1466
11401,69,H000160,data/splits/100k/images/heldout/H000160.png,data/corrupted/100k_blur_15x15_s5/heldout/H000160.png,69
11447,69,H000161,data/splits/100k/images/heldout/H000161.png,data/corrupted/100k_blur_15x15_s5/heldout/H000161.png,69
11351,69,H000162,data/splits/100k/images/heldout/H000162.png,data/corrupted/100k_blur_15x15_s5/heldout/H000162.png,69
11331,69,H000163,data/splits/100k/images/heldout/H000163.png,data/corrupted/100k_blur_15x15_s5/heldout/H000163.png,69
78184,944,H000164,data/splits/100k/images/heldout/H000164.png,data/corrupted/100k_blur_15x15_s5/heldout/H000164.png,944
78018,944,H000165,data/splits/100k/images/heldout/H000165.png,data/corrupted/100k_blur_15x15_s5/heldout/H000165.png,944
78214,944,H000166,data/splits/100k/images/heldout/H000166.png,data/corrupted/100k_blur_15x15_s5/heldout/H000166.png,944
78248,944,H000167,data/splits/100k/images/heldout/H000167.png,data/corrupted/100k_blur_15x15_s5/heldout/H000167.png,944
351207,6558,H000168,data/splits/100k/images/heldout/H000168.png,data/corrupted/100k_blur_15x15_s5/heldout/H000168.png,6558
351224,6558,H000169,data/splits/100k/images/heldout/H000169.png,data/corrupted/100k_blur_15x15_s5/heldout/H000169.png,6558
351296,6558,H000170,data/splits/100k/images/heldout/H000170.png,data/corrupted/100k_blur_15x15_s5/heldout/H000170.png,6558
351491,6558,H000171,data/splits/100k/images/heldout/H000171.png,data/corrupted/100k_blur_15x15_s5/heldout/H000171.png,6558
176633,2738,H000172,data/splits/100k/images/heldout/H000172.png,data/corrupted/100k_blur_15x15_s5/heldout/H000172.png,2738
176489,2738,H000173,data/splits/100k/images/heldout/H000173.png,data/corrupted/100k_blur_15x15_s5/heldout/H000173.png,2738
176745,2738,H000174,data/splits/100k/images/heldout/H000174.png,data/corrupted/100k_blur_15x15_s5/heldout/H000174.png,2738
176469,2738,H000175,data/splits/100k/images/heldout/H000175.png,data/corrupted/100k_blur_15x15_s5/heldout/H000175.png,2738
300385,5444,H000176,data/splits/100k/images/heldout/H000176.png,data/corrupted/100k_blur_15x15_s5/heldout/H000176.png,5444
300390,5444,H000177,data/splits/100k/images/heldout/H000177.png,data/corrupted/100k_blur_15x15_s5/heldout/H000177.png,5444
300523,5444,H000178,data/splits/100k/images/heldout/H000178.png,data/corrupted/100k_blur_15x15_s5/heldout/H000178.png,5444
300584,5444,H000179,data/splits/100k/images/heldout/H000179.png,data/corrupted/100k_blur_15x15_s5/heldout/H000179.png,5444
326988,6023,H000180,data/splits/100k/images/heldout/H000180.png,data/corrupted/100k_blur_15x15_s5/heldout/H000180.png,6023
327008,6023,H000181,data/splits/100k/images/heldout/H000181.png,data/corrupted/100k_blur_15x15_s5/heldout/H000181.png,6023
327049,6023,H000182,data/splits/100k/images/heldout/H000182.png,data/corrupted/100k_blur_15x15_s5/heldout/H000182.png,6023
326716,6023,H000183,data/splits/100k/images/heldout/H000183.png,data/corrupted/100k_blur_15x15_s5/heldout/H000183.png,6023
200965,3274,H000184,data/splits/100k/images/heldout/H000184.png,data/corrupted/100k_blur_15x15_s5/heldout/H000184.png,3274
200615,3274,H000185,data/splits/100k/images/heldout/H000185.png,data/corrupted/100k_blur_15x15_s5/heldout/H000185.png,3274
200760,3274,H000186,data/splits/100k/images/heldout/H000186.png,data/corrupted/100k_blur_15x15_s5/heldout/H000186.png,3274
200891,3274,H000187,data/splits/100k/images/heldout/H000187.png,data/corrupted/100k_blur_15x15_s5/heldout/H000187.png,3274
2962,21,H000188,data/splits/100k/images/heldout/H000188.png,data/corrupted/100k_blur_15x15_s5/heldout/H000188.png,21
3283,21,H000189,data/splits/100k/images/heldout/H000189.png,data/corrupted/100k_blur_15x15_s5/heldout/H000189.png,21
3264,21,H000190,data/splits/100k/images/heldout/H000190.png,data/corrupted/100k_blur_15x15_s5/heldout/H000190.png,21
3270,21,H000191,data/splits/100k/images/heldout/H000191.png,data/corrupted/100k_blur_15x15_s5/heldout/H000191.png,21
188139,2986,H000192,data/splits/100k/images/heldout/H000192.png,data/corrupted/100k_blur_15x15_s5/heldout/H000192.png,2986
188280,2986,H000193,data/splits/100k/images/heldout/H000193.png,data/corrupted/100k_blur_15x15_s5/heldout/H000193.png,2986
187888,2986,H000194,data/splits/100k/images/heldout/H000194.png,data/corrupted/100k_blur_15x15_s5/heldout/H000194.png,2986
187986,2986,H000195,data/splits/100k/images/heldout/H000195.png,data/corrupted/100k_blur_15x15_s5/heldout/H000195.png,2986
2536,18,H000196,data/splits/100k/images/heldout/H000196.png,data/corrupted/100k_blur_15x15_s5/heldout/H000196.png,18
2358,18,H000197,data/splits/100k/images/heldout/H000197.png,data/corrupted/100k_blur_15x15_s5/heldout/H000197.png,18
2333,18,H000198,data/splits/100k/images/heldout/H000198.png,data/corrupted/100k_blur_15x15_s5/heldout/H000198.png,18
2590,18,H000199,data/splits/100k/images/heldout/H000199.png,data/corrupted/100k_blur_15x15_s5/heldout/H000199.png,18
8915,47,H000200,data/splits/100k/images/heldout/H000200.png,data/corrupted/100k_blur_15x15_s5/heldout/H000200.png,47
9307,47,H000201,data/splits/100k/images/heldout/H000201.png,data/corrupted/100k_blur_15x15_s5/heldout/H000201.png,47
8924,47,H000202,data/splits/100k/images/heldout/H000202.png,data/corrupted/100k_blur_15x15_s5/heldout/H000202.png,47
8978,47,H000203,data/splits/100k/images/heldout/H000203.png,data/corrupted/100k_blur_15x15_s5/heldout/H000203.png,47
743,3,H000204,data/splits/100k/images/heldout/H000204.png,data/corrupted/100k_blur_15x15_s5/heldout/H000204.png,3
469,3,H000205,data/splits/100k/images/heldout/H000205.png,data/corrupted/100k_blur_15x15_s5/heldout/H000205.png,3
525,3,H000206,data/splits/100k/images/heldout/H000206.png,data/corrupted/100k_blur_15x15_s5/heldout/H000206.png,3
433,3,H000207,data/splits/100k/images/heldout/H000207.png,data/corrupted/100k_blur_15x15_s5/heldout/H000207.png,3
170593,2639,H000208,data/splits/100k/images/heldout/H000208.png,data/corrupted/100k_blur_15x15_s5/heldout/H000208.png,2639
170580,2639,H000209,data/splits/100k/images/heldout/H000209.png,data/corrupted/100k_blur_15x15_s5/heldout/H000209.png,2639
170567,2639,H000210,data/splits/100k/images/heldout/H000210.png,data/corrupted/100k_blur_15x15_s5/heldout/H000210.png,2639
170520,2639,H000211,data/splits/100k/images/heldout/H000211.png,data/corrupted/100k_blur_15x15_s5/heldout/H000211.png,2639
1755,14,H000212,data/splits/100k/images/heldout/H000212.png,data/corrupted/100k_blur_15x15_s5/heldout/H000212.png,14
1986,14,H000213,data/splits/100k/images/heldout/H000213.png,data/corrupted/100k_blur_15x15_s5/heldout/H000213.png,14
1980,14,H000214,data/splits/100k/images/heldout/H000214.png,data/corrupted/100k_blur_15x15_s5/heldout/H000214.png,14
2035,14,H000215,data/splits/100k/images/heldout/H000215.png,data/corrupted/100k_blur_15x15_s5/heldout/H000215.png,14
120147,1595,H000216,data/splits/100k/images/heldout/H000216.png,data/corrupted/100k_blur_15x15_s5/heldout/H000216.png,1595
120205,1595,H000217,data/splits/100k/images/heldout/H000217.png,data/corrupted/100k_blur_15x15_s5/heldout/H000217.png,1595
120152,1595,H000218,data/splits/100k/images/heldout/H000218.png,data/corrupted/100k_blur_15x15_s5/heldout/H000218.png,1595
120256,1595,H000219,data/splits/100k/images/heldout/H000219.png,data/corrupted/100k_blur_15x15_s5/heldout/H000219.png,1595
251702,4362,H000220,data/splits/100k/images/heldout/H000220.png,data/corrupted/100k_blur_15x15_s5/heldout/H000220.png,4362
251592,4362,H000221,data/splits/100k/images/heldout/H000221.png,data/corrupted/100k_blur_15x15_s5/heldout/H000221.png,4362
251937,4362,H000222,data/splits/100k/images/heldout/H000222.png,data/corrupted/100k_blur_15x15_s5/heldout/H000222.png,4362
251705,4362,H000223,data/splits/100k/images/heldout/H000223.png,data/corrupted/100k_blur_15x15_s5/heldout/H000223.png,4362
122657,1649,H000224,data/splits/100k/images/heldout/H000224.png,data/corrupted/100k_blur_15x15_s5/heldout/H000224.png,1649
122715,1649,H000225,data/splits/100k/images/heldout/H000225.png,data/corrupted/100k_blur_15x15_s5/heldout/H000225.png,1649
122587,1649,H000226,data/splits/100k/images/heldout/H000226.png,data/corrupted/100k_blur_15x15_s5/heldout/H000226.png,1649
122710,1649,H000227,data/splits/100k/images/heldout/H000227.png,data/corrupted/100k_blur_15x15_s5/heldout/H000227.png,1649
140591,2027,H000228,data/splits/100k/images/heldout/H000228.png,data/corrupted/100k_blur_15x15_s5/heldout/H000228.png,2027
140582,2027,H000229,data/splits/100k/images/heldout/H000229.png,data/corrupted/100k_blur_15x15_s5/heldout/H000229.png,2027
140825,2027,H000230,data/splits/100k/images/heldout/H000230.png,data/corrupted/100k_blur_15x15_s5/heldout/H000230.png,2027
140823,2027,H000231,data/splits/100k/images/heldout/H000231.png,data/corrupted/100k_blur_15x15_s5/heldout/H000231.png,2027
34008,291,H000232,data/splits/100k/images/heldout/H000232.png,data/corrupted/100k_blur_15x15_s5/heldout/H000232.png,291
33668,291,H000233,data/splits/100k/images/heldout/H000233.png,data/corrupted/100k_blur_15x15_s5/heldout/H000233.png,291
33896,291,H000234,data/splits/100k/images/heldout/H000234.png,data/corrupted/100k_blur_15x15_s5/heldout/H000234.png,291
33915,291,H000235,data/splits/100k/images/heldout/H000235.png,data/corrupted/100k_blur_15x15_s5/heldout/H000235.png,291
249333,4312,H000236,data/splits/100k/images/heldout/H000236.png,data/corrupted/100k_blur_15x15_s5/heldout/H000236.png,4312
249317,4312,H000237,data/splits/100k/images/heldout/H000237.png,data/corrupted/100k_blur_15x15_s5/heldout/H000237.png,4312
249575,4312,H000238,data/splits/100k/images/heldout/H000238.png,data/corrupted/100k_blur_15x15_s5/heldout/H000238.png,4312
249272,4312,H000239,data/splits/100k/images/heldout/H000239.png,data/corrupted/100k_blur_15x15_s5/heldout/H000239.png,4312
248296,4290,H000240,data/splits/100k/images/heldout/H000240.png,data/corrupted/100k_blur_15x15_s5/heldout/H000240.png,4290
248116,4290,H000241,data/splits/100k/images/heldout/H000241.png,data/corrupted/100k_blur_15x15_s5/heldout/H000241.png,4290
248107,4290,H000242,data/splits/100k/images/heldout/H000242.png,data/corrupted/100k_blur_15x15_s5/heldout/H000242.png,4290
248227,4290,H000243,data/splits/100k/images/heldout/H000243.png,data/corrupted/100k_blur_15x15_s5/heldout/H000243.png,4290
170999,2644,H000244,data/splits/100k/images/heldout/H000244.png,data/corrupted/100k_blur_15x15_s5/heldout/H000244.png,2644
171104,2644,H000245,data/splits/100k/images/heldout/H000245.png,data/corrupted/100k_blur_15x15_s5/heldout/H000245.png,2644
171163,2644,H000246,data/splits/100k/images/heldout/H000246.png,data/corrupted/100k_blur_15x15_s5/heldout/H000246.png,2644
171066,2644,H000247,data/splits/100k/images/heldout/H000247.png,data/corrupted/100k_blur_15x15_s5/heldout/H000247.png,2644
328050,6049,H000248,data/splits/100k/images/heldout/H000248.png,data/corrupted/100k_blur_15x15_s5/heldout/H000248.png,6049
327892,6049,H000249,data/splits/100k/images/heldout/H000249.png,data/corrupted/100k_blur_15x15_s5/heldout/H000249.png,6049
328003,6049,H000250,data/splits/100k/images/heldout/H000250.png,data/corrupted/100k_blur_15x15_s5/heldout/H000250.png,6049
328035,6049,H000251,data/splits/100k/images/heldout/H000251.png,data/corrupted/100k_blur_15x15_s5/heldout/H000251.png,6049
82875,1005,H000252,data/splits/100k/images/heldout/H000252.png,data/corrupted/100k_blur_15x15_s5/heldout/H000252.png,1005
83001,1005,H000253,data/splits/100k/images/heldout/H000253.png,data/corrupted/100k_blur_15x15_s5/heldout/H000253.png,1005
83028,1005,H000254,data/splits/100k/images/heldout/H000254.png,data/corrupted/100k_blur_15x15_s5/heldout/H000254.png,1005
83066,1005,H000255,data/splits/100k/images/heldout/H000255.png,data/corrupted/100k_blur_15x15_s5/heldout/H000255.png,1005
165128,2526,H000256,data/splits/100k/images/heldout/H000256.png,data/corrupted/100k_blur_15x15_s5/heldout/H000256.png,2526
165073,2526,H000257,data/splits/100k/images/heldout/H000257.png,data/corrupted/100k_blur_15x15_s5/heldout/H000257.png,2526
165251,2526,H000258,data/splits/100k/images/heldout/H000258.png,data/corrupted/100k_blur_15x15_s5/heldout/H000258.png,2526
165392,2526,H000259,data/splits/100k/images/heldout/H000259.png,data/corrupted/100k_blur_15x15_s5/heldout/H000259.png,2526
300883,5447,H000260,data/splits/100k/images/heldout/H000260.png,data/corrupted/100k_blur_15x15_s5/heldout/H000260.png,5447
300940,5447,H000261,data/splits/100k/images/heldout/H000261.png,data/corrupted/100k_blur_15x15_s5/heldout/H000261.png,5447
301195,5447,H000262,data/splits/100k/images/heldout/H000262.png,data/corrupted/100k_blur_15x15_s5/heldout/H000262.png,5447
301172,5447,H000263,data/splits/100k/images/heldout/H000263.png,data/corrupted/100k_blur_15x15_s5/heldout/H000263.png,5447
175563,2725,H000264,data/splits/100k/images/heldout/H000264.png,data/corrupted/100k_blur_15x15_s5/heldout/H000264.png,2725
175450,2725,H000265,data/splits/100k/images/heldout/H000265.png,data/corrupted/100k_blur_15x15_s5/heldout/H000265.png,2725
175636,2725,H000266,data/splits/100k/images/heldout/H000266.png,data/corrupted/100k_blur_15x15_s5/heldout/H000266.png,2725
175493,2725,H000267,data/splits/100k/images/heldout/H000267.png,data/corrupted/100k_blur_15x15_s5/heldout/H000267.png,2725
83813,1014,H000268,data/splits/100k/images/heldout/H000268.png,data/corrupted/100k_blur_15x15_s5/heldout/H000268.png,1014
83819,1014,H000269,data/splits/100k/images/heldout/H000269.png,data/corrupted/100k_blur_15x15_s5/heldout/H000269.png,1014
84050,1014,H000270,data/splits/100k/images/heldout/H000270.png,data/corrupted/100k_blur_15x15_s5/heldout/H000270.png,1014
83706,1014,H000271,data/splits/100k/images/heldout/H000271.png,data/corrupted/100k_blur_15x15_s5/heldout/H000271.png,1014
57761,626,H000272,data/splits/100k/images/heldout/H000272.png,data/corrupted/100k_blur_15x15_s5/heldout/H000272.png,626
57910,626,H000273,data/splits/100k/images/heldout/H000273.png,data/corrupted/100k_blur_15x15_s5/heldout/H000273.png,626
57988,626,H000274,data/splits/100k/images/heldout/H000274.png,data/corrupted/100k_blur_15x15_s5/heldout/H000274.png,626
57713,626,H000275,data/splits/100k/images/heldout/H000275.png,data/corrupted/100k_blur_15x15_s5/heldout/H000275.png,626
142294,2059,H000276,data/splits/100k/images/heldout/H000276.png,data/corrupted/100k_blur_15x15_s5/heldout/H000276.png,2059
142347,2059,H000277,data/splits/100k/images/heldout/H000277.png,data/corrupted/100k_blur_15x15_s5/heldout/H000277.png,2059
142510,2059,H000278,data/splits/100k/images/heldout/H000278.png,data/corrupted/100k_blur_15x15_s5/heldout/H000278.png,2059
142254,2059,H000279,data/splits/100k/images/heldout/H000279.png,data/corrupted/100k_blur_15x15_s5/heldout/H000279.png,2059
358577,6723,H000280,data/splits/100k/images/heldout/H000280.png,data/corrupted/100k_blur_15x15_s5/heldout/H000280.png,6723
358411,6723,H000281,data/splits/100k/images/heldout/H000281.png,data/corrupted/100k_blur_15x15_s5/heldout/H000281.png,6723
358555,6723,H000282,data/splits/100k/images/heldout/H000282.png,data/corrupted/100k_blur_15x15_s5/heldout/H000282.png,6723
358472,6723,H000283,data/splits/100k/images/heldout/H000283.png,data/corrupted/100k_blur_15x15_s5/heldout/H000283.png,6723
362489,6811,H000284,data/splits/100k/images/heldout/H000284.png,data/corrupted/100k_blur_15x15_s5/heldout/H000284.png,6811
362315,6811,H000285,data/splits/100k/images/heldout/H000285.png,data/corrupted/100k_blur_15x15_s5/heldout/H000285.png,6811
362433,6811,H000286,data/splits/100k/images/heldout/H000286.png,data/corrupted/100k_blur_15x15_s5/heldout/H000286.png,6811
362296,6811,H000287,data/splits/100k/images/heldout/H000287.png,data/corrupted/100k_blur_15x15_s5/heldout/H000287.png,6811
320827,5889,H000288,data/splits/100k/images/heldout/H000288.png,data/corrupted/100k_blur_15x15_s5/heldout/H000288.png,5889
320707,5889,H000289,data/splits/100k/images/heldout/H000289.png,data/corrupted/100k_blur_15x15_s5/heldout/H000289.png,5889
320919,5889,H000290,data/splits/100k/images/heldout/H000290.png,data/corrupted/100k_blur_15x15_s5/heldout/H000290.png,5889
320775,5889,H000291,data/splits/100k/images/heldout/H000291.png,data/corrupted/100k_blur_15x15_s5/heldout/H000291.png,5889
305794,5547,H000292,data/splits/100k/images/heldout/H000292.png,data/corrupted/100k_blur_15x15_s5/heldout/H000292.png,5547
305977,5547,H000293,data/splits/100k/images/heldout/H000293.png,data/corrupted/100k_blur_15x15_s5/heldout/H000293.png,5547
305868,5547,H000294,data/splits/100k/images/heldout/H000294.png,data/corrupted/100k_blur_15x15_s5/heldout/H000294.png,5547
305860,5547,H000295,data/splits/100k/images/heldout/H000295.png,data/corrupted/100k_blur_15x15_s5/heldout/H000295.png,5547
421345,8401,H000296,data/splits/100k/images/heldout/H000296.png,data/corrupted/100k_blur_15x15_s5/heldout/H000296.png,8401
421266,8401,H000297,data/splits/100k/images/heldout/H000297.png,data/corrupted/100k_blur_15x15_s5/heldout/H000297.png,8401
421198,8401,H000298,data/splits/100k/images/heldout/H000298.png,data/corrupted/100k_blur_15x15_s5/heldout/H000298.png,8401
421084,8401,H000299,data/splits/100k/images/heldout/H000299.png,data/corrupted/100k_blur_15x15_s5/heldout/H000299.png,8401
37215,343,H000300,data/splits/100k/images/heldout/H000300.png,data/corrupted/100k_blur_15x15_s5/heldout/H000300.png,343
37135,343,H000301,data/splits/100k/images/heldout/H000301.png,data/corrupted/100k_blur_15x15_s5/heldout/H000301.png,343
37316,343,H000302,data/splits/100k/images/heldout/H000302.png,data/corrupted/100k_blur_15x15_s5/heldout/H000302.png,343
37233,343,H000303,data/splits/100k/images/heldout/H000303.png,data/corrupted/100k_blur_15x15_s5/heldout/H000303.png,343
34830,308,H000304,data/splits/100k/images/heldout/H000304.png,data/corrupted/100k_blur_15x15_s5/heldout/H000304.png,308
35000,308,H000305,data/splits/100k/images/heldout/H000305.png,data/corrupted/100k_blur_15x15_s5/heldout/H000305.png,308
34857,308,H000306,data/splits/100k/images/heldout/H000306.png,data/corrupted/100k_blur_15x15_s5/heldout/H000306.png,308
34832,308,H000307,data/splits/100k/images/heldout/H000307.png,data/corrupted/100k_blur_15x15_s5/heldout/H000307.png,308
219554,3687,H000308,data/splits/100k/images/heldout/H000308.png,data/corrupted/100k_blur_15x15_s5/heldout/H000308.png,3687
219393,3687,H000309,data/splits/100k/images/heldout/H000309.png,data/corrupted/100k_blur_15x15_s5/heldout/H000309.png,3687
219310,3687,H000310,data/splits/100k/images/heldout/H000310.png,data/corrupted/100k_blur_15x15_s5/heldout/H000310.png,3687
219444,3687,H000311,data/splits/100k/images/heldout/H000311.png,data/corrupted/100k_blur_15x15_s5/heldout/H000311.png,3687
181187,2834,H000312,data/splits/100k/images/heldout/H000312.png,data/corrupted/100k_blur_15x15_s5/heldout/H000312.png,2834
181322,2834,H000313,data/splits/100k/images/heldout/H000313.png,data/corrupted/100k_blur_15x15_s5/heldout/H000313.png,2834
181515,2834,H000314,data/splits/100k/images/heldout/H000314.png,data/corrupted/100k_blur_15x15_s5/heldout/H000314.png,2834
181433,2834,H000315,data/splits/100k/images/heldout/H000315.png,data/corrupted/100k_blur_15x15_s5/heldout/H000315.png,2834
42383,406,H000316,data/splits/100k/images/heldout/H000316.png,data/corrupted/100k_blur_15x15_s5/heldout/H000316.png,406
42197,406,H000317,data/splits/100k/images/heldout/H000317.png,data/corrupted/100k_blur_15x15_s5/heldout/H000317.png,406
42427,406,H000318,data/splits/100k/images/heldout/H000318.png,data/corrupted/100k_blur_15x15_s5/heldout/H000318.png,406
42243,406,H000319,data/splits/100k/images/heldout/H000319.png,data/corrupted/100k_blur_15x15_s5/heldout/H000319.png,406
245675,4238,H000320,data/splits/100k/images/heldout/H000320.png,data/corrupted/100k_blur_15x15_s5/heldout/H000320.png,4238
245858,4238,H000321,data/splits/100k/images/heldout/H000321.png,data/corrupted/100k_blur_15x15_s5/heldout/H000321.png,4238
245821,4238,H000322,data/splits/100k/images/heldout/H000322.png,data/corrupted/100k_blur_15x15_s5/heldout/H000322.png,4238
245982,4238,H000323,data/splits/100k/images/heldout/H000323.png,data/corrupted/100k_blur_15x15_s5/heldout/H000323.png,4238
417702,8313,H000324,data/splits/100k/images/heldout/H000324.png,data/corrupted/100k_blur_15x15_s5/heldout/H000324.png,8313
417810,8313,H000325,data/splits/100k/images/heldout/H000325.png,data/corrupted/100k_blur_15x15_s5/heldout/H000325.png,8313
417712,8313,H000326,data/splits/100k/images/heldout/H000326.png,data/corrupted/100k_blur_15x15_s5/heldout/H000326.png,8313
417772,8313,H000327,data/splits/100k/images/heldout/H000327.png,data/corrupted/100k_blur_15x15_s5/heldout/H000327.png,8313
62883,693,H000328,data/splits/100k/images/heldout/H000328.png,data/corrupted/100k_blur_15x15_s5/heldout/H000328.png,693
62707,693,H000329,data/splits/100k/images/heldout/H000329.png,data/corrupted/100k_blur_15x15_s5/heldout/H000329.png,693
62886,693,H000330,data/splits/100k/images/heldout/H000330.png,data/corrupted/100k_blur_15x15_s5/heldout/H000330.png,693
63018,693,H000331,data/splits/100k/images/heldout/H000331.png,data/corrupted/100k_blur_15x15_s5/heldout/H000331.png,693
157981,2390,H000332,data/splits/100k/images/heldout/H000332.png,data/corrupted/100k_blur_15x15_s5/heldout/H000332.png,2390
157978,2390,H000333,data/splits/100k/images/heldout/H000333.png,data/corrupted/100k_blur_15x15_s5/heldout/H000333.png,2390
158185,2390,H000334,data/splits/100k/images/heldout/H000334.png,data/corrupted/100k_blur_15x15_s5/heldout/H000334.png,2390
157988,2390,H000335,data/splits/100k/images/heldout/H000335.png,data/corrupted/100k_blur_15x15_s5/heldout/H000335.png,2390
24641,199,H000336,data/splits/100k/images/heldout/H000336.png,data/corrupted/100k_blur_15x15_s5/heldout/H000336.png,199
24900,199,H000337,data/splits/100k/images/heldout/H000337.png,data/corrupted/100k_blur_15x15_s5/heldout/H000337.png,199
24876,199,H000338,data/splits/100k/images/heldout/H000338.png,data/corrupted/100k_blur_15x15_s5/heldout/H000338.png,199
24699,199,H000339,data/splits/100k/images/heldout/H000339.png,data/corrupted/100k_blur_15x15_s5/heldout/H000339.png,199
84523,1022,H000340,data/splits/100k/images/heldout/H000340.png,data/corrupted/100k_blur_15x15_s5/heldout/H000340.png,1022
84562,1022,H000341,data/splits/100k/images/heldout/H000341.png,data/corrupted/100k_blur_15x15_s5/heldout/H000341.png,1022
84515,1022,H000342,data/splits/100k/images/heldout/H000342.png,data/corrupted/100k_blur_15x15_s5/heldout/H000342.png,1022
84767,1022,H000343,data/splits/100k/images/heldout/H000343.png,data/corrupted/100k_blur_15x15_s5/heldout/H000343.png,1022
102984,1248,H000344,data/splits/100k/images/heldout/H000344.png,data/corrupted/100k_blur_15x15_s5/heldout/H000344.png,1248
103094,1248,H000345,data/splits/100k/images/heldout/H000345.png,data/corrupted/100k_blur_15x15_s5/heldout/H000345.png,1248
102974,1248,H000346,data/splits/100k/images/heldout/H000346.png,data/corrupted/100k_blur_15x15_s5/heldout/H000346.png,1248
102895,1248,H000347,data/splits/100k/images/heldout/H000347.png,data/corrupted/100k_blur_15x15_s5/heldout/H000347.png,1248
283465,5065,H000348,data/splits/100k/images/heldout/H000348.png,data/corrupted/100k_blur_15x15_s5/heldout/H000348.png,5065
283648,5065,H000349,data/splits/100k/images/heldout/H000349.png,data/corrupted/100k_blur_15x15_s5/heldout/H000349.png,5065
283600,5065,H000350,data/splits/100k/images/heldout/H000350.png,data/corrupted/100k_blur_15x15_s5/heldout/H000350.png,5065
283622,5065,H000351,data/splits/100k/images/heldout/H000351.png,data/corrupted/100k_blur_15x15_s5/heldout/H000351.png,5065
47202,476,H000352,data/splits/100k/images/heldout/H000352.png,data/corrupted/100k_blur_15x15_s5/heldout/H000352.png,476
47106,476,H000353,data/splits/100k/images/heldout/H000353.png,data/corrupted/100k_blur_15x15_s5/heldout/H000353.png,476
46944,476,H000354,data/splits/100k/images/heldout/H000354.png,data/corrupted/100k_blur_15x15_s5/heldout/H000354.png,476
46922,476,H000355,data/splits/100k/images/heldout/H000355.png,data/corrupted/100k_blur_15x15_s5/heldout/H000355.png,476
127769,1764,H000356,data/splits/100k/images/heldout/H000356.png,data/corrupted/100k_blur_15x15_s5/heldout/H000356.png,1764
127842,1764,H000357,data/splits/100k/images/heldout/H000357.png,data/corrupted/100k_blur_15x15_s5/heldout/H000357.png,1764
127674,1764,H000358,data/splits/100k/images/heldout/H000358.png,data/corrupted/100k_blur_15x15_s5/heldout/H000358.png,1764
127660,1764,H000359,data/splits/100k/images/heldout/H000359.png,data/corrupted/100k_blur_15x15_s5/heldout/H000359.png,1764
392370,7601,H000360,data/splits/100k/images/heldout/H000360.png,data/corrupted/100k_blur_15x15_s5/heldout/H000360.png,7601
392424,7601,H000361,data/splits/100k/images/heldout/H000361.png,data/corrupted/100k_blur_15x15_s5/heldout/H000361.png,7601
392177,7601,H000362,data/splits/100k/images/heldout/H000362.png,data/corrupted/100k_blur_15x15_s5/heldout/H000362.png,7601
392218,7601,H000363,data/splits/100k/images/heldout/H000363.png,data/corrupted/100k_blur_15x15_s5/heldout/H000363.png,7601
398233,7766,H000364,data/splits/100k/images/heldout/H000364.png,data/corrupted/100k_blur_15x15_s5/heldout/H000364.png,7766
398134,7766,H000365,data/splits/100k/images/heldout/H000365.png,data/corrupted/100k_blur_15x15_s5/heldout/H000365.png,7766
398315,7766,H000366,data/splits/100k/images/heldout/H000366.png,data/corrupted/100k_blur_15x15_s5/heldout/H000366.png,7766
398326,7766,H000367,data/splits/100k/images/heldout/H000367.png,data/corrupted/100k_blur_15x15_s5/heldout/H000367.png,7766
123175,1657,H000368,data/splits/100k/images/heldout/H000368.png,data/corrupted/100k_blur_15x15_s5/heldout/H000368.png,1657
123362,1657,H000369,data/splits/100k/images/heldout/H000369.png,data/corrupted/100k_blur_15x15_s5/heldout/H000369.png,1657
123156,1657,H000370,data/splits/100k/images/heldout/H000370.png,data/corrupted/100k_blur_15x15_s5/heldout/H000370.png,1657
123346,1657,H000371,data/splits/100k/images/heldout/H000371.png,data/corrupted/100k_blur_15x15_s5/heldout/H000371.png,1657
54370,578,H000372,data/splits/100k/images/heldout/H000372.png,data/corrupted/100k_blur_15x15_s5/heldout/H000372.png,578
54344,578,H000373,data/splits/100k/images/heldout/H000373.png,data/corrupted/100k_blur_15x15_s5/heldout/H000373.png,578
54407,578,H000374,data/splits/100k/images/heldout/H000374.png,data/corrupted/100k_blur_15x15_s5/heldout/H000374.png,578
54278,578,H000375,data/splits/100k/images/heldout/H000375.png,data/corrupted/100k_blur_15x15_s5/heldout/H000375.png,578
101195,1236,H000376,data/splits/100k/images/heldout/H000376.png,data/corrupted/100k_blur_15x15_s5/heldout/H000376.png,1236
101178,1236,H000377,data/splits/100k/images/heldout/H000377.png,data/corrupted/100k_blur_15x15_s5/heldout/H000377.png,1236
101256,1236,H000378,data/splits/100k/images/heldout/H000378.png,data/corrupted/100k_blur_15x15_s5/heldout/H000378.png,1236
101316,1236,H000379,data/splits/100k/images/heldout/H000379.png,data/corrupted/100k_blur_15x15_s5/heldout/H000379.png,1236
85803,1039,H000380,data/splits/100k/images/heldout/H000380.png,data/corrupted/100k_blur_15x15_s5/heldout/H000380.png,1039
85681,1039,H000381,data/splits/100k/images/heldout/H000381.png,data/corrupted/100k_blur_15x15_s5/heldout/H000381.png,1039
85722,1039,H000382,data/splits/100k/images/heldout/H000382.png,data/corrupted/100k_blur_15x15_s5/heldout/H000382.png,1039
85866,1039,H000383,data/splits/100k/images/heldout/H000383.png,data/corrupted/100k_blur_15x15_s5/heldout/H000383.png,1039
139692,2013,H000384,data/splits/100k/images/heldout/H000384.png,data/corrupted/100k_blur_15x15_s5/heldout/H000384.png,2013
139880,2013,H000385,data/splits/100k/images/heldout/H000385.png,data/corrupted/100k_blur_15x15_s5/heldout/H000385.png,2013
139781,2013,H000386,data/splits/100k/images/heldout/H000386.png,data/corrupted/100k_blur_15x15_s5/heldout/H000386.png,2013
140020,2013,H000387,data/splits/100k/images/heldout/H000387.png,data/corrupted/100k_blur_15x15_s5/heldout/H000387.png,2013
93850,1147,H000388,data/splits/100k/images/heldout/H000388.png,data/corrupted/100k_blur_15x15_s5/heldout/H000388.png,1147
93811,1147,H000389,data/splits/100k/images/heldout/H000389.png,data/corrupted/100k_blur_15x15_s5/heldout/H000389.png,1147
93893,1147,H000390,data/splits/100k/images/heldout/H000390.png,data/corrupted/100k_blur_15x15_s5/heldout/H000390.png,1147
93886,1147,H000391,data/splits/100k/images/heldout/H000391.png,data/corrupted/100k_blur_15x15_s5/heldout/H000391.png,1147
22025,176,H000392,data/splits/100k/images/heldout/H000392.png,data/corrupted/100k_blur_15x15_s5/heldout/H000392.png,176
22109,176,H000393,data/splits/100k/images/heldout/H000393.png,data/corrupted/100k_blur_15x15_s5/heldout/H000393.png,176
21973,176,H000394,data/splits/100k/images/heldout/H000394.png,data/corrupted/100k_blur_15x15_s5/heldout/H000394.png,176
22082,176,H000395,data/splits/100k/images/heldout/H000395.png,data/corrupted/100k_blur_15x15_s5/heldout/H000395.png,176
7332,39,H000396,data/splits/100k/images/heldout/H000396.png,data/corrupted/100k_blur_15x15_s5/heldout/H000396.png,39
7345,39,H000397,data/splits/100k/images/heldout/H000397.png,data/corrupted/100k_blur_15x15_s5/heldout/H000397.png,39
7403,39,H000398,data/splits/100k/images/heldout/H000398.png,data/corrupted/100k_blur_15x15_s5/heldout/H000398.png,39
7506,39,H000399,data/splits/100k/images/heldout/H000399.png,data/corrupted/100k_blur_15x15_s5/heldout/H000399.png,39
94642,1154,H000400,data/splits/100k/images/heldout/H000400.png,data/corrupted/100k_blur_15x15_s5/heldout/H000400.png,1154
94623,1154,H000401,data/splits/100k/images/heldout/H000401.png,data/corrupted/100k_blur_15x15_s5/heldout/H000401.png,1154
94829,1154,H000402,data/splits/100k/images/heldout/H000402.png,data/corrupted/100k_blur_15x15_s5/heldout/H000402.png,1154
94688,1154,H000403,data/splits/100k/images/heldout/H000403.png,data/corrupted/100k_blur_15x15_s5/heldout/H000403.png,1154
303983,5511,H000404,data/splits/100k/images/heldout/H000404.png,data/corrupted/100k_blur_15x15_s5/heldout/H000404.png,5511
303907,5511,H000405,data/splits/100k/images/heldout/H000405.png,data/corrupted/100k_blur_15x15_s5/heldout/H000405.png,5511
303880,5511,H000406,data/splits/100k/images/heldout/H000406.png,data/corrupted/100k_blur_15x15_s5/heldout/H000406.png,5511
303894,5511,H000407,data/splits/100k/images/heldout/H000407.png,data/corrupted/100k_blur_15x15_s5/heldout/H000407.png,5511
369996,7002,H000408,data/splits/100k/images/heldout/H000408.png,data/corrupted/100k_blur_15x15_s5/heldout/H000408.png,7002
369906,7002,H000409,data/splits/100k/images/heldout/H000409.png,data/corrupted/100k_blur_15x15_s5/heldout/H000409.png,7002
370167,7002,H000410,data/splits/100k/images/heldout/H000410.png,data/corrupted/100k_blur_15x15_s5/heldout/H000410.png,7002
369998,7002,H000411,data/splits/100k/images/heldout/H000411.png,data/corrupted/100k_blur_15x15_s5/heldout/H000411.png,7002
235792,4038,H000412,data/splits/100k/images/heldout/H000412.png,data/corrupted/100k_blur_15x15_s5/heldout/H000412.png,4038
235817,4038,H000413,data/splits/100k/images/heldout/H000413.png,data/corrupted/100k_blur_15x15_s5/heldout/H000413.png,4038
236020,4038,H000414,data/splits/100k/images/heldout/H000414.png,data/corrupted/100k_blur_15x15_s5/heldout/H000414.png,4038
235841,4038,H000415,data/splits/100k/images/heldout/H000415.png,data/corrupted/100k_blur_15x15_s5/heldout/H000415.png,4038
46219,469,H000416,data/splits/100k/images/heldout/H000416.png,data/corrupted/100k_blur_15x15_s5/heldout/H000416.png,469
46450,469,H000417,data/splits/100k/images/heldout/H000417.png,data/corrupted/100k_blur_15x15_s5/heldout/H000417.png,469
46364,469,H000418,data/splits/100k/images/heldout/H000418.png,data/corrupted/100k_blur_15x15_s5/heldout/H000418.png,469
46424,469,H000419,data/splits/100k/images/heldout/H000419.png,data/corrupted/100k_blur_15x15_s5/heldout/H000419.png,469
252311,4367,H000420,data/splits/100k/images/heldout/H000420.png,data/corrupted/100k_blur_15x15_s5/heldout/H000420.png,4367
252496,4367,H000421,data/splits/100k/images/heldout/H000421.png,data/corrupted/100k_blur_15x15_s5/heldout/H000421.png,4367
252422,4367,H000422,data/splits/100k/images/heldout/H000422.png,data/corrupted/100k_blur_15x15_s5/heldout/H000422.png,4367
252547,4367,H000423,data/splits/100k/images/heldout/H000423.png,data/corrupted/100k_blur_15x15_s5/heldout/H000423.png,4367
231090,3941,H000424,data/splits/100k/images/heldout/H000424.png,data/corrupted/100k_blur_15x15_s5/heldout/H000424.png,3941
231007,3941,H000425,data/splits/100k/images/heldout/H000425.png,data/corrupted/100k_blur_15x15_s5/heldout/H000425.png,3941
230988,3941,H000426,data/splits/100k/images/heldout/H000426.png,data/corrupted/100k_blur_15x15_s5/heldout/H000426.png,3941
230955,3941,H000427,data/splits/100k/images/heldout/H000427.png,data/corrupted/100k_blur_15x15_s5/heldout/H000427.png,3941
336903,6232,H000428,data/splits/100k/images/heldout/H000428.png,data/corrupted/100k_blur_15x15_s5/heldout/H000428.png,6232
336597,6232,H000429,data/splits/100k/images/heldout/H000429.png,data/corrupted/100k_blur_15x15_s5/heldout/H000429.png,6232
336675,6232,H000430,data/splits/100k/images/heldout/H000430.png,data/corrupted/100k_blur_15x15_s5/heldout/H000430.png,6232
336696,6232,H000431,data/splits/100k/images/heldout/H000431.png,data/corrupted/100k_blur_15x15_s5/heldout/H000431.png,6232
450444,9237,H000432,data/splits/100k/images/heldout/H000432.png,data/corrupted/100k_blur_15x15_s5/heldout/H000432.png,9237
450381,9237,H000433,data/splits/100k/images/heldout/H000433.png,data/corrupted/100k_blur_15x15_s5/heldout/H000433.png,9237
450497,9237,H000434,data/splits/100k/images/heldout/H000434.png,data/corrupted/100k_blur_15x15_s5/heldout/H000434.png,9237
450311,9237,H000435,data/splits/100k/images/heldout/H000435.png,data/corrupted/100k_blur_15x15_s5/heldout/H000435.png,9237
348829,6485,H000436,data/splits/100k/images/heldout/H000436.png,data/corrupted/100k_blur_15x15_s5/heldout/H000436.png,6485
348870,6485,H000437,data/splits/100k/images/heldout/H000437.png,data/corrupted/100k_blur_15x15_s5/heldout/H000437.png,6485
348842,6485,H000438,data/splits/100k/images/heldout/H000438.png,data/corrupted/100k_blur_15x15_s5/heldout/H000438.png,6485
348881,6485,H000439,data/splits/100k/images/heldout/H000439.png,data/corrupted/100k_blur_15x15_s5/heldout/H000439.png,6485
4340,25,H000440,data/splits/100k/images/heldout/H000440.png,data/corrupted/100k_blur_15x15_s5/heldout/H000440.png,25
4512,25,H000441,data/splits/100k/images/heldout/H000441.png,data/corrupted/100k_blur_15x15_s5/heldout/H000441.png,25
4612,25,H000442,data/splits/100k/images/heldout/H000442.png,data/corrupted/100k_blur_15x15_s5/heldout/H000442.png,25
4434,25,H000443,data/splits/100k/images/heldout/H000443.png,data/corrupted/100k_blur_15x15_s5/heldout/H000443.png,25
27109,221,H000444,data/splits/100k/images/heldout/H000444.png,data/corrupted/100k_blur_15x15_s5/heldout/H000444.png,221
27118,221,H000445,data/splits/100k/images/heldout/H000445.png,data/corrupted/100k_blur_15x15_s5/heldout/H000445.png,221
27168,221,H000446,data/splits/100k/images/heldout/H000446.png,data/corrupted/100k_blur_15x15_s5/heldout/H000446.png,221
27067,221,H000447,data/splits/100k/images/heldout/H000447.png,data/corrupted/100k_blur_15x15_s5/heldout/H000447.png,221
171513,2646,H000448,data/splits/100k/images/heldout/H000448.png,data/corrupted/100k_blur_15x15_s5/heldout/H000448.png,2646
171567,2646,H000449,data/splits/100k/images/heldout/H000449.png,data/corrupted/100k_blur_15x15_s5/heldout/H000449.png,2646
171562,2646,H000450,data/splits/100k/images/heldout/H000450.png,data/corrupted/100k_blur_15x15_s5/heldout/H000450.png,2646
171671,2646,H000451,data/splits/100k/images/heldout/H000451.png,data/corrupted/100k_blur_15x15_s5/heldout/H000451.png,2646
242287,4168,H000452,data/splits/100k/images/heldout/H000452.png,data/corrupted/100k_blur_15x15_s5/heldout/H000452.png,4168
242107,4168,H000453,data/splits/100k/images/heldout/H000453.png,data/corrupted/100k_blur_15x15_s5/heldout/H000453.png,4168
242037,4168,H000454,data/splits/100k/images/heldout/H000454.png,data/corrupted/100k_blur_15x15_s5/heldout/H000454.png,4168
242315,4168,H000455,data/splits/100k/images/heldout/H000455.png,data/corrupted/100k_blur_15x15_s5/heldout/H000455.png,4168
340384,6323,H000456,data/splits/100k/images/heldout/H000456.png,data/corrupted/100k_blur_15x15_s5/heldout/H000456.png,6323
340591,6323,H000457,data/splits/100k/images/heldout/H000457.png,data/corrupted/100k_blur_15x15_s5/heldout/H000457.png,6323
340635,6323,H000458,data/splits/100k/images/heldout/H000458.png,data/corrupted/100k_blur_15x15_s5/heldout/H000458.png,6323
340367,6323,H000459,data/splits/100k/images/heldout/H000459.png,data/corrupted/100k_blur_15x15_s5/heldout/H000459.png,6323
222972,3749,H000460,data/splits/100k/images/heldout/H000460.png,data/corrupted/100k_blur_15x15_s5/heldout/H000460.png,3749
222971,3749,H000461,data/splits/100k/images/heldout/H000461.png,data/corrupted/100k_blur_15x15_s5/heldout/H000461.png,3749
222915,3749,H000462,data/splits/100k/images/heldout/H000462.png,data/corrupted/100k_blur_15x15_s5/heldout/H000462.png,3749
222918,3749,H000463,data/splits/100k/images/heldout/H000463.png,data/corrupted/100k_blur_15x15_s5/heldout/H000463.png,3749
62153,688,H000464,data/splits/100k/images/heldout/H000464.png,data/corrupted/100k_blur_15x15_s5/heldout/H000464.png,688
62230,688,H000465,data/splits/100k/images/heldout/H000465.png,data/corrupted/100k_blur_15x15_s5/heldout/H000465.png,688
62236,688,H000466,data/splits/100k/images/heldout/H000466.png,data/corrupted/100k_blur_15x15_s5/heldout/H000466.png,688
62186,688,H000467,data/splits/100k/images/heldout/H000467.png,data/corrupted/100k_blur_15x15_s5/heldout/H000467.png,688
151289,2244,H000468,data/splits/100k/images/heldout/H000468.png,data/corrupted/100k_blur_15x15_s5/heldout/H000468.png,2244
151280,2244,H000469,data/splits/100k/images/heldout/H000469.png,data/corrupted/100k_blur_15x15_s5/heldout/H000469.png,2244
151240,2244,H000470,data/splits/100k/images/heldout/H000470.png,data/corrupted/100k_blur_15x15_s5/heldout/H000470.png,2244
151263,2244,H000471,data/splits/100k/images/heldout/H000471.png,data/corrupted/100k_blur_15x15_s5/heldout/H000471.png,2244
13589,88,H000472,data/splits/100k/images/heldout/H000472.png,data/corrupted/100k_blur_15x15_s5/heldout/H000472.png,88
13600,88,H000473,data/splits/100k/images/heldout/H000473.png,data/corrupted/100k_blur_15x15_s5/heldout/H000473.png,88
13701,88,H000474,data/splits/100k/images/heldout/H000474.png,data/corrupted/100k_blur_15x15_s5/heldout/H000474.png,88
13578,88,H000475,data/splits/100k/images/heldout/H000475.png,data/corrupted/100k_blur_15x15_s5/heldout/H000475.png,88
6063,34,H000476,data/splits/100k/images/heldout/H000476.png,data/corrupted/100k_blur_15x15_s5/heldout/H000476.png,34
6099,34,H000477,data/splits/100k/images/heldout/H000477.png,data/corrupted/100k_blur_15x15_s5/heldout/H000477.png,34
5982,34,H000478,data/splits/100k/images/heldout/H000478.png,data/corrupted/100k_blur_15x15_s5/heldout/H000478.png,34
5912,34,H000479,data/splits/100k/images/heldout/H000479.png,data/corrupted/100k_blur_15x15_s5/heldout/H000479.png,34
91420,1117,H000480,data/splits/100k/images/heldout/H000480.png,data/corrupted/100k_blur_15x15_s5/heldout/H000480.png,1117
91501,1117,H000481,data/splits/100k/images/heldout/H000481.png,data/corrupted/100k_blur_15x15_s5/heldout/H000481.png,1117
91451,1117,H000482,data/splits/100k/images/heldout/H000482.png,data/corrupted/100k_blur_15x15_s5/heldout/H000482.png,1117
91462,1117,H000483,data/splits/100k/images/heldout/H000483.png,data/corrupted/100k_blur_15x15_s5/heldout/H000483.png,1117
108727,1336,H000484,data/splits/100k/images/heldout/H000484.png,data/corrupted/100k_blur_15x15_s5/heldout/H000484.png,1336
108695,1336,H000485,data/splits/100k/images/heldout/H000485.png,data/corrupted/100k_blur_15x15_s5/heldout/H000485.png,1336
108669,1336,H000486,data/splits/100k/images/heldout/H000486.png,data/corrupted/100k_blur_15x15_s5/heldout/H000486.png,1336
108748,1336,H000487,data/splits/100k/images/heldout/H000487.png,data/corrupted/100k_blur_15x15_s5/heldout/H000487.png,1336
268731,4728,H000488,data/splits/100k/images/heldout/H000488.png,data/corrupted/100k_blur_15x15_s5/heldout/H000488.png,4728
268718,4728,H000489,data/splits/100k/images/heldout/H000489.png,data/corrupted/100k_blur_15x15_s5/heldout/H000489.png,4728
268598,4728,H000490,data/splits/100k/images/heldout/H000490.png,data/corrupted/100k_blur_15x15_s5/heldout/H000490.png,4728
268558,4728,H000491,data/splits/100k/images/heldout/H000491.png,data/corrupted/100k_blur_15x15_s5/heldout/H000491.png,4728
271453,4800,H000492,data/splits/100k/images/heldout/H000492.png,data/corrupted/100k_blur_15x15_s5/heldout/H000492.png,4800
271496,4800,H000493,data/splits/100k/images/heldout/H000493.png,data/corrupted/100k_blur_15x15_s5/heldout/H000493.png,4800
271435,4800,H000494,data/splits/100k/images/heldout/H000494.png,data/corrupted/100k_blur_15x15_s5/heldout/H000494.png,4800
271447,4800,H000495,data/splits/100k/images/heldout/H000495.png,data/corrupted/100k_blur_15x15_s5/heldout/H000495.png,4800
309502,5624,H000496,data/splits/100k/images/heldout/H000496.png,data/corrupted/100k_blur_15x15_s5/heldout/H000496.png,5624
309349,5624,H000497,data/splits/100k/images/heldout/H000497.png,data/corrupted/100k_blur_15x15_s5/heldout/H000497.png,5624
309397,5624,H000498,data/splits/100k/images/heldout/H000498.png,data/corrupted/100k_blur_15x15_s5/heldout/H000498.png,5624
309260,5624,H000499,data/splits/100k/images/heldout/H000499.png,data/corrupted/100k_blur_15x15_s5/heldout/H000499.png,5624
13282,86,H000500,data/splits/100k/images/heldout/H000500.png,data/corrupted/100k_blur_15x15_s5/heldout/H000500.png,86
13468,86,H000501,data/splits/100k/images/heldout/H000501.png,data/corrupted/100k_blur_15x15_s5/heldout/H000501.png,86
13168,86,H000502,data/splits/100k/images/heldout/H000502.png,data/corrupted/100k_blur_15x15_s5/heldout/H000502.png,86
13425,86,H000503,data/splits/100k/images/heldout/H000503.png,data/corrupted/100k_blur_15x15_s5/heldout/H000503.png,86
97254,1188,H000504,data/splits/100k/images/heldout/H000504.png,data/corrupted/100k_blur_15x15_s5/heldout/H000504.png,1188
97438,1188,H000505,data/splits/100k/images/heldout/H000505.png,data/corrupted/100k_blur_15x15_s5/heldout/H000505.png,1188
97273,1188,H000506,data/splits/100k/images/heldout/H000506.png,data/corrupted/100k_blur_15x15_s5/heldout/H000506.png,1188
97184,1188,H000507,data/splits/100k/images/heldout/H000507.png,data/corrupted/100k_blur_15x15_s5/heldout/H000507.png,1188
13054,85,H000508,data/splits/100k/images/heldout/H000508.png,data/corrupted/100k_blur_15x15_s5/heldout/H000508.png,85
12908,85,H000509,data/splits/100k/images/heldout/H000509.png,data/corrupted/100k_blur_15x15_s5/heldout/H000509.png,85
12932,85,H000510,data/splits/100k/images/heldout/H000510.png,data/corrupted/100k_blur_15x15_s5/heldout/H000510.png,85
12999,85,H000511,data/splits/100k/images/heldout/H000511.png,data/corrupted/100k_blur_15x15_s5/heldout/H000511.png,85
216674,3619,H000512,data/splits/100k/images/heldout/H000512.png,data/corrupted/100k_blur_15x15_s5/heldout/H000512.png,3619
216612,3619,H000513,data/splits/100k/images/heldout/H000513.png,data/corrupted/100k_blur_15x15_s5/heldout/H000513.png,3619
216684,3619,H000514,data/splits/100k/images/heldout/H000514.png,data/corrupted/100k_blur_15x15_s5/heldout/H000514.png,3619
216622,3619,H000515,data/splits/100k/images/heldout/H000515.png,data/corrupted/100k_blur_15x15_s5/heldout/H000515.png,3619
17657,136,H000516,data/splits/100k/images/heldout/H000516.png,data/corrupted/100k_blur_15x15_s5/heldout/H000516.png,136
17634,136,H000517,data/splits/100k/images/heldout/H000517.png,data/corrupted/100k_blur_15x15_s5/heldout/H000517.png,136
17616,136,H000518,data/splits/100k/images/heldout/H000518.png,data/corrupted/100k_blur_15x15_s5/heldout/H000518.png,136
17443,136,H000519,data/splits/100k/images/heldout/H000519.png,data/corrupted/100k_blur_15x15_s5/heldout/H000519.png,136
199280,3241,H000520,data/splits/100k/images/heldout/H000520.png,data/corrupted/100k_blur_15x15_s5/heldout/H000520.png,3241
199311,3241,H000521,data/splits/100k/images/heldout/H000521.png,data/corrupted/100k_blur_15x15_s5/heldout/H000521.png,3241
199513,3241,H000522,data/splits/100k/images/heldout/H000522.png,data/corrupted/100k_blur_15x15_s5/heldout/H000522.png,3241
199467,3241,H000523,data/splits/100k/images/heldout/H000523.png,data/corrupted/100k_blur_15x15_s5/heldout/H000523.png,3241
266405,4682,H000524,data/splits/100k/images/heldout/H000524.png,data/corrupted/100k_blur_15x15_s5/heldout/H000524.png,4682
266393,4682,H000525,data/splits/100k/images/heldout/H000525.png,data/corrupted/100k_blur_15x15_s5/heldout/H000525.png,4682
266280,4682,H000526,data/splits/100k/images/heldout/H000526.png,data/corrupted/100k_blur_15x15_s5/heldout/H000526.png,4682
266227,4682,H000527,data/splits/100k/images/heldout/H000527.png,data/corrupted/100k_blur_15x15_s5/heldout/H000527.png,4682
191610,3056,H000528,data/splits/100k/images/heldout/H000528.png,data/corrupted/100k_blur_15x15_s5/heldout/H000528.png,3056
191590,3056,H000529,data/splits/100k/images/heldout/H000529.png,data/corrupted/100k_blur_15x15_s5/heldout/H000529.png,3056
191716,3056,H000530,data/splits/100k/images/heldout/H000530.png,data/corrupted/100k_blur_15x15_s5/heldout/H000530.png,3056
191732,3056,H000531,data/splits/100k/images/heldout/H000531.png,data/corrupted/100k_blur_15x15_s5/heldout/H000531.png,3056
8808,46,H000532,data/splits/100k/images/heldout/H000532.png,data/corrupted/100k_blur_15x15_s5/heldout/H000532.png,46
8620,46,H000533,data/splits/100k/images/heldout/H000533.png,data/corrupted/100k_blur_15x15_s5/heldout/H000533.png,46
8619,46,H000534,data/splits/100k/images/heldout/H000534.png,data/corrupted/100k_blur_15x15_s5/heldout/H000534.png,46
8651,46,H000535,data/splits/100k/images/heldout/H000535.png,data/corrupted/100k_blur_15x15_s5/heldout/H000535.png,46
257308,4469,H000536,data/splits/100k/images/heldout/H000536.png,data/corrupted/100k_blur_15x15_s5/heldout/H000536.png,4469
257221,4469,H000537,data/splits/100k/images/heldout/H000537.png,data/corrupted/100k_blur_15x15_s5/heldout/H000537.png,4469
257210,4469,H000538,data/splits/100k/images/heldout/H000538.png,data/corrupted/100k_blur_15x15_s5/heldout/H000538.png,4469
257404,4469,H000539,data/splits/100k/images/heldout/H000539.png,data/corrupted/100k_blur_15x15_s5/heldout/H000539.png,4469
298394,5392,H000540,data/splits/100k/images/heldout/H000540.png,data/corrupted/100k_blur_15x15_s5/heldout/H000540.png,5392
298266,5392,H000541,data/splits/100k/images/heldout/H000541.png,data/corrupted/100k_blur_15x15_s5/heldout/H000541.png,5392
298309,5392,H000542,data/splits/100k/images/heldout/H000542.png,data/corrupted/100k_blur_15x15_s5/heldout/H000542.png,5392
298449,5392,H000543,data/splits/100k/images/heldout/H000543.png,data/corrupted/100k_blur_15x15_s5/heldout/H000543.png,5392
382946,7334,H000544,data/splits/100k/images/heldout/H000544.png,data/corrupted/100k_blur_15x15_s5/heldout/H000544.png,7334
382852,7334,H000545,data/splits/100k/images/heldout/H000545.png,data/corrupted/100k_blur_15x15_s5/heldout/H000545.png,7334
382950,7334,H000546,data/splits/100k/images/heldout/H000546.png,data/corrupted/100k_blur_15x15_s5/heldout/H000546.png,7334
382921,7334,H000547,data/splits/100k/images/heldout/H000547.png,data/corrupted/100k_blur_15x15_s5/heldout/H000547.png,7334
71051,852,H000548,data/splits/100k/images/heldout/H000548.png,data/corrupted/100k_blur_15x15_s5/heldout/H000548.png,852
70909,852,H000549,data/splits/100k/images/heldout/H000549.png,data/corrupted/100k_blur_15x15_s5/heldout/H000549.png,852
71063,852,H000550,data/splits/100k/images/heldout/H000550.png,data/corrupted/100k_blur_15x15_s5/heldout/H000550.png,852
70927,852,H000551,data/splits/100k/images/heldout/H000551.png,data/corrupted/100k_blur_15x15_s5/heldout/H000551.png,852
95656,1168,H000552,data/splits/100k/images/heldout/H000552.png,data/corrupted/100k_blur_15x15_s5/heldout/H000552.png,1168
95920,1168,H000553,data/splits/100k/images/heldout/H000553.png,data/corrupted/100k_blur_15x15_s5/heldout/H000553.png,1168
95840,1168,H000554,data/splits/100k/images/heldout/H000554.png,data/corrupted/100k_blur_15x15_s5/heldout/H000554.png,1168
95807,1168,H000555,data/splits/100k/images/heldout/H000555.png,data/corrupted/100k_blur_15x15_s5/heldout/H000555.png,1168
141803,2042,H000556,data/splits/100k/images/heldout/H000556.png,data/corrupted/100k_blur_15x15_s5/heldout/H000556.png,2042
141548,2042,H000557,data/splits/100k/images/heldout/H000557.png,data/corrupted/100k_blur_15x15_s5/heldout/H000557.png,2042
141810,2042,H000558,data/splits/100k/images/heldout/H000558.png,data/corrupted/100k_blur_15x15_s5/heldout/H000558.png,2042
141587,2042,H000559,data/splits/100k/images/heldout/H000559.png,data/corrupted/100k_blur_15x15_s5/heldout/H000559.png,2042
338766,6284,H000560,data/splits/100k/images/heldout/H000560.png,data/corrupted/100k_blur_15x15_s5/heldout/H000560.png,6284
338847,6284,H000561,data/splits/100k/images/heldout/H000561.png,data/corrupted/100k_blur_15x15_s5/heldout/H000561.png,6284
338891,6284,H000562,data/splits/100k/images/heldout/H000562.png,data/corrupted/100k_blur_15x15_s5/heldout/H000562.png,6284
338929,6284,H000563,data/splits/100k/images/heldout/H000563.png,data/corrupted/100k_blur_15x15_s5/heldout/H000563.png,6284
370771,7018,H000564,data/splits/100k/images/heldout/H000564.png,data/corrupted/100k_blur_15x15_s5/heldout/H000564.png,7018
370664,7018,H000565,data/splits/100k/images/heldout/H000565.png,data/corrupted/100k_blur_15x15_s5/heldout/H000565.png,7018
370738,7018,H000566,data/splits/100k/images/heldout/H000566.png,data/corrupted/100k_blur_15x15_s5/heldout/H000566.png,7018
370758,7018,H000567,data/splits/100k/images/heldout/H000567.png,data/corrupted/100k_blur_15x15_s5/heldout/H000567.png,7018
224362,3774,H000568,data/splits/100k/images/heldout/H000568.png,data/corrupted/100k_blur_15x15_s5/heldout/H000568.png,3774
224339,3774,H000569,data/splits/100k/images/heldout/H000569.png,data/corrupted/100k_blur_15x15_s5/heldout/H000569.png,3774
224243,3774,H000570,data/splits/100k/images/heldout/H000570.png,data/corrupted/100k_blur_15x15_s5/heldout/H000570.png,3774
224384,3774,H000571,data/splits/100k/images/heldout/H000571.png,data/corrupted/100k_blur_15x15_s5/heldout/H000571.png,3774
262847,4603,H000572,data/splits/100k/images/heldout/H000572.png,data/corrupted/100k_blur_15x15_s5/heldout/H000572.png,4603
262977,4603,H000573,data/splits/100k/images/heldout/H000573.png,data/corrupted/100k_blur_15x15_s5/heldout/H000573.png,4603
263100,4603,H000574,data/splits/100k/images/heldout/H000574.png,data/corrupted/100k_blur_15x15_s5/heldout/H000574.png,4603
262875,4603,H000575,data/splits/100k/images/heldout/H000575.png,data/corrupted/100k_blur_15x15_s5/heldout/H000575.png,4603
183389,2881,H000576,data/splits/100k/images/heldout/H000576.png,data/corrupted/100k_blur_15x15_s5/heldout/H000576.png,2881
183541,2881,H000577,data/splits/100k/images/heldout/H000577.png,data/corrupted/100k_blur_15x15_s5/heldout/H000577.png,2881
183377,2881,H000578,data/splits/100k/images/heldout/H000578.png,data/corrupted/100k_blur_15x15_s5/heldout/H000578.png,2881
183455,2881,H000579,data/splits/100k/images/heldout/H000579.png,data/corrupted/100k_blur_15x15_s5/heldout/H000579.png,2881
209525,3451,H000580,data/splits/100k/images/heldout/H000580.png,data/corrupted/100k_blur_15x15_s5/heldout/H000580.png,3451
209534,3451,H000581,data/splits/100k/images/heldout/H000581.png,data/corrupted/100k_blur_15x15_s5/heldout/H000581.png,3451
209332,3451,H000582,data/splits/100k/images/heldout/H000582.png,data/corrupted/100k_blur_15x15_s5/heldout/H000582.png,3451
209386,3451,H000583,data/splits/100k/images/heldout/H000583.png,data/corrupted/100k_blur_15x15_s5/heldout/H000583.png,3451
86253,1040,H000584,data/splits/100k/images/heldout/H000584.png,data/corrupted/100k_blur_15x15_s5/heldout/H000584.png,1040
86250,1040,H000585,data/splits/100k/images/heldout/H000585.png,data/corrupted/100k_blur_15x15_s5/heldout/H000585.png,1040
86173,1040,H000586,data/splits/100k/images/heldout/H000586.png,data/corrupted/100k_blur_15x15_s5/heldout/H000586.png,1040
86037,1040,H000587,data/splits/100k/images/heldout/H000587.png,data/corrupted/100k_blur_15x15_s5/heldout/H000587.png,1040
181743,2842,H000588,data/splits/100k/images/heldout/H000588.png,data/corrupted/100k_blur_15x15_s5/heldout/H000588.png,2842
181855,2842,H000589,data/splits/100k/images/heldout/H000589.png,data/corrupted/100k_blur_15x15_s5/heldout/H000589.png,2842
181783,2842,H000590,data/splits/100k/images/heldout/H000590.png,data/corrupted/100k_blur_15x15_s5/heldout/H000590.png,2842
181776,2842,H000591,data/splits/100k/images/heldout/H000591.png,data/corrupted/100k_blur_15x15_s5/heldout/H000591.png,2842
366537,6909,H000592,data/splits/100k/images/heldout/H000592.png,data/corrupted/100k_blur_15x15_s5/heldout/H000592.png,6909
366542,6909,H000593,data/splits/100k/images/heldout/H000593.png,data/corrupted/100k_blur_15x15_s5/heldout/H000593.png,6909
366390,6909,H000594,data/splits/100k/images/heldout/H000594.png,data/corrupted/100k_blur_15x15_s5/heldout/H000594.png,6909
366595,6909,H000595,data/splits/100k/images/heldout/H000595.png,data/corrupted/100k_blur_15x15_s5/heldout/H000595.png,6909
71995,863,H000596,data/splits/100k/images/heldout/H000596.png,data/corrupted/100k_blur_15x15_s5/heldout/H000596.png,863
72083,863,H000597,data/splits/100k/images/heldout/H000597.png,data/corrupted/100k_blur_15x15_s5/heldout/H000597.png,863
71936,863,H000598,data/splits/100k/images/heldout/H000598.png,data/corrupted/100k_blur_15x15_s5/heldout/H000598.png,863
71971,863,H000599,data/splits/100k/images/heldout/H000599.png,data/corrupted/100k_blur_15x15_s5/heldout/H000599.png,863
40660,386,H000600,data/splits/100k/images/heldout/H000600.png,data/corrupted/100k_blur_15x15_s5/heldout/H000600.png,386
40678,386,H000601,data/splits/100k/images/heldout/H000601.png,data/corrupted/100k_blur_15x15_s5/heldout/H000601.png,386
40672,386,H000602,data/splits/100k/images/heldout/H000602.png,data/corrupted/100k_blur_15x15_s5/heldout/H000602.png,386
40482,386,H000603,data/splits/100k/images/heldout/H000603.png,data/corrupted/100k_blur_15x15_s5/heldout/H000603.png,386
312370,5708,H000604,data/splits/100k/images/heldout/H000604.png,data/corrupted/100k_blur_15x15_s5/heldout/H000604.png,5708
312500,5708,H000605,data/splits/100k/images/heldout/H000605.png,data/corrupted/100k_blur_15x15_s5/heldout/H000605.png,5708
312529,5708,H000606,data/splits/100k/images/heldout/H000606.png,data/corrupted/100k_blur_15x15_s5/heldout/H000606.png,5708
312334,5708,H000607,data/splits/100k/images/heldout/H000607.png,data/corrupted/100k_blur_15x15_s5/heldout/H000607.png,5708
72783,871,H000608,data/splits/100k/images/heldout/H000608.png,data/corrupted/100k_blur_15x15_s5/heldout/H000608.png,871
72897,871,H000609,data/splits/100k/images/heldout/H000609.png,data/corrupted/100k_blur_15x15_s5/heldout/H000609.png,871
72970,871,H000610,data/splits/100k/images/heldout/H000610.png,data/corrupted/100k_blur_15x15_s5/heldout/H000610.png,871
72900,871,H000611,data/splits/100k/images/heldout/H000611.png,data/corrupted/100k_blur_15x15_s5/heldout/H000611.png,871
38118,359,H000612,data/splits/100k/images/heldout/H000612.png,data/corrupted/100k_blur_15x15_s5/heldout/H000612.png,359
38250,359,H000613,data/splits/100k/images/heldout/H000613.png,data/corrupted/100k_blur_15x15_s5/heldout/H000613.png,359
38197,359,H000614,data/splits/100k/images/heldout/H000614.png,data/corrupted/100k_blur_15x15_s5/heldout/H000614.png,359
38232,359,H000615,data/splits/100k/images/heldout/H000615.png,data/corrupted/100k_blur_15x15_s5/heldout/H000615.png,359
394053,7645,H000616,data/splits/100k/images/heldout/H000616.png,data/corrupted/100k_blur_15x15_s5/heldout/H000616.png,7645
394115,7645,H000617,data/splits/100k/images/heldout/H000617.png,data/corrupted/100k_blur_15x15_s5/heldout/H000617.png,7645
394065,7645,H000618,data/splits/100k/images/heldout/H000618.png,data/corrupted/100k_blur_15x15_s5/heldout/H000618.png,7645
393939,7645,H000619,data/splits/100k/images/heldout/H000619.png,data/corrupted/100k_blur_15x15_s5/heldout/H000619.png,7645
96873,1183,H000620,data/splits/100k/images/heldout/H000620.png,data/corrupted/100k_blur_15x15_s5/heldout/H000620.png,1183
96836,1183,H000621,data/splits/100k/images/heldout/H000621.png,data/corrupted/100k_blur_15x15_s5/heldout/H000621.png,1183
96756,1183,H000622,data/splits/100k/images/heldout/H000622.png,data/corrupted/100k_blur_15x15_s5/heldout/H000622.png,1183
96906,1183,H000623,data/splits/100k/images/heldout/H000623.png,data/corrupted/100k_blur_15x15_s5/heldout/H000623.png,1183
371457,7031,H000624,data/splits/100k/images/heldout/H000624.png,data/corrupted/100k_blur_15x15_s5/heldout/H000624.png,7031
371459,7031,H000625,data/splits/100k/images/heldout/H000625.png,data/corrupted/100k_blur_15x15_s5/heldout/H000625.png,7031
371385,7031,H000626,data/splits/100k/images/heldout/H000626.png,data/corrupted/100k_blur_15x15_s5/heldout/H000626.png,7031
371464,7031,H000627,data/splits/100k/images/heldout/H000627.png,data/corrupted/100k_blur_15x15_s5/heldout/H000627.png,7031
3559,22,H000628,data/splits/100k/images/heldout/H000628.png,data/corrupted/100k_blur_15x15_s5/heldout/H000628.png,22
3569,22,H000629,data/splits/100k/images/heldout/H000629.png,data/corrupted/100k_blur_15x15_s5/heldout/H000629.png,22
3554,22,H000630,data/splits/100k/images/heldout/H000630.png,data/corrupted/100k_blur_15x15_s5/heldout/H000630.png,22
3558,22,H000631,data/splits/100k/images/heldout/H000631.png,data/corrupted/100k_blur_15x15_s5/heldout/H000631.png,22
140293,2023,H000632,data/splits/100k/images/heldout/H000632.png,data/corrupted/100k_blur_15x15_s5/heldout/H000632.png,2023
140366,2023,H000633,data/splits/100k/images/heldout/H000633.png,data/corrupted/100k_blur_15x15_s5/heldout/H000633.png,2023
140463,2023,H000634,data/splits/100k/images/heldout/H000634.png,data/corrupted/100k_blur_15x15_s5/heldout/H000634.png,2023
140483,2023,H000635,data/splits/100k/images/heldout/H000635.png,data/corrupted/100k_blur_15x15_s5/heldout/H000635.png,2023
70382,843,H000636,data/splits/100k/images/heldout/H000636.png,data/corrupted/100k_blur_15x15_s5/heldout/H000636.png,843
70401,843,H000637,data/splits/100k/images/heldout/H000637.png,data/corrupted/100k_blur_15x15_s5/heldout/H000637.png,843
70215,843,H000638,data/splits/100k/images/heldout/H000638.png,data/corrupted/100k_blur_15x15_s5/heldout/H000638.png,843
70415,843,H000639,data/splits/100k/images/heldout/H000639.png,data/corrupted/100k_blur_15x15_s5/heldout/H000639.png,843
284713,5086,H000640,data/splits/100k/images/heldout/H000640.png,data/corrupted/100k_blur_15x15_s5/heldout/H000640.png,5086
284776,5086,H000641,data/splits/100k/images/heldout/H000641.png,data/corrupted/100k_blur_15x15_s5/heldout/H000641.png,5086
284775,5086,H000642,data/splits/100k/images/heldout/H000642.png,data/corrupted/100k_blur_15x15_s5/heldout/H000642.png,5086
284738,5086,H000643,data/splits/100k/images/heldout/H000643.png,data/corrupted/100k_blur_15x15_s5/heldout/H000643.png,5086
314807,5748,H000644,data/splits/100k/images/heldout/H000644.png,data/corrupted/100k_blur_15x15_s5/heldout/H000644.png,5748
314705,5748,H000645,data/splits/100k/images/heldout/H000645.png,data/corrupted/100k_blur_15x15_s5/heldout/H000645.png,5748
314649,5748,H000646,data/splits/100k/images/heldout/H000646.png,data/corrupted/100k_blur_15x15_s5/heldout/H000646.png,5748
314618,5748,H000647,data/splits/100k/images/heldout/H000647.png,data/corrupted/100k_blur_15x15_s5/heldout/H000647.png,5748
22354,178,H000648,data/splits/100k/images/heldout/H000648.png,data/corrupted/100k_blur_15x15_s5/heldout/H000648.png,178
22366,178,H000649,data/splits/100k/images/heldout/H000649.png,data/corrupted/100k_blur_15x15_s5/heldout/H000649.png,178
22371,178,H000650,data/splits/100k/images/heldout/H000650.png,data/corrupted/100k_blur_15x15_s5/heldout/H000650.png,178
22351,178,H000651,data/splits/100k/images/heldout/H000651.png,data/corrupted/100k_blur_15x15_s5/heldout/H000651.png,178
86694,1048,H000652,data/splits/100k/images/heldout/H000652.png,data/corrupted/100k_blur_15x15_s5/heldout/H000652.png,1048
86826,1048,H000653,data/splits/100k/images/heldout/H000653.png,data/corrupted/100k_blur_15x15_s5/heldout/H000653.png,1048
86910,1048,H000654,data/splits/100k/images/heldout/H000654.png,data/corrupted/100k_blur_15x15_s5/heldout/H000654.png,1048
86845,1048,H000655,data/splits/100k/images/heldout/H000655.png,data/corrupted/100k_blur_15x15_s5/heldout/H000655.png,1048
94182,1150,H000656,data/splits/100k/images/heldout/H000656.png,data/corrupted/100k_blur_15x15_s5/heldout/H000656.png,1150
94106,1150,H000657,data/splits/100k/images/heldout/H000657.png,data/corrupted/100k_blur_15x15_s5/heldout/H000657.png,1150
94298,1150,H000658,data/splits/100k/images/heldout/H000658.png,data/corrupted/100k_blur_15x15_s5/heldout/H000658.png,1150
94187,1150,H000659,data/splits/100k/images/heldout/H000659.png,data/corrupted/100k_blur_15x15_s5/heldout/H000659.png,1150
469429,9833,H000660,data/splits/100k/images/heldout/H000660.png,data/corrupted/100k_blur_15x15_s5/heldout/H000660.png,9833
469505,9833,H000661,data/splits/100k/images/heldout/H000661.png,data/corrupted/100k_blur_15x15_s5/heldout/H000661.png,9833
469541,9833,H000662,data/splits/100k/images/heldout/H000662.png,data/corrupted/100k_blur_15x15_s5/heldout/H000662.png,9833
469438,9833,H000663,data/splits/100k/images/heldout/H000663.png,data/corrupted/100k_blur_15x15_s5/heldout/H000663.png,9833
81368,986,H000664,data/splits/100k/images/heldout/H000664.png,data/corrupted/100k_blur_15x15_s5/heldout/H000664.png,986
81431,986,H000665,data/splits/100k/images/heldout/H000665.png,data/corrupted/100k_blur_15x15_s5/heldout/H000665.png,986
81306,986,H000666,data/splits/100k/images/heldout/H000666.png,data/corrupted/100k_blur_15x15_s5/heldout/H000666.png,986
81424,986,H000667,data/splits/100k/images/heldout/H000667.png,data/corrupted/100k_blur_15x15_s5/heldout/H000667.png,986
45920,467,H000668,data/splits/100k/images/heldout/H000668.png,data/corrupted/100k_blur_15x15_s5/heldout/H000668.png,467
46129,467,H000669,data/splits/100k/images/heldout/H000669.png,data/corrupted/100k_blur_15x15_s5/heldout/H000669.png,467
45930,467,H000670,data/splits/100k/images/heldout/H000670.png,data/corrupted/100k_blur_15x15_s5/heldout/H000670.png,467
46107,467,H000671,data/splits/100k/images/heldout/H000671.png,data/corrupted/100k_blur_15x15_s5/heldout/H000671.png,467
365558,6891,H000672,data/splits/100k/images/heldout/H000672.png,data/corrupted/100k_blur_15x15_s5/heldout/H000672.png,6891
365763,6891,H000673,data/splits/100k/images/heldout/H000673.png,data/corrupted/100k_blur_15x15_s5/heldout/H000673.png,6891
365538,6891,H000674,data/splits/100k/images/heldout/H000674.png,data/corrupted/100k_blur_15x15_s5/heldout/H000674.png,6891
365553,6891,H000675,data/splits/100k/images/heldout/H000675.png,data/corrupted/100k_blur_15x15_s5/heldout/H000675.png,6891
158586,2397,H000676,data/splits/100k/images/heldout/H000676.png,data/corrupted/100k_blur_15x15_s5/heldout/H000676.png,2397
158668,2397,H000677,data/splits/100k/images/heldout/H000677.png,data/corrupted/100k_blur_15x15_s5/heldout/H000677.png,2397
158594,2397,H000678,data/splits/100k/images/heldout/H000678.png,data/corrupted/100k_blur_15x15_s5/heldout/H000678.png,2397
158557,2397,H000679,data/splits/100k/images/heldout/H000679.png,data/corrupted/100k_blur_15x15_s5/heldout/H000679.png,2397
194880,3134,H000680,data/splits/100k/images/heldout/H000680.png,data/corrupted/100k_blur_15x15_s5/heldout/H000680.png,3134
194819,3134,H000681,data/splits/100k/images/heldout/H000681.png,data/corrupted/100k_blur_15x15_s5/heldout/H000681.png,3134
194751,3134,H000682,data/splits/100k/images/heldout/H000682.png,data/corrupted/100k_blur_15x15_s5/heldout/H000682.png,3134
194768,3134,H000683,data/splits/100k/images/heldout/H000683.png,data/corrupted/100k_blur_15x15_s5/heldout/H000683.png,3134
318665,5834,H000684,data/splits/100k/images/heldout/H000684.png,data/corrupted/100k_blur_15x15_s5/heldout/H000684.png,5834
318674,5834,H000685,data/splits/100k/images/heldout/H000685.png,data/corrupted/100k_blur_15x15_s5/heldout/H000685.png,5834
318704,5834,H000686,data/splits/100k/images/heldout/H000686.png,data/corrupted/100k_blur_15x15_s5/heldout/H000686.png,5834
318536,5834,H000687,data/splits/100k/images/heldout/H000687.png,data/corrupted/100k_blur_15x15_s5/heldout/H000687.png,5834
323077,5944,H000688,data/splits/100k/images/heldout/H000688.png,data/corrupted/100k_blur_15x15_s5/heldout/H000688.png,5944
323068,5944,H000689,data/splits/100k/images/heldout/H000689.png,data/corrupted/100k_blur_15x15_s5/heldout/H000689.png,5944
322965,5944,H000690,data/splits/100k/images/heldout/H000690.png,data/corrupted/100k_blur_15x15_s5/heldout/H000690.png,5944
323017,5944,H000691,data/splits/100k/images/heldout/H000691.png,data/corrupted/100k_blur_15x15_s5/heldout/H000691.png,5944
290463,5225,H000692,data/splits/100k/images/heldout/H000692.png,data/corrupted/100k_blur_15x15_s5/heldout/H000692.png,5225
290421,5225,H000693,data/splits/100k/images/heldout/H000693.png,data/corrupted/100k_blur_15x15_s5/heldout/H000693.png,5225
290544,5225,H000694,data/splits/100k/images/heldout/H000694.png,data/corrupted/100k_blur_15x15_s5/heldout/H000694.png,5225
290599,5225,H000695,data/splits/100k/images/heldout/H000695.png,data/corrupted/100k_blur_15x15_s5/heldout/H000695.png,5225
15342,105,H000696,data/splits/100k/images/heldout/H000696.png,data/corrupted/100k_blur_15x15_s5/heldout/H000696.png,105
15245,105,H000697,data/splits/100k/images/heldout/H000697.png,data/corrupted/100k_blur_15x15_s5/heldout/H000697.png,105
15466,105,H000698,data/splits/100k/images/heldout/H000698.png,data/corrupted/100k_blur_15x15_s5/heldout/H000698.png,105
15414,105,H000699,data/splits/100k/images/heldout/H000699.png,data/corrupted/100k_blur_15x15_s5/heldout/H000699.png,105
80529,976,H000700,data/splits/100k/images/heldout/H000700.png,data/corrupted/100k_blur_15x15_s5/heldout/H000700.png,976
80570,976,H000701,data/splits/100k/images/heldout/H000701.png,data/corrupted/100k_blur_15x15_s5/heldout/H000701.png,976
80531,976,H000702,data/splits/100k/images/heldout/H000702.png,data/corrupted/100k_blur_15x15_s5/heldout/H000702.png,976
80562,976,H000703,data/splits/100k/images/heldout/H000703.png,data/corrupted/100k_blur_15x15_s5/heldout/H000703.png,976
168,1,H000704,data/splits/100k/images/heldout/H000704.png,data/corrupted/100k_blur_15x15_s5/heldout/H000704.png,1
153,1,H000705,data/splits/100k/images/heldout/H000705.png,data/corrupted/100k_blur_15x15_s5/heldout/H000705.png,1
158,1,H000706,data/splits/100k/images/heldout/H000706.png,data/corrupted/100k_blur_15x15_s5/heldout/H000706.png,1
260,1,H000707,data/splits/100k/images/heldout/H000707.png,data/corrupted/100k_blur_15x15_s5/heldout/H000707.png,1
231738,3954,H000708,data/splits/100k/images/heldout/H000708.png,data/corrupted/100k_blur_15x15_s5/heldout/H000708.png,3954
231893,3954,H000709,data/splits/100k/images/heldout/H000709.png,data/corrupted/100k_blur_15x15_s5/heldout/H000709.png,3954
231917,3954,H000710,data/splits/100k/images/heldout/H000710.png,data/corrupted/100k_blur_15x15_s5/heldout/H000710.png,3954
231718,3954,H000711,data/splits/100k/images/heldout/H000711.png,data/corrupted/100k_blur_15x15_s5/heldout/H000711.png,3954
437407,8855,H000712,data/splits/100k/images/heldout/H000712.png,data/corrupted/100k_blur_15x15_s5/heldout/H000712.png,8855
437308,8855,H000713,data/splits/100k/images/heldout/H000713.png,data/corrupted/100k_blur_15x15_s5/heldout/H000713.png,8855
437523,8855,H000714,data/splits/100k/images/heldout/H000714.png,data/corrupted/100k_blur_15x15_s5/heldout/H000714.png,8855
437348,8855,H000715,data/splits/100k/images/heldout/H000715.png,data/corrupted/100k_blur_15x15_s5/heldout/H000715.png,8855
5418,31,H000716,data/splits/100k/images/heldout/H000716.png,data/corrupted/100k_blur_15x15_s5/heldout/H000716.png,31
5277,31,H000717,data/splits/100k/images/heldout/H000717.png,data/corrupted/100k_blur_15x15_s5/heldout/H000717.png,31
5193,31,H000718,data/splits/100k/images/heldout/H000718.png,data/corrupted/100k_blur_15x15_s5/heldout/H000718.png,31
5310,31,H000719,data/splits/100k/images/heldout/H000719.png,data/corrupted/100k_blur_15x15_s5/heldout/H000719.png,31
41996,404,H000720,data/splits/100k/images/heldout/H000720.png,data/corrupted/100k_blur_15x15_s5/heldout/H000720.png,404
41834,404,H000721,data/splits/100k/images/heldout/H000721.png,data/corrupted/100k_blur_15x15_s5/heldout/H000721.png,404
41897,404,H000722,data/splits/100k/images/heldout/H000722.png,data/corrupted/100k_blur_15x15_s5/heldout/H000722.png,404
42032,404,H000723,data/splits/100k/images/heldout/H000723.png,data/corrupted/100k_blur_15x15_s5/heldout/H000723.png,404
51184,532,H000724,data/splits/100k/images/heldout/H000724.png,data/corrupted/100k_blur_15x15_s5/heldout/H000724.png,532
51195,532,H000725,data/splits/100k/images/heldout/H000725.png,data/corrupted/100k_blur_15x15_s5/heldout/H000725.png,532
51173,532,H000726,data/splits/100k/images/heldout/H000726.png,data/corrupted/100k_blur_15x15_s5/heldout/H000726.png,532
51360,532,H000727,data/splits/100k/images/heldout/H000727.png,data/corrupted/100k_blur_15x15_s5/heldout/H000727.png,532
12165,76,H000728,data/splits/100k/images/heldout/H000728.png,data/corrupted/100k_blur_15x15_s5/heldout/H000728.png,76
12129,76,H000729,data/splits/100k/images/heldout/H000729.png,data/corrupted/100k_blur_15x15_s5/heldout/H000729.png,76
12169,76,H000730,data/splits/100k/images/heldout/H000730.png,data/corrupted/100k_blur_15x15_s5/heldout/H000730.png,76
11939,76,H000731,data/splits/100k/images/heldout/H000731.png,data/corrupted/100k_blur_15x15_s5/heldout/H000731.png,76
56894,612,H000732,data/splits/100k/images/heldout/H000732.png,data/corrupted/100k_blur_15x15_s5/heldout/H000732.png,612
56980,612,H000733,data/splits/100k/images/heldout/H000733.png,data/corrupted/100k_blur_15x15_s5/heldout/H000733.png,612
57099,612,H000734,data/splits/100k/images/heldout/H000734.png,data/corrupted/100k_blur_15x15_s5/heldout/H000734.png,612
56933,612,H000735,data/splits/100k/images/heldout/H000735.png,data/corrupted/100k_blur_15x15_s5/heldout/H000735.png,612
233105,3982,H000736,data/splits/100k/images/heldout/H000736.png,data/corrupted/100k_blur_15x15_s5/heldout/H000736.png,3982
233009,3982,H000737,data/splits/100k/images/heldout/H000737.png,data/corrupted/100k_blur_15x15_s5/heldout/H000737.png,3982
233045,3982,H000738,data/splits/100k/images/heldout/H000738.png,data/corrupted/100k_blur_15x15_s5/heldout/H000738.png,3982
232995,3982,H000739,data/splits/100k/images/heldout/H000739.png,data/corrupted/100k_blur_15x15_s5/heldout/H000739.png,3982
124086,1668,H000740,data/splits/100k/images/heldout/H000740.png,data/corrupted/100k_blur_15x15_s5/heldout/H000740.png,1668
124060,1668,H000741,data/splits/100k/images/heldout/H000741.png,data/corrupted/100k_blur_15x15_s5/heldout/H000741.png,1668
123942,1668,H000742,data/splits/100k/images/heldout/H000742.png,data/corrupted/100k_blur_15x15_s5/heldout/H000742.png,1668
124041,1668,H000743,data/splits/100k/images/heldout/H000743.png,data/corrupted/100k_blur_15x15_s5/heldout/H000743.png,1668
159821,2420,H000744,data/splits/100k/images/heldout/H000744.png,data/corrupted/100k_blur_15x15_s5/heldout/H000744.png,2420
159686,2420,H000745,data/splits/100k/images/heldout/H000745.png,data/corrupted/100k_blur_15x15_s5/heldout/H000745.png,2420
159668,2420,H000746,data/splits/100k/images/heldout/H000746.png,data/corrupted/100k_blur_15x15_s5/heldout/H000746.png,2420
159894,2420,H000747,data/splits/100k/images/heldout/H000747.png,data/corrupted/100k_blur_15x15_s5/heldout/H000747.png,2420
29388,244,H000748,data/splits/100k/images/heldout/H000748.png,data/corrupted/100k_blur_15x15_s5/heldout/H000748.png,244
29429,244,H000749,data/splits/100k/images/heldout/H000749.png,data/corrupted/100k_blur_15x15_s5/heldout/H000749.png,244
29452,244,H000750,data/splits/100k/images/heldout/H000750.png,data/corrupted/100k_blur_15x15_s5/heldout/H000750.png,244
29314,244,H000751,data/splits/100k/images/heldout/H000751.png,data/corrupted/100k_blur_15x15_s5/heldout/H000751.png,244
98227,1197,H000752,data/splits/100k/images/heldout/H000752.png,data/corrupted/100k_blur_15x15_s5/heldout/H000752.png,1197
98231,1197,H000753,data/splits/100k/images/heldout/H000753.png,data/corrupted/100k_blur_15x15_s5/heldout/H000753.png,1197
98428,1197,H000754,data/splits/100k/images/heldout/H000754.png,data/corrupted/100k_blur_15x15_s5/heldout/H000754.png,1197
98329,1197,H000755,data/splits/100k/images/heldout/H000755.png,data/corrupted/100k_blur_15x15_s5/heldout/H000755.png,1197
157302,2374,H000756,data/splits/100k/images/heldout/H000756.png,data/corrupted/100k_blur_15x15_s5/heldout/H000756.png,2374
157287,2374,H000757,data/splits/100k/images/heldout/H000757.png,data/corrupted/100k_blur_15x15_s5/heldout/H000757.png,2374
157258,2374,H000758,data/splits/100k/images/heldout/H000758.png,data/corrupted/100k_blur_15x15_s5/heldout/H000758.png,2374
157234,2374,H000759,data/splits/100k/images/heldout/H000759.png,data/corrupted/100k_blur_15x15_s5/heldout/H000759.png,2374
25541,206,H000760,data/splits/100k/images/heldout/H000760.png,data/corrupted/100k_blur_15x15_s5/heldout/H000760.png,206
25646,206,H000761,data/splits/100k/images/heldout/H000761.png,data/corrupted/100k_blur_15x15_s5/heldout/H000761.png,206
25585,206,H000762,data/splits/100k/images/heldout/H000762.png,data/corrupted/100k_blur_15x15_s5/heldout/H000762.png,206
25488,206,H000763,data/splits/100k/images/heldout/H000763.png,data/corrupted/100k_blur_15x15_s5/heldout/H000763.png,206
295785,5326,H000764,data/splits/100k/images/heldout/H000764.png,data/corrupted/100k_blur_15x15_s5/heldout/H000764.png,5326
295585,5326,H000765,data/splits/100k/images/heldout/H000765.png,data/corrupted/100k_blur_15x15_s5/heldout/H000765.png,5326
295682,5326,H000766,data/splits/100k/images/heldout/H000766.png,data/corrupted/100k_blur_15x15_s5/heldout/H000766.png,5326
295752,5326,H000767,data/splits/100k/images/heldout/H000767.png,data/corrupted/100k_blur_15x15_s5/heldout/H000767.png,5326
48201,491,H000768,data/splits/100k/images/heldout/H000768.png,data/corrupted/100k_blur_15x15_s5/heldout/H000768.png,491
48007,491,H000769,data/splits/100k/images/heldout/H000769.png,data/corrupted/100k_blur_15x15_s5/heldout/H000769.png,491
48141,491,H000770,data/splits/100k/images/heldout/H000770.png,data/corrupted/100k_blur_15x15_s5/heldout/H000770.png,491
48109,491,H000771,data/splits/100k/images/heldout/H000771.png,data/corrupted/100k_blur_15x15_s5/heldout/H000771.png,491
101722,1241,H000772,data/splits/100k/images/heldout/H000772.png,data/corrupted/100k_blur_15x15_s5/heldout/H000772.png,1241
101693,1241,H000773,data/splits/100k/images/heldout/H000773.png,data/corrupted/100k_blur_15x15_s5/heldout/H000773.png,1241
101832,1241,H000774,data/splits/100k/images/heldout/H000774.png,data/corrupted/100k_blur_15x15_s5/heldout/H000774.png,1241
101893,1241,H000775,data/splits/100k/images/heldout/H000775.png,data/corrupted/100k_blur_15x15_s5/heldout/H000775.png,1241
312753,5713,H000776,data/splits/100k/images/heldout/H000776.png,data/corrupted/100k_blur_15x15_s5/heldout/H000776.png,5713
312662,5713,H000777,data/splits/100k/images/heldout/H000777.png,data/corrupted/100k_blur_15x15_s5/heldout/H000777.png,5713
312777,5713,H000778,data/splits/100k/images/heldout/H000778.png,data/corrupted/100k_blur_15x15_s5/heldout/H000778.png,5713
312842,5713,H000779,data/splits/100k/images/heldout/H000779.png,data/corrupted/100k_blur_15x15_s5/heldout/H000779.png,5713
342785,6353,H000780,data/splits/100k/images/heldout/H000780.png,data/corrupted/100k_blur_15x15_s5/heldout/H000780.png,6353
342853,6353,H000781,data/splits/100k/images/heldout/H000781.png,data/corrupted/100k_blur_15x15_s5/heldout/H000781.png,6353
342871,6353,H000782,data/splits/100k/images/heldout/H000782.png,data/corrupted/100k_blur_15x15_s5/heldout/H000782.png,6353
342907,6353,H000783,data/splits/100k/images/heldout/H000783.png,data/corrupted/100k_blur_15x15_s5/heldout/H000783.png,6353
1231,8,H000784,data/splits/100k/images/heldout/H000784.png,data/corrupted/100k_blur_15x15_s5/heldout/H000784.png,8
1074,8,H000785,data/splits/100k/images/heldout/H000785.png,data/corrupted/100k_blur_15x15_s5/heldout/H000785.png,8
1151,8,H000786,data/splits/100k/images/heldout/H000786.png,data/corrupted/100k_blur_15x15_s5/heldout/H000786.png,8
1175,8,H000787,data/splits/100k/images/heldout/H000787.png,data/corrupted/100k_blur_15x15_s5/heldout/H000787.png,8
361734,6796,H000788,data/splits/100k/images/heldout/H000788.png,data/corrupted/100k_blur_15x15_s5/heldout/H000788.png,6796
361718,6796,H000789,data/splits/100k/images/heldout/H000789.png,data/corrupted/100k_blur_15x15_s5/heldout/H000789.png,6796
361660,6796,H000790,data/splits/100k/images/heldout/H000790.png,data/corrupted/100k_blur_15x15_s5/heldout/H000790.png,6796
361583,6796,H000791,data/splits/100k/images/heldout/H000791.png,data/corrupted/100k_blur_15x15_s5/heldout/H000791.png,6796
92034,1123,H000792,data/splits/100k/images/heldout/H000792.png,data/corrupted/100k_blur_15x15_s5/heldout/H000792.png,1123
92221,1123,H000793,data/splits/100k/images/heldout/H000793.png,data/corrupted/100k_blur_15x15_s5/heldout/H000793.png,1123
92217,1123,H000794,data/splits/100k/images/heldout/H000794.png,data/corrupted/100k_blur_15x15_s5/heldout/H000794.png,1123
92163,1123,H000795,data/splits/100k/images/heldout/H000795.png,data/corrupted/100k_blur_15x15_s5/heldout/H000795.png,1123
32774,277,H000796,data/splits/100k/images/heldout/H000796.png,data/corrupted/100k_blur_15x15_s5/heldout/H000796.png,277
32776,277,H000797,data/splits/100k/images/heldout/H000797.png,data/corrupted/100k_blur_15x15_s5/heldout/H000797.png,277
32648,277,H000798,data/splits/100k/images/heldout/H000798.png,data/corrupted/100k_blur_15x15_s5/heldout/H000798.png,277
32717,277,H000799,data/splits/100k/images/heldout/H000799.png,data/corrupted/100k_blur_15x15_s5/heldout/H000799.png,277
167729,2575,H000800,data/splits/100k/images/heldout/H000800.png,data/corrupted/100k_blur_15x15_s5/heldout/H000800.png,2575
167598,2575,H000801,data/splits/100k/images/heldout/H000801.png,data/corrupted/100k_blur_15x15_s5/heldout/H000801.png,2575
167639,2575,H000802,data/splits/100k/images/heldout/H000802.png,data/corrupted/100k_blur_15x15_s5/heldout/H000802.png,2575
167710,2575,H000803,data/splits/100k/images/heldout/H000803.png,data/corrupted/100k_blur_15x15_s5/heldout/H000803.png,2575
14835,101,H000804,data/splits/100k/images/heldout/H000804.png,data/corrupted/100k_blur_15x15_s5/heldout/H000804.png,101
14940,101,H000805,data/splits/100k/images/heldout/H000805.png,data/corrupted/100k_blur_15x15_s5/heldout/H000805.png,101
14798,101,H000806,data/splits/100k/images/heldout/H000806.png,data/corrupted/100k_blur_15x15_s5/heldout/H000806.png,101
14999,101,H000807,data/splits/100k/images/heldout/H000807.png,data/corrupted/100k_blur_15x15_s5/heldout/H000807.png,101
39088,372,H000808,data/splits/100k/images/heldout/H000808.png,data/corrupted/100k_blur_15x15_s5/heldout/H000808.png,372
39149,372,H000809,data/splits/100k/images/heldout/H000809.png,data/corrupted/100k_blur_15x15_s5/heldout/H000809.png,372
39078,372,H000810,data/splits/100k/images/heldout/H000810.png,data/corrupted/100k_blur_15x15_s5/heldout/H000810.png,372
39057,372,H000811,data/splits/100k/images/heldout/H000811.png,data/corrupted/100k_blur_15x15_s5/heldout/H000811.png,372
326292,6014,H000812,data/splits/100k/images/heldout/H000812.png,data/corrupted/100k_blur_15x15_s5/heldout/H000812.png,6014
326231,6014,H000813,data/splits/100k/images/heldout/H000813.png,data/corrupted/100k_blur_15x15_s5/heldout/H000813.png,6014
326211,6014,H000814,data/splits/100k/images/heldout/H000814.png,data/corrupted/100k_blur_15x15_s5/heldout/H000814.png,6014
326377,6014,H000815,data/splits/100k/images/heldout/H000815.png,data/corrupted/100k_blur_15x15_s5/heldout/H000815.png,6014
52867,554,H000816,data/splits/100k/images/heldout/H000816.png,data/corrupted/100k_blur_15x15_s5/heldout/H000816.png,554
52851,554,H000817,data/splits/100k/images/heldout/H000817.png,data/corrupted/100k_blur_15x15_s5/heldout/H000817.png,554
52872,554,H000818,data/splits/100k/images/heldout/H000818.png,data/corrupted/100k_blur_15x15_s5/heldout/H000818.png,554
52993,554,H000819,data/splits/100k/images/heldout/H000819.png,data/corrupted/100k_blur_15x15_s5/heldout/H000819.png,554
75064,899,H000820,data/splits/100k/images/heldout/H000820.png,data/corrupted/100k_blur_15x15_s5/heldout/H000820.png,899
75072,899,H000821,data/splits/100k/images/heldout/H000821.png,data/corrupted/100k_blur_15x15_s5/heldout/H000821.png,899
75123,899,H000822,data/splits/100k/images/heldout/H000822.png,data/corrupted/100k_blur_15x15_s5/heldout/H000822.png,899
75068,899,H000823,data/splits/100k/images/heldout/H000823.png,data/corrupted/100k_blur_15x15_s5/heldout/H000823.png,899
89068,1082,H000824,data/splits/100k/images/heldout/H000824.png,data/corrupted/100k_blur_15x15_s5/heldout/H000824.png,1082
88854,1082,H000825,data/splits/100k/images/heldout/H000825.png,data/corrupted/100k_blur_15x15_s5/heldout/H000825.png,1082
88998,1082,H000826,data/splits/100k/images/heldout/H000826.png,data/corrupted/100k_blur_15x15_s5/heldout/H000826.png,1082
88921,1082,H000827,data/splits/100k/images/heldout/H000827.png,data/corrupted/100k_blur_15x15_s5/heldout/H000827.png,1082
329333,6079,H000828,data/splits/100k/images/heldout/H000828.png,data/corrupted/100k_blur_15x15_s5/heldout/H000828.png,6079
329405,6079,H000829,data/splits/100k/images/heldout/H000829.png,data/corrupted/100k_blur_15x15_s5/heldout/H000829.png,6079
329371,6079,H000830,data/splits/100k/images/heldout/H000830.png,data/corrupted/100k_blur_15x15_s5/heldout/H000830.png,6079
329556,6079,H000831,data/splits/100k/images/heldout/H000831.png,data/corrupted/100k_blur_15x15_s5/heldout/H000831.png,6079
14388,97,H000832,data/splits/100k/images/heldout/H000832.png,data/corrupted/100k_blur_15x15_s5/heldout/H000832.png,97
14606,97,H000833,data/splits/100k/images/heldout/H000833.png,data/corrupted/100k_blur_15x15_s5/heldout/H000833.png,97
14461,97,H000834,data/splits/100k/images/heldout/H000834.png,data/corrupted/100k_blur_15x15_s5/heldout/H000834.png,97
14441,97,H000835,data/splits/100k/images/heldout/H000835.png,data/corrupted/100k_blur_15x15_s5/heldout/H000835.png,97
66277,764,H000836,data/splits/100k/images/heldout/H000836.png,data/corrupted/100k_blur_15x15_s5/heldout/H000836.png,764
66350,764,H000837,data/splits/100k/images/heldout/H000837.png,data/corrupted/100k_blur_15x15_s5/heldout/H000837.png,764
66238,764,H000838,data/splits/100k/images/heldout/H000838.png,data/corrupted/100k_blur_15x15_s5/heldout/H000838.png,764
66375,764,H000839,data/splits/100k/images/heldout/H000839.png,data/corrupted/100k_blur_15x15_s5/heldout/H000839.png,764
55014,587,H000840,data/splits/100k/images/heldout/H000840.png,data/corrupted/100k_blur_15x15_s5/heldout/H000840.png,587
54939,587,H000841,data/splits/100k/images/heldout/H000841.png,data/corrupted/100k_blur_15x15_s5/heldout/H000841.png,587
55105,587,H000842,data/splits/100k/images/heldout/H000842.png,data/corrupted/100k_blur_15x15_s5/heldout/H000842.png,587
55125,587,H000843,data/splits/100k/images/heldout/H000843.png,data/corrupted/100k_blur_15x15_s5/heldout/H000843.png,587
71510,858,H000844,data/splits/100k/images/heldout/H000844.png,data/corrupted/100k_blur_15x15_s5/heldout/H000844.png,858
71450,858,H000845,data/splits/100k/images/heldout/H000845.png,data/corrupted/100k_blur_15x15_s5/heldout/H000845.png,858
71616,858,H000846,data/splits/100k/images/heldout/H000846.png,data/corrupted/100k_blur_15x15_s5/heldout/H000846.png,858
71615,858,H000847,data/splits/100k/images/heldout/H000847.png,data/corrupted/100k_blur_15x15_s5/heldout/H000847.png,858
128057,1769,H000848,data/splits/100k/images/heldout/H000848.png,data/corrupted/100k_blur_15x15_s5/heldout/H000848.png,1769
128098,1769,H000849,data/splits/100k/images/heldout/H000849.png,data/corrupted/100k_blur_15x15_s5/heldout/H000849.png,1769
128020,1769,H000850,data/splits/100k/images/heldout/H000850.png,data/corrupted/100k_blur_15x15_s5/heldout/H000850.png,1769
128197,1769,H000851,data/splits/100k/images/heldout/H000851.png,data/corrupted/100k_blur_15x15_s5/heldout/H000851.png,1769
168285,2584,H000852,data/splits/100k/images/heldout/H000852.png,data/corrupted/100k_blur_15x15_s5/heldout/H000852.png,2584
168158,2584,H000853,data/splits/100k/images/heldout/H000853.png,data/corrupted/100k_blur_15x15_s5/heldout/H000853.png,2584
168125,2584,H000854,data/splits/100k/images/heldout/H000854.png,data/corrupted/100k_blur_15x15_s5/heldout/H000854.png,2584
168206,2584,H000855,data/splits/100k/images/heldout/H000855.png,data/corrupted/100k_blur_15x15_s5/heldout/H000855.png,2584
23354,190,H000856,data/splits/100k/images/heldout/H000856.png,data/corrupted/100k_blur_15x15_s5/heldout/H000856.png,190
23417,190,H000857,data/splits/100k/images/heldout/H000857.png,data/corrupted/100k_blur_15x15_s5/heldout/H000857.png,190
23247,190,H000858,data/splits/100k/images/heldout/H000858.png,data/corrupted/100k_blur_15x15_s5/heldout/H000858.png,190
23345,190,H000859,data/splits/100k/images/heldout/H000859.png,data/corrupted/100k_blur_15x15_s5/heldout/H000859.png,190
196369,3165,H000860,data/splits/100k/images/heldout/H000860.png,data/corrupted/100k_blur_15x15_s5/heldout/H000860.png,3165
196489,3165,H000861,data/splits/100k/images/heldout/H000861.png,data/corrupted/100k_blur_15x15_s5/heldout/H000861.png,3165
196292,3165,H000862,data/splits/100k/images/heldout/H000862.png,data/corrupted/100k_blur_15x15_s5/heldout/H000862.png,3165
196459,3165,H000863,data/splits/100k/images/heldout/H000863.png,data/corrupted/100k_blur_15x15_s5/heldout/H000863.png,3165
278807,4969,H000864,data/splits/100k/images/heldout/H000864.png,data/corrupted/100k_blur_15x15_s5/heldout/H000864.png,4969
278903,4969,H000865,data/splits/100k/images/heldout/H000865.png,data/corrupted/100k_blur_15x15_s5/heldout/H000865.png,4969
278956,4969,H000866,data/splits/100k/images/heldout/H000866.png,data/corrupted/100k_blur_15x15_s5/heldout/H000866.png,4969
278812,4969,H000867,data/splits/100k/images/heldout/H000867.png,data/corrupted/100k_blur_15x15_s5/heldout/H000867.png,4969
28722,238,H000868,data/splits/100k/images/heldout/H000868.png,data/corrupted/100k_blur_15x15_s5/heldout/H000868.png,238
28742,238,H000869,data/splits/100k/images/heldout/H000869.png,data/corrupted/100k_blur_15x15_s5/heldout/H000869.png,238
28857,238,H000870,data/splits/100k/images/heldout/H000870.png,data/corrupted/100k_blur_15x15_s5/heldout/H000870.png,238
28724,238,H000871,data/splits/100k/images/heldout/H000871.png,data/corrupted/100k_blur_15x15_s5/heldout/H000871.png,238
51696,536,H000872,data/splits/100k/images/heldout/H000872.png,data/corrupted/100k_blur_15x15_s5/heldout/H000872.png,536
51716,536,H000873,data/splits/100k/images/heldout/H000873.png,data/corrupted/100k_blur_15x15_s5/heldout/H000873.png,536
51757,536,H000874,data/splits/100k/images/heldout/H000874.png,data/corrupted/100k_blur_15x15_s5/heldout/H000874.png,536
51629,536,H000875,data/splits/100k/images/heldout/H000875.png,data/corrupted/100k_blur_15x15_s5/heldout/H000875.png,536
238217,4088,H000876,data/splits/100k/images/heldout/H000876.png,data/corrupted/100k_blur_15x15_s5/heldout/H000876.png,4088
238230,4088,H000877,data/splits/100k/images/heldout/H000877.png,data/corrupted/100k_blur_15x15_s5/heldout/H000877.png,4088
238184,4088,H000878,data/splits/100k/images/heldout/H000878.png,data/corrupted/100k_blur_15x15_s5/heldout/H000878.png,4088
238189,4088,H000879,data/splits/100k/images/heldout/H000879.png,data/corrupted/100k_blur_15x15_s5/heldout/H000879.png,4088
308896,5618,H000880,data/splits/100k/images/heldout/H000880.png,data/corrupted/100k_blur_15x15_s5/heldout/H000880.png,5618
308974,5618,H000881,data/splits/100k/images/heldout/H000881.png,data/corrupted/100k_blur_15x15_s5/heldout/H000881.png,5618
308903,5618,H000882,data/splits/100k/images/heldout/H000882.png,data/corrupted/100k_blur_15x15_s5/heldout/H000882.png,5618
308905,5618,H000883,data/splits/100k/images/heldout/H000883.png,data/corrupted/100k_blur_15x15_s5/heldout/H000883.png,5618
25354,203,H000884,data/splits/100k/images/heldout/H000884.png,data/corrupted/100k_blur_15x15_s5/heldout/H000884.png,203
25358,203,H000885,data/splits/100k/images/heldout/H000885.png,data/corrupted/100k_blur_15x15_s5/heldout/H000885.png,203
25231,203,H000886,data/splits/100k/images/heldout/H000886.png,data/corrupted/100k_blur_15x15_s5/heldout/H000886.png,203
25331,203,H000887,data/splits/100k/images/heldout/H000887.png,data/corrupted/100k_blur_15x15_s5/heldout/H000887.png,203
27981,231,H000888,data/splits/100k/images/heldout/H000888.png,data/corrupted/100k_blur_15x15_s5/heldout/H000888.png,231
27950,231,H000889,data/splits/100k/images/heldout/H000889.png,data/corrupted/100k_blur_15x15_s5/heldout/H000889.png,231
27926,231,H000890,data/splits/100k/images/heldout/H000890.png,data/corrupted/100k_blur_15x15_s5/heldout/H000890.png,231
27951,231,H000891,data/splits/100k/images/heldout/H000891.png,data/corrupted/100k_blur_15x15_s5/heldout/H000891.png,231
28609,237,H000892,data/splits/100k/images/heldout/H000892.png,data/corrupted/100k_blur_15x15_s5/heldout/H000892.png,237
28441,237,H000893,data/splits/100k/images/heldout/H000893.png,data/corrupted/100k_blur_15x15_s5/heldout/H000893.png,237
28438,237,H000894,data/splits/100k/images/heldout/H000894.png,data/corrupted/100k_blur_15x15_s5/heldout/H000894.png,237
28545,237,H000895,data/splits/100k/images/heldout/H000895.png,data/corrupted/100k_blur_15x15_s5/heldout/H000895.png,237
5605,32,H000896,data/splits/100k/images/heldout/H000896.png,data/corrupted/100k_blur_15x15_s5/heldout/H000896.png,32
5525,32,H000897,data/splits/100k/images/heldout/H000897.png,data/corrupted/100k_blur_15x15_s5/heldout/H000897.png,32
5663,32,H000898,data/splits/100k/images/heldout/H000898.png,data/corrupted/100k_blur_15x15_s5/heldout/H000898.png,32
5656,32,H000899,data/splits/100k/images/heldout/H000899.png,data/corrupted/100k_blur_15x15_s5/heldout/H000899.png,32
45149,455,H000900,data/splits/100k/images/heldout/H000900.png,data/corrupted/100k_blur_15x15_s5/heldout/H000900.png,455
45096,455,H000901,data/splits/100k/images/heldout/H000901.png,data/corrupted/100k_blur_15x15_s5/heldout/H000901.png,455
45163,455,H000902,data/splits/100k/images/heldout/H000902.png,data/corrupted/100k_blur_15x15_s5/heldout/H000902.png,455
45052,455,H000903,data/splits/100k/images/heldout/H000903.png,data/corrupted/100k_blur_15x15_s5/heldout/H000903.png,455
117861,1545,H000904,data/splits/100k/images/heldout/H000904.png,data/corrupted/100k_blur_15x15_s5/heldout/H000904.png,1545
118026,1545,H000905,data/splits/100k/images/heldout/H000905.png,data/corrupted/100k_blur_15x15_s5/heldout/H000905.png,1545
117991,1545,H000906,data/splits/100k/images/heldout/H000906.png,data/corrupted/100k_blur_15x15_s5/heldout/H000906.png,1545
118002,1545,H000907,data/splits/100k/images/heldout/H000907.png,data/corrupted/100k_blur_15x15_s5/heldout/H000907.png,1545
367375,6934,H000908,data/splits/100k/images/heldout/H000908.png,data/corrupted/100k_blur_15x15_s5/heldout/H000908.png,6934
367379,6934,H000909,data/splits/100k/images/heldout/H000909.png,data/corrupted/100k_blur_15x15_s5/heldout/H000909.png,6934
367508,6934,H000910,data/splits/100k/images/heldout/H000910.png,data/corrupted/100k_blur_15x15_s5/heldout/H000910.png,6934
367384,6934,H000911,data/splits/100k/images/heldout/H000911.png,data/corrupted/100k_blur_15x15_s5/heldout/H000911.png,6934
66019,763,H000912,data/splits/100k/images/heldout/H000912.png,data/corrupted/100k_blur_15x15_s5/heldout/H000912.png,763
65999,763,H000913,data/splits/100k/images/heldout/H000913.png,data/corrupted/100k_blur_15x15_s5/heldout/H000913.png,763
66118,763,H000914,data/splits/100k/images/heldout/H000914.png,data/corrupted/100k_blur_15x15_s5/heldout/H000914.png,763
66130,763,H000915,data/splits/100k/images/heldout/H000915.png,data/corrupted/100k_blur_15x15_s5/heldout/H000915.png,763
121656,1629,H000916,data/splits/100k/images/heldout/H000916.png,data/corrupted/100k_blur_15x15_s5/heldout/H000916.png,1629
121568,1629,H000917,data/splits/100k/images/heldout/H000917.png,data/corrupted/100k_blur_15x15_s5/heldout/H000917.png,1629
121643,1629,H000918,data/splits/100k/images/heldout/H000918.png,data/corrupted/100k_blur_15x15_s5/heldout/H000918.png,1629
121695,1629,H000919,data/splits/100k/images/heldout/H000919.png,data/corrupted/100k_blur_15x15_s5/heldout/H000919.png,1629
313548,5725,H000920,data/splits/100k/images/heldout/H000920.png,data/corrupted/100k_blur_15x15_s5/heldout/H000920.png,5725
313543,5725,H000921,data/splits/100k/images/heldout/H000921.png,data/corrupted/100k_blur_15x15_s5/heldout/H000921.png,5725
313475,5725,H000922,data/splits/100k/images/heldout/H000922.png,data/corrupted/100k_blur_15x15_s5/heldout/H000922.png,5725
313490,5725,H000923,data/splits/100k/images/heldout/H000923.png,data/corrupted/100k_blur_15x15_s5/heldout/H000923.png,5725
19106,148,H000924,data/splits/100k/images/heldout/H000924.png,data/corrupted/100k_blur_15x15_s5/heldout/H000924.png,148
19173,148,H000925,data/splits/100k/images/heldout/H000925.png,data/corrupted/100k_blur_15x15_s5/heldout/H000925.png,148
19142,148,H000926,data/splits/100k/images/heldout/H000926.png,data/corrupted/100k_blur_15x15_s5/heldout/H000926.png,148
19169,148,H000927,data/splits/100k/images/heldout/H000927.png,data/corrupted/100k_blur_15x15_s5/heldout/H000927.png,148
303145,5500,H000928,data/splits/100k/images/heldout/H000928.png,data/corrupted/100k_blur_15x15_s5/heldout/H000928.png,5500
303142,5500,H000929,data/splits/100k/images/heldout/H000929.png,data/corrupted/100k_blur_15x15_s5/heldout/H000929.png,5500
303228,5500,H000930,data/splits/100k/images/heldout/H000930.png,data/corrupted/100k_blur_15x15_s5/heldout/H000930.png,5500
303195,5500,H000931,data/splits/100k/images/heldout/H000931.png,data/corrupted/100k_blur_15x15_s5/heldout/H000931.png,5500
313016,5714,H000932,data/splits/100k/images/heldout/H000932.png,data/corrupted/100k_blur_15x15_s5/heldout/H000932.png,5714
312933,5714,H000933,data/splits/100k/images/heldout/H000933.png,data/corrupted/100k_blur_15x15_s5/heldout/H000933.png,5714
313124,5714,H000934,data/splits/100k/images/heldout/H000934.png,data/corrupted/100k_blur_15x15_s5/heldout/H000934.png,5714
313082,5714,H000935,data/splits/100k/images/heldout/H000935.png,data/corrupted/100k_blur_15x15_s5/heldout/H000935.png,5714
323723,5957,H000936,data/splits/100k/images/heldout/H000936.png,data/corrupted/100k_blur_15x15_s5/heldout/H000936.png,5957
323575,5957,H000937,data/splits/100k/images/heldout/H000937.png,data/corrupted/100k_blur_15x15_s5/heldout/H000937.png,5957
323609,5957,H000938,data/splits/100k/images/heldout/H000938.png,data/corrupted/100k_blur_15x15_s5/heldout/H000938.png,5957
323587,5957,H000939,data/splits/100k/images/heldout/H000939.png,data/corrupted/100k_blur_15x15_s5/heldout/H000939.png,5957
40079,384,H000940,data/splits/100k/images/heldout/H000940.png,data/corrupted/100k_blur_15x15_s5/heldout/H000940.png,384
40189,384,H000941,data/splits/100k/images/heldout/H000941.png,data/corrupted/100k_blur_15x15_s5/heldout/H000941.png,384
39984,384,H000942,data/splits/100k/images/heldout/H000942.png,data/corrupted/100k_blur_15x15_s5/heldout/H000942.png,384
40021,384,H000943,data/splits/100k/images/heldout/H000943.png,data/corrupted/100k_blur_15x15_s5/heldout/H000943.png,384
152554,2274,H000944,data/splits/100k/images/heldout/H000944.png,data/corrupted/100k_blur_15x15_s5/heldout/H000944.png,2274
152470,2274,H000945,data/splits/100k/images/heldout/H000945.png,data/corrupted/100k_blur_15x15_s5/heldout/H000945.png,2274
152482,2274,H000946,data/splits/100k/images/heldout/H000946.png,data/corrupted/100k_blur_15x15_s5/heldout/H000946.png,2274
152565,2274,H000947,data/splits/100k/images/heldout/H000947.png,data/corrupted/100k_blur_15x15_s5/heldout/H000947.png,2274
255527,4424,H000948,data/splits/100k/images/heldout/H000948.png,data/corrupted/100k_blur_15x15_s5/heldout/H000948.png,4424
255405,4424,H000949,data/splits/100k/images/heldout/H000949.png,data/corrupted/100k_blur_15x15_s5/heldout/H000949.png,4424
255421,4424,H000950,data/splits/100k/images/heldout/H000950.png,data/corrupted/100k_blur_15x15_s5/heldout/H000950.png,4424
255352,4424,H000951,data/splits/100k/images/heldout/H000951.png,data/corrupted/100k_blur_15x15_s5/heldout/H000951.png,4424
331830,6119,H000952,data/splits/100k/images/heldout/H000952.png,data/corrupted/100k_blur_15x15_s5/heldout/H000952.png,6119
331765,6119,H000953,data/splits/100k/images/heldout/H000953.png,data/corrupted/100k_blur_15x15_s5/heldout/H000953.png,6119
331772,6119,H000954,data/splits/100k/images/heldout/H000954.png,data/corrupted/100k_blur_15x15_s5/heldout/H000954.png,6119
331815,6119,H000955,data/splits/100k/images/heldout/H000955.png,data/corrupted/100k_blur_15x15_s5/heldout/H000955.png,6119
425775,8542,H000956,data/splits/100k/images/heldout/H000956.png,data/corrupted/100k_blur_15x15_s5/heldout/H000956.png,8542
425939,8542,H000957,data/splits/100k/images/heldout/H000957.png,data/corrupted/100k_blur_15x15_s5/heldout/H000957.png,8542
425888,8542,H000958,data/splits/100k/images/heldout/H000958.png,data/corrupted/100k_blur_15x15_s5/heldout/H000958.png,8542
425935,8542,H000959,data/splits/100k/images/heldout/H000959.png,data/corrupted/100k_blur_15x15_s5/heldout/H000959.png,8542
459270,9524,H000960,data/splits/100k/images/heldout/H000960.png,data/corrupted/100k_blur_15x15_s5/heldout/H000960.png,9524
459244,9524,H000961,data/splits/100k/images/heldout/H000961.png,data/corrupted/100k_blur_15x15_s5/heldout/H000961.png,9524
459242,9524,H000962,data/splits/100k/images/heldout/H000962.png,data/corrupted/100k_blur_15x15_s5/heldout/H000962.png,9524
459187,9524,H000963,data/splits/100k/images/heldout/H000963.png,data/corrupted/100k_blur_15x15_s5/heldout/H000963.png,9524
279463,4982,H000964,data/splits/100k/images/heldout/H000964.png,data/corrupted/100k_blur_15x15_s5/heldout/H000964.png,4982
279513,4982,H000965,data/splits/100k/images/heldout/H000965.png,data/corrupted/100k_blur_15x15_s5/heldout/H000965.png,4982
279498,4982,H000966,data/splits/100k/images/heldout/H000966.png,data/corrupted/100k_blur_15x15_s5/heldout/H000966.png,4982
279448,4982,H000967,data/splits/100k/images/heldout/H000967.png,data/corrupted/100k_blur_15x15_s5/heldout/H000967.png,4982
242726,4178,H000968,data/splits/100k/images/heldout/H000968.png,data/corrupted/100k_blur_15x15_s5/heldout/H000968.png,4178
242749,4178,H000969,data/splits/100k/images/heldout/H000969.png,data/corrupted/100k_blur_15x15_s5/heldout/H000969.png,4178
242605,4178,H000970,data/splits/100k/images/heldout/H000970.png,data/corrupted/100k_blur_15x15_s5/heldout/H000970.png,4178
242676,4178,H000971,data/splits/100k/images/heldout/H000971.png,data/corrupted/100k_blur_15x15_s5/heldout/H000971.png,4178
357033,6689,H000972,data/splits/100k/images/heldout/H000972.png,data/corrupted/100k_blur_15x15_s5/heldout/H000972.png,6689
356956,6689,H000973,data/splits/100k/images/heldout/H000973.png,data/corrupted/100k_blur_15x15_s5/heldout/H000973.png,6689
356984,6689,H000974,data/splits/100k/images/heldout/H000974.png,data/corrupted/100k_blur_15x15_s5/heldout/H000974.png,6689
356960,6689,H000975,data/splits/100k/images/heldout/H000975.png,data/corrupted/100k_blur_15x15_s5/heldout/H000975.png,6689
374560,7099,H000976,data/splits/100k/images/heldout/H000976.png,data/corrupted/100k_blur_15x15_s5/heldout/H000976.png,7099
374502,7099,H000977,data/splits/100k/images/heldout/H000977.png,data/corrupted/100k_blur_15x15_s5/heldout/H000977.png,7099
374648,7099,H000978,data/splits/100k/images/heldout/H000978.png,data/corrupted/100k_blur_15x15_s5/heldout/H000978.png,7099
374546,7099,H000979,data/splits/100k/images/heldout/H000979.png,data/corrupted/100k_blur_15x15_s5/heldout/H000979.png,7099
21460,173,H000980,data/splits/100k/images/heldout/H000980.png,data/corrupted/100k_blur_15x15_s5/heldout/H000980.png,173
21518,173,H000981,data/splits/100k/images/heldout/H000981.png,data/corrupted/100k_blur_15x15_s5/heldout/H000981.png,173
21437,173,H000982,data/splits/100k/images/heldout/H000982.png,data/corrupted/100k_blur_15x15_s5/heldout/H000982.png,173
21458,173,H000983,data/splits/100k/images/heldout/H000983.png,data/corrupted/100k_blur_15x15_s5/heldout/H000983.png,173
41183,392,H000984,data/splits/100k/images/heldout/H000984.png,data/corrupted/100k_blur_15x15_s5/heldout/H000984.png,392
41254,392,H000985,data/splits/100k/images/heldout/H000985.png,data/corrupted/100k_blur_15x15_s5/heldout/H000985.png,392
41099,392,H000986,data/splits/100k/images/heldout/H000986.png,data/corrupted/100k_blur_15x15_s5/heldout/H000986.png,392
41163,392,H000987,data/splits/100k/images/heldout/H000987.png,data/corrupted/100k_blur_15x15_s5/heldout/H000987.png,392
173413,2676,H000988,data/splits/100k/images/heldout/H000988.png,data/corrupted/100k_blur_15x15_s5/heldout/H000988.png,2676
173341,2676,H000989,data/splits/100k/images/heldout/H000989.png,data/corrupted/100k_blur_15x15_s5/heldout/H000989.png,2676
173355,2676,H000990,data/splits/100k/images/heldout/H000990.png,data/corrupted/100k_blur_15x15_s5/heldout/H000990.png,2676
173347,2676,H000991,data/splits/100k/images/heldout/H000991.png,data/corrupted/100k_blur_15x15_s5/heldout/H000991.png,2676
274267,4862,H000992,data/splits/100k/images/heldout/H000992.png,data/corrupted/100k_blur_15x15_s5/heldout/H000992.png,4862
274315,4862,H000993,data/splits/100k/images/heldout/H000993.png,data/corrupted/100k_blur_15x15_s5/heldout/H000993.png,4862
274199,4862,H000994,data/splits/100k/images/heldout/H000994.png,data/corrupted/100k_blur_15x15_s5/heldout/H000994.png,4862
274181,4862,H000995,data/splits/100k/images/heldout/H000995.png,data/corrupted/100k_blur_15x15_s5/heldout/H000995.png,4862
340889,6325,H000996,data/splits/100k/images/heldout/H000996.png,data/corrupted/100k_blur_15x15_s5/heldout/H000996.png,6325
340870,6325,H000997,data/splits/100k/images/heldout/H000997.png,data/corrupted/100k_blur_15x15_s5/heldout/H000997.png,6325
340923,6325,H000998,data/splits/100k/images/heldout/H000998.png,data/corrupted/100k_blur_15x15_s5/heldout/H000998.png,6325
340962,6325,H000999,data/splits/100k/images/heldout/H000999.png,data/corrupted/100k_blur_15x15_s5/heldout/H000999.png,6325
346424,6425,H001000,data/splits/100k/images/heldout/H001000.png,data/corrupted/100k_blur_15x15_s5/heldout/H001000.png,6425
346342,6425,H001001,data/splits/100k/images/heldout/H001001.png,data/corrupted/100k_blur_15x15_s5/heldout/H001001.png,6425
346340,6425,H001002,data/splits/100k/images/heldout/H001002.png,data/corrupted/100k_blur_15x15_s5/heldout/H001002.png,6425
346383,6425,H001003,data/splits/100k/images/heldout/H001003.png,data/corrupted/100k_blur_15x15_s5/heldout/H001003.png,6425
25871,209,H001004,data/splits/100k/images/heldout/H001004.png,data/corrupted/100k_blur_15x15_s5/heldout/H001004.png,209
26058,209,H001005,data/splits/100k/images/heldout/H001005.png,data/corrupted/100k_blur_15x15_s5/heldout/H001005.png,209
25936,209,H001006,data/splits/100k/images/heldout/H001006.png,data/corrupted/100k_blur_15x15_s5/heldout/H001006.png,209
25903,209,H001007,data/splits/100k/images/heldout/H001007.png,data/corrupted/100k_blur_15x15_s5/heldout/H001007.png,209
74100,881,H001008,data/splits/100k/images/heldout/H001008.png,data/corrupted/100k_blur_15x15_s5/heldout/H001008.png,881
74198,881,H001009,data/splits/100k/images/heldout/H001009.png,data/corrupted/100k_blur_15x15_s5/heldout/H001009.png,881
74159,881,H001010,data/splits/100k/images/heldout/H001010.png,data/corrupted/100k_blur_15x15_s5/heldout/H001010.png,881
74055,881,H001011,data/splits/100k/images/heldout/H001011.png,data/corrupted/100k_blur_15x15_s5/heldout/H001011.png,881
4158,24,H001012,data/splits/100k/images/heldout/H001012.png,data/corrupted/100k_blur_15x15_s5/heldout/H001012.png,24
4192,24,H001013,data/splits/100k/images/heldout/H001013.png,data/corrupted/100k_blur_15x15_s5/heldout/H001013.png,24
4128,24,H001014,data/splits/100k/images/heldout/H001014.png,data/corrupted/100k_blur_15x15_s5/heldout/H001014.png,24
4178,24,H001015,data/splits/100k/images/heldout/H001015.png,data/corrupted/100k_blur_15x15_s5/heldout/H001015.png,24
20995,170,H001016,data/splits/100k/images/heldout/H001016.png,data/corrupted/100k_blur_15x15_s5/heldout/H001016.png,170
21090,170,H001017,data/splits/100k/images/heldout/H001017.png,data/corrupted/100k_blur_15x15_s5/heldout/H001017.png,170
20946,170,H001018,data/splits/100k/images/heldout/H001018.png,data/corrupted/100k_blur_15x15_s5/heldout/H001018.png,170
21019,170,H001019,data/splits/100k/images/heldout/H001019.png,data/corrupted/100k_blur_15x15_s5/heldout/H001019.png,170
26671,217,H001020,data/splits/100k/images/heldout/H001020.png,data/corrupted/100k_blur_15x15_s5/heldout/H001020.png,217
26563,217,H001021,data/splits/100k/images/heldout/H001021.png,data/corrupted/100k_blur_15x15_s5/heldout/H001021.png,217
26571,217,H001022,data/splits/100k/images/heldout/H001022.png,data/corrupted/100k_blur_15x15_s5/heldout/H001022.png,217
26535,217,H001023,data/splits/100k/images/heldout/H001023.png,data/corrupted/100k_blur_15x15_s5/heldout/H001023.png,217
89297,1084,H001024,data/splits/100k/images/heldout/H001024.png,data/corrupted/100k_blur_15x15_s5/heldout/H001024.png,1084
89153,1084,H001025,data/splits/100k/images/heldout/H001025.png,data/corrupted/100k_blur_15x15_s5/heldout/H001025.png,1084
89099,1084,H001026,data/splits/100k/images/heldout/H001026.png,data/corrupted/100k_blur_15x15_s5/heldout/H001026.png,1084
89274,1084,H001027,data/splits/100k/images/heldout/H001027.png,data/corrupted/100k_blur_15x15_s5/heldout/H001027.png,1084
322110,5926,H001028,data/splits/100k/images/heldout/H001028.png,data/corrupted/100k_blur_15x15_s5/heldout/H001028.png,5926
322202,5926,H001029,data/splits/100k/images/heldout/H001029.png,data/corrupted/100k_blur_15x15_s5/heldout/H001029.png,5926
322087,5926,H001030,data/splits/100k/images/heldout/H001030.png,data/corrupted/100k_blur_15x15_s5/heldout/H001030.png,5926
322088,5926,H001031,data/splits/100k/images/heldout/H001031.png,data/corrupted/100k_blur_15x15_s5/heldout/H001031.png,5926
383860,7359,H001032,data/splits/100k/images/heldout/H001032.png,data/corrupted/100k_blur_15x15_s5/heldout/H001032.png,7359
383899,7359,H001033,data/splits/100k/images/heldout/H001033.png,data/corrupted/100k_blur_15x15_s5/heldout/H001033.png,7359
383848,7359,H001034,data/splits/100k/images/heldout/H001034.png,data/corrupted/100k_blur_15x15_s5/heldout/H001034.png,7359
383930,7359,H001035,data/splits/100k/images/heldout/H001035.png,data/corrupted/100k_blur_15x15_s5/heldout/H001035.png,7359
128804,1784,H001036,data/splits/100k/images/heldout/H001036.png,data/corrupted/100k_blur_15x15_s5/heldout/H001036.png,1784
128789,1784,H001037,data/splits/100k/images/heldout/H001037.png,data/corrupted/100k_blur_15x15_s5/heldout/H001037.png,1784
128730,1784,H001038,data/splits/100k/images/heldout/H001038.png,data/corrupted/100k_blur_15x15_s5/heldout/H001038.png,1784
128811,1784,H001039,data/splits/100k/images/heldout/H001039.png,data/corrupted/100k_blur_15x15_s5/heldout/H001039.png,1784
307357,5582,H001040,data/splits/100k/images/heldout/H001040.png,data/corrupted/100k_blur_15x15_s5/heldout/H001040.png,5582
307375,5582,H001041,data/splits/100k/images/heldout/H001041.png,data/corrupted/100k_blur_15x15_s5/heldout/H001041.png,5582
307315,5582,H001042,data/splits/100k/images/heldout/H001042.png,data/corrupted/100k_blur_15x15_s5/heldout/H001042.png,5582
307384,5582,H001043,data/splits/100k/images/heldout/H001043.png,data/corrupted/100k_blur_15x15_s5/heldout/H001043.png,5582
104032,1264,H001044,data/splits/100k/images/heldout/H001044.png,data/corrupted/100k_blur_15x15_s5/heldout/H001044.png,1264
103895,1264,H001045,data/splits/100k/images/heldout/H001045.png,data/corrupted/100k_blur_15x15_s5/heldout/H001045.png,1264
104012,1264,H001046,data/splits/100k/images/heldout/H001046.png,data/corrupted/100k_blur_15x15_s5/heldout/H001046.png,1264
104059,1264,H001047,data/splits/100k/images/heldout/H001047.png,data/corrupted/100k_blur_15x15_s5/heldout/H001047.png,1264
277818,4955,H001048,data/splits/100k/images/heldout/H001048.png,data/corrupted/100k_blur_15x15_s5/heldout/H001048.png,4955
277765,4955,H001049,data/splits/100k/images/heldout/H001049.png,data/corrupted/100k_blur_15x15_s5/heldout/H001049.png,4955
277882,4955,H001050,data/splits/100k/images/heldout/H001050.png,data/corrupted/100k_blur_15x15_s5/heldout/H001050.png,4955
277795,4955,H001051,data/splits/100k/images/heldout/H001051.png,data/corrupted/100k_blur_15x15_s5/heldout/H001051.png,4955
115351,1501,H001052,data/splits/100k/images/heldout/H001052.png,data/corrupted/100k_blur_15x15_s5/heldout/H001052.png,1501
115513,1501,H001053,data/splits/100k/images/heldout/H001053.png,data/corrupted/100k_blur_15x15_s5/heldout/H001053.png,1501
115318,1501,H001054,data/splits/100k/images/heldout/H001054.png,data/corrupted/100k_blur_15x15_s5/heldout/H001054.png,1501
115373,1501,H001055,data/splits/100k/images/heldout/H001055.png,data/corrupted/100k_blur_15x15_s5/heldout/H001055.png,1501
194253,3118,H001056,data/splits/100k/images/heldout/H001056.png,data/corrupted/100k_blur_15x15_s5/heldout/H001056.png,3118
194146,3118,H001057,data/splits/100k/images/heldout/H001057.png,data/corrupted/100k_blur_15x15_s5/heldout/H001057.png,3118
194296,3118,H001058,data/splits/100k/images/heldout/H001058.png,data/corrupted/100k_blur_15x15_s5/heldout/H001058.png,3118
194217,3118,H001059,data/splits/100k/images/heldout/H001059.png,data/corrupted/100k_blur_15x15_s5/heldout/H001059.png,3118
211746,3503,H001060,data/splits/100k/images/heldout/H001060.png,data/corrupted/100k_blur_15x15_s5/heldout/H001060.png,3503
211815,3503,H001061,data/splits/100k/images/heldout/H001061.png,data/corrupted/100k_blur_15x15_s5/heldout/H001061.png,3503
211748,3503,H001062,data/splits/100k/images/heldout/H001062.png,data/corrupted/100k_blur_15x15_s5/heldout/H001062.png,3503
211863,3503,H001063,data/splits/100k/images/heldout/H001063.png,data/corrupted/100k_blur_15x15_s5/heldout/H001063.png,3503
356386,6682,H001064,data/splits/100k/images/heldout/H001064.png,data/corrupted/100k_blur_15x15_s5/heldout/H001064.png,6682
356566,6682,H001065,data/splits/100k/images/heldout/H001065.png,data/corrupted/100k_blur_15x15_s5/heldout/H001065.png,6682
356484,6682,H001066,data/splits/100k/images/heldout/H001066.png,data/corrupted/100k_blur_15x15_s5/heldout/H001066.png,6682
356383,6682,H001067,data/splits/100k/images/heldout/H001067.png,data/corrupted/100k_blur_15x15_s5/heldout/H001067.png,6682
24474,198,H001068,data/splits/100k/images/heldout/H001068.png,data/corrupted/100k_blur_15x15_s5/heldout/H001068.png,198
24425,198,H001069,data/splits/100k/images/heldout/H001069.png,data/corrupted/100k_blur_15x15_s5/heldout/H001069.png,198
24459,198,H001070,data/splits/100k/images/heldout/H001070.png,data/corrupted/100k_blur_15x15_s5/heldout/H001070.png,198
24456,198,H001071,data/splits/100k/images/heldout/H001071.png,data/corrupted/100k_blur_15x15_s5/heldout/H001071.png,198
99993,1222,H001072,data/splits/100k/images/heldout/H001072.png,data/corrupted/100k_blur_15x15_s5/heldout/H001072.png,1222
100017,1222,H001073,data/splits/100k/images/heldout/H001073.png,data/corrupted/100k_blur_15x15_s5/heldout/H001073.png,1222
99996,1222,H001074,data/splits/100k/images/heldout/H001074.png,data/corrupted/100k_blur_15x15_s5/heldout/H001074.png,1222
100048,1222,H001075,data/splits/100k/images/heldout/H001075.png,data/corrupted/100k_blur_15x15_s5/heldout/H001075.png,1222
180930,2829,H001076,data/splits/100k/images/heldout/H001076.png,data/corrupted/100k_blur_15x15_s5/heldout/H001076.png,2829
180854,2829,H001077,data/splits/100k/images/heldout/H001077.png,data/corrupted/100k_blur_15x15_s5/heldout/H001077.png,2829
181009,2829,H001078,data/splits/100k/images/heldout/H001078.png,data/corrupted/100k_blur_15x15_s5/heldout/H001078.png,2829
180897,2829,H001079,data/splits/100k/images/heldout/H001079.png,data/corrupted/100k_blur_15x15_s5/heldout/H001079.png,2829
135156,1918,H001080,data/splits/100k/images/heldout/H001080.png,data/corrupted/100k_blur_15x15_s5/heldout/H001080.png,1918
135193,1918,H001081,data/splits/100k/images/heldout/H001081.png,data/corrupted/100k_blur_15x15_s5/heldout/H001081.png,1918
135135,1918,H001082,data/splits/100k/images/heldout/H001082.png,data/corrupted/100k_blur_15x15_s5/heldout/H001082.png,1918
135119,1918,H001083,data/splits/100k/images/heldout/H001083.png,data/corrupted/100k_blur_15x15_s5/heldout/H001083.png,1918
381458,7300,H001084,data/splits/100k/images/heldout/H001084.png,data/corrupted/100k_blur_15x15_s5/heldout/H001084.png,7300
381459,7300,H001085,data/splits/100k/images/heldout/H001085.png,data/corrupted/100k_blur_15x15_s5/heldout/H001085.png,7300
381532,7300,H001086,data/splits/100k/images/heldout/H001086.png,data/corrupted/100k_blur_15x15_s5/heldout/H001086.png,7300
381518,7300,H001087,data/splits/100k/images/heldout/H001087.png,data/corrupted/100k_blur_15x15_s5/heldout/H001087.png,7300
431493,8700,H001088,data/splits/100k/images/heldout/H001088.png,data/corrupted/100k_blur_15x15_s5/heldout/H001088.png,8700
431595,8700,H001089,data/splits/100k/images/heldout/H001089.png,data/corrupted/100k_blur_15x15_s5/heldout/H001089.png,8700
431553,8700,H001090,data/splits/100k/images/heldout/H001090.png,data/corrupted/100k_blur_15x15_s5/heldout/H001090.png,8700
431573,8700,H001091,data/splits/100k/images/heldout/H001091.png,data/corrupted/100k_blur_15x15_s5/heldout/H001091.png,8700
228542,3884,H001092,data/splits/100k/images/heldout/H001092.png,data/corrupted/100k_blur_15x15_s5/heldout/H001092.png,3884
228578,3884,H001093,data/splits/100k/images/heldout/H001093.png,data/corrupted/100k_blur_15x15_s5/heldout/H001093.png,3884
228465,3884,H001094,data/splits/100k/images/heldout/H001094.png,data/corrupted/100k_blur_15x15_s5/heldout/H001094.png,3884
228489,3884,H001095,data/splits/100k/images/heldout/H001095.png,data/corrupted/100k_blur_15x15_s5/heldout/H001095.png,3884
206867,3407,H001096,data/splits/100k/images/heldout/H001096.png,data/corrupted/100k_blur_15x15_s5/heldout/H001096.png,3407
206979,3407,H001097,data/splits/100k/images/heldout/H001097.png,data/corrupted/100k_blur_15x15_s5/heldout/H001097.png,3407
206966,3407,H001098,data/splits/100k/images/heldout/H001098.png,data/corrupted/100k_blur_15x15_s5/heldout/H001098.png,3407
206851,3407,H001099,data/splits/100k/images/heldout/H001099.png,data/corrupted/100k_blur_15x15_s5/heldout/H001099.png,3407
432162,8712,H001100,data/splits/100k/images/heldout/H001100.png,data/corrupted/100k_blur_15x15_s5/heldout/H001100.png,8712
432178,8712,H001101,data/splits/100k/images/heldout/H001101.png,data/corrupted/100k_blur_15x15_s5/heldout/H001101.png,8712
432095,8712,H001102,data/splits/100k/images/heldout/H001102.png,data/corrupted/100k_blur_15x15_s5/heldout/H001102.png,8712
432121,8712,H001103,data/splits/100k/images/heldout/H001103.png,data/corrupted/100k_blur_15x15_s5/heldout/H001103.png,8712
342366,6349,H001104,data/splits/100k/images/heldout/H001104.png,data/corrupted/100k_blur_15x15_s5/heldout/H001104.png,6349
342516,6349,H001105,data/splits/100k/images/heldout/H001105.png,data/corrupted/100k_blur_15x15_s5/heldout/H001105.png,6349
342493,6349,H001106,data/splits/100k/images/heldout/H001106.png,data/corrupted/100k_blur_15x15_s5/heldout/H001106.png,6349
342453,6349,H001107,data/splits/100k/images/heldout/H001107.png,data/corrupted/100k_blur_15x15_s5/heldout/H001107.png,6349
30453,254,H001108,data/splits/100k/images/heldout/H001108.png,data/corrupted/100k_blur_15x15_s5/heldout/H001108.png,254
30594,254,H001109,data/splits/100k/images/heldout/H001109.png,data/corrupted/100k_blur_15x15_s5/heldout/H001109.png,254
30588,254,H001110,data/splits/100k/images/heldout/H001110.png,data/corrupted/100k_blur_15x15_s5/heldout/H001110.png,254
30527,254,H001111,data/splits/100k/images/heldout/H001111.png,data/corrupted/100k_blur_15x15_s5/heldout/H001111.png,254
53411,562,H001112,data/splits/100k/images/heldout/H001112.png,data/corrupted/100k_blur_15x15_s5/heldout/H001112.png,562
53477,562,H001113,data/splits/100k/images/heldout/H001113.png,data/corrupted/100k_blur_15x15_s5/heldout/H001113.png,562
53407,562,H001114,data/splits/100k/images/heldout/H001114.png,data/corrupted/100k_blur_15x15_s5/heldout/H001114.png,562
53383,562,H001115,data/splits/100k/images/heldout/H001115.png,data/corrupted/100k_blur_15x15_s5/heldout/H001115.png,562
183057,2875,H001116,data/splits/100k/images/heldout/H001116.png,data/corrupted/100k_blur_15x15_s5/heldout/H001116.png,2875
183132,2875,H001117,data/splits/100k/images/heldout/H001117.png,data/corrupted/100k_blur_15x15_s5/heldout/H001117.png,2875
183022,2875,H001118,data/splits/100k/images/heldout/H001118.png,data/corrupted/100k_blur_15x15_s5/heldout/H001118.png,2875
183029,2875,H001119,data/splits/100k/images/heldout/H001119.png,data/corrupted/100k_blur_15x15_s5/heldout/H001119.png,2875
280973,5015,H001120,data/splits/100k/images/heldout/H001120.png,data/corrupted/100k_blur_15x15_s5/heldout/H001120.png,5015
281009,5015,H001121,data/splits/100k/images/heldout/H001121.png,data/corrupted/100k_blur_15x15_s5/heldout/H001121.png,5015
280948,5015,H001122,data/splits/100k/images/heldout/H001122.png,data/corrupted/100k_blur_15x15_s5/heldout/H001122.png,5015
281014,5015,H001123,data/splits/100k/images/heldout/H001123.png,data/corrupted/100k_blur_15x15_s5/heldout/H001123.png,5015
286207,5120,H001124,data/splits/100k/images/heldout/H001124.png,data/corrupted/100k_blur_15x15_s5/heldout/H001124.png,5120
286285,5120,H001125,data/splits/100k/images/heldout/H001125.png,data/corrupted/100k_blur_15x15_s5/heldout/H001125.png,5120
286186,5120,H001126,data/splits/100k/images/heldout/H001126.png,data/corrupted/100k_blur_15x15_s5/heldout/H001126.png,5120
286242,5120,H001127,data/splits/100k/images/heldout/H001127.png,data/corrupted/100k_blur_15x15_s5/heldout/H001127.png,5120
385763,7402,H001128,data/splits/100k/images/heldout/H001128.png,data/corrupted/100k_blur_15x15_s5/heldout/H001128.png,7402
385607,7402,H001129,data/splits/100k/images/heldout/H001129.png,data/corrupted/100k_blur_15x15_s5/heldout/H001129.png,7402
385689,7402,H001130,data/splits/100k/images/heldout/H001130.png,data/corrupted/100k_blur_15x15_s5/heldout/H001130.png,7402
385715,7402,H001131,data/splits/100k/images/heldout/H001131.png,data/corrupted/100k_blur_15x15_s5/heldout/H001131.png,7402
133174,1867,H001132,data/splits/100k/images/heldout/H001132.png,data/corrupted/100k_blur_15x15_s5/heldout/H001132.png,1867
133283,1867,H001133,data/splits/100k/images/heldout/H001133.png,data/corrupted/100k_blur_15x15_s5/heldout/H001133.png,1867
133207,1867,H001134,data/splits/100k/images/heldout/H001134.png,data/corrupted/100k_blur_15x15_s5/heldout/H001134.png,1867
133302,1867,H001135,data/splits/100k/images/heldout/H001135.png,data/corrupted/100k_blur_15x15_s5/heldout/H001135.png,1867
40200,385,H001136,data/splits/100k/images/heldout/H001136.png,data/corrupted/100k_blur_15x15_s5/heldout/H001136.png,385
40321,385,H001137,data/splits/100k/images/heldout/H001137.png,data/corrupted/100k_blur_15x15_s5/heldout/H001137.png,385
40382,385,H001138,data/splits/100k/images/heldout/H001138.png,data/corrupted/100k_blur_15x15_s5/heldout/H001138.png,385
40199,385,H001139,data/splits/100k/images/heldout/H001139.png,data/corrupted/100k_blur_15x15_s5/heldout/H001139.png,385
46670,473,H001140,data/splits/100k/images/heldout/H001140.png,data/corrupted/100k_blur_15x15_s5/heldout/H001140.png,473
46748,473,H001141,data/splits/100k/images/heldout/H001141.png,data/corrupted/100k_blur_15x15_s5/heldout/H001141.png,473
46694,473,H001142,data/splits/100k/images/heldout/H001142.png,data/corrupted/100k_blur_15x15_s5/heldout/H001142.png,473
46710,473,H001143,data/splits/100k/images/heldout/H001143.png,data/corrupted/100k_blur_15x15_s5/heldout/H001143.png,473
58652,638,H001144,data/splits/100k/images/heldout/H001144.png,data/corrupted/100k_blur_15x15_s5/heldout/H001144.png,638
58620,638,H001145,data/splits/100k/images/heldout/H001145.png,data/corrupted/100k_blur_15x15_s5/heldout/H001145.png,638
58601,638,H001146,data/splits/100k/images/heldout/H001146.png,data/corrupted/100k_blur_15x15_s5/heldout/H001146.png,638
58645,638,H001147,data/splits/100k/images/heldout/H001147.png,data/corrupted/100k_blur_15x15_s5/heldout/H001147.png,638
371253,7030,H001148,data/splits/100k/images/heldout/H001148.png,data/corrupted/100k_blur_15x15_s5/heldout/H001148.png,7030
371266,7030,H001149,data/splits/100k/images/heldout/H001149.png,data/corrupted/100k_blur_15x15_s5/heldout/H001149.png,7030
371161,7030,H001150,data/splits/100k/images/heldout/H001150.png,data/corrupted/100k_blur_15x15_s5/heldout/H001150.png,7030
371216,7030,H001151,data/splits/100k/images/heldout/H001151.png,data/corrupted/100k_blur_15x15_s5/heldout/H001151.png,7030
160403,2432,H001152,data/splits/100k/images/heldout/H001152.png,data/corrupted/100k_blur_15x15_s5/heldout/H001152.png,2432
160257,2432,H001153,data/splits/100k/images/heldout/H001153.png,data/corrupted/100k_blur_15x15_s5/heldout/H001153.png,2432
160345,2432,H001154,data/splits/100k/images/heldout/H001154.png,data/corrupted/100k_blur_15x15_s5/heldout/H001154.png,2432
160268,2432,H001155,data/splits/100k/images/heldout/H001155.png,data/corrupted/100k_blur_15x15_s5/heldout/H001155.png,2432
334129,6181,H001156,data/splits/100k/images/heldout/H001156.png,data/corrupted/100k_blur_15x15_s5/heldout/H001156.png,6181
334092,6181,H001157,data/splits/100k/images/heldout/H001157.png,data/corrupted/100k_blur_15x15_s5/heldout/H001157.png,6181
334114,6181,H001158,data/splits/100k/images/heldout/H001158.png,data/corrupted/100k_blur_15x15_s5/heldout/H001158.png,6181
334007,6181,H001159,data/splits/100k/images/heldout/H001159.png,data/corrupted/100k_blur_15x15_s5/heldout/H001159.png,6181
472955,9940,H001160,data/splits/100k/images/heldout/H001160.png,data/corrupted/100k_blur_15x15_s5/heldout/H001160.png,9940
472819,9940,H001161,data/splits/100k/images/heldout/H001161.png,data/corrupted/100k_blur_15x15_s5/heldout/H001161.png,9940
472897,9940,H001162,data/splits/100k/images/heldout/H001162.png,data/corrupted/100k_blur_15x15_s5/heldout/H001162.png,9940
472997,9940,H001163,data/splits/100k/images/heldout/H001163.png,data/corrupted/100k_blur_15x15_s5/heldout/H001163.png,9940
6396,36,H001164,data/splits/100k/images/heldout/H001164.png,data/corrupted/100k_blur_15x15_s5/heldout/H001164.png,36
6472,36,H001165,data/splits/100k/images/heldout/H001165.png,data/corrupted/100k_blur_15x15_s5/heldout/H001165.png,36
6466,36,H001166,data/splits/100k/images/heldout/H001166.png,data/corrupted/100k_blur_15x15_s5/heldout/H001166.png,36
6417,36,H001167,data/splits/100k/images/heldout/H001167.png,data/corrupted/100k_blur_15x15_s5/heldout/H001167.png,36
334622,6193,H001168,data/splits/100k/images/heldout/H001168.png,data/corrupted/100k_blur_15x15_s5/heldout/H001168.png,6193
334632,6193,H001169,data/splits/100k/images/heldout/H001169.png,data/corrupted/100k_blur_15x15_s5/heldout/H001169.png,6193
334629,6193,H001170,data/splits/100k/images/heldout/H001170.png,data/corrupted/100k_blur_15x15_s5/heldout/H001170.png,6193
334626,6193,H001171,data/splits/100k/images/heldout/H001171.png,data/corrupted/100k_blur_15x15_s5/heldout/H001171.png,6193
19825,157,H001172,data/splits/100k/images/heldout/H001172.png,data/corrupted/100k_blur_15x15_s5/heldout/H001172.png,157
19864,157,H001173,data/splits/100k/images/heldout/H001173.png,data/corrupted/100k_blur_15x15_s5/heldout/H001173.png,157
19801,157,H001174,data/splits/100k/images/heldout/H001174.png,data/corrupted/100k_blur_15x15_s5/heldout/H001174.png,157
19800,157,H001175,data/splits/100k/images/heldout/H001175.png,data/corrupted/100k_blur_15x15_s5/heldout/H001175.png,157
66692,774,H001176,data/splits/100k/images/heldout/H001176.png,data/corrupted/100k_blur_15x15_s5/heldout/H001176.png,774
66819,774,H001177,data/splits/100k/images/heldout/H001177.png,data/corrupted/100k_blur_15x15_s5/heldout/H001177.png,774
66717,774,H001178,data/splits/100k/images/heldout/H001178.png,data/corrupted/100k_blur_15x15_s5/heldout/H001178.png,774
66721,774,H001179,data/splits/100k/images/heldout/H001179.png,data/corrupted/100k_blur_15x15_s5/heldout/H001179.png,774
202856,3326,H001180,data/splits/100k/images/heldout/H001180.png,data/corrupted/100k_blur_15x15_s5/heldout/H001180.png,3326
202976,3326,H001181,data/splits/100k/images/heldout/H001181.png,data/corrupted/100k_blur_15x15_s5/heldout/H001181.png,3326
202876,3326,H001182,data/splits/100k/images/heldout/H001182.png,data/corrupted/100k_blur_15x15_s5/heldout/H001182.png,3326
202896,3326,H001183,data/splits/100k/images/heldout/H001183.png,data/corrupted/100k_blur_15x15_s5/heldout/H001183.png,3326
39535,378,H001184,data/splits/100k/images/heldout/H001184.png,data/corrupted/100k_blur_15x15_s5/heldout/H001184.png,378
39570,378,H001185,data/splits/100k/images/heldout/H001185.png,data/corrupted/100k_blur_15x15_s5/heldout/H001185.png,378
39655,378,H001186,data/splits/100k/images/heldout/H001186.png,data/corrupted/100k_blur_15x15_s5/heldout/H001186.png,378
39664,378,H001187,data/splits/100k/images/heldout/H001187.png,data/corrupted/100k_blur_15x15_s5/heldout/H001187.png,378
45378,458,H001188,data/splits/100k/images/heldout/H001188.png,data/corrupted/100k_blur_15x15_s5/heldout/H001188.png,458
45469,458,H001189,data/splits/100k/images/heldout/H001189.png,data/corrupted/100k_blur_15x15_s5/heldout/H001189.png,458
45416,458,H001190,data/splits/100k/images/heldout/H001190.png,data/corrupted/100k_blur_15x15_s5/heldout/H001190.png,458
45362,458,H001191,data/splits/100k/images/heldout/H001191.png,data/corrupted/100k_blur_15x15_s5/heldout/H001191.png,458
448709,9199,H001192,data/splits/100k/images/heldout/H001192.png,data/corrupted/100k_blur_15x15_s5/heldout/H001192.png,9199
448825,9199,H001193,data/splits/100k/images/heldout/H001193.png,data/corrupted/100k_blur_15x15_s5/heldout/H001193.png,9199
448896,9199,H001194,data/splits/100k/images/heldout/H001194.png,data/corrupted/100k_blur_15x15_s5/heldout/H001194.png,9199
448726,9199,H001195,data/splits/100k/images/heldout/H001195.png,data/corrupted/100k_blur_15x15_s5/heldout/H001195.png,9199
16849,128,H001196,data/splits/100k/images/heldout/H001196.png,data/corrupted/100k_blur_15x15_s5/heldout/H001196.png,128
16738,128,H001197,data/splits/100k/images/heldout/H001197.png,data/corrupted/100k_blur_15x15_s5/heldout/H001197.png,128
16850,128,H001198,data/splits/100k/images/heldout/H001198.png,data/corrupted/100k_blur_15x15_s5/heldout/H001198.png,128
16785,128,H001199,data/splits/100k/images/heldout/H001199.png,data/corrupted/100k_blur_15x15_s5/heldout/H001199.png,128
111157,1398,H001200,data/splits/100k/images/heldout/H001200.png,data/corrupted/100k_blur_15x15_s5/heldout/H001200.png,1398
111196,1398,H001201,data/splits/100k/images/heldout/H001201.png,data/corrupted/100k_blur_15x15_s5/heldout/H001201.png,1398
111072,1398,H001202,data/splits/100k/images/heldout/H001202.png,data/corrupted/100k_blur_15x15_s5/heldout/H001202.png,1398
111074,1398,H001203,data/splits/100k/images/heldout/H001203.png,data/corrupted/100k_blur_15x15_s5/heldout/H001203.png,1398
250859,4347,H001204,data/splits/100k/images/heldout/H001204.png,data/corrupted/100k_blur_15x15_s5/heldout/H001204.png,4347
250924,4347,H001205,data/splits/100k/images/heldout/H001205.png,data/corrupted/100k_blur_15x15_s5/heldout/H001205.png,4347
250954,4347,H001206,data/splits/100k/images/heldout/H001206.png,data/corrupted/100k_blur_15x15_s5/heldout/H001206.png,4347
251025,4347,H001207,data/splits/100k/images/heldout/H001207.png,data/corrupted/100k_blur_15x15_s5/heldout/H001207.png,4347
5775,33,H001208,data/splits/100k/images/heldout/H001208.png,data/corrupted/100k_blur_15x15_s5/heldout/H001208.png,33
5683,33,H001209,data/splits/100k/images/heldout/H001209.png,data/corrupted/100k_blur_15x15_s5/heldout/H001209.png,33
5816,33,H001210,data/splits/100k/images/heldout/H001210.png,data/corrupted/100k_blur_15x15_s5/heldout/H001210.png,33
5855,33,H001211,data/splits/100k/images/heldout/H001211.png,data/corrupted/100k_blur_15x15_s5/heldout/H001211.png,33
50464,524,H001212,data/splits/100k/images/heldout/H001212.png,data/corrupted/100k_blur_15x15_s5/heldout/H001212.png,524
50493,524,H001213,data/splits/100k/images/heldout/H001213.png,data/corrupted/100k_blur_15x15_s5/heldout/H001213.png,524
50466,524,H001214,data/splits/100k/images/heldout/H001214.png,data/corrupted/100k_blur_15x15_s5/heldout/H001214.png,524
50540,524,H001215,data/splits/100k/images/heldout/H001215.png,data/corrupted/100k_blur_15x15_s5/heldout/H001215.png,524
69354,821,H001216,data/splits/100k/images/heldout/H001216.png,data/corrupted/100k_blur_15x15_s5/heldout/H001216.png,821
69295,821,H001217,data/splits/100k/images/heldout/H001217.png,data/corrupted/100k_blur_15x15_s5/heldout/H001217.png,821
69378,821,H001218,data/splits/100k/images/heldout/H001218.png,data/corrupted/100k_blur_15x15_s5/heldout/H001218.png,821
69296,821,H001219,data/splits/100k/images/heldout/H001219.png,data/corrupted/100k_blur_15x15_s5/heldout/H001219.png,821
363538,6838,H001220,data/splits/100k/images/heldout/H001220.png,data/corrupted/100k_blur_15x15_s5/heldout/H001220.png,6838
363721,6838,H001221,data/splits/100k/images/heldout/H001221.png,data/corrupted/100k_blur_15x15_s5/heldout/H001221.png,6838
363594,6838,H001222,data/splits/100k/images/heldout/H001222.png,data/corrupted/100k_blur_15x15_s5/heldout/H001222.png,6838
363568,6838,H001223,data/splits/100k/images/heldout/H001223.png,data/corrupted/100k_blur_15x15_s5/heldout/H001223.png,6838
7303,38,H001224,data/splits/100k/images/heldout/H001224.png,data/corrupted/100k_blur_15x15_s5/heldout/H001224.png,38
7260,38,H001225,data/splits/100k/images/heldout/H001225.png,data/corrupted/100k_blur_15x15_s5/heldout/H001225.png,38
7272,38,H001226,data/splits/100k/images/heldout/H001226.png,data/corrupted/100k_blur_15x15_s5/heldout/H001226.png,38
7261,38,H001227,data/splits/100k/images/heldout/H001227.png,data/corrupted/100k_blur_15x15_s5/heldout/H001227.png,38
10258,58,H001228,data/splits/100k/images/heldout/H001228.png,data/corrupted/100k_blur_15x15_s5/heldout/H001228.png,58
10299,58,H001229,data/splits/100k/images/heldout/H001229.png,data/corrupted/100k_blur_15x15_s5/heldout/H001229.png,58
10308,58,H001230,data/splits/100k/images/heldout/H001230.png,data/corrupted/100k_blur_15x15_s5/heldout/H001230.png,58
10160,58,H001231,data/splits/100k/images/heldout/H001231.png,data/corrupted/100k_blur_15x15_s5/heldout/H001231.png,58
437774,8857,H001232,data/splits/100k/images/heldout/H001232.png,data/corrupted/100k_blur_15x15_s5/heldout/H001232.png,8857
437610,8857,H001233,data/splits/100k/images/heldout/H001233.png,data/corrupted/100k_blur_15x15_s5/heldout/H001233.png,8857
437711,8857,H001234,data/splits/100k/images/heldout/H001234.png,data/corrupted/100k_blur_15x15_s5/heldout/H001234.png,8857
437790,8857,H001235,data/splits/100k/images/heldout/H001235.png,data/corrupted/100k_blur_15x15_s5/heldout/H001235.png,8857
47238,477,H001236,data/splits/100k/images/heldout/H001236.png,data/corrupted/100k_blur_15x15_s5/heldout/H001236.png,477
47344,477,H001237,data/splits/100k/images/heldout/H001237.png,data/corrupted/100k_blur_15x15_s5/heldout/H001237.png,477
47417,477,H001238,data/splits/100k/images/heldout/H001238.png,data/corrupted/100k_blur_15x15_s5/heldout/H001238.png,477
47298,477,H001239,data/splits/100k/images/heldout/H001239.png,data/corrupted/100k_blur_15x15_s5/heldout/H001239.png,477
304613,5525,H001240,data/splits/100k/images/heldout/H001240.png,data/corrupted/100k_blur_15x15_s5/heldout/H001240.png,5525
304680,5525,H001241,data/splits/100k/images/heldout/H001241.png,data/corrupted/100k_blur_15x15_s5/heldout/H001241.png,5525
304776,5525,H001242,data/splits/100k/images/heldout/H001242.png,data/corrupted/100k_blur_15x15_s5/heldout/H001242.png,5525
304759,5525,H001243,data/splits/100k/images/heldout/H001243.png,data/corrupted/100k_blur_15x15_s5/heldout/H001243.png,5525
299355,5416,H001244,data/splits/100k/images/heldout/H001244.png,data/corrupted/100k_blur_15x15_s5/heldout/H001244.png,5416
299399,5416,H001245,data/splits/100k/images/heldout/H001245.png,data/corrupted/100k_blur_15x15_s5/heldout/H001245.png,5416
299344,5416,H001246,data/splits/100k/images/heldout/H001246.png,data/corrupted/100k_blur_15x15_s5/heldout/H001246.png,5416
299308,5416,H001247,data/splits/100k/images/heldout/H001247.png,data/corrupted/100k_blur_15x15_s5/heldout/H001247.png,5416
357887,6709,H001248,data/splits/100k/images/heldout/H001248.png,data/corrupted/100k_blur_15x15_s5/heldout/H001248.png,6709
357895,6709,H001249,data/splits/100k/images/heldout/H001249.png,data/corrupted/100k_blur_15x15_s5/heldout/H001249.png,6709
357943,6709,H001250,data/splits/100k/images/heldout/H001250.png,data/corrupted/100k_blur_15x15_s5/heldout/H001250.png,6709
357890,6709,H001251,data/splits/100k/images/heldout/H001251.png,data/corrupted/100k_blur_15x15_s5/heldout/H001251.png,6709
113197,1457,H001252,data/splits/100k/images/heldout/H001252.png,data/corrupted/100k_blur_15x15_s5/heldout/H001252.png,1457
113257,1457,H001253,data/splits/100k/images/heldout/H001253.png,data/corrupted/100k_blur_15x15_s5/heldout/H001253.png,1457
113250,1457,H001254,data/splits/100k/images/heldout/H001254.png,data/corrupted/100k_blur_15x15_s5/heldout/H001254.png,1457
113227,1457,H001255,data/splits/100k/images/heldout/H001255.png,data/corrupted/100k_blur_15x15_s5/heldout/H001255.png,1457
21680,174,H001256,data/splits/100k/images/heldout/H001256.png,data/corrupted/100k_blur_15x15_s5/heldout/H001256.png,174
21655,174,H001257,data/splits/100k/images/heldout/H001257.png,data/corrupted/100k_blur_15x15_s5/heldout/H001257.png,174
21534,174,H001258,data/splits/100k/images/heldout/H001258.png,data/corrupted/100k_blur_15x15_s5/heldout/H001258.png,174
21552,174,H001259,data/splits/100k/images/heldout/H001259.png,data/corrupted/100k_blur_15x15_s5/heldout/H001259.png,174
158922,2404,H001260,data/splits/100k/images/heldout/H001260.png,data/corrupted/100k_blur_15x15_s5/heldout/H001260.png,2404
159038,2404,H001261,data/splits/100k/images/heldout/H001261.png,data/corrupted/100k_blur_15x15_s5/heldout/H001261.png,2404
158903,2404,H001262,data/splits/100k/images/heldout/H001262.png,data/corrupted/100k_blur_15x15_s5/heldout/H001262.png,2404
159048,2404,H001263,data/splits/100k/images/heldout/H001263.png,data/corrupted/100k_blur_15x15_s5/heldout/H001263.png,2404
161832,2446,H001264,data/splits/100k/images/heldout/H001264.png,data/corrupted/100k_blur_15x15_s5/heldout/H001264.png,2446
161812,2446,H001265,data/splits/100k/images/heldout/H001265.png,data/corrupted/100k_blur_15x15_s5/heldout/H001265.png,2446
161678,2446,H001266,data/splits/100k/images/heldout/H001266.png,data/corrupted/100k_blur_15x15_s5/heldout/H001266.png,2446
161682,2446,H001267,data/splits/100k/images/heldout/H001267.png,data/corrupted/100k_blur_15x15_s5/heldout/H001267.png,2446
212736,3520,H001268,data/splits/100k/images/heldout/H001268.png,data/corrupted/100k_blur_15x15_s5/heldout/H001268.png,3520
212720,3520,H001269,data/splits/100k/images/heldout/H001269.png,data/corrupted/100k_blur_15x15_s5/heldout/H001269.png,3520
212671,3520,H001270,data/splits/100k/images/heldout/H001270.png,data/corrupted/100k_blur_15x15_s5/heldout/H001270.png,3520
212636,3520,H001271,data/splits/100k/images/heldout/H001271.png,data/corrupted/100k_blur_15x15_s5/heldout/H001271.png,3520
436139,8819,H001272,data/splits/100k/images/heldout/H001272.png,data/corrupted/100k_blur_15x15_s5/heldout/H001272.png,8819
436093,8819,H001273,data/splits/100k/images/heldout/H001273.png,data/corrupted/100k_blur_15x15_s5/heldout/H001273.png,8819
436172,8819,H001274,data/splits/100k/images/heldout/H001274.png,data/corrupted/100k_blur_15x15_s5/heldout/H001274.png,8819
436118,8819,H001275,data/splits/100k/images/heldout/H001275.png,data/corrupted/100k_blur_15x15_s5/heldout/H001275.png,8819
29565,245,H001276,data/splits/100k/images/heldout/H001276.png,data/corrupted/100k_blur_15x15_s5/heldout/H001276.png,245
29692,245,H001277,data/splits/100k/images/heldout/H001277.png,data/corrupted/100k_blur_15x15_s5/heldout/H001277.png,245
29708,245,H001278,data/splits/100k/images/heldout/H001278.png,data/corrupted/100k_blur_15x15_s5/heldout/H001278.png,245
29724,245,H001279,data/splits/100k/images/heldout/H001279.png,data/corrupted/100k_blur_15x15_s5/heldout/H001279.png,245
97993,1194,H001280,data/splits/100k/images/heldout/H001280.png,data/corrupted/100k_blur_15x15_s5/heldout/H001280.png,1194
97972,1194,H001281,data/splits/100k/images/heldout/H001281.png,data/corrupted/100k_blur_15x15_s5/heldout/H001281.png,1194
98026,1194,H001282,data/splits/100k/images/heldout/H001282.png,data/corrupted/100k_blur_15x15_s5/heldout/H001282.png,1194
97963,1194,H001283,data/splits/100k/images/heldout/H001283.png,data/corrupted/100k_blur_15x15_s5/heldout/H001283.png,1194
99541,1215,H001284,data/splits/100k/images/heldout/H001284.png,data/corrupted/100k_blur_15x15_s5/heldout/H001284.png,1215
99617,1215,H001285,data/splits/100k/images/heldout/H001285.png,data/corrupted/100k_blur_15x15_s5/heldout/H001285.png,1215
99588,1215,H001286,data/splits/100k/images/heldout/H001286.png,data/corrupted/100k_blur_15x15_s5/heldout/H001286.png,1215
99593,1215,H001287,data/splits/100k/images/heldout/H001287.png,data/corrupted/100k_blur_15x15_s5/heldout/H001287.png,1215
215302,3591,H001288,data/splits/100k/images/heldout/H001288.png,data/corrupted/100k_blur_15x15_s5/heldout/H001288.png,3591
215223,3591,H001289,data/splits/100k/images/heldout/H001289.png,data/corrupted/100k_blur_15x15_s5/heldout/H001289.png,3591
215358,3591,H001290,data/splits/100k/images/heldout/H001290.png,data/corrupted/100k_blur_15x15_s5/heldout/H001290.png,3591
215224,3591,H001291,data/splits/100k/images/heldout/H001291.png,data/corrupted/100k_blur_15x15_s5/heldout/H001291.png,3591
230180,3927,H001292,data/splits/100k/images/heldout/H001292.png,data/corrupted/100k_blur_15x15_s5/heldout/H001292.png,3927
230206,3927,H001293,data/splits/100k/images/heldout/H001293.png,data/corrupted/100k_blur_15x15_s5/heldout/H001293.png,3927
230211,3927,H001294,data/splits/100k/images/heldout/H001294.png,data/corrupted/100k_blur_15x15_s5/heldout/H001294.png,3927
230279,3927,H001295,data/splits/100k/images/heldout/H001295.png,data/corrupted/100k_blur_15x15_s5/heldout/H001295.png,3927
295340,5320,H001296,data/splits/100k/images/heldout/H001296.png,data/corrupted/100k_blur_15x15_s5/heldout/H001296.png,5320
295386,5320,H001297,data/splits/100k/images/heldout/H001297.png,data/corrupted/100k_blur_15x15_s5/heldout/H001297.png,5320
295318,5320,H001298,data/splits/100k/images/heldout/H001298.png,data/corrupted/100k_blur_15x15_s5/heldout/H001298.png,5320
295374,5320,H001299,data/splits/100k/images/heldout/H001299.png,data/corrupted/100k_blur_15x15_s5/heldout/H001299.png,5320
20329,165,H001300,data/splits/100k/images/heldout/H001300.png,data/corrupted/100k_blur_15x15_s5/heldout/H001300.png,165
20405,165,H001301,data/splits/100k/images/heldout/H001301.png,data/corrupted/100k_blur_15x15_s5/heldout/H001301.png,165
20420,165,H001302,data/splits/100k/images/heldout/H001302.png,data/corrupted/100k_blur_15x15_s5/heldout/H001302.png,165
20354,165,H001303,data/splits/100k/images/heldout/H001303.png,data/corrupted/100k_blur_15x15_s5/heldout/H001303.png,165
72507,868,H001304,data/splits/100k/images/heldout/H001304.png,data/corrupted/100k_blur_15x15_s5/heldout/H001304.png,868
72503,868,H001305,data/splits/100k/images/heldout/H001305.png,data/corrupted/100k_blur_15x15_s5/heldout/H001305.png,868
72483,868,H001306,data/splits/100k/images/heldout/H001306.png,data/corrupted/100k_blur_15x15_s5/heldout/H001306.png,868
72551,868,H001307,data/splits/100k/images/heldout/H001307.png,data/corrupted/100k_blur_15x15_s5/heldout/H001307.png,868
351837,6565,H001308,data/splits/100k/images/heldout/H001308.png,data/corrupted/100k_blur_15x15_s5/heldout/H001308.png,6565
351729,6565,H001309,data/splits/100k/images/heldout/H001309.png,data/corrupted/100k_blur_15x15_s5/heldout/H001309.png,6565
351727,6565,H001310,data/splits/100k/images/heldout/H001310.png,data/corrupted/100k_blur_15x15_s5/heldout/H001310.png,6565
351792,6565,H001311,data/splits/100k/images/heldout/H001311.png,data/corrupted/100k_blur_15x15_s5/heldout/H001311.png,6565
12731,84,H001312,data/splits/100k/images/heldout/H001312.png,data/corrupted/100k_blur_15x15_s5/heldout/H001312.png,84
12734,84,H001313,data/splits/100k/images/heldout/H001313.png,data/corrupted/100k_blur_15x15_s5/heldout/H001313.png,84
12685,84,H001314,data/splits/100k/images/heldout/H001314.png,data/corrupted/100k_blur_15x15_s5/heldout/H001314.png,84
12824,84,H001315,data/splits/100k/images/heldout/H001315.png,data/corrupted/100k_blur_15x15_s5/heldout/H001315.png,84
30305,251,H001316,data/splits/100k/images/heldout/H001316.png,data/corrupted/100k_blur_15x15_s5/heldout/H001316.png,251
30282,251,H001317,data/splits/100k/images/heldout/H001317.png,data/corrupted/100k_blur_15x15_s5/heldout/H001317.png,251
30132,251,H001318,data/splits/100k/images/heldout/H001318.png,data/corrupted/100k_blur_15x15_s5/heldout/H001318.png,251
30169,251,H001319,data/splits/100k/images/heldout/H001319.png,data/corrupted/100k_blur_15x15_s5/heldout/H001319.png,251
409784,8075,H001320,data/splits/100k/images/heldout/H001320.png,data/corrupted/100k_blur_15x15_s5/heldout/H001320.png,8075
409623,8075,H001321,data/splits/100k/images/heldout/H001321.png,data/corrupted/100k_blur_15x15_s5/heldout/H001321.png,8075
409808,8075,H001322,data/splits/100k/images/heldout/H001322.png,data/corrupted/100k_blur_15x15_s5/heldout/H001322.png,8075
409683,8075,H001323,data/splits/100k/images/heldout/H001323.png,data/corrupted/100k_blur_15x15_s5/heldout/H001323.png,8075
186576,2956,H001324,data/splits/100k/images/heldout/H001324.png,data/corrupted/100k_blur_15x15_s5/heldout/H001324.png,2956
186591,2956,H001325,data/splits/100k/images/heldout/H001325.png,data/corrupted/100k_blur_15x15_s5/heldout/H001325.png,2956
186560,2956,H001326,data/splits/100k/images/heldout/H001326.png,data/corrupted/100k_blur_15x15_s5/heldout/H001326.png,2956
186583,2956,H001327,data/splits/100k/images/heldout/H001327.png,data/corrupted/100k_blur_15x15_s5/heldout/H001327.png,2956
293087,5278,H001328,data/splits/100k/images/heldout/H001328.png,data/corrupted/100k_blur_15x15_s5/heldout/H001328.png,5278
293167,5278,H001329,data/splits/100k/images/heldout/H001329.png,data/corrupted/100k_blur_15x15_s5/heldout/H001329.png,5278
293095,5278,H001330,data/splits/100k/images/heldout/H001330.png,data/corrupted/100k_blur_15x15_s5/heldout/H001330.png,5278
293197,5278,H001331,data/splits/100k/images/heldout/H001331.png,data/corrupted/100k_blur_15x15_s5/heldout/H001331.png,5278
208356,3430,H001332,data/splits/100k/images/heldout/H001332.png,data/corrupted/100k_blur_15x15_s5/heldout/H001332.png,3430
208430,3430,H001333,data/splits/100k/images/heldout/H001333.png,data/corrupted/100k_blur_15x15_s5/heldout/H001333.png,3430
208404,3430,H001334,data/splits/100k/images/heldout/H001334.png,data/corrupted/100k_blur_15x15_s5/heldout/H001334.png,3430
208437,3430,H001335,data/splits/100k/images/heldout/H001335.png,data/corrupted/100k_blur_15x15_s5/heldout/H001335.png,3430
434514,8778,H001336,data/splits/100k/images/heldout/H001336.png,data/corrupted/100k_blur_15x15_s5/heldout/H001336.png,8778
434657,8778,H001337,data/splits/100k/images/heldout/H001337.png,data/corrupted/100k_blur_15x15_s5/heldout/H001337.png,8778
434506,8778,H001338,data/splits/100k/images/heldout/H001338.png,data/corrupted/100k_blur_15x15_s5/heldout/H001338.png,8778
434589,8778,H001339,data/splits/100k/images/heldout/H001339.png,data/corrupted/100k_blur_15x15_s5/heldout/H001339.png,8778
9460,51,H001340,data/splits/100k/images/heldout/H001340.png,data/corrupted/100k_blur_15x15_s5/heldout/H001340.png,51
9439,51,H001341,data/splits/100k/images/heldout/H001341.png,data/corrupted/100k_blur_15x15_s5/heldout/H001341.png,51
9581,51,H001342,data/splits/100k/images/heldout/H001342.png,data/corrupted/100k_blur_15x15_s5/heldout/H001342.png,51
9553,51,H001343,data/splits/100k/images/heldout/H001343.png,data/corrupted/100k_blur_15x15_s5/heldout/H001343.png,51
60594,659,H001344,data/splits/100k/images/heldout/H001344.png,data/corrupted/100k_blur_15x15_s5/heldout/H001344.png,659
60518,659,H001345,data/splits/100k/images/heldout/H001345.png,data/corrupted/100k_blur_15x15_s5/heldout/H001345.png,659
60441,659,H001346,data/splits/100k/images/heldout/H001346.png,data/corrupted/100k_blur_15x15_s5/heldout/H001346.png,659
60577,659,H001347,data/splits/100k/images/heldout/H001347.png,data/corrupted/100k_blur_15x15_s5/heldout/H001347.png,659
135678,1931,H001348,data/splits/100k/images/heldout/H001348.png,data/corrupted/100k_blur_15x15_s5/heldout/H001348.png,1931
135541,1931,H001349,data/splits/100k/images/heldout/H001349.png,data/corrupted/100k_blur_15x15_s5/heldout/H001349.png,1931
135536,1931,H001350,data/splits/100k/images/heldout/H001350.png,data/corrupted/100k_blur_15x15_s5/heldout/H001350.png,1931
135633,1931,H001351,data/splits/100k/images/heldout/H001351.png,data/corrupted/100k_blur_15x15_s5/heldout/H001351.png,1931
147012,2164,H001352,data/splits/100k/images/heldout/H001352.png,data/corrupted/100k_blur_15x15_s5/heldout/H001352.png,2164
146987,2164,H001353,data/splits/100k/images/heldout/H001353.png,data/corrupted/100k_blur_15x15_s5/heldout/H001353.png,2164
146989,2164,H001354,data/splits/100k/images/heldout/H001354.png,data/corrupted/100k_blur_15x15_s5/heldout/H001354.png,2164
146904,2164,H001355,data/splits/100k/images/heldout/H001355.png,data/corrupted/100k_blur_15x15_s5/heldout/H001355.png,2164
223545,3761,H001356,data/splits/100k/images/heldout/H001356.png,data/corrupted/100k_blur_15x15_s5/heldout/H001356.png,3761
223533,3761,H001357,data/splits/100k/images/heldout/H001357.png,data/corrupted/100k_blur_15x15_s5/heldout/H001357.png,3761
223623,3761,H001358,data/splits/100k/images/heldout/H001358.png,data/corrupted/100k_blur_15x15_s5/heldout/H001358.png,3761
223697,3761,H001359,data/splits/100k/images/heldout/H001359.png,data/corrupted/100k_blur_15x15_s5/heldout/H001359.png,3761
306126,5549,H001360,data/splits/100k/images/heldout/H001360.png,data/corrupted/100k_blur_15x15_s5/heldout/H001360.png,5549
306153,5549,H001361,data/splits/100k/images/heldout/H001361.png,data/corrupted/100k_blur_15x15_s5/heldout/H001361.png,5549
306078,5549,H001362,data/splits/100k/images/heldout/H001362.png,data/corrupted/100k_blur_15x15_s5/heldout/H001362.png,5549
306116,5549,H001363,data/splits/100k/images/heldout/H001363.png,data/corrupted/100k_blur_15x15_s5/heldout/H001363.png,5549
306708,5563,H001364,data/splits/100k/images/heldout/H001364.png,data/corrupted/100k_blur_15x15_s5/heldout/H001364.png,5563
306722,5563,H001365,data/splits/100k/images/heldout/H001365.png,data/corrupted/100k_blur_15x15_s5/heldout/H001365.png,5563
306665,5563,H001366,data/splits/100k/images/heldout/H001366.png,data/corrupted/100k_blur_15x15_s5/heldout/H001366.png,5563
306759,5563,H001367,data/splits/100k/images/heldout/H001367.png,data/corrupted/100k_blur_15x15_s5/heldout/H001367.png,5563
6272,35,H001368,data/splits/100k/images/heldout/H001368.png,data/corrupted/100k_blur_15x15_s5/heldout/H001368.png,35
6227,35,H001369,data/splits/100k/images/heldout/H001369.png,data/corrupted/100k_blur_15x15_s5/heldout/H001369.png,35
6316,35,H001370,data/splits/100k/images/heldout/H001370.png,data/corrupted/100k_blur_15x15_s5/heldout/H001370.png,35
6234,35,H001371,data/splits/100k/images/heldout/H001371.png,data/corrupted/100k_blur_15x15_s5/heldout/H001371.png,35
61217,673,H001372,data/splits/100k/images/heldout/H001372.png,data/corrupted/100k_blur_15x15_s5/heldout/H001372.png,673
61233,673,H001373,data/splits/100k/images/heldout/H001373.png,data/corrupted/100k_blur_15x15_s5/heldout/H001373.png,673
61338,673,H001374,data/splits/100k/images/heldout/H001374.png,data/corrupted/100k_blur_15x15_s5/heldout/H001374.png,673
61366,673,H001375,data/splits/100k/images/heldout/H001375.png,data/corrupted/100k_blur_15x15_s5/heldout/H001375.png,673
208738,3434,H001376,data/splits/100k/images/heldout/H001376.png,data/corrupted/100k_blur_15x15_s5/heldout/H001376.png,3434
208636,3434,H001377,data/splits/100k/images/heldout/H001377.png,data/corrupted/100k_blur_15x15_s5/heldout/H001377.png,3434
208765,3434,H001378,data/splits/100k/images/heldout/H001378.png,data/corrupted/100k_blur_15x15_s5/heldout/H001378.png,3434
208633,3434,H001379,data/splits/100k/images/heldout/H001379.png,data/corrupted/100k_blur_15x15_s5/heldout/H001379.png,3434
243554,4193,H001380,data/splits/100k/images/heldout/H001380.png,data/corrupted/100k_blur_15x15_s5/heldout/H001380.png,4193
243710,4193,H001381,data/splits/100k/images/heldout/H001381.png,data/corrupted/100k_blur_15x15_s5/heldout/H001381.png,4193
243551,4193,H001382,data/splits/100k/images/heldout/H001382.png,data/corrupted/100k_blur_15x15_s5/heldout/H001382.png,4193
243644,4193,H001383,data/splits/100k/images/heldout/H001383.png,data/corrupted/100k_blur_15x15_s5/heldout/H001383.png,4193
259634,4508,H001384,data/splits/100k/images/heldout/H001384.png,data/corrupted/100k_blur_15x15_s5/heldout/H001384.png,4508
259560,4508,H001385,data/splits/100k/images/heldout/H001385.png,data/corrupted/100k_blur_15x15_s5/heldout/H001385.png,4508
259525,4508,H001386,data/splits/100k/images/heldout/H001386.png,data/corrupted/100k_blur_15x15_s5/heldout/H001386.png,4508
259659,4508,H001387,data/splits/100k/images/heldout/H001387.png,data/corrupted/100k_blur_15x15_s5/heldout/H001387.png,4508
4774,26,H001388,data/splits/100k/images/heldout/H001388.png,data/corrupted/100k_blur_15x15_s5/heldout/H001388.png,26
4718,26,H001389,data/splits/100k/images/heldout/H001389.png,data/corrupted/100k_blur_15x15_s5/heldout/H001389.png,26
4710,26,H001390,data/splits/100k/images/heldout/H001390.png,data/corrupted/100k_blur_15x15_s5/heldout/H001390.png,26
4790,26,H001391,data/splits/100k/images/heldout/H001391.png,data/corrupted/100k_blur_15x15_s5/heldout/H001391.png,26
144367,2100,H001392,data/splits/100k/images/heldout/H001392.png,data/corrupted/100k_blur_15x15_s5/heldout/H001392.png,2100
144498,2100,H001393,data/splits/100k/images/heldout/H001393.png,data/corrupted/100k_blur_15x15_s5/heldout/H001393.png,2100
144512,2100,H001394,data/splits/100k/images/heldout/H001394.png,data/corrupted/100k_blur_15x15_s5/heldout/H001394.png,2100
144339,2100,H001395,data/splits/100k/images/heldout/H001395.png,data/corrupted/100k_blur_15x15_s5/heldout/H001395.png,2100
154842,2329,H001396,data/splits/100k/images/heldout/H001396.png,data/corrupted/100k_blur_15x15_s5/heldout/H001396.png,2329
154801,2329,H001397,data/splits/100k/images/heldout/H001397.png,data/corrupted/100k_blur_15x15_s5/heldout/H001397.png,2329
154841,2329,H001398,data/splits/100k/images/heldout/H001398.png,data/corrupted/100k_blur_15x15_s5/heldout/H001398.png,2329
154777,2329,H001399,data/splits/100k/images/heldout/H001399.png,data/corrupted/100k_blur_15x15_s5/heldout/H001399.png,2329
203911,3348,H001400,data/splits/100k/images/heldout/H001400.png,data/corrupted/100k_blur_15x15_s5/heldout/H001400.png,3348
203909,3348,H001401,data/splits/100k/images/heldout/H001401.png,data/corrupted/100k_blur_15x15_s5/heldout/H001401.png,3348
203824,3348,H001402,data/splits/100k/images/heldout/H001402.png,data/corrupted/100k_blur_15x15_s5/heldout/H001402.png,3348
203876,3348,H001403,data/splits/100k/images/heldout/H001403.png,data/corrupted/100k_blur_15x15_s5/heldout/H001403.png,3348
260618,4537,H001404,data/splits/100k/images/heldout/H001404.png,data/corrupted/100k_blur_15x15_s5/heldout/H001404.png,4537
260647,4537,H001405,data/splits/100k/images/heldout/H001405.png,data/corrupted/100k_blur_15x15_s5/heldout/H001405.png,4537
260700,4537,H001406,data/splits/100k/images/heldout/H001406.png,data/corrupted/100k_blur_15x15_s5/heldout/H001406.png,4537
260730,4537,H001407,data/splits/100k/images/heldout/H001407.png,data/corrupted/100k_blur_15x15_s5/heldout/H001407.png,4537
263961,4622,H001408,data/splits/100k/images/heldout/H001408.png,data/corrupted/100k_blur_15x15_s5/heldout/H001408.png,4622
263999,4622,H001409,data/splits/100k/images/heldout/H001409.png,data/corrupted/100k_blur_15x15_s5/heldout/H001409.png,4622
263902,4622,H001410,data/splits/100k/images/heldout/H001410.png,data/corrupted/100k_blur_15x15_s5/heldout/H001410.png,4622
264003,4622,H001411,data/splits/100k/images/heldout/H001411.png,data/corrupted/100k_blur_15x15_s5/heldout/H001411.png,4622
76624,923,H001412,data/splits/100k/images/heldout/H001412.png,data/corrupted/100k_blur_15x15_s5/heldout/H001412.png,923
76613,923,H001413,data/splits/100k/images/heldout/H001413.png,data/corrupted/100k_blur_15x15_s5/heldout/H001413.png,923
76499,923,H001414,data/splits/100k/images/heldout/H001414.png,data/corrupted/100k_blur_15x15_s5/heldout/H001414.png,923
76573,923,H001415,data/splits/100k/images/heldout/H001415.png,data/corrupted/100k_blur_15x15_s5/heldout/H001415.png,923
42785,412,H001416,data/splits/100k/images/heldout/H001416.png,data/corrupted/100k_blur_15x15_s5/heldout/H001416.png,412
42729,412,H001417,data/splits/100k/images/heldout/H001417.png,data/corrupted/100k_blur_15x15_s5/heldout/H001417.png,412
42803,412,H001418,data/splits/100k/images/heldout/H001418.png,data/corrupted/100k_blur_15x15_s5/heldout/H001418.png,412
42723,412,H001419,data/splits/100k/images/heldout/H001419.png,data/corrupted/100k_blur_15x15_s5/heldout/H001419.png,412
325130,5987,H001420,data/splits/100k/images/heldout/H001420.png,data/corrupted/100k_blur_15x15_s5/heldout/H001420.png,5987
325270,5987,H001421,data/splits/100k/images/heldout/H001421.png,data/corrupted/100k_blur_15x15_s5/heldout/H001421.png,5987
325168,5987,H001422,data/splits/100k/images/heldout/H001422.png,data/corrupted/100k_blur_15x15_s5/heldout/H001422.png,5987
325224,5987,H001423,data/splits/100k/images/heldout/H001423.png,data/corrupted/100k_blur_15x15_s5/heldout/H001423.png,5987
161540,2444,H001424,data/splits/100k/images/heldout/H001424.png,data/corrupted/100k_blur_15x15_s5/heldout/H001424.png,2444
161550,2444,H001425,data/splits/100k/images/heldout/H001425.png,data/corrupted/100k_blur_15x15_s5/heldout/H001425.png,2444
161548,2444,H001426,data/splits/100k/images/heldout/H001426.png,data/corrupted/100k_blur_15x15_s5/heldout/H001426.png,2444
161598,2444,H001427,data/splits/100k/images/heldout/H001427.png,data/corrupted/100k_blur_15x15_s5/heldout/H001427.png,2444
227624,3863,H001428,data/splits/100k/images/heldout/H001428.png,data/corrupted/100k_blur_15x15_s5/heldout/H001428.png,3863
227687,3863,H001429,data/splits/100k/images/heldout/H001429.png,data/corrupted/100k_blur_15x15_s5/heldout/H001429.png,3863
227524,3863,H001430,data/splits/100k/images/heldout/H001430.png,data/corrupted/100k_blur_15x15_s5/heldout/H001430.png,3863
227542,3863,H001431,data/splits/100k/images/heldout/H001431.png,data/corrupted/100k_blur_15x15_s5/heldout/H001431.png,3863
399684,7803,H001432,data/splits/100k/images/heldout/H001432.png,data/corrupted/100k_blur_15x15_s5/heldout/H001432.png,7803
399667,7803,H001433,data/splits/100k/images/heldout/H001433.png,data/corrupted/100k_blur_15x15_s5/heldout/H001433.png,7803
399748,7803,H001434,data/splits/100k/images/heldout/H001434.png,data/corrupted/100k_blur_15x15_s5/heldout/H001434.png,7803
399737,7803,H001435,data/splits/100k/images/heldout/H001435.png,data/corrupted/100k_blur_15x15_s5/heldout/H001435.png,7803
59617,654,H001436,data/splits/100k/images/heldout/H001436.png,data/corrupted/100k_blur_15x15_s5/heldout/H001436.png,654
59691,654,H001437,data/splits/100k/images/heldout/H001437.png,data/corrupted/100k_blur_15x15_s5/heldout/H001437.png,654
59611,654,H001438,data/splits/100k/images/heldout/H001438.png,data/corrupted/100k_blur_15x15_s5/heldout/H001438.png,654
59751,654,H001439,data/splits/100k/images/heldout/H001439.png,data/corrupted/100k_blur_15x15_s5/heldout/H001439.png,654
172313,2657,H001440,data/splits/100k/images/heldout/H001440.png,data/corrupted/100k_blur_15x15_s5/heldout/H001440.png,2657
172401,2657,H001441,data/splits/100k/images/heldout/H001441.png,data/corrupted/100k_blur_15x15_s5/heldout/H001441.png,2657
172362,2657,H001442,data/splits/100k/images/heldout/H001442.png,data/corrupted/100k_blur_15x15_s5/heldout/H001442.png,2657
172444,2657,H001443,data/splits/100k/images/heldout/H001443.png,data/corrupted/100k_blur_15x15_s5/heldout/H001443.png,2657
220833,3715,H001444,data/splits/100k/images/heldout/H001444.png,data/corrupted/100k_blur_15x15_s5/heldout/H001444.png,3715
220983,3715,H001445,data/splits/100k/images/heldout/H001445.png,data/corrupted/100k_blur_15x15_s5/heldout/H001445.png,3715
220827,3715,H001446,data/splits/100k/images/heldout/H001446.png,data/corrupted/100k_blur_15x15_s5/heldout/H001446.png,3715
220832,3715,H001447,data/splits/100k/images/heldout/H001447.png,data/corrupted/100k_blur_15x15_s5/heldout/H001447.png,3715
267501,4706,H001448,data/splits/100k/images/heldout/H001448.png,data/corrupted/100k_blur_15x15_s5/heldout/H001448.png,4706
267623,4706,H001449,data/splits/100k/images/heldout/H001449.png,data/corrupted/100k_blur_15x15_s5/heldout/H001449.png,4706
267606,4706,H001450,data/splits/100k/images/heldout/H001450.png,data/corrupted/100k_blur_15x15_s5/heldout/H001450.png,4706
267610,4706,H001451,data/splits/100k/images/heldout/H001451.png,data/corrupted/100k_blur_15x15_s5/heldout/H001451.png,4706
273413,4847,H001452,data/splits/100k/images/heldout/H001452.png,data/corrupted/100k_blur_15x15_s5/heldout/H001452.png,4847
273568,4847,H001453,data/splits/100k/images/heldout/H001453.png,data/corrupted/100k_blur_15x15_s5/heldout/H001453.png,4847
273445,4847,H001454,data/splits/100k/images/heldout/H001454.png,data/corrupted/100k_blur_15x15_s5/heldout/H001454.png,4847
273540,4847,H001455,data/splits/100k/images/heldout/H001455.png,data/corrupted/100k_blur_15x15_s5/heldout/H001455.png,4847
34214,295,H001456,data/splits/100k/images/heldout/H001456.png,data/corrupted/100k_blur_15x15_s5/heldout/H001456.png,295
34304,295,H001457,data/splits/100k/images/heldout/H001457.png,data/corrupted/100k_blur_15x15_s5/heldout/H001457.png,295
34274,295,H001458,data/splits/100k/images/heldout/H001458.png,data/corrupted/100k_blur_15x15_s5/heldout/H001458.png,295
34193,295,H001459,data/splits/100k/images/heldout/H001459.png,data/corrupted/100k_blur_15x15_s5/heldout/H001459.png,295
96120,1174,H001460,data/splits/100k/images/heldout/H001460.png,data/corrupted/100k_blur_15x15_s5/heldout/H001460.png,1174
96288,1174,H001461,data/splits/100k/images/heldout/H001461.png,data/corrupted/100k_blur_15x15_s5/heldout/H001461.png,1174
96235,1174,H001462,data/splits/100k/images/heldout/H001462.png,data/corrupted/100k_blur_15x15_s5/heldout/H001462.png,1174
96264,1174,H001463,data/splits/100k/images/heldout/H001463.png,data/corrupted/100k_blur_15x15_s5/heldout/H001463.png,1174
385065,7389,H001464,data/splits/100k/images/heldout/H001464.png,data/corrupted/100k_blur_15x15_s5/heldout/H001464.png,7389
385111,7389,H001465,data/splits/100k/images/heldout/H001465.png,data/corrupted/100k_blur_15x15_s5/heldout/H001465.png,7389
385187,7389,H001466,data/splits/100k/images/heldout/H001466.png,data/corrupted/100k_blur_15x15_s5/heldout/H001466.png,7389
385073,7389,H001467,data/splits/100k/images/heldout/H001467.png,data/corrupted/100k_blur_15x15_s5/heldout/H001467.png,7389
451186,9254,H001468,data/splits/100k/images/heldout/H001468.png,data/corrupted/100k_blur_15x15_s5/heldout/H001468.png,9254
451128,9254,H001469,data/splits/100k/images/heldout/H001469.png,data/corrupted/100k_blur_15x15_s5/heldout/H001469.png,9254
451185,9254,H001470,data/splits/100k/images/heldout/H001470.png,data/corrupted/100k_blur_15x15_s5/heldout/H001470.png,9254
451244,9254,H001471,data/splits/100k/images/heldout/H001471.png,data/corrupted/100k_blur_15x15_s5/heldout/H001471.png,9254
54894,585,H001472,data/splits/100k/images/heldout/H001472.png,data/corrupted/100k_blur_15x15_s5/heldout/H001472.png,585
54823,585,H001473,data/splits/100k/images/heldout/H001473.png,data/corrupted/100k_blur_15x15_s5/heldout/H001473.png,585
54752,585,H001474,data/splits/100k/images/heldout/H001474.png,data/corrupted/100k_blur_15x15_s5/heldout/H001474.png,585
54877,585,H001475,data/splits/100k/images/heldout/H001475.png,data/corrupted/100k_blur_15x15_s5/heldout/H001475.png,585
87555,1056,H001476,data/splits/100k/images/heldout/H001476.png,data/corrupted/100k_blur_15x15_s5/heldout/H001476.png,1056
87671,1056,H001477,data/splits/100k/images/heldout/H001477.png,data/corrupted/100k_blur_15x15_s5/heldout/H001477.png,1056
87528,1056,H001478,data/splits/100k/images/heldout/H001478.png,data/corrupted/100k_blur_15x15_s5/heldout/H001478.png,1056
87697,1056,H001479,data/splits/100k/images/heldout/H001479.png,data/corrupted/100k_blur_15x15_s5/heldout/H001479.png,1056
214897,3585,H001480,data/splits/100k/images/heldout/H001480.png,data/corrupted/100k_blur_15x15_s5/heldout/H001480.png,3585
214826,3585,H001481,data/splits/100k/images/heldout/H001481.png,data/corrupted/100k_blur_15x15_s5/heldout/H001481.png,3585
214810,3585,H001482,data/splits/100k/images/heldout/H001482.png,data/corrupted/100k_blur_15x15_s5/heldout/H001482.png,3585
214802,3585,H001483,data/splits/100k/images/heldout/H001483.png,data/corrupted/100k_blur_15x15_s5/heldout/H001483.png,3585
354589,6638,H001484,data/splits/100k/images/heldout/H001484.png,data/corrupted/100k_blur_15x15_s5/heldout/H001484.png,6638
354649,6638,H001485,data/splits/100k/images/heldout/H001485.png,data/corrupted/100k_blur_15x15_s5/heldout/H001485.png,6638
354609,6638,H001486,data/splits/100k/images/heldout/H001486.png,data/corrupted/100k_blur_15x15_s5/heldout/H001486.png,6638
354654,6638,H001487,data/splits/100k/images/heldout/H001487.png,data/corrupted/100k_blur_15x15_s5/heldout/H001487.png,6638
355049,6647,H001488,data/splits/100k/images/heldout/H001488.png,data/corrupted/100k_blur_15x15_s5/heldout/H001488.png,6647
355083,6647,H001489,data/splits/100k/images/heldout/H001489.png,data/corrupted/100k_blur_15x15_s5/heldout/H001489.png,6647
355042,6647,H001490,data/splits/100k/images/heldout/H001490.png,data/corrupted/100k_blur_15x15_s5/heldout/H001490.png,6647
354979,6647,H001491,data/splits/100k/images/heldout/H001491.png,data/corrupted/100k_blur_15x15_s5/heldout/H001491.png,6647
65521,749,H001492,data/splits/100k/images/heldout/H001492.png,data/corrupted/100k_blur_15x15_s5/heldout/H001492.png,749
65429,749,H001493,data/splits/100k/images/heldout/H001493.png,data/corrupted/100k_blur_15x15_s5/heldout/H001493.png,749
65394,749,H001494,data/splits/100k/images/heldout/H001494.png,data/corrupted/100k_blur_15x15_s5/heldout/H001494.png,749
65472,749,H001495,data/splits/100k/images/heldout/H001495.png,data/corrupted/100k_blur_15x15_s5/heldout/H001495.png,749
119178,1574,H001496,data/splits/100k/images/heldout/H001496.png,data/corrupted/100k_blur_15x15_s5/heldout/H001496.png,1574
119259,1574,H001497,data/splits/100k/images/heldout/H001497.png,data/corrupted/100k_blur_15x15_s5/heldout/H001497.png,1574
119299,1574,H001498,data/splits/100k/images/heldout/H001498.png,data/corrupted/100k_blur_15x15_s5/heldout/H001498.png,1574
119167,1574,H001499,data/splits/100k/images/heldout/H001499.png,data/corrupted/100k_blur_15x15_s5/heldout/H001499.png,1574
155044,2331,H001500,data/splits/100k/images/heldout/H001500.png,data/corrupted/100k_blur_15x15_s5/heldout/H001500.png,2331
155030,2331,H001501,data/splits/100k/images/heldout/H001501.png,data/corrupted/100k_blur_15x15_s5/heldout/H001501.png,2331
155019,2331,H001502,data/splits/100k/images/heldout/H001502.png,data/corrupted/100k_blur_15x15_s5/heldout/H001502.png,2331
154975,2331,H001503,data/splits/100k/images/heldout/H001503.png,data/corrupted/100k_blur_15x15_s5/heldout/H001503.png,2331
284652,5084,H001504,data/splits/100k/images/heldout/H001504.png,data/corrupted/100k_blur_15x15_s5/heldout/H001504.png,5084
284531,5084,H001505,data/splits/100k/images/heldout/H001505.png,data/corrupted/100k_blur_15x15_s5/heldout/H001505.png,5084
284537,5084,H001506,data/splits/100k/images/heldout/H001506.png,data/corrupted/100k_blur_15x15_s5/heldout/H001506.png,5084
284648,5084,H001507,data/splits/100k/images/heldout/H001507.png,data/corrupted/100k_blur_15x15_s5/heldout/H001507.png,5084
297248,5366,H001508,data/splits/100k/images/heldout/H001508.png,data/corrupted/100k_blur_15x15_s5/heldout/H001508.png,5366
297325,5366,H001509,data/splits/100k/images/heldout/H001509.png,data/corrupted/100k_blur_15x15_s5/heldout/H001509.png,5366
297372,5366,H001510,data/splits/100k/images/heldout/H001510.png,data/corrupted/100k_blur_15x15_s5/heldout/H001510.png,5366
297362,5366,H001511,data/splits/100k/images/heldout/H001511.png,data/corrupted/100k_blur_15x15_s5/heldout/H001511.png,5366
129771,1801,H001512,data/splits/100k/images/heldout/H001512.png,data/corrupted/100k_blur_15x15_s5/heldout/H001512.png,1801
129697,1801,H001513,data/splits/100k/images/heldout/H001513.png,data/corrupted/100k_blur_15x15_s5/heldout/H001513.png,1801
129792,1801,H001514,data/splits/100k/images/heldout/H001514.png,data/corrupted/100k_blur_15x15_s5/heldout/H001514.png,1801
129796,1801,H001515,data/splits/100k/images/heldout/H001515.png,data/corrupted/100k_blur_15x15_s5/heldout/H001515.png,1801
220537,3708,H001516,data/splits/100k/images/heldout/H001516.png,data/corrupted/100k_blur_15x15_s5/heldout/H001516.png,3708
220648,3708,H001517,data/splits/100k/images/heldout/H001517.png,data/corrupted/100k_blur_15x15_s5/heldout/H001517.png,3708
220558,3708,H001518,data/splits/100k/images/heldout/H001518.png,data/corrupted/100k_blur_15x15_s5/heldout/H001518.png,3708
220669,3708,H001519,data/splits/100k/images/heldout/H001519.png,data/corrupted/100k_blur_15x15_s5/heldout/H001519.png,3708
222416,3741,H001520,data/splits/100k/images/heldout/H001520.png,data/corrupted/100k_blur_15x15_s5/heldout/H001520.png,3741
222368,3741,H001521,data/splits/100k/images/heldout/H001521.png,data/corrupted/100k_blur_15x15_s5/heldout/H001521.png,3741
222387,3741,H001522,data/splits/100k/images/heldout/H001522.png,data/corrupted/100k_blur_15x15_s5/heldout/H001522.png,3741
222304,3741,H001523,data/splits/100k/images/heldout/H001523.png,data/corrupted/100k_blur_15x15_s5/heldout/H001523.png,3741
258607,4489,H001524,data/splits/100k/images/heldout/H001524.png,data/corrupted/100k_blur_15x15_s5/heldout/H001524.png,4489
258572,4489,H001525,data/splits/100k/images/heldout/H001525.png,data/corrupted/100k_blur_15x15_s5/heldout/H001525.png,4489
258624,4489,H001526,data/splits/100k/images/heldout/H001526.png,data/corrupted/100k_blur_15x15_s5/heldout/H001526.png,4489
258591,4489,H001527,data/splits/100k/images/heldout/H001527.png,data/corrupted/100k_blur_15x15_s5/heldout/H001527.png,4489
357217,6692,H001528,data/splits/100k/images/heldout/H001528.png,data/corrupted/100k_blur_15x15_s5/heldout/H001528.png,6692
357283,6692,H001529,data/splits/100k/images/heldout/H001529.png,data/corrupted/100k_blur_15x15_s5/heldout/H001529.png,6692
357180,6692,H001530,data/splits/100k/images/heldout/H001530.png,data/corrupted/100k_blur_15x15_s5/heldout/H001530.png,6692
357189,6692,H001531,data/splits/100k/images/heldout/H001531.png,data/corrupted/100k_blur_15x15_s5/heldout/H001531.png,6692
48559,496,H001532,data/splits/100k/images/heldout/H001532.png,data/corrupted/100k_blur_15x15_s5/heldout/H001532.png,496
48509,496,H001533,data/splits/100k/images/heldout/H001533.png,data/corrupted/100k_blur_15x15_s5/heldout/H001533.png,496
48515,496,H001534,data/splits/100k/images/heldout/H001534.png,data/corrupted/100k_blur_15x15_s5/heldout/H001534.png,496
48439,496,H001535,data/splits/100k/images/heldout/H001535.png,data/corrupted/100k_blur_15x15_s5/heldout/H001535.png,496
288697,5177,H001536,data/splits/100k/images/heldout/H001536.png,data/corrupted/100k_blur_15x15_s5/heldout/H001536.png,5177
288661,5177,H001537,data/splits/100k/images/heldout/H001537.png,data/corrupted/100k_blur_15x15_s5/heldout/H001537.png,5177
288651,5177,H001538,data/splits/100k/images/heldout/H001538.png,data/corrupted/100k_blur_15x15_s5/heldout/H001538.png,5177
288576,5177,H001539,data/splits/100k/images/heldout/H001539.png,data/corrupted/100k_blur_15x15_s5/heldout/H001539.png,5177
353131,6602,H001540,data/splits/100k/images/heldout/H001540.png,data/corrupted/100k_blur_15x15_s5/heldout/H001540.png,6602
353072,6602,H001541,data/splits/100k/images/heldout/H001541.png,data/corrupted/100k_blur_15x15_s5/heldout/H001541.png,6602
353155,6602,H001542,data/splits/100k/images/heldout/H001542.png,data/corrupted/100k_blur_15x15_s5/heldout/H001542.png,6602
353042,6602,H001543,data/splits/100k/images/heldout/H001543.png,data/corrupted/100k_blur_15x15_s5/heldout/H001543.png,6602
48963,509,H001544,data/splits/100k/images/heldout/H001544.png,data/corrupted/100k_blur_15x15_s5/heldout/H001544.png,509
48961,509,H001545,data/splits/100k/images/heldout/H001545.png,data/corrupted/100k_blur_15x15_s5/heldout/H001545.png,509
49067,509,H001546,data/splits/100k/images/heldout/H001546.png,data/corrupted/100k_blur_15x15_s5/heldout/H001546.png,509
49115,509,H001547,data/splits/100k/images/heldout/H001547.png,data/corrupted/100k_blur_15x15_s5/heldout/H001547.png,509
248900,4303,H001548,data/splits/100k/images/heldout/H001548.png,data/corrupted/100k_blur_15x15_s5/heldout/H001548.png,4303
248828,4303,H001549,data/splits/100k/images/heldout/H001549.png,data/corrupted/100k_blur_15x15_s5/heldout/H001549.png,4303
248907,4303,H001550,data/splits/100k/images/heldout/H001550.png,data/corrupted/100k_blur_15x15_s5/heldout/H001550.png,4303
248921,4303,H001551,data/splits/100k/images/heldout/H001551.png,data/corrupted/100k_blur_15x15_s5/heldout/H001551.png,4303
304338,5518,H001552,data/splits/100k/images/heldout/H001552.png,data/corrupted/100k_blur_15x15_s5/heldout/H001552.png,5518
304374,5518,H001553,data/splits/100k/images/heldout/H001553.png,data/corrupted/100k_blur_15x15_s5/heldout/H001553.png,5518
304353,5518,H001554,data/splits/100k/images/heldout/H001554.png,data/corrupted/100k_blur_15x15_s5/heldout/H001554.png,5518
304451,5518,H001555,data/splits/100k/images/heldout/H001555.png,data/corrupted/100k_blur_15x15_s5/heldout/H001555.png,5518
130481,1811,H001556,data/splits/100k/images/heldout/H001556.png,data/corrupted/100k_blur_15x15_s5/heldout/H001556.png,1811
130422,1811,H001557,data/splits/100k/images/heldout/H001557.png,data/corrupted/100k_blur_15x15_s5/heldout/H001557.png,1811
130397,1811,H001558,data/splits/100k/images/heldout/H001558.png,data/corrupted/100k_blur_15x15_s5/heldout/H001558.png,1811
130455,1811,H001559,data/splits/100k/images/heldout/H001559.png,data/corrupted/100k_blur_15x15_s5/heldout/H001559.png,1811
204941,3366,H001560,data/splits/100k/images/heldout/H001560.png,data/corrupted/100k_blur_15x15_s5/heldout/H001560.png,3366
204932,3366,H001561,data/splits/100k/images/heldout/H001561.png,data/corrupted/100k_blur_15x15_s5/heldout/H001561.png,3366
204838,3366,H001562,data/splits/100k/images/heldout/H001562.png,data/corrupted/100k_blur_15x15_s5/heldout/H001562.png,3366
204804,3366,H001563,data/splits/100k/images/heldout/H001563.png,data/corrupted/100k_blur_15x15_s5/heldout/H001563.png,3366
252128,4364,H001564,data/splits/100k/images/heldout/H001564.png,data/corrupted/100k_blur_15x15_s5/heldout/H001564.png,4364
252107,4364,H001565,data/splits/100k/images/heldout/H001565.png,data/corrupted/100k_blur_15x15_s5/heldout/H001565.png,4364
251997,4364,H001566,data/splits/100k/images/heldout/H001566.png,data/corrupted/100k_blur_15x15_s5/heldout/H001566.png,4364
252038,4364,H001567,data/splits/100k/images/heldout/H001567.png,data/corrupted/100k_blur_15x15_s5/heldout/H001567.png,4364
403471,7913,H001568,data/splits/100k/images/heldout/H001568.png,data/corrupted/100k_blur_15x15_s5/heldout/H001568.png,7913
403492,7913,H001569,data/splits/100k/images/heldout/H001569.png,data/corrupted/100k_blur_15x15_s5/heldout/H001569.png,7913
403348,7913,H001570,data/splits/100k/images/heldout/H001570.png,data/corrupted/100k_blur_15x15_s5/heldout/H001570.png,7913
403494,7913,H001571,data/splits/100k/images/heldout/H001571.png,data/corrupted/100k_blur_15x15_s5/heldout/H001571.png,7913
122967,1655,H001572,data/splits/100k/images/heldout/H001572.png,data/corrupted/100k_blur_15x15_s5/heldout/H001572.png,1655
122913,1655,H001573,data/splits/100k/images/heldout/H001573.png,data/corrupted/100k_blur_15x15_s5/heldout/H001573.png,1655
122921,1655,H001574,data/splits/100k/images/heldout/H001574.png,data/corrupted/100k_blur_15x15_s5/heldout/H001574.png,1655
122937,1655,H001575,data/splits/100k/images/heldout/H001575.png,data/corrupted/100k_blur_15x15_s5/heldout/H001575.png,1655
173624,2678,H001576,data/splits/100k/images/heldout/H001576.png,data/corrupted/100k_blur_15x15_s5/heldout/H001576.png,2678
173604,2678,H001577,data/splits/100k/images/heldout/H001577.png,data/corrupted/100k_blur_15x15_s5/heldout/H001577.png,2678
173548,2678,H001578,data/splits/100k/images/heldout/H001578.png,data/corrupted/100k_blur_15x15_s5/heldout/H001578.png,2678
173630,2678,H001579,data/splits/100k/images/heldout/H001579.png,data/corrupted/100k_blur_15x15_s5/heldout/H001579.png,2678
8432,43,H001580,data/splits/100k/images/heldout/H001580.png,data/corrupted/100k_blur_15x15_s5/heldout/H001580.png,43
8406,43,H001581,data/splits/100k/images/heldout/H001581.png,data/corrupted/100k_blur_15x15_s5/heldout/H001581.png,43
8413,43,H001582,data/splits/100k/images/heldout/H001582.png,data/corrupted/100k_blur_15x15_s5/heldout/H001582.png,43
8503,43,H001583,data/splits/100k/images/heldout/H001583.png,data/corrupted/100k_blur_15x15_s5/heldout/H001583.png,43
15178,104,H001584,data/splits/100k/images/heldout/H001584.png,data/corrupted/100k_blur_15x15_s5/heldout/H001584.png,104
15113,104,H001585,data/splits/100k/images/heldout/H001585.png,data/corrupted/100k_blur_15x15_s5/heldout/H001585.png,104
15105,104,H001586,data/splits/100k/images/heldout/H001586.png,data/corrupted/100k_blur_15x15_s5/heldout/H001586.png,104
15129,104,H001587,data/splits/100k/images/heldout/H001587.png,data/corrupted/100k_blur_15x15_s5/heldout/H001587.png,104
97826,1193,H001588,data/splits/100k/images/heldout/H001588.png,data/corrupted/100k_blur_15x15_s5/heldout/H001588.png,1193
97839,1193,H001589,data/splits/100k/images/heldout/H001589.png,data/corrupted/100k_blur_15x15_s5/heldout/H001589.png,1193
97760,1193,H001590,data/splits/100k/images/heldout/H001590.png,data/corrupted/100k_blur_15x15_s5/heldout/H001590.png,1193
97898,1193,H001591,data/splits/100k/images/heldout/H001591.png,data/corrupted/100k_blur_15x15_s5/heldout/H001591.png,1193
98687,1200,H001592,data/splits/100k/images/heldout/H001592.png,data/corrupted/100k_blur_15x15_s5/heldout/H001592.png,1200
98695,1200,H001593,data/splits/100k/images/heldout/H001593.png,data/corrupted/100k_blur_15x15_s5/heldout/H001593.png,1200
98566,1200,H001594,data/splits/100k/images/heldout/H001594.png,data/corrupted/100k_blur_15x15_s5/heldout/H001594.png,1200
98607,1200,H001595,data/splits/100k/images/heldout/H001595.png,data/corrupted/100k_blur_15x15_s5/heldout/H001595.png,1200
236515,4046,H001596,data/splits/100k/images/heldout/H001596.png,data/corrupted/100k_blur_15x15_s5/heldout/H001596.png,4046
236549,4046,H001597,data/splits/100k/images/heldout/H001597.png,data/corrupted/100k_blur_15x15_s5/heldout/H001597.png,4046
236476,4046,H001598,data/splits/100k/images/heldout/H001598.png,data/corrupted/100k_blur_15x15_s5/heldout/H001598.png,4046
236460,4046,H001599,data/splits/100k/images/heldout/H001599.png,data/corrupted/100k_blur_15x15_s5/heldout/H001599.png,4046
155363,2333,H001600,data/splits/100k/images/heldout/H001600.png,data/corrupted/100k_blur_15x15_s5/heldout/H001600.png,2333
155333,2333,H001601,data/splits/100k/images/heldout/H001601.png,data/corrupted/100k_blur_15x15_s5/heldout/H001601.png,2333
155291,2333,H001602,data/splits/100k/images/heldout/H001602.png,data/corrupted/100k_blur_15x15_s5/heldout/H001602.png,2333
155277,2333,H001603,data/splits/100k/images/heldout/H001603.png,data/corrupted/100k_blur_15x15_s5/heldout/H001603.png,2333
291304,5237,H001604,data/splits/100k/images/heldout/H001604.png,data/corrupted/100k_blur_15x15_s5/heldout/H001604.png,5237
291244,5237,H001605,data/splits/100k/images/heldout/H001605.png,data/corrupted/100k_blur_15x15_s5/heldout/H001605.png,5237
291214,5237,H001606,data/splits/100k/images/heldout/H001606.png,data/corrupted/100k_blur_15x15_s5/heldout/H001606.png,5237
291273,5237,H001607,data/splits/100k/images/heldout/H001607.png,data/corrupted/100k_blur_15x15_s5/heldout/H001607.png,5237
374115,7090,H001608,data/splits/100k/images/heldout/H001608.png,data/corrupted/100k_blur_15x15_s5/heldout/H001608.png,7090
374197,7090,H001609,data/splits/100k/images/heldout/H001609.png,data/corrupted/100k_blur_15x15_s5/heldout/H001609.png,7090
374081,7090,H001610,data/splits/100k/images/heldout/H001610.png,data/corrupted/100k_blur_15x15_s5/heldout/H001610.png,7090
374191,7090,H001611,data/splits/100k/images/heldout/H001611.png,data/corrupted/100k_blur_15x15_s5/heldout/H001611.png,7090
392670,7606,H001612,data/splits/100k/images/heldout/H001612.png,data/corrupted/100k_blur_15x15_s5/heldout/H001612.png,7606
392526,7606,H001613,data/splits/100k/images/heldout/H001613.png,data/corrupted/100k_blur_15x15_s5/heldout/H001613.png,7606
392527,7606,H001614,data/splits/100k/images/heldout/H001614.png,data/corrupted/100k_blur_15x15_s5/heldout/H001614.png,7606
392540,7606,H001615,data/splits/100k/images/heldout/H001615.png,data/corrupted/100k_blur_15x15_s5/heldout/H001615.png,7606
81144,985,H001616,data/splits/100k/images/heldout/H001616.png,data/corrupted/100k_blur_15x15_s5/heldout/H001616.png,985
81175,985,H001617,data/splits/100k/images/heldout/H001617.png,data/corrupted/100k_blur_15x15_s5/heldout/H001617.png,985
81164,985,H001618,data/splits/100k/images/heldout/H001618.png,data/corrupted/100k_blur_15x15_s5/heldout/H001618.png,985
81110,985,H001619,data/splits/100k/images/heldout/H001619.png,data/corrupted/100k_blur_15x15_s5/heldout/H001619.png,985
335150,6201,H001620,data/splits/100k/images/heldout/H001620.png,data/corrupted/100k_blur_15x15_s5/heldout/H001620.png,6201
335188,6201,H001621,data/splits/100k/images/heldout/H001621.png,data/corrupted/100k_blur_15x15_s5/heldout/H001621.png,6201
335129,6201,H001622,data/splits/100k/images/heldout/H001622.png,data/corrupted/100k_blur_15x15_s5/heldout/H001622.png,6201
335097,6201,H001623,data/splits/100k/images/heldout/H001623.png,data/corrupted/100k_blur_15x15_s5/heldout/H001623.png,6201
9751,54,H001624,data/splits/100k/images/heldout/H001624.png,data/corrupted/100k_blur_15x15_s5/heldout/H001624.png,54
9738,54,H001625,data/splits/100k/images/heldout/H001625.png,data/corrupted/100k_blur_15x15_s5/heldout/H001625.png,54
9776,54,H001626,data/splits/100k/images/heldout/H001626.png,data/corrupted/100k_blur_15x15_s5/heldout/H001626.png,54
9709,54,H001627,data/splits/100k/images/heldout/H001627.png,data/corrupted/100k_blur_15x15_s5/heldout/H001627.png,54
52264,544,H001628,data/splits/100k/images/heldout/H001628.png,data/corrupted/100k_blur_15x15_s5/heldout/H001628.png,544
52311,544,H001629,data/splits/100k/images/heldout/H001629.png,data/corrupted/100k_blur_15x15_s5/heldout/H001629.png,544
52194,544,H001630,data/splits/100k/images/heldout/H001630.png,data/corrupted/100k_blur_15x15_s5/heldout/H001630.png,544
52330,544,H001631,data/splits/100k/images/heldout/H001631.png,data/corrupted/100k_blur_15x15_s5/heldout/H001631.png,544
85379,1034,H001632,data/splits/100k/images/heldout/H001632.png,data/corrupted/100k_blur_15x15_s5/heldout/H001632.png,1034
85343,1034,H001633,data/splits/100k/images/heldout/H001633.png,data/corrupted/100k_blur_15x15_s5/heldout/H001633.png,1034
85304,1034,H001634,data/splits/100k/images/heldout/H001634.png,data/corrupted/100k_blur_15x15_s5/heldout/H001634.png,1034
85365,1034,H001635,data/splits/100k/images/heldout/H001635.png,data/corrupted/100k_blur_15x15_s5/heldout/H001635.png,1034
373187,7076,H001636,data/splits/100k/images/heldout/H001636.png,data/corrupted/100k_blur_15x15_s5/heldout/H001636.png,7076
373133,7076,H001637,data/splits/100k/images/heldout/H001637.png,data/corrupted/100k_blur_15x15_s5/heldout/H001637.png,7076
373114,7076,H001638,data/splits/100k/images/heldout/H001638.png,data/corrupted/100k_blur_15x15_s5/heldout/H001638.png,7076
373128,7076,H001639,data/splits/100k/images/heldout/H001639.png,data/corrupted/100k_blur_15x15_s5/heldout/H001639.png,7076
28986,240,H001640,data/splits/100k/images/heldout/H001640.png,data/corrupted/100k_blur_15x15_s5/heldout/H001640.png,240
29069,240,H001641,data/splits/100k/images/heldout/H001641.png,data/corrupted/100k_blur_15x15_s5/heldout/H001641.png,240
29008,240,H001642,data/splits/100k/images/heldout/H001642.png,data/corrupted/100k_blur_15x15_s5/heldout/H001642.png,240
29007,240,H001643,data/splits/100k/images/heldout/H001643.png,data/corrupted/100k_blur_15x15_s5/heldout/H001643.png,240
82663,1004,H001644,data/splits/100k/images/heldout/H001644.png,data/corrupted/100k_blur_15x15_s5/heldout/H001644.png,1004
82699,1004,H001645,data/splits/100k/images/heldout/H001645.png,data/corrupted/100k_blur_15x15_s5/heldout/H001645.png,1004
82637,1004,H001646,data/splits/100k/images/heldout/H001646.png,data/corrupted/100k_blur_15x15_s5/heldout/H001646.png,1004
82726,1004,H001647,data/splits/100k/images/heldout/H001647.png,data/corrupted/100k_blur_15x15_s5/heldout/H001647.png,1004
76757,924,H001648,data/splits/100k/images/heldout/H001648.png,data/corrupted/100k_blur_15x15_s5/heldout/H001648.png,924
76745,924,H001649,data/splits/100k/images/heldout/H001649.png,data/corrupted/100k_blur_15x15_s5/heldout/H001649.png,924
76821,924,H001650,data/splits/100k/images/heldout/H001650.png,data/corrupted/100k_blur_15x15_s5/heldout/H001650.png,924
76674,924,H001651,data/splits/100k/images/heldout/H001651.png,data/corrupted/100k_blur_15x15_s5/heldout/H001651.png,924
102071,1242,H001652,data/splits/100k/images/heldout/H001652.png,data/corrupted/100k_blur_15x15_s5/heldout/H001652.png,1242
102043,1242,H001653,data/splits/100k/images/heldout/H001653.png,data/corrupted/100k_blur_15x15_s5/heldout/H001653.png,1242
101933,1242,H001654,data/splits/100k/images/heldout/H001654.png,data/corrupted/100k_blur_15x15_s5/heldout/H001654.png,1242
101994,1242,H001655,data/splits/100k/images/heldout/H001655.png,data/corrupted/100k_blur_15x15_s5/heldout/H001655.png,1242
167887,2581,H001656,data/splits/100k/images/heldout/H001656.png,data/corrupted/100k_blur_15x15_s5/heldout/H001656.png,2581
167996,2581,H001657,data/splits/100k/images/heldout/H001657.png,data/corrupted/100k_blur_15x15_s5/heldout/H001657.png,2581
168006,2581,H001658,data/splits/100k/images/heldout/H001658.png,data/corrupted/100k_blur_15x15_s5/heldout/H001658.png,2581
168021,2581,H001659,data/splits/100k/images/heldout/H001659.png,data/corrupted/100k_blur_15x15_s5/heldout/H001659.png,2581
429685,8654,H001660,data/splits/100k/images/heldout/H001660.png,data/corrupted/100k_blur_15x15_s5/heldout/H001660.png,8654
429768,8654,H001661,data/splits/100k/images/heldout/H001661.png,data/corrupted/100k_blur_15x15_s5/heldout/H001661.png,8654
429713,8654,H001662,data/splits/100k/images/heldout/H001662.png,data/corrupted/100k_blur_15x15_s5/heldout/H001662.png,8654
429772,8654,H001663,data/splits/100k/images/heldout/H001663.png,data/corrupted/100k_blur_15x15_s5/heldout/H001663.png,8654
27627,229,H001664,data/splits/100k/images/heldout/H001664.png,data/corrupted/100k_blur_15x15_s5/heldout/H001664.png,229
27702,229,H001665,data/splits/100k/images/heldout/H001665.png,data/corrupted/100k_blur_15x15_s5/heldout/H001665.png,229
27629,229,H001666,data/splits/100k/images/heldout/H001666.png,data/corrupted/100k_blur_15x15_s5/heldout/H001666.png,229
27632,229,H001667,data/splits/100k/images/heldout/H001667.png,data/corrupted/100k_blur_15x15_s5/heldout/H001667.png,229
82172,996,H001668,data/splits/100k/images/heldout/H001668.png,data/corrupted/100k_blur_15x15_s5/heldout/H001668.png,996
82199,996,H001669,data/splits/100k/images/heldout/H001669.png,data/corrupted/100k_blur_15x15_s5/heldout/H001669.png,996
82112,996,H001670,data/splits/100k/images/heldout/H001670.png,data/corrupted/100k_blur_15x15_s5/heldout/H001670.png,996
82144,996,H001671,data/splits/100k/images/heldout/H001671.png,data/corrupted/100k_blur_15x15_s5/heldout/H001671.png,996
125374,1699,H001672,data/splits/100k/images/heldout/H001672.png,data/corrupted/100k_blur_15x15_s5/heldout/H001672.png,1699
125345,1699,H001673,data/splits/100k/images/heldout/H001673.png,data/corrupted/100k_blur_15x15_s5/heldout/H001673.png,1699
125236,1699,H001674,data/splits/100k/images/heldout/H001674.png,data/corrupted/100k_blur_15x15_s5/heldout/H001674.png,1699
125228,1699,H001675,data/splits/100k/images/heldout/H001675.png,data/corrupted/100k_blur_15x15_s5/heldout/H001675.png,1699
154330,2319,H001676,data/splits/100k/images/heldout/H001676.png,data/corrupted/100k_blur_15x15_s5/heldout/H001676.png,2319
154346,2319,H001677,data/splits/100k/images/heldout/H001677.png,data/corrupted/100k_blur_15x15_s5/heldout/H001677.png,2319
154372,2319,H001678,data/splits/100k/images/heldout/H001678.png,data/corrupted/100k_blur_15x15_s5/heldout/H001678.png,2319
154437,2319,H001679,data/splits/100k/images/heldout/H001679.png,data/corrupted/100k_blur_15x15_s5/heldout/H001679.png,2319
11624,73,H001680,data/splits/100k/images/heldout/H001680.png,data/corrupted/100k_blur_15x15_s5/heldout/H001680.png,73
11640,73,H001681,data/splits/100k/images/heldout/H001681.png,data/corrupted/100k_blur_15x15_s5/heldout/H001681.png,73
11684,73,H001682,data/splits/100k/images/heldout/H001682.png,data/corrupted/100k_blur_15x15_s5/heldout/H001682.png,73
11691,73,H001683,data/splits/100k/images/heldout/H001683.png,data/corrupted/100k_blur_15x15_s5/heldout/H001683.png,73
72234,867,H001684,data/splits/100k/images/heldout/H001684.png,data/corrupted/100k_blur_15x15_s5/heldout/H001684.png,867
72340,867,H001685,data/splits/100k/images/heldout/H001685.png,data/corrupted/100k_blur_15x15_s5/heldout/H001685.png,867
72211,867,H001686,data/splits/100k/images/heldout/H001686.png,data/corrupted/100k_blur_15x15_s5/heldout/H001686.png,867
72256,867,H001687,data/splits/100k/images/heldout/H001687.png,data/corrupted/100k_blur_15x15_s5/heldout/H001687.png,867
221247,3719,H001688,data/splits/100k/images/heldout/H001688.png,data/corrupted/100k_blur_15x15_s5/heldout/H001688.png,3719
221273,3719,H001689,data/splits/100k/images/heldout/H001689.png,data/corrupted/100k_blur_15x15_s5/heldout/H001689.png,3719
221274,3719,H001690,data/splits/100k/images/heldout/H001690.png,data/corrupted/100k_blur_15x15_s5/heldout/H001690.png,3719
221234,3719,H001691,data/splits/100k/images/heldout/H001691.png,data/corrupted/100k_blur_15x15_s5/heldout/H001691.png,3719
244113,4207,H001692,data/splits/100k/images/heldout/H001692.png,data/corrupted/100k_blur_15x15_s5/heldout/H001692.png,4207
244204,4207,H001693,data/splits/100k/images/heldout/H001693.png,data/corrupted/100k_blur_15x15_s5/heldout/H001693.png,4207
244187,4207,H001694,data/splits/100k/images/heldout/H001694.png,data/corrupted/100k_blur_15x15_s5/heldout/H001694.png,4207
244244,4207,H001695,data/splits/100k/images/heldout/H001695.png,data/corrupted/100k_blur_15x15_s5/heldout/H001695.png,4207
244598,4212,H001696,data/splits/100k/images/heldout/H001696.png,data/corrupted/100k_blur_15x15_s5/heldout/H001696.png,4212
244657,4212,H001697,data/splits/100k/images/heldout/H001697.png,data/corrupted/100k_blur_15x15_s5/heldout/H001697.png,4212
244664,4212,H001698,data/splits/100k/images/heldout/H001698.png,data/corrupted/100k_blur_15x15_s5/heldout/H001698.png,4212
244679,4212,H001699,data/splits/100k/images/heldout/H001699.png,data/corrupted/100k_blur_15x15_s5/heldout/H001699.png,4212
332131,6128,H001700,data/splits/100k/images/heldout/H001700.png,data/corrupted/100k_blur_15x15_s5/heldout/H001700.png,6128
332163,6128,H001701,data/splits/100k/images/heldout/H001701.png,data/corrupted/100k_blur_15x15_s5/heldout/H001701.png,6128
332265,6128,H001702,data/splits/100k/images/heldout/H001702.png,data/corrupted/100k_blur_15x15_s5/heldout/H001702.png,6128
332230,6128,H001703,data/splits/100k/images/heldout/H001703.png,data/corrupted/100k_blur_15x15_s5/heldout/H001703.png,6128
428483,8615,H001704,data/splits/100k/images/heldout/H001704.png,data/corrupted/100k_blur_15x15_s5/heldout/H001704.png,8615
428473,8615,H001705,data/splits/100k/images/heldout/H001705.png,data/corrupted/100k_blur_15x15_s5/heldout/H001705.png,8615
428475,8615,H001706,data/splits/100k/images/heldout/H001706.png,data/corrupted/100k_blur_15x15_s5/heldout/H001706.png,8615
428424,8615,H001707,data/splits/100k/images/heldout/H001707.png,data/corrupted/100k_blur_15x15_s5/heldout/H001707.png,8615
4897,27,H001708,data/splits/100k/images/heldout/H001708.png,data/corrupted/100k_blur_15x15_s5/heldout/H001708.png,27
4952,27,H001709,data/splits/100k/images/heldout/H001709.png,data/corrupted/100k_blur_15x15_s5/heldout/H001709.png,27
4976,27,H001710,data/splits/100k/images/heldout/H001710.png,data/corrupted/100k_blur_15x15_s5/heldout/H001710.png,27
4915,27,H001711,data/splits/100k/images/heldout/H001711.png,data/corrupted/100k_blur_15x15_s5/heldout/H001711.png,27
77619,940,H001712,data/splits/100k/images/heldout/H001712.png,data/corrupted/100k_blur_15x15_s5/heldout/H001712.png,940
77607,940,H001713,data/splits/100k/images/heldout/H001713.png,data/corrupted/100k_blur_15x15_s5/heldout/H001713.png,940
77620,940,H001714,data/splits/100k/images/heldout/H001714.png,data/corrupted/100k_blur_15x15_s5/heldout/H001714.png,940
77503,940,H001715,data/splits/100k/images/heldout/H001715.png,data/corrupted/100k_blur_15x15_s5/heldout/H001715.png,940
157753,2387,H001716,data/splits/100k/images/heldout/H001716.png,data/corrupted/100k_blur_15x15_s5/heldout/H001716.png,2387
157871,2387,H001717,data/splits/100k/images/heldout/H001717.png,data/corrupted/100k_blur_15x15_s5/heldout/H001717.png,2387
157826,2387,H001718,data/splits/100k/images/heldout/H001718.png,data/corrupted/100k_blur_15x15_s5/heldout/H001718.png,2387
157719,2387,H001719,data/splits/100k/images/heldout/H001719.png,data/corrupted/100k_blur_15x15_s5/heldout/H001719.png,2387
292278,5261,H001720,data/splits/100k/images/heldout/H001720.png,data/corrupted/100k_blur_15x15_s5/heldout/H001720.png,5261
292390,5261,H001721,data/splits/100k/images/heldout/H001721.png,data/corrupted/100k_blur_15x15_s5/heldout/H001721.png,5261
292291,5261,H001722,data/splits/100k/images/heldout/H001722.png,data/corrupted/100k_blur_15x15_s5/heldout/H001722.png,5261
292380,5261,H001723,data/splits/100k/images/heldout/H001723.png,data/corrupted/100k_blur_15x15_s5/heldout/H001723.png,5261
343490,6365,H001724,data/splits/100k/images/heldout/H001724.png,data/corrupted/100k_blur_15x15_s5/heldout/H001724.png,6365
343539,6365,H001725,data/splits/100k/images/heldout/H001725.png,data/corrupted/100k_blur_15x15_s5/heldout/H001725.png,6365
343474,6365,H001726,data/splits/100k/images/heldout/H001726.png,data/corrupted/100k_blur_15x15_s5/heldout/H001726.png,6365
343409,6365,H001727,data/splits/100k/images/heldout/H001727.png,data/corrupted/100k_blur_15x15_s5/heldout/H001727.png,6365
147727,2182,H001728,data/splits/100k/images/heldout/H001728.png,data/corrupted/100k_blur_15x15_s5/heldout/H001728.png,2182
147729,2182,H001729,data/splits/100k/images/heldout/H001729.png,data/corrupted/100k_blur_15x15_s5/heldout/H001729.png,2182
147800,2182,H001730,data/splits/100k/images/heldout/H001730.png,data/corrupted/100k_blur_15x15_s5/heldout/H001730.png,2182
147864,2182,H001731,data/splits/100k/images/heldout/H001731.png,data/corrupted/100k_blur_15x15_s5/heldout/H001731.png,2182
286553,5127,H001732,data/splits/100k/images/heldout/H001732.png,data/corrupted/100k_blur_15x15_s5/heldout/H001732.png,5127
286624,5127,H001733,data/splits/100k/images/heldout/H001733.png,data/corrupted/100k_blur_15x15_s5/heldout/H001733.png,5127
286695,5127,H001734,data/splits/100k/images/heldout/H001734.png,data/corrupted/100k_blur_15x15_s5/heldout/H001734.png,5127
286614,5127,H001735,data/splits/100k/images/heldout/H001735.png,data/corrupted/100k_blur_15x15_s5/heldout/H001735.png,5127
288060,5166,H001736,data/splits/100k/images/heldout/H001736.png,data/corrupted/100k_blur_15x15_s5/heldout/H001736.png,5166
288072,5166,H001737,data/splits/100k/images/heldout/H001737.png,data/corrupted/100k_blur_15x15_s5/heldout/H001737.png,5166
287995,5166,H001738,data/splits/100k/images/heldout/H001738.png,data/corrupted/100k_blur_15x15_s5/heldout/H001738.png,5166
288086,5166,H001739,data/splits/100k/images/heldout/H001739.png,data/corrupted/100k_blur_15x15_s5/heldout/H001739.png,5166
397263,7740,H001740,data/splits/100k/images/heldout/H001740.png,data/corrupted/100k_blur_15x15_s5/heldout/H001740.png,7740
397209,7740,H001741,data/splits/100k/images/heldout/H001741.png,data/corrupted/100k_blur_15x15_s5/heldout/H001741.png,7740
397220,7740,H001742,data/splits/100k/images/heldout/H001742.png,data/corrupted/100k_blur_15x15_s5/heldout/H001742.png,7740
397175,7740,H001743,data/splits/100k/images/heldout/H001743.png,data/corrupted/100k_blur_15x15_s5/heldout/H001743.png,7740
26414,214,H001744,data/splits/100k/images/heldout/H001744.png,data/corrupted/100k_blur_15x15_s5/heldout/H001744.png,214
26276,214,H001745,data/splits/100k/images/heldout/H001745.png,data/corrupted/100k_blur_15x15_s5/heldout/H001745.png,214
26352,214,H001746,data/splits/100k/images/heldout/H001746.png,data/corrupted/100k_blur_15x15_s5/heldout/H001746.png,214
26419,214,H001747,data/splits/100k/images/heldout/H001747.png,data/corrupted/100k_blur_15x15_s5/heldout/H001747.png,214
39812,383,H001748,data/splits/100k/images/heldout/H001748.png,data/corrupted/100k_blur_15x15_s5/heldout/H001748.png,383
39819,383,H001749,data/splits/100k/images/heldout/H001749.png,data/corrupted/100k_blur_15x15_s5/heldout/H001749.png,383
39922,383,H001750,data/splits/100k/images/heldout/H001750.png,data/corrupted/100k_blur_15x15_s5/heldout/H001750.png,383
39835,383,H001751,data/splits/100k/images/heldout/H001751.png,data/corrupted/100k_blur_15x15_s5/heldout/H001751.png,383
127114,1754,H001752,data/splits/100k/images/heldout/H001752.png,data/corrupted/100k_blur_15x15_s5/heldout/H001752.png,1754
127105,1754,H001753,data/splits/100k/images/heldout/H001753.png,data/corrupted/100k_blur_15x15_s5/heldout/H001753.png,1754
127054,1754,H001754,data/splits/100k/images/heldout/H001754.png,data/corrupted/100k_blur_15x15_s5/heldout/H001754.png,1754
127149,1754,H001755,data/splits/100k/images/heldout/H001755.png,data/corrupted/100k_blur_15x15_s5/heldout/H001755.png,1754
221048,3718,H001756,data/splits/100k/images/heldout/H001756.png,data/corrupted/100k_blur_15x15_s5/heldout/H001756.png,3718
221107,3718,H001757,data/splits/100k/images/heldout/H001757.png,data/corrupted/100k_blur_15x15_s5/heldout/H001757.png,3718
221059,3718,H001758,data/splits/100k/images/heldout/H001758.png,data/corrupted/100k_blur_15x15_s5/heldout/H001758.png,3718
221072,3718,H001759,data/splits/100k/images/heldout/H001759.png,data/corrupted/100k_blur_15x15_s5/heldout/H001759.png,3718
240697,4139,H001760,data/splits/100k/images/heldout/H001760.png,data/corrupted/100k_blur_15x15_s5/heldout/H001760.png,4139
240607,4139,H001761,data/splits/100k/images/heldout/H001761.png,data/corrupted/100k_blur_15x15_s5/heldout/H001761.png,4139
240693,4139,H001762,data/splits/100k/images/heldout/H001762.png,data/corrupted/100k_blur_15x15_s5/heldout/H001762.png,4139
240598,4139,H001763,data/splits/100k/images/heldout/H001763.png,data/corrupted/100k_blur_15x15_s5/heldout/H001763.png,4139
273320,4844,H001764,data/splits/100k/images/heldout/H001764.png,data/corrupted/100k_blur_15x15_s5/heldout/H001764.png,4844
273277,4844,H001765,data/splits/100k/images/heldout/H001765.png,data/corrupted/100k_blur_15x15_s5/heldout/H001765.png,4844
273226,4844,H001766,data/splits/100k/images/heldout/H001766.png,data/corrupted/100k_blur_15x15_s5/heldout/H001766.png,4844
273256,4844,H001767,data/splits/100k/images/heldout/H001767.png,data/corrupted/100k_blur_15x15_s5/heldout/H001767.png,4844
1335,9,H001768,data/splits/100k/images/heldout/H001768.png,data/corrupted/100k_blur_15x15_s5/heldout/H001768.png,9
1337,9,H001769,data/splits/100k/images/heldout/H001769.png,data/corrupted/100k_blur_15x15_s5/heldout/H001769.png,9
1295,9,H001770,data/splits/100k/images/heldout/H001770.png,data/corrupted/100k_blur_15x15_s5/heldout/H001770.png,9
1284,9,H001771,data/splits/100k/images/heldout/H001771.png,data/corrupted/100k_blur_15x15_s5/heldout/H001771.png,9
93517,1143,H001772,data/splits/100k/images/heldout/H001772.png,data/corrupted/100k_blur_15x15_s5/heldout/H001772.png,1143
93494,1143,H001773,data/splits/100k/images/heldout/H001773.png,data/corrupted/100k_blur_15x15_s5/heldout/H001773.png,1143
93525,1143,H001774,data/splits/100k/images/heldout/H001774.png,data/corrupted/100k_blur_15x15_s5/heldout/H001774.png,1143
93536,1143,H001775,data/splits/100k/images/heldout/H001775.png,data/corrupted/100k_blur_15x15_s5/heldout/H001775.png,1143
104261,1266,H001776,data/splits/100k/images/heldout/H001776.png,data/corrupted/100k_blur_15x15_s5/heldout/H001776.png,1266
104229,1266,H001777,data/splits/100k/images/heldout/H001777.png,data/corrupted/100k_blur_15x15_s5/heldout/H001777.png,1266
104231,1266,H001778,data/splits/100k/images/heldout/H001778.png,data/corrupted/100k_blur_15x15_s5/heldout/H001778.png,1266
104327,1266,H001779,data/splits/100k/images/heldout/H001779.png,data/corrupted/100k_blur_15x15_s5/heldout/H001779.png,1266
152603,2275,H001780,data/splits/100k/images/heldout/H001780.png,data/corrupted/100k_blur_15x15_s5/heldout/H001780.png,2275
152689,2275,H001781,data/splits/100k/images/heldout/H001781.png,data/corrupted/100k_blur_15x15_s5/heldout/H001781.png,2275
152622,2275,H001782,data/splits/100k/images/heldout/H001782.png,data/corrupted/100k_blur_15x15_s5/heldout/H001782.png,2275
152712,2275,H001783,data/splits/100k/images/heldout/H001783.png,data/corrupted/100k_blur_15x15_s5/heldout/H001783.png,2275
261485,4563,H001784,data/splits/100k/images/heldout/H001784.png,data/corrupted/100k_blur_15x15_s5/heldout/H001784.png,4563
261521,4563,H001785,data/splits/100k/images/heldout/H001785.png,data/corrupted/100k_blur_15x15_s5/heldout/H001785.png,4563
261450,4563,H001786,data/splits/100k/images/heldout/H001786.png,data/corrupted/100k_blur_15x15_s5/heldout/H001786.png,4563
261550,4563,H001787,data/splits/100k/images/heldout/H001787.png,data/corrupted/100k_blur_15x15_s5/heldout/H001787.png,4563
373351,7079,H001788,data/splits/100k/images/heldout/H001788.png,data/corrupted/100k_blur_15x15_s5/heldout/H001788.png,7079
373446,7079,H001789,data/splits/100k/images/heldout/H001789.png,data/corrupted/100k_blur_15x15_s5/heldout/H001789.png,7079
373419,7079,H001790,data/splits/100k/images/heldout/H001790.png,data/corrupted/100k_blur_15x15_s5/heldout/H001790.png,7079
373378,7079,H001791,data/splits/100k/images/heldout/H001791.png,data/corrupted/100k_blur_15x15_s5/heldout/H001791.png,7079
450161,9235,H001792,data/splits/100k/images/heldout/H001792.png,data/corrupted/100k_blur_15x15_s5/heldout/H001792.png,9235
450201,9235,H001793,data/splits/100k/images/heldout/H001793.png,data/corrupted/100k_blur_15x15_s5/heldout/H001793.png,9235
450169,9235,H001794,data/splits/100k/images/heldout/H001794.png,data/corrupted/100k_blur_15x15_s5/heldout/H001794.png,9235
450164,9235,H001795,data/splits/100k/images/heldout/H001795.png,data/corrupted/100k_blur_15x15_s5/heldout/H001795.png,9235
10470,61,H001796,data/splits/100k/images/heldout/H001796.png,data/corrupted/100k_blur_15x15_s5/heldout/H001796.png,61
10536,61,H001797,data/splits/100k/images/heldout/H001797.png,data/corrupted/100k_blur_15x15_s5/heldout/H001797.png,61
10507,61,H001798,data/splits/100k/images/heldout/H001798.png,data/corrupted/100k_blur_15x15_s5/heldout/H001798.png,61
10484,61,H001799,data/splits/100k/images/heldout/H001799.png,data/corrupted/100k_blur_15x15_s5/heldout/H001799.png,61
301878,5468,H001800,data/splits/100k/images/heldout/H001800.png,data/corrupted/100k_blur_15x15_s5/heldout/H001800.png,5468
301915,5468,H001801,data/splits/100k/images/heldout/H001801.png,data/corrupted/100k_blur_15x15_s5/heldout/H001801.png,5468
301875,5468,H001802,data/splits/100k/images/heldout/H001802.png,data/corrupted/100k_blur_15x15_s5/heldout/H001802.png,5468
301910,5468,H001803,data/splits/100k/images/heldout/H001803.png,data/corrupted/100k_blur_15x15_s5/heldout/H001803.png,5468
33278,284,H001804,data/splits/100k/images/heldout/H001804.png,data/corrupted/100k_blur_15x15_s5/heldout/H001804.png,284
33225,284,H001805,data/splits/100k/images/heldout/H001805.png,data/corrupted/100k_blur_15x15_s5/heldout/H001805.png,284
33234,284,H001806,data/splits/100k/images/heldout/H001806.png,data/corrupted/100k_blur_15x15_s5/heldout/H001806.png,284
33295,284,H001807,data/splits/100k/images/heldout/H001807.png,data/corrupted/100k_blur_15x15_s5/heldout/H001807.png,284
40958,391,H001808,data/splits/100k/images/heldout/H001808.png,data/corrupted/100k_blur_15x15_s5/heldout/H001808.png,391
40956,391,H001809,data/splits/100k/images/heldout/H001809.png,data/corrupted/100k_blur_15x15_s5/heldout/H001809.png,391
40916,391,H001810,data/splits/100k/images/heldout/H001810.png,data/corrupted/100k_blur_15x15_s5/heldout/H001810.png,391
40902,391,H001811,data/splits/100k/images/heldout/H001811.png,data/corrupted/100k_blur_15x15_s5/heldout/H001811.png,391
80731,978,H001812,data/splits/100k/images/heldout/H001812.png,data/corrupted/100k_blur_15x15_s5/heldout/H001812.png,978
80754,978,H001813,data/splits/100k/images/heldout/H001813.png,data/corrupted/100k_blur_15x15_s5/heldout/H001813.png,978
80778,978,H001814,data/splits/100k/images/heldout/H001814.png,data/corrupted/100k_blur_15x15_s5/heldout/H001814.png,978
80767,978,H001815,data/splits/100k/images/heldout/H001815.png,data/corrupted/100k_blur_15x15_s5/heldout/H001815.png,978
169581,2618,H001816,data/splits/100k/images/heldout/H001816.png,data/corrupted/100k_blur_15x15_s5/heldout/H001816.png,2618
169610,2618,H001817,data/splits/100k/images/heldout/H001817.png,data/corrupted/100k_blur_15x15_s5/heldout/H001817.png,2618
169541,2618,H001818,data/splits/100k/images/heldout/H001818.png,data/corrupted/100k_blur_15x15_s5/heldout/H001818.png,2618
169511,2618,H001819,data/splits/100k/images/heldout/H001819.png,data/corrupted/100k_blur_15x15_s5/heldout/H001819.png,2618
225040,3788,H001820,data/splits/100k/images/heldout/H001820.png,data/corrupted/100k_blur_15x15_s5/heldout/H001820.png,3788
225108,3788,H001821,data/splits/100k/images/heldout/H001821.png,data/corrupted/100k_blur_15x15_s5/heldout/H001821.png,3788
225042,3788,H001822,data/splits/100k/images/heldout/H001822.png,data/corrupted/100k_blur_15x15_s5/heldout/H001822.png,3788
224967,3788,H001823,data/splits/100k/images/heldout/H001823.png,data/corrupted/100k_blur_15x15_s5/heldout/H001823.png,3788
388651,7489,H001824,data/splits/100k/images/heldout/H001824.png,data/corrupted/100k_blur_15x15_s5/heldout/H001824.png,7489
388652,7489,H001825,data/splits/100k/images/heldout/H001825.png,data/corrupted/100k_blur_15x15_s5/heldout/H001825.png,7489
388747,7489,H001826,data/splits/100k/images/heldout/H001826.png,data/corrupted/100k_blur_15x15_s5/heldout/H001826.png,7489
388682,7489,H001827,data/splits/100k/images/heldout/H001827.png,data/corrupted/100k_blur_15x15_s5/heldout/H001827.png,7489
31397,258,H001828,data/splits/100k/images/heldout/H001828.png,data/corrupted/100k_blur_15x15_s5/heldout/H001828.png,258
31401,258,H001829,data/splits/100k/images/heldout/H001829.png,data/corrupted/100k_blur_15x15_s5/heldout/H001829.png,258
31474,258,H001830,data/splits/100k/images/heldout/H001830.png,data/corrupted/100k_blur_15x15_s5/heldout/H001830.png,258
31409,258,H001831,data/splits/100k/images/heldout/H001831.png,data/corrupted/100k_blur_15x15_s5/heldout/H001831.png,258
82369,998,H001832,data/splits/100k/images/heldout/H001832.png,data/corrupted/100k_blur_15x15_s5/heldout/H001832.png,998
82401,998,H001833,data/splits/100k/images/heldout/H001833.png,data/corrupted/100k_blur_15x15_s5/heldout/H001833.png,998
82375,998,H001834,data/splits/100k/images/heldout/H001834.png,data/corrupted/100k_blur_15x15_s5/heldout/H001834.png,998
82358,998,H001835,data/splits/100k/images/heldout/H001835.png,data/corrupted/100k_blur_15x15_s5/heldout/H001835.png,998
144320,2099,H001836,data/splits/100k/images/heldout/H001836.png,data/corrupted/100k_blur_15x15_s5/heldout/H001836.png,2099
144216,2099,H001837,data/splits/100k/images/heldout/H001837.png,data/corrupted/100k_blur_15x15_s5/heldout/H001837.png,2099
144190,2099,H001838,data/splits/100k/images/heldout/H001838.png,data/corrupted/100k_blur_15x15_s5/heldout/H001838.png,2099
144246,2099,H001839,data/splits/100k/images/heldout/H001839.png,data/corrupted/100k_blur_15x15_s5/heldout/H001839.png,2099
198521,3224,H001840,data/splits/100k/images/heldout/H001840.png,data/corrupted/100k_blur_15x15_s5/heldout/H001840.png,3224
198519,3224,H001841,data/splits/100k/images/heldout/H001841.png,data/corrupted/100k_blur_15x15_s5/heldout/H001841.png,3224
198488,3224,H001842,data/splits/100k/images/heldout/H001842.png,data/corrupted/100k_blur_15x15_s5/heldout/H001842.png,3224
198538,3224,H001843,data/splits/100k/images/heldout/H001843.png,data/corrupted/100k_blur_15x15_s5/heldout/H001843.png,3224
230833,3938,H001844,data/splits/100k/images/heldout/H001844.png,data/corrupted/100k_blur_15x15_s5/heldout/H001844.png,3938
230878,3938,H001845,data/splits/100k/images/heldout/H001845.png,data/corrupted/100k_blur_15x15_s5/heldout/H001845.png,3938
230798,3938,H001846,data/splits/100k/images/heldout/H001846.png,data/corrupted/100k_blur_15x15_s5/heldout/H001846.png,3938
230750,3938,H001847,data/splits/100k/images/heldout/H001847.png,data/corrupted/100k_blur_15x15_s5/heldout/H001847.png,3938
290882,5233,H001848,data/splits/100k/images/heldout/H001848.png,data/corrupted/100k_blur_15x15_s5/heldout/H001848.png,5233
290880,5233,H001849,data/splits/100k/images/heldout/H001849.png,data/corrupted/100k_blur_15x15_s5/heldout/H001849.png,5233
291007,5233,H001850,data/splits/100k/images/heldout/H001850.png,data/corrupted/100k_blur_15x15_s5/heldout/H001850.png,5233
290926,5233,H001851,data/splits/100k/images/heldout/H001851.png,data/corrupted/100k_blur_15x15_s5/heldout/H001851.png,5233
86383,1042,H001852,data/splits/100k/images/heldout/H001852.png,data/corrupted/100k_blur_15x15_s5/heldout/H001852.png,1042
86446,1042,H001853,data/splits/100k/images/heldout/H001853.png,data/corrupted/100k_blur_15x15_s5/heldout/H001853.png,1042
86478,1042,H001854,data/splits/100k/images/heldout/H001854.png,data/corrupted/100k_blur_15x15_s5/heldout/H001854.png,1042
86418,1042,H001855,data/splits/100k/images/heldout/H001855.png,data/corrupted/100k_blur_15x15_s5/heldout/H001855.png,1042
133658,1876,H001856,data/splits/100k/images/heldout/H001856.png,data/corrupted/100k_blur_15x15_s5/heldout/H001856.png,1876
133642,1876,H001857,data/splits/100k/images/heldout/H001857.png,data/corrupted/100k_blur_15x15_s5/heldout/H001857.png,1876
133615,1876,H001858,data/splits/100k/images/heldout/H001858.png,data/corrupted/100k_blur_15x15_s5/heldout/H001858.png,1876
133670,1876,H001859,data/splits/100k/images/heldout/H001859.png,data/corrupted/100k_blur_15x15_s5/heldout/H001859.png,1876
237046,4054,H001860,data/splits/100k/images/heldout/H001860.png,data/corrupted/100k_blur_15x15_s5/heldout/H001860.png,4054
237098,4054,H001861,data/splits/100k/images/heldout/H001861.png,data/corrupted/100k_blur_15x15_s5/heldout/H001861.png,4054
237061,4054,H001862,data/splits/100k/images/heldout/H001862.png,data/corrupted/100k_blur_15x15_s5/heldout/H001862.png,4054
236970,4054,H001863,data/splits/100k/images/heldout/H001863.png,data/corrupted/100k_blur_15x15_s5/heldout/H001863.png,4054
324669,5982,H001864,data/splits/100k/images/heldout/H001864.png,data/corrupted/100k_blur_15x15_s5/heldout/H001864.png,5982
324721,5982,H001865,data/splits/100k/images/heldout/H001865.png,data/corrupted/100k_blur_15x15_s5/heldout/H001865.png,5982
324774,5982,H001866,data/splits/100k/images/heldout/H001866.png,data/corrupted/100k_blur_15x15_s5/heldout/H001866.png,5982
324664,5982,H001867,data/splits/100k/images/heldout/H001867.png,data/corrupted/100k_blur_15x15_s5/heldout/H001867.png,5982
353405,6606,H001868,data/splits/100k/images/heldout/H001868.png,data/corrupted/100k_blur_15x15_s5/heldout/H001868.png,6606
353463,6606,H001869,data/splits/100k/images/heldout/H001869.png,data/corrupted/100k_blur_15x15_s5/heldout/H001869.png,6606
353344,6606,H001870,data/splits/100k/images/heldout/H001870.png,data/corrupted/100k_blur_15x15_s5/heldout/H001870.png,6606
353396,6606,H001871,data/splits/100k/images/heldout/H001871.png,data/corrupted/100k_blur_15x15_s5/heldout/H001871.png,6606
359546,6743,H001872,data/splits/100k/images/heldout/H001872.png,data/corrupted/100k_blur_15x15_s5/heldout/H001872.png,6743
359439,6743,H001873,data/splits/100k/images/heldout/H001873.png,data/corrupted/100k_blur_15x15_s5/heldout/H001873.png,6743
359503,6743,H001874,data/splits/100k/images/heldout/H001874.png,data/corrupted/100k_blur_15x15_s5/heldout/H001874.png,6743
359540,6743,H001875,data/splits/100k/images/heldout/H001875.png,data/corrupted/100k_blur_15x15_s5/heldout/H001875.png,6743
11758,74,H001876,data/splits/100k/images/heldout/H001876.png,data/corrupted/100k_blur_15x15_s5/heldout/H001876.png,74
11778,74,H001877,data/splits/100k/images/heldout/H001877.png,data/corrupted/100k_blur_15x15_s5/heldout/H001877.png,74
11837,74,H001878,data/splits/100k/images/heldout/H001878.png,data/corrupted/100k_blur_15x15_s5/heldout/H001878.png,74
11867,74,H001879,data/splits/100k/images/heldout/H001879.png,data/corrupted/100k_blur_15x15_s5/heldout/H001879.png,74
19388,149,H001880,data/splits/100k/images/heldout/H001880.png,data/corrupted/100k_blur_15x15_s5/heldout/H001880.png,149
19306,149,H001881,data/splits/100k/images/heldout/H001881.png,data/corrupted/100k_blur_15x15_s5/heldout/H001881.png,149
19370,149,H001882,data/splits/100k/images/heldout/H001882.png,data/corrupted/100k_blur_15x15_s5/heldout/H001882.png,149
19299,149,H001883,data/splits/100k/images/heldout/H001883.png,data/corrupted/100k_blur_15x15_s5/heldout/H001883.png,149
221959,3729,H001884,data/splits/100k/images/heldout/H001884.png,data/corrupted/100k_blur_15x15_s5/heldout/H001884.png,3729
221920,3729,H001885,data/splits/100k/images/heldout/H001885.png,data/corrupted/100k_blur_15x15_s5/heldout/H001885.png,3729
221856,3729,H001886,data/splits/100k/images/heldout/H001886.png,data/corrupted/100k_blur_15x15_s5/heldout/H001886.png,3729
221909,3729,H001887,data/splits/100k/images/heldout/H001887.png,data/corrupted/100k_blur_15x15_s5/heldout/H001887.png,3729
346743,6433,H001888,data/splits/100k/images/heldout/H001888.png,data/corrupted/100k_blur_15x15_s5/heldout/H001888.png,6433
346872,6433,H001889,data/splits/100k/images/heldout/H001889.png,data/corrupted/100k_blur_15x15_s5/heldout/H001889.png,6433
346835,6433,H001890,data/splits/100k/images/heldout/H001890.png,data/corrupted/100k_blur_15x15_s5/heldout/H001890.png,6433
346801,6433,H001891,data/splits/100k/images/heldout/H001891.png,data/corrupted/100k_blur_15x15_s5/heldout/H001891.png,6433
359846,6750,H001892,data/splits/100k/images/heldout/H001892.png,data/corrupted/100k_blur_15x15_s5/heldout/H001892.png,6750
359924,6750,H001893,data/splits/100k/images/heldout/H001893.png,data/corrupted/100k_blur_15x15_s5/heldout/H001893.png,6750
359900,6750,H001894,data/splits/100k/images/heldout/H001894.png,data/corrupted/100k_blur_15x15_s5/heldout/H001894.png,6750
359875,6750,H001895,data/splits/100k/images/heldout/H001895.png,data/corrupted/100k_blur_15x15_s5/heldout/H001895.png,6750
404558,7942,H001896,data/splits/100k/images/heldout/H001896.png,data/corrupted/100k_blur_15x15_s5/heldout/H001896.png,7942
404572,7942,H001897,data/splits/100k/images/heldout/H001897.png,data/corrupted/100k_blur_15x15_s5/heldout/H001897.png,7942
404610,7942,H001898,data/splits/100k/images/heldout/H001898.png,data/corrupted/100k_blur_15x15_s5/heldout/H001898.png,7942
404500,7942,H001899,data/splits/100k/images/heldout/H001899.png,data/corrupted/100k_blur_15x15_s5/heldout/H001899.png,7942
407245,8019,H001900,data/splits/100k/images/heldout/H001900.png,data/corrupted/100k_blur_15x15_s5/heldout/H001900.png,8019
407337,8019,H001901,data/splits/100k/images/heldout/H001901.png,data/corrupted/100k_blur_15x15_s5/heldout/H001901.png,8019
407312,8019,H001902,data/splits/100k/images/heldout/H001902.png,data/corrupted/100k_blur_15x15_s5/heldout/H001902.png,8019
407322,8019,H001903,data/splits/100k/images/heldout/H001903.png,data/corrupted/100k_blur_15x15_s5/heldout/H001903.png,8019
445065,9082,H001904,data/splits/100k/images/heldout/H001904.png,data/corrupted/100k_blur_15x15_s5/heldout/H001904.png,9082
445060,9082,H001905,data/splits/100k/images/heldout/H001905.png,data/corrupted/100k_blur_15x15_s5/heldout/H001905.png,9082
445026,9082,H001906,data/splits/100k/images/heldout/H001906.png,data/corrupted/100k_blur_15x15_s5/heldout/H001906.png,9082
444983,9082,H001907,data/splits/100k/images/heldout/H001907.png,data/corrupted/100k_blur_15x15_s5/heldout/H001907.png,9082
28327,234,H001908,data/splits/100k/images/heldout/H001908.png,data/corrupted/100k_blur_15x15_s5/heldout/H001908.png,234
28237,234,H001909,data/splits/100k/images/heldout/H001909.png,data/corrupted/100k_blur_15x15_s5/heldout/H001909.png,234
28211,234,H001910,data/splits/100k/images/heldout/H001910.png,data/corrupted/100k_blur_15x15_s5/heldout/H001910.png,234
28203,234,H001911,data/splits/100k/images/heldout/H001911.png,data/corrupted/100k_blur_15x15_s5/heldout/H001911.png,234
50922,530,H001912,data/splits/100k/images/heldout/H001912.png,data/corrupted/100k_blur_15x15_s5/heldout/H001912.png,530
50981,530,H001913,data/splits/100k/images/heldout/H001913.png,data/corrupted/100k_blur_15x15_s5/heldout/H001913.png,530
51021,530,H001914,data/splits/100k/images/heldout/H001914.png,data/corrupted/100k_blur_15x15_s5/heldout/H001914.png,530
50926,530,H001915,data/splits/100k/images/heldout/H001915.png,data/corrupted/100k_blur_15x15_s5/heldout/H001915.png,530
309811,5630,H001916,data/splits/100k/images/heldout/H001916.png,data/corrupted/100k_blur_15x15_s5/heldout/H001916.png,5630
309874,5630,H001917,data/splits/100k/images/heldout/H001917.png,data/corrupted/100k_blur_15x15_s5/heldout/H001917.png,5630
309828,5630,H001918,data/splits/100k/images/heldout/H001918.png,data/corrupted/100k_blur_15x15_s5/heldout/H001918.png,5630
309850,5630,H001919,data/splits/100k/images/heldout/H001919.png,data/corrupted/100k_blur_15x15_s5/heldout/H001919.png,5630
315907,5775,H001920,data/splits/100k/images/heldout/H001920.png,data/corrupted/100k_blur_15x15_s5/heldout/H001920.png,5775
315806,5775,H001921,data/splits/100k/images/heldout/H001921.png,data/corrupted/100k_blur_15x15_s5/heldout/H001921.png,5775
315775,5775,H001922,data/splits/100k/images/heldout/H001922.png,data/corrupted/100k_blur_15x15_s5/heldout/H001922.png,5775
315923,5775,H001923,data/splits/100k/images/heldout/H001923.png,data/corrupted/100k_blur_15x15_s5/heldout/H001923.png,5775
376716,7155,H001924,data/splits/100k/images/heldout/H001924.png,data/corrupted/100k_blur_15x15_s5/heldout/H001924.png,7155
376596,7155,H001925,data/splits/100k/images/heldout/H001925.png,data/corrupted/100k_blur_15x15_s5/heldout/H001925.png,7155
376630,7155,H001926,data/splits/100k/images/heldout/H001926.png,data/corrupted/100k_blur_15x15_s5/heldout/H001926.png,7155
376609,7155,H001927,data/splits/100k/images/heldout/H001927.png,data/corrupted/100k_blur_15x15_s5/heldout/H001927.png,7155
2781,19,H001928,data/splits/100k/images/heldout/H001928.png,data/corrupted/100k_blur_15x15_s5/heldout/H001928.png,19
2726,19,H001929,data/splits/100k/images/heldout/H001929.png,data/corrupted/100k_blur_15x15_s5/heldout/H001929.png,19
2715,19,H001930,data/splits/100k/images/heldout/H001930.png,data/corrupted/100k_blur_15x15_s5/heldout/H001930.png,19
2863,19,H001931,data/splits/100k/images/heldout/H001931.png,data/corrupted/100k_blur_15x15_s5/heldout/H001931.png,19
137086,1966,H001932,data/splits/100k/images/heldout/H001932.png,data/corrupted/100k_blur_15x15_s5/heldout/H001932.png,1966
137061,1966,H001933,data/splits/100k/images/heldout/H001933.png,data/corrupted/100k_blur_15x15_s5/heldout/H001933.png,1966
137055,1966,H001934,data/splits/100k/images/heldout/H001934.png,data/corrupted/100k_blur_15x15_s5/heldout/H001934.png,1966
137172,1966,H001935,data/splits/100k/images/heldout/H001935.png,data/corrupted/100k_blur_15x15_s5/heldout/H001935.png,1966
195782,3154,H001936,data/splits/100k/images/heldout/H001936.png,data/corrupted/100k_blur_15x15_s5/heldout/H001936.png,3154
195694,3154,H001937,data/splits/100k/images/heldout/H001937.png,data/corrupted/100k_blur_15x15_s5/heldout/H001937.png,3154
195791,3154,H001938,data/splits/100k/images/heldout/H001938.png,data/corrupted/100k_blur_15x15_s5/heldout/H001938.png,3154
195707,3154,H001939,data/splits/100k/images/heldout/H001939.png,data/corrupted/100k_blur_15x15_s5/heldout/H001939.png,3154
254839,4409,H001940,data/splits/100k/images/heldout/H001940.png,data/corrupted/100k_blur_15x15_s5/heldout/H001940.png,4409
254855,4409,H001941,data/splits/100k/images/heldout/H001941.png,data/corrupted/100k_blur_15x15_s5/heldout/H001941.png,4409
254827,4409,H001942,data/splits/100k/images/heldout/H001942.png,data/corrupted/100k_blur_15x15_s5/heldout/H001942.png,4409
254833,4409,H001943,data/splits/100k/images/heldout/H001943.png,data/corrupted/100k_blur_15x15_s5/heldout/H001943.png,4409
320202,5879,H001944,data/splits/100k/images/heldout/H001944.png,data/corrupted/100k_blur_15x15_s5/heldout/H001944.png,5879
320288,5879,H001945,data/splits/100k/images/heldout/H001945.png,data/corrupted/100k_blur_15x15_s5/heldout/H001945.png,5879
320250,5879,H001946,data/splits/100k/images/heldout/H001946.png,data/corrupted/100k_blur_15x15_s5/heldout/H001946.png,5879
320215,5879,H001947,data/splits/100k/images/heldout/H001947.png,data/corrupted/100k_blur_15x15_s5/heldout/H001947.png,5879
373853,7086,H001948,data/splits/100k/images/heldout/H001948.png,data/corrupted/100k_blur_15x15_s5/heldout/H001948.png,7086
373779,7086,H001949,data/splits/100k/images/heldout/H001949.png,data/corrupted/100k_blur_15x15_s5/heldout/H001949.png,7086
373826,7086,H001950,data/splits/100k/images/heldout/H001950.png,data/corrupted/100k_blur_15x15_s5/heldout/H001950.png,7086
373916,7086,H001951,data/splits/100k/images/heldout/H001951.png,data/corrupted/100k_blur_15x15_s5/heldout/H001951.png,7086
89642,1089,H001952,data/splits/100k/images/heldout/H001952.png,data/corrupted/100k_blur_15x15_s5/heldout/H001952.png,1089
89615,1089,H001953,data/splits/100k/images/heldout/H001953.png,data/corrupted/100k_blur_15x15_s5/heldout/H001953.png,1089
89669,1089,H001954,data/splits/100k/images/heldout/H001954.png,data/corrupted/100k_blur_15x15_s5/heldout/H001954.png,1089
89700,1089,H001955,data/splits/100k/images/heldout/H001955.png,data/corrupted/100k_blur_15x15_s5/heldout/H001955.png,1089
193867,3114,H001956,data/splits/100k/images/heldout/H001956.png,data/corrupted/100k_blur_15x15_s5/heldout/H001956.png,3114
193881,3114,H001957,data/splits/100k/images/heldout/H001957.png,data/corrupted/100k_blur_15x15_s5/heldout/H001957.png,3114
193914,3114,H001958,data/splits/100k/images/heldout/H001958.png,data/corrupted/100k_blur_15x15_s5/heldout/H001958.png,3114
193900,3114,H001959,data/splits/100k/images/heldout/H001959.png,data/corrupted/100k_blur_15x15_s5/heldout/H001959.png,3114
225729,3809,H001960,data/splits/100k/images/heldout/H001960.png,data/corrupted/100k_blur_15x15_s5/heldout/H001960.png,3809
225758,3809,H001961,data/splits/100k/images/heldout/H001961.png,data/corrupted/100k_blur_15x15_s5/heldout/H001961.png,3809
225695,3809,H001962,data/splits/100k/images/heldout/H001962.png,data/corrupted/100k_blur_15x15_s5/heldout/H001962.png,3809
225720,3809,H001963,data/splits/100k/images/heldout/H001963.png,data/corrupted/100k_blur_15x15_s5/heldout/H001963.png,3809
285256,5094,H001964,data/splits/100k/images/heldout/H001964.png,data/corrupted/100k_blur_15x15_s5/heldout/H001964.png,5094
285327,5094,H001965,data/splits/100k/images/heldout/H001965.png,data/corrupted/100k_blur_15x15_s5/heldout/H001965.png,5094
285228,5094,H001966,data/splits/100k/images/heldout/H001966.png,data/corrupted/100k_blur_15x15_s5/heldout/H001966.png,5094
285204,5094,H001967,data/splits/100k/images/heldout/H001967.png,data/corrupted/100k_blur_15x15_s5/heldout/H001967.png,5094
328727,6063,H001968,data/splits/100k/images/heldout/H001968.png,data/corrupted/100k_blur_15x15_s5/heldout/H001968.png,6063
328755,6063,H001969,data/splits/100k/images/heldout/H001969.png,data/corrupted/100k_blur_15x15_s5/heldout/H001969.png,6063
328841,6063,H001970,data/splits/100k/images/heldout/H001970.png,data/corrupted/100k_blur_15x15_s5/heldout/H001970.png,6063
328769,6063,H001971,data/splits/100k/images/heldout/H001971.png,data/corrupted/100k_blur_15x15_s5/heldout/H001971.png,6063
22801,184,H001972,data/splits/100k/images/heldout/H001972.png,data/corrupted/100k_blur_15x15_s5/heldout/H001972.png,184
22729,184,H001973,data/splits/100k/images/heldout/H001973.png,data/corrupted/100k_blur_15x15_s5/heldout/H001973.png,184
22765,184,H001974,data/splits/100k/images/heldout/H001974.png,data/corrupted/100k_blur_15x15_s5/heldout/H001974.png,184
22795,184,H001975,data/splits/100k/images/heldout/H001975.png,data/corrupted/100k_blur_15x15_s5/heldout/H001975.png,184
130255,1810,H001976,data/splits/100k/images/heldout/H001976.png,data/corrupted/100k_blur_15x15_s5/heldout/H001976.png,1810
130207,1810,H001977,data/splits/100k/images/heldout/H001977.png,data/corrupted/100k_blur_15x15_s5/heldout/H001977.png,1810
130288,1810,H001978,data/splits/100k/images/heldout/H001978.png,data/corrupted/100k_blur_15x15_s5/heldout/H001978.png,1810
130300,1810,H001979,data/splits/100k/images/heldout/H001979.png,data/corrupted/100k_blur_15x15_s5/heldout/H001979.png,1810
172005,2650,H001980,data/splits/100k/images/heldout/H001980.png,data/corrupted/100k_blur_15x15_s5/heldout/H001980.png,2650
171983,2650,H001981,data/splits/100k/images/heldout/H001981.png,data/corrupted/100k_blur_15x15_s5/heldout/H001981.png,2650
171943,2650,H001982,data/splits/100k/images/heldout/H001982.png,data/corrupted/100k_blur_15x15_s5/heldout/H001982.png,2650
172054,2650,H001983,data/splits/100k/images/heldout/H001983.png,data/corrupted/100k_blur_15x15_s5/heldout/H001983.png,2650
372872,7069,H001984,data/splits/100k/images/heldout/H001984.png,data/corrupted/100k_blur_15x15_s5/heldout/H001984.png,7069
372902,7069,H001985,data/splits/100k/images/heldout/H001985.png,data/corrupted/100k_blur_15x15_s5/heldout/H001985.png,7069
372818,7069,H001986,data/splits/100k/images/heldout/H001986.png,data/corrupted/100k_blur_15x15_s5/heldout/H001986.png,7069
372940,7069,H001987,data/splits/100k/images/heldout/H001987.png,data/corrupted/100k_blur_15x15_s5/heldout/H001987.png,7069
381371,7299,H001988,data/splits/100k/images/heldout/H001988.png,data/corrupted/100k_blur_15x15_s5/heldout/H001988.png,7299
381304,7299,H001989,data/splits/100k/images/heldout/H001989.png,data/corrupted/100k_blur_15x15_s5/heldout/H001989.png,7299
381332,7299,H001990,data/splits/100k/images/heldout/H001990.png,data/corrupted/100k_blur_15x15_s5/heldout/H001990.png,7299
381412,7299,H001991,data/splits/100k/images/heldout/H001991.png,data/corrupted/100k_blur_15x15_s5/heldout/H001991.png,7299
9872,56,H001992,data/splits/100k/images/heldout/H001992.png,data/corrupted/100k_blur_15x15_s5/heldout/H001992.png,56
9883,56,H001993,data/splits/100k/images/heldout/H001993.png,data/corrupted/100k_blur_15x15_s5/heldout/H001993.png,56
9921,56,H001994,data/splits/100k/images/heldout/H001994.png,data/corrupted/100k_blur_15x15_s5/heldout/H001994.png,56
9869,56,H001995,data/splits/100k/images/heldout/H001995.png,data/corrupted/100k_blur_15x15_s5/heldout/H001995.png,56
217234,3630,H001996,data/splits/100k/images/heldout/H001996.png,data/corrupted/100k_blur_15x15_s5/heldout/H001996.png,3630
217284,3630,H001997,data/splits/100k/images/heldout/H001997.png,data/corrupted/100k_blur_15x15_s5/heldout/H001997.png,3630
217191,3630,H001998,data/splits/100k/images/heldout/H001998.png,data/corrupted/100k_blur_15x15_s5/heldout/H001998.png,3630
217177,3630,H001999,data/splits/100k/images/heldout/H001999.png,data/corrupted/100k_blur_15x15_s5/heldout/H001999.png,3630
280468,5004,H002000,data/splits/100k/images/heldout/H002000.png,data/corrupted/100k_blur_15x15_s5/heldout/H002000.png,5004
280443,5004,H002001,data/splits/100k/images/heldout/H002001.png,data/corrupted/100k_blur_15x15_s5/heldout/H002001.png,5004
280413,5004,H002002,data/splits/100k/images/heldout/H002002.png,data/corrupted/100k_blur_15x15_s5/heldout/H002002.png,5004
280426,5004,H002003,data/splits/100k/images/heldout/H002003.png,data/corrupted/100k_blur_15x15_s5/heldout/H002003.png,5004
401191,7849,H002004,data/splits/100k/images/heldout/H002004.png,data/corrupted/100k_blur_15x15_s5/heldout/H002004.png,7849
401163,7849,H002005,data/splits/100k/images/heldout/H002005.png,data/corrupted/100k_blur_15x15_s5/heldout/H002005.png,7849
401219,7849,H002006,data/splits/100k/images/heldout/H002006.png,data/corrupted/100k_blur_15x15_s5/heldout/H002006.png,7849
401135,7849,H002007,data/splits/100k/images/heldout/H002007.png,data/corrupted/100k_blur_15x15_s5/heldout/H002007.png,7849
443397,9034,H002008,data/splits/100k/images/heldout/H002008.png,data/corrupted/100k_blur_15x15_s5/heldout/H002008.png,9034
443336,9034,H002009,data/splits/100k/images/heldout/H002009.png,data/corrupted/100k_blur_15x15_s5/heldout/H002009.png,9034
443342,9034,H002010,data/splits/100k/images/heldout/H002010.png,data/corrupted/100k_blur_15x15_s5/heldout/H002010.png,9034
443390,9034,H002011,data/splits/100k/images/heldout/H002011.png,data/corrupted/100k_blur_15x15_s5/heldout/H002011.png,9034
460152,9544,H002012,data/splits/100k/images/heldout/H002012.png,data/corrupted/100k_blur_15x15_s5/heldout/H002012.png,9544
460083,9544,H002013,data/splits/100k/images/heldout/H002013.png,data/corrupted/100k_blur_15x15_s5/heldout/H002013.png,9544
460215,9544,H002014,data/splits/100k/images/heldout/H002014.png,data/corrupted/100k_blur_15x15_s5/heldout/H002014.png,9544
460202,9544,H002015,data/splits/100k/images/heldout/H002015.png,data/corrupted/100k_blur_15x15_s5/heldout/H002015.png,9544
12371,79,H002016,data/splits/100k/images/heldout/H002016.png,data/corrupted/100k_blur_15x15_s5/heldout/H002016.png,79
12342,79,H002017,data/splits/100k/images/heldout/H002017.png,data/corrupted/100k_blur_15x15_s5/heldout/H002017.png,79
12358,79,H002018,data/splits/100k/images/heldout/H002018.png,data/corrupted/100k_blur_15x15_s5/heldout/H002018.png,79
12333,79,H002019,data/splits/100k/images/heldout/H002019.png,data/corrupted/100k_blur_15x15_s5/heldout/H002019.png,79
247535,4281,H002020,data/splits/100k/images/heldout/H002020.png,data/corrupted/100k_blur_15x15_s5/heldout/H002020.png,4281
247499,4281,H002021,data/splits/100k/images/heldout/H002021.png,data/corrupted/100k_blur_15x15_s5/heldout/H002021.png,4281
247611,4281,H002022,data/splits/100k/images/heldout/H002022.png,data/corrupted/100k_blur_15x15_s5/heldout/H002022.png,4281
247593,4281,H002023,data/splits/100k/images/heldout/H002023.png,data/corrupted/100k_blur_15x15_s5/heldout/H002023.png,4281
274906,4874,H002024,data/splits/100k/images/heldout/H002024.png,data/corrupted/100k_blur_15x15_s5/heldout/H002024.png,4874
274772,4874,H002025,data/splits/100k/images/heldout/H002025.png,data/corrupted/100k_blur_15x15_s5/heldout/H002025.png,4874
274831,4874,H002026,data/splits/100k/images/heldout/H002026.png,data/corrupted/100k_blur_15x15_s5/heldout/H002026.png,4874
274844,4874,H002027,data/splits/100k/images/heldout/H002027.png,data/corrupted/100k_blur_15x15_s5/heldout/H002027.png,4874
289348,5191,H002028,data/splits/100k/images/heldout/H002028.png,data/corrupted/100k_blur_15x15_s5/heldout/H002028.png,5191
289293,5191,H002029,data/splits/100k/images/heldout/H002029.png,data/corrupted/100k_blur_15x15_s5/heldout/H002029.png,5191
289264,5191,H002030,data/splits/100k/images/heldout/H002030.png,data/corrupted/100k_blur_15x15_s5/heldout/H002030.png,5191
289305,5191,H002031,data/splits/100k/images/heldout/H002031.png,data/corrupted/100k_blur_15x15_s5/heldout/H002031.png,5191
343108,6357,H002032,data/splits/100k/images/heldout/H002032.png,data/corrupted/100k_blur_15x15_s5/heldout/H002032.png,6357
343029,6357,H002033,data/splits/100k/images/heldout/H002033.png,data/corrupted/100k_blur_15x15_s5/heldout/H002033.png,6357
342995,6357,H002034,data/splits/100k/images/heldout/H002034.png,data/corrupted/100k_blur_15x15_s5/heldout/H002034.png,6357
343101,6357,H002035,data/splits/100k/images/heldout/H002035.png,data/corrupted/100k_blur_15x15_s5/heldout/H002035.png,6357
450781,9241,H002036,data/splits/100k/images/heldout/H002036.png,data/corrupted/100k_blur_15x15_s5/heldout/H002036.png,9241
450753,9241,H002037,data/splits/100k/images/heldout/H002037.png,data/corrupted/100k_blur_15x15_s5/heldout/H002037.png,9241
450707,9241,H002038,data/splits/100k/images/heldout/H002038.png,data/corrupted/100k_blur_15x15_s5/heldout/H002038.png,9241
450800,9241,H002039,data/splits/100k/images/heldout/H002039.png,data/corrupted/100k_blur_15x15_s5/heldout/H002039.png,9241
50258,521,H002040,data/splits/100k/images/heldout/H002040.png,data/corrupted/100k_blur_15x15_s5/heldout/H002040.png,521
50183,521,H002041,data/splits/100k/images/heldout/H002041.png,data/corrupted/100k_blur_15x15_s5/heldout/H002041.png,521
50300,521,H002042,data/splits/100k/images/heldout/H002042.png,data/corrupted/100k_blur_15x15_s5/heldout/H002042.png,521
50276,521,H002043,data/splits/100k/images/heldout/H002043.png,data/corrupted/100k_blur_15x15_s5/heldout/H002043.png,521
84151,1017,H002044,data/splits/100k/images/heldout/H002044.png,data/corrupted/100k_blur_15x15_s5/heldout/H002044.png,1017
84214,1017,H002045,data/splits/100k/images/heldout/H002045.png,data/corrupted/100k_blur_15x15_s5/heldout/H002045.png,1017
84164,1017,H002046,data/splits/100k/images/heldout/H002046.png,data/corrupted/100k_blur_15x15_s5/heldout/H002046.png,1017
84245,1017,H002047,data/splits/100k/images/heldout/H002047.png,data/corrupted/100k_blur_15x15_s5/heldout/H002047.png,1017
150117,2212,H002048,data/splits/100k/images/heldout/H002048.png,data/corrupted/100k_blur_15x15_s5/heldout/H002048.png,2212
150201,2212,H002049,data/splits/100k/images/heldout/H002049.png,data/corrupted/100k_blur_15x15_s5/heldout/H002049.png,2212
150172,2212,H002050,data/splits/100k/images/heldout/H002050.png,data/corrupted/100k_blur_15x15_s5/heldout/H002050.png,2212
150090,2212,H002051,data/splits/100k/images/heldout/H002051.png,data/corrupted/100k_blur_15x15_s5/heldout/H002051.png,2212
215612,3597,H002052,data/splits/100k/images/heldout/H002052.png,data/corrupted/100k_blur_15x15_s5/heldout/H002052.png,3597
215526,3597,H002053,data/splits/100k/images/heldout/H002053.png,data/corrupted/100k_blur_15x15_s5/heldout/H002053.png,3597
215630,3597,H002054,data/splits/100k/images/heldout/H002054.png,data/corrupted/100k_blur_15x15_s5/heldout/H002054.png,3597
215573,3597,H002055,data/splits/100k/images/heldout/H002055.png,data/corrupted/100k_blur_15x15_s5/heldout/H002055.png,3597
243207,4187,H002056,data/splits/100k/images/heldout/H002056.png,data/corrupted/100k_blur_15x15_s5/heldout/H002056.png,4187
243146,4187,H002057,data/splits/100k/images/heldout/H002057.png,data/corrupted/100k_blur_15x15_s5/heldout/H002057.png,4187
243148,4187,H002058,data/splits/100k/images/heldout/H002058.png,data/corrupted/100k_blur_15x15_s5/heldout/H002058.png,4187
243112,4187,H002059,data/splits/100k/images/heldout/H002059.png,data/corrupted/100k_blur_15x15_s5/heldout/H002059.png,4187
406367,7995,H002060,data/splits/100k/images/heldout/H002060.png,data/corrupted/100k_blur_15x15_s5/heldout/H002060.png,7995
406362,7995,H002061,data/splits/100k/images/heldout/H002061.png,data/corrupted/100k_blur_15x15_s5/heldout/H002061.png,7995
406377,7995,H002062,data/splits/100k/images/heldout/H002062.png,data/corrupted/100k_blur_15x15_s5/heldout/H002062.png,7995
406392,7995,H002063,data/splits/100k/images/heldout/H002063.png,data/corrupted/100k_blur_15x15_s5/heldout/H002063.png,7995
55732,595,H002064,data/splits/100k/images/heldout/H002064.png,data/corrupted/100k_blur_15x15_s5/heldout/H002064.png,595
55640,595,H002065,data/splits/100k/images/heldout/H002065.png,data/corrupted/100k_blur_15x15_s5/heldout/H002065.png,595
55648,595,H002066,data/splits/100k/images/heldout/H002066.png,data/corrupted/100k_blur_15x15_s5/heldout/H002066.png,595
55721,595,H002067,data/splits/100k/images/heldout/H002067.png,data/corrupted/100k_blur_15x15_s5/heldout/H002067.png,595
139235,2004,H002068,data/splits/100k/images/heldout/H002068.png,data/corrupted/100k_blur_15x15_s5/heldout/H002068.png,2004
139158,2004,H002069,data/splits/100k/images/heldout/H002069.png,data/corrupted/100k_blur_15x15_s5/heldout/H002069.png,2004
139177,2004,H002070,data/splits/100k/images/heldout/H002070.png,data/corrupted/100k_blur_15x15_s5/heldout/H002070.png,2004
139243,2004,H002071,data/splits/100k/images/heldout/H002071.png,data/corrupted/100k_blur_15x15_s5/heldout/H002071.png,2004
382246,7319,H002072,data/splits/100k/images/heldout/H002072.png,data/corrupted/100k_blur_15x15_s5/heldout/H002072.png,7319
382292,7319,H002073,data/splits/100k/images/heldout/H002073.png,data/corrupted/100k_blur_15x15_s5/heldout/H002073.png,7319
382320,7319,H002074,data/splits/100k/images/heldout/H002074.png,data/corrupted/100k_blur_15x15_s5/heldout/H002074.png,7319
382337,7319,H002075,data/splits/100k/images/heldout/H002075.png,data/corrupted/100k_blur_15x15_s5/heldout/H002075.png,7319
165464,2527,H002076,data/splits/100k/images/heldout/H002076.png,data/corrupted/100k_blur_15x15_s5/heldout/H002076.png,2527
165453,2527,H002077,data/splits/100k/images/heldout/H002077.png,data/corrupted/100k_blur_15x15_s5/heldout/H002077.png,2527
165503,2527,H002078,data/splits/100k/images/heldout/H002078.png,data/corrupted/100k_blur_15x15_s5/heldout/H002078.png,2527
165525,2527,H002079,data/splits/100k/images/heldout/H002079.png,data/corrupted/100k_blur_15x15_s5/heldout/H002079.png,2527
193337,3098,H002080,data/splits/100k/images/heldout/H002080.png,data/corrupted/100k_blur_15x15_s5/heldout/H002080.png,3098
193239,3098,H002081,data/splits/100k/images/heldout/H002081.png,data/corrupted/100k_blur_15x15_s5/heldout/H002081.png,3098
193375,3098,H002082,data/splits/100k/images/heldout/H002082.png,data/corrupted/100k_blur_15x15_s5/heldout/H002082.png,3098
193281,3098,H002083,data/splits/100k/images/heldout/H002083.png,data/corrupted/100k_blur_15x15_s5/heldout/H002083.png,3098
410932,8108,H002084,data/splits/100k/images/heldout/H002084.png,data/corrupted/100k_blur_15x15_s5/heldout/H002084.png,8108
411020,8108,H002085,data/splits/100k/images/heldout/H002085.png,data/corrupted/100k_blur_15x15_s5/heldout/H002085.png,8108
410909,8108,H002086,data/splits/100k/images/heldout/H002086.png,data/corrupted/100k_blur_15x15_s5/heldout/H002086.png,8108
410979,8108,H002087,data/splits/100k/images/heldout/H002087.png,data/corrupted/100k_blur_15x15_s5/heldout/H002087.png,8108
419924,8380,H002088,data/splits/100k/images/heldout/H002088.png,data/corrupted/100k_blur_15x15_s5/heldout/H002088.png,8380
419983,8380,H002089,data/splits/100k/images/heldout/H002089.png,data/corrupted/100k_blur_15x15_s5/heldout/H002089.png,8380
419999,8380,H002090,data/splits/100k/images/heldout/H002090.png,data/corrupted/100k_blur_15x15_s5/heldout/H002090.png,8380
419913,8380,H002091,data/splits/100k/images/heldout/H002091.png,data/corrupted/100k_blur_15x15_s5/heldout/H002091.png,8380
83617,1012,H002092,data/splits/100k/images/heldout/H002092.png,data/corrupted/100k_blur_15x15_s5/heldout/H002092.png,1012
83564,1012,H002093,data/splits/100k/images/heldout/H002093.png,data/corrupted/100k_blur_15x15_s5/heldout/H002093.png,1012
83552,1012,H002094,data/splits/100k/images/heldout/H002094.png,data/corrupted/100k_blur_15x15_s5/heldout/H002094.png,1012
83596,1012,H002095,data/splits/100k/images/heldout/H002095.png,data/corrupted/100k_blur_15x15_s5/heldout/H002095.png,1012
176158,2731,H002096,data/splits/100k/images/heldout/H002096.png,data/corrupted/100k_blur_15x15_s5/heldout/H002096.png,2731
176087,2731,H002097,data/splits/100k/images/heldout/H002097.png,data/corrupted/100k_blur_15x15_s5/heldout/H002097.png,2731
176100,2731,H002098,data/splits/100k/images/heldout/H002098.png,data/corrupted/100k_blur_15x15_s5/heldout/H002098.png,2731
176112,2731,H002099,data/splits/100k/images/heldout/H002099.png,data/corrupted/100k_blur_15x15_s5/heldout/H002099.png,2731
189480,3016,H002100,data/splits/100k/images/heldout/H002100.png,data/corrupted/100k_blur_15x15_s5/heldout/H002100.png,3016
189442,3016,H002101,data/splits/100k/images/heldout/H002101.png,data/corrupted/100k_blur_15x15_s5/heldout/H002101.png,3016
189461,3016,H002102,data/splits/100k/images/heldout/H002102.png,data/corrupted/100k_blur_15x15_s5/heldout/H002102.png,3016
189430,3016,H002103,data/splits/100k/images/heldout/H002103.png,data/corrupted/100k_blur_15x15_s5/heldout/H002103.png,3016
218703,3674,H002104,data/splits/100k/images/heldout/H002104.png,data/corrupted/100k_blur_15x15_s5/heldout/H002104.png,3674
218776,3674,H002105,data/splits/100k/images/heldout/H002105.png,data/corrupted/100k_blur_15x15_s5/heldout/H002105.png,3674
218685,3674,H002106,data/splits/100k/images/heldout/H002106.png,data/corrupted/100k_blur_15x15_s5/heldout/H002106.png,3674
218721,3674,H002107,data/splits/100k/images/heldout/H002107.png,data/corrupted/100k_blur_15x15_s5/heldout/H002107.png,3674
43574,430,H002108,data/splits/100k/images/heldout/H002108.png,data/corrupted/100k_blur_15x15_s5/heldout/H002108.png,430
43617,430,H002109,data/splits/100k/images/heldout/H002109.png,data/corrupted/100k_blur_15x15_s5/heldout/H002109.png,430
43549,430,H002110,data/splits/100k/images/heldout/H002110.png,data/corrupted/100k_blur_15x15_s5/heldout/H002110.png,430
43658,430,H002111,data/splits/100k/images/heldout/H002111.png,data/corrupted/100k_blur_15x15_s5/heldout/H002111.png,430
62510,690,H002112,data/splits/100k/images/heldout/H002112.png,data/corrupted/100k_blur_15x15_s5/heldout/H002112.png,690
62499,690,H002113,data/splits/100k/images/heldout/H002113.png,data/corrupted/100k_blur_15x15_s5/heldout/H002113.png,690
62514,690,H002114,data/splits/100k/images/heldout/H002114.png,data/corrupted/100k_blur_15x15_s5/heldout/H002114.png,690
62458,690,H002115,data/splits/100k/images/heldout/H002115.png,data/corrupted/100k_blur_15x15_s5/heldout/H002115.png,690
74365,886,H002116,data/splits/100k/images/heldout/H002116.png,data/corrupted/100k_blur_15x15_s5/heldout/H002116.png,886
74381,886,H002117,data/splits/100k/images/heldout/H002117.png,data/corrupted/100k_blur_15x15_s5/heldout/H002117.png,886
74386,886,H002118,data/splits/100k/images/heldout/H002118.png,data/corrupted/100k_blur_15x15_s5/heldout/H002118.png,886
74421,886,H002119,data/splits/100k/images/heldout/H002119.png,data/corrupted/100k_blur_15x15_s5/heldout/H002119.png,886
95480,1164,H002120,data/splits/100k/images/heldout/H002120.png,data/corrupted/100k_blur_15x15_s5/heldout/H002120.png,1164
95445,1164,H002121,data/splits/100k/images/heldout/H002121.png,data/corrupted/100k_blur_15x15_s5/heldout/H002121.png,1164
95414,1164,H002122,data/splits/100k/images/heldout/H002122.png,data/corrupted/100k_blur_15x15_s5/heldout/H002122.png,1164
95405,1164,H002123,data/splits/100k/images/heldout/H002123.png,data/corrupted/100k_blur_15x15_s5/heldout/H002123.png,1164
134713,1909,H002124,data/splits/100k/images/heldout/H002124.png,data/corrupted/100k_blur_15x15_s5/heldout/H002124.png,1909
134694,1909,H002125,data/splits/100k/images/heldout/H002125.png,data/corrupted/100k_blur_15x15_s5/heldout/H002125.png,1909
134702,1909,H002126,data/splits/100k/images/heldout/H002126.png,data/corrupted/100k_blur_15x15_s5/heldout/H002126.png,1909
134697,1909,H002127,data/splits/100k/images/heldout/H002127.png,data/corrupted/100k_blur_15x15_s5/heldout/H002127.png,1909
163370,2485,H002128,data/splits/100k/images/heldout/H002128.png,data/corrupted/100k_blur_15x15_s5/heldout/H002128.png,2485
163264,2485,H002129,data/splits/100k/images/heldout/H002129.png,data/corrupted/100k_blur_15x15_s5/heldout/H002129.png,2485
163291,2485,H002130,data/splits/100k/images/heldout/H002130.png,data/corrupted/100k_blur_15x15_s5/heldout/H002130.png,2485
163385,2485,H002131,data/splits/100k/images/heldout/H002131.png,data/corrupted/100k_blur_15x15_s5/heldout/H002131.png,2485
190415,3025,H002132,data/splits/100k/images/heldout/H002132.png,data/corrupted/100k_blur_15x15_s5/heldout/H002132.png,3025
190341,3025,H002133,data/splits/100k/images/heldout/H002133.png,data/corrupted/100k_blur_15x15_s5/heldout/H002133.png,3025
190382,3025,H002134,data/splits/100k/images/heldout/H002134.png,data/corrupted/100k_blur_15x15_s5/heldout/H002134.png,3025
190381,3025,H002135,data/splits/100k/images/heldout/H002135.png,data/corrupted/100k_blur_15x15_s5/heldout/H002135.png,3025
206587,3400,H002136,data/splits/100k/images/heldout/H002136.png,data/corrupted/100k_blur_15x15_s5/heldout/H002136.png,3400
206583,3400,H002137,data/splits/100k/images/heldout/H002137.png,data/corrupted/100k_blur_15x15_s5/heldout/H002137.png,3400
206592,3400,H002138,data/splits/100k/images/heldout/H002138.png,data/corrupted/100k_blur_15x15_s5/heldout/H002138.png,3400
206611,3400,H002139,data/splits/100k/images/heldout/H002139.png,data/corrupted/100k_blur_15x15_s5/heldout/H002139.png,3400
212936,3524,H002140,data/splits/100k/images/heldout/H002140.png,data/corrupted/100k_blur_15x15_s5/heldout/H002140.png,3524
212890,3524,H002141,data/splits/100k/images/heldout/H002141.png,data/corrupted/100k_blur_15x15_s5/heldout/H002141.png,3524
212922,3524,H002142,data/splits/100k/images/heldout/H002142.png,data/corrupted/100k_blur_15x15_s5/heldout/H002142.png,3524
213023,3524,H002143,data/splits/100k/images/heldout/H002143.png,data/corrupted/100k_blur_15x15_s5/heldout/H002143.png,3524
284214,5078,H002144,data/splits/100k/images/heldout/H002144.png,data/corrupted/100k_blur_15x15_s5/heldout/H002144.png,5078
284206,5078,H002145,data/splits/100k/images/heldout/H002145.png,data/corrupted/100k_blur_15x15_s5/heldout/H002145.png,5078
284193,5078,H002146,data/splits/100k/images/heldout/H002146.png,data/corrupted/100k_blur_15x15_s5/heldout/H002146.png,5078
284323,5078,H002147,data/splits/100k/images/heldout/H002147.png,data/corrupted/100k_blur_15x15_s5/heldout/H002147.png,5078
301976,5470,H002148,data/splits/100k/images/heldout/H002148.png,data/corrupted/100k_blur_15x15_s5/heldout/H002148.png,5470
302038,5470,H002149,data/splits/100k/images/heldout/H002149.png,data/corrupted/100k_blur_15x15_s5/heldout/H002149.png,5470
301971,5470,H002150,data/splits/100k/images/heldout/H002150.png,data/corrupted/100k_blur_15x15_s5/heldout/H002150.png,5470
302019,5470,H002151,data/splits/100k/images/heldout/H002151.png,data/corrupted/100k_blur_15x15_s5/heldout/H002151.png,5470
389794,7525,H002152,data/splits/100k/images/heldout/H002152.png,data/corrupted/100k_blur_15x15_s5/heldout/H002152.png,7525
389844,7525,H002153,data/splits/100k/images/heldout/H002153.png,data/corrupted/100k_blur_15x15_s5/heldout/H002153.png,7525
389833,7525,H002154,data/splits/100k/images/heldout/H002154.png,data/corrupted/100k_blur_15x15_s5/heldout/H002154.png,7525
389855,7525,H002155,data/splits/100k/images/heldout/H002155.png,data/corrupted/100k_blur_15x15_s5/heldout/H002155.png,7525
396334,7714,H002156,data/splits/100k/images/heldout/H002156.png,data/corrupted/100k_blur_15x15_s5/heldout/H002156.png,7714
396274,7714,H002157,data/splits/100k/images/heldout/H002157.png,data/corrupted/100k_blur_15x15_s5/heldout/H002157.png,7714
396362,7714,H002158,data/splits/100k/images/heldout/H002158.png,data/corrupted/100k_blur_15x15_s5/heldout/H002158.png,7714
396365,7714,H002159,data/splits/100k/images/heldout/H002159.png,data/corrupted/100k_blur_15x15_s5/heldout/H002159.png,7714
17774,137,H002160,data/splits/100k/images/heldout/H002160.png,data/corrupted/100k_blur_15x15_s5/heldout/H002160.png,137
17724,137,H002161,data/splits/100k/images/heldout/H002161.png,data/corrupted/100k_blur_15x15_s5/heldout/H002161.png,137
17827,137,H002162,data/splits/100k/images/heldout/H002162.png,data/corrupted/100k_blur_15x15_s5/heldout/H002162.png,137
17747,137,H002163,data/splits/100k/images/heldout/H002163.png,data/corrupted/100k_blur_15x15_s5/heldout/H002163.png,137
44415,444,H002164,data/splits/100k/images/heldout/H002164.png,data/corrupted/100k_blur_15x15_s5/heldout/H002164.png,444
44409,444,H002165,data/splits/100k/images/heldout/H002165.png,data/corrupted/100k_blur_15x15_s5/heldout/H002165.png,444
44452,444,H002166,data/splits/100k/images/heldout/H002166.png,data/corrupted/100k_blur_15x15_s5/heldout/H002166.png,444
44362,444,H002167,data/splits/100k/images/heldout/H002167.png,data/corrupted/100k_blur_15x15_s5/heldout/H002167.png,444
71212,854,H002168,data/splits/100k/images/heldout/H002168.png,data/corrupted/100k_blur_15x15_s5/heldout/H002168.png,854
71245,854,H002169,data/splits/100k/images/heldout/H002169.png,data/corrupted/100k_blur_15x15_s5/heldout/H002169.png,854
71224,854,H002170,data/splits/100k/images/heldout/H002170.png,data/corrupted/100k_blur_15x15_s5/heldout/H002170.png,854
71266,854,H002171,data/splits/100k/images/heldout/H002171.png,data/corrupted/100k_blur_15x15_s5/heldout/H002171.png,854
81940,995,H002172,data/splits/100k/images/heldout/H002172.png,data/corrupted/100k_blur_15x15_s5/heldout/H002172.png,995
81943,995,H002173,data/splits/100k/images/heldout/H002173.png,data/corrupted/100k_blur_15x15_s5/heldout/H002173.png,995
81924,995,H002174,data/splits/100k/images/heldout/H002174.png,data/corrupted/100k_blur_15x15_s5/heldout/H002174.png,995
81971,995,H002175,data/splits/100k/images/heldout/H002175.png,data/corrupted/100k_blur_15x15_s5/heldout/H002175.png,995
210495,3470,H002176,data/splits/100k/images/heldout/H002176.png,data/corrupted/100k_blur_15x15_s5/heldout/H002176.png,3470
210395,3470,H002177,data/splits/100k/images/heldout/H002177.png,data/corrupted/100k_blur_15x15_s5/heldout/H002177.png,3470
210530,3470,H002178,data/splits/100k/images/heldout/H002178.png,data/corrupted/100k_blur_15x15_s5/heldout/H002178.png,3470
210401,3470,H002179,data/splits/100k/images/heldout/H002179.png,data/corrupted/100k_blur_15x15_s5/heldout/H002179.png,3470
272197,4816,H002180,data/splits/100k/images/heldout/H002180.png,data/corrupted/100k_blur_15x15_s5/heldout/H002180.png,4816
272092,4816,H002181,data/splits/100k/images/heldout/H002181.png,data/corrupted/100k_blur_15x15_s5/heldout/H002181.png,4816
272107,4816,H002182,data/splits/100k/images/heldout/H002182.png,data/corrupted/100k_blur_15x15_s5/heldout/H002182.png,4816
272164,4816,H002183,data/splits/100k/images/heldout/H002183.png,data/corrupted/100k_blur_15x15_s5/heldout/H002183.png,4816
371958,7042,H002184,data/splits/100k/images/heldout/H002184.png,data/corrupted/100k_blur_15x15_s5/heldout/H002184.png,7042
372018,7042,H002185,data/splits/100k/images/heldout/H002185.png,data/corrupted/100k_blur_15x15_s5/heldout/H002185.png,7042
371957,7042,H002186,data/splits/100k/images/heldout/H002186.png,data/corrupted/100k_blur_15x15_s5/heldout/H002186.png,7042
371902,7042,H002187,data/splits/100k/images/heldout/H002187.png,data/corrupted/100k_blur_15x15_s5/heldout/H002187.png,7042
1614,12,H002188,data/splits/100k/images/heldout/H002188.png,data/corrupted/100k_blur_15x15_s5/heldout/H002188.png,12
1600,12,H002189,data/splits/100k/images/heldout/H002189.png,data/corrupted/100k_blur_15x15_s5/heldout/H002189.png,12
1631,12,H002190,data/splits/100k/images/heldout/H002190.png,data/corrupted/100k_blur_15x15_s5/heldout/H002190.png,12
1545,12,H002191,data/splits/100k/images/heldout/H002191.png,data/corrupted/100k_blur_15x15_s5/heldout/H002191.png,12
35488,315,H002192,data/splits/100k/images/heldout/H002192.png,data/corrupted/100k_blur_15x15_s5/heldout/H002192.png,315
35580,315,H002193,data/splits/100k/images/heldout/H002193.png,data/corrupted/100k_blur_15x15_s5/heldout/H002193.png,315
35625,315,H002194,data/splits/100k/images/heldout/H002194.png,data/corrupted/100k_blur_15x15_s5/heldout/H002194.png,315
35521,315,H002195,data/splits/100k/images/heldout/H002195.png,data/corrupted/100k_blur_15x15_s5/heldout/H002195.png,315
229814,3922,H002196,data/splits/100k/images/heldout/H002196.png,data/corrupted/100k_blur_15x15_s5/heldout/H002196.png,3922
229854,3922,H002197,data/splits/100k/images/heldout/H002197.png,data/corrupted/100k_blur_15x15_s5/heldout/H002197.png,3922
229830,3922,H002198,data/splits/100k/images/heldout/H002198.png,data/corrupted/100k_blur_15x15_s5/heldout/H002198.png,3922
229845,3922,H002199,data/splits/100k/images/heldout/H002199.png,data/corrupted/100k_blur_15x15_s5/heldout/H002199.png,3922
303374,5503,H002200,data/splits/100k/images/heldout/H002200.png,data/corrupted/100k_blur_15x15_s5/heldout/H002200.png,5503
303438,5503,H002201,data/splits/100k/images/heldout/H002201.png,data/corrupted/100k_blur_15x15_s5/heldout/H002201.png,5503
303298,5503,H002202,data/splits/100k/images/heldout/H002202.png,data/corrupted/100k_blur_15x15_s5/heldout/H002202.png,5503
303426,5503,H002203,data/splits/100k/images/heldout/H002203.png,data/corrupted/100k_blur_15x15_s5/heldout/H002203.png,5503
311095,5671,H002204,data/splits/100k/images/heldout/H002204.png,data/corrupted/100k_blur_15x15_s5/heldout/H002204.png,5671
311109,5671,H002205,data/splits/100k/images/heldout/H002205.png,data/corrupted/100k_blur_15x15_s5/heldout/H002205.png,5671
311139,5671,H002206,data/splits/100k/images/heldout/H002206.png,data/corrupted/100k_blur_15x15_s5/heldout/H002206.png,5671
311115,5671,H002207,data/splits/100k/images/heldout/H002207.png,data/corrupted/100k_blur_15x15_s5/heldout/H002207.png,5671
95374,1163,H002208,data/splits/100k/images/heldout/H002208.png,data/corrupted/100k_blur_15x15_s5/heldout/H002208.png,1163
95386,1163,H002209,data/splits/100k/images/heldout/H002209.png,data/corrupted/100k_blur_15x15_s5/heldout/H002209.png,1163
95373,1163,H002210,data/splits/100k/images/heldout/H002210.png,data/corrupted/100k_blur_15x15_s5/heldout/H002210.png,1163
95282,1163,H002211,data/splits/100k/images/heldout/H002211.png,data/corrupted/100k_blur_15x15_s5/heldout/H002211.png,1163
180596,2818,H002212,data/splits/100k/images/heldout/H002212.png,data/corrupted/100k_blur_15x15_s5/heldout/H002212.png,2818
180485,2818,H002213,data/splits/100k/images/heldout/H002213.png,data/corrupted/100k_blur_15x15_s5/heldout/H002213.png,2818
180527,2818,H002214,data/splits/100k/images/heldout/H002214.png,data/corrupted/100k_blur_15x15_s5/heldout/H002214.png,2818
180597,2818,H002215,data/splits/100k/images/heldout/H002215.png,data/corrupted/100k_blur_15x15_s5/heldout/H002215.png,2818
251200,4352,H002216,data/splits/100k/images/heldout/H002216.png,data/corrupted/100k_blur_15x15_s5/heldout/H002216.png,4352
251141,4352,H002217,data/splits/100k/images/heldout/H002217.png,data/corrupted/100k_blur_15x15_s5/heldout/H002217.png,4352
251123,4352,H002218,data/splits/100k/images/heldout/H002218.png,data/corrupted/100k_blur_15x15_s5/heldout/H002218.png,4352
251234,4352,H002219,data/splits/100k/images/heldout/H002219.png,data/corrupted/100k_blur_15x15_s5/heldout/H002219.png,4352
379558,7242,H002220,data/splits/100k/images/heldout/H002220.png,data/corrupted/100k_blur_15x15_s5/heldout/H002220.png,7242
379614,7242,H002221,data/splits/100k/images/heldout/H002221.png,data/corrupted/100k_blur_15x15_s5/heldout/H002221.png,7242
379537,7242,H002222,data/splits/100k/images/heldout/H002222.png,data/corrupted/100k_blur_15x15_s5/heldout/H002222.png,7242
379560,7242,H002223,data/splits/100k/images/heldout/H002223.png,data/corrupted/100k_blur_15x15_s5/heldout/H002223.png,7242
90711,1104,H002224,data/splits/100k/images/heldout/H002224.png,data/corrupted/100k_blur_15x15_s5/heldout/H002224.png,1104
90647,1104,H002225,data/splits/100k/images/heldout/H002225.png,data/corrupted/100k_blur_15x15_s5/heldout/H002225.png,1104
90751,1104,H002226,data/splits/100k/images/heldout/H002226.png,data/corrupted/100k_blur_15x15_s5/heldout/H002226.png,1104
90710,1104,H002227,data/splits/100k/images/heldout/H002227.png,data/corrupted/100k_blur_15x15_s5/heldout/H002227.png,1104
92914,1132,H002228,data/splits/100k/images/heldout/H002228.png,data/corrupted/100k_blur_15x15_s5/heldout/H002228.png,1132
92966,1132,H002229,data/splits/100k/images/heldout/H002229.png,data/corrupted/100k_blur_15x15_s5/heldout/H002229.png,1132
92903,1132,H002230,data/splits/100k/images/heldout/H002230.png,data/corrupted/100k_blur_15x15_s5/heldout/H002230.png,1132
92940,1132,H002231,data/splits/100k/images/heldout/H002231.png,data/corrupted/100k_blur_15x15_s5/heldout/H002231.png,1132
94407,1152,H002232,data/splits/100k/images/heldout/H002232.png,data/corrupted/100k_blur_15x15_s5/heldout/H002232.png,1152
94344,1152,H002233,data/splits/100k/images/heldout/H002233.png,data/corrupted/100k_blur_15x15_s5/heldout/H002233.png,1152
94430,1152,H002234,data/splits/100k/images/heldout/H002234.png,data/corrupted/100k_blur_15x15_s5/heldout/H002234.png,1152
94447,1152,H002235,data/splits/100k/images/heldout/H002235.png,data/corrupted/100k_blur_15x15_s5/heldout/H002235.png,1152
111731,1412,H002236,data/splits/100k/images/heldout/H002236.png,data/corrupted/100k_blur_15x15_s5/heldout/H002236.png,1412
111677,1412,H002237,data/splits/100k/images/heldout/H002237.png,data/corrupted/100k_blur_15x15_s5/heldout/H002237.png,1412
111687,1412,H002238,data/splits/100k/images/heldout/H002238.png,data/corrupted/100k_blur_15x15_s5/heldout/H002238.png,1412
111721,1412,H002239,data/splits/100k/images/heldout/H002239.png,data/corrupted/100k_blur_15x15_s5/heldout/H002239.png,1412
114822,1490,H002240,data/splits/100k/images/heldout/H002240.png,data/corrupted/100k_blur_15x15_s5/heldout/H002240.png,1490
114867,1490,H002241,data/splits/100k/images/heldout/H002241.png,data/corrupted/100k_blur_15x15_s5/heldout/H002241.png,1490
114817,1490,H002242,data/splits/100k/images/heldout/H002242.png,data/corrupted/100k_blur_15x15_s5/heldout/H002242.png,1490
114783,1490,H002243,data/splits/100k/images/heldout/H002243.png,data/corrupted/100k_blur_15x15_s5/heldout/H002243.png,1490
300802,5446,H002244,data/splits/100k/images/heldout/H002244.png,data/corrupted/100k_blur_15x15_s5/heldout/H002244.png,5446
300720,5446,H002245,data/splits/100k/images/heldout/H002245.png,data/corrupted/100k_blur_15x15_s5/heldout/H002245.png,5446
300742,5446,H002246,data/splits/100k/images/heldout/H002246.png,data/corrupted/100k_blur_15x15_s5/heldout/H002246.png,5446
300721,5446,H002247,data/splits/100k/images/heldout/H002247.png,data/corrupted/100k_blur_15x15_s5/heldout/H002247.png,5446
359064,6733,H002248,data/splits/100k/images/heldout/H002248.png,data/corrupted/100k_blur_15x15_s5/heldout/H002248.png,6733
359174,6733,H002249,data/splits/100k/images/heldout/H002249.png,data/corrupted/100k_blur_15x15_s5/heldout/H002249.png,6733
359039,6733,H002250,data/splits/100k/images/heldout/H002250.png,data/corrupted/100k_blur_15x15_s5/heldout/H002250.png,6733
359115,6733,H002251,data/splits/100k/images/heldout/H002251.png,data/corrupted/100k_blur_15x15_s5/heldout/H002251.png,6733
166321,2549,H002252,data/splits/100k/images/heldout/H002252.png,data/corrupted/100k_blur_15x15_s5/heldout/H002252.png,2549
166330,2549,H002253,data/splits/100k/images/heldout/H002253.png,data/corrupted/100k_blur_15x15_s5/heldout/H002253.png,2549
166315,2549,H002254,data/splits/100k/images/heldout/H002254.png,data/corrupted/100k_blur_15x15_s5/heldout/H002254.png,2549
166344,2549,H002255,data/splits/100k/images/heldout/H002255.png,data/corrupted/100k_blur_15x15_s5/heldout/H002255.png,2549
172267,2656,H002256,data/splits/100k/images/heldout/H002256.png,data/corrupted/100k_blur_15x15_s5/heldout/H002256.png,2656
172235,2656,H002257,data/splits/100k/images/heldout/H002257.png,data/corrupted/100k_blur_15x15_s5/heldout/H002257.png,2656
172217,2656,H002258,data/splits/100k/images/heldout/H002258.png,data/corrupted/100k_blur_15x15_s5/heldout/H002258.png,2656
172265,2656,H002259,data/splits/100k/images/heldout/H002259.png,data/corrupted/100k_blur_15x15_s5/heldout/H002259.png,2656
268382,4724,H002260,data/splits/100k/images/heldout/H002260.png,data/corrupted/100k_blur_15x15_s5/heldout/H002260.png,4724
268403,4724,H002261,data/splits/100k/images/heldout/H002261.png,data/corrupted/100k_blur_15x15_s5/heldout/H002261.png,4724
268305,4724,H002262,data/splits/100k/images/heldout/H002262.png,data/corrupted/100k_blur_15x15_s5/heldout/H002262.png,4724
268371,4724,H002263,data/splits/100k/images/heldout/H002263.png,data/corrupted/100k_blur_15x15_s5/heldout/H002263.png,4724
379026,7226,H002264,data/splits/100k/images/heldout/H002264.png,data/corrupted/100k_blur_15x15_s5/heldout/H002264.png,7226
378994,7226,H002265,data/splits/100k/images/heldout/H002265.png,data/corrupted/100k_blur_15x15_s5/heldout/H002265.png,7226
379011,7226,H002266,data/splits/100k/images/heldout/H002266.png,data/corrupted/100k_blur_15x15_s5/heldout/H002266.png,7226
378978,7226,H002267,data/splits/100k/images/heldout/H002267.png,data/corrupted/100k_blur_15x15_s5/heldout/H002267.png,7226
70611,847,H002268,data/splits/100k/images/heldout/H002268.png,data/corrupted/100k_blur_15x15_s5/heldout/H002268.png,847
70607,847,H002269,data/splits/100k/images/heldout/H002269.png,data/corrupted/100k_blur_15x15_s5/heldout/H002269.png,847
70688,847,H002270,data/splits/100k/images/heldout/H002270.png,data/corrupted/100k_blur_15x15_s5/heldout/H002270.png,847
70706,847,H002271,data/splits/100k/images/heldout/H002271.png,data/corrupted/100k_blur_15x15_s5/heldout/H002271.png,847
171427,2645,H002272,data/splits/100k/images/heldout/H002272.png,data/corrupted/100k_blur_15x15_s5/heldout/H002272.png,2645
171497,2645,H002273,data/splits/100k/images/heldout/H002273.png,data/corrupted/100k_blur_15x15_s5/heldout/H002273.png,2645
171395,2645,H002274,data/splits/100k/images/heldout/H002274.png,data/corrupted/100k_blur_15x15_s5/heldout/H002274.png,2645
171383,2645,H002275,data/splits/100k/images/heldout/H002275.png,data/corrupted/100k_blur_15x15_s5/heldout/H002275.png,2645
179015,2786,H002276,data/splits/100k/images/heldout/H002276.png,data/corrupted/100k_blur_15x15_s5/heldout/H002276.png,2786
179038,2786,H002277,data/splits/100k/images/heldout/H002277.png,data/corrupted/100k_blur_15x15_s5/heldout/H002277.png,2786
179054,2786,H002278,data/splits/100k/images/heldout/H002278.png,data/corrupted/100k_blur_15x15_s5/heldout/H002278.png,2786
179073,2786,H002279,data/splits/100k/images/heldout/H002279.png,data/corrupted/100k_blur_15x15_s5/heldout/H002279.png,2786
188901,3006,H002280,data/splits/100k/images/heldout/H002280.png,data/corrupted/100k_blur_15x15_s5/heldout/H002280.png,3006
188893,3006,H002281,data/splits/100k/images/heldout/H002281.png,data/corrupted/100k_blur_15x15_s5/heldout/H002281.png,3006
188924,3006,H002282,data/splits/100k/images/heldout/H002282.png,data/corrupted/100k_blur_15x15_s5/heldout/H002282.png,3006
188961,3006,H002283,data/splits/100k/images/heldout/H002283.png,data/corrupted/100k_blur_15x15_s5/heldout/H002283.png,3006
223466,3759,H002284,data/splits/100k/images/heldout/H002284.png,data/corrupted/100k_blur_15x15_s5/heldout/H002284.png,3759
223386,3759,H002285,data/splits/100k/images/heldout/H002285.png,data/corrupted/100k_blur_15x15_s5/heldout/H002285.png,3759
223379,3759,H002286,data/splits/100k/images/heldout/H002286.png,data/corrupted/100k_blur_15x15_s5/heldout/H002286.png,3759
223395,3759,H002287,data/splits/100k/images/heldout/H002287.png,data/corrupted/100k_blur_15x15_s5/heldout/H002287.png,3759
886,6,H002288,data/splits/100k/images/heldout/H002288.png,data/corrupted/100k_blur_15x15_s5/heldout/H002288.png,6
970,6,H002289,data/splits/100k/images/heldout/H002289.png,data/corrupted/100k_blur_15x15_s5/heldout/H002289.png,6
922,6,H002290,data/splits/100k/images/heldout/H002290.png,data/corrupted/100k_blur_15x15_s5/heldout/H002290.png,6
874,6,H002291,data/splits/100k/images/heldout/H002291.png,data/corrupted/100k_blur_15x15_s5/heldout/H002291.png,6
20731,168,H002292,data/splits/100k/images/heldout/H002292.png,data/corrupted/100k_blur_15x15_s5/heldout/H002292.png,168
20643,168,H002293,data/splits/100k/images/heldout/H002293.png,data/corrupted/100k_blur_15x15_s5/heldout/H002293.png,168
20723,168,H002294,data/splits/100k/images/heldout/H002294.png,data/corrupted/100k_blur_15x15_s5/heldout/H002294.png,168
20676,168,H002295,data/splits/100k/images/heldout/H002295.png,data/corrupted/100k_blur_15x15_s5/heldout/H002295.png,168
29998,249,H002296,data/splits/100k/images/heldout/H002296.png,data/corrupted/100k_blur_15x15_s5/heldout/H002296.png,249
29962,249,H002297,data/splits/100k/images/heldout/H002297.png,data/corrupted/100k_blur_15x15_s5/heldout/H002297.png,249
29909,249,H002298,data/splits/100k/images/heldout/H002298.png,data/corrupted/100k_blur_15x15_s5/heldout/H002298.png,249
29875,249,H002299,data/splits/100k/images/heldout/H002299.png,data/corrupted/100k_blur_15x15_s5/heldout/H002299.png,249
110173,1375,H002300,data/splits/100k/images/heldout/H002300.png,data/corrupted/100k_blur_15x15_s5/heldout/H002300.png,1375
110128,1375,H002301,data/splits/100k/images/heldout/H002301.png,data/corrupted/100k_blur_15x15_s5/heldout/H002301.png,1375
110125,1375,H002302,data/splits/100k/images/heldout/H002302.png,data/corrupted/100k_blur_15x15_s5/heldout/H002302.png,1375
110183,1375,H002303,data/splits/100k/images/heldout/H002303.png,data/corrupted/100k_blur_15x15_s5/heldout/H002303.png,1375
163024,2479,H002304,data/splits/100k/images/heldout/H002304.png,data/corrupted/100k_blur_15x15_s5/heldout/H002304.png,2479
163012,2479,H002305,data/splits/100k/images/heldout/H002305.png,data/corrupted/100k_blur_15x15_s5/heldout/H002305.png,2479
162933,2479,H002306,data/splits/100k/images/heldout/H002306.png,data/corrupted/100k_blur_15x15_s5/heldout/H002306.png,2479
162998,2479,H002307,data/splits/100k/images/heldout/H002307.png,data/corrupted/100k_blur_15x15_s5/heldout/H002307.png,2479
317398,5814,H002308,data/splits/100k/images/heldout/H002308.png,data/corrupted/100k_blur_15x15_s5/heldout/H002308.png,5814
317343,5814,H002309,data/splits/100k/images/heldout/H002309.png,data/corrupted/100k_blur_15x15_s5/heldout/H002309.png,5814
317419,5814,H002310,data/splits/100k/images/heldout/H002310.png,data/corrupted/100k_blur_15x15_s5/heldout/H002310.png,5814
317402,5814,H002311,data/splits/100k/images/heldout/H002311.png,data/corrupted/100k_blur_15x15_s5/heldout/H002311.png,5814
332571,6135,H002312,data/splits/100k/images/heldout/H002312.png,data/corrupted/100k_blur_15x15_s5/heldout/H002312.png,6135
332547,6135,H002313,data/splits/100k/images/heldout/H002313.png,data/corrupted/100k_blur_15x15_s5/heldout/H002313.png,6135
332572,6135,H002314,data/splits/100k/images/heldout/H002314.png,data/corrupted/100k_blur_15x15_s5/heldout/H002314.png,6135
332540,6135,H002315,data/splits/100k/images/heldout/H002315.png,data/corrupted/100k_blur_15x15_s5/heldout/H002315.png,6135
400274,7818,H002316,data/splits/100k/images/heldout/H002316.png,data/corrupted/100k_blur_15x15_s5/heldout/H002316.png,7818
400182,7818,H002317,data/splits/100k/images/heldout/H002317.png,data/corrupted/100k_blur_15x15_s5/heldout/H002317.png,7818
400286,7818,H002318,data/splits/100k/images/heldout/H002318.png,data/corrupted/100k_blur_15x15_s5/heldout/H002318.png,7818
400256,7818,H002319,data/splits/100k/images/heldout/H002319.png,data/corrupted/100k_blur_15x15_s5/heldout/H002319.png,7818
449334,9210,H002320,data/splits/100k/images/heldout/H002320.png,data/corrupted/100k_blur_15x15_s5/heldout/H002320.png,9210
449297,9210,H002321,data/splits/100k/images/heldout/H002321.png,data/corrupted/100k_blur_15x15_s5/heldout/H002321.png,9210
449339,9210,H002322,data/splits/100k/images/heldout/H002322.png,data/corrupted/100k_blur_15x15_s5/heldout/H002322.png,9210
449306,9210,H002323,data/splits/100k/images/heldout/H002323.png,data/corrupted/100k_blur_15x15_s5/heldout/H002323.png,9210
59364,651,H002324,data/splits/100k/images/heldout/H002324.png,data/corrupted/100k_blur_15x15_s5/heldout/H002324.png,651
59482,651,H002325,data/splits/100k/images/heldout/H002325.png,data/corrupted/100k_blur_15x15_s5/heldout/H002325.png,651
59399,651,H002326,data/splits/100k/images/heldout/H002326.png,data/corrupted/100k_blur_15x15_s5/heldout/H002326.png,651
59471,651,H002327,data/splits/100k/images/heldout/H002327.png,data/corrupted/100k_blur_15x15_s5/heldout/H002327.png,651
91754,1120,H002328,data/splits/100k/images/heldout/H002328.png,data/corrupted/100k_blur_15x15_s5/heldout/H002328.png,1120
91713,1120,H002329,data/splits/100k/images/heldout/H002329.png,data/corrupted/100k_blur_15x15_s5/heldout/H002329.png,1120
91734,1120,H002330,data/splits/100k/images/heldout/H002330.png,data/corrupted/100k_blur_15x15_s5/heldout/H002330.png,1120
91715,1120,H002331,data/splits/100k/images/heldout/H002331.png,data/corrupted/100k_blur_15x15_s5/heldout/H002331.png,1120
97614,1189,H002332,data/splits/100k/images/heldout/H002332.png,data/corrupted/100k_blur_15x15_s5/heldout/H002332.png,1189
97598,1189,H002333,data/splits/100k/images/heldout/H002333.png,data/corrupted/100k_blur_15x15_s5/heldout/H002333.png,1189
97497,1189,H002334,data/splits/100k/images/heldout/H002334.png,data/corrupted/100k_blur_15x15_s5/heldout/H002334.png,1189
97569,1189,H002335,data/splits/100k/images/heldout/H002335.png,data/corrupted/100k_blur_15x15_s5/heldout/H002335.png,1189
182777,2867,H002336,data/splits/100k/images/heldout/H002336.png,data/corrupted/100k_blur_15x15_s5/heldout/H002336.png,2867
182740,2867,H002337,data/splits/100k/images/heldout/H002337.png,data/corrupted/100k_blur_15x15_s5/heldout/H002337.png,2867
182766,2867,H002338,data/splits/100k/images/heldout/H002338.png,data/corrupted/100k_blur_15x15_s5/heldout/H002338.png,2867
182728,2867,H002339,data/splits/100k/images/heldout/H002339.png,data/corrupted/100k_blur_15x15_s5/heldout/H002339.png,2867
291590,5245,H002340,data/splits/100k/images/heldout/H002340.png,data/corrupted/100k_blur_15x15_s5/heldout/H002340.png,5245
291618,5245,H002341,data/splits/100k/images/heldout/H002341.png,data/corrupted/100k_blur_15x15_s5/heldout/H002341.png,5245
291576,5245,H002342,data/splits/100k/images/heldout/H002342.png,data/corrupted/100k_blur_15x15_s5/heldout/H002342.png,5245
291636,5245,H002343,data/splits/100k/images/heldout/H002343.png,data/corrupted/100k_blur_15x15_s5/heldout/H002343.png,5245
307964,5592,H002344,data/splits/100k/images/heldout/H002344.png,data/corrupted/100k_blur_15x15_s5/heldout/H002344.png,5592
307847,5592,H002345,data/splits/100k/images/heldout/H002345.png,data/corrupted/100k_blur_15x15_s5/heldout/H002345.png,5592
307854,5592,H002346,data/splits/100k/images/heldout/H002346.png,data/corrupted/100k_blur_15x15_s5/heldout/H002346.png,5592
307951,5592,H002347,data/splits/100k/images/heldout/H002347.png,data/corrupted/100k_blur_15x15_s5/heldout/H002347.png,5592
19598,152,H002348,data/splits/100k/images/heldout/H002348.png,data/corrupted/100k_blur_15x15_s5/heldout/H002348.png,152
19520,152,H002349,data/splits/100k/images/heldout/H002349.png,data/corrupted/100k_blur_15x15_s5/heldout/H002349.png,152
19605,152,H002350,data/splits/100k/images/heldout/H002350.png,data/corrupted/100k_blur_15x15_s5/heldout/H002350.png,152
19553,152,H002351,data/splits/100k/images/heldout/H002351.png,data/corrupted/100k_blur_15x15_s5/heldout/H002351.png,152
87124,1050,H002352,data/splits/100k/images/heldout/H002352.png,data/corrupted/100k_blur_15x15_s5/heldout/H002352.png,1050
87105,1050,H002353,data/splits/100k/images/heldout/H002353.png,data/corrupted/100k_blur_15x15_s5/heldout/H002353.png,1050
87053,1050,H002354,data/splits/100k/images/heldout/H002354.png,data/corrupted/100k_blur_15x15_s5/heldout/H002354.png,1050
87052,1050,H002355,data/splits/100k/images/heldout/H002355.png,data/corrupted/100k_blur_15x15_s5/heldout/H002355.png,1050
99156,1209,H002356,data/splits/100k/images/heldout/H002356.png,data/corrupted/100k_blur_15x15_s5/heldout/H002356.png,1209
99260,1209,H002357,data/splits/100k/images/heldout/H002357.png,data/corrupted/100k_blur_15x15_s5/heldout/H002357.png,1209
99172,1209,H002358,data/splits/100k/images/heldout/H002358.png,data/corrupted/100k_blur_15x15_s5/heldout/H002358.png,1209
99236,1209,H002359,data/splits/100k/images/heldout/H002359.png,data/corrupted/100k_blur_15x15_s5/heldout/H002359.png,1209
156229,2352,H002360,data/splits/100k/images/heldout/H002360.png,data/corrupted/100k_blur_15x15_s5/heldout/H002360.png,2352
156161,2352,H002361,data/splits/100k/images/heldout/H002361.png,data/corrupted/100k_blur_15x15_s5/heldout/H002361.png,2352
156191,2352,H002362,data/splits/100k/images/heldout/H002362.png,data/corrupted/100k_blur_15x15_s5/heldout/H002362.png,2352
156215,2352,H002363,data/splits/100k/images/heldout/H002363.png,data/corrupted/100k_blur_15x15_s5/heldout/H002363.png,2352
386764,7432,H002364,data/splits/100k/images/heldout/H002364.png,data/corrupted/100k_blur_15x15_s5/heldout/H002364.png,7432
386813,7432,H002365,data/splits/100k/images/heldout/H002365.png,data/corrupted/100k_blur_15x15_s5/heldout/H002365.png,7432
386821,7432,H002366,data/splits/100k/images/heldout/H002366.png,data/corrupted/100k_blur_15x15_s5/heldout/H002366.png,7432
386774,7432,H002367,data/splits/100k/images/heldout/H002367.png,data/corrupted/100k_blur_15x15_s5/heldout/H002367.png,7432
67929,808,H002368,data/splits/100k/images/heldout/H002368.png,data/corrupted/100k_blur_15x15_s5/heldout/H002368.png,808
68006,808,H002369,data/splits/100k/images/heldout/H002369.png,data/corrupted/100k_blur_15x15_s5/heldout/H002369.png,808
67966,808,H002370,data/splits/100k/images/heldout/H002370.png,data/corrupted/100k_blur_15x15_s5/heldout/H002370.png,808
68021,808,H002371,data/splits/100k/images/heldout/H002371.png,data/corrupted/100k_blur_15x15_s5/heldout/H002371.png,808
77223,936,H002372,data/splits/100k/images/heldout/H002372.png,data/corrupted/100k_blur_15x15_s5/heldout/H002372.png,936
77228,936,H002373,data/splits/100k/images/heldout/H002373.png,data/corrupted/100k_blur_15x15_s5/heldout/H002373.png,936
77308,936,H002374,data/splits/100k/images/heldout/H002374.png,data/corrupted/100k_blur_15x15_s5/heldout/H002374.png,936
77243,936,H002375,data/splits/100k/images/heldout/H002375.png,data/corrupted/100k_blur_15x15_s5/heldout/H002375.png,936
78790,955,H002376,data/splits/100k/images/heldout/H002376.png,data/corrupted/100k_blur_15x15_s5/heldout/H002376.png,955
78888,955,H002377,data/splits/100k/images/heldout/H002377.png,data/corrupted/100k_blur_15x15_s5/heldout/H002377.png,955
78815,955,H002378,data/splits/100k/images/heldout/H002378.png,data/corrupted/100k_blur_15x15_s5/heldout/H002378.png,955
78843,955,H002379,data/splits/100k/images/heldout/H002379.png,data/corrupted/100k_blur_15x15_s5/heldout/H002379.png,955
269249,4741,H002380,data/splits/100k/images/heldout/H002380.png,data/corrupted/100k_blur_15x15_s5/heldout/H002380.png,4741
269291,4741,H002381,data/splits/100k/images/heldout/H002381.png,data/corrupted/100k_blur_15x15_s5/heldout/H002381.png,4741
269243,4741,H002382,data/splits/100k/images/heldout/H002382.png,data/corrupted/100k_blur_15x15_s5/heldout/H002382.png,4741
269256,4741,H002383,data/splits/100k/images/heldout/H002383.png,data/corrupted/100k_blur_15x15_s5/heldout/H002383.png,4741
285437,5095,H002384,data/splits/100k/images/heldout/H002384.png,data/corrupted/100k_blur_15x15_s5/heldout/H002384.png,5095
285472,5095,H002385,data/splits/100k/images/heldout/H002385.png,data/corrupted/100k_blur_15x15_s5/heldout/H002385.png,5095
285351,5095,H002386,data/splits/100k/images/heldout/H002386.png,data/corrupted/100k_blur_15x15_s5/heldout/H002386.png,5095
285465,5095,H002387,data/splits/100k/images/heldout/H002387.png,data/corrupted/100k_blur_15x15_s5/heldout/H002387.png,5095
373584,7083,H002388,data/splits/100k/images/heldout/H002388.png,data/corrupted/100k_blur_15x15_s5/heldout/H002388.png,7083
373603,7083,H002389,data/splits/100k/images/heldout/H002389.png,data/corrupted/100k_blur_15x15_s5/heldout/H002389.png,7083
373683,7083,H002390,data/splits/100k/images/heldout/H002390.png,data/corrupted/100k_blur_15x15_s5/heldout/H002390.png,7083
373649,7083,H002391,data/splits/100k/images/heldout/H002391.png,data/corrupted/100k_blur_15x15_s5/heldout/H002391.png,7083
85588,1036,H002392,data/splits/100k/images/heldout/H002392.png,data/corrupted/100k_blur_15x15_s5/heldout/H002392.png,1036
85497,1036,H002393,data/splits/100k/images/heldout/H002393.png,data/corrupted/100k_blur_15x15_s5/heldout/H002393.png,1036
85522,1036,H002394,data/splits/100k/images/heldout/H002394.png,data/corrupted/100k_blur_15x15_s5/heldout/H002394.png,1036
85504,1036,H002395,data/splits/100k/images/heldout/H002395.png,data/corrupted/100k_blur_15x15_s5/heldout/H002395.png,1036
185421,2926,H002396,data/splits/100k/images/heldout/H002396.png,data/corrupted/100k_blur_15x15_s5/heldout/H002396.png,2926
185424,2926,H002397,data/splits/100k/images/heldout/H002397.png,data/corrupted/100k_blur_15x15_s5/heldout/H002397.png,2926
185407,2926,H002398,data/splits/100k/images/heldout/H002398.png,data/corrupted/100k_blur_15x15_s5/heldout/H002398.png,2926
185401,2926,H002399,data/splits/100k/images/heldout/H002399.png,data/corrupted/100k_blur_15x15_s5/heldout/H002399.png,2926
275530,4890,H002400,data/splits/100k/images/heldout/H002400.png,data/corrupted/100k_blur_15x15_s5/heldout/H002400.png,4890
275442,4890,H002401,data/splits/100k/images/heldout/H002401.png,data/corrupted/100k_blur_15x15_s5/heldout/H002401.png,4890
275434,4890,H002402,data/splits/100k/images/heldout/H002402.png,data/corrupted/100k_blur_15x15_s5/heldout/H002402.png,4890
275437,4890,H002403,data/splits/100k/images/heldout/H002403.png,data/corrupted/100k_blur_15x15_s5/heldout/H002403.png,4890
292235,5260,H002404,data/splits/100k/images/heldout/H002404.png,data/corrupted/100k_blur_15x15_s5/heldout/H002404.png,5260
292221,5260,H002405,data/splits/100k/images/heldout/H002405.png,data/corrupted/100k_blur_15x15_s5/heldout/H002405.png,5260
292254,5260,H002406,data/splits/100k/images/heldout/H002406.png,data/corrupted/100k_blur_15x15_s5/heldout/H002406.png,5260
292183,5260,H002407,data/splits/100k/images/heldout/H002407.png,data/corrupted/100k_blur_15x15_s5/heldout/H002407.png,5260
92809,1131,H002408,data/splits/100k/images/heldout/H002408.png,data/corrupted/100k_blur_15x15_s5/heldout/H002408.png,1131
92734,1131,H002409,data/splits/100k/images/heldout/H002409.png,data/corrupted/100k_blur_15x15_s5/heldout/H002409.png,1131
92775,1131,H002410,data/splits/100k/images/heldout/H002410.png,data/corrupted/100k_blur_15x15_s5/heldout/H002410.png,1131
92755,1131,H002411,data/splits/100k/images/heldout/H002411.png,data/corrupted/100k_blur_15x15_s5/heldout/H002411.png,1131
116725,1533,H002412,data/splits/100k/images/heldout/H002412.png,data/corrupted/100k_blur_15x15_s5/heldout/H002412.png,1533
116737,1533,H002413,data/splits/100k/images/heldout/H002413.png,data/corrupted/100k_blur_15x15_s5/heldout/H002413.png,1533
116710,1533,H002414,data/splits/100k/images/heldout/H002414.png,data/corrupted/100k_blur_15x15_s5/heldout/H002414.png,1533
116713,1533,H002415,data/splits/100k/images/heldout/H002415.png,data/corrupted/100k_blur_15x15_s5/heldout/H002415.png,1533
180282,2814,H002416,data/splits/100k/images/heldout/H002416.png,data/corrupted/100k_blur_15x15_s5/heldout/H002416.png,2814
180295,2814,H002417,data/splits/100k/images/heldout/H002417.png,data/corrupted/100k_blur_15x15_s5/heldout/H002417.png,2814
180222,2814,H002418,data/splits/100k/images/heldout/H002418.png,data/corrupted/100k_blur_15x15_s5/heldout/H002418.png,2814
180316,2814,H002419,data/splits/100k/images/heldout/H002419.png,data/corrupted/100k_blur_15x15_s5/heldout/H002419.png,2814
233394,3986,H002420,data/splits/100k/images/heldout/H002420.png,data/corrupted/100k_blur_15x15_s5/heldout/H002420.png,3986
233303,3986,H002421,data/splits/100k/images/heldout/H002421.png,data/corrupted/100k_blur_15x15_s5/heldout/H002421.png,3986
233331,3986,H002422,data/splits/100k/images/heldout/H002422.png,data/corrupted/100k_blur_15x15_s5/heldout/H002422.png,3986
233284,3986,H002423,data/splits/100k/images/heldout/H002423.png,data/corrupted/100k_blur_15x15_s5/heldout/H002423.png,3986
466058,9733,H002424,data/splits/100k/images/heldout/H002424.png,data/corrupted/100k_blur_15x15_s5/heldout/H002424.png,9733
466050,9733,H002425,data/splits/100k/images/heldout/H002425.png,data/corrupted/100k_blur_15x15_s5/heldout/H002425.png,9733
466037,9733,H002426,data/splits/100k/images/heldout/H002426.png,data/corrupted/100k_blur_15x15_s5/heldout/H002426.png,9733
466070,9733,H002427,data/splits/100k/images/heldout/H002427.png,data/corrupted/100k_blur_15x15_s5/heldout/H002427.png,9733
78404,947,H002428,data/splits/100k/images/heldout/H002428.png,data/corrupted/100k_blur_15x15_s5/heldout/H002428.png,947
78372,947,H002429,data/splits/100k/images/heldout/H002429.png,data/corrupted/100k_blur_15x15_s5/heldout/H002429.png,947
78440,947,H002430,data/splits/100k/images/heldout/H002430.png,data/corrupted/100k_blur_15x15_s5/heldout/H002430.png,947
78365,947,H002431,data/splits/100k/images/heldout/H002431.png,data/corrupted/100k_blur_15x15_s5/heldout/H002431.png,947
219693,3690,H002432,data/splits/100k/images/heldout/H002432.png,data/corrupted/100k_blur_15x15_s5/heldout/H002432.png,3690
219795,3690,H002433,data/splits/100k/images/heldout/H002433.png,data/corrupted/100k_blur_15x15_s5/heldout/H002433.png,3690
219799,3690,H002434,data/splits/100k/images/heldout/H002434.png,data/corrupted/100k_blur_15x15_s5/heldout/H002434.png,3690
219763,3690,H002435,data/splits/100k/images/heldout/H002435.png,data/corrupted/100k_blur_15x15_s5/heldout/H002435.png,3690
266787,4691,H002436,data/splits/100k/images/heldout/H002436.png,data/corrupted/100k_blur_15x15_s5/heldout/H002436.png,4691
266784,4691,H002437,data/splits/100k/images/heldout/H002437.png,data/corrupted/100k_blur_15x15_s5/heldout/H002437.png,4691
266708,4691,H002438,data/splits/100k/images/heldout/H002438.png,data/corrupted/100k_blur_15x15_s5/heldout/H002438.png,4691
266737,4691,H002439,data/splits/100k/images/heldout/H002439.png,data/corrupted/100k_blur_15x15_s5/heldout/H002439.png,4691
308497,5610,H002440,data/splits/100k/images/heldout/H002440.png,data/corrupted/100k_blur_15x15_s5/heldout/H002440.png,5610
308560,5610,H002441,data/splits/100k/images/heldout/H002441.png,data/corrupted/100k_blur_15x15_s5/heldout/H002441.png,5610
308543,5610,H002442,data/splits/100k/images/heldout/H002442.png,data/corrupted/100k_blur_15x15_s5/heldout/H002442.png,5610
308550,5610,H002443,data/splits/100k/images/heldout/H002443.png,data/corrupted/100k_blur_15x15_s5/heldout/H002443.png,5610
72599,869,H002444,data/splits/100k/images/heldout/H002444.png,data/corrupted/100k_blur_15x15_s5/heldout/H002444.png,869
72572,869,H002445,data/splits/100k/images/heldout/H002445.png,data/corrupted/100k_blur_15x15_s5/heldout/H002445.png,869
72634,869,H002446,data/splits/100k/images/heldout/H002446.png,data/corrupted/100k_blur_15x15_s5/heldout/H002446.png,869
72685,869,H002447,data/splits/100k/images/heldout/H002447.png,data/corrupted/100k_blur_15x15_s5/heldout/H002447.png,869
115589,1504,H002448,data/splits/100k/images/heldout/H002448.png,data/corrupted/100k_blur_15x15_s5/heldout/H002448.png,1504
115653,1504,H002449,data/splits/100k/images/heldout/H002449.png,data/corrupted/100k_blur_15x15_s5/heldout/H002449.png,1504
115650,1504,H002450,data/splits/100k/images/heldout/H002450.png,data/corrupted/100k_blur_15x15_s5/heldout/H002450.png,1504
115561,1504,H002451,data/splits/100k/images/heldout/H002451.png,data/corrupted/100k_blur_15x15_s5/heldout/H002451.png,1504
201728,3296,H002452,data/splits/100k/images/heldout/H002452.png,data/corrupted/100k_blur_15x15_s5/heldout/H002452.png,3296
201682,3296,H002453,data/splits/100k/images/heldout/H002453.png,data/corrupted/100k_blur_15x15_s5/heldout/H002453.png,3296
201746,3296,H002454,data/splits/100k/images/heldout/H002454.png,data/corrupted/100k_blur_15x15_s5/heldout/H002454.png,3296
201699,3296,H002455,data/splits/100k/images/heldout/H002455.png,data/corrupted/100k_blur_15x15_s5/heldout/H002455.png,3296
240856,4142,H002456,data/splits/100k/images/heldout/H002456.png,data/corrupted/100k_blur_15x15_s5/heldout/H002456.png,4142
240811,4142,H002457,data/splits/100k/images/heldout/H002457.png,data/corrupted/100k_blur_15x15_s5/heldout/H002457.png,4142
240822,4142,H002458,data/splits/100k/images/heldout/H002458.png,data/corrupted/100k_blur_15x15_s5/heldout/H002458.png,4142
240850,4142,H002459,data/splits/100k/images/heldout/H002459.png,data/corrupted/100k_blur_15x15_s5/heldout/H002459.png,4142
451485,9258,H002460,data/splits/100k/images/heldout/H002460.png,data/corrupted/100k_blur_15x15_s5/heldout/H002460.png,9258
451516,9258,H002461,data/splits/100k/images/heldout/H002461.png,data/corrupted/100k_blur_15x15_s5/heldout/H002461.png,9258
451421,9258,H002462,data/splits/100k/images/heldout/H002462.png,data/corrupted/100k_blur_15x15_s5/heldout/H002462.png,9258
451446,9258,H002463,data/splits/100k/images/heldout/H002463.png,data/corrupted/100k_blur_15x15_s5/heldout/H002463.png,9258
124896,1692,H002464,data/splits/100k/images/heldout/H002464.png,data/corrupted/100k_blur_15x15_s5/heldout/H002464.png,1692
124937,1692,H002465,data/splits/100k/images/heldout/H002465.png,data/corrupted/100k_blur_15x15_s5/heldout/H002465.png,1692
124953,1692,H002466,data/splits/100k/images/heldout/H002466.png,data/corrupted/100k_blur_15x15_s5/heldout/H002466.png,1692
124918,1692,H002467,data/splits/100k/images/heldout/H002467.png,data/corrupted/100k_blur_15x15_s5/heldout/H002467.png,1692
175145,2719,H002468,data/splits/100k/images/heldout/H002468.png,data/corrupted/100k_blur_15x15_s5/heldout/H002468.png,2719
175197,2719,H002469,data/splits/100k/images/heldout/H002469.png,data/corrupted/100k_blur_15x15_s5/heldout/H002469.png,2719
175169,2719,H002470,data/splits/100k/images/heldout/H002470.png,data/corrupted/100k_blur_15x15_s5/heldout/H002470.png,2719
175247,2719,H002471,data/splits/100k/images/heldout/H002471.png,data/corrupted/100k_blur_15x15_s5/heldout/H002471.png,2719
235504,4031,H002472,data/splits/100k/images/heldout/H002472.png,data/corrupted/100k_blur_15x15_s5/heldout/H002472.png,4031
235513,4031,H002473,data/splits/100k/images/heldout/H002473.png,data/corrupted/100k_blur_15x15_s5/heldout/H002473.png,4031
235518,4031,H002474,data/splits/100k/images/heldout/H002474.png,data/corrupted/100k_blur_15x15_s5/heldout/H002474.png,4031
235527,4031,H002475,data/splits/100k/images/heldout/H002475.png,data/corrupted/100k_blur_15x15_s5/heldout/H002475.png,4031
253058,4376,H002476,data/splits/100k/images/heldout/H002476.png,data/corrupted/100k_blur_15x15_s5/heldout/H002476.png,4376
252975,4376,H002477,data/splits/100k/images/heldout/H002477.png,data/corrupted/100k_blur_15x15_s5/heldout/H002477.png,4376
253051,4376,H002478,data/splits/100k/images/heldout/H002478.png,data/corrupted/100k_blur_15x15_s5/heldout/H002478.png,4376
252982,4376,H002479,data/splits/100k/images/heldout/H002479.png,data/corrupted/100k_blur_15x15_s5/heldout/H002479.png,4376
275787,4895,H002480,data/splits/100k/images/heldout/H002480.png,data/corrupted/100k_blur_15x15_s5/heldout/H002480.png,4895
275783,4895,H002481,data/splits/100k/images/heldout/H002481.png,data/corrupted/100k_blur_15x15_s5/heldout/H002481.png,4895
275711,4895,H002482,data/splits/100k/images/heldout/H002482.png,data/corrupted/100k_blur_15x15_s5/heldout/H002482.png,4895
275797,4895,H002483,data/splits/100k/images/heldout/H002483.png,data/corrupted/100k_blur_15x15_s5/heldout/H002483.png,4895
289548,5197,H002484,data/splits/100k/images/heldout/H002484.png,data/corrupted/100k_blur_15x15_s5/heldout/H002484.png,5197
289519,5197,H002485,data/splits/100k/images/heldout/H002485.png,data/corrupted/100k_blur_15x15_s5/heldout/H002485.png,5197
289583,5197,H002486,data/splits/100k/images/heldout/H002486.png,data/corrupted/100k_blur_15x15_s5/heldout/H002486.png,5197
289606,5197,H002487,data/splits/100k/images/heldout/H002487.png,data/corrupted/100k_blur_15x15_s5/heldout/H002487.png,5197
324427,5973,H002488,data/splits/100k/images/heldout/H002488.png,data/corrupted/100k_blur_15x15_s5/heldout/H002488.png,5973
324384,5973,H002489,data/splits/100k/images/heldout/H002489.png,data/corrupted/100k_blur_15x15_s5/heldout/H002489.png,5973
324379,5973,H002490,data/splits/100k/images/heldout/H002490.png,data/corrupted/100k_blur_15x15_s5/heldout/H002490.png,5973
324438,5973,H002491,data/splits/100k/images/heldout/H002491.png,data/corrupted/100k_blur_15x15_s5/heldout/H002491.png,5973
368069,6951,H002492,data/splits/100k/images/heldout/H002492.png,data/corrupted/100k_blur_15x15_s5/heldout/H002492.png,6951
368000,6951,H002493,data/splits/100k/images/heldout/H002493.png,data/corrupted/100k_blur_15x15_s5/heldout/H002493.png,6951
368020,6951,H002494,data/splits/100k/images/heldout/H002494.png,data/corrupted/100k_blur_15x15_s5/heldout/H002494.png,6951
368101,6951,H002495,data/splits/100k/images/heldout/H002495.png,data/corrupted/100k_blur_15x15_s5/heldout/H002495.png,6951
376260,7144,H002496,data/splits/100k/images/heldout/H002496.png,data/corrupted/100k_blur_15x15_s5/heldout/H002496.png,7144
376328,7144,H002497,data/splits/100k/images/heldout/H002497.png,data/corrupted/100k_blur_15x15_s5/heldout/H002497.png,7144
376254,7144,H002498,data/splits/100k/images/heldout/H002498.png,data/corrupted/100k_blur_15x15_s5/heldout/H002498.png,7144
376276,7144,H002499,data/splits/100k/images/heldout/H002499.png,data/corrupted/100k_blur_15x15_s5/heldout/H002499.png,7144
420446,8389,H002500,data/splits/100k/images/heldout/H002500.png,data/corrupted/100k_blur_15x15_s5/heldout/H002500.png,8389
420502,8389,H002501,data/splits/100k/images/heldout/H002501.png,data/corrupted/100k_blur_15x15_s5/heldout/H002501.png,8389
420432,8389,H002502,data/splits/100k/images/heldout/H002502.png,data/corrupted/100k_blur_15x15_s5/heldout/H002502.png,8389
420454,8389,H002503,data/splits/100k/images/heldout/H002503.png,data/corrupted/100k_blur_15x15_s5/heldout/H002503.png,8389
20860,169,H002504,data/splits/100k/images/heldout/H002504.png,data/corrupted/100k_blur_15x15_s5/heldout/H002504.png,169
20792,169,H002505,data/splits/100k/images/heldout/H002505.png,data/corrupted/100k_blur_15x15_s5/heldout/H002505.png,169
20824,169,H002506,data/splits/100k/images/heldout/H002506.png,data/corrupted/100k_blur_15x15_s5/heldout/H002506.png,169
20830,169,H002507,data/splits/100k/images/heldout/H002507.png,data/corrupted/100k_blur_15x15_s5/heldout/H002507.png,169
91984,1122,H002508,data/splits/100k/images/heldout/H002508.png,data/corrupted/100k_blur_15x15_s5/heldout/H002508.png,1122
91913,1122,H002509,data/splits/100k/images/heldout/H002509.png,data/corrupted/100k_blur_15x15_s5/heldout/H002509.png,1122
91995,1122,H002510,data/splits/100k/images/heldout/H002510.png,data/corrupted/100k_blur_15x15_s5/heldout/H002510.png,1122
91975,1122,H002511,data/splits/100k/images/heldout/H002511.png,data/corrupted/100k_blur_15x15_s5/heldout/H002511.png,1122
99856,1219,H002512,data/splits/100k/images/heldout/H002512.png,data/corrupted/100k_blur_15x15_s5/heldout/H002512.png,1219
99829,1219,H002513,data/splits/100k/images/heldout/H002513.png,data/corrupted/100k_blur_15x15_s5/heldout/H002513.png,1219
99833,1219,H002514,data/splits/100k/images/heldout/H002514.png,data/corrupted/100k_blur_15x15_s5/heldout/H002514.png,1219
99831,1219,H002515,data/splits/100k/images/heldout/H002515.png,data/corrupted/100k_blur_15x15_s5/heldout/H002515.png,1219
138234,1991,H002516,data/splits/100k/images/heldout/H002516.png,data/corrupted/100k_blur_15x15_s5/heldout/H002516.png,1991
138141,1991,H002517,data/splits/100k/images/heldout/H002517.png,data/corrupted/100k_blur_15x15_s5/heldout/H002517.png,1991
138124,1991,H002518,data/splits/100k/images/heldout/H002518.png,data/corrupted/100k_blur_15x15_s5/heldout/H002518.png,1991
138152,1991,H002519,data/splits/100k/images/heldout/H002519.png,data/corrupted/100k_blur_15x15_s5/heldout/H002519.png,1991
236890,4051,H002520,data/splits/100k/images/heldout/H002520.png,data/corrupted/100k_blur_15x15_s5/heldout/H002520.png,4051
236817,4051,H002521,data/splits/100k/images/heldout/H002521.png,data/corrupted/100k_blur_15x15_s5/heldout/H002521.png,4051
236897,4051,H002522,data/splits/100k/images/heldout/H002522.png,data/corrupted/100k_blur_15x15_s5/heldout/H002522.png,4051
236857,4051,H002523,data/splits/100k/images/heldout/H002523.png,data/corrupted/100k_blur_15x15_s5/heldout/H002523.png,4051
316527,5795,H002524,data/splits/100k/images/heldout/H002524.png,data/corrupted/100k_blur_15x15_s5/heldout/H002524.png,5795
316476,5795,H002525,data/splits/100k/images/heldout/H002525.png,data/corrupted/100k_blur_15x15_s5/heldout/H002525.png,5795
316535,5795,H002526,data/splits/100k/images/heldout/H002526.png,data/corrupted/100k_blur_15x15_s5/heldout/H002526.png,5795
316549,5795,H002527,data/splits/100k/images/heldout/H002527.png,data/corrupted/100k_blur_15x15_s5/heldout/H002527.png,5795
389577,7518,H002528,data/splits/100k/images/heldout/H002528.png,data/corrupted/100k_blur_15x15_s5/heldout/H002528.png,7518
389584,7518,H002529,data/splits/100k/images/heldout/H002529.png,data/corrupted/100k_blur_15x15_s5/heldout/H002529.png,7518
389554,7518,H002530,data/splits/100k/images/heldout/H002530.png,data/corrupted/100k_blur_15x15_s5/heldout/H002530.png,7518
389570,7518,H002531,data/splits/100k/images/heldout/H002531.png,data/corrupted/100k_blur_15x15_s5/heldout/H002531.png,7518
395318,7684,H002532,data/splits/100k/images/heldout/H002532.png,data/corrupted/100k_blur_15x15_s5/heldout/H002532.png,7684
395301,7684,H002533,data/splits/100k/images/heldout/H002533.png,data/corrupted/100k_blur_15x15_s5/heldout/H002533.png,7684
395375,7684,H002534,data/splits/100k/images/heldout/H002534.png,data/corrupted/100k_blur_15x15_s5/heldout/H002534.png,7684
395369,7684,H002535,data/splits/100k/images/heldout/H002535.png,data/corrupted/100k_blur_15x15_s5/heldout/H002535.png,7684
469332,9830,H002536,data/splits/100k/images/heldout/H002536.png,data/corrupted/100k_blur_15x15_s5/heldout/H002536.png,9830
469270,9830,H002537,data/splits/100k/images/heldout/H002537.png,data/corrupted/100k_blur_15x15_s5/heldout/H002537.png,9830
469231,9830,H002538,data/splits/100k/images/heldout/H002538.png,data/corrupted/100k_blur_15x15_s5/heldout/H002538.png,9830
469271,9830,H002539,data/splits/100k/images/heldout/H002539.png,data/corrupted/100k_blur_15x15_s5/heldout/H002539.png,9830
89773,1090,H002540,data/splits/100k/images/heldout/H002540.png,data/corrupted/100k_blur_15x15_s5/heldout/H002540.png,1090
89807,1090,H002541,data/splits/100k/images/heldout/H002541.png,data/corrupted/100k_blur_15x15_s5/heldout/H002541.png,1090
89731,1090,H002542,data/splits/100k/images/heldout/H002542.png,data/corrupted/100k_blur_15x15_s5/heldout/H002542.png,1090
89749,1090,H002543,data/splits/100k/images/heldout/H002543.png,data/corrupted/100k_blur_15x15_s5/heldout/H002543.png,1090
137759,1981,H002544,data/splits/100k/images/heldout/H002544.png,data/corrupted/100k_blur_15x15_s5/heldout/H002544.png,1981
137789,1981,H002545,data/splits/100k/images/heldout/H002545.png,data/corrupted/100k_blur_15x15_s5/heldout/H002545.png,1981
137743,1981,H002546,data/splits/100k/images/heldout/H002546.png,data/corrupted/100k_blur_15x15_s5/heldout/H002546.png,1981
137723,1981,H002547,data/splits/100k/images/heldout/H002547.png,data/corrupted/100k_blur_15x15_s5/heldout/H002547.png,1981
212321,3516,H002548,data/splits/100k/images/heldout/H002548.png,data/corrupted/100k_blur_15x15_s5/heldout/H002548.png,3516
212288,3516,H002549,data/splits/100k/images/heldout/H002549.png,data/corrupted/100k_blur_15x15_s5/heldout/H002549.png,3516
212306,3516,H002550,data/splits/100k/images/heldout/H002550.png,data/corrupted/100k_blur_15x15_s5/heldout/H002550.png,3516
212320,3516,H002551,data/splits/100k/images/heldout/H002551.png,data/corrupted/100k_blur_15x15_s5/heldout/H002551.png,3516
235252,4027,H002552,data/splits/100k/images/heldout/H002552.png,data/corrupted/100k_blur_15x15_s5/heldout/H002552.png,4027
235266,4027,H002553,data/splits/100k/images/heldout/H002553.png,data/corrupted/100k_blur_15x15_s5/heldout/H002553.png,4027
235201,4027,H002554,data/splits/100k/images/heldout/H002554.png,data/corrupted/100k_blur_15x15_s5/heldout/H002554.png,4027
235307,4027,H002555,data/splits/100k/images/heldout/H002555.png,data/corrupted/100k_blur_15x15_s5/heldout/H002555.png,4027
287310,5148,H002556,data/splits/100k/images/heldout/H002556.png,data/corrupted/100k_blur_15x15_s5/heldout/H002556.png,5148
287286,5148,H002557,data/splits/100k/images/heldout/H002557.png,data/corrupted/100k_blur_15x15_s5/heldout/H002557.png,5148
287249,5148,H002558,data/splits/100k/images/heldout/H002558.png,data/corrupted/100k_blur_15x15_s5/heldout/H002558.png,5148
287344,5148,H002559,data/splits/100k/images/heldout/H002559.png,data/corrupted/100k_blur_15x15_s5/heldout/H002559.png,5148
343732,6370,H002560,data/splits/100k/images/heldout/H002560.png,data/corrupted/100k_blur_15x15_s5/heldout/H002560.png,6370
343753,6370,H002561,data/splits/100k/images/heldout/H002561.png,data/corrupted/100k_blur_15x15_s5/heldout/H002561.png,6370
343705,6370,H002562,data/splits/100k/images/heldout/H002562.png,data/corrupted/100k_blur_15x15_s5/heldout/H002562.png,6370
343666,6370,H002563,data/splits/100k/images/heldout/H002563.png,data/corrupted/100k_blur_15x15_s5/heldout/H002563.png,6370
48720,497,H002564,data/splits/100k/images/heldout/H002564.png,data/corrupted/100k_blur_15x15_s5/heldout/H002564.png,497
48704,497,H002565,data/splits/100k/images/heldout/H002565.png,data/corrupted/100k_blur_15x15_s5/heldout/H002565.png,497
48678,497,H002566,data/splits/100k/images/heldout/H002566.png,data/corrupted/100k_blur_15x15_s5/heldout/H002566.png,497
48710,497,H002567,data/splits/100k/images/heldout/H002567.png,data/corrupted/100k_blur_15x15_s5/heldout/H002567.png,497
70463,844,H002568,data/splits/100k/images/heldout/H002568.png,data/corrupted/100k_blur_15x15_s5/heldout/H002568.png,844
70479,844,H002569,data/splits/100k/images/heldout/H002569.png,data/corrupted/100k_blur_15x15_s5/heldout/H002569.png,844
70530,844,H002570,data/splits/100k/images/heldout/H002570.png,data/corrupted/100k_blur_15x15_s5/heldout/H002570.png,844
70494,844,H002571,data/splits/100k/images/heldout/H002571.png,data/corrupted/100k_blur_15x15_s5/heldout/H002571.png,844
82607,1002,H002572,data/splits/100k/images/heldout/H002572.png,data/corrupted/100k_blur_15x15_s5/heldout/H002572.png,1002
82603,1002,H002573,data/splits/100k/images/heldout/H002573.png,data/corrupted/100k_blur_15x15_s5/heldout/H002573.png,1002
82552,1002,H002574,data/splits/100k/images/heldout/H002574.png,data/corrupted/100k_blur_15x15_s5/heldout/H002574.png,1002
82502,1002,H002575,data/splits/100k/images/heldout/H002575.png,data/corrupted/100k_blur_15x15_s5/heldout/H002575.png,1002
132162,1843,H002576,data/splits/100k/images/heldout/H002576.png,data/corrupted/100k_blur_15x15_s5/heldout/H002576.png,1843
132095,1843,H002577,data/splits/100k/images/heldout/H002577.png,data/corrupted/100k_blur_15x15_s5/heldout/H002577.png,1843
132138,1843,H002578,data/splits/100k/images/heldout/H002578.png,data/corrupted/100k_blur_15x15_s5/heldout/H002578.png,1843
132064,1843,H002579,data/splits/100k/images/heldout/H002579.png,data/corrupted/100k_blur_15x15_s5/heldout/H002579.png,1843
281127,5016,H002580,data/splits/100k/images/heldout/H002580.png,data/corrupted/100k_blur_15x15_s5/heldout/H002580.png,5016
281099,5016,H002581,data/splits/100k/images/heldout/H002581.png,data/corrupted/100k_blur_15x15_s5/heldout/H002581.png,5016
281120,5016,H002582,data/splits/100k/images/heldout/H002582.png,data/corrupted/100k_blur_15x15_s5/heldout/H002582.png,5016
281094,5016,H002583,data/splits/100k/images/heldout/H002583.png,data/corrupted/100k_blur_15x15_s5/heldout/H002583.png,5016
282626,5048,H002584,data/splits/100k/images/heldout/H002584.png,data/corrupted/100k_blur_15x15_s5/heldout/H002584.png,5048
282570,5048,H002585,data/splits/100k/images/heldout/H002585.png,data/corrupted/100k_blur_15x15_s5/heldout/H002585.png,5048
282568,5048,H002586,data/splits/100k/images/heldout/H002586.png,data/corrupted/100k_blur_15x15_s5/heldout/H002586.png,5048
282599,5048,H002587,data/splits/100k/images/heldout/H002587.png,data/corrupted/100k_blur_15x15_s5/heldout/H002587.png,5048
344976,6393,H002588,data/splits/100k/images/heldout/H002588.png,data/corrupted/100k_blur_15x15_s5/heldout/H002588.png,6393
344948,6393,H002589,data/splits/100k/images/heldout/H002589.png,data/corrupted/100k_blur_15x15_s5/heldout/H002589.png,6393
345009,6393,H002590,data/splits/100k/images/heldout/H002590.png,data/corrupted/100k_blur_15x15_s5/heldout/H002590.png,6393
345017,6393,H002591,data/splits/100k/images/heldout/H002591.png,data/corrupted/100k_blur_15x15_s5/heldout/H002591.png,6393
411265,8113,H002592,data/splits/100k/images/heldout/H002592.png,data/corrupted/100k_blur_15x15_s5/heldout/H002592.png,8113
411319,8113,H002593,data/splits/100k/images/heldout/H002593.png,data/corrupted/100k_blur_15x15_s5/heldout/H002593.png,8113
411257,8113,H002594,data/splits/100k/images/heldout/H002594.png,data/corrupted/100k_blur_15x15_s5/heldout/H002594.png,8113
411291,8113,H002595,data/splits/100k/images/heldout/H002595.png,data/corrupted/100k_blur_15x15_s5/heldout/H002595.png,8113
455836,9401,H002596,data/splits/100k/images/heldout/H002596.png,data/corrupted/100k_blur_15x15_s5/heldout/H002596.png,9401
455846,9401,H002597,data/splits/100k/images/heldout/H002597.png,data/corrupted/100k_blur_15x15_s5/heldout/H002597.png,9401
455875,9401,H002598,data/splits/100k/images/heldout/H002598.png,data/corrupted/100k_blur_15x15_s5/heldout/H002598.png,9401
455837,9401,H002599,data/splits/100k/images/heldout/H002599.png,data/corrupted/100k_blur_15x15_s5/heldout/H002599.png,9401
26849,220,H002600,data/splits/100k/images/heldout/H002600.png,data/corrupted/100k_blur_15x15_s5/heldout/H002600.png,220
26898,220,H002601,data/splits/100k/images/heldout/H002601.png,data/corrupted/100k_blur_15x15_s5/heldout/H002601.png,220
26820,220,H002602,data/splits/100k/images/heldout/H002602.png,data/corrupted/100k_blur_15x15_s5/heldout/H002602.png,220
26879,220,H002603,data/splits/100k/images/heldout/H002603.png,data/corrupted/100k_blur_15x15_s5/heldout/H002603.png,220
61428,674,H002604,data/splits/100k/images/heldout/H002604.png,data/corrupted/100k_blur_15x15_s5/heldout/H002604.png,674
61479,674,H002605,data/splits/100k/images/heldout/H002605.png,data/corrupted/100k_blur_15x15_s5/heldout/H002605.png,674
61466,674,H002606,data/splits/100k/images/heldout/H002606.png,data/corrupted/100k_blur_15x15_s5/heldout/H002606.png,674
61471,674,H002607,data/splits/100k/images/heldout/H002607.png,data/corrupted/100k_blur_15x15_s5/heldout/H002607.png,674
101572,1240,H002608,data/splits/100k/images/heldout/H002608.png,data/corrupted/100k_blur_15x15_s5/heldout/H002608.png,1240
101644,1240,H002609,data/splits/100k/images/heldout/H002609.png,data/corrupted/100k_blur_15x15_s5/heldout/H002609.png,1240
101638,1240,H002610,data/splits/100k/images/heldout/H002610.png,data/corrupted/100k_blur_15x15_s5/heldout/H002610.png,1240
101672,1240,H002611,data/splits/100k/images/heldout/H002611.png,data/corrupted/100k_blur_15x15_s5/heldout/H002611.png,1240
106571,1313,H002612,data/splits/100k/images/heldout/H002612.png,data/corrupted/100k_blur_15x15_s5/heldout/H002612.png,1313
106618,1313,H002613,data/splits/100k/images/heldout/H002613.png,data/corrupted/100k_blur_15x15_s5/heldout/H002613.png,1313
106624,1313,H002614,data/splits/100k/images/heldout/H002614.png,data/corrupted/100k_blur_15x15_s5/heldout/H002614.png,1313
106551,1313,H002615,data/splits/100k/images/heldout/H002615.png,data/corrupted/100k_blur_15x15_s5/heldout/H002615.png,1313
123704,1664,H002616,data/splits/100k/images/heldout/H002616.png,data/corrupted/100k_blur_15x15_s5/heldout/H002616.png,1664
123629,1664,H002617,data/splits/100k/images/heldout/H002617.png,data/corrupted/100k_blur_15x15_s5/heldout/H002617.png,1664
123653,1664,H002618,data/splits/100k/images/heldout/H002618.png,data/corrupted/100k_blur_15x15_s5/heldout/H002618.png,1664
123643,1664,H002619,data/splits/100k/images/heldout/H002619.png,data/corrupted/100k_blur_15x15_s5/heldout/H002619.png,1664
128967,1785,H002620,data/splits/100k/images/heldout/H002620.png,data/corrupted/100k_blur_15x15_s5/heldout/H002620.png,1785
128952,1785,H002621,data/splits/100k/images/heldout/H002621.png,data/corrupted/100k_blur_15x15_s5/heldout/H002621.png,1785
128896,1785,H002622,data/splits/100k/images/heldout/H002622.png,data/corrupted/100k_blur_15x15_s5/heldout/H002622.png,1785
128964,1785,H002623,data/splits/100k/images/heldout/H002623.png,data/corrupted/100k_blur_15x15_s5/heldout/H002623.png,1785
186841,2961,H002624,data/splits/100k/images/heldout/H002624.png,data/corrupted/100k_blur_15x15_s5/heldout/H002624.png,2961
186850,2961,H002625,data/splits/100k/images/heldout/H002625.png,data/corrupted/100k_blur_15x15_s5/heldout/H002625.png,2961
186809,2961,H002626,data/splits/100k/images/heldout/H002626.png,data/corrupted/100k_blur_15x15_s5/heldout/H002626.png,2961
186802,2961,H002627,data/splits/100k/images/heldout/H002627.png,data/corrupted/100k_blur_15x15_s5/heldout/H002627.png,2961
208957,3439,H002628,data/splits/100k/images/heldout/H002628.png,data/corrupted/100k_blur_15x15_s5/heldout/H002628.png,3439
208891,3439,H002629,data/splits/100k/images/heldout/H002629.png,data/corrupted/100k_blur_15x15_s5/heldout/H002629.png,3439
208900,3439,H002630,data/splits/100k/images/heldout/H002630.png,data/corrupted/100k_blur_15x15_s5/heldout/H002630.png,3439
208980,3439,H002631,data/splits/100k/images/heldout/H002631.png,data/corrupted/100k_blur_15x15_s5/heldout/H002631.png,3439
251361,4355,H002632,data/splits/100k/images/heldout/H002632.png,data/corrupted/100k_blur_15x15_s5/heldout/H002632.png,4355
251377,4355,H002633,data/splits/100k/images/heldout/H002633.png,data/corrupted/100k_blur_15x15_s5/heldout/H002633.png,4355
251301,4355,H002634,data/splits/100k/images/heldout/H002634.png,data/corrupted/100k_blur_15x15_s5/heldout/H002634.png,4355
251336,4355,H002635,data/splits/100k/images/heldout/H002635.png,data/corrupted/100k_blur_15x15_s5/heldout/H002635.png,4355
270345,4771,H002636,data/splits/100k/images/heldout/H002636.png,data/corrupted/100k_blur_15x15_s5/heldout/H002636.png,4771
270416,4771,H002637,data/splits/100k/images/heldout/H002637.png,data/corrupted/100k_blur_15x15_s5/heldout/H002637.png,4771
270386,4771,H002638,data/splits/100k/images/heldout/H002638.png,data/corrupted/100k_blur_15x15_s5/heldout/H002638.png,4771
270385,4771,H002639,data/splits/100k/images/heldout/H002639.png,data/corrupted/100k_blur_15x15_s5/heldout/H002639.png,4771
315479,5769,H002640,data/splits/100k/images/heldout/H002640.png,data/corrupted/100k_blur_15x15_s5/heldout/H002640.png,5769
315524,5769,H002641,data/splits/100k/images/heldout/H002641.png,data/corrupted/100k_blur_15x15_s5/heldout/H002641.png,5769
315551,5769,H002642,data/splits/100k/images/heldout/H002642.png,data/corrupted/100k_blur_15x15_s5/heldout/H002642.png,5769
315527,5769,H002643,data/splits/100k/images/heldout/H002643.png,data/corrupted/100k_blur_15x15_s5/heldout/H002643.png,5769
38567,362,H002644,data/splits/100k/images/heldout/H002644.png,data/corrupted/100k_blur_15x15_s5/heldout/H002644.png,362
38507,362,H002645,data/splits/100k/images/heldout/H002645.png,data/corrupted/100k_blur_15x15_s5/heldout/H002645.png,362
38529,362,H002646,data/splits/100k/images/heldout/H002646.png,data/corrupted/100k_blur_15x15_s5/heldout/H002646.png,362
38465,362,H002647,data/splits/100k/images/heldout/H002647.png,data/corrupted/100k_blur_15x15_s5/heldout/H002647.png,362
65163,747,H002648,data/splits/100k/images/heldout/H002648.png,data/corrupted/100k_blur_15x15_s5/heldout/H002648.png,747
65152,747,H002649,data/splits/100k/images/heldout/H002649.png,data/corrupted/100k_blur_15x15_s5/heldout/H002649.png,747
65175,747,H002650,data/splits/100k/images/heldout/H002650.png,data/corrupted/100k_blur_15x15_s5/heldout/H002650.png,747
65178,747,H002651,data/splits/100k/images/heldout/H002651.png,data/corrupted/100k_blur_15x15_s5/heldout/H002651.png,747
102793,1247,H002652,data/splits/100k/images/heldout/H002652.png,data/corrupted/100k_blur_15x15_s5/heldout/H002652.png,1247
102829,1247,H002653,data/splits/100k/images/heldout/H002653.png,data/corrupted/100k_blur_15x15_s5/heldout/H002653.png,1247
102874,1247,H002654,data/splits/100k/images/heldout/H002654.png,data/corrupted/100k_blur_15x15_s5/heldout/H002654.png,1247
102801,1247,H002655,data/splits/100k/images/heldout/H002655.png,data/corrupted/100k_blur_15x15_s5/heldout/H002655.png,1247
125495,1704,H002656,data/splits/100k/images/heldout/H002656.png,data/corrupted/100k_blur_15x15_s5/heldout/H002656.png,1704
125601,1704,H002657,data/splits/100k/images/heldout/H002657.png,data/corrupted/100k_blur_15x15_s5/heldout/H002657.png,1704
125596,1704,H002658,data/splits/100k/images/heldout/H002658.png,data/corrupted/100k_blur_15x15_s5/heldout/H002658.png,1704
125533,1704,H002659,data/splits/100k/images/heldout/H002659.png,data/corrupted/100k_blur_15x15_s5/heldout/H002659.png,1704
133010,1866,H002660,data/splits/100k/images/heldout/H002660.png,data/corrupted/100k_blur_15x15_s5/heldout/H002660.png,1866
132986,1866,H002661,data/splits/100k/images/heldout/H002661.png,data/corrupted/100k_blur_15x15_s5/heldout/H002661.png,1866
133073,1866,H002662,data/splits/100k/images/heldout/H002662.png,data/corrupted/100k_blur_15x15_s5/heldout/H002662.png,1866
133005,1866,H002663,data/splits/100k/images/heldout/H002663.png,data/corrupted/100k_blur_15x15_s5/heldout/H002663.png,1866
170215,2633,H002664,data/splits/100k/images/heldout/H002664.png,data/corrupted/100k_blur_15x15_s5/heldout/H002664.png,2633
170175,2633,H002665,data/splits/100k/images/heldout/H002665.png,data/corrupted/100k_blur_15x15_s5/heldout/H002665.png,2633
170191,2633,H002666,data/splits/100k/images/heldout/H002666.png,data/corrupted/100k_blur_15x15_s5/heldout/H002666.png,2633
170132,2633,H002667,data/splits/100k/images/heldout/H002667.png,data/corrupted/100k_blur_15x15_s5/heldout/H002667.png,2633
219045,3678,H002668,data/splits/100k/images/heldout/H002668.png,data/corrupted/100k_blur_15x15_s5/heldout/H002668.png,3678
218990,3678,H002669,data/splits/100k/images/heldout/H002669.png,data/corrupted/100k_blur_15x15_s5/heldout/H002669.png,3678
218991,3678,H002670,data/splits/100k/images/heldout/H002670.png,data/corrupted/100k_blur_15x15_s5/heldout/H002670.png,3678
218937,3678,H002671,data/splits/100k/images/heldout/H002671.png,data/corrupted/100k_blur_15x15_s5/heldout/H002671.png,3678
20442,166,H002672,data/splits/100k/images/heldout/H002672.png,data/corrupted/100k_blur_15x15_s5/heldout/H002672.png,166
20465,166,H002673,data/splits/100k/images/heldout/H002673.png,data/corrupted/100k_blur_15x15_s5/heldout/H002673.png,166
20530,166,H002674,data/splits/100k/images/heldout/H002674.png,data/corrupted/100k_blur_15x15_s5/heldout/H002674.png,166
20535,166,H002675,data/splits/100k/images/heldout/H002675.png,data/corrupted/100k_blur_15x15_s5/heldout/H002675.png,166
23141,187,H002676,data/splits/100k/images/heldout/H002676.png,data/corrupted/100k_blur_15x15_s5/heldout/H002676.png,187
23071,187,H002677,data/splits/100k/images/heldout/H002677.png,data/corrupted/100k_blur_15x15_s5/heldout/H002677.png,187
23163,187,H002678,data/splits/100k/images/heldout/H002678.png,data/corrupted/100k_blur_15x15_s5/heldout/H002678.png,187
23160,187,H002679,data/splits/100k/images/heldout/H002679.png,data/corrupted/100k_blur_15x15_s5/heldout/H002679.png,187
35825,319,H002680,data/splits/100k/images/heldout/H002680.png,data/corrupted/100k_blur_15x15_s5/heldout/H002680.png,319
35768,319,H002681,data/splits/100k/images/heldout/H002681.png,data/corrupted/100k_blur_15x15_s5/heldout/H002681.png,319
35767,319,H002682,data/splits/100k/images/heldout/H002682.png,data/corrupted/100k_blur_15x15_s5/heldout/H002682.png,319
35850,319,H002683,data/splits/100k/images/heldout/H002683.png,data/corrupted/100k_blur_15x15_s5/heldout/H002683.png,319
42927,413,H002684,data/splits/100k/images/heldout/H002684.png,data/corrupted/100k_blur_15x15_s5/heldout/H002684.png,413
43000,413,H002685,data/splits/100k/images/heldout/H002685.png,data/corrupted/100k_blur_15x15_s5/heldout/H002685.png,413
42981,413,H002686,data/splits/100k/images/heldout/H002686.png,data/corrupted/100k_blur_15x15_s5/heldout/H002686.png,413
43007,413,H002687,data/splits/100k/images/heldout/H002687.png,data/corrupted/100k_blur_15x15_s5/heldout/H002687.png,413
55385,590,H002688,data/splits/100k/images/heldout/H002688.png,data/corrupted/100k_blur_15x15_s5/heldout/H002688.png,590
55301,590,H002689,data/splits/100k/images/heldout/H002689.png,data/corrupted/100k_blur_15x15_s5/heldout/H002689.png,590
55341,590,H002690,data/splits/100k/images/heldout/H002690.png,data/corrupted/100k_blur_15x15_s5/heldout/H002690.png,590
55318,590,H002691,data/splits/100k/images/heldout/H002691.png,data/corrupted/100k_blur_15x15_s5/heldout/H002691.png,590
76020,915,H002692,data/splits/100k/images/heldout/H002692.png,data/corrupted/100k_blur_15x15_s5/heldout/H002692.png,915
76118,915,H002693,data/splits/100k/images/heldout/H002693.png,data/corrupted/100k_blur_15x15_s5/heldout/H002693.png,915
76061,915,H002694,data/splits/100k/images/heldout/H002694.png,data/corrupted/100k_blur_15x15_s5/heldout/H002694.png,915
76024,915,H002695,data/splits/100k/images/heldout/H002695.png,data/corrupted/100k_blur_15x15_s5/heldout/H002695.png,915
247819,4285,H002696,data/splits/100k/images/heldout/H002696.png,data/corrupted/100k_blur_15x15_s5/heldout/H002696.png,4285
247734,4285,H002697,data/splits/100k/images/heldout/H002697.png,data/corrupted/100k_blur_15x15_s5/heldout/H002697.png,4285
247747,4285,H002698,data/splits/100k/images/heldout/H002698.png,data/corrupted/100k_blur_15x15_s5/heldout/H002698.png,4285
247753,4285,H002699,data/splits/100k/images/heldout/H002699.png,data/corrupted/100k_blur_15x15_s5/heldout/H002699.png,4285
57323,616,H002700,data/splits/100k/images/heldout/H002700.png,data/corrupted/100k_blur_15x15_s5/heldout/H002700.png,616
57339,616,H002701,data/splits/100k/images/heldout/H002701.png,data/corrupted/100k_blur_15x15_s5/heldout/H002701.png,616
57369,616,H002702,data/splits/100k/images/heldout/H002702.png,data/corrupted/100k_blur_15x15_s5/heldout/H002702.png,616
57434,616,H002703,data/splits/100k/images/heldout/H002703.png,data/corrupted/100k_blur_15x15_s5/heldout/H002703.png,616
58478,637,H002704,data/splits/100k/images/heldout/H002704.png,data/corrupted/100k_blur_15x15_s5/heldout/H002704.png,637
58588,637,H002705,data/splits/100k/images/heldout/H002705.png,data/corrupted/100k_blur_15x15_s5/heldout/H002705.png,637
58558,637,H002706,data/splits/100k/images/heldout/H002706.png,data/corrupted/100k_blur_15x15_s5/heldout/H002706.png,637
58525,637,H002707,data/splits/100k/images/heldout/H002707.png,data/corrupted/100k_blur_15x15_s5/heldout/H002707.png,637
91208,1115,H002708,data/splits/100k/images/heldout/H002708.png,data/corrupted/100k_blur_15x15_s5/heldout/H002708.png,1115
91182,1115,H002709,data/splits/100k/images/heldout/H002709.png,data/corrupted/100k_blur_15x15_s5/heldout/H002709.png,1115
91172,1115,H002710,data/splits/100k/images/heldout/H002710.png,data/corrupted/100k_blur_15x15_s5/heldout/H002710.png,1115
91253,1115,H002711,data/splits/100k/images/heldout/H002711.png,data/corrupted/100k_blur_15x15_s5/heldout/H002711.png,1115
130780,1818,H002712,data/splits/100k/images/heldout/H002712.png,data/corrupted/100k_blur_15x15_s5/heldout/H002712.png,1818
130831,1818,H002713,data/splits/100k/images/heldout/H002713.png,data/corrupted/100k_blur_15x15_s5/heldout/H002713.png,1818
130845,1818,H002714,data/splits/100k/images/heldout/H002714.png,data/corrupted/100k_blur_15x15_s5/heldout/H002714.png,1818
130759,1818,H002715,data/splits/100k/images/heldout/H002715.png,data/corrupted/100k_blur_15x15_s5/heldout/H002715.png,1818
152263,2271,H002716,data/splits/100k/images/heldout/H002716.png,data/corrupted/100k_blur_15x15_s5/heldout/H002716.png,2271
152295,2271,H002717,data/splits/100k/images/heldout/H002717.png,data/corrupted/100k_blur_15x15_s5/heldout/H002717.png,2271
152237,2271,H002718,data/splits/100k/images/heldout/H002718.png,data/corrupted/100k_blur_15x15_s5/heldout/H002718.png,2271
152316,2271,H002719,data/splits/100k/images/heldout/H002719.png,data/corrupted/100k_blur_15x15_s5/heldout/H002719.png,2271
212514,3518,H002720,data/splits/100k/images/heldout/H002720.png,data/corrupted/100k_blur_15x15_s5/heldout/H002720.png,3518
212558,3518,H002721,data/splits/100k/images/heldout/H002721.png,data/corrupted/100k_blur_15x15_s5/heldout/H002721.png,3518
212465,3518,H002722,data/splits/100k/images/heldout/H002722.png,data/corrupted/100k_blur_15x15_s5/heldout/H002722.png,3518
212511,3518,H002723,data/splits/100k/images/heldout/H002723.png,data/corrupted/100k_blur_15x15_s5/heldout/H002723.png,3518
341794,6334,H002724,data/splits/100k/images/heldout/H002724.png,data/corrupted/100k_blur_15x15_s5/heldout/H002724.png,6334
341701,6334,H002725,data/splits/100k/images/heldout/H002725.png,data/corrupted/100k_blur_15x15_s5/heldout/H002725.png,6334
341775,6334,H002726,data/splits/100k/images/heldout/H002726.png,data/corrupted/100k_blur_15x15_s5/heldout/H002726.png,6334
341766,6334,H002727,data/splits/100k/images/heldout/H002727.png,data/corrupted/100k_blur_15x15_s5/heldout/H002727.png,6334
433444,8745,H002728,data/splits/100k/images/heldout/H002728.png,data/corrupted/100k_blur_15x15_s5/heldout/H002728.png,8745
433431,8745,H002729,data/splits/100k/images/heldout/H002729.png,data/corrupted/100k_blur_15x15_s5/heldout/H002729.png,8745
433347,8745,H002730,data/splits/100k/images/heldout/H002730.png,data/corrupted/100k_blur_15x15_s5/heldout/H002730.png,8745
433356,8745,H002731,data/splits/100k/images/heldout/H002731.png,data/corrupted/100k_blur_15x15_s5/heldout/H002731.png,8745
24989,200,H002732,data/splits/100k/images/heldout/H002732.png,data/corrupted/100k_blur_15x15_s5/heldout/H002732.png,200
25071,200,H002733,data/splits/100k/images/heldout/H002733.png,data/corrupted/100k_blur_15x15_s5/heldout/H002733.png,200
24980,200,H002734,data/splits/100k/images/heldout/H002734.png,data/corrupted/100k_blur_15x15_s5/heldout/H002734.png,200
24981,200,H002735,data/splits/100k/images/heldout/H002735.png,data/corrupted/100k_blur_15x15_s5/heldout/H002735.png,200
89485,1087,H002736,data/splits/100k/images/heldout/H002736.png,data/corrupted/100k_blur_15x15_s5/heldout/H002736.png,1087
89455,1087,H002737,data/splits/100k/images/heldout/H002737.png,data/corrupted/100k_blur_15x15_s5/heldout/H002737.png,1087
89429,1087,H002738,data/splits/100k/images/heldout/H002738.png,data/corrupted/100k_blur_15x15_s5/heldout/H002738.png,1087
89447,1087,H002739,data/splits/100k/images/heldout/H002739.png,data/corrupted/100k_blur_15x15_s5/heldout/H002739.png,1087
191224,3052,H002740,data/splits/100k/images/heldout/H002740.png,data/corrupted/100k_blur_15x15_s5/heldout/H002740.png,3052
191248,3052,H002741,data/splits/100k/images/heldout/H002741.png,data/corrupted/100k_blur_15x15_s5/heldout/H002741.png,3052
191215,3052,H002742,data/splits/100k/images/heldout/H002742.png,data/corrupted/100k_blur_15x15_s5/heldout/H002742.png,3052
191195,3052,H002743,data/splits/100k/images/heldout/H002743.png,data/corrupted/100k_blur_15x15_s5/heldout/H002743.png,3052
241171,4150,H002744,data/splits/100k/images/heldout/H002744.png,data/corrupted/100k_blur_15x15_s5/heldout/H002744.png,4150
241263,4150,H002745,data/splits/100k/images/heldout/H002745.png,data/corrupted/100k_blur_15x15_s5/heldout/H002745.png,4150
241201,4150,H002746,data/splits/100k/images/heldout/H002746.png,data/corrupted/100k_blur_15x15_s5/heldout/H002746.png,4150
241235,4150,H002747,data/splits/100k/images/heldout/H002747.png,data/corrupted/100k_blur_15x15_s5/heldout/H002747.png,4150
296998,5360,H002748,data/splits/100k/images/heldout/H002748.png,data/corrupted/100k_blur_15x15_s5/heldout/H002748.png,5360
296958,5360,H002749,data/splits/100k/images/heldout/H002749.png,data/corrupted/100k_blur_15x15_s5/heldout/H002749.png,5360
297006,5360,H002750,data/splits/100k/images/heldout/H002750.png,data/corrupted/100k_blur_15x15_s5/heldout/H002750.png,5360
296985,5360,H002751,data/splits/100k/images/heldout/H002751.png,data/corrupted/100k_blur_15x15_s5/heldout/H002751.png,5360
416870,8298,H002752,data/splits/100k/images/heldout/H002752.png,data/corrupted/100k_blur_15x15_s5/heldout/H002752.png,8298
416923,8298,H002753,data/splits/100k/images/heldout/H002753.png,data/corrupted/100k_blur_15x15_s5/heldout/H002753.png,8298
416924,8298,H002754,data/splits/100k/images/heldout/H002754.png,data/corrupted/100k_blur_15x15_s5/heldout/H002754.png,8298
416904,8298,H002755,data/splits/100k/images/heldout/H002755.png,data/corrupted/100k_blur_15x15_s5/heldout/H002755.png,8298
461123,9572,H002756,data/splits/100k/images/heldout/H002756.png,data/corrupted/100k_blur_15x15_s5/heldout/H002756.png,9572
461111,9572,H002757,data/splits/100k/images/heldout/H002757.png,data/corrupted/100k_blur_15x15_s5/heldout/H002757.png,9572
461085,9572,H002758,data/splits/100k/images/heldout/H002758.png,data/corrupted/100k_blur_15x15_s5/heldout/H002758.png,9572
461070,9572,H002759,data/splits/100k/images/heldout/H002759.png,data/corrupted/100k_blur_15x15_s5/heldout/H002759.png,9572
12637,83,H002760,data/splits/100k/images/heldout/H002760.png,data/corrupted/100k_blur_15x15_s5/heldout/H002760.png,83
12646,83,H002761,data/splits/100k/images/heldout/H002761.png,data/corrupted/100k_blur_15x15_s5/heldout/H002761.png,83
12614,83,H002762,data/splits/100k/images/heldout/H002762.png,data/corrupted/100k_blur_15x15_s5/heldout/H002762.png,83
12567,83,H002763,data/splits/100k/images/heldout/H002763.png,data/corrupted/100k_blur_15x15_s5/heldout/H002763.png,83
41363,393,H002764,data/splits/100k/images/heldout/H002764.png,data/corrupted/100k_blur_15x15_s5/heldout/H002764.png,393
41317,393,H002765,data/splits/100k/images/heldout/H002765.png,data/corrupted/100k_blur_15x15_s5/heldout/H002765.png,393
41290,393,H002766,data/splits/100k/images/heldout/H002766.png,data/corrupted/100k_blur_15x15_s5/heldout/H002766.png,393
41366,393,H002767,data/splits/100k/images/heldout/H002767.png,data/corrupted/100k_blur_15x15_s5/heldout/H002767.png,393
95158,1161,H002768,data/splits/100k/images/heldout/H002768.png,data/corrupted/100k_blur_15x15_s5/heldout/H002768.png,1161
95216,1161,H002769,data/splits/100k/images/heldout/H002769.png,data/corrupted/100k_blur_15x15_s5/heldout/H002769.png,1161
95225,1161,H002770,data/splits/100k/images/heldout/H002770.png,data/corrupted/100k_blur_15x15_s5/heldout/H002770.png,1161
95153,1161,H002771,data/splits/100k/images/heldout/H002771.png,data/corrupted/100k_blur_15x15_s5/heldout/H002771.png,1161
157028,2372,H002772,data/splits/100k/images/heldout/H002772.png,data/corrupted/100k_blur_15x15_s5/heldout/H002772.png,2372
157008,2372,H002773,data/splits/100k/images/heldout/H002773.png,data/corrupted/100k_blur_15x15_s5/heldout/H002773.png,2372
157019,2372,H002774,data/splits/100k/images/heldout/H002774.png,data/corrupted/100k_blur_15x15_s5/heldout/H002774.png,2372
156933,2372,H002775,data/splits/100k/images/heldout/H002775.png,data/corrupted/100k_blur_15x15_s5/heldout/H002775.png,2372
175993,2729,H002776,data/splits/100k/images/heldout/H002776.png,data/corrupted/100k_blur_15x15_s5/heldout/H002776.png,2729
175938,2729,H002777,data/splits/100k/images/heldout/H002777.png,data/corrupted/100k_blur_15x15_s5/heldout/H002777.png,2729
175909,2729,H002778,data/splits/100k/images/heldout/H002778.png,data/corrupted/100k_blur_15x15_s5/heldout/H002778.png,2729
175959,2729,H002779,data/splits/100k/images/heldout/H002779.png,data/corrupted/100k_blur_15x15_s5/heldout/H002779.png,2729
178487,2770,H002780,data/splits/100k/images/heldout/H002780.png,data/corrupted/100k_blur_15x15_s5/heldout/H002780.png,2770
178532,2770,H002781,data/splits/100k/images/heldout/H002781.png,data/corrupted/100k_blur_15x15_s5/heldout/H002781.png,2770
178529,2770,H002782,data/splits/100k/images/heldout/H002782.png,data/corrupted/100k_blur_15x15_s5/heldout/H002782.png,2770
178507,2770,H002783,data/splits/100k/images/heldout/H002783.png,data/corrupted/100k_blur_15x15_s5/heldout/H002783.png,2770
333683,6170,H002784,data/splits/100k/images/heldout/H002784.png,data/corrupted/100k_blur_15x15_s5/heldout/H002784.png,6170
333666,6170,H002785,data/splits/100k/images/heldout/H002785.png,data/corrupted/100k_blur_15x15_s5/heldout/H002785.png,6170
333651,6170,H002786,data/splits/100k/images/heldout/H002786.png,data/corrupted/100k_blur_15x15_s5/heldout/H002786.png,6170
333600,6170,H002787,data/splits/100k/images/heldout/H002787.png,data/corrupted/100k_blur_15x15_s5/heldout/H002787.png,6170
10112,57,H002788,data/splits/100k/images/heldout/H002788.png,data/corrupted/100k_blur_15x15_s5/heldout/H002788.png,57
10082,57,H002789,data/splits/100k/images/heldout/H002789.png,data/corrupted/100k_blur_15x15_s5/heldout/H002789.png,57
10078,57,H002790,data/splits/100k/images/heldout/H002790.png,data/corrupted/100k_blur_15x15_s5/heldout/H002790.png,57
10033,57,H002791,data/splits/100k/images/heldout/H002791.png,data/corrupted/100k_blur_15x15_s5/heldout/H002791.png,57
16898,129,H002792,data/splits/100k/images/heldout/H002792.png,data/corrupted/100k_blur_15x15_s5/heldout/H002792.png,129
16906,129,H002793,data/splits/100k/images/heldout/H002793.png,data/corrupted/100k_blur_15x15_s5/heldout/H002793.png,129
16908,129,H002794,data/splits/100k/images/heldout/H002794.png,data/corrupted/100k_blur_15x15_s5/heldout/H002794.png,129
16973,129,H002795,data/splits/100k/images/heldout/H002795.png,data/corrupted/100k_blur_15x15_s5/heldout/H002795.png,129
31662,261,H002796,data/splits/100k/images/heldout/H002796.png,data/corrupted/100k_blur_15x15_s5/heldout/H002796.png,261
31669,261,H002797,data/splits/100k/images/heldout/H002797.png,data/corrupted/100k_blur_15x15_s5/heldout/H002797.png,261
31631,261,H002798,data/splits/100k/images/heldout/H002798.png,data/corrupted/100k_blur_15x15_s5/heldout/H002798.png,261
31666,261,H002799,data/splits/100k/images/heldout/H002799.png,data/corrupted/100k_blur_15x15_s5/heldout/H002799.png,261
42621,409,H002800,data/splits/100k/images/heldout/H002800.png,data/corrupted/100k_blur_15x15_s5/heldout/H002800.png,409
42605,409,H002801,data/splits/100k/images/heldout/H002801.png,data/corrupted/100k_blur_15x15_s5/heldout/H002801.png,409
42583,409,H002802,data/splits/100k/images/heldout/H002802.png,data/corrupted/100k_blur_15x15_s5/heldout/H002802.png,409
42537,409,H002803,data/splits/100k/images/heldout/H002803.png,data/corrupted/100k_blur_15x15_s5/heldout/H002803.png,409
144817,2108,H002804,data/splits/100k/images/heldout/H002804.png,data/corrupted/100k_blur_15x15_s5/heldout/H002804.png,2108
144867,2108,H002805,data/splits/100k/images/heldout/H002805.png,data/corrupted/100k_blur_15x15_s5/heldout/H002805.png,2108
144928,2108,H002806,data/splits/100k/images/heldout/H002806.png,data/corrupted/100k_blur_15x15_s5/heldout/H002806.png,2108
144913,2108,H002807,data/splits/100k/images/heldout/H002807.png,data/corrupted/100k_blur_15x15_s5/heldout/H002807.png,2108
164100,2505,H002808,data/splits/100k/images/heldout/H002808.png,data/corrupted/100k_blur_15x15_s5/heldout/H002808.png,2505
164154,2505,H002809,data/splits/100k/images/heldout/H002809.png,data/corrupted/100k_blur_15x15_s5/heldout/H002809.png,2505
164142,2505,H002810,data/splits/100k/images/heldout/H002810.png,data/corrupted/100k_blur_15x15_s5/heldout/H002810.png,2505
164130,2505,H002811,data/splits/100k/images/heldout/H002811.png,data/corrupted/100k_blur_15x15_s5/heldout/H002811.png,2505
166412,2551,H002812,data/splits/100k/images/heldout/H002812.png,data/corrupted/100k_blur_15x15_s5/heldout/H002812.png,2551
166474,2551,H002813,data/splits/100k/images/heldout/H002813.png,data/corrupted/100k_blur_15x15_s5/heldout/H002813.png,2551
166466,2551,H002814,data/splits/100k/images/heldout/H002814.png,data/corrupted/100k_blur_15x15_s5/heldout/H002814.png,2551
166456,2551,H002815,data/splits/100k/images/heldout/H002815.png,data/corrupted/100k_blur_15x15_s5/heldout/H002815.png,2551
187050,2965,H002816,data/splits/100k/images/heldout/H002816.png,data/corrupted/100k_blur_15x15_s5/heldout/H002816.png,2965
187153,2965,H002817,data/splits/100k/images/heldout/H002817.png,data/corrupted/100k_blur_15x15_s5/heldout/H002817.png,2965
187155,2965,H002818,data/splits/100k/images/heldout/H002818.png,data/corrupted/100k_blur_15x15_s5/heldout/H002818.png,2965
187062,2965,H002819,data/splits/100k/images/heldout/H002819.png,data/corrupted/100k_blur_15x15_s5/heldout/H002819.png,2965
274449,4866,H002820,data/splits/100k/images/heldout/H002820.png,data/corrupted/100k_blur_15x15_s5/heldout/H002820.png,4866
274521,4866,H002821,data/splits/100k/images/heldout/H002821.png,data/corrupted/100k_blur_15x15_s5/heldout/H002821.png,4866
274520,4866,H002822,data/splits/100k/images/heldout/H002822.png,data/corrupted/100k_blur_15x15_s5/heldout/H002822.png,4866
274491,4866,H002823,data/splits/100k/images/heldout/H002823.png,data/corrupted/100k_blur_15x15_s5/heldout/H002823.png,4866
317164,5811,H002824,data/splits/100k/images/heldout/H002824.png,data/corrupted/100k_blur_15x15_s5/heldout/H002824.png,5811
317125,5811,H002825,data/splits/100k/images/heldout/H002825.png,data/corrupted/100k_blur_15x15_s5/heldout/H002825.png,5811
317129,5811,H002826,data/splits/100k/images/heldout/H002826.png,data/corrupted/100k_blur_15x15_s5/heldout/H002826.png,5811
317193,5811,H002827,data/splits/100k/images/heldout/H002827.png,data/corrupted/100k_blur_15x15_s5/heldout/H002827.png,5811
420639,8392,H002828,data/splits/100k/images/heldout/H002828.png,data/corrupted/100k_blur_15x15_s5/heldout/H002828.png,8392
420604,8392,H002829,data/splits/100k/images/heldout/H002829.png,data/corrupted/100k_blur_15x15_s5/heldout/H002829.png,8392
420648,8392,H002830,data/splits/100k/images/heldout/H002830.png,data/corrupted/100k_blur_15x15_s5/heldout/H002830.png,8392
420591,8392,H002831,data/splits/100k/images/heldout/H002831.png,data/corrupted/100k_blur_15x15_s5/heldout/H002831.png,8392
12452,81,H002832,data/splits/100k/images/heldout/H002832.png,data/corrupted/100k_blur_15x15_s5/heldout/H002832.png,81
12444,81,H002833,data/splits/100k/images/heldout/H002833.png,data/corrupted/100k_blur_15x15_s5/heldout/H002833.png,81
12457,81,H002834,data/splits/100k/images/heldout/H002834.png,data/corrupted/100k_blur_15x15_s5/heldout/H002834.png,81
12527,81,H002835,data/splits/100k/images/heldout/H002835.png,data/corrupted/100k_blur_15x15_s5/heldout/H002835.png,81
24274,196,H002836,data/splits/100k/images/heldout/H002836.png,data/corrupted/100k_blur_15x15_s5/heldout/H002836.png,196
24343,196,H002837,data/splits/100k/images/heldout/H002837.png,data/corrupted/100k_blur_15x15_s5/heldout/H002837.png,196
24252,196,H002838,data/splits/100k/images/heldout/H002838.png,data/corrupted/100k_blur_15x15_s5/heldout/H002838.png,196
24312,196,H002839,data/splits/100k/images/heldout/H002839.png,data/corrupted/100k_blur_15x15_s5/heldout/H002839.png,196
47734,485,H002840,data/splits/100k/images/heldout/H002840.png,data/corrupted/100k_blur_15x15_s5/heldout/H002840.png,485
47808,485,H002841,data/splits/100k/images/heldout/H002841.png,data/corrupted/100k_blur_15x15_s5/heldout/H002841.png,485
47747,485,H002842,data/splits/100k/images/heldout/H002842.png,data/corrupted/100k_blur_15x15_s5/heldout/H002842.png,485
47771,485,H002843,data/splits/100k/images/heldout/H002843.png,data/corrupted/100k_blur_15x15_s5/heldout/H002843.png,485
49825,517,H002844,data/splits/100k/images/heldout/H002844.png,data/corrupted/100k_blur_15x15_s5/heldout/H002844.png,517
49894,517,H002845,data/splits/100k/images/heldout/H002845.png,data/corrupted/100k_blur_15x15_s5/heldout/H002845.png,517
49895,517,H002846,data/splits/100k/images/heldout/H002846.png,data/corrupted/100k_blur_15x15_s5/heldout/H002846.png,517
49912,517,H002847,data/splits/100k/images/heldout/H002847.png,data/corrupted/100k_blur_15x15_s5/heldout/H002847.png,517
50071,519,H002848,data/splits/100k/images/heldout/H002848.png,data/corrupted/100k_blur_15x15_s5/heldout/H002848.png,519
50101,519,H002849,data/splits/100k/images/heldout/H002849.png,data/corrupted/100k_blur_15x15_s5/heldout/H002849.png,519
50021,519,H002850,data/splits/100k/images/heldout/H002850.png,data/corrupted/100k_blur_15x15_s5/heldout/H002850.png,519
50022,519,H002851,data/splits/100k/images/heldout/H002851.png,data/corrupted/100k_blur_15x15_s5/heldout/H002851.png,519
59215,647,H002852,data/splits/100k/images/heldout/H002852.png,data/corrupted/100k_blur_15x15_s5/heldout/H002852.png,647
59132,647,H002853,data/splits/100k/images/heldout/H002853.png,data/corrupted/100k_blur_15x15_s5/heldout/H002853.png,647
59226,647,H002854,data/splits/100k/images/heldout/H002854.png,data/corrupted/100k_blur_15x15_s5/heldout/H002854.png,647
59168,647,H002855,data/splits/100k/images/heldout/H002855.png,data/corrupted/100k_blur_15x15_s5/heldout/H002855.png,647
92710,1130,H002856,data/splits/100k/images/heldout/H002856.png,data/corrupted/100k_blur_15x15_s5/heldout/H002856.png,1130
92622,1130,H002857,data/splits/100k/images/heldout/H002857.png,data/corrupted/100k_blur_15x15_s5/heldout/H002857.png,1130
92636,1130,H002858,data/splits/100k/images/heldout/H002858.png,data/corrupted/100k_blur_15x15_s5/heldout/H002858.png,1130
92667,1130,H002859,data/splits/100k/images/heldout/H002859.png,data/corrupted/100k_blur_15x15_s5/heldout/H002859.png,1130
112636,1434,H002860,data/splits/100k/images/heldout/H002860.png,data/corrupted/100k_blur_15x15_s5/heldout/H002860.png,1434
112528,1434,H002861,data/splits/100k/images/heldout/H002861.png,data/corrupted/100k_blur_15x15_s5/heldout/H002861.png,1434
112555,1434,H002862,data/splits/100k/images/heldout/H002862.png,data/corrupted/100k_blur_15x15_s5/heldout/H002862.png,1434
112578,1434,H002863,data/splits/100k/images/heldout/H002863.png,data/corrupted/100k_blur_15x15_s5/heldout/H002863.png,1434
141181,2034,H002864,data/splits/100k/images/heldout/H002864.png,data/corrupted/100k_blur_15x15_s5/heldout/H002864.png,2034
141180,2034,H002865,data/splits/100k/images/heldout/H002865.png,data/corrupted/100k_blur_15x15_s5/heldout/H002865.png,2034
141248,2034,H002866,data/splits/100k/images/heldout/H002866.png,data/corrupted/100k_blur_15x15_s5/heldout/H002866.png,2034
141238,2034,H002867,data/splits/100k/images/heldout/H002867.png,data/corrupted/100k_blur_15x15_s5/heldout/H002867.png,2034
153205,2289,H002868,data/splits/100k/images/heldout/H002868.png,data/corrupted/100k_blur_15x15_s5/heldout/H002868.png,2289
153254,2289,H002869,data/splits/100k/images/heldout/H002869.png,data/corrupted/100k_blur_15x15_s5/heldout/H002869.png,2289
153214,2289,H002870,data/splits/100k/images/heldout/H002870.png,data/corrupted/100k_blur_15x15_s5/heldout/H002870.png,2289
153195,2289,H002871,data/splits/100k/images/heldout/H002871.png,data/corrupted/100k_blur_15x15_s5/heldout/H002871.png,2289
153898,2308,H002872,data/splits/100k/images/heldout/H002872.png,data/corrupted/100k_blur_15x15_s5/heldout/H002872.png,2308
153914,2308,H002873,data/splits/100k/images/heldout/H002873.png,data/corrupted/100k_blur_15x15_s5/heldout/H002873.png,2308
153944,2308,H002874,data/splits/100k/images/heldout/H002874.png,data/corrupted/100k_blur_15x15_s5/heldout/H002874.png,2308
153956,2308,H002875,data/splits/100k/images/heldout/H002875.png,data/corrupted/100k_blur_15x15_s5/heldout/H002875.png,2308
184433,2902,H002876,data/splits/100k/images/heldout/H002876.png,data/corrupted/100k_blur_15x15_s5/heldout/H002876.png,2902
184457,2902,H002877,data/splits/100k/images/heldout/H002877.png,data/corrupted/100k_blur_15x15_s5/heldout/H002877.png,2902
184381,2902,H002878,data/splits/100k/images/heldout/H002878.png,data/corrupted/100k_blur_15x15_s5/heldout/H002878.png,2902
184415,2902,H002879,data/splits/100k/images/heldout/H002879.png,data/corrupted/100k_blur_15x15_s5/heldout/H002879.png,2902
311475,5678,H002880,data/splits/100k/images/heldout/H002880.png,data/corrupted/100k_blur_15x15_s5/heldout/H002880.png,5678
311532,5678,H002881,data/splits/100k/images/heldout/H002881.png,data/corrupted/100k_blur_15x15_s5/heldout/H002881.png,5678
311420,5678,H002882,data/splits/100k/images/heldout/H002882.png,data/corrupted/100k_blur_15x15_s5/heldout/H002882.png,5678
311485,5678,H002883,data/splits/100k/images/heldout/H002883.png,data/corrupted/100k_blur_15x15_s5/heldout/H002883.png,5678
406543,7996,H002884,data/splits/100k/images/heldout/H002884.png,data/corrupted/100k_blur_15x15_s5/heldout/H002884.png,7996
406489,7996,H002885,data/splits/100k/images/heldout/H002885.png,data/corrupted/100k_blur_15x15_s5/heldout/H002885.png,7996
406567,7996,H002886,data/splits/100k/images/heldout/H002886.png,data/corrupted/100k_blur_15x15_s5/heldout/H002886.png,7996
406485,7996,H002887,data/splits/100k/images/heldout/H002887.png,data/corrupted/100k_blur_15x15_s5/heldout/H002887.png,7996
408271,8047,H002888,data/splits/100k/images/heldout/H002888.png,data/corrupted/100k_blur_15x15_s5/heldout/H002888.png,8047
408193,8047,H002889,data/splits/100k/images/heldout/H002889.png,data/corrupted/100k_blur_15x15_s5/heldout/H002889.png,8047
408175,8047,H002890,data/splits/100k/images/heldout/H002890.png,data/corrupted/100k_blur_15x15_s5/heldout/H002890.png,8047
408179,8047,H002891,data/splits/100k/images/heldout/H002891.png,data/corrupted/100k_blur_15x15_s5/heldout/H002891.png,8047
23536,193,H002892,data/splits/100k/images/heldout/H002892.png,data/corrupted/100k_blur_15x15_s5/heldout/H002892.png,193
23619,193,H002893,data/splits/100k/images/heldout/H002893.png,data/corrupted/100k_blur_15x15_s5/heldout/H002893.png,193
23550,193,H002894,data/splits/100k/images/heldout/H002894.png,data/corrupted/100k_blur_15x15_s5/heldout/H002894.png,193
23580,193,H002895,data/splits/100k/images/heldout/H002895.png,data/corrupted/100k_blur_15x15_s5/heldout/H002895.png,193
31750,263,H002896,data/splits/100k/images/heldout/H002896.png,data/corrupted/100k_blur_15x15_s5/heldout/H002896.png,263
31810,263,H002897,data/splits/100k/images/heldout/H002897.png,data/corrupted/100k_blur_15x15_s5/heldout/H002897.png,263
31804,263,H002898,data/splits/100k/images/heldout/H002898.png,data/corrupted/100k_blur_15x15_s5/heldout/H002898.png,263
31727,263,H002899,data/splits/100k/images/heldout/H002899.png,data/corrupted/100k_blur_15x15_s5/heldout/H002899.png,263
63231,697,H002900,data/splits/100k/images/heldout/H002900.png,data/corrupted/100k_blur_15x15_s5/heldout/H002900.png,697
63305,697,H002901,data/splits/100k/images/heldout/H002901.png,data/corrupted/100k_blur_15x15_s5/heldout/H002901.png,697
63267,697,H002902,data/splits/100k/images/heldout/H002902.png,data/corrupted/100k_blur_15x15_s5/heldout/H002902.png,697
63302,697,H002903,data/splits/100k/images/heldout/H002903.png,data/corrupted/100k_blur_15x15_s5/heldout/H002903.png,697
67647,799,H002904,data/splits/100k/images/heldout/H002904.png,data/corrupted/100k_blur_15x15_s5/heldout/H002904.png,799
67574,799,H002905,data/splits/100k/images/heldout/H002905.png,data/corrupted/100k_blur_15x15_s5/heldout/H002905.png,799
67631,799,H002906,data/splits/100k/images/heldout/H002906.png,data/corrupted/100k_blur_15x15_s5/heldout/H002906.png,799
67605,799,H002907,data/splits/100k/images/heldout/H002907.png,data/corrupted/100k_blur_15x15_s5/heldout/H002907.png,799
145415,2121,H002908,data/splits/100k/images/heldout/H002908.png,data/corrupted/100k_blur_15x15_s5/heldout/H002908.png,2121
145442,2121,H002909,data/splits/100k/images/heldout/H002909.png,data/corrupted/100k_blur_15x15_s5/heldout/H002909.png,2121
145389,2121,H002910,data/splits/100k/images/heldout/H002910.png,data/corrupted/100k_blur_15x15_s5/heldout/H002910.png,2121
145464,2121,H002911,data/splits/100k/images/heldout/H002911.png,data/corrupted/100k_blur_15x15_s5/heldout/H002911.png,2121
363396,6833,H002912,data/splits/100k/images/heldout/H002912.png,data/corrupted/100k_blur_15x15_s5/heldout/H002912.png,6833
363352,6833,H002913,data/splits/100k/images/heldout/H002913.png,data/corrupted/100k_blur_15x15_s5/heldout/H002913.png,6833
363363,6833,H002914,data/splits/100k/images/heldout/H002914.png,data/corrupted/100k_blur_15x15_s5/heldout/H002914.png,6833
363346,6833,H002915,data/splits/100k/images/heldout/H002915.png,data/corrupted/100k_blur_15x15_s5/heldout/H002915.png,6833
443651,9039,H002916,data/splits/100k/images/heldout/H002916.png,data/corrupted/100k_blur_15x15_s5/heldout/H002916.png,9039
443642,9039,H002917,data/splits/100k/images/heldout/H002917.png,data/corrupted/100k_blur_15x15_s5/heldout/H002917.png,9039
443653,9039,H002918,data/splits/100k/images/heldout/H002918.png,data/corrupted/100k_blur_15x15_s5/heldout/H002918.png,9039
443682,9039,H002919,data/splits/100k/images/heldout/H002919.png,data/corrupted/100k_blur_15x15_s5/heldout/H002919.png,9039
87220,1053,H002920,data/splits/100k/images/heldout/H002920.png,data/corrupted/100k_blur_15x15_s5/heldout/H002920.png,1053
87317,1053,H002921,data/splits/100k/images/heldout/H002921.png,data/corrupted/100k_blur_15x15_s5/heldout/H002921.png,1053
87276,1053,H002922,data/splits/100k/images/heldout/H002922.png,data/corrupted/100k_blur_15x15_s5/heldout/H002922.png,1053
87291,1053,H002923,data/splits/100k/images/heldout/H002923.png,data/corrupted/100k_blur_15x15_s5/heldout/H002923.png,1053
103517,1254,H002924,data/splits/100k/images/heldout/H002924.png,data/corrupted/100k_blur_15x15_s5/heldout/H002924.png,1254
103437,1254,H002925,data/splits/100k/images/heldout/H002925.png,data/corrupted/100k_blur_15x15_s5/heldout/H002925.png,1254
103447,1254,H002926,data/splits/100k/images/heldout/H002926.png,data/corrupted/100k_blur_15x15_s5/heldout/H002926.png,1254
103514,1254,H002927,data/splits/100k/images/heldout/H002927.png,data/corrupted/100k_blur_15x15_s5/heldout/H002927.png,1254
179271,2789,H002928,data/splits/100k/images/heldout/H002928.png,data/corrupted/100k_blur_15x15_s5/heldout/H002928.png,2789
179299,2789,H002929,data/splits/100k/images/heldout/H002929.png,data/corrupted/100k_blur_15x15_s5/heldout/H002929.png,2789
179304,2789,H002930,data/splits/100k/images/heldout/H002930.png,data/corrupted/100k_blur_15x15_s5/heldout/H002930.png,2789
179368,2789,H002931,data/splits/100k/images/heldout/H002931.png,data/corrupted/100k_blur_15x15_s5/heldout/H002931.png,2789
225907,3813,H002932,data/splits/100k/images/heldout/H002932.png,data/corrupted/100k_blur_15x15_s5/heldout/H002932.png,3813
225929,3813,H002933,data/splits/100k/images/heldout/H002933.png,data/corrupted/100k_blur_15x15_s5/heldout/H002933.png,3813
225894,3813,H002934,data/splits/100k/images/heldout/H002934.png,data/corrupted/100k_blur_15x15_s5/heldout/H002934.png,3813
225969,3813,H002935,data/splits/100k/images/heldout/H002935.png,data/corrupted/100k_blur_15x15_s5/heldout/H002935.png,3813
231537,3950,H002936,data/splits/100k/images/heldout/H002936.png,data/corrupted/100k_blur_15x15_s5/heldout/H002936.png,3950
231438,3950,H002937,data/splits/100k/images/heldout/H002937.png,data/corrupted/100k_blur_15x15_s5/heldout/H002937.png,3950
231493,3950,H002938,data/splits/100k/images/heldout/H002938.png,data/corrupted/100k_blur_15x15_s5/heldout/H002938.png,3950
231527,3950,H002939,data/splits/100k/images/heldout/H002939.png,data/corrupted/100k_blur_15x15_s5/heldout/H002939.png,3950
302481,5488,H002940,data/splits/100k/images/heldout/H002940.png,data/corrupted/100k_blur_15x15_s5/heldout/H002940.png,5488
302561,5488,H002941,data/splits/100k/images/heldout/H002941.png,data/corrupted/100k_blur_15x15_s5/heldout/H002941.png,5488
302576,5488,H002942,data/splits/100k/images/heldout/H002942.png,data/corrupted/100k_blur_15x15_s5/heldout/H002942.png,5488
302532,5488,H002943,data/splits/100k/images/heldout/H002943.png,data/corrupted/100k_blur_15x15_s5/heldout/H002943.png,5488
302724,5494,H002944,data/splits/100k/images/heldout/H002944.png,data/corrupted/100k_blur_15x15_s5/heldout/H002944.png,5494
302807,5494,H002945,data/splits/100k/images/heldout/H002945.png,data/corrupted/100k_blur_15x15_s5/heldout/H002945.png,5494
302742,5494,H002946,data/splits/100k/images/heldout/H002946.png,data/corrupted/100k_blur_15x15_s5/heldout/H002946.png,5494
302711,5494,H002947,data/splits/100k/images/heldout/H002947.png,data/corrupted/100k_blur_15x15_s5/heldout/H002947.png,5494
322372,5927,H002948,data/splits/100k/images/heldout/H002948.png,data/corrupted/100k_blur_15x15_s5/heldout/H002948.png,5927
322341,5927,H002949,data/splits/100k/images/heldout/H002949.png,data/corrupted/100k_blur_15x15_s5/heldout/H002949.png,5927
322298,5927,H002950,data/splits/100k/images/heldout/H002950.png,data/corrupted/100k_blur_15x15_s5/heldout/H002950.png,5927
322277,5927,H002951,data/splits/100k/images/heldout/H002951.png,data/corrupted/100k_blur_15x15_s5/heldout/H002951.png,5927
325020,5985,H002952,data/splits/100k/images/heldout/H002952.png,data/corrupted/100k_blur_15x15_s5/heldout/H002952.png,5985
324973,5985,H002953,data/splits/100k/images/heldout/H002953.png,data/corrupted/100k_blur_15x15_s5/heldout/H002953.png,5985
325043,5985,H002954,data/splits/100k/images/heldout/H002954.png,data/corrupted/100k_blur_15x15_s5/heldout/H002954.png,5985
324984,5985,H002955,data/splits/100k/images/heldout/H002955.png,data/corrupted/100k_blur_15x15_s5/heldout/H002955.png,5985
426865,8573,H002956,data/splits/100k/images/heldout/H002956.png,data/corrupted/100k_blur_15x15_s5/heldout/H002956.png,8573
426853,8573,H002957,data/splits/100k/images/heldout/H002957.png,data/corrupted/100k_blur_15x15_s5/heldout/H002957.png,8573
426901,8573,H002958,data/splits/100k/images/heldout/H002958.png,data/corrupted/100k_blur_15x15_s5/heldout/H002958.png,8573
426888,8573,H002959,data/splits/100k/images/heldout/H002959.png,data/corrupted/100k_blur_15x15_s5/heldout/H002959.png,8573
36681,338,H002960,data/splits/100k/images/heldout/H002960.png,data/corrupted/100k_blur_15x15_s5/heldout/H002960.png,338
36685,338,H002961,data/splits/100k/images/heldout/H002961.png,data/corrupted/100k_blur_15x15_s5/heldout/H002961.png,338
36716,338,H002962,data/splits/100k/images/heldout/H002962.png,data/corrupted/100k_blur_15x15_s5/heldout/H002962.png,338
36638,338,H002963,data/splits/100k/images/heldout/H002963.png,data/corrupted/100k_blur_15x15_s5/heldout/H002963.png,338
139046,2000,H002964,data/splits/100k/images/heldout/H002964.png,data/corrupted/100k_blur_15x15_s5/heldout/H002964.png,2000
139096,2000,H002965,data/splits/100k/images/heldout/H002965.png,data/corrupted/100k_blur_15x15_s5/heldout/H002965.png,2000
139083,2000,H002966,data/splits/100k/images/heldout/H002966.png,data/corrupted/100k_blur_15x15_s5/heldout/H002966.png,2000
138997,2000,H002967,data/splits/100k/images/heldout/H002967.png,data/corrupted/100k_blur_15x15_s5/heldout/H002967.png,2000
146644,2154,H002968,data/splits/100k/images/heldout/H002968.png,data/corrupted/100k_blur_15x15_s5/heldout/H002968.png,2154
146566,2154,H002969,data/splits/100k/images/heldout/H002969.png,data/corrupted/100k_blur_15x15_s5/heldout/H002969.png,2154
146599,2154,H002970,data/splits/100k/images/heldout/H002970.png,data/corrupted/100k_blur_15x15_s5/heldout/H002970.png,2154
146637,2154,H002971,data/splits/100k/images/heldout/H002971.png,data/corrupted/100k_blur_15x15_s5/heldout/H002971.png,2154
160603,2435,H002972,data/splits/100k/images/heldout/H002972.png,data/corrupted/100k_blur_15x15_s5/heldout/H002972.png,2435
160677,2435,H002973,data/splits/100k/images/heldout/H002973.png,data/corrupted/100k_blur_15x15_s5/heldout/H002973.png,2435
160662,2435,H002974,data/splits/100k/images/heldout/H002974.png,data/corrupted/100k_blur_15x15_s5/heldout/H002974.png,2435
160706,2435,H002975,data/splits/100k/images/heldout/H002975.png,data/corrupted/100k_blur_15x15_s5/heldout/H002975.png,2435
185185,2920,H002976,data/splits/100k/images/heldout/H002976.png,data/corrupted/100k_blur_15x15_s5/heldout/H002976.png,2920
185220,2920,H002977,data/splits/100k/images/heldout/H002977.png,data/corrupted/100k_blur_15x15_s5/heldout/H002977.png,2920
185204,2920,H002978,data/splits/100k/images/heldout/H002978.png,data/corrupted/100k_blur_15x15_s5/heldout/H002978.png,2920
185214,2920,H002979,data/splits/100k/images/heldout/H002979.png,data/corrupted/100k_blur_15x15_s5/heldout/H002979.png,2920
118490,1558,H002980,data/splits/100k/images/heldout/H002980.png,data/corrupted/100k_blur_15x15_s5/heldout/H002980.png,1558
118491,1558,H002981,data/splits/100k/images/heldout/H002981.png,data/corrupted/100k_blur_15x15_s5/heldout/H002981.png,1558
118591,1558,H002982,data/splits/100k/images/heldout/H002982.png,data/corrupted/100k_blur_15x15_s5/heldout/H002982.png,1558
118566,1558,H002983,data/splits/100k/images/heldout/H002983.png,data/corrupted/100k_blur_15x15_s5/heldout/H002983.png,1558
135794,1933,H002984,data/splits/100k/images/heldout/H002984.png,data/corrupted/100k_blur_15x15_s5/heldout/H002984.png,1933
135741,1933,H002985,data/splits/100k/images/heldout/H002985.png,data/corrupted/100k_blur_15x15_s5/heldout/H002985.png,1933
135768,1933,H002986,data/splits/100k/images/heldout/H002986.png,data/corrupted/100k_blur_15x15_s5/heldout/H002986.png,1933
135720,1933,H002987,data/splits/100k/images/heldout/H002987.png,data/corrupted/100k_blur_15x15_s5/heldout/H002987.png,1933
155964,2347,H002988,data/splits/100k/images/heldout/H002988.png,data/corrupted/100k_blur_15x15_s5/heldout/H002988.png,2347
155962,2347,H002989,data/splits/100k/images/heldout/H002989.png,data/corrupted/100k_blur_15x15_s5/heldout/H002989.png,2347
155946,2347,H002990,data/splits/100k/images/heldout/H002990.png,data/corrupted/100k_blur_15x15_s5/heldout/H002990.png,2347
155936,2347,H002991,data/splits/100k/images/heldout/H002991.png,data/corrupted/100k_blur_15x15_s5/heldout/H002991.png,2347
184956,2916,H002992,data/splits/100k/images/heldout/H002992.png,data/corrupted/100k_blur_15x15_s5/heldout/H002992.png,2916
184926,2916,H002993,data/splits/100k/images/heldout/H002993.png,data/corrupted/100k_blur_15x15_s5/heldout/H002993.png,2916
184990,2916,H002994,data/splits/100k/images/heldout/H002994.png,data/corrupted/100k_blur_15x15_s5/heldout/H002994.png,2916
184929,2916,H002995,data/splits/100k/images/heldout/H002995.png,data/corrupted/100k_blur_15x15_s5/heldout/H002995.png,2916
197752,3205,H002996,data/splits/100k/images/heldout/H002996.png,data/corrupted/100k_blur_15x15_s5/heldout/H002996.png,3205
197734,3205,H002997,data/splits/100k/images/heldout/H002997.png,data/corrupted/100k_blur_15x15_s5/heldout/H002997.png,3205
197726,3205,H002998,data/splits/100k/images/heldout/H002998.png,data/corrupted/100k_blur_15x15_s5/heldout/H002998.png,3205
197667,3205,H002999,data/splits/100k/images/heldout/H002999.png,data/corrupted/100k_blur_15x15_s5/heldout/H002999.png,3205
341994,6339,H003000,data/splits/100k/images/heldout/H003000.png,data/corrupted/100k_blur_15x15_s5/heldout/H003000.png,6339
341976,6339,H003001,data/splits/100k/images/heldout/H003001.png,data/corrupted/100k_blur_15x15_s5/heldout/H003001.png,6339
342018,6339,H003002,data/splits/100k/images/heldout/H003002.png,data/corrupted/100k_blur_15x15_s5/heldout/H003002.png,6339
341954,6339,H003003,data/splits/100k/images/heldout/H003003.png,data/corrupted/100k_blur_15x15_s5/heldout/H003003.png,6339
369081,6978,H003004,data/splits/100k/images/heldout/H003004.png,data/corrupted/100k_blur_15x15_s5/heldout/H003004.png,6978
369048,6978,H003005,data/splits/100k/images/heldout/H003005.png,data/corrupted/100k_blur_15x15_s5/heldout/H003005.png,6978
369017,6978,H003006,data/splits/100k/images/heldout/H003006.png,data/corrupted/100k_blur_15x15_s5/heldout/H003006.png,6978
369075,6978,H003007,data/splits/100k/images/heldout/H003007.png,data/corrupted/100k_blur_15x15_s5/heldout/H003007.png,6978
18808,145,H003008,data/splits/100k/images/heldout/H003008.png,data/corrupted/100k_blur_15x15_s5/heldout/H003008.png,145
18816,145,H003009,data/splits/100k/images/heldout/H003009.png,data/corrupted/100k_blur_15x15_s5/heldout/H003009.png,145
18834,145,H003010,data/splits/100k/images/heldout/H003010.png,data/corrupted/100k_blur_15x15_s5/heldout/H003010.png,145
18880,145,H003011,data/splits/100k/images/heldout/H003011.png,data/corrupted/100k_blur_15x15_s5/heldout/H003011.png,145
30004,250,H003012,data/splits/100k/images/heldout/H003012.png,data/corrupted/100k_blur_15x15_s5/heldout/H003012.png,250
30110,250,H003013,data/splits/100k/images/heldout/H003013.png,data/corrupted/100k_blur_15x15_s5/heldout/H003013.png,250
30074,250,H003014,data/splits/100k/images/heldout/H003014.png,data/corrupted/100k_blur_15x15_s5/heldout/H003014.png,250
30034,250,H003015,data/splits/100k/images/heldout/H003015.png,data/corrupted/100k_blur_15x15_s5/heldout/H003015.png,250
64527,732,H003016,data/splits/100k/images/heldout/H003016.png,data/corrupted/100k_blur_15x15_s5/heldout/H003016.png,732
64592,732,H003017,data/splits/100k/images/heldout/H003017.png,data/corrupted/100k_blur_15x15_s5/heldout/H003017.png,732
64554,732,H003018,data/splits/100k/images/heldout/H003018.png,data/corrupted/100k_blur_15x15_s5/heldout/H003018.png,732
64519,732,H003019,data/splits/100k/images/heldout/H003019.png,data/corrupted/100k_blur_15x15_s5/heldout/H003019.png,732
104459,1269,H003020,data/splits/100k/images/heldout/H003020.png,data/corrupted/100k_blur_15x15_s5/heldout/H003020.png,1269
104537,1269,H003021,data/splits/100k/images/heldout/H003021.png,data/corrupted/100k_blur_15x15_s5/heldout/H003021.png,1269
104523,1269,H003022,data/splits/100k/images/heldout/H003022.png,data/corrupted/100k_blur_15x15_s5/heldout/H003022.png,1269
104549,1269,H003023,data/splits/100k/images/heldout/H003023.png,data/corrupted/100k_blur_15x15_s5/heldout/H003023.png,1269
114159,1468,H003024,data/splits/100k/images/heldout/H003024.png,data/corrupted/100k_blur_15x15_s5/heldout/H003024.png,1468
114171,1468,H003025,data/splits/100k/images/heldout/H003025.png,data/corrupted/100k_blur_15x15_s5/heldout/H003025.png,1468
114198,1468,H003026,data/splits/100k/images/heldout/H003026.png,data/corrupted/100k_blur_15x15_s5/heldout/H003026.png,1468
114137,1468,H003027,data/splits/100k/images/heldout/H003027.png,data/corrupted/100k_blur_15x15_s5/heldout/H003027.png,1468
163512,2486,H003028,data/splits/100k/images/heldout/H003028.png,data/corrupted/100k_blur_15x15_s5/heldout/H003028.png,2486
163412,2486,H003029,data/splits/100k/images/heldout/H003029.png,data/corrupted/100k_blur_15x15_s5/heldout/H003029.png,2486
163489,2486,H003030,data/splits/100k/images/heldout/H003030.png,data/corrupted/100k_blur_15x15_s5/heldout/H003030.png,2486
163482,2486,H003031,data/splits/100k/images/heldout/H003031.png,data/corrupted/100k_blur_15x15_s5/heldout/H003031.png,2486
164530,2512,H003032,data/splits/100k/images/heldout/H003032.png,data/corrupted/100k_blur_15x15_s5/heldout/H003032.png,2512
164510,2512,H003033,data/splits/100k/images/heldout/H003033.png,data/corrupted/100k_blur_15x15_s5/heldout/H003033.png,2512
164518,2512,H003034,data/splits/100k/images/heldout/H003034.png,data/corrupted/100k_blur_15x15_s5/heldout/H003034.png,2512
164574,2512,H003035,data/splits/100k/images/heldout/H003035.png,data/corrupted/100k_blur_15x15_s5/heldout/H003035.png,2512
189068,3007,H003036,data/splits/100k/images/heldout/H003036.png,data/corrupted/100k_blur_15x15_s5/heldout/H003036.png,3007
189103,3007,H003037,data/splits/100k/images/heldout/H003037.png,data/corrupted/100k_blur_15x15_s5/heldout/H003037.png,3007
189026,3007,H003038,data/splits/100k/images/heldout/H003038.png,data/corrupted/100k_blur_15x15_s5/heldout/H003038.png,3007
189102,3007,H003039,data/splits/100k/images/heldout/H003039.png,data/corrupted/100k_blur_15x15_s5/heldout/H003039.png,3007
274092,4861,H003040,data/splits/100k/images/heldout/H003040.png,data/corrupted/100k_blur_15x15_s5/heldout/H003040.png,4861
274130,4861,H003041,data/splits/100k/images/heldout/H003041.png,data/corrupted/100k_blur_15x15_s5/heldout/H003041.png,4861
274127,4861,H003042,data/splits/100k/images/heldout/H003042.png,data/corrupted/100k_blur_15x15_s5/heldout/H003042.png,4861
274053,4861,H003043,data/splits/100k/images/heldout/H003043.png,data/corrupted/100k_blur_15x15_s5/heldout/H003043.png,4861
347117,6439,H003044,data/splits/100k/images/heldout/H003044.png,data/corrupted/100k_blur_15x15_s5/heldout/H003044.png,6439
347129,6439,H003045,data/splits/100k/images/heldout/H003045.png,data/corrupted/100k_blur_15x15_s5/heldout/H003045.png,6439
347065,6439,H003046,data/splits/100k/images/heldout/H003046.png,data/corrupted/100k_blur_15x15_s5/heldout/H003046.png,6439
347096,6439,H003047,data/splits/100k/images/heldout/H003047.png,data/corrupted/100k_blur_15x15_s5/heldout/H003047.png,6439
62005,684,H003048,data/splits/100k/images/heldout/H003048.png,data/corrupted/100k_blur_15x15_s5/heldout/H003048.png,684
61981,684,H003049,data/splits/100k/images/heldout/H003049.png,data/corrupted/100k_blur_15x15_s5/heldout/H003049.png,684
61998,684,H003050,data/splits/100k/images/heldout/H003050.png,data/corrupted/100k_blur_15x15_s5/heldout/H003050.png,684
61961,684,H003051,data/splits/100k/images/heldout/H003051.png,data/corrupted/100k_blur_15x15_s5/heldout/H003051.png,684
75013,897,H003052,data/splits/100k/images/heldout/H003052.png,data/corrupted/100k_blur_15x15_s5/heldout/H003052.png,897
74959,897,H003053,data/splits/100k/images/heldout/H003053.png,data/corrupted/100k_blur_15x15_s5/heldout/H003053.png,897
74972,897,H003054,data/splits/100k/images/heldout/H003054.png,data/corrupted/100k_blur_15x15_s5/heldout/H003054.png,897
74993,897,H003055,data/splits/100k/images/heldout/H003055.png,data/corrupted/100k_blur_15x15_s5/heldout/H003055.png,897
172830,2666,H003056,data/splits/100k/images/heldout/H003056.png,data/corrupted/100k_blur_15x15_s5/heldout/H003056.png,2666
172882,2666,H003057,data/splits/100k/images/heldout/H003057.png,data/corrupted/100k_blur_15x15_s5/heldout/H003057.png,2666
172829,2666,H003058,data/splits/100k/images/heldout/H003058.png,data/corrupted/100k_blur_15x15_s5/heldout/H003058.png,2666
172846,2666,H003059,data/splits/100k/images/heldout/H003059.png,data/corrupted/100k_blur_15x15_s5/heldout/H003059.png,2666
195664,3153,H003060,data/splits/100k/images/heldout/H003060.png,data/corrupted/100k_blur_15x15_s5/heldout/H003060.png,3153
195630,3153,H003061,data/splits/100k/images/heldout/H003061.png,data/corrupted/100k_blur_15x15_s5/heldout/H003061.png,3153
195592,3153,H003062,data/splits/100k/images/heldout/H003062.png,data/corrupted/100k_blur_15x15_s5/heldout/H003062.png,3153
195617,3153,H003063,data/splits/100k/images/heldout/H003063.png,data/corrupted/100k_blur_15x15_s5/heldout/H003063.png,3153
204632,3362,H003064,data/splits/100k/images/heldout/H003064.png,data/corrupted/100k_blur_15x15_s5/heldout/H003064.png,3362
204568,3362,H003065,data/splits/100k/images/heldout/H003065.png,data/corrupted/100k_blur_15x15_s5/heldout/H003065.png,3362
204611,3362,H003066,data/splits/100k/images/heldout/H003066.png,data/corrupted/100k_blur_15x15_s5/heldout/H003066.png,3362
204616,3362,H003067,data/splits/100k/images/heldout/H003067.png,data/corrupted/100k_blur_15x15_s5/heldout/H003067.png,3362
227865,3870,H003068,data/splits/100k/images/heldout/H003068.png,data/corrupted/100k_blur_15x15_s5/heldout/H003068.png,3870
227920,3870,H003069,data/splits/100k/images/heldout/H003069.png,data/corrupted/100k_blur_15x15_s5/heldout/H003069.png,3870
227908,3870,H003070,data/splits/100k/images/heldout/H003070.png,data/corrupted/100k_blur_15x15_s5/heldout/H003070.png,3870
227885,3870,H003071,data/splits/100k/images/heldout/H003071.png,data/corrupted/100k_blur_15x15_s5/heldout/H003071.png,3870
246268,4248,H003072,data/splits/100k/images/heldout/H003072.png,data/corrupted/100k_blur_15x15_s5/heldout/H003072.png,4248
246361,4248,H003073,data/splits/100k/images/heldout/H003073.png,data/corrupted/100k_blur_15x15_s5/heldout/H003073.png,4248
246309,4248,H003074,data/splits/100k/images/heldout/H003074.png,data/corrupted/100k_blur_15x15_s5/heldout/H003074.png,4248
246363,4248,H003075,data/splits/100k/images/heldout/H003075.png,data/corrupted/100k_blur_15x15_s5/heldout/H003075.png,4248
337642,6253,H003076,data/splits/100k/images/heldout/H003076.png,data/corrupted/100k_blur_15x15_s5/heldout/H003076.png,6253
337605,6253,H003077,data/splits/100k/images/heldout/H003077.png,data/corrupted/100k_blur_15x15_s5/heldout/H003077.png,6253
337587,6253,H003078,data/splits/100k/images/heldout/H003078.png,data/corrupted/100k_blur_15x15_s5/heldout/H003078.png,6253
337585,6253,H003079,data/splits/100k/images/heldout/H003079.png,data/corrupted/100k_blur_15x15_s5/heldout/H003079.png,6253
24224,195,H003080,data/splits/100k/images/heldout/H003080.png,data/corrupted/100k_blur_15x15_s5/heldout/H003080.png,195
24201,195,H003081,data/splits/100k/images/heldout/H003081.png,data/corrupted/100k_blur_15x15_s5/heldout/H003081.png,195
24241,195,H003082,data/splits/100k/images/heldout/H003082.png,data/corrupted/100k_blur_15x15_s5/heldout/H003082.png,195
24243,195,H003083,data/splits/100k/images/heldout/H003083.png,data/corrupted/100k_blur_15x15_s5/heldout/H003083.png,195
56081,599,H003084,data/splits/100k/images/heldout/H003084.png,data/corrupted/100k_blur_15x15_s5/heldout/H003084.png,599
56082,599,H003085,data/splits/100k/images/heldout/H003085.png,data/corrupted/100k_blur_15x15_s5/heldout/H003085.png,599
56090,599,H003086,data/splits/100k/images/heldout/H003086.png,data/corrupted/100k_blur_15x15_s5/heldout/H003086.png,599
56076,599,H003087,data/splits/100k/images/heldout/H003087.png,data/corrupted/100k_blur_15x15_s5/heldout/H003087.png,599
56720,609,H003088,data/splits/100k/images/heldout/H003088.png,data/corrupted/100k_blur_15x15_s5/heldout/H003088.png,609
56681,609,H003089,data/splits/100k/images/heldout/H003089.png,data/corrupted/100k_blur_15x15_s5/heldout/H003089.png,609
56732,609,H003090,data/splits/100k/images/heldout/H003090.png,data/corrupted/100k_blur_15x15_s5/heldout/H003090.png,609
56651,609,H003091,data/splits/100k/images/heldout/H003091.png,data/corrupted/100k_blur_15x15_s5/heldout/H003091.png,609
83227,1007,H003092,data/splits/100k/images/heldout/H003092.png,data/corrupted/100k_blur_15x15_s5/heldout/H003092.png,1007
83273,1007,H003093,data/splits/100k/images/heldout/H003093.png,data/corrupted/100k_blur_15x15_s5/heldout/H003093.png,1007
83233,1007,H003094,data/splits/100k/images/heldout/H003094.png,data/corrupted/100k_blur_15x15_s5/heldout/H003094.png,1007
83258,1007,H003095,data/splits/100k/images/heldout/H003095.png,data/corrupted/100k_blur_15x15_s5/heldout/H003095.png,1007
143714,2085,H003096,data/splits/100k/images/heldout/H003096.png,data/corrupted/100k_blur_15x15_s5/heldout/H003096.png,2085
143702,2085,H003097,data/splits/100k/images/heldout/H003097.png,data/corrupted/100k_blur_15x15_s5/heldout/H003097.png,2085
143726,2085,H003098,data/splits/100k/images/heldout/H003098.png,data/corrupted/100k_blur_15x15_s5/heldout/H003098.png,2085
143707,2085,H003099,data/splits/100k/images/heldout/H003099.png,data/corrupted/100k_blur_15x15_s5/heldout/H003099.png,2085
220355,3705,H003100,data/splits/100k/images/heldout/H003100.png,data/corrupted/100k_blur_15x15_s5/heldout/H003100.png,3705
220364,3705,H003101,data/splits/100k/images/heldout/H003101.png,data/corrupted/100k_blur_15x15_s5/heldout/H003101.png,3705
220357,3705,H003102,data/splits/100k/images/heldout/H003102.png,data/corrupted/100k_blur_15x15_s5/heldout/H003102.png,3705
220371,3705,H003103,data/splits/100k/images/heldout/H003103.png,data/corrupted/100k_blur_15x15_s5/heldout/H003103.png,3705
229971,3924,H003104,data/splits/100k/images/heldout/H003104.png,data/corrupted/100k_blur_15x15_s5/heldout/H003104.png,3924
230029,3924,H003105,data/splits/100k/images/heldout/H003105.png,data/corrupted/100k_blur_15x15_s5/heldout/H003105.png,3924
229960,3924,H003106,data/splits/100k/images/heldout/H003106.png,data/corrupted/100k_blur_15x15_s5/heldout/H003106.png,3924
230052,3924,H003107,data/splits/100k/images/heldout/H003107.png,data/corrupted/100k_blur_15x15_s5/heldout/H003107.png,3924
254520,4403,H003108,data/splits/100k/images/heldout/H003108.png,data/corrupted/100k_blur_15x15_s5/heldout/H003108.png,4403
254554,4403,H003109,data/splits/100k/images/heldout/H003109.png,data/corrupted/100k_blur_15x15_s5/heldout/H003109.png,4403
254576,4403,H003110,data/splits/100k/images/heldout/H003110.png,data/corrupted/100k_blur_15x15_s5/heldout/H003110.png,4403
254530,4403,H003111,data/splits/100k/images/heldout/H003111.png,data/corrupted/100k_blur_15x15_s5/heldout/H003111.png,4403
263779,4621,H003112,data/splits/100k/images/heldout/H003112.png,data/corrupted/100k_blur_15x15_s5/heldout/H003112.png,4621
263818,4621,H003113,data/splits/100k/images/heldout/H003113.png,data/corrupted/100k_blur_15x15_s5/heldout/H003113.png,4621
263832,4621,H003114,data/splits/100k/images/heldout/H003114.png,data/corrupted/100k_blur_15x15_s5/heldout/H003114.png,4621
263812,4621,H003115,data/splits/100k/images/heldout/H003115.png,data/corrupted/100k_blur_15x15_s5/heldout/H003115.png,4621
269476,4743,H003116,data/splits/100k/images/heldout/H003116.png,data/corrupted/100k_blur_15x15_s5/heldout/H003116.png,4743
269443,4743,H003117,data/splits/100k/images/heldout/H003117.png,data/corrupted/100k_blur_15x15_s5/heldout/H003117.png,4743
269448,4743,H003118,data/splits/100k/images/heldout/H003118.png,data/corrupted/100k_blur_15x15_s5/heldout/H003118.png,4743
269414,4743,H003119,data/splits/100k/images/heldout/H003119.png,data/corrupted/100k_blur_15x15_s5/heldout/H003119.png,4743
272267,4818,H003120,data/splits/100k/images/heldout/H003120.png,data/corrupted/100k_blur_15x15_s5/heldout/H003120.png,4818
272370,4818,H003121,data/splits/100k/images/heldout/H003121.png,data/corrupted/100k_blur_15x15_s5/heldout/H003121.png,4818
272349,4818,H003122,data/splits/100k/images/heldout/H003122.png,data/corrupted/100k_blur_15x15_s5/heldout/H003122.png,4818
272313,4818,H003123,data/splits/100k/images/heldout/H003123.png,data/corrupted/100k_blur_15x15_s5/heldout/H003123.png,4818
275351,4888,H003124,data/splits/100k/images/heldout/H003124.png,data/corrupted/100k_blur_15x15_s5/heldout/H003124.png,4888
275293,4888,H003125,data/splits/100k/images/heldout/H003125.png,data/corrupted/100k_blur_15x15_s5/heldout/H003125.png,4888
275381,4888,H003126,data/splits/100k/images/heldout/H003126.png,data/corrupted/100k_blur_15x15_s5/heldout/H003126.png,4888
275385,4888,H003127,data/splits/100k/images/heldout/H003127.png,data/corrupted/100k_blur_15x15_s5/heldout/H003127.png,4888
282303,5041,H003128,data/splits/100k/images/heldout/H003128.png,data/corrupted/100k_blur_15x15_s5/heldout/H003128.png,5041
282227,5041,H003129,data/splits/100k/images/heldout/H003129.png,data/corrupted/100k_blur_15x15_s5/heldout/H003129.png,5041
282318,5041,H003130,data/splits/100k/images/heldout/H003130.png,data/corrupted/100k_blur_15x15_s5/heldout/H003130.png,5041
282310,5041,H003131,data/splits/100k/images/heldout/H003131.png,data/corrupted/100k_blur_15x15_s5/heldout/H003131.png,5041
365968,6897,H003132,data/splits/100k/images/heldout/H003132.png,data/corrupted/100k_blur_15x15_s5/heldout/H003132.png,6897
365910,6897,H003133,data/splits/100k/images/heldout/H003133.png,data/corrupted/100k_blur_15x15_s5/heldout/H003133.png,6897
365967,6897,H003134,data/splits/100k/images/heldout/H003134.png,data/corrupted/100k_blur_15x15_s5/heldout/H003134.png,6897
365920,6897,H003135,data/splits/100k/images/heldout/H003135.png,data/corrupted/100k_blur_15x15_s5/heldout/H003135.png,6897
15884,114,H003136,data/splits/100k/images/heldout/H003136.png,data/corrupted/100k_blur_15x15_s5/heldout/H003136.png,114
15879,114,H003137,data/splits/100k/images/heldout/H003137.png,data/corrupted/100k_blur_15x15_s5/heldout/H003137.png,114
15845,114,H003138,data/splits/100k/images/heldout/H003138.png,data/corrupted/100k_blur_15x15_s5/heldout/H003138.png,114
15860,114,H003139,data/splits/100k/images/heldout/H003139.png,data/corrupted/100k_blur_15x15_s5/heldout/H003139.png,114
32282,270,H003140,data/splits/100k/images/heldout/H003140.png,data/corrupted/100k_blur_15x15_s5/heldout/H003140.png,270
32257,270,H003141,data/splits/100k/images/heldout/H003141.png,data/corrupted/100k_blur_15x15_s5/heldout/H003141.png,270
32251,270,H003142,data/splits/100k/images/heldout/H003142.png,data/corrupted/100k_blur_15x15_s5/heldout/H003142.png,270
32252,270,H003143,data/splits/100k/images/heldout/H003143.png,data/corrupted/100k_blur_15x15_s5/heldout/H003143.png,270
44294,443,H003144,data/splits/100k/images/heldout/H003144.png,data/corrupted/100k_blur_15x15_s5/heldout/H003144.png,443
44255,443,H003145,data/splits/100k/images/heldout/H003145.png,data/corrupted/100k_blur_15x15_s5/heldout/H003145.png,443
44325,443,H003146,data/splits/100k/images/heldout/H003146.png,data/corrupted/100k_blur_15x15_s5/heldout/H003146.png,443
44285,443,H003147,data/splits/100k/images/heldout/H003147.png,data/corrupted/100k_blur_15x15_s5/heldout/H003147.png,443
50727,527,H003148,data/splits/100k/images/heldout/H003148.png,data/corrupted/100k_blur_15x15_s5/heldout/H003148.png,527
50678,527,H003149,data/splits/100k/images/heldout/H003149.png,data/corrupted/100k_blur_15x15_s5/heldout/H003149.png,527
50730,527,H003150,data/splits/100k/images/heldout/H003150.png,data/corrupted/100k_blur_15x15_s5/heldout/H003150.png,527
50680,527,H003151,data/splits/100k/images/heldout/H003151.png,data/corrupted/100k_blur_15x15_s5/heldout/H003151.png,527
147155,2165,H003152,data/splits/100k/images/heldout/H003152.png,data/corrupted/100k_blur_15x15_s5/heldout/H003152.png,2165
147100,2165,H003153,data/splits/100k/images/heldout/H003153.png,data/corrupted/100k_blur_15x15_s5/heldout/H003153.png,2165
147091,2165,H003154,data/splits/100k/images/heldout/H003154.png,data/corrupted/100k_blur_15x15_s5/heldout/H003154.png,2165
147109,2165,H003155,data/splits/100k/images/heldout/H003155.png,data/corrupted/100k_blur_15x15_s5/heldout/H003155.png,2165
152057,2264,H003156,data/splits/100k/images/heldout/H003156.png,data/corrupted/100k_blur_15x15_s5/heldout/H003156.png,2264
152005,2264,H003157,data/splits/100k/images/heldout/H003157.png,data/corrupted/100k_blur_15x15_s5/heldout/H003157.png,2264
152062,2264,H003158,data/splits/100k/images/heldout/H003158.png,data/corrupted/100k_blur_15x15_s5/heldout/H003158.png,2264
151998,2264,H003159,data/splits/100k/images/heldout/H003159.png,data/corrupted/100k_blur_15x15_s5/heldout/H003159.png,2264
172647,2661,H003160,data/splits/100k/images/heldout/H003160.png,data/corrupted/100k_blur_15x15_s5/heldout/H003160.png,2661
172610,2661,H003161,data/splits/100k/images/heldout/H003161.png,data/corrupted/100k_blur_15x15_s5/heldout/H003161.png,2661
172618,2661,H003162,data/splits/100k/images/heldout/H003162.png,data/corrupted/100k_blur_15x15_s5/heldout/H003162.png,2661
172603,2661,H003163,data/splits/100k/images/heldout/H003163.png,data/corrupted/100k_blur_15x15_s5/heldout/H003163.png,2661
174559,2700,H003164,data/splits/100k/images/heldout/H003164.png,data/corrupted/100k_blur_15x15_s5/heldout/H003164.png,2700
174545,2700,H003165,data/splits/100k/images/heldout/H003165.png,data/corrupted/100k_blur_15x15_s5/heldout/H003165.png,2700
174490,2700,H003166,data/splits/100k/images/heldout/H003166.png,data/corrupted/100k_blur_15x15_s5/heldout/H003166.png,2700
174576,2700,H003167,data/splits/100k/images/heldout/H003167.png,data/corrupted/100k_blur_15x15_s5/heldout/H003167.png,2700
244742,4215,H003168,data/splits/100k/images/heldout/H003168.png,data/corrupted/100k_blur_15x15_s5/heldout/H003168.png,4215
244805,4215,H003169,data/splits/100k/images/heldout/H003169.png,data/corrupted/100k_blur_15x15_s5/heldout/H003169.png,4215
244828,4215,H003170,data/splits/100k/images/heldout/H003170.png,data/corrupted/100k_blur_15x15_s5/heldout/H003170.png,4215
244826,4215,H003171,data/splits/100k/images/heldout/H003171.png,data/corrupted/100k_blur_15x15_s5/heldout/H003171.png,4215
252230,4365,H003172,data/splits/100k/images/heldout/H003172.png,data/corrupted/100k_blur_15x15_s5/heldout/H003172.png,4365
252146,4365,H003173,data/splits/100k/images/heldout/H003173.png,data/corrupted/100k_blur_15x15_s5/heldout/H003173.png,4365
252214,4365,H003174,data/splits/100k/images/heldout/H003174.png,data/corrupted/100k_blur_15x15_s5/heldout/H003174.png,4365
252201,4365,H003175,data/splits/100k/images/heldout/H003175.png,data/corrupted/100k_blur_15x15_s5/heldout/H003175.png,4365
418665,8339,H003176,data/splits/100k/images/heldout/H003176.png,data/corrupted/100k_blur_15x15_s5/heldout/H003176.png,8339
418662,8339,H003177,data/splits/100k/images/heldout/H003177.png,data/corrupted/100k_blur_15x15_s5/heldout/H003177.png,8339
418701,8339,H003178,data/splits/100k/images/heldout/H003178.png,data/corrupted/100k_blur_15x15_s5/heldout/H003178.png,8339
418759,8339,H003179,data/splits/100k/images/heldout/H003179.png,data/corrupted/100k_blur_15x15_s5/heldout/H003179.png,8339
435829,8814,H003180,data/splits/100k/images/heldout/H003180.png,data/corrupted/100k_blur_15x15_s5/heldout/H003180.png,8814
435890,8814,H003181,data/splits/100k/images/heldout/H003181.png,data/corrupted/100k_blur_15x15_s5/heldout/H003181.png,8814
435893,8814,H003182,data/splits/100k/images/heldout/H003182.png,data/corrupted/100k_blur_15x15_s5/heldout/H003182.png,8814
435854,8814,H003183,data/splits/100k/images/heldout/H003183.png,data/corrupted/100k_blur_15x15_s5/heldout/H003183.png,8814
11012,68,H003184,data/splits/100k/images/heldout/H003184.png,data/corrupted/100k_blur_15x15_s5/heldout/H003184.png,68
10938,68,H003185,data/splits/100k/images/heldout/H003185.png,data/corrupted/100k_blur_15x15_s5/heldout/H003185.png,68
10936,68,H003186,data/splits/100k/images/heldout/H003186.png,data/corrupted/100k_blur_15x15_s5/heldout/H003186.png,68
10990,68,H003187,data/splits/100k/images/heldout/H003187.png,data/corrupted/100k_blur_15x15_s5/heldout/H003187.png,68
116355,1524,H003188,data/splits/100k/images/heldout/H003188.png,data/corrupted/100k_blur_15x15_s5/heldout/H003188.png,1524
116362,1524,H003189,data/splits/100k/images/heldout/H003189.png,data/corrupted/100k_blur_15x15_s5/heldout/H003189.png,1524
116395,1524,H003190,data/splits/100k/images/heldout/H003190.png,data/corrupted/100k_blur_15x15_s5/heldout/H003190.png,1524
116374,1524,H003191,data/splits/100k/images/heldout/H003191.png,data/corrupted/100k_blur_15x15_s5/heldout/H003191.png,1524
166720,2554,H003192,data/splits/100k/images/heldout/H003192.png,data/corrupted/100k_blur_15x15_s5/heldout/H003192.png,2554
166710,2554,H003193,data/splits/100k/images/heldout/H003193.png,data/corrupted/100k_blur_15x15_s5/heldout/H003193.png,2554
166728,2554,H003194,data/splits/100k/images/heldout/H003194.png,data/corrupted/100k_blur_15x15_s5/heldout/H003194.png,2554
166715,2554,H003195,data/splits/100k/images/heldout/H003195.png,data/corrupted/100k_blur_15x15_s5/heldout/H003195.png,2554
243427,4191,H003196,data/splits/100k/images/heldout/H003196.png,data/corrupted/100k_blur_15x15_s5/heldout/H003196.png,4191
243447,4191,H003197,data/splits/100k/images/heldout/H003197.png,data/corrupted/100k_blur_15x15_s5/heldout/H003197.png,4191
243401,4191,H003198,data/splits/100k/images/heldout/H003198.png,data/corrupted/100k_blur_15x15_s5/heldout/H003198.png,4191
243493,4191,H003199,data/splits/100k/images/heldout/H003199.png,data/corrupted/100k_blur_15x15_s5/heldout/H003199.png,4191
259125,4499,H003200,data/splits/100k/images/heldout/H003200.png,data/corrupted/100k_blur_15x15_s5/heldout/H003200.png,4499
259084,4499,H003201,data/splits/100k/images/heldout/H003201.png,data/corrupted/100k_blur_15x15_s5/heldout/H003201.png,4499
259089,4499,H003202,data/splits/100k/images/heldout/H003202.png,data/corrupted/100k_blur_15x15_s5/heldout/H003202.png,4499
259076,4499,H003203,data/splits/100k/images/heldout/H003203.png,data/corrupted/100k_blur_15x15_s5/heldout/H003203.png,4499
361998,6806,H003204,data/splits/100k/images/heldout/H003204.png,data/corrupted/100k_blur_15x15_s5/heldout/H003204.png,6806
362039,6806,H003205,data/splits/100k/images/heldout/H003205.png,data/corrupted/100k_blur_15x15_s5/heldout/H003205.png,6806
362015,6806,H003206,data/splits/100k/images/heldout/H003206.png,data/corrupted/100k_blur_15x15_s5/heldout/H003206.png,6806
362045,6806,H003207,data/splits/100k/images/heldout/H003207.png,data/corrupted/100k_blur_15x15_s5/heldout/H003207.png,6806
37833,354,H003208,data/splits/100k/images/heldout/H003208.png,data/corrupted/100k_blur_15x15_s5/heldout/H003208.png,354
37884,354,H003209,data/splits/100k/images/heldout/H003209.png,data/corrupted/100k_blur_15x15_s5/heldout/H003209.png,354
37888,354,H003210,data/splits/100k/images/heldout/H003210.png,data/corrupted/100k_blur_15x15_s5/heldout/H003210.png,354
37876,354,H003211,data/splits/100k/images/heldout/H003211.png,data/corrupted/100k_blur_15x15_s5/heldout/H003211.png,354
80137,973,H003212,data/splits/100k/images/heldout/H003212.png,data/corrupted/100k_blur_15x15_s5/heldout/H003212.png,973
80147,973,H003213,data/splits/100k/images/heldout/H003213.png,data/corrupted/100k_blur_15x15_s5/heldout/H003213.png,973
80160,973,H003214,data/splits/100k/images/heldout/H003214.png,data/corrupted/100k_blur_15x15_s5/heldout/H003214.png,973
80150,973,H003215,data/splits/100k/images/heldout/H003215.png,data/corrupted/100k_blur_15x15_s5/heldout/H003215.png,973
80719,977,H003216,data/splits/100k/images/heldout/H003216.png,data/corrupted/100k_blur_15x15_s5/heldout/H003216.png,977
80666,977,H003217,data/splits/100k/images/heldout/H003217.png,data/corrupted/100k_blur_15x15_s5/heldout/H003217.png,977
80670,977,H003218,data/splits/100k/images/heldout/H003218.png,data/corrupted/100k_blur_15x15_s5/heldout/H003218.png,977
80684,977,H003219,data/splits/100k/images/heldout/H003219.png,data/corrupted/100k_blur_15x15_s5/heldout/H003219.png,977
90519,1102,H003220,data/splits/100k/images/heldout/H003220.png,data/corrupted/100k_blur_15x15_s5/heldout/H003220.png,1102
90528,1102,H003221,data/splits/100k/images/heldout/H003221.png,data/corrupted/100k_blur_15x15_s5/heldout/H003221.png,1102
90551,1102,H003222,data/splits/100k/images/heldout/H003222.png,data/corrupted/100k_blur_15x15_s5/heldout/H003222.png,1102
90583,1102,H003223,data/splits/100k/images/heldout/H003223.png,data/corrupted/100k_blur_15x15_s5/heldout/H003223.png,1102
132331,1848,H003224,data/splits/100k/images/heldout/H003224.png,data/corrupted/100k_blur_15x15_s5/heldout/H003224.png,1848
132334,1848,H003225,data/splits/100k/images/heldout/H003225.png,data/corrupted/100k_blur_15x15_s5/heldout/H003225.png,1848
132314,1848,H003226,data/splits/100k/images/heldout/H003226.png,data/corrupted/100k_blur_15x15_s5/heldout/H003226.png,1848
132327,1848,H003227,data/splits/100k/images/heldout/H003227.png,data/corrupted/100k_blur_15x15_s5/heldout/H003227.png,1848
147212,2166,H003228,data/splits/100k/images/heldout/H003228.png,data/corrupted/100k_blur_15x15_s5/heldout/H003228.png,2166
147267,2166,H003229,data/splits/100k/images/heldout/H003229.png,data/corrupted/100k_blur_15x15_s5/heldout/H003229.png,2166
147229,2166,H003230,data/splits/100k/images/heldout/H003230.png,data/corrupted/100k_blur_15x15_s5/heldout/H003230.png,2166
147236,2166,H003231,data/splits/100k/images/heldout/H003231.png,data/corrupted/100k_blur_15x15_s5/heldout/H003231.png,2166
154502,2321,H003232,data/splits/100k/images/heldout/H003232.png,data/corrupted/100k_blur_15x15_s5/heldout/H003232.png,2321
154595,2321,H003233,data/splits/100k/images/heldout/H003233.png,data/corrupted/100k_blur_15x15_s5/heldout/H003233.png,2321
154524,2321,H003234,data/splits/100k/images/heldout/H003234.png,data/corrupted/100k_blur_15x15_s5/heldout/H003234.png,2321
154586,2321,H003235,data/splits/100k/images/heldout/H003235.png,data/corrupted/100k_blur_15x15_s5/heldout/H003235.png,2321
187229,2966,H003236,data/splits/100k/images/heldout/H003236.png,data/corrupted/100k_blur_15x15_s5/heldout/H003236.png,2966
187186,2966,H003237,data/splits/100k/images/heldout/H003237.png,data/corrupted/100k_blur_15x15_s5/heldout/H003237.png,2966
187198,2966,H003238,data/splits/100k/images/heldout/H003238.png,data/corrupted/100k_blur_15x15_s5/heldout/H003238.png,2966
187189,2966,H003239,data/splits/100k/images/heldout/H003239.png,data/corrupted/100k_blur_15x15_s5/heldout/H003239.png,2966
202453,3316,H003240,data/splits/100k/images/heldout/H003240.png,data/corrupted/100k_blur_15x15_s5/heldout/H003240.png,3316
202395,3316,H003241,data/splits/100k/images/heldout/H003241.png,data/corrupted/100k_blur_15x15_s5/heldout/H003241.png,3316
202428,3316,H003242,data/splits/100k/images/heldout/H003242.png,data/corrupted/100k_blur_15x15_s5/heldout/H003242.png,3316
202437,3316,H003243,data/splits/100k/images/heldout/H003243.png,data/corrupted/100k_blur_15x15_s5/heldout/H003243.png,3316
232682,3975,H003244,data/splits/100k/images/heldout/H003244.png,data/corrupted/100k_blur_15x15_s5/heldout/H003244.png,3975
232721,3975,H003245,data/splits/100k/images/heldout/H003245.png,data/corrupted/100k_blur_15x15_s5/heldout/H003245.png,3975
232738,3975,H003246,data/splits/100k/images/heldout/H003246.png,data/corrupted/100k_blur_15x15_s5/heldout/H003246.png,3975
232664,3975,H003247,data/splits/100k/images/heldout/H003247.png,data/corrupted/100k_blur_15x15_s5/heldout/H003247.png,3975
263164,4604,H003248,data/splits/100k/images/heldout/H003248.png,data/corrupted/100k_blur_15x15_s5/heldout/H003248.png,4604
263209,4604,H003249,data/splits/100k/images/heldout/H003249.png,data/corrupted/100k_blur_15x15_s5/heldout/H003249.png,4604
263208,4604,H003250,data/splits/100k/images/heldout/H003250.png,data/corrupted/100k_blur_15x15_s5/heldout/H003250.png,4604
263179,4604,H003251,data/splits/100k/images/heldout/H003251.png,data/corrupted/100k_blur_15x15_s5/heldout/H003251.png,4604
284123,5075,H003252,data/splits/100k/images/heldout/H003252.png,data/corrupted/100k_blur_15x15_s5/heldout/H003252.png,5075
284077,5075,H003253,data/splits/100k/images/heldout/H003253.png,data/corrupted/100k_blur_15x15_s5/heldout/H003253.png,5075
284133,5075,H003254,data/splits/100k/images/heldout/H003254.png,data/corrupted/100k_blur_15x15_s5/heldout/H003254.png,5075
284052,5075,H003255,data/splits/100k/images/heldout/H003255.png,data/corrupted/100k_blur_15x15_s5/heldout/H003255.png,5075
316833,5803,H003256,data/splits/100k/images/heldout/H003256.png,data/corrupted/100k_blur_15x15_s5/heldout/H003256.png,5803
316900,5803,H003257,data/splits/100k/images/heldout/H003257.png,data/corrupted/100k_blur_15x15_s5/heldout/H003257.png,5803
316839,5803,H003258,data/splits/100k/images/heldout/H003258.png,data/corrupted/100k_blur_15x15_s5/heldout/H003258.png,5803
316825,5803,H003259,data/splits/100k/images/heldout/H003259.png,data/corrupted/100k_blur_15x15_s5/heldout/H003259.png,5803
349829,6514,H003260,data/splits/100k/images/heldout/H003260.png,data/corrupted/100k_blur_15x15_s5/heldout/H003260.png,6514
349922,6514,H003261,data/splits/100k/images/heldout/H003261.png,data/corrupted/100k_blur_15x15_s5/heldout/H003261.png,6514
349926,6514,H003262,data/splits/100k/images/heldout/H003262.png,data/corrupted/100k_blur_15x15_s5/heldout/H003262.png,6514
349876,6514,H003263,data/splits/100k/images/heldout/H003263.png,data/corrupted/100k_blur_15x15_s5/heldout/H003263.png,6514
408726,8063,H003264,data/splits/100k/images/heldout/H003264.png,data/corrupted/100k_blur_15x15_s5/heldout/H003264.png,8063
408737,8063,H003265,data/splits/100k/images/heldout/H003265.png,data/corrupted/100k_blur_15x15_s5/heldout/H003265.png,8063
408779,8063,H003266,data/splits/100k/images/heldout/H003266.png,data/corrupted/100k_blur_15x15_s5/heldout/H003266.png,8063
408782,8063,H003267,data/splits/100k/images/heldout/H003267.png,data/corrupted/100k_blur_15x15_s5/heldout/H003267.png,8063
465050,9708,H003268,data/splits/100k/images/heldout/H003268.png,data/corrupted/100k_blur_15x15_s5/heldout/H003268.png,9708
465043,9708,H003269,data/splits/100k/images/heldout/H003269.png,data/corrupted/100k_blur_15x15_s5/heldout/H003269.png,9708
465057,9708,H003270,data/splits/100k/images/heldout/H003270.png,data/corrupted/100k_blur_15x15_s5/heldout/H003270.png,9708
465084,9708,H003271,data/splits/100k/images/heldout/H003271.png,data/corrupted/100k_blur_15x15_s5/heldout/H003271.png,9708
55896,598,H003272,data/splits/100k/images/heldout/H003272.png,data/corrupted/100k_blur_15x15_s5/heldout/H003272.png,598
55969,598,H003273,data/splits/100k/images/heldout/H003273.png,data/corrupted/100k_blur_15x15_s5/heldout/H003273.png,598
55932,598,H003274,data/splits/100k/images/heldout/H003274.png,data/corrupted/100k_blur_15x15_s5/heldout/H003274.png,598
55897,598,H003275,data/splits/100k/images/heldout/H003275.png,data/corrupted/100k_blur_15x15_s5/heldout/H003275.png,598
87440,1055,H003276,data/splits/100k/images/heldout/H003276.png,data/corrupted/100k_blur_15x15_s5/heldout/H003276.png,1055
87446,1055,H003277,data/splits/100k/images/heldout/H003277.png,data/corrupted/100k_blur_15x15_s5/heldout/H003277.png,1055
87489,1055,H003278,data/splits/100k/images/heldout/H003278.png,data/corrupted/100k_blur_15x15_s5/heldout/H003278.png,1055
87488,1055,H003279,data/splits/100k/images/heldout/H003279.png,data/corrupted/100k_blur_15x15_s5/heldout/H003279.png,1055
143437,2080,H003280,data/splits/100k/images/heldout/H003280.png,data/corrupted/100k_blur_15x15_s5/heldout/H003280.png,2080
143388,2080,H003281,data/splits/100k/images/heldout/H003281.png,data/corrupted/100k_blur_15x15_s5/heldout/H003281.png,2080
143457,2080,H003282,data/splits/100k/images/heldout/H003282.png,data/corrupted/100k_blur_15x15_s5/heldout/H003282.png,2080
143453,2080,H003283,data/splits/100k/images/heldout/H003283.png,data/corrupted/100k_blur_15x15_s5/heldout/H003283.png,2080
204353,3356,H003284,data/splits/100k/images/heldout/H003284.png,data/corrupted/100k_blur_15x15_s5/heldout/H003284.png,3356
204338,3356,H003285,data/splits/100k/images/heldout/H003285.png,data/corrupted/100k_blur_15x15_s5/heldout/H003285.png,3356
204313,3356,H003286,data/splits/100k/images/heldout/H003286.png,data/corrupted/100k_blur_15x15_s5/heldout/H003286.png,3356
204370,3356,H003287,data/splits/100k/images/heldout/H003287.png,data/corrupted/100k_blur_15x15_s5/heldout/H003287.png,3356
206101,3386,H003288,data/splits/100k/images/heldout/H003288.png,data/corrupted/100k_blur_15x15_s5/heldout/H003288.png,3386
206151,3386,H003289,data/splits/100k/images/heldout/H003289.png,data/corrupted/100k_blur_15x15_s5/heldout/H003289.png,3386
206182,3386,H003290,data/splits/100k/images/heldout/H003290.png,data/corrupted/100k_blur_15x15_s5/heldout/H003290.png,3386
206131,3386,H003291,data/splits/100k/images/heldout/H003291.png,data/corrupted/100k_blur_15x15_s5/heldout/H003291.png,3386
220118,3697,H003292,data/splits/100k/images/heldout/H003292.png,data/corrupted/100k_blur_15x15_s5/heldout/H003292.png,3697
220134,3697,H003293,data/splits/100k/images/heldout/H003293.png,data/corrupted/100k_blur_15x15_s5/heldout/H003293.png,3697
220078,3697,H003294,data/splits/100k/images/heldout/H003294.png,data/corrupted/100k_blur_15x15_s5/heldout/H003294.png,3697
220084,3697,H003295,data/splits/100k/images/heldout/H003295.png,data/corrupted/100k_blur_15x15_s5/heldout/H003295.png,3697
228994,3895,H003296,data/splits/100k/images/heldout/H003296.png,data/corrupted/100k_blur_15x15_s5/heldout/H003296.png,3895
228947,3895,H003297,data/splits/100k/images/heldout/H003297.png,data/corrupted/100k_blur_15x15_s5/heldout/H003297.png,3895
228967,3895,H003298,data/splits/100k/images/heldout/H003298.png,data/corrupted/100k_blur_15x15_s5/heldout/H003298.png,3895
228919,3895,H003299,data/splits/100k/images/heldout/H003299.png,data/corrupted/100k_blur_15x15_s5/heldout/H003299.png,3895
244404,4210,H003300,data/splits/100k/images/heldout/H003300.png,data/corrupted/100k_blur_15x15_s5/heldout/H003300.png,4210
244413,4210,H003301,data/splits/100k/images/heldout/H003301.png,data/corrupted/100k_blur_15x15_s5/heldout/H003301.png,4210
244472,4210,H003302,data/splits/100k/images/heldout/H003302.png,data/corrupted/100k_blur_15x15_s5/heldout/H003302.png,4210
244481,4210,H003303,data/splits/100k/images/heldout/H003303.png,data/corrupted/100k_blur_15x15_s5/heldout/H003303.png,4210
245526,4232,H003304,data/splits/100k/images/heldout/H003304.png,data/corrupted/100k_blur_15x15_s5/heldout/H003304.png,4232
245484,4232,H003305,data/splits/100k/images/heldout/H003305.png,data/corrupted/100k_blur_15x15_s5/heldout/H003305.png,4232
245530,4232,H003306,data/splits/100k/images/heldout/H003306.png,data/corrupted/100k_blur_15x15_s5/heldout/H003306.png,4232
245549,4232,H003307,data/splits/100k/images/heldout/H003307.png,data/corrupted/100k_blur_15x15_s5/heldout/H003307.png,4232
253233,4384,H003308,data/splits/100k/images/heldout/H003308.png,data/corrupted/100k_blur_15x15_s5/heldout/H003308.png,4384
253284,4384,H003309,data/splits/100k/images/heldout/H003309.png,data/corrupted/100k_blur_15x15_s5/heldout/H003309.png,4384
253243,4384,H003310,data/splits/100k/images/heldout/H003310.png,data/corrupted/100k_blur_15x15_s5/heldout/H003310.png,4384
253276,4384,H003311,data/splits/100k/images/heldout/H003311.png,data/corrupted/100k_blur_15x15_s5/heldout/H003311.png,4384
263753,4620,H003312,data/splits/100k/images/heldout/H003312.png,data/corrupted/100k_blur_15x15_s5/heldout/H003312.png,4620
263763,4620,H003313,data/splits/100k/images/heldout/H003313.png,data/corrupted/100k_blur_15x15_s5/heldout/H003313.png,4620
263699,4620,H003314,data/splits/100k/images/heldout/H003314.png,data/corrupted/100k_blur_15x15_s5/heldout/H003314.png,4620
263706,4620,H003315,data/splits/100k/images/heldout/H003315.png,data/corrupted/100k_blur_15x15_s5/heldout/H003315.png,4620
271075,4790,H003316,data/splits/100k/images/heldout/H003316.png,data/corrupted/100k_blur_15x15_s5/heldout/H003316.png,4790
270977,4790,H003317,data/splits/100k/images/heldout/H003317.png,data/corrupted/100k_blur_15x15_s5/heldout/H003317.png,4790
270971,4790,H003318,data/splits/100k/images/heldout/H003318.png,data/corrupted/100k_blur_15x15_s5/heldout/H003318.png,4790
271042,4790,H003319,data/splits/100k/images/heldout/H003319.png,data/corrupted/100k_blur_15x15_s5/heldout/H003319.png,4790
281474,5023,H003320,data/splits/100k/images/heldout/H003320.png,data/corrupted/100k_blur_15x15_s5/heldout/H003320.png,5023
281433,5023,H003321,data/splits/100k/images/heldout/H003321.png,data/corrupted/100k_blur_15x15_s5/heldout/H003321.png,5023
281388,5023,H003322,data/splits/100k/images/heldout/H003322.png,data/corrupted/100k_blur_15x15_s5/heldout/H003322.png,5023
281479,5023,H003323,data/splits/100k/images/heldout/H003323.png,data/corrupted/100k_blur_15x15_s5/heldout/H003323.png,5023
314601,5747,H003324,data/splits/100k/images/heldout/H003324.png,data/corrupted/100k_blur_15x15_s5/heldout/H003324.png,5747
314596,5747,H003325,data/splits/100k/images/heldout/H003325.png,data/corrupted/100k_blur_15x15_s5/heldout/H003325.png,5747
314543,5747,H003326,data/splits/100k/images/heldout/H003326.png,data/corrupted/100k_blur_15x15_s5/heldout/H003326.png,5747
314562,5747,H003327,data/splits/100k/images/heldout/H003327.png,data/corrupted/100k_blur_15x15_s5/heldout/H003327.png,5747
339835,6306,H003328,data/splits/100k/images/heldout/H003328.png,data/corrupted/100k_blur_15x15_s5/heldout/H003328.png,6306
339891,6306,H003329,data/splits/100k/images/heldout/H003329.png,data/corrupted/100k_blur_15x15_s5/heldout/H003329.png,6306
339839,6306,H003330,data/splits/100k/images/heldout/H003330.png,data/corrupted/100k_blur_15x15_s5/heldout/H003330.png,6306
339852,6306,H003331,data/splits/100k/images/heldout/H003331.png,data/corrupted/100k_blur_15x15_s5/heldout/H003331.png,6306
442831,9020,H003332,data/splits/100k/images/heldout/H003332.png,data/corrupted/100k_blur_15x15_s5/heldout/H003332.png,9020
442790,9020,H003333,data/splits/100k/images/heldout/H003333.png,data/corrupted/100k_blur_15x15_s5/heldout/H003333.png,9020
442799,9020,H003334,data/splits/100k/images/heldout/H003334.png,data/corrupted/100k_blur_15x15_s5/heldout/H003334.png,9020
442788,9020,H003335,data/splits/100k/images/heldout/H003335.png,data/corrupted/100k_blur_15x15_s5/heldout/H003335.png,9020
34588,305,H003336,data/splits/100k/images/heldout/H003336.png,data/corrupted/100k_blur_15x15_s5/heldout/H003336.png,305
34596,305,H003337,data/splits/100k/images/heldout/H003337.png,data/corrupted/100k_blur_15x15_s5/heldout/H003337.png,305
34676,305,H003338,data/splits/100k/images/heldout/H003338.png,data/corrupted/100k_blur_15x15_s5/heldout/H003338.png,305
34637,305,H003339,data/splits/100k/images/heldout/H003339.png,data/corrupted/100k_blur_15x15_s5/heldout/H003339.png,305
110405,1379,H003340,data/splits/100k/images/heldout/H003340.png,data/corrupted/100k_blur_15x15_s5/heldout/H003340.png,1379
110432,1379,H003341,data/splits/100k/images/heldout/H003341.png,data/corrupted/100k_blur_15x15_s5/heldout/H003341.png,1379
110446,1379,H003342,data/splits/100k/images/heldout/H003342.png,data/corrupted/100k_blur_15x15_s5/heldout/H003342.png,1379
110421,1379,H003343,data/splits/100k/images/heldout/H003343.png,data/corrupted/100k_blur_15x15_s5/heldout/H003343.png,1379
267357,4702,H003344,data/splits/100k/images/heldout/H003344.png,data/corrupted/100k_blur_15x15_s5/heldout/H003344.png,4702
267339,4702,H003345,data/splits/100k/images/heldout/H003345.png,data/corrupted/100k_blur_15x15_s5/heldout/H003345.png,4702
267355,4702,H003346,data/splits/100k/images/heldout/H003346.png,data/corrupted/100k_blur_15x15_s5/heldout/H003346.png,4702
267333,4702,H003347,data/splits/100k/images/heldout/H003347.png,data/corrupted/100k_blur_15x15_s5/heldout/H003347.png,4702
295846,5328,H003348,data/splits/100k/images/heldout/H003348.png,data/corrupted/100k_blur_15x15_s5/heldout/H003348.png,5328
295835,5328,H003349,data/splits/100k/images/heldout/H003349.png,data/corrupted/100k_blur_15x15_s5/heldout/H003349.png,5328
295918,5328,H003350,data/splits/100k/images/heldout/H003350.png,data/corrupted/100k_blur_15x15_s5/heldout/H003350.png,5328
295871,5328,H003351,data/splits/100k/images/heldout/H003351.png,data/corrupted/100k_blur_15x15_s5/heldout/H003351.png,5328
414054,8203,H003352,data/splits/100k/images/heldout/H003352.png,data/corrupted/100k_blur_15x15_s5/heldout/H003352.png,8203
414049,8203,H003353,data/splits/100k/images/heldout/H003353.png,data/corrupted/100k_blur_15x15_s5/heldout/H003353.png,8203
414013,8203,H003354,data/splits/100k/images/heldout/H003354.png,data/corrupted/100k_blur_15x15_s5/heldout/H003354.png,8203
413951,8203,H003355,data/splits/100k/images/heldout/H003355.png,data/corrupted/100k_blur_15x15_s5/heldout/H003355.png,8203
60849,664,H003356,data/splits/100k/images/heldout/H003356.png,data/corrupted/100k_blur_15x15_s5/heldout/H003356.png,664
60838,664,H003357,data/splits/100k/images/heldout/H003357.png,data/corrupted/100k_blur_15x15_s5/heldout/H003357.png,664
60813,664,H003358,data/splits/100k/images/heldout/H003358.png,data/corrupted/100k_blur_15x15_s5/heldout/H003358.png,664
60762,664,H003359,data/splits/100k/images/heldout/H003359.png,data/corrupted/100k_blur_15x15_s5/heldout/H003359.png,664
130676,1815,H003360,data/splits/100k/images/heldout/H003360.png,data/corrupted/100k_blur_15x15_s5/heldout/H003360.png,1815
130655,1815,H003361,data/splits/100k/images/heldout/H003361.png,data/corrupted/100k_blur_15x15_s5/heldout/H003361.png,1815
130659,1815,H003362,data/splits/100k/images/heldout/H003362.png,data/corrupted/100k_blur_15x15_s5/heldout/H003362.png,1815
130633,1815,H003363,data/splits/100k/images/heldout/H003363.png,data/corrupted/100k_blur_15x15_s5/heldout/H003363.png,1815
146147,2138,H003364,data/splits/100k/images/heldout/H003364.png,data/corrupted/100k_blur_15x15_s5/heldout/H003364.png,2138
146126,2138,H003365,data/splits/100k/images/heldout/H003365.png,data/corrupted/100k_blur_15x15_s5/heldout/H003365.png,2138
146182,2138,H003366,data/splits/100k/images/heldout/H003366.png,data/corrupted/100k_blur_15x15_s5/heldout/H003366.png,2138
146095,2138,H003367,data/splits/100k/images/heldout/H003367.png,data/corrupted/100k_blur_15x15_s5/heldout/H003367.png,2138
155201,2332,H003368,data/splits/100k/images/heldout/H003368.png,data/corrupted/100k_blur_15x15_s5/heldout/H003368.png,2332
155147,2332,H003369,data/splits/100k/images/heldout/H003369.png,data/corrupted/100k_blur_15x15_s5/heldout/H003369.png,2332
155187,2332,H003370,data/splits/100k/images/heldout/H003370.png,data/corrupted/100k_blur_15x15_s5/heldout/H003370.png,2332
155161,2332,H003371,data/splits/100k/images/heldout/H003371.png,data/corrupted/100k_blur_15x15_s5/heldout/H003371.png,2332
161383,2441,H003372,data/splits/100k/images/heldout/H003372.png,data/corrupted/100k_blur_15x15_s5/heldout/H003372.png,2441
161302,2441,H003373,data/splits/100k/images/heldout/H003373.png,data/corrupted/100k_blur_15x15_s5/heldout/H003373.png,2441
161356,2441,H003374,data/splits/100k/images/heldout/H003374.png,data/corrupted/100k_blur_15x15_s5/heldout/H003374.png,2441
161304,2441,H003375,data/splits/100k/images/heldout/H003375.png,data/corrupted/100k_blur_15x15_s5/heldout/H003375.png,2441
174231,2693,H003376,data/splits/100k/images/heldout/H003376.png,data/corrupted/100k_blur_15x15_s5/heldout/H003376.png,2693
174233,2693,H003377,data/splits/100k/images/heldout/H003377.png,data/corrupted/100k_blur_15x15_s5/heldout/H003377.png,2693
174277,2693,H003378,data/splits/100k/images/heldout/H003378.png,data/corrupted/100k_blur_15x15_s5/heldout/H003378.png,2693
174190,2693,H003379,data/splits/100k/images/heldout/H003379.png,data/corrupted/100k_blur_15x15_s5/heldout/H003379.png,2693
197987,3209,H003380,data/splits/100k/images/heldout/H003380.png,data/corrupted/100k_blur_15x15_s5/heldout/H003380.png,3209
197996,3209,H003381,data/splits/100k/images/heldout/H003381.png,data/corrupted/100k_blur_15x15_s5/heldout/H003381.png,3209
198022,3209,H003382,data/splits/100k/images/heldout/H003382.png,data/corrupted/100k_blur_15x15_s5/heldout/H003382.png,3209
198008,3209,H003383,data/splits/100k/images/heldout/H003383.png,data/corrupted/100k_blur_15x15_s5/heldout/H003383.png,3209
210973,3484,H003384,data/splits/100k/images/heldout/H003384.png,data/corrupted/100k_blur_15x15_s5/heldout/H003384.png,3484
211027,3484,H003385,data/splits/100k/images/heldout/H003385.png,data/corrupted/100k_blur_15x15_s5/heldout/H003385.png,3484
210964,3484,H003386,data/splits/100k/images/heldout/H003386.png,data/corrupted/100k_blur_15x15_s5/heldout/H003386.png,3484
211005,3484,H003387,data/splits/100k/images/heldout/H003387.png,data/corrupted/100k_blur_15x15_s5/heldout/H003387.png,3484
221488,3721,H003388,data/splits/100k/images/heldout/H003388.png,data/corrupted/100k_blur_15x15_s5/heldout/H003388.png,3721
221452,3721,H003389,data/splits/100k/images/heldout/H003389.png,data/corrupted/100k_blur_15x15_s5/heldout/H003389.png,3721
221480,3721,H003390,data/splits/100k/images/heldout/H003390.png,data/corrupted/100k_blur_15x15_s5/heldout/H003390.png,3721
221397,3721,H003391,data/splits/100k/images/heldout/H003391.png,data/corrupted/100k_blur_15x15_s5/heldout/H003391.png,3721
241851,4164,H003392,data/splits/100k/images/heldout/H003392.png,data/corrupted/100k_blur_15x15_s5/heldout/H003392.png,4164
241866,4164,H003393,data/splits/100k/images/heldout/H003393.png,data/corrupted/100k_blur_15x15_s5/heldout/H003393.png,4164
241890,4164,H003394,data/splits/100k/images/heldout/H003394.png,data/corrupted/100k_blur_15x15_s5/heldout/H003394.png,4164
241838,4164,H003395,data/splits/100k/images/heldout/H003395.png,data/corrupted/100k_blur_15x15_s5/heldout/H003395.png,4164
245193,4226,H003396,data/splits/100k/images/heldout/H003396.png,data/corrupted/100k_blur_15x15_s5/heldout/H003396.png,4226
245171,4226,H003397,data/splits/100k/images/heldout/H003397.png,data/corrupted/100k_blur_15x15_s5/heldout/H003397.png,4226
245197,4226,H003398,data/splits/100k/images/heldout/H003398.png,data/corrupted/100k_blur_15x15_s5/heldout/H003398.png,4226
245210,4226,H003399,data/splits/100k/images/heldout/H003399.png,data/corrupted/100k_blur_15x15_s5/heldout/H003399.png,4226
319178,5846,H003400,data/splits/100k/images/heldout/H003400.png,data/corrupted/100k_blur_15x15_s5/heldout/H003400.png,5846
319097,5846,H003401,data/splits/100k/images/heldout/H003401.png,data/corrupted/100k_blur_15x15_s5/heldout/H003401.png,5846
319115,5846,H003402,data/splits/100k/images/heldout/H003402.png,data/corrupted/100k_blur_15x15_s5/heldout/H003402.png,5846
319164,5846,H003403,data/splits/100k/images/heldout/H003403.png,data/corrupted/100k_blur_15x15_s5/heldout/H003403.png,5846
339639,6301,H003404,data/splits/100k/images/heldout/H003404.png,data/corrupted/100k_blur_15x15_s5/heldout/H003404.png,6301
339644,6301,H003405,data/splits/100k/images/heldout/H003405.png,data/corrupted/100k_blur_15x15_s5/heldout/H003405.png,6301
339578,6301,H003406,data/splits/100k/images/heldout/H003406.png,data/corrupted/100k_blur_15x15_s5/heldout/H003406.png,6301
339559,6301,H003407,data/splits/100k/images/heldout/H003407.png,data/corrupted/100k_blur_15x15_s5/heldout/H003407.png,6301
360911,6777,H003408,data/splits/100k/images/heldout/H003408.png,data/corrupted/100k_blur_15x15_s5/heldout/H003408.png,6777
360927,6777,H003409,data/splits/100k/images/heldout/H003409.png,data/corrupted/100k_blur_15x15_s5/heldout/H003409.png,6777
360883,6777,H003410,data/splits/100k/images/heldout/H003410.png,data/corrupted/100k_blur_15x15_s5/heldout/H003410.png,6777
360872,6777,H003411,data/splits/100k/images/heldout/H003411.png,data/corrupted/100k_blur_15x15_s5/heldout/H003411.png,6777
21212,172,H003412,data/splits/100k/images/heldout/H003412.png,data/corrupted/100k_blur_15x15_s5/heldout/H003412.png,172
21287,172,H003413,data/splits/100k/images/heldout/H003413.png,data/corrupted/100k_blur_15x15_s5/heldout/H003413.png,172
21211,172,H003414,data/splits/100k/images/heldout/H003414.png,data/corrupted/100k_blur_15x15_s5/heldout/H003414.png,172
21252,172,H003415,data/splits/100k/images/heldout/H003415.png,data/corrupted/100k_blur_15x15_s5/heldout/H003415.png,172
29219,243,H003416,data/splits/100k/images/heldout/H003416.png,data/corrupted/100k_blur_15x15_s5/heldout/H003416.png,243
29285,243,H003417,data/splits/100k/images/heldout/H003417.png,data/corrupted/100k_blur_15x15_s5/heldout/H003417.png,243
29293,243,H003418,data/splits/100k/images/heldout/H003418.png,data/corrupted/100k_blur_15x15_s5/heldout/H003418.png,243
29289,243,H003419,data/splits/100k/images/heldout/H003419.png,data/corrupted/100k_blur_15x15_s5/heldout/H003419.png,243
75912,914,H003420,data/splits/100k/images/heldout/H003420.png,data/corrupted/100k_blur_15x15_s5/heldout/H003420.png,914
75952,914,H003421,data/splits/100k/images/heldout/H003421.png,data/corrupted/100k_blur_15x15_s5/heldout/H003421.png,914
75995,914,H003422,data/splits/100k/images/heldout/H003422.png,data/corrupted/100k_blur_15x15_s5/heldout/H003422.png,914
75961,914,H003423,data/splits/100k/images/heldout/H003423.png,data/corrupted/100k_blur_15x15_s5/heldout/H003423.png,914
96546,1180,H003424,data/splits/100k/images/heldout/H003424.png,data/corrupted/100k_blur_15x15_s5/heldout/H003424.png,1180
96551,1180,H003425,data/splits/100k/images/heldout/H003425.png,data/corrupted/100k_blur_15x15_s5/heldout/H003425.png,1180
96600,1180,H003426,data/splits/100k/images/heldout/H003426.png,data/corrupted/100k_blur_15x15_s5/heldout/H003426.png,1180
96633,1180,H003427,data/splits/100k/images/heldout/H003427.png,data/corrupted/100k_blur_15x15_s5/heldout/H003427.png,1180
281989,5034,H003428,data/splits/100k/images/heldout/H003428.png,data/corrupted/100k_blur_15x15_s5/heldout/H003428.png,5034
282000,5034,H003429,data/splits/100k/images/heldout/H003429.png,data/corrupted/100k_blur_15x15_s5/heldout/H003429.png,5034
282023,5034,H003430,data/splits/100k/images/heldout/H003430.png,data/corrupted/100k_blur_15x15_s5/heldout/H003430.png,5034
281939,5034,H003431,data/splits/100k/images/heldout/H003431.png,data/corrupted/100k_blur_15x15_s5/heldout/H003431.png,5034
288359,5171,H003432,data/splits/100k/images/heldout/H003432.png,data/corrupted/100k_blur_15x15_s5/heldout/H003432.png,5171
288340,5171,H003433,data/splits/100k/images/heldout/H003433.png,data/corrupted/100k_blur_15x15_s5/heldout/H003433.png,5171
288357,5171,H003434,data/splits/100k/images/heldout/H003434.png,data/corrupted/100k_blur_15x15_s5/heldout/H003434.png,5171
288368,5171,H003435,data/splits/100k/images/heldout/H003435.png,data/corrupted/100k_blur_15x15_s5/heldout/H003435.png,5171
359797,6747,H003436,data/splits/100k/images/heldout/H003436.png,data/corrupted/100k_blur_15x15_s5/heldout/H003436.png,6747
359784,6747,H003437,data/splits/100k/images/heldout/H003437.png,data/corrupted/100k_blur_15x15_s5/heldout/H003437.png,6747
359742,6747,H003438,data/splits/100k/images/heldout/H003438.png,data/corrupted/100k_blur_15x15_s5/heldout/H003438.png,6747
359796,6747,H003439,data/splits/100k/images/heldout/H003439.png,data/corrupted/100k_blur_15x15_s5/heldout/H003439.png,6747
17038,130,H003440,data/splits/100k/images/heldout/H003440.png,data/corrupted/100k_blur_15x15_s5/heldout/H003440.png,130
17060,130,H003441,data/splits/100k/images/heldout/H003441.png,data/corrupted/100k_blur_15x15_s5/heldout/H003441.png,130
17062,130,H003442,data/splits/100k/images/heldout/H003442.png,data/corrupted/100k_blur_15x15_s5/heldout/H003442.png,130
17046,130,H003443,data/splits/100k/images/heldout/H003443.png,data/corrupted/100k_blur_15x15_s5/heldout/H003443.png,130
32031,266,H003444,data/splits/100k/images/heldout/H003444.png,data/corrupted/100k_blur_15x15_s5/heldout/H003444.png,266
32040,266,H003445,data/splits/100k/images/heldout/H003445.png,data/corrupted/100k_blur_15x15_s5/heldout/H003445.png,266
32002,266,H003446,data/splits/100k/images/heldout/H003446.png,data/corrupted/100k_blur_15x15_s5/heldout/H003446.png,266
32023,266,H003447,data/splits/100k/images/heldout/H003447.png,data/corrupted/100k_blur_15x15_s5/heldout/H003447.png,266
36873,341,H003448,data/splits/100k/images/heldout/H003448.png,data/corrupted/100k_blur_15x15_s5/heldout/H003448.png,341
36959,341,H003449,data/splits/100k/images/heldout/H003449.png,data/corrupted/100k_blur_15x15_s5/heldout/H003449.png,341
36921,341,H003450,data/splits/100k/images/heldout/H003450.png,data/corrupted/100k_blur_15x15_s5/heldout/H003450.png,341
36965,341,H003451,data/splits/100k/images/heldout/H003451.png,data/corrupted/100k_blur_15x15_s5/heldout/H003451.png,341
44896,453,H003452,data/splits/100k/images/heldout/H003452.png,data/corrupted/100k_blur_15x15_s5/heldout/H003452.png,453
44903,453,H003453,data/splits/100k/images/heldout/H003453.png,data/corrupted/100k_blur_15x15_s5/heldout/H003453.png,453
44842,453,H003454,data/splits/100k/images/heldout/H003454.png,data/corrupted/100k_blur_15x15_s5/heldout/H003454.png,453
44898,453,H003455,data/splits/100k/images/heldout/H003455.png,data/corrupted/100k_blur_15x15_s5/heldout/H003455.png,453
77632,941,H003456,data/splits/100k/images/heldout/H003456.png,data/corrupted/100k_blur_15x15_s5/heldout/H003456.png,941
77678,941,H003457,data/splits/100k/images/heldout/H003457.png,data/corrupted/100k_blur_15x15_s5/heldout/H003457.png,941
77669,941,H003458,data/splits/100k/images/heldout/H003458.png,data/corrupted/100k_blur_15x15_s5/heldout/H003458.png,941
77667,941,H003459,data/splits/100k/images/heldout/H003459.png,data/corrupted/100k_blur_15x15_s5/heldout/H003459.png,941
126321,1727,H003460,data/splits/100k/images/heldout/H003460.png,data/corrupted/100k_blur_15x15_s5/heldout/H003460.png,1727
126293,1727,H003461,data/splits/100k/images/heldout/H003461.png,data/corrupted/100k_blur_15x15_s5/heldout/H003461.png,1727
126265,1727,H003462,data/splits/100k/images/heldout/H003462.png,data/corrupted/100k_blur_15x15_s5/heldout/H003462.png,1727
126254,1727,H003463,data/splits/100k/images/heldout/H003463.png,data/corrupted/100k_blur_15x15_s5/heldout/H003463.png,1727
150398,2218,H003464,data/splits/100k/images/heldout/H003464.png,data/corrupted/100k_blur_15x15_s5/heldout/H003464.png,2218
150341,2218,H003465,data/splits/100k/images/heldout/H003465.png,data/corrupted/100k_blur_15x15_s5/heldout/H003465.png,2218
150342,2218,H003466,data/splits/100k/images/heldout/H003466.png,data/corrupted/100k_blur_15x15_s5/heldout/H003466.png,2218
150438,2218,H003467,data/splits/100k/images/heldout/H003467.png,data/corrupted/100k_blur_15x15_s5/heldout/H003467.png,2218
166537,2552,H003468,data/splits/100k/images/heldout/H003468.png,data/corrupted/100k_blur_15x15_s5/heldout/H003468.png,2552
166557,2552,H003469,data/splits/100k/images/heldout/H003469.png,data/corrupted/100k_blur_15x15_s5/heldout/H003469.png,2552
166522,2552,H003470,data/splits/100k/images/heldout/H003470.png,data/corrupted/100k_blur_15x15_s5/heldout/H003470.png,2552
166562,2552,H003471,data/splits/100k/images/heldout/H003471.png,data/corrupted/100k_blur_15x15_s5/heldout/H003471.png,2552
183696,2882,H003472,data/splits/100k/images/heldout/H003472.png,data/corrupted/100k_blur_15x15_s5/heldout/H003472.png,2882
183635,2882,H003473,data/splits/100k/images/heldout/H003473.png,data/corrupted/100k_blur_15x15_s5/heldout/H003473.png,2882
183643,2882,H003474,data/splits/100k/images/heldout/H003474.png,data/corrupted/100k_blur_15x15_s5/heldout/H003474.png,2882
183681,2882,H003475,data/splits/100k/images/heldout/H003475.png,data/corrupted/100k_blur_15x15_s5/heldout/H003475.png,2882
258959,4497,H003476,data/splits/100k/images/heldout/H003476.png,data/corrupted/100k_blur_15x15_s5/heldout/H003476.png,4497
258927,4497,H003477,data/splits/100k/images/heldout/H003477.png,data/corrupted/100k_blur_15x15_s5/heldout/H003477.png,4497
258892,4497,H003478,data/splits/100k/images/heldout/H003478.png,data/corrupted/100k_blur_15x15_s5/heldout/H003478.png,4497
258880,4497,H003479,data/splits/100k/images/heldout/H003479.png,data/corrupted/100k_blur_15x15_s5/heldout/H003479.png,4497
259281,4502,H003480,data/splits/100k/images/heldout/H003480.png,data/corrupted/100k_blur_15x15_s5/heldout/H003480.png,4502
259215,4502,H003481,data/splits/100k/images/heldout/H003481.png,data/corrupted/100k_blur_15x15_s5/heldout/H003481.png,4502
259242,4502,H003482,data/splits/100k/images/heldout/H003482.png,data/corrupted/100k_blur_15x15_s5/heldout/H003482.png,4502
259254,4502,H003483,data/splits/100k/images/heldout/H003483.png,data/corrupted/100k_blur_15x15_s5/heldout/H003483.png,4502
279426,4981,H003484,data/splits/100k/images/heldout/H003484.png,data/corrupted/100k_blur_15x15_s5/heldout/H003484.png,4981
279391,4981,H003485,data/splits/100k/images/heldout/H003485.png,data/corrupted/100k_blur_15x15_s5/heldout/H003485.png,4981
279412,4981,H003486,data/splits/100k/images/heldout/H003486.png,data/corrupted/100k_blur_15x15_s5/heldout/H003486.png,4981
279346,4981,H003487,data/splits/100k/images/heldout/H003487.png,data/corrupted/100k_blur_15x15_s5/heldout/H003487.png,4981
353230,6605,H003488,data/splits/100k/images/heldout/H003488.png,data/corrupted/100k_blur_15x15_s5/heldout/H003488.png,6605
353250,6605,H003489,data/splits/100k/images/heldout/H003489.png,data/corrupted/100k_blur_15x15_s5/heldout/H003489.png,6605
353268,6605,H003490,data/splits/100k/images/heldout/H003490.png,data/corrupted/100k_blur_15x15_s5/heldout/H003490.png,6605
353220,6605,H003491,data/splits/100k/images/heldout/H003491.png,data/corrupted/100k_blur_15x15_s5/heldout/H003491.png,6605
384885,7384,H003492,data/splits/100k/images/heldout/H003492.png,data/corrupted/100k_blur_15x15_s5/heldout/H003492.png,7384
384817,7384,H003493,data/splits/100k/images/heldout/H003493.png,data/corrupted/100k_blur_15x15_s5/heldout/H003493.png,7384
384825,7384,H003494,data/splits/100k/images/heldout/H003494.png,data/corrupted/100k_blur_15x15_s5/heldout/H003494.png,7384
384912,7384,H003495,data/splits/100k/images/heldout/H003495.png,data/corrupted/100k_blur_15x15_s5/heldout/H003495.png,7384
402789,7896,H003496,data/splits/100k/images/heldout/H003496.png,data/corrupted/100k_blur_15x15_s5/heldout/H003496.png,7896
402825,7896,H003497,data/splits/100k/images/heldout/H003497.png,data/corrupted/100k_blur_15x15_s5/heldout/H003497.png,7896
402773,7896,H003498,data/splits/100k/images/heldout/H003498.png,data/corrupted/100k_blur_15x15_s5/heldout/H003498.png,7896
402797,7896,H003499,data/splits/100k/images/heldout/H003499.png,data/corrupted/100k_blur_15x15_s5/heldout/H003499.png,7896
427295,8583,H003500,data/splits/100k/images/heldout/H003500.png,data/corrupted/100k_blur_15x15_s5/heldout/H003500.png,8583
427272,8583,H003501,data/splits/100k/images/heldout/H003501.png,data/corrupted/100k_blur_15x15_s5/heldout/H003501.png,8583
427328,8583,H003502,data/splits/100k/images/heldout/H003502.png,data/corrupted/100k_blur_15x15_s5/heldout/H003502.png,8583
427261,8583,H003503,data/splits/100k/images/heldout/H003503.png,data/corrupted/100k_blur_15x15_s5/heldout/H003503.png,8583
468186,9797,H003504,data/splits/100k/images/heldout/H003504.png,data/corrupted/100k_blur_15x15_s5/heldout/H003504.png,9797
468136,9797,H003505,data/splits/100k/images/heldout/H003505.png,data/corrupted/100k_blur_15x15_s5/heldout/H003505.png,9797
468200,9797,H003506,data/splits/100k/images/heldout/H003506.png,data/corrupted/100k_blur_15x15_s5/heldout/H003506.png,9797
468159,9797,H003507,data/splits/100k/images/heldout/H003507.png,data/corrupted/100k_blur_15x15_s5/heldout/H003507.png,9797
31316,257,H003508,data/splits/100k/images/heldout/H003508.png,data/corrupted/100k_blur_15x15_s5/heldout/H003508.png,257
31272,257,H003509,data/splits/100k/images/heldout/H003509.png,data/corrupted/100k_blur_15x15_s5/heldout/H003509.png,257
31303,257,H003510,data/splits/100k/images/heldout/H003510.png,data/corrupted/100k_blur_15x15_s5/heldout/H003510.png,257
31320,257,H003511,data/splits/100k/images/heldout/H003511.png,data/corrupted/100k_blur_15x15_s5/heldout/H003511.png,257
78719,953,H003512,data/splits/100k/images/heldout/H003512.png,data/corrupted/100k_blur_15x15_s5/heldout/H003512.png,953
78746,953,H003513,data/splits/100k/images/heldout/H003513.png,data/corrupted/100k_blur_15x15_s5/heldout/H003513.png,953
78756,953,H003514,data/splits/100k/images/heldout/H003514.png,data/corrupted/100k_blur_15x15_s5/heldout/H003514.png,953
78709,953,H003515,data/splits/100k/images/heldout/H003515.png,data/corrupted/100k_blur_15x15_s5/heldout/H003515.png,953
80973,980,H003516,data/splits/100k/images/heldout/H003516.png,data/corrupted/100k_blur_15x15_s5/heldout/H003516.png,980
80922,980,H003517,data/splits/100k/images/heldout/H003517.png,data/corrupted/100k_blur_15x15_s5/heldout/H003517.png,980
80998,980,H003518,data/splits/100k/images/heldout/H003518.png,data/corrupted/100k_blur_15x15_s5/heldout/H003518.png,980
80976,980,H003519,data/splits/100k/images/heldout/H003519.png,data/corrupted/100k_blur_15x15_s5/heldout/H003519.png,980
128571,1780,H003520,data/splits/100k/images/heldout/H003520.png,data/corrupted/100k_blur_15x15_s5/heldout/H003520.png,1780
128553,1780,H003521,data/splits/100k/images/heldout/H003521.png,data/corrupted/100k_blur_15x15_s5/heldout/H003521.png,1780
128591,1780,H003522,data/splits/100k/images/heldout/H003522.png,data/corrupted/100k_blur_15x15_s5/heldout/H003522.png,1780
128510,1780,H003523,data/splits/100k/images/heldout/H003523.png,data/corrupted/100k_blur_15x15_s5/heldout/H003523.png,1780
144778,2107,H003524,data/splits/100k/images/heldout/H003524.png,data/corrupted/100k_blur_15x15_s5/heldout/H003524.png,2107
144733,2107,H003525,data/splits/100k/images/heldout/H003525.png,data/corrupted/100k_blur_15x15_s5/heldout/H003525.png,2107
144796,2107,H003526,data/splits/100k/images/heldout/H003526.png,data/corrupted/100k_blur_15x15_s5/heldout/H003526.png,2107
144725,2107,H003527,data/splits/100k/images/heldout/H003527.png,data/corrupted/100k_blur_15x15_s5/heldout/H003527.png,2107
197013,3180,H003528,data/splits/100k/images/heldout/H003528.png,data/corrupted/100k_blur_15x15_s5/heldout/H003528.png,3180
196960,3180,H003529,data/splits/100k/images/heldout/H003529.png,data/corrupted/100k_blur_15x15_s5/heldout/H003529.png,3180
197052,3180,H003530,data/splits/100k/images/heldout/H003530.png,data/corrupted/100k_blur_15x15_s5/heldout/H003530.png,3180
197016,3180,H003531,data/splits/100k/images/heldout/H003531.png,data/corrupted/100k_blur_15x15_s5/heldout/H003531.png,3180
253624,4393,H003532,data/splits/100k/images/heldout/H003532.png,data/corrupted/100k_blur_15x15_s5/heldout/H003532.png,4393
253679,4393,H003533,data/splits/100k/images/heldout/H003533.png,data/corrupted/100k_blur_15x15_s5/heldout/H003533.png,4393
253653,4393,H003534,data/splits/100k/images/heldout/H003534.png,data/corrupted/100k_blur_15x15_s5/heldout/H003534.png,4393
253639,4393,H003535,data/splits/100k/images/heldout/H003535.png,data/corrupted/100k_blur_15x15_s5/heldout/H003535.png,4393
270015,4761,H003536,data/splits/100k/images/heldout/H003536.png,data/corrupted/100k_blur_15x15_s5/heldout/H003536.png,4761
269984,4761,H003537,data/splits/100k/images/heldout/H003537.png,data/corrupted/100k_blur_15x15_s5/heldout/H003537.png,4761
270018,4761,H003538,data/splits/100k/images/heldout/H003538.png,data/corrupted/100k_blur_15x15_s5/heldout/H003538.png,4761
270042,4761,H003539,data/splits/100k/images/heldout/H003539.png,data/corrupted/100k_blur_15x15_s5/heldout/H003539.png,4761
361136,6787,H003540,data/splits/100k/images/heldout/H003540.png,data/corrupted/100k_blur_15x15_s5/heldout/H003540.png,6787
361161,6787,H003541,data/splits/100k/images/heldout/H003541.png,data/corrupted/100k_blur_15x15_s5/heldout/H003541.png,6787
361192,6787,H003542,data/splits/100k/images/heldout/H003542.png,data/corrupted/100k_blur_15x15_s5/heldout/H003542.png,6787
361154,6787,H003543,data/splits/100k/images/heldout/H003543.png,data/corrupted/100k_blur_15x15_s5/heldout/H003543.png,6787
408869,8067,H003544,data/splits/100k/images/heldout/H003544.png,data/corrupted/100k_blur_15x15_s5/heldout/H003544.png,8067
408907,8067,H003545,data/splits/100k/images/heldout/H003545.png,data/corrupted/100k_blur_15x15_s5/heldout/H003545.png,8067
408889,8067,H003546,data/splits/100k/images/heldout/H003546.png,data/corrupted/100k_blur_15x15_s5/heldout/H003546.png,8067
408887,8067,H003547,data/splits/100k/images/heldout/H003547.png,data/corrupted/100k_blur_15x15_s5/heldout/H003547.png,8067
18931,147,H003548,data/splits/100k/images/heldout/H003548.png,data/corrupted/100k_blur_15x15_s5/heldout/H003548.png,147
19020,147,H003549,data/splits/100k/images/heldout/H003549.png,data/corrupted/100k_blur_15x15_s5/heldout/H003549.png,147
18962,147,H003550,data/splits/100k/images/heldout/H003550.png,data/corrupted/100k_blur_15x15_s5/heldout/H003550.png,147
18959,147,H003551,data/splits/100k/images/heldout/H003551.png,data/corrupted/100k_blur_15x15_s5/heldout/H003551.png,147
22995,186,H003552,data/splits/100k/images/heldout/H003552.png,data/corrupted/100k_blur_15x15_s5/heldout/H003552.png,186
22949,186,H003553,data/splits/100k/images/heldout/H003553.png,data/corrupted/100k_blur_15x15_s5/heldout/H003553.png,186
23036,186,H003554,data/splits/100k/images/heldout/H003554.png,data/corrupted/100k_blur_15x15_s5/heldout/H003554.png,186
22990,186,H003555,data/splits/100k/images/heldout/H003555.png,data/corrupted/100k_blur_15x15_s5/heldout/H003555.png,186
30710,255,H003556,data/splits/100k/images/heldout/H003556.png,data/corrupted/100k_blur_15x15_s5/heldout/H003556.png,255
30645,255,H003557,data/splits/100k/images/heldout/H003557.png,data/corrupted/100k_blur_15x15_s5/heldout/H003557.png,255
30720,255,H003558,data/splits/100k/images/heldout/H003558.png,data/corrupted/100k_blur_15x15_s5/heldout/H003558.png,255
30642,255,H003559,data/splits/100k/images/heldout/H003559.png,data/corrupted/100k_blur_15x15_s5/heldout/H003559.png,255
36841,340,H003560,data/splits/100k/images/heldout/H003560.png,data/corrupted/100k_blur_15x15_s5/heldout/H003560.png,340
36777,340,H003561,data/splits/100k/images/heldout/H003561.png,data/corrupted/100k_blur_15x15_s5/heldout/H003561.png,340
36811,340,H003562,data/splits/100k/images/heldout/H003562.png,data/corrupted/100k_blur_15x15_s5/heldout/H003562.png,340
36851,340,H003563,data/splits/100k/images/heldout/H003563.png,data/corrupted/100k_blur_15x15_s5/heldout/H003563.png,340
79779,966,H003564,data/splits/100k/images/heldout/H003564.png,data/corrupted/100k_blur_15x15_s5/heldout/H003564.png,966
79778,966,H003565,data/splits/100k/images/heldout/H003565.png,data/corrupted/100k_blur_15x15_s5/heldout/H003565.png,966
79772,966,H003566,data/splits/100k/images/heldout/H003566.png,data/corrupted/100k_blur_15x15_s5/heldout/H003566.png,966
79799,966,H003567,data/splits/100k/images/heldout/H003567.png,data/corrupted/100k_blur_15x15_s5/heldout/H003567.png,966
89873,1092,H003568,data/splits/100k/images/heldout/H003568.png,data/corrupted/100k_blur_15x15_s5/heldout/H003568.png,1092
89884,1092,H003569,data/splits/100k/images/heldout/H003569.png,data/corrupted/100k_blur_15x15_s5/heldout/H003569.png,1092
89868,1092,H003570,data/splits/100k/images/heldout/H003570.png,data/corrupted/100k_blur_15x15_s5/heldout/H003570.png,1092
89933,1092,H003571,data/splits/100k/images/heldout/H003571.png,data/corrupted/100k_blur_15x15_s5/heldout/H003571.png,1092
95014,1159,H003572,data/splits/100k/images/heldout/H003572.png,data/corrupted/100k_blur_15x15_s5/heldout/H003572.png,1159
95016,1159,H003573,data/splits/100k/images/heldout/H003573.png,data/corrupted/100k_blur_15x15_s5/heldout/H003573.png,1159
95052,1159,H003574,data/splits/100k/images/heldout/H003574.png,data/corrupted/100k_blur_15x15_s5/heldout/H003574.png,1159
94994,1159,H003575,data/splits/100k/images/heldout/H003575.png,data/corrupted/100k_blur_15x15_s5/heldout/H003575.png,1159
104196,1265,H003576,data/splits/100k/images/heldout/H003576.png,data/corrupted/100k_blur_15x15_s5/heldout/H003576.png,1265
104175,1265,H003577,data/splits/100k/images/heldout/H003577.png,data/corrupted/100k_blur_15x15_s5/heldout/H003577.png,1265
104199,1265,H003578,data/splits/100k/images/heldout/H003578.png,data/corrupted/100k_blur_15x15_s5/heldout/H003578.png,1265
104112,1265,H003579,data/splits/100k/images/heldout/H003579.png,data/corrupted/100k_blur_15x15_s5/heldout/H003579.png,1265
195948,3158,H003580,data/splits/100k/images/heldout/H003580.png,data/corrupted/100k_blur_15x15_s5/heldout/H003580.png,3158
195923,3158,H003581,data/splits/100k/images/heldout/H003581.png,data/corrupted/100k_blur_15x15_s5/heldout/H003581.png,3158
195934,3158,H003582,data/splits/100k/images/heldout/H003582.png,data/corrupted/100k_blur_15x15_s5/heldout/H003582.png,3158
195955,3158,H003583,data/splits/100k/images/heldout/H003583.png,data/corrupted/100k_blur_15x15_s5/heldout/H003583.png,3158
223313,3758,H003584,data/splits/100k/images/heldout/H003584.png,data/corrupted/100k_blur_15x15_s5/heldout/H003584.png,3758
223306,3758,H003585,data/splits/100k/images/heldout/H003585.png,data/corrupted/100k_blur_15x15_s5/heldout/H003585.png,3758
223331,3758,H003586,data/splits/100k/images/heldout/H003586.png,data/corrupted/100k_blur_15x15_s5/heldout/H003586.png,3758
223263,3758,H003587,data/splits/100k/images/heldout/H003587.png,data/corrupted/100k_blur_15x15_s5/heldout/H003587.png,3758
228243,3879,H003588,data/splits/100k/images/heldout/H003588.png,data/corrupted/100k_blur_15x15_s5/heldout/H003588.png,3879
228326,3879,H003589,data/splits/100k/images/heldout/H003589.png,data/corrupted/100k_blur_15x15_s5/heldout/H003589.png,3879
228245,3879,H003590,data/splits/100k/images/heldout/H003590.png,data/corrupted/100k_blur_15x15_s5/heldout/H003590.png,3879
228336,3879,H003591,data/splits/100k/images/heldout/H003591.png,data/corrupted/100k_blur_15x15_s5/heldout/H003591.png,3879
236148,4040,H003592,data/splits/100k/images/heldout/H003592.png,data/corrupted/100k_blur_15x15_s5/heldout/H003592.png,4040
236164,4040,H003593,data/splits/100k/images/heldout/H003593.png,data/corrupted/100k_blur_15x15_s5/heldout/H003593.png,4040
236177,4040,H003594,data/splits/100k/images/heldout/H003594.png,data/corrupted/100k_blur_15x15_s5/heldout/H003594.png,4040
236157,4040,H003595,data/splits/100k/images/heldout/H003595.png,data/corrupted/100k_blur_15x15_s5/heldout/H003595.png,4040
238544,4096,H003596,data/splits/100k/images/heldout/H003596.png,data/corrupted/100k_blur_15x15_s5/heldout/H003596.png,4096
238572,4096,H003597,data/splits/100k/images/heldout/H003597.png,data/corrupted/100k_blur_15x15_s5/heldout/H003597.png,4096
238522,4096,H003598,data/splits/100k/images/heldout/H003598.png,data/corrupted/100k_blur_15x15_s5/heldout/H003598.png,4096
238598,4096,H003599,data/splits/100k/images/heldout/H003599.png,data/corrupted/100k_blur_15x15_s5/heldout/H003599.png,4096
402519,7890,H003600,data/splits/100k/images/heldout/H003600.png,data/corrupted/100k_blur_15x15_s5/heldout/H003600.png,7890
402538,7890,H003601,data/splits/100k/images/heldout/H003601.png,data/corrupted/100k_blur_15x15_s5/heldout/H003601.png,7890
402588,7890,H003602,data/splits/100k/images/heldout/H003602.png,data/corrupted/100k_blur_15x15_s5/heldout/H003602.png,7890
402553,7890,H003603,data/splits/100k/images/heldout/H003603.png,data/corrupted/100k_blur_15x15_s5/heldout/H003603.png,7890
432371,8715,H003604,data/splits/100k/images/heldout/H003604.png,data/corrupted/100k_blur_15x15_s5/heldout/H003604.png,8715
432340,8715,H003605,data/splits/100k/images/heldout/H003605.png,data/corrupted/100k_blur_15x15_s5/heldout/H003605.png,8715
432405,8715,H003606,data/splits/100k/images/heldout/H003606.png,data/corrupted/100k_blur_15x15_s5/heldout/H003606.png,8715
432319,8715,H003607,data/splits/100k/images/heldout/H003607.png,data/corrupted/100k_blur_15x15_s5/heldout/H003607.png,8715
1511,10,H003608,data/splits/100k/images/heldout/H003608.png,data/corrupted/100k_blur_15x15_s5/heldout/H003608.png,10
1455,10,H003609,data/splits/100k/images/heldout/H003609.png,data/corrupted/100k_blur_15x15_s5/heldout/H003609.png,10
1495,10,H003610,data/splits/100k/images/heldout/H003610.png,data/corrupted/100k_blur_15x15_s5/heldout/H003610.png,10
1444,10,H003611,data/splits/100k/images/heldout/H003611.png,data/corrupted/100k_blur_15x15_s5/heldout/H003611.png,10
2200,16,H003612,data/splits/100k/images/heldout/H003612.png,data/corrupted/100k_blur_15x15_s5/heldout/H003612.png,16
2233,16,H003613,data/splits/100k/images/heldout/H003613.png,data/corrupted/100k_blur_15x15_s5/heldout/H003613.png,16
2262,16,H003614,data/splits/100k/images/heldout/H003614.png,data/corrupted/100k_blur_15x15_s5/heldout/H003614.png,16
2216,16,H003615,data/splits/100k/images/heldout/H003615.png,data/corrupted/100k_blur_15x15_s5/heldout/H003615.png,16
54506,581,H003616,data/splits/100k/images/heldout/H003616.png,data/corrupted/100k_blur_15x15_s5/heldout/H003616.png,581
54570,581,H003617,data/splits/100k/images/heldout/H003617.png,data/corrupted/100k_blur_15x15_s5/heldout/H003617.png,581
54559,581,H003618,data/splits/100k/images/heldout/H003618.png,data/corrupted/100k_blur_15x15_s5/heldout/H003618.png,581
54515,581,H003619,data/splits/100k/images/heldout/H003619.png,data/corrupted/100k_blur_15x15_s5/heldout/H003619.png,581
105246,1292,H003620,data/splits/100k/images/heldout/H003620.png,data/corrupted/100k_blur_15x15_s5/heldout/H003620.png,1292
105195,1292,H003621,data/splits/100k/images/heldout/H003621.png,data/corrupted/100k_blur_15x15_s5/heldout/H003621.png,1292
105208,1292,H003622,data/splits/100k/images/heldout/H003622.png,data/corrupted/100k_blur_15x15_s5/heldout/H003622.png,1292
105253,1292,H003623,data/splits/100k/images/heldout/H003623.png,data/corrupted/100k_blur_15x15_s5/heldout/H003623.png,1292
133437,1873,H003624,data/splits/100k/images/heldout/H003624.png,data/corrupted/100k_blur_15x15_s5/heldout/H003624.png,1873
133477,1873,H003625,data/splits/100k/images/heldout/H003625.png,data/corrupted/100k_blur_15x15_s5/heldout/H003625.png,1873
133476,1873,H003626,data/splits/100k/images/heldout/H003626.png,data/corrupted/100k_blur_15x15_s5/heldout/H003626.png,1873
133483,1873,H003627,data/splits/100k/images/heldout/H003627.png,data/corrupted/100k_blur_15x15_s5/heldout/H003627.png,1873
149493,2194,H003628,data/splits/100k/images/heldout/H003628.png,data/corrupted/100k_blur_15x15_s5/heldout/H003628.png,2194
149476,2194,H003629,data/splits/100k/images/heldout/H003629.png,data/corrupted/100k_blur_15x15_s5/heldout/H003629.png,2194
149478,2194,H003630,data/splits/100k/images/heldout/H003630.png,data/corrupted/100k_blur_15x15_s5/heldout/H003630.png,2194
149482,2194,H003631,data/splits/100k/images/heldout/H003631.png,data/corrupted/100k_blur_15x15_s5/heldout/H003631.png,2194
159474,2417,H003632,data/splits/100k/images/heldout/H003632.png,data/corrupted/100k_blur_15x15_s5/heldout/H003632.png,2417
159536,2417,H003633,data/splits/100k/images/heldout/H003633.png,data/corrupted/100k_blur_15x15_s5/heldout/H003633.png,2417
159511,2417,H003634,data/splits/100k/images/heldout/H003634.png,data/corrupted/100k_blur_15x15_s5/heldout/H003634.png,2417
159519,2417,H003635,data/splits/100k/images/heldout/H003635.png,data/corrupted/100k_blur_15x15_s5/heldout/H003635.png,2417
163865,2499,H003636,data/splits/100k/images/heldout/H003636.png,data/corrupted/100k_blur_15x15_s5/heldout/H003636.png,2499
163905,2499,H003637,data/splits/100k/images/heldout/H003637.png,data/corrupted/100k_blur_15x15_s5/heldout/H003637.png,2499
163873,2499,H003638,data/splits/100k/images/heldout/H003638.png,data/corrupted/100k_blur_15x15_s5/heldout/H003638.png,2499
163869,2499,H003639,data/splits/100k/images/heldout/H003639.png,data/corrupted/100k_blur_15x15_s5/heldout/H003639.png,2499
179235,2787,H003640,data/splits/100k/images/heldout/H003640.png,data/corrupted/100k_blur_15x15_s5/heldout/H003640.png,2787
179196,2787,H003641,data/splits/100k/images/heldout/H003641.png,data/corrupted/100k_blur_15x15_s5/heldout/H003641.png,2787
179200,2787,H003642,data/splits/100k/images/heldout/H003642.png,data/corrupted/100k_blur_15x15_s5/heldout/H003642.png,2787
179207,2787,H003643,data/splits/100k/images/heldout/H003643.png,data/corrupted/100k_blur_15x15_s5/heldout/H003643.png,2787
198865,3231,H003644,data/splits/100k/images/heldout/H003644.png,data/corrupted/100k_blur_15x15_s5/heldout/H003644.png,3231
198848,3231,H003645,data/splits/100k/images/heldout/H003645.png,data/corrupted/100k_blur_15x15_s5/heldout/H003645.png,3231
198858,3231,H003646,data/splits/100k/images/heldout/H003646.png,data/corrupted/100k_blur_15x15_s5/heldout/H003646.png,3231
198782,3231,H003647,data/splits/100k/images/heldout/H003647.png,data/corrupted/100k_blur_15x15_s5/heldout/H003647.png,3231
219891,3693,H003648,data/splits/100k/images/heldout/H003648.png,data/corrupted/100k_blur_15x15_s5/heldout/H003648.png,3693
219868,3693,H003649,data/splits/100k/images/heldout/H003649.png,data/corrupted/100k_blur_15x15_s5/heldout/H003649.png,3693
219923,3693,H003650,data/splits/100k/images/heldout/H003650.png,data/corrupted/100k_blur_15x15_s5/heldout/H003650.png,3693
219855,3693,H003651,data/splits/100k/images/heldout/H003651.png,data/corrupted/100k_blur_15x15_s5/heldout/H003651.png,3693
267139,4700,H003652,data/splits/100k/images/heldout/H003652.png,data/corrupted/100k_blur_15x15_s5/heldout/H003652.png,4700
267178,4700,H003653,data/splits/100k/images/heldout/H003653.png,data/corrupted/100k_blur_15x15_s5/heldout/H003653.png,4700
267163,4700,H003654,data/splits/100k/images/heldout/H003654.png,data/corrupted/100k_blur_15x15_s5/heldout/H003654.png,4700
267214,4700,H003655,data/splits/100k/images/heldout/H003655.png,data/corrupted/100k_blur_15x15_s5/heldout/H003655.png,4700
277483,4949,H003656,data/splits/100k/images/heldout/H003656.png,data/corrupted/100k_blur_15x15_s5/heldout/H003656.png,4949
277467,4949,H003657,data/splits/100k/images/heldout/H003657.png,data/corrupted/100k_blur_15x15_s5/heldout/H003657.png,4949
277431,4949,H003658,data/splits/100k/images/heldout/H003658.png,data/corrupted/100k_blur_15x15_s5/heldout/H003658.png,4949
277424,4949,H003659,data/splits/100k/images/heldout/H003659.png,data/corrupted/100k_blur_15x15_s5/heldout/H003659.png,4949
325590,5993,H003660,data/splits/100k/images/heldout/H003660.png,data/corrupted/100k_blur_15x15_s5/heldout/H003660.png,5993
325612,5993,H003661,data/splits/100k/images/heldout/H003661.png,data/corrupted/100k_blur_15x15_s5/heldout/H003661.png,5993
325524,5993,H003662,data/splits/100k/images/heldout/H003662.png,data/corrupted/100k_blur_15x15_s5/heldout/H003662.png,5993
325559,5993,H003663,data/splits/100k/images/heldout/H003663.png,data/corrupted/100k_blur_15x15_s5/heldout/H003663.png,5993
330659,6094,H003664,data/splits/100k/images/heldout/H003664.png,data/corrupted/100k_blur_15x15_s5/heldout/H003664.png,6094
330705,6094,H003665,data/splits/100k/images/heldout/H003665.png,data/corrupted/100k_blur_15x15_s5/heldout/H003665.png,6094
330661,6094,H003666,data/splits/100k/images/heldout/H003666.png,data/corrupted/100k_blur_15x15_s5/heldout/H003666.png,6094
330711,6094,H003667,data/splits/100k/images/heldout/H003667.png,data/corrupted/100k_blur_15x15_s5/heldout/H003667.png,6094
352082,6573,H003668,data/splits/100k/images/heldout/H003668.png,data/corrupted/100k_blur_15x15_s5/heldout/H003668.png,6573
352112,6573,H003669,data/splits/100k/images/heldout/H003669.png,data/corrupted/100k_blur_15x15_s5/heldout/H003669.png,6573
352127,6573,H003670,data/splits/100k/images/heldout/H003670.png,data/corrupted/100k_blur_15x15_s5/heldout/H003670.png,6573
352123,6573,H003671,data/splits/100k/images/heldout/H003671.png,data/corrupted/100k_blur_15x15_s5/heldout/H003671.png,6573
378722,7216,H003672,data/splits/100k/images/heldout/H003672.png,data/corrupted/100k_blur_15x15_s5/heldout/H003672.png,7216
378688,7216,H003673,data/splits/100k/images/heldout/H003673.png,data/corrupted/100k_blur_15x15_s5/heldout/H003673.png,7216
378642,7216,H003674,data/splits/100k/images/heldout/H003674.png,data/corrupted/100k_blur_15x15_s5/heldout/H003674.png,7216
378694,7216,H003675,data/splits/100k/images/heldout/H003675.png,data/corrupted/100k_blur_15x15_s5/heldout/H003675.png,7216
410199,8087,H003676,data/splits/100k/images/heldout/H003676.png,data/corrupted/100k_blur_15x15_s5/heldout/H003676.png,8087
410219,8087,H003677,data/splits/100k/images/heldout/H003677.png,data/corrupted/100k_blur_15x15_s5/heldout/H003677.png,8087
410210,8087,H003678,data/splits/100k/images/heldout/H003678.png,data/corrupted/100k_blur_15x15_s5/heldout/H003678.png,8087
410243,8087,H003679,data/splits/100k/images/heldout/H003679.png,data/corrupted/100k_blur_15x15_s5/heldout/H003679.png,8087
467206,9771,H003680,data/splits/100k/images/heldout/H003680.png,data/corrupted/100k_blur_15x15_s5/heldout/H003680.png,9771
467204,9771,H003681,data/splits/100k/images/heldout/H003681.png,data/corrupted/100k_blur_15x15_s5/heldout/H003681.png,9771
467268,9771,H003682,data/splits/100k/images/heldout/H003682.png,data/corrupted/100k_blur_15x15_s5/heldout/H003682.png,9771
467242,9771,H003683,data/splits/100k/images/heldout/H003683.png,data/corrupted/100k_blur_15x15_s5/heldout/H003683.png,9771
16560,125,H003684,data/splits/100k/images/heldout/H003684.png,data/corrupted/100k_blur_15x15_s5/heldout/H003684.png,125
16569,125,H003685,data/splits/100k/images/heldout/H003685.png,data/corrupted/100k_blur_15x15_s5/heldout/H003685.png,125
16493,125,H003686,data/splits/100k/images/heldout/H003686.png,data/corrupted/100k_blur_15x15_s5/heldout/H003686.png,125
16559,125,H003687,data/splits/100k/images/heldout/H003687.png,data/corrupted/100k_blur_15x15_s5/heldout/H003687.png,125
115278,1499,H003688,data/splits/100k/images/heldout/H003688.png,data/corrupted/100k_blur_15x15_s5/heldout/H003688.png,1499
115269,1499,H003689,data/splits/100k/images/heldout/H003689.png,data/corrupted/100k_blur_15x15_s5/heldout/H003689.png,1499
115195,1499,H003690,data/splits/100k/images/heldout/H003690.png,data/corrupted/100k_blur_15x15_s5/heldout/H003690.png,1499
115257,1499,H003691,data/splits/100k/images/heldout/H003691.png,data/corrupted/100k_blur_15x15_s5/heldout/H003691.png,1499
132857,1863,H003692,data/splits/100k/images/heldout/H003692.png,data/corrupted/100k_blur_15x15_s5/heldout/H003692.png,1863
132860,1863,H003693,data/splits/100k/images/heldout/H003693.png,data/corrupted/100k_blur_15x15_s5/heldout/H003693.png,1863
132863,1863,H003694,data/splits/100k/images/heldout/H003694.png,data/corrupted/100k_blur_15x15_s5/heldout/H003694.png,1863
132823,1863,H003695,data/splits/100k/images/heldout/H003695.png,data/corrupted/100k_blur_15x15_s5/heldout/H003695.png,1863
139541,2010,H003696,data/splits/100k/images/heldout/H003696.png,data/corrupted/100k_blur_15x15_s5/heldout/H003696.png,2010
139509,2010,H003697,data/splits/100k/images/heldout/H003697.png,data/corrupted/100k_blur_15x15_s5/heldout/H003697.png,2010
139528,2010,H003698,data/splits/100k/images/heldout/H003698.png,data/corrupted/100k_blur_15x15_s5/heldout/H003698.png,2010
139549,2010,H003699,data/splits/100k/images/heldout/H003699.png,data/corrupted/100k_blur_15x15_s5/heldout/H003699.png,2010
162161,2455,H003700,data/splits/100k/images/heldout/H003700.png,data/corrupted/100k_blur_15x15_s5/heldout/H003700.png,2455
162083,2455,H003701,data/splits/100k/images/heldout/H003701.png,data/corrupted/100k_blur_15x15_s5/heldout/H003701.png,2455
162095,2455,H003702,data/splits/100k/images/heldout/H003702.png,data/corrupted/100k_blur_15x15_s5/heldout/H003702.png,2455
162097,2455,H003703,data/splits/100k/images/heldout/H003703.png,data/corrupted/100k_blur_15x15_s5/heldout/H003703.png,2455
190994,3046,H003704,data/splits/100k/images/heldout/H003704.png,data/corrupted/100k_blur_15x15_s5/heldout/H003704.png,3046
191002,3046,H003705,data/splits/100k/images/heldout/H003705.png,data/corrupted/100k_blur_15x15_s5/heldout/H003705.png,3046
190957,3046,H003706,data/splits/100k/images/heldout/H003706.png,data/corrupted/100k_blur_15x15_s5/heldout/H003706.png,3046
190968,3046,H003707,data/splits/100k/images/heldout/H003707.png,data/corrupted/100k_blur_15x15_s5/heldout/H003707.png,3046
247172,4269,H003708,data/splits/100k/images/heldout/H003708.png,data/corrupted/100k_blur_15x15_s5/heldout/H003708.png,4269
247191,4269,H003709,data/splits/100k/images/heldout/H003709.png,data/corrupted/100k_blur_15x15_s5/heldout/H003709.png,4269
247133,4269,H003710,data/splits/100k/images/heldout/H003710.png,data/corrupted/100k_blur_15x15_s5/heldout/H003710.png,4269
247102,4269,H003711,data/splits/100k/images/heldout/H003711.png,data/corrupted/100k_blur_15x15_s5/heldout/H003711.png,4269
347761,6458,H003712,data/splits/100k/images/heldout/H003712.png,data/corrupted/100k_blur_15x15_s5/heldout/H003712.png,6458
347739,6458,H003713,data/splits/100k/images/heldout/H003713.png,data/corrupted/100k_blur_15x15_s5/heldout/H003713.png,6458
347752,6458,H003714,data/splits/100k/images/heldout/H003714.png,data/corrupted/100k_blur_15x15_s5/heldout/H003714.png,6458
347691,6458,H003715,data/splits/100k/images/heldout/H003715.png,data/corrupted/100k_blur_15x15_s5/heldout/H003715.png,6458
356037,6674,H003716,data/splits/100k/images/heldout/H003716.png,data/corrupted/100k_blur_15x15_s5/heldout/H003716.png,6674
356121,6674,H003717,data/splits/100k/images/heldout/H003717.png,data/corrupted/100k_blur_15x15_s5/heldout/H003717.png,6674
356051,6674,H003718,data/splits/100k/images/heldout/H003718.png,data/corrupted/100k_blur_15x15_s5/heldout/H003718.png,6674
356097,6674,H003719,data/splits/100k/images/heldout/H003719.png,data/corrupted/100k_blur_15x15_s5/heldout/H003719.png,6674
359035,6732,H003720,data/splits/100k/images/heldout/H003720.png,data/corrupted/100k_blur_15x15_s5/heldout/H003720.png,6732
358961,6732,H003721,data/splits/100k/images/heldout/H003721.png,data/corrupted/100k_blur_15x15_s5/heldout/H003721.png,6732
358998,6732,H003722,data/splits/100k/images/heldout/H003722.png,data/corrupted/100k_blur_15x15_s5/heldout/H003722.png,6732
358990,6732,H003723,data/splits/100k/images/heldout/H003723.png,data/corrupted/100k_blur_15x15_s5/heldout/H003723.png,6732
382119,7317,H003724,data/splits/100k/images/heldout/H003724.png,data/corrupted/100k_blur_15x15_s5/heldout/H003724.png,7317
382111,7317,H003725,data/splits/100k/images/heldout/H003725.png,data/corrupted/100k_blur_15x15_s5/heldout/H003725.png,7317
382108,7317,H003726,data/splits/100k/images/heldout/H003726.png,data/corrupted/100k_blur_15x15_s5/heldout/H003726.png,7317
382120,7317,H003727,data/splits/100k/images/heldout/H003727.png,data/corrupted/100k_blur_15x15_s5/heldout/H003727.png,7317
392828,7610,H003728,data/splits/100k/images/heldout/H003728.png,data/corrupted/100k_blur_15x15_s5/heldout/H003728.png,7610
392801,7610,H003729,data/splits/100k/images/heldout/H003729.png,data/corrupted/100k_blur_15x15_s5/heldout/H003729.png,7610
392874,7610,H003730,data/splits/100k/images/heldout/H003730.png,data/corrupted/100k_blur_15x15_s5/heldout/H003730.png,7610
392878,7610,H003731,data/splits/100k/images/heldout/H003731.png,data/corrupted/100k_blur_15x15_s5/heldout/H003731.png,7610
444500,9064,H003732,data/splits/100k/images/heldout/H003732.png,data/corrupted/100k_blur_15x15_s5/heldout/H003732.png,9064
444508,9064,H003733,data/splits/100k/images/heldout/H003733.png,data/corrupted/100k_blur_15x15_s5/heldout/H003733.png,9064
444542,9064,H003734,data/splits/100k/images/heldout/H003734.png,data/corrupted/100k_blur_15x15_s5/heldout/H003734.png,9064
444482,9064,H003735,data/splits/100k/images/heldout/H003735.png,data/corrupted/100k_blur_15x15_s5/heldout/H003735.png,9064
14154,93,H003736,data/splits/100k/images/heldout/H003736.png,data/corrupted/100k_blur_15x15_s5/heldout/H003736.png,93
14152,93,H003737,data/splits/100k/images/heldout/H003737.png,data/corrupted/100k_blur_15x15_s5/heldout/H003737.png,93
14197,93,H003738,data/splits/100k/images/heldout/H003738.png,data/corrupted/100k_blur_15x15_s5/heldout/H003738.png,93
14151,93,H003739,data/splits/100k/images/heldout/H003739.png,data/corrupted/100k_blur_15x15_s5/heldout/H003739.png,93
16020,117,H003740,data/splits/100k/images/heldout/H003740.png,data/corrupted/100k_blur_15x15_s5/heldout/H003740.png,117
16052,117,H003741,data/splits/100k/images/heldout/H003741.png,data/corrupted/100k_blur_15x15_s5/heldout/H003741.png,117
15997,117,H003742,data/splits/100k/images/heldout/H003742.png,data/corrupted/100k_blur_15x15_s5/heldout/H003742.png,117
16057,117,H003743,data/splits/100k/images/heldout/H003743.png,data/corrupted/100k_blur_15x15_s5/heldout/H003743.png,117
49976,518,H003744,data/splits/100k/images/heldout/H003744.png,data/corrupted/100k_blur_15x15_s5/heldout/H003744.png,518
50020,518,H003745,data/splits/100k/images/heldout/H003745.png,data/corrupted/100k_blur_15x15_s5/heldout/H003745.png,518
50014,518,H003746,data/splits/100k/images/heldout/H003746.png,data/corrupted/100k_blur_15x15_s5/heldout/H003746.png,518
49953,518,H003747,data/splits/100k/images/heldout/H003747.png,data/corrupted/100k_blur_15x15_s5/heldout/H003747.png,518
88718,1080,H003748,data/splits/100k/images/heldout/H003748.png,data/corrupted/100k_blur_15x15_s5/heldout/H003748.png,1080
88749,1080,H003749,data/splits/100k/images/heldout/H003749.png,data/corrupted/100k_blur_15x15_s5/heldout/H003749.png,1080
88723,1080,H003750,data/splits/100k/images/heldout/H003750.png,data/corrupted/100k_blur_15x15_s5/heldout/H003750.png,1080
88712,1080,H003751,data/splits/100k/images/heldout/H003751.png,data/corrupted/100k_blur_15x15_s5/heldout/H003751.png,1080
160510,2434,H003752,data/splits/100k/images/heldout/H003752.png,data/corrupted/100k_blur_15x15_s5/heldout/H003752.png,2434
160528,2434,H003753,data/splits/100k/images/heldout/H003753.png,data/corrupted/100k_blur_15x15_s5/heldout/H003753.png,2434
160566,2434,H003754,data/splits/100k/images/heldout/H003754.png,data/corrupted/100k_blur_15x15_s5/heldout/H003754.png,2434
160524,2434,H003755,data/splits/100k/images/heldout/H003755.png,data/corrupted/100k_blur_15x15_s5/heldout/H003755.png,2434
214462,3572,H003756,data/splits/100k/images/heldout/H003756.png,data/corrupted/100k_blur_15x15_s5/heldout/H003756.png,3572
214435,3572,H003757,data/splits/100k/images/heldout/H003757.png,data/corrupted/100k_blur_15x15_s5/heldout/H003757.png,3572
214406,3572,H003758,data/splits/100k/images/heldout/H003758.png,data/corrupted/100k_blur_15x15_s5/heldout/H003758.png,3572
214395,3572,H003759,data/splits/100k/images/heldout/H003759.png,data/corrupted/100k_blur_15x15_s5/heldout/H003759.png,3572
296506,5345,H003760,data/splits/100k/images/heldout/H003760.png,data/corrupted/100k_blur_15x15_s5/heldout/H003760.png,5345
296448,5345,H003761,data/splits/100k/images/heldout/H003761.png,data/corrupted/100k_blur_15x15_s5/heldout/H003761.png,5345
296471,5345,H003762,data/splits/100k/images/heldout/H003762.png,data/corrupted/100k_blur_15x15_s5/heldout/H003762.png,5345
296456,5345,H003763,data/splits/100k/images/heldout/H003763.png,data/corrupted/100k_blur_15x15_s5/heldout/H003763.png,5345
320403,5882,H003764,data/splits/100k/images/heldout/H003764.png,data/corrupted/100k_blur_15x15_s5/heldout/H003764.png,5882
320387,5882,H003765,data/splits/100k/images/heldout/H003765.png,data/corrupted/100k_blur_15x15_s5/heldout/H003765.png,5882
320404,5882,H003766,data/splits/100k/images/heldout/H003766.png,data/corrupted/100k_blur_15x15_s5/heldout/H003766.png,5882
320390,5882,H003767,data/splits/100k/images/heldout/H003767.png,data/corrupted/100k_blur_15x15_s5/heldout/H003767.png,5882
334798,6196,H003768,data/splits/100k/images/heldout/H003768.png,data/corrupted/100k_blur_15x15_s5/heldout/H003768.png,6196
334872,6196,H003769,data/splits/100k/images/heldout/H003769.png,data/corrupted/100k_blur_15x15_s5/heldout/H003769.png,6196
334850,6196,H003770,data/splits/100k/images/heldout/H003770.png,data/corrupted/100k_blur_15x15_s5/heldout/H003770.png,6196
334810,6196,H003771,data/splits/100k/images/heldout/H003771.png,data/corrupted/100k_blur_15x15_s5/heldout/H003771.png,6196
339512,6299,H003772,data/splits/100k/images/heldout/H003772.png,data/corrupted/100k_blur_15x15_s5/heldout/H003772.png,6299
339498,6299,H003773,data/splits/100k/images/heldout/H003773.png,data/corrupted/100k_blur_15x15_s5/heldout/H003773.png,6299
339455,6299,H003774,data/splits/100k/images/heldout/H003774.png,data/corrupted/100k_blur_15x15_s5/heldout/H003774.png,6299
339485,6299,H003775,data/splits/100k/images/heldout/H003775.png,data/corrupted/100k_blur_15x15_s5/heldout/H003775.png,6299
364879,6873,H003776,data/splits/100k/images/heldout/H003776.png,data/corrupted/100k_blur_15x15_s5/heldout/H003776.png,6873
364948,6873,H003777,data/splits/100k/images/heldout/H003777.png,data/corrupted/100k_blur_15x15_s5/heldout/H003777.png,6873
364865,6873,H003778,data/splits/100k/images/heldout/H003778.png,data/corrupted/100k_blur_15x15_s5/heldout/H003778.png,6873
364942,6873,H003779,data/splits/100k/images/heldout/H003779.png,data/corrupted/100k_blur_15x15_s5/heldout/H003779.png,6873
420368,8388,H003780,data/splits/100k/images/heldout/H003780.png,data/corrupted/100k_blur_15x15_s5/heldout/H003780.png,8388
420367,8388,H003781,data/splits/100k/images/heldout/H003781.png,data/corrupted/100k_blur_15x15_s5/heldout/H003781.png,8388
420351,8388,H003782,data/splits/100k/images/heldout/H003782.png,data/corrupted/100k_blur_15x15_s5/heldout/H003782.png,8388
420360,8388,H003783,data/splits/100k/images/heldout/H003783.png,data/corrupted/100k_blur_15x15_s5/heldout/H003783.png,8388
434777,8781,H003784,data/splits/100k/images/heldout/H003784.png,data/corrupted/100k_blur_15x15_s5/heldout/H003784.png,8781
434780,8781,H003785,data/splits/100k/images/heldout/H003785.png,data/corrupted/100k_blur_15x15_s5/heldout/H003785.png,8781
434756,8781,H003786,data/splits/100k/images/heldout/H003786.png,data/corrupted/100k_blur_15x15_s5/heldout/H003786.png,8781
434737,8781,H003787,data/splits/100k/images/heldout/H003787.png,data/corrupted/100k_blur_15x15_s5/heldout/H003787.png,8781
13934,89,H003788,data/splits/100k/images/heldout/H003788.png,data/corrupted/100k_blur_15x15_s5/heldout/H003788.png,89
13887,89,H003789,data/splits/100k/images/heldout/H003789.png,data/corrupted/100k_blur_15x15_s5/heldout/H003789.png,89
13915,89,H003790,data/splits/100k/images/heldout/H003790.png,data/corrupted/100k_blur_15x15_s5/heldout/H003790.png,89
13914,89,H003791,data/splits/100k/images/heldout/H003791.png,data/corrupted/100k_blur_15x15_s5/heldout/H003791.png,89
32973,279,H003792,data/splits/100k/images/heldout/H003792.png,data/corrupted/100k_blur_15x15_s5/heldout/H003792.png,279
32999,279,H003793,data/splits/100k/images/heldout/H003793.png,data/corrupted/100k_blur_15x15_s5/heldout/H003793.png,279
33001,279,H003794,data/splits/100k/images/heldout/H003794.png,data/corrupted/100k_blur_15x15_s5/heldout/H003794.png,279
33003,279,H003795,data/splits/100k/images/heldout/H003795.png,data/corrupted/100k_blur_15x15_s5/heldout/H003795.png,279
59543,653,H003796,data/splits/100k/images/heldout/H003796.png,data/corrupted/100k_blur_15x15_s5/heldout/H003796.png,653
59573,653,H003797,data/splits/100k/images/heldout/H003797.png,data/corrupted/100k_blur_15x15_s5/heldout/H003797.png,653
59575,653,H003798,data/splits/100k/images/heldout/H003798.png,data/corrupted/100k_blur_15x15_s5/heldout/H003798.png,653
59514,653,H003799,data/splits/100k/images/heldout/H003799.png,data/corrupted/100k_blur_15x15_s5/heldout/H003799.png,653
93032,1133,H003800,data/splits/100k/images/heldout/H003800.png,data/corrupted/100k_blur_15x15_s5/heldout/H003800.png,1133
93011,1133,H003801,data/splits/100k/images/heldout/H003801.png,data/corrupted/100k_blur_15x15_s5/heldout/H003801.png,1133
93052,1133,H003802,data/splits/100k/images/heldout/H003802.png,data/corrupted/100k_blur_15x15_s5/heldout/H003802.png,1133
93070,1133,H003803,data/splits/100k/images/heldout/H003803.png,data/corrupted/100k_blur_15x15_s5/heldout/H003803.png,1133
282329,5042,H003804,data/splits/100k/images/heldout/H003804.png,data/corrupted/100k_blur_15x15_s5/heldout/H003804.png,5042
282407,5042,H003805,data/splits/100k/images/heldout/H003805.png,data/corrupted/100k_blur_15x15_s5/heldout/H003805.png,5042
282337,5042,H003806,data/splits/100k/images/heldout/H003806.png,data/corrupted/100k_blur_15x15_s5/heldout/H003806.png,5042
282363,5042,H003807,data/splits/100k/images/heldout/H003807.png,data/corrupted/100k_blur_15x15_s5/heldout/H003807.png,5042
296250,5338,H003808,data/splits/100k/images/heldout/H003808.png,data/corrupted/100k_blur_15x15_s5/heldout/H003808.png,5338
296220,5338,H003809,data/splits/100k/images/heldout/H003809.png,data/corrupted/100k_blur_15x15_s5/heldout/H003809.png,5338
296195,5338,H003810,data/splits/100k/images/heldout/H003810.png,data/corrupted/100k_blur_15x15_s5/heldout/H003810.png,5338
296218,5338,H003811,data/splits/100k/images/heldout/H003811.png,data/corrupted/100k_blur_15x15_s5/heldout/H003811.png,5338
434092,8767,H003812,data/splits/100k/images/heldout/H003812.png,data/corrupted/100k_blur_15x15_s5/heldout/H003812.png,8767
434138,8767,H003813,data/splits/100k/images/heldout/H003813.png,data/corrupted/100k_blur_15x15_s5/heldout/H003813.png,8767
434119,8767,H003814,data/splits/100k/images/heldout/H003814.png,data/corrupted/100k_blur_15x15_s5/heldout/H003814.png,8767
434084,8767,H003815,data/splits/100k/images/heldout/H003815.png,data/corrupted/100k_blur_15x15_s5/heldout/H003815.png,8767
446191,9115,H003816,data/splits/100k/images/heldout/H003816.png,data/corrupted/100k_blur_15x15_s5/heldout/H003816.png,9115
446149,9115,H003817,data/splits/100k/images/heldout/H003817.png,data/corrupted/100k_blur_15x15_s5/heldout/H003817.png,9115
446188,9115,H003818,data/splits/100k/images/heldout/H003818.png,data/corrupted/100k_blur_15x15_s5/heldout/H003818.png,9115
446144,9115,H003819,data/splits/100k/images/heldout/H003819.png,data/corrupted/100k_blur_15x15_s5/heldout/H003819.png,9115
462092,9610,H003820,data/splits/100k/images/heldout/H003820.png,data/corrupted/100k_blur_15x15_s5/heldout/H003820.png,9610
462078,9610,H003821,data/splits/100k/images/heldout/H003821.png,data/corrupted/100k_blur_15x15_s5/heldout/H003821.png,9610
462122,9610,H003822,data/splits/100k/images/heldout/H003822.png,data/corrupted/100k_blur_15x15_s5/heldout/H003822.png,9610
462055,9610,H003823,data/splits/100k/images/heldout/H003823.png,data/corrupted/100k_blur_15x15_s5/heldout/H003823.png,9610
5074,29,H003824,data/splits/100k/images/heldout/H003824.png,data/corrupted/100k_blur_15x15_s5/heldout/H003824.png,29
5099,29,H003825,data/splits/100k/images/heldout/H003825.png,data/corrupted/100k_blur_15x15_s5/heldout/H003825.png,29
5082,29,H003826,data/splits/100k/images/heldout/H003826.png,data/corrupted/100k_blur_15x15_s5/heldout/H003826.png,29
5083,29,H003827,data/splits/100k/images/heldout/H003827.png,data/corrupted/100k_blur_15x15_s5/heldout/H003827.png,29
51520,534,H003828,data/splits/100k/images/heldout/H003828.png,data/corrupted/100k_blur_15x15_s5/heldout/H003828.png,534
51556,534,H003829,data/splits/100k/images/heldout/H003829.png,data/corrupted/100k_blur_15x15_s5/heldout/H003829.png,534
51539,534,H003830,data/splits/100k/images/heldout/H003830.png,data/corrupted/100k_blur_15x15_s5/heldout/H003830.png,534
51540,534,H003831,data/splits/100k/images/heldout/H003831.png,data/corrupted/100k_blur_15x15_s5/heldout/H003831.png,534
74740,893,H003832,data/splits/100k/images/heldout/H003832.png,data/corrupted/100k_blur_15x15_s5/heldout/H003832.png,893
74772,893,H003833,data/splits/100k/images/heldout/H003833.png,data/corrupted/100k_blur_15x15_s5/heldout/H003833.png,893
74733,893,H003834,data/splits/100k/images/heldout/H003834.png,data/corrupted/100k_blur_15x15_s5/heldout/H003834.png,893
74728,893,H003835,data/splits/100k/images/heldout/H003835.png,data/corrupted/100k_blur_15x15_s5/heldout/H003835.png,893
79928,968,H003836,data/splits/100k/images/heldout/H003836.png,data/corrupted/100k_blur_15x15_s5/heldout/H003836.png,968
79967,968,H003837,data/splits/100k/images/heldout/H003837.png,data/corrupted/100k_blur_15x15_s5/heldout/H003837.png,968
79934,968,H003838,data/splits/100k/images/heldout/H003838.png,data/corrupted/100k_blur_15x15_s5/heldout/H003838.png,968
79953,968,H003839,data/splits/100k/images/heldout/H003839.png,data/corrupted/100k_blur_15x15_s5/heldout/H003839.png,968
90155,1095,H003840,data/splits/100k/images/heldout/H003840.png,data/corrupted/100k_blur_15x15_s5/heldout/H003840.png,1095
90121,1095,H003841,data/splits/100k/images/heldout/H003841.png,data/corrupted/100k_blur_15x15_s5/heldout/H003841.png,1095
90133,1095,H003842,data/splits/100k/images/heldout/H003842.png,data/corrupted/100k_blur_15x15_s5/heldout/H003842.png,1095
90143,1095,H003843,data/splits/100k/images/heldout/H003843.png,data/corrupted/100k_blur_15x15_s5/heldout/H003843.png,1095
135868,1935,H003844,data/splits/100k/images/heldout/H003844.png,data/corrupted/100k_blur_15x15_s5/heldout/H003844.png,1935
135905,1935,H003845,data/splits/100k/images/heldout/H003845.png,data/corrupted/100k_blur_15x15_s5/heldout/H003845.png,1935
135923,1935,H003846,data/splits/100k/images/heldout/H003846.png,data/corrupted/100k_blur_15x15_s5/heldout/H003846.png,1935
135861,1935,H003847,data/splits/100k/images/heldout/H003847.png,data/corrupted/100k_blur_15x15_s5/heldout/H003847.png,1935
189258,3012,H003848,data/splits/100k/images/heldout/H003848.png,data/corrupted/100k_blur_15x15_s5/heldout/H003848.png,3012
189321,3012,H003849,data/splits/100k/images/heldout/H003849.png,data/corrupted/100k_blur_15x15_s5/heldout/H003849.png,3012
189265,3012,H003850,data/splits/100k/images/heldout/H003850.png,data/corrupted/100k_blur_15x15_s5/heldout/H003850.png,3012
189328,3012,H003851,data/splits/100k/images/heldout/H003851.png,data/corrupted/100k_blur_15x15_s5/heldout/H003851.png,3012
234519,4007,H003852,data/splits/100k/images/heldout/H003852.png,data/corrupted/100k_blur_15x15_s5/heldout/H003852.png,4007
234498,4007,H003853,data/splits/100k/images/heldout/H003853.png,data/corrupted/100k_blur_15x15_s5/heldout/H003853.png,4007
234473,4007,H003854,data/splits/100k/images/heldout/H003854.png,data/corrupted/100k_blur_15x15_s5/heldout/H003854.png,4007
234464,4007,H003855,data/splits/100k/images/heldout/H003855.png,data/corrupted/100k_blur_15x15_s5/heldout/H003855.png,4007
297495,5368,H003856,data/splits/100k/images/heldout/H003856.png,data/corrupted/100k_blur_15x15_s5/heldout/H003856.png,5368
297467,5368,H003857,data/splits/100k/images/heldout/H003857.png,data/corrupted/100k_blur_15x15_s5/heldout/H003857.png,5368
297499,5368,H003858,data/splits/100k/images/heldout/H003858.png,data/corrupted/100k_blur_15x15_s5/heldout/H003858.png,5368
297464,5368,H003859,data/splits/100k/images/heldout/H003859.png,data/corrupted/100k_blur_15x15_s5/heldout/H003859.png,5368
338115,6265,H003860,data/splits/100k/images/heldout/H003860.png,data/corrupted/100k_blur_15x15_s5/heldout/H003860.png,6265
338106,6265,H003861,data/splits/100k/images/heldout/H003861.png,data/corrupted/100k_blur_15x15_s5/heldout/H003861.png,6265
338108,6265,H003862,data/splits/100k/images/heldout/H003862.png,data/corrupted/100k_blur_15x15_s5/heldout/H003862.png,6265
338152,6265,H003863,data/splits/100k/images/heldout/H003863.png,data/corrupted/100k_blur_15x15_s5/heldout/H003863.png,6265
352647,6594,H003864,data/splits/100k/images/heldout/H003864.png,data/corrupted/100k_blur_15x15_s5/heldout/H003864.png,6594
352702,6594,H003865,data/splits/100k/images/heldout/H003865.png,data/corrupted/100k_blur_15x15_s5/heldout/H003865.png,6594
352664,6594,H003866,data/splits/100k/images/heldout/H003866.png,data/corrupted/100k_blur_15x15_s5/heldout/H003866.png,6594
352716,6594,H003867,data/splits/100k/images/heldout/H003867.png,data/corrupted/100k_blur_15x15_s5/heldout/H003867.png,6594
377149,7167,H003868,data/splits/100k/images/heldout/H003868.png,data/corrupted/100k_blur_15x15_s5/heldout/H003868.png,7167
377169,7167,H003869,data/splits/100k/images/heldout/H003869.png,data/corrupted/100k_blur_15x15_s5/heldout/H003869.png,7167
377183,7167,H003870,data/splits/100k/images/heldout/H003870.png,data/corrupted/100k_blur_15x15_s5/heldout/H003870.png,7167
377150,7167,H003871,data/splits/100k/images/heldout/H003871.png,data/corrupted/100k_blur_15x15_s5/heldout/H003871.png,7167
394984,7673,H003872,data/splits/100k/images/heldout/H003872.png,data/corrupted/100k_blur_15x15_s5/heldout/H003872.png,7673
394954,7673,H003873,data/splits/100k/images/heldout/H003873.png,data/corrupted/100k_blur_15x15_s5/heldout/H003873.png,7673
394983,7673,H003874,data/splits/100k/images/heldout/H003874.png,data/corrupted/100k_blur_15x15_s5/heldout/H003874.png,7673
394926,7673,H003875,data/splits/100k/images/heldout/H003875.png,data/corrupted/100k_blur_15x15_s5/heldout/H003875.png,7673
446297,9118,H003876,data/splits/100k/images/heldout/H003876.png,data/corrupted/100k_blur_15x15_s5/heldout/H003876.png,9118
446311,9118,H003877,data/splits/100k/images/heldout/H003877.png,data/corrupted/100k_blur_15x15_s5/heldout/H003877.png,9118
446337,9118,H003878,data/splits/100k/images/heldout/H003878.png,data/corrupted/100k_blur_15x15_s5/heldout/H003878.png,9118
446276,9118,H003879,data/splits/100k/images/heldout/H003879.png,data/corrupted/100k_blur_15x15_s5/heldout/H003879.png,9118
489590,10535,H003880,data/splits/100k/images/heldout/H003880.png,data/corrupted/100k_blur_15x15_s5/heldout/H003880.png,10535
489552,10535,H003881,data/splits/100k/images/heldout/H003881.png,data/corrupted/100k_blur_15x15_s5/heldout/H003881.png,10535
489517,10535,H003882,data/splits/100k/images/heldout/H003882.png,data/corrupted/100k_blur_15x15_s5/heldout/H003882.png,10535
489586,10535,H003883,data/splits/100k/images/heldout/H003883.png,data/corrupted/100k_blur_15x15_s5/heldout/H003883.png,10535
10850,67,H003884,data/splits/100k/images/heldout/H003884.png,data/corrupted/100k_blur_15x15_s5/heldout/H003884.png,67
10896,67,H003885,data/splits/100k/images/heldout/H003885.png,data/corrupted/100k_blur_15x15_s5/heldout/H003885.png,67
10846,67,H003886,data/splits/100k/images/heldout/H003886.png,data/corrupted/100k_blur_15x15_s5/heldout/H003886.png,67
10855,67,H003887,data/splits/100k/images/heldout/H003887.png,data/corrupted/100k_blur_15x15_s5/heldout/H003887.png,67
43912,436,H003888,data/splits/100k/images/heldout/H003888.png,data/corrupted/100k_blur_15x15_s5/heldout/H003888.png,436
43932,436,H003889,data/splits/100k/images/heldout/H003889.png,data/corrupted/100k_blur_15x15_s5/heldout/H003889.png,436
43973,436,H003890,data/splits/100k/images/heldout/H003890.png,data/corrupted/100k_blur_15x15_s5/heldout/H003890.png,436
43891,436,H003891,data/splits/100k/images/heldout/H003891.png,data/corrupted/100k_blur_15x15_s5/heldout/H003891.png,436
50833,529,H003892,data/splits/100k/images/heldout/H003892.png,data/corrupted/100k_blur_15x15_s5/heldout/H003892.png,529
50831,529,H003893,data/splits/100k/images/heldout/H003893.png,data/corrupted/100k_blur_15x15_s5/heldout/H003893.png,529
50876,529,H003894,data/splits/100k/images/heldout/H003894.png,data/corrupted/100k_blur_15x15_s5/heldout/H003894.png,529
50873,529,H003895,data/splits/100k/images/heldout/H003895.png,data/corrupted/100k_blur_15x15_s5/heldout/H003895.png,529
55557,592,H003896,data/splits/100k/images/heldout/H003896.png,data/corrupted/100k_blur_15x15_s5/heldout/H003896.png,592
55520,592,H003897,data/splits/100k/images/heldout/H003897.png,data/corrupted/100k_blur_15x15_s5/heldout/H003897.png,592
55536,592,H003898,data/splits/100k/images/heldout/H003898.png,data/corrupted/100k_blur_15x15_s5/heldout/H003898.png,592
55559,592,H003899,data/splits/100k/images/heldout/H003899.png,data/corrupted/100k_blur_15x15_s5/heldout/H003899.png,592
110723,1385,H003900,data/splits/100k/images/heldout/H003900.png,data/corrupted/100k_blur_15x15_s5/heldout/H003900.png,1385
110679,1385,H003901,data/splits/100k/images/heldout/H003901.png,data/corrupted/100k_blur_15x15_s5/heldout/H003901.png,1385
110686,1385,H003902,data/splits/100k/images/heldout/H003902.png,data/corrupted/100k_blur_15x15_s5/heldout/H003902.png,1385
110676,1385,H003903,data/splits/100k/images/heldout/H003903.png,data/corrupted/100k_blur_15x15_s5/heldout/H003903.png,1385
111267,1399,H003904,data/splits/100k/images/heldout/H003904.png,data/corrupted/100k_blur_15x15_s5/heldout/H003904.png,1399
111328,1399,H003905,data/splits/100k/images/heldout/H003905.png,data/corrupted/100k_blur_15x15_s5/heldout/H003905.png,1399
111302,1399,H003906,data/splits/100k/images/heldout/H003906.png,data/corrupted/100k_blur_15x15_s5/heldout/H003906.png,1399
111300,1399,H003907,data/splits/100k/images/heldout/H003907.png,data/corrupted/100k_blur_15x15_s5/heldout/H003907.png,1399
146021,2136,H003908,data/splits/100k/images/heldout/H003908.png,data/corrupted/100k_blur_15x15_s5/heldout/H003908.png,2136
146047,2136,H003909,data/splits/100k/images/heldout/H003909.png,data/corrupted/100k_blur_15x15_s5/heldout/H003909.png,2136
145990,2136,H003910,data/splits/100k/images/heldout/H003910.png,data/corrupted/100k_blur_15x15_s5/heldout/H003910.png,2136
145968,2136,H003911,data/splits/100k/images/heldout/H003911.png,data/corrupted/100k_blur_15x15_s5/heldout/H003911.png,2136
187023,2964,H003912,data/splits/100k/images/heldout/H003912.png,data/corrupted/100k_blur_15x15_s5/heldout/H003912.png,2964
187031,2964,H003913,data/splits/100k/images/heldout/H003913.png,data/corrupted/100k_blur_15x15_s5/heldout/H003913.png,2964
186991,2964,H003914,data/splits/100k/images/heldout/H003914.png,data/corrupted/100k_blur_15x15_s5/heldout/H003914.png,2964
187036,2964,H003915,data/splits/100k/images/heldout/H003915.png,data/corrupted/100k_blur_15x15_s5/heldout/H003915.png,2964
197914,3208,H003916,data/splits/100k/images/heldout/H003916.png,data/corrupted/100k_blur_15x15_s5/heldout/H003916.png,3208
197882,3208,H003917,data/splits/100k/images/heldout/H003917.png,data/corrupted/100k_blur_15x15_s5/heldout/H003917.png,3208
197870,3208,H003918,data/splits/100k/images/heldout/H003918.png,data/corrupted/100k_blur_15x15_s5/heldout/H003918.png,3208
197854,3208,H003919,data/splits/100k/images/heldout/H003919.png,data/corrupted/100k_blur_15x15_s5/heldout/H003919.png,3208
223951,3767,H003920,data/splits/100k/images/heldout/H003920.png,data/corrupted/100k_blur_15x15_s5/heldout/H003920.png,3767
223892,3767,H003921,data/splits/100k/images/heldout/H003921.png,data/corrupted/100k_blur_15x15_s5/heldout/H003921.png,3767
223947,3767,H003922,data/splits/100k/images/heldout/H003922.png,data/corrupted/100k_blur_15x15_s5/heldout/H003922.png,3767
223880,3767,H003923,data/splits/100k/images/heldout/H003923.png,data/corrupted/100k_blur_15x15_s5/heldout/H003923.png,3767
299515,5419,H003924,data/splits/100k/images/heldout/H003924.png,data/corrupted/100k_blur_15x15_s5/heldout/H003924.png,5419
299520,5419,H003925,data/splits/100k/images/heldout/H003925.png,data/corrupted/100k_blur_15x15_s5/heldout/H003925.png,5419
299473,5419,H003926,data/splits/100k/images/heldout/H003926.png,data/corrupted/100k_blur_15x15_s5/heldout/H003926.png,5419
299516,5419,H003927,data/splits/100k/images/heldout/H003927.png,data/corrupted/100k_blur_15x15_s5/heldout/H003927.png,5419
304162,5514,H003928,data/splits/100k/images/heldout/H003928.png,data/corrupted/100k_blur_15x15_s5/heldout/H003928.png,5514
304127,5514,H003929,data/splits/100k/images/heldout/H003929.png,data/corrupted/100k_blur_15x15_s5/heldout/H003929.png,5514
304095,5514,H003930,data/splits/100k/images/heldout/H003930.png,data/corrupted/100k_blur_15x15_s5/heldout/H003930.png,5514
304090,5514,H003931,data/splits/100k/images/heldout/H003931.png,data/corrupted/100k_blur_15x15_s5/heldout/H003931.png,5514
324906,5984,H003932,data/splits/100k/images/heldout/H003932.png,data/corrupted/100k_blur_15x15_s5/heldout/H003932.png,5984
324881,5984,H003933,data/splits/100k/images/heldout/H003933.png,data/corrupted/100k_blur_15x15_s5/heldout/H003933.png,5984
324879,5984,H003934,data/splits/100k/images/heldout/H003934.png,data/corrupted/100k_blur_15x15_s5/heldout/H003934.png,5984
324884,5984,H003935,data/splits/100k/images/heldout/H003935.png,data/corrupted/100k_blur_15x15_s5/heldout/H003935.png,5984
337085,6237,H003936,data/splits/100k/images/heldout/H003936.png,data/corrupted/100k_blur_15x15_s5/heldout/H003936.png,6237
337076,6237,H003937,data/splits/100k/images/heldout/H003937.png,data/corrupted/100k_blur_15x15_s5/heldout/H003937.png,6237
337050,6237,H003938,data/splits/100k/images/heldout/H003938.png,data/corrupted/100k_blur_15x15_s5/heldout/H003938.png,6237
337062,6237,H003939,data/splits/100k/images/heldout/H003939.png,data/corrupted/100k_blur_15x15_s5/heldout/H003939.png,6237
345467,6405,H003940,data/splits/100k/images/heldout/H003940.png,data/corrupted/100k_blur_15x15_s5/heldout/H003940.png,6405
345440,6405,H003941,data/splits/100k/images/heldout/H003941.png,data/corrupted/100k_blur_15x15_s5/heldout/H003941.png,6405
345428,6405,H003942,data/splits/100k/images/heldout/H003942.png,data/corrupted/100k_blur_15x15_s5/heldout/H003942.png,6405
345449,6405,H003943,data/splits/100k/images/heldout/H003943.png,data/corrupted/100k_blur_15x15_s5/heldout/H003943.png,6405
380458,7269,H003944,data/splits/100k/images/heldout/H003944.png,data/corrupted/100k_blur_15x15_s5/heldout/H003944.png,7269
380429,7269,H003945,data/splits/100k/images/heldout/H003945.png,data/corrupted/100k_blur_15x15_s5/heldout/H003945.png,7269
380378,7269,H003946,data/splits/100k/images/heldout/H003946.png,data/corrupted/100k_blur_15x15_s5/heldout/H003946.png,7269
380384,7269,H003947,data/splits/100k/images/heldout/H003947.png,data/corrupted/100k_blur_15x15_s5/heldout/H003947.png,7269
406814,8007,H003948,data/splits/100k/images/heldout/H003948.png,data/corrupted/100k_blur_15x15_s5/heldout/H003948.png,8007
406849,8007,H003949,data/splits/100k/images/heldout/H003949.png,data/corrupted/100k_blur_15x15_s5/heldout/H003949.png,8007
406875,8007,H003950,data/splits/100k/images/heldout/H003950.png,data/corrupted/100k_blur_15x15_s5/heldout/H003950.png,8007
406860,8007,H003951,data/splits/100k/images/heldout/H003951.png,data/corrupted/100k_blur_15x15_s5/heldout/H003951.png,8007
19697,155,H003952,data/splits/100k/images/heldout/H003952.png,data/corrupted/100k_blur_15x15_s5/heldout/H003952.png,155
19736,155,H003953,data/splits/100k/images/heldout/H003953.png,data/corrupted/100k_blur_15x15_s5/heldout/H003953.png,155
19719,155,H003954,data/splits/100k/images/heldout/H003954.png,data/corrupted/100k_blur_15x15_s5/heldout/H003954.png,155
19702,155,H003955,data/splits/100k/images/heldout/H003955.png,data/corrupted/100k_blur_15x15_s5/heldout/H003955.png,155
35458,314,H003956,data/splits/100k/images/heldout/H003956.png,data/corrupted/100k_blur_15x15_s5/heldout/H003956.png,314
35440,314,H003957,data/splits/100k/images/heldout/H003957.png,data/corrupted/100k_blur_15x15_s5/heldout/H003957.png,314
35479,314,H003958,data/splits/100k/images/heldout/H003958.png,data/corrupted/100k_blur_15x15_s5/heldout/H003958.png,314
35456,314,H003959,data/splits/100k/images/heldout/H003959.png,data/corrupted/100k_blur_15x15_s5/heldout/H003959.png,314
51132,531,H003960,data/splits/100k/images/heldout/H003960.png,data/corrupted/100k_blur_15x15_s5/heldout/H003960.png,531
51109,531,H003961,data/splits/100k/images/heldout/H003961.png,data/corrupted/100k_blur_15x15_s5/heldout/H003961.png,531
51112,531,H003962,data/splits/100k/images/heldout/H003962.png,data/corrupted/100k_blur_15x15_s5/heldout/H003962.png,531
51160,531,H003963,data/splits/100k/images/heldout/H003963.png,data/corrupted/100k_blur_15x15_s5/heldout/H003963.png,531
65309,748,H003964,data/splits/100k/images/heldout/H003964.png,data/corrupted/100k_blur_15x15_s5/heldout/H003964.png,748
65291,748,H003965,data/splits/100k/images/heldout/H003965.png,data/corrupted/100k_blur_15x15_s5/heldout/H003965.png,748
65272,748,H003966,data/splits/100k/images/heldout/H003966.png,data/corrupted/100k_blur_15x15_s5/heldout/H003966.png,748
65281,748,H003967,data/splits/100k/images/heldout/H003967.png,data/corrupted/100k_blur_15x15_s5/heldout/H003967.png,748
84453,1020,H003968,data/splits/100k/images/heldout/H003968.png,data/corrupted/100k_blur_15x15_s5/heldout/H003968.png,1020
84421,1020,H003969,data/splits/100k/images/heldout/H003969.png,data/corrupted/100k_blur_15x15_s5/heldout/H003969.png,1020
84395,1020,H003970,data/splits/100k/images/heldout/H003970.png,data/corrupted/100k_blur_15x15_s5/heldout/H003970.png,1020
84377,1020,H003971,data/splits/100k/images/heldout/H003971.png,data/corrupted/100k_blur_15x15_s5/heldout/H003971.png,1020
120882,1610,H003972,data/splits/100k/images/heldout/H003972.png,data/corrupted/100k_blur_15x15_s5/heldout/H003972.png,1610
120881,1610,H003973,data/splits/100k/images/heldout/H003973.png,data/corrupted/100k_blur_15x15_s5/heldout/H003973.png,1610
120862,1610,H003974,data/splits/100k/images/heldout/H003974.png,data/corrupted/100k_blur_15x15_s5/heldout/H003974.png,1610
120892,1610,H003975,data/splits/100k/images/heldout/H003975.png,data/corrupted/100k_blur_15x15_s5/heldout/H003975.png,1610
121432,1626,H003976,data/splits/100k/images/heldout/H003976.png,data/corrupted/100k_blur_15x15_s5/heldout/H003976.png,1626
121349,1626,H003977,data/splits/100k/images/heldout/H003977.png,data/corrupted/100k_blur_15x15_s5/heldout/H003977.png,1626
121379,1626,H003978,data/splits/100k/images/heldout/H003978.png,data/corrupted/100k_blur_15x15_s5/heldout/H003978.png,1626
121402,1626,H003979,data/splits/100k/images/heldout/H003979.png,data/corrupted/100k_blur_15x15_s5/heldout/H003979.png,1626
195281,3143,H003980,data/splits/100k/images/heldout/H003980.png,data/corrupted/100k_blur_15x15_s5/heldout/H003980.png,3143
195250,3143,H003981,data/splits/100k/images/heldout/H003981.png,data/corrupted/100k_blur_15x15_s5/heldout/H003981.png,3143
195279,3143,H003982,data/splits/100k/images/heldout/H003982.png,data/corrupted/100k_blur_15x15_s5/heldout/H003982.png,3143
195256,3143,H003983,data/splits/100k/images/heldout/H003983.png,data/corrupted/100k_blur_15x15_s5/heldout/H003983.png,3143
209788,3457,H003984,data/splits/100k/images/heldout/H003984.png,data/corrupted/100k_blur_15x15_s5/heldout/H003984.png,3457
209782,3457,H003985,data/splits/100k/images/heldout/H003985.png,data/corrupted/100k_blur_15x15_s5/heldout/H003985.png,3457
209828,3457,H003986,data/splits/100k/images/heldout/H003986.png,data/corrupted/100k_blur_15x15_s5/heldout/H003986.png,3457
209810,3457,H003987,data/splits/100k/images/heldout/H003987.png,data/corrupted/100k_blur_15x15_s5/heldout/H003987.png,3457
266667,4689,H003988,data/splits/100k/images/heldout/H003988.png,data/corrupted/100k_blur_15x15_s5/heldout/H003988.png,4689
266654,4689,H003989,data/splits/100k/images/heldout/H003989.png,data/corrupted/100k_blur_15x15_s5/heldout/H003989.png,4689
266603,4689,H003990,data/splits/100k/images/heldout/H003990.png,data/corrupted/100k_blur_15x15_s5/heldout/H003990.png,4689
266661,4689,H003991,data/splits/100k/images/heldout/H003991.png,data/corrupted/100k_blur_15x15_s5/heldout/H003991.png,4689
334782,6195,H003992,data/splits/100k/images/heldout/H003992.png,data/corrupted/100k_blur_15x15_s5/heldout/H003992.png,6195
334731,6195,H003993,data/splits/100k/images/heldout/H003993.png,data/corrupted/100k_blur_15x15_s5/heldout/H003993.png,6195
334755,6195,H003994,data/splits/100k/images/heldout/H003994.png,data/corrupted/100k_blur_15x15_s5/heldout/H003994.png,6195
334693,6195,H003995,data/splits/100k/images/heldout/H003995.png,data/corrupted/100k_blur_15x15_s5/heldout/H003995.png,6195
337890,6261,H003996,data/splits/100k/images/heldout/H003996.png,data/corrupted/100k_blur_15x15_s5/heldout/H003996.png,6261
337872,6261,H003997,data/splits/100k/images/heldout/H003997.png,data/corrupted/100k_blur_15x15_s5/heldout/H003997.png,6261
337919,6261,H003998,data/splits/100k/images/heldout/H003998.png,data/corrupted/100k_blur_15x15_s5/heldout/H003998.png,6261
337874,6261,H003999,data/splits/100k/images/heldout/H003999.png,data/corrupted/100k_blur_15x15_s5/heldout/H003999.png,6261
393004,7615,H004000,data/splits/100k/images/heldout/H004000.png,data/corrupted/100k_blur_15x15_s5/heldout/H004000.png,7615
393018,7615,H004001,data/splits/100k/images/heldout/H004001.png,data/corrupted/100k_blur_15x15_s5/heldout/H004001.png,7615
393051,7615,H004002,data/splits/100k/images/heldout/H004002.png,data/corrupted/100k_blur_15x15_s5/heldout/H004002.png,7615
393040,7615,H004003,data/splits/100k/images/heldout/H004003.png,data/corrupted/100k_blur_15x15_s5/heldout/H004003.png,7615
423392,8470,H004004,data/splits/100k/images/heldout/H004004.png,data/corrupted/100k_blur_15x15_s5/heldout/H004004.png,8470
423423,8470,H004005,data/splits/100k/images/heldout/H004005.png,data/corrupted/100k_blur_15x15_s5/heldout/H004005.png,8470
423350,8470,H004006,data/splits/100k/images/heldout/H004006.png,data/corrupted/100k_blur_15x15_s5/heldout/H004006.png,8470
423343,8470,H004007,data/splits/100k/images/heldout/H004007.png,data/corrupted/100k_blur_15x15_s5/heldout/H004007.png,8470
437969,8861,H004008,data/splits/100k/images/heldout/H004008.png,data/corrupted/100k_blur_15x15_s5/heldout/H004008.png,8861
437981,8861,H004009,data/splits/100k/images/heldout/H004009.png,data/corrupted/100k_blur_15x15_s5/heldout/H004009.png,8861
437995,8861,H004010,data/splits/100k/images/heldout/H004010.png,data/corrupted/100k_blur_15x15_s5/heldout/H004010.png,8861
437951,8861,H004011,data/splits/100k/images/heldout/H004011.png,data/corrupted/100k_blur_15x15_s5/heldout/H004011.png,8861
439912,8922,H004012,data/splits/100k/images/heldout/H004012.png,data/corrupted/100k_blur_15x15_s5/heldout/H004012.png,8922
439940,8922,H004013,data/splits/100k/images/heldout/H004013.png,data/corrupted/100k_blur_15x15_s5/heldout/H004013.png,8922
439955,8922,H004014,data/splits/100k/images/heldout/H004014.png,data/corrupted/100k_blur_15x15_s5/heldout/H004014.png,8922
439946,8922,H004015,data/splits/100k/images/heldout/H004015.png,data/corrupted/100k_blur_15x15_s5/heldout/H004015.png,8922
37750,351,H004016,data/splits/100k/images/heldout/H004016.png,data/corrupted/100k_blur_15x15_s5/heldout/H004016.png,351
37735,351,H004017,data/splits/100k/images/heldout/H004017.png,data/corrupted/100k_blur_15x15_s5/heldout/H004017.png,351
37686,351,H004018,data/splits/100k/images/heldout/H004018.png,data/corrupted/100k_blur_15x15_s5/heldout/H004018.png,351
37718,351,H004019,data/splits/100k/images/heldout/H004019.png,data/corrupted/100k_blur_15x15_s5/heldout/H004019.png,351
47531,480,H004020,data/splits/100k/images/heldout/H004020.png,data/corrupted/100k_blur_15x15_s5/heldout/H004020.png,480
47465,480,H004021,data/splits/100k/images/heldout/H004021.png,data/corrupted/100k_blur_15x15_s5/heldout/H004021.png,480
47473,480,H004022,data/splits/100k/images/heldout/H004022.png,data/corrupted/100k_blur_15x15_s5/heldout/H004022.png,480
47537,480,H004023,data/splits/100k/images/heldout/H004023.png,data/corrupted/100k_blur_15x15_s5/heldout/H004023.png,480
55750,596,H004024,data/splits/100k/images/heldout/H004024.png,data/corrupted/100k_blur_15x15_s5/heldout/H004024.png,596
55762,596,H004025,data/splits/100k/images/heldout/H004025.png,data/corrupted/100k_blur_15x15_s5/heldout/H004025.png,596
55753,596,H004026,data/splits/100k/images/heldout/H004026.png,data/corrupted/100k_blur_15x15_s5/heldout/H004026.png,596
55836,596,H004027,data/splits/100k/images/heldout/H004027.png,data/corrupted/100k_blur_15x15_s5/heldout/H004027.png,596
157646,2385,H004028,data/splits/100k/images/heldout/H004028.png,data/corrupted/100k_blur_15x15_s5/heldout/H004028.png,2385
157683,2385,H004029,data/splits/100k/images/heldout/H004029.png,data/corrupted/100k_blur_15x15_s5/heldout/H004029.png,2385
157689,2385,H004030,data/splits/100k/images/heldout/H004030.png,data/corrupted/100k_blur_15x15_s5/heldout/H004030.png,2385
157633,2385,H004031,data/splits/100k/images/heldout/H004031.png,data/corrupted/100k_blur_15x15_s5/heldout/H004031.png,2385
163180,2484,H004032,data/splits/100k/images/heldout/H004032.png,data/corrupted/100k_blur_15x15_s5/heldout/H004032.png,2484
163177,2484,H004033,data/splits/100k/images/heldout/H004033.png,data/corrupted/100k_blur_15x15_s5/heldout/H004033.png,2484
163235,2484,H004034,data/splits/100k/images/heldout/H004034.png,data/corrupted/100k_blur_15x15_s5/heldout/H004034.png,2484
163186,2484,H004035,data/splits/100k/images/heldout/H004035.png,data/corrupted/100k_blur_15x15_s5/heldout/H004035.png,2484
204546,3361,H004036,data/splits/100k/images/heldout/H004036.png,data/corrupted/100k_blur_15x15_s5/heldout/H004036.png,3361
204541,3361,H004037,data/splits/100k/images/heldout/H004037.png,data/corrupted/100k_blur_15x15_s5/heldout/H004037.png,3361
204534,3361,H004038,data/splits/100k/images/heldout/H004038.png,data/corrupted/100k_blur_15x15_s5/heldout/H004038.png,3361
204474,3361,H004039,data/splits/100k/images/heldout/H004039.png,data/corrupted/100k_blur_15x15_s5/heldout/H004039.png,3361
222519,3743,H004040,data/splits/100k/images/heldout/H004040.png,data/corrupted/100k_blur_15x15_s5/heldout/H004040.png,3743
222517,3743,H004041,data/splits/100k/images/heldout/H004041.png,data/corrupted/100k_blur_15x15_s5/heldout/H004041.png,3743
222476,3743,H004042,data/splits/100k/images/heldout/H004042.png,data/corrupted/100k_blur_15x15_s5/heldout/H004042.png,3743
222522,3743,H004043,data/splits/100k/images/heldout/H004043.png,data/corrupted/100k_blur_15x15_s5/heldout/H004043.png,3743
226200,3818,H004044,data/splits/100k/images/heldout/H004044.png,data/corrupted/100k_blur_15x15_s5/heldout/H004044.png,3818
226139,3818,H004045,data/splits/100k/images/heldout/H004045.png,data/corrupted/100k_blur_15x15_s5/heldout/H004045.png,3818
226133,3818,H004046,data/splits/100k/images/heldout/H004046.png,data/corrupted/100k_blur_15x15_s5/heldout/H004046.png,3818
226202,3818,H004047,data/splits/100k/images/heldout/H004047.png,data/corrupted/100k_blur_15x15_s5/heldout/H004047.png,3818
248498,4294,H004048,data/splits/100k/images/heldout/H004048.png,data/corrupted/100k_blur_15x15_s5/heldout/H004048.png,4294
248530,4294,H004049,data/splits/100k/images/heldout/H004049.png,data/corrupted/100k_blur_15x15_s5/heldout/H004049.png,4294
248518,4294,H004050,data/splits/100k/images/heldout/H004050.png,data/corrupted/100k_blur_15x15_s5/heldout/H004050.png,4294
248526,4294,H004051,data/splits/100k/images/heldout/H004051.png,data/corrupted/100k_blur_15x15_s5/heldout/H004051.png,4294
267877,4711,H004052,data/splits/100k/images/heldout/H004052.png,data/corrupted/100k_blur_15x15_s5/heldout/H004052.png,4711
267848,4711,H004053,data/splits/100k/images/heldout/H004053.png,data/corrupted/100k_blur_15x15_s5/heldout/H004053.png,4711
267866,4711,H004054,data/splits/100k/images/heldout/H004054.png,data/corrupted/100k_blur_15x15_s5/heldout/H004054.png,4711
267821,4711,H004055,data/splits/100k/images/heldout/H004055.png,data/corrupted/100k_blur_15x15_s5/heldout/H004055.png,4711
288818,5178,H004056,data/splits/100k/images/heldout/H004056.png,data/corrupted/100k_blur_15x15_s5/heldout/H004056.png,5178
288825,5178,H004057,data/splits/100k/images/heldout/H004057.png,data/corrupted/100k_blur_15x15_s5/heldout/H004057.png,5178
288754,5178,H004058,data/splits/100k/images/heldout/H004058.png,data/corrupted/100k_blur_15x15_s5/heldout/H004058.png,5178
288752,5178,H004059,data/splits/100k/images/heldout/H004059.png,data/corrupted/100k_blur_15x15_s5/heldout/H004059.png,5178
423704,8480,H004060,data/splits/100k/images/heldout/H004060.png,data/corrupted/100k_blur_15x15_s5/heldout/H004060.png,8480
423747,8480,H004061,data/splits/100k/images/heldout/H004061.png,data/corrupted/100k_blur_15x15_s5/heldout/H004061.png,8480
423763,8480,H004062,data/splits/100k/images/heldout/H004062.png,data/corrupted/100k_blur_15x15_s5/heldout/H004062.png,8480
423729,8480,H004063,data/splits/100k/images/heldout/H004063.png,data/corrupted/100k_blur_15x15_s5/heldout/H004063.png,8480
438333,8871,H004064,data/splits/100k/images/heldout/H004064.png,data/corrupted/100k_blur_15x15_s5/heldout/H004064.png,8871
438358,8871,H004065,data/splits/100k/images/heldout/H004065.png,data/corrupted/100k_blur_15x15_s5/heldout/H004065.png,8871
438344,8871,H004066,data/splits/100k/images/heldout/H004066.png,data/corrupted/100k_blur_15x15_s5/heldout/H004066.png,8871
438391,8871,H004067,data/splits/100k/images/heldout/H004067.png,data/corrupted/100k_blur_15x15_s5/heldout/H004067.png,8871
440674,8943,H004068,data/splits/100k/images/heldout/H004068.png,data/corrupted/100k_blur_15x15_s5/heldout/H004068.png,8943
440630,8943,H004069,data/splits/100k/images/heldout/H004069.png,data/corrupted/100k_blur_15x15_s5/heldout/H004069.png,8943
440660,8943,H004070,data/splits/100k/images/heldout/H004070.png,data/corrupted/100k_blur_15x15_s5/heldout/H004070.png,8943
440634,8943,H004071,data/splits/100k/images/heldout/H004071.png,data/corrupted/100k_blur_15x15_s5/heldout/H004071.png,8943
446644,9124,H004072,data/splits/100k/images/heldout/H004072.png,data/corrupted/100k_blur_15x15_s5/heldout/H004072.png,9124
446600,9124,H004073,data/splits/100k/images/heldout/H004073.png,data/corrupted/100k_blur_15x15_s5/heldout/H004073.png,9124
446595,9124,H004074,data/splits/100k/images/heldout/H004074.png,data/corrupted/100k_blur_15x15_s5/heldout/H004074.png,9124
446608,9124,H004075,data/splits/100k/images/heldout/H004075.png,data/corrupted/100k_blur_15x15_s5/heldout/H004075.png,9124
448232,9181,H004076,data/splits/100k/images/heldout/H004076.png,data/corrupted/100k_blur_15x15_s5/heldout/H004076.png,9181
448179,9181,H004077,data/splits/100k/images/heldout/H004077.png,data/corrupted/100k_blur_15x15_s5/heldout/H004077.png,9181
448268,9181,H004078,data/splits/100k/images/heldout/H004078.png,data/corrupted/100k_blur_15x15_s5/heldout/H004078.png,9181
448191,9181,H004079,data/splits/100k/images/heldout/H004079.png,data/corrupted/100k_blur_15x15_s5/heldout/H004079.png,9181
463051,9638,H004080,data/splits/100k/images/heldout/H004080.png,data/corrupted/100k_blur_15x15_s5/heldout/H004080.png,9638
463022,9638,H004081,data/splits/100k/images/heldout/H004081.png,data/corrupted/100k_blur_15x15_s5/heldout/H004081.png,9638
463050,9638,H004082,data/splits/100k/images/heldout/H004082.png,data/corrupted/100k_blur_15x15_s5/heldout/H004082.png,9638
463074,9638,H004083,data/splits/100k/images/heldout/H004083.png,data/corrupted/100k_blur_15x15_s5/heldout/H004083.png,9638
45694,462,H004084,data/splits/100k/images/heldout/H004084.png,data/corrupted/100k_blur_15x15_s5/heldout/H004084.png,462
45664,462,H004085,data/splits/100k/images/heldout/H004085.png,data/corrupted/100k_blur_15x15_s5/heldout/H004085.png,462
45625,462,H004086,data/splits/100k/images/heldout/H004086.png,data/corrupted/100k_blur_15x15_s5/heldout/H004086.png,462
45639,462,H004087,data/splits/100k/images/heldout/H004087.png,data/corrupted/100k_blur_15x15_s5/heldout/H004087.png,462
58338,632,H004088,data/splits/100k/images/heldout/H004088.png,data/corrupted/100k_blur_15x15_s5/heldout/H004088.png,632
58344,632,H004089,data/splits/100k/images/heldout/H004089.png,data/corrupted/100k_blur_15x15_s5/heldout/H004089.png,632
58296,632,H004090,data/splits/100k/images/heldout/H004090.png,data/corrupted/100k_blur_15x15_s5/heldout/H004090.png,632
58347,632,H004091,data/splits/100k/images/heldout/H004091.png,data/corrupted/100k_blur_15x15_s5/heldout/H004091.png,632
76383,921,H004092,data/splits/100k/images/heldout/H004092.png,data/corrupted/100k_blur_15x15_s5/heldout/H004092.png,921
76369,921,H004093,data/splits/100k/images/heldout/H004093.png,data/corrupted/100k_blur_15x15_s5/heldout/H004093.png,921
76384,921,H004094,data/splits/100k/images/heldout/H004094.png,data/corrupted/100k_blur_15x15_s5/heldout/H004094.png,921
76404,921,H004095,data/splits/100k/images/heldout/H004095.png,data/corrupted/100k_blur_15x15_s5/heldout/H004095.png,921
85157,1031,H004096,data/splits/100k/images/heldout/H004096.png,data/corrupted/100k_blur_15x15_s5/heldout/H004096.png,1031
85152,1031,H004097,data/splits/100k/images/heldout/H004097.png,data/corrupted/100k_blur_15x15_s5/heldout/H004097.png,1031
85149,1031,H004098,data/splits/100k/images/heldout/H004098.png,data/corrupted/100k_blur_15x15_s5/heldout/H004098.png,1031
85156,1031,H004099,data/splits/100k/images/heldout/H004099.png,data/corrupted/100k_blur_15x15_s5/heldout/H004099.png,1031
92363,1125,H004100,data/splits/100k/images/heldout/H004100.png,data/corrupted/100k_blur_15x15_s5/heldout/H004100.png,1125
92374,1125,H004101,data/splits/100k/images/heldout/H004101.png,data/corrupted/100k_blur_15x15_s5/heldout/H004101.png,1125
92356,1125,H004102,data/splits/100k/images/heldout/H004102.png,data/corrupted/100k_blur_15x15_s5/heldout/H004102.png,1125
92364,1125,H004103,data/splits/100k/images/heldout/H004103.png,data/corrupted/100k_blur_15x15_s5/heldout/H004103.png,1125
136597,1954,H004104,data/splits/100k/images/heldout/H004104.png,data/corrupted/100k_blur_15x15_s5/heldout/H004104.png,1954
136590,1954,H004105,data/splits/100k/images/heldout/H004105.png,data/corrupted/100k_blur_15x15_s5/heldout/H004105.png,1954
136596,1954,H004106,data/splits/100k/images/heldout/H004106.png,data/corrupted/100k_blur_15x15_s5/heldout/H004106.png,1954
136605,1954,H004107,data/splits/100k/images/heldout/H004107.png,data/corrupted/100k_blur_15x15_s5/heldout/H004107.png,1954
167221,2567,H004108,data/splits/100k/images/heldout/H004108.png,data/corrupted/100k_blur_15x15_s5/heldout/H004108.png,2567
167256,2567,H004109,data/splits/100k/images/heldout/H004109.png,data/corrupted/100k_blur_15x15_s5/heldout/H004109.png,2567
167190,2567,H004110,data/splits/100k/images/heldout/H004110.png,data/corrupted/100k_blur_15x15_s5/heldout/H004110.png,2567
167188,2567,H004111,data/splits/100k/images/heldout/H004111.png,data/corrupted/100k_blur_15x15_s5/heldout/H004111.png,2567
184211,2897,H004112,data/splits/100k/images/heldout/H004112.png,data/corrupted/100k_blur_15x15_s5/heldout/H004112.png,2897
184244,2897,H004113,data/splits/100k/images/heldout/H004113.png,data/corrupted/100k_blur_15x15_s5/heldout/H004113.png,2897
184213,2897,H004114,data/splits/100k/images/heldout/H004114.png,data/corrupted/100k_blur_15x15_s5/heldout/H004114.png,2897
184216,2897,H004115,data/splits/100k/images/heldout/H004115.png,data/corrupted/100k_blur_15x15_s5/heldout/H004115.png,2897
209916,3459,H004116,data/splits/100k/images/heldout/H004116.png,data/corrupted/100k_blur_15x15_s5/heldout/H004116.png,3459
209859,3459,H004117,data/splits/100k/images/heldout/H004117.png,data/corrupted/100k_blur_15x15_s5/heldout/H004117.png,3459
209930,3459,H004118,data/splits/100k/images/heldout/H004118.png,data/corrupted/100k_blur_15x15_s5/heldout/H004118.png,3459
209880,3459,H004119,data/splits/100k/images/heldout/H004119.png,data/corrupted/100k_blur_15x15_s5/heldout/H004119.png,3459
217650,3645,H004120,data/splits/100k/images/heldout/H004120.png,data/corrupted/100k_blur_15x15_s5/heldout/H004120.png,3645
217730,3645,H004121,data/splits/100k/images/heldout/H004121.png,data/corrupted/100k_blur_15x15_s5/heldout/H004121.png,3645
217686,3645,H004122,data/splits/100k/images/heldout/H004122.png,data/corrupted/100k_blur_15x15_s5/heldout/H004122.png,3645
217706,3645,H004123,data/splits/100k/images/heldout/H004123.png,data/corrupted/100k_blur_15x15_s5/heldout/H004123.png,3645
233191,3983,H004124,data/splits/100k/images/heldout/H004124.png,data/corrupted/100k_blur_15x15_s5/heldout/H004124.png,3983
233164,3983,H004125,data/splits/100k/images/heldout/H004125.png,data/corrupted/100k_blur_15x15_s5/heldout/H004125.png,3983
233175,3983,H004126,data/splits/100k/images/heldout/H004126.png,data/corrupted/100k_blur_15x15_s5/heldout/H004126.png,3983
233177,3983,H004127,data/splits/100k/images/heldout/H004127.png,data/corrupted/100k_blur_15x15_s5/heldout/H004127.png,3983
252881,4375,H004128,data/splits/100k/images/heldout/H004128.png,data/corrupted/100k_blur_15x15_s5/heldout/H004128.png,4375
252896,4375,H004129,data/splits/100k/images/heldout/H004129.png,data/corrupted/100k_blur_15x15_s5/heldout/H004129.png,4375
252891,4375,H004130,data/splits/100k/images/heldout/H004130.png,data/corrupted/100k_blur_15x15_s5/heldout/H004130.png,4375
252917,4375,H004131,data/splits/100k/images/heldout/H004131.png,data/corrupted/100k_blur_15x15_s5/heldout/H004131.png,4375
260199,4523,H004132,data/splits/100k/images/heldout/H004132.png,data/corrupted/100k_blur_15x15_s5/heldout/H004132.png,4523
260177,4523,H004133,data/splits/100k/images/heldout/H004133.png,data/corrupted/100k_blur_15x15_s5/heldout/H004133.png,4523
260209,4523,H004134,data/splits/100k/images/heldout/H004134.png,data/corrupted/100k_blur_15x15_s5/heldout/H004134.png,4523
260194,4523,H004135,data/splits/100k/images/heldout/H004135.png,data/corrupted/100k_blur_15x15_s5/heldout/H004135.png,4523
307731,5589,H004136,data/splits/100k/images/heldout/H004136.png,data/corrupted/100k_blur_15x15_s5/heldout/H004136.png,5589
307727,5589,H004137,data/splits/100k/images/heldout/H004137.png,data/corrupted/100k_blur_15x15_s5/heldout/H004137.png,5589
307661,5589,H004138,data/splits/100k/images/heldout/H004138.png,data/corrupted/100k_blur_15x15_s5/heldout/H004138.png,5589
307744,5589,H004139,data/splits/100k/images/heldout/H004139.png,data/corrupted/100k_blur_15x15_s5/heldout/H004139.png,5589
334986,6198,H004140,data/splits/100k/images/heldout/H004140.png,data/corrupted/100k_blur_15x15_s5/heldout/H004140.png,6198
334950,6198,H004141,data/splits/100k/images/heldout/H004141.png,data/corrupted/100k_blur_15x15_s5/heldout/H004141.png,6198
334973,6198,H004142,data/splits/100k/images/heldout/H004142.png,data/corrupted/100k_blur_15x15_s5/heldout/H004142.png,6198
334971,6198,H004143,data/splits/100k/images/heldout/H004143.png,data/corrupted/100k_blur_15x15_s5/heldout/H004143.png,6198
349643,6509,H004144,data/splits/100k/images/heldout/H004144.png,data/corrupted/100k_blur_15x15_s5/heldout/H004144.png,6509
349642,6509,H004145,data/splits/100k/images/heldout/H004145.png,data/corrupted/100k_blur_15x15_s5/heldout/H004145.png,6509
349664,6509,H004146,data/splits/100k/images/heldout/H004146.png,data/corrupted/100k_blur_15x15_s5/heldout/H004146.png,6509
349613,6509,H004147,data/splits/100k/images/heldout/H004147.png,data/corrupted/100k_blur_15x15_s5/heldout/H004147.png,6509
356192,6675,H004148,data/splits/100k/images/heldout/H004148.png,data/corrupted/100k_blur_15x15_s5/heldout/H004148.png,6675
356203,6675,H004149,data/splits/100k/images/heldout/H004149.png,data/corrupted/100k_blur_15x15_s5/heldout/H004149.png,6675
356165,6675,H004150,data/splits/100k/images/heldout/H004150.png,data/corrupted/100k_blur_15x15_s5/heldout/H004150.png,6675
356159,6675,H004151,data/splits/100k/images/heldout/H004151.png,data/corrupted/100k_blur_15x15_s5/heldout/H004151.png,6675
382072,7316,H004152,data/splits/100k/images/heldout/H004152.png,data/corrupted/100k_blur_15x15_s5/heldout/H004152.png,7316
381997,7316,H004153,data/splits/100k/images/heldout/H004153.png,data/corrupted/100k_blur_15x15_s5/heldout/H004153.png,7316
382008,7316,H004154,data/splits/100k/images/heldout/H004154.png,data/corrupted/100k_blur_15x15_s5/heldout/H004154.png,7316
382030,7316,H004155,data/splits/100k/images/heldout/H004155.png,data/corrupted/100k_blur_15x15_s5/heldout/H004155.png,7316
383705,7357,H004156,data/splits/100k/images/heldout/H004156.png,data/corrupted/100k_blur_15x15_s5/heldout/H004156.png,7357
383713,7357,H004157,data/splits/100k/images/heldout/H004157.png,data/corrupted/100k_blur_15x15_s5/heldout/H004157.png,7357
383667,7357,H004158,data/splits/100k/images/heldout/H004158.png,data/corrupted/100k_blur_15x15_s5/heldout/H004158.png,7357
383704,7357,H004159,data/splits/100k/images/heldout/H004159.png,data/corrupted/100k_blur_15x15_s5/heldout/H004159.png,7357
430994,8687,H004160,data/splits/100k/images/heldout/H004160.png,data/corrupted/100k_blur_15x15_s5/heldout/H004160.png,8687
431000,8687,H004161,data/splits/100k/images/heldout/H004161.png,data/corrupted/100k_blur_15x15_s5/heldout/H004161.png,8687
430981,8687,H004162,data/splits/100k/images/heldout/H004162.png,data/corrupted/100k_blur_15x15_s5/heldout/H004162.png,8687
430997,8687,H004163,data/splits/100k/images/heldout/H004163.png,data/corrupted/100k_blur_15x15_s5/heldout/H004163.png,8687
110794,1388,H004164,data/splits/100k/images/heldout/H004164.png,data/corrupted/100k_blur_15x15_s5/heldout/H004164.png,1388
110815,1388,H004165,data/splits/100k/images/heldout/H004165.png,data/corrupted/100k_blur_15x15_s5/heldout/H004165.png,1388
110807,1388,H004166,data/splits/100k/images/heldout/H004166.png,data/corrupted/100k_blur_15x15_s5/heldout/H004166.png,1388
110803,1388,H004167,data/splits/100k/images/heldout/H004167.png,data/corrupted/100k_blur_15x15_s5/heldout/H004167.png,1388
156565,2362,H004168,data/splits/100k/images/heldout/H004168.png,data/corrupted/100k_blur_15x15_s5/heldout/H004168.png,2362
156577,2362,H004169,data/splits/100k/images/heldout/H004169.png,data/corrupted/100k_blur_15x15_s5/heldout/H004169.png,2362
156582,2362,H004170,data/splits/100k/images/heldout/H004170.png,data/corrupted/100k_blur_15x15_s5/heldout/H004170.png,2362
156567,2362,H004171,data/splits/100k/images/heldout/H004171.png,data/corrupted/100k_blur_15x15_s5/heldout/H004171.png,2362
228698,3886,H004172,data/splits/100k/images/heldout/H004172.png,data/corrupted/100k_blur_15x15_s5/heldout/H004172.png,3886
228705,3886,H004173,data/splits/100k/images/heldout/H004173.png,data/corrupted/100k_blur_15x15_s5/heldout/H004173.png,3886
228720,3886,H004174,data/splits/100k/images/heldout/H004174.png,data/corrupted/100k_blur_15x15_s5/heldout/H004174.png,3886
228668,3886,H004175,data/splits/100k/images/heldout/H004175.png,data/corrupted/100k_blur_15x15_s5/heldout/H004175.png,3886
250173,4325,H004176,data/splits/100k/images/heldout/H004176.png,data/corrupted/100k_blur_15x15_s5/heldout/H004176.png,4325
250156,4325,H004177,data/splits/100k/images/heldout/H004177.png,data/corrupted/100k_blur_15x15_s5/heldout/H004177.png,4325
250190,4325,H004178,data/splits/100k/images/heldout/H004178.png,data/corrupted/100k_blur_15x15_s5/heldout/H004178.png,4325
250145,4325,H004179,data/splits/100k/images/heldout/H004179.png,data/corrupted/100k_blur_15x15_s5/heldout/H004179.png,4325
273859,4856,H004180,data/splits/100k/images/heldout/H004180.png,data/corrupted/100k_blur_15x15_s5/heldout/H004180.png,4856
273855,4856,H004181,data/splits/100k/images/heldout/H004181.png,data/corrupted/100k_blur_15x15_s5/heldout/H004181.png,4856
273832,4856,H004182,data/splits/100k/images/heldout/H004182.png,data/corrupted/100k_blur_15x15_s5/heldout/H004182.png,4856
273892,4856,H004183,data/splits/100k/images/heldout/H004183.png,data/corrupted/100k_blur_15x15_s5/heldout/H004183.png,4856
282851,5053,H004184,data/splits/100k/images/heldout/H004184.png,data/corrupted/100k_blur_15x15_s5/heldout/H004184.png,5053
282906,5053,H004185,data/splits/100k/images/heldout/H004185.png,data/corrupted/100k_blur_15x15_s5/heldout/H004185.png,5053
282825,5053,H004186,data/splits/100k/images/heldout/H004186.png,data/corrupted/100k_blur_15x15_s5/heldout/H004186.png,5053
282907,5053,H004187,data/splits/100k/images/heldout/H004187.png,data/corrupted/100k_blur_15x15_s5/heldout/H004187.png,5053
331469,6115,H004188,data/splits/100k/images/heldout/H004188.png,data/corrupted/100k_blur_15x15_s5/heldout/H004188.png,6115
331480,6115,H004189,data/splits/100k/images/heldout/H004189.png,data/corrupted/100k_blur_15x15_s5/heldout/H004189.png,6115
331485,6115,H004190,data/splits/100k/images/heldout/H004190.png,data/corrupted/100k_blur_15x15_s5/heldout/H004190.png,6115
331504,6115,H004191,data/splits/100k/images/heldout/H004191.png,data/corrupted/100k_blur_15x15_s5/heldout/H004191.png,6115
332012,6125,H004192,data/splits/100k/images/heldout/H004192.png,data/corrupted/100k_blur_15x15_s5/heldout/H004192.png,6125
332045,6125,H004193,data/splits/100k/images/heldout/H004193.png,data/corrupted/100k_blur_15x15_s5/heldout/H004193.png,6125
332048,6125,H004194,data/splits/100k/images/heldout/H004194.png,data/corrupted/100k_blur_15x15_s5/heldout/H004194.png,6125
332063,6125,H004195,data/splits/100k/images/heldout/H004195.png,data/corrupted/100k_blur_15x15_s5/heldout/H004195.png,6125
335626,6213,H004196,data/splits/100k/images/heldout/H004196.png,data/corrupted/100k_blur_15x15_s5/heldout/H004196.png,6213
335615,6213,H004197,data/splits/100k/images/heldout/H004197.png,data/corrupted/100k_blur_15x15_s5/heldout/H004197.png,6213
335578,6213,H004198,data/splits/100k/images/heldout/H004198.png,data/corrupted/100k_blur_15x15_s5/heldout/H004198.png,6213
335620,6213,H004199,data/splits/100k/images/heldout/H004199.png,data/corrupted/100k_blur_15x15_s5/heldout/H004199.png,6213
375167,7115,H004200,data/splits/100k/images/heldout/H004200.png,data/corrupted/100k_blur_15x15_s5/heldout/H004200.png,7115
375129,7115,H004201,data/splits/100k/images/heldout/H004201.png,data/corrupted/100k_blur_15x15_s5/heldout/H004201.png,7115
375171,7115,H004202,data/splits/100k/images/heldout/H004202.png,data/corrupted/100k_blur_15x15_s5/heldout/H004202.png,7115
375197,7115,H004203,data/splits/100k/images/heldout/H004203.png,data/corrupted/100k_blur_15x15_s5/heldout/H004203.png,7115
405511,7976,H004204,data/splits/100k/images/heldout/H004204.png,data/corrupted/100k_blur_15x15_s5/heldout/H004204.png,7976
405574,7976,H004205,data/splits/100k/images/heldout/H004205.png,data/corrupted/100k_blur_15x15_s5/heldout/H004205.png,7976
405504,7976,H004206,data/splits/100k/images/heldout/H004206.png,data/corrupted/100k_blur_15x15_s5/heldout/H004206.png,7976
405516,7976,H004207,data/splits/100k/images/heldout/H004207.png,data/corrupted/100k_blur_15x15_s5/heldout/H004207.png,7976
411138,8111,H004208,data/splits/100k/images/heldout/H004208.png,data/corrupted/100k_blur_15x15_s5/heldout/H004208.png,8111
411080,8111,H004209,data/splits/100k/images/heldout/H004209.png,data/corrupted/100k_blur_15x15_s5/heldout/H004209.png,8111
411078,8111,H004210,data/splits/100k/images/heldout/H004210.png,data/corrupted/100k_blur_15x15_s5/heldout/H004210.png,8111
411146,8111,H004211,data/splits/100k/images/heldout/H004211.png,data/corrupted/100k_blur_15x15_s5/heldout/H004211.png,8111
422643,8444,H004212,data/splits/100k/images/heldout/H004212.png,data/corrupted/100k_blur_15x15_s5/heldout/H004212.png,8444
422648,8444,H004213,data/splits/100k/images/heldout/H004213.png,data/corrupted/100k_blur_15x15_s5/heldout/H004213.png,8444
422668,8444,H004214,data/splits/100k/images/heldout/H004214.png,data/corrupted/100k_blur_15x15_s5/heldout/H004214.png,8444
422639,8444,H004215,data/splits/100k/images/heldout/H004215.png,data/corrupted/100k_blur_15x15_s5/heldout/H004215.png,8444
467035,9764,H004216,data/splits/100k/images/heldout/H004216.png,data/corrupted/100k_blur_15x15_s5/heldout/H004216.png,9764
467029,9764,H004217,data/splits/100k/images/heldout/H004217.png,data/corrupted/100k_blur_15x15_s5/heldout/H004217.png,9764
467039,9764,H004218,data/splits/100k/images/heldout/H004218.png,data/corrupted/100k_blur_15x15_s5/heldout/H004218.png,9764
467043,9764,H004219,data/splits/100k/images/heldout/H004219.png,data/corrupted/100k_blur_15x15_s5/heldout/H004219.png,9764
467816,9790,H004220,data/splits/100k/images/heldout/H004220.png,data/corrupted/100k_blur_15x15_s5/heldout/H004220.png,9790
467820,9790,H004221,data/splits/100k/images/heldout/H004221.png,data/corrupted/100k_blur_15x15_s5/heldout/H004221.png,9790
467831,9790,H004222,data/splits/100k/images/heldout/H004222.png,data/corrupted/100k_blur_15x15_s5/heldout/H004222.png,9790
467847,9790,H004223,data/splits/100k/images/heldout/H004223.png,data/corrupted/100k_blur_15x15_s5/heldout/H004223.png,9790
472678,9936,H004224,data/splits/100k/images/heldout/H004224.png,data/corrupted/100k_blur_15x15_s5/heldout/H004224.png,9936
472722,9936,H004225,data/splits/100k/images/heldout/H004225.png,data/corrupted/100k_blur_15x15_s5/heldout/H004225.png,9936
472741,9936,H004226,data/splits/100k/images/heldout/H004226.png,data/corrupted/100k_blur_15x15_s5/heldout/H004226.png,9936
472701,9936,H004227,data/splits/100k/images/heldout/H004227.png,data/corrupted/100k_blur_15x15_s5/heldout/H004227.png,9936
475563,10030,H004228,data/splits/100k/images/heldout/H004228.png,data/corrupted/100k_blur_15x15_s5/heldout/H004228.png,10030
475614,10030,H004229,data/splits/100k/images/heldout/H004229.png,data/corrupted/100k_blur_15x15_s5/heldout/H004229.png,10030
475562,10030,H004230,data/splits/100k/images/heldout/H004230.png,data/corrupted/100k_blur_15x15_s5/heldout/H004230.png,10030
475596,10030,H004231,data/splits/100k/images/heldout/H004231.png,data/corrupted/100k_blur_15x15_s5/heldout/H004231.png,10030
481581,10233,H004232,data/splits/100k/images/heldout/H004232.png,data/corrupted/100k_blur_15x15_s5/heldout/H004232.png,10233
481608,10233,H004233,data/splits/100k/images/heldout/H004233.png,data/corrupted/100k_blur_15x15_s5/heldout/H004233.png,10233
481578,10233,H004234,data/splits/100k/images/heldout/H004234.png,data/corrupted/100k_blur_15x15_s5/heldout/H004234.png,10233
481636,10233,H004235,data/splits/100k/images/heldout/H004235.png,data/corrupted/100k_blur_15x15_s5/heldout/H004235.png,10233
22185,177,H004236,data/splits/100k/images/heldout/H004236.png,data/corrupted/100k_blur_15x15_s5/heldout/H004236.png,177
22132,177,H004237,data/splits/100k/images/heldout/H004237.png,data/corrupted/100k_blur_15x15_s5/heldout/H004237.png,177
22173,177,H004238,data/splits/100k/images/heldout/H004238.png,data/corrupted/100k_blur_15x15_s5/heldout/H004238.png,177
22170,177,H004239,data/splits/100k/images/heldout/H004239.png,data/corrupted/100k_blur_15x15_s5/heldout/H004239.png,177
37617,350,H004240,data/splits/100k/images/heldout/H004240.png,data/corrupted/100k_blur_15x15_s5/heldout/H004240.png,350
37622,350,H004241,data/splits/100k/images/heldout/H004241.png,data/corrupted/100k_blur_15x15_s5/heldout/H004241.png,350
37674,350,H004242,data/splits/100k/images/heldout/H004242.png,data/corrupted/100k_blur_15x15_s5/heldout/H004242.png,350
37666,350,H004243,data/splits/100k/images/heldout/H004243.png,data/corrupted/100k_blur_15x15_s5/heldout/H004243.png,350
57309,615,H004244,data/splits/100k/images/heldout/H004244.png,data/corrupted/100k_blur_15x15_s5/heldout/H004244.png,615
57267,615,H004245,data/splits/100k/images/heldout/H004245.png,data/corrupted/100k_blur_15x15_s5/heldout/H004245.png,615
57303,615,H004246,data/splits/100k/images/heldout/H004246.png,data/corrupted/100k_blur_15x15_s5/heldout/H004246.png,615
57288,615,H004247,data/splits/100k/images/heldout/H004247.png,data/corrupted/100k_blur_15x15_s5/heldout/H004247.png,615
64240,721,H004248,data/splits/100k/images/heldout/H004248.png,data/corrupted/100k_blur_15x15_s5/heldout/H004248.png,721
64158,721,H004249,data/splits/100k/images/heldout/H004249.png,data/corrupted/100k_blur_15x15_s5/heldout/H004249.png,721
64162,721,H004250,data/splits/100k/images/heldout/H004250.png,data/corrupted/100k_blur_15x15_s5/heldout/H004250.png,721
64191,721,H004251,data/splits/100k/images/heldout/H004251.png,data/corrupted/100k_blur_15x15_s5/heldout/H004251.png,721
106398,1310,H004252,data/splits/100k/images/heldout/H004252.png,data/corrupted/100k_blur_15x15_s5/heldout/H004252.png,1310
106460,1310,H004253,data/splits/100k/images/heldout/H004253.png,data/corrupted/100k_blur_15x15_s5/heldout/H004253.png,1310
106453,1310,H004254,data/splits/100k/images/heldout/H004254.png,data/corrupted/100k_blur_15x15_s5/heldout/H004254.png,1310
106386,1310,H004255,data/splits/100k/images/heldout/H004255.png,data/corrupted/100k_blur_15x15_s5/heldout/H004255.png,1310
173195,2674,H004256,data/splits/100k/images/heldout/H004256.png,data/corrupted/100k_blur_15x15_s5/heldout/H004256.png,2674
173163,2674,H004257,data/splits/100k/images/heldout/H004257.png,data/corrupted/100k_blur_15x15_s5/heldout/H004257.png,2674
173158,2674,H004258,data/splits/100k/images/heldout/H004258.png,data/corrupted/100k_blur_15x15_s5/heldout/H004258.png,2674
173124,2674,H004259,data/splits/100k/images/heldout/H004259.png,data/corrupted/100k_blur_15x15_s5/heldout/H004259.png,2674
185759,2935,H004260,data/splits/100k/images/heldout/H004260.png,data/corrupted/100k_blur_15x15_s5/heldout/H004260.png,2935
185795,2935,H004261,data/splits/100k/images/heldout/H004261.png,data/corrupted/100k_blur_15x15_s5/heldout/H004261.png,2935
185788,2935,H004262,data/splits/100k/images/heldout/H004262.png,data/corrupted/100k_blur_15x15_s5/heldout/H004262.png,2935
185812,2935,H004263,data/splits/100k/images/heldout/H004263.png,data/corrupted/100k_blur_15x15_s5/heldout/H004263.png,2935
198900,3232,H004264,data/splits/100k/images/heldout/H004264.png,data/corrupted/100k_blur_15x15_s5/heldout/H004264.png,3232
198940,3232,H004265,data/splits/100k/images/heldout/H004265.png,data/corrupted/100k_blur_15x15_s5/heldout/H004265.png,3232
198945,3232,H004266,data/splits/100k/images/heldout/H004266.png,data/corrupted/100k_blur_15x15_s5/heldout/H004266.png,3232
198942,3232,H004267,data/splits/100k/images/heldout/H004267.png,data/corrupted/100k_blur_15x15_s5/heldout/H004267.png,3232
203236,3331,H004268,data/splits/100k/images/heldout/H004268.png,data/corrupted/100k_blur_15x15_s5/heldout/H004268.png,3331
203208,3331,H004269,data/splits/100k/images/heldout/H004269.png,data/corrupted/100k_blur_15x15_s5/heldout/H004269.png,3331
203230,3331,H004270,data/splits/100k/images/heldout/H004270.png,data/corrupted/100k_blur_15x15_s5/heldout/H004270.png,3331
203205,3331,H004271,data/splits/100k/images/heldout/H004271.png,data/corrupted/100k_blur_15x15_s5/heldout/H004271.png,3331
288211,5170,H004272,data/splits/100k/images/heldout/H004272.png,data/corrupted/100k_blur_15x15_s5/heldout/H004272.png,5170
288250,5170,H004273,data/splits/100k/images/heldout/H004273.png,data/corrupted/100k_blur_15x15_s5/heldout/H004273.png,5170
288202,5170,H004274,data/splits/100k/images/heldout/H004274.png,data/corrupted/100k_blur_15x15_s5/heldout/H004274.png,5170
288215,5170,H004275,data/splits/100k/images/heldout/H004275.png,data/corrupted/100k_blur_15x15_s5/heldout/H004275.png,5170
355857,6669,H004276,data/splits/100k/images/heldout/H004276.png,data/corrupted/100k_blur_15x15_s5/heldout/H004276.png,6669
355846,6669,H004277,data/splits/100k/images/heldout/H004277.png,data/corrupted/100k_blur_15x15_s5/heldout/H004277.png,6669
355869,6669,H004278,data/splits/100k/images/heldout/H004278.png,data/corrupted/100k_blur_15x15_s5/heldout/H004278.png,6669
355826,6669,H004279,data/splits/100k/images/heldout/H004279.png,data/corrupted/100k_blur_15x15_s5/heldout/H004279.png,6669
375392,7119,H004280,data/splits/100k/images/heldout/H004280.png,data/corrupted/100k_blur_15x15_s5/heldout/H004280.png,7119
375363,7119,H004281,data/splits/100k/images/heldout/H004281.png,data/corrupted/100k_blur_15x15_s5/heldout/H004281.png,7119
375388,7119,H004282,data/splits/100k/images/heldout/H004282.png,data/corrupted/100k_blur_15x15_s5/heldout/H004282.png,7119
375349,7119,H004283,data/splits/100k/images/heldout/H004283.png,data/corrupted/100k_blur_15x15_s5/heldout/H004283.png,7119
416026,8266,H004284,data/splits/100k/images/heldout/H004284.png,data/corrupted/100k_blur_15x15_s5/heldout/H004284.png,8266
415978,8266,H004285,data/splits/100k/images/heldout/H004285.png,data/corrupted/100k_blur_15x15_s5/heldout/H004285.png,8266
415979,8266,H004286,data/splits/100k/images/heldout/H004286.png,data/corrupted/100k_blur_15x15_s5/heldout/H004286.png,8266
416040,8266,H004287,data/splits/100k/images/heldout/H004287.png,data/corrupted/100k_blur_15x15_s5/heldout/H004287.png,8266
425291,8531,H004288,data/splits/100k/images/heldout/H004288.png,data/corrupted/100k_blur_15x15_s5/heldout/H004288.png,8531
425304,8531,H004289,data/splits/100k/images/heldout/H004289.png,data/corrupted/100k_blur_15x15_s5/heldout/H004289.png,8531
425351,8531,H004290,data/splits/100k/images/heldout/H004290.png,data/corrupted/100k_blur_15x15_s5/heldout/H004290.png,8531
425295,8531,H004291,data/splits/100k/images/heldout/H004291.png,data/corrupted/100k_blur_15x15_s5/heldout/H004291.png,8531
428187,8612,H004292,data/splits/100k/images/heldout/H004292.png,data/corrupted/100k_blur_15x15_s5/heldout/H004292.png,8612
428170,8612,H004293,data/splits/100k/images/heldout/H004293.png,data/corrupted/100k_blur_15x15_s5/heldout/H004293.png,8612
428145,8612,H004294,data/splits/100k/images/heldout/H004294.png,data/corrupted/100k_blur_15x15_s5/heldout/H004294.png,8612
428120,8612,H004295,data/splits/100k/images/heldout/H004295.png,data/corrupted/100k_blur_15x15_s5/heldout/H004295.png,8612
428579,8617,H004296,data/splits/100k/images/heldout/H004296.png,data/corrupted/100k_blur_15x15_s5/heldout/H004296.png,8617
428562,8617,H004297,data/splits/100k/images/heldout/H004297.png,data/corrupted/100k_blur_15x15_s5/heldout/H004297.png,8617
428558,8617,H004298,data/splits/100k/images/heldout/H004298.png,data/corrupted/100k_blur_15x15_s5/heldout/H004298.png,8617
428541,8617,H004299,data/splits/100k/images/heldout/H004299.png,data/corrupted/100k_blur_15x15_s5/heldout/H004299.png,8617
429223,8642,H004300,data/splits/100k/images/heldout/H004300.png,data/corrupted/100k_blur_15x15_s5/heldout/H004300.png,8642
429287,8642,H004301,data/splits/100k/images/heldout/H004301.png,data/corrupted/100k_blur_15x15_s5/heldout/H004301.png,8642
429278,8642,H004302,data/splits/100k/images/heldout/H004302.png,data/corrupted/100k_blur_15x15_s5/heldout/H004302.png,8642
429234,8642,H004303,data/splits/100k/images/heldout/H004303.png,data/corrupted/100k_blur_15x15_s5/heldout/H004303.png,8642
431859,8705,H004304,data/splits/100k/images/heldout/H004304.png,data/corrupted/100k_blur_15x15_s5/heldout/H004304.png,8705
431812,8705,H004305,data/splits/100k/images/heldout/H004305.png,data/corrupted/100k_blur_15x15_s5/heldout/H004305.png,8705
431881,8705,H004306,data/splits/100k/images/heldout/H004306.png,data/corrupted/100k_blur_15x15_s5/heldout/H004306.png,8705
431846,8705,H004307,data/splits/100k/images/heldout/H004307.png,data/corrupted/100k_blur_15x15_s5/heldout/H004307.png,8705
459960,9542,H004308,data/splits/100k/images/heldout/H004308.png,data/corrupted/100k_blur_15x15_s5/heldout/H004308.png,9542
459939,9542,H004309,data/splits/100k/images/heldout/H004309.png,data/corrupted/100k_blur_15x15_s5/heldout/H004309.png,9542
459916,9542,H004310,data/splits/100k/images/heldout/H004310.png,data/corrupted/100k_blur_15x15_s5/heldout/H004310.png,9542
459956,9542,H004311,data/splits/100k/images/heldout/H004311.png,data/corrupted/100k_blur_15x15_s5/heldout/H004311.png,9542
462357,9617,H004312,data/splits/100k/images/heldout/H004312.png,data/corrupted/100k_blur_15x15_s5/heldout/H004312.png,9617
462396,9617,H004313,data/splits/100k/images/heldout/H004313.png,data/corrupted/100k_blur_15x15_s5/heldout/H004313.png,9617
462354,9617,H004314,data/splits/100k/images/heldout/H004314.png,data/corrupted/100k_blur_15x15_s5/heldout/H004314.png,9617
462355,9617,H004315,data/splits/100k/images/heldout/H004315.png,data/corrupted/100k_blur_15x15_s5/heldout/H004315.png,9617
468495,9808,H004316,data/splits/100k/images/heldout/H004316.png,data/corrupted/100k_blur_15x15_s5/heldout/H004316.png,9808
468507,9808,H004317,data/splits/100k/images/heldout/H004317.png,data/corrupted/100k_blur_15x15_s5/heldout/H004317.png,9808
468521,9808,H004318,data/splits/100k/images/heldout/H004318.png,data/corrupted/100k_blur_15x15_s5/heldout/H004318.png,9808
468553,9808,H004319,data/splits/100k/images/heldout/H004319.png,data/corrupted/100k_blur_15x15_s5/heldout/H004319.png,9808
20013,158,H004320,data/splits/100k/images/heldout/H004320.png,data/corrupted/100k_blur_15x15_s5/heldout/H004320.png,158
20030,158,H004321,data/splits/100k/images/heldout/H004321.png,data/corrupted/100k_blur_15x15_s5/heldout/H004321.png,158
20016,158,H004322,data/splits/100k/images/heldout/H004322.png,data/corrupted/100k_blur_15x15_s5/heldout/H004322.png,158
20020,158,H004323,data/splits/100k/images/heldout/H004323.png,data/corrupted/100k_blur_15x15_s5/heldout/H004323.png,158
90831,1106,H004324,data/splits/100k/images/heldout/H004324.png,data/corrupted/100k_blur_15x15_s5/heldout/H004324.png,1106
90811,1106,H004325,data/splits/100k/images/heldout/H004325.png,data/corrupted/100k_blur_15x15_s5/heldout/H004325.png,1106
90851,1106,H004326,data/splits/100k/images/heldout/H004326.png,data/corrupted/100k_blur_15x15_s5/heldout/H004326.png,1106
90856,1106,H004327,data/splits/100k/images/heldout/H004327.png,data/corrupted/100k_blur_15x15_s5/heldout/H004327.png,1106
100858,1228,H004328,data/splits/100k/images/heldout/H004328.png,data/corrupted/100k_blur_15x15_s5/heldout/H004328.png,1228
100842,1228,H004329,data/splits/100k/images/heldout/H004329.png,data/corrupted/100k_blur_15x15_s5/heldout/H004329.png,1228
100838,1228,H004330,data/splits/100k/images/heldout/H004330.png,data/corrupted/100k_blur_15x15_s5/heldout/H004330.png,1228
100843,1228,H004331,data/splits/100k/images/heldout/H004331.png,data/corrupted/100k_blur_15x15_s5/heldout/H004331.png,1228
108353,1330,H004332,data/splits/100k/images/heldout/H004332.png,data/corrupted/100k_blur_15x15_s5/heldout/H004332.png,1330
108366,1330,H004333,data/splits/100k/images/heldout/H004333.png,data/corrupted/100k_blur_15x15_s5/heldout/H004333.png,1330
108321,1330,H004334,data/splits/100k/images/heldout/H004334.png,data/corrupted/100k_blur_15x15_s5/heldout/H004334.png,1330
108340,1330,H004335,data/splits/100k/images/heldout/H004335.png,data/corrupted/100k_blur_15x15_s5/heldout/H004335.png,1330
123442,1658,H004336,data/splits/100k/images/heldout/H004336.png,data/corrupted/100k_blur_15x15_s5/heldout/H004336.png,1658
123457,1658,H004337,data/splits/100k/images/heldout/H004337.png,data/corrupted/100k_blur_15x15_s5/heldout/H004337.png,1658
123464,1658,H004338,data/splits/100k/images/heldout/H004338.png,data/corrupted/100k_blur_15x15_s5/heldout/H004338.png,1658
123467,1658,H004339,data/splits/100k/images/heldout/H004339.png,data/corrupted/100k_blur_15x15_s5/heldout/H004339.png,1658
131593,1829,H004340,data/splits/100k/images/heldout/H004340.png,data/corrupted/100k_blur_15x15_s5/heldout/H004340.png,1829
131630,1829,H004341,data/splits/100k/images/heldout/H004341.png,data/corrupted/100k_blur_15x15_s5/heldout/H004341.png,1829
131627,1829,H004342,data/splits/100k/images/heldout/H004342.png,data/corrupted/100k_blur_15x15_s5/heldout/H004342.png,1829
131668,1829,H004343,data/splits/100k/images/heldout/H004343.png,data/corrupted/100k_blur_15x15_s5/heldout/H004343.png,1829
141417,2040,H004344,data/splits/100k/images/heldout/H004344.png,data/corrupted/100k_blur_15x15_s5/heldout/H004344.png,2040
141442,2040,H004345,data/splits/100k/images/heldout/H004345.png,data/corrupted/100k_blur_15x15_s5/heldout/H004345.png,2040
141461,2040,H004346,data/splits/100k/images/heldout/H004346.png,data/corrupted/100k_blur_15x15_s5/heldout/H004346.png,2040
141443,2040,H004347,data/splits/100k/images/heldout/H004347.png,data/corrupted/100k_blur_15x15_s5/heldout/H004347.png,2040
153381,2293,H004348,data/splits/100k/images/heldout/H004348.png,data/corrupted/100k_blur_15x15_s5/heldout/H004348.png,2293
153419,2293,H004349,data/splits/100k/images/heldout/H004349.png,data/corrupted/100k_blur_15x15_s5/heldout/H004349.png,2293
153436,2293,H004350,data/splits/100k/images/heldout/H004350.png,data/corrupted/100k_blur_15x15_s5/heldout/H004350.png,2293
153418,2293,H004351,data/splits/100k/images/heldout/H004351.png,data/corrupted/100k_blur_15x15_s5/heldout/H004351.png,2293
154122,2314,H004352,data/splits/100k/images/heldout/H004352.png,data/corrupted/100k_blur_15x15_s5/heldout/H004352.png,2314
154194,2314,H004353,data/splits/100k/images/heldout/H004353.png,data/corrupted/100k_blur_15x15_s5/heldout/H004353.png,2314
154152,2314,H004354,data/splits/100k/images/heldout/H004354.png,data/corrupted/100k_blur_15x15_s5/heldout/H004354.png,2314
154134,2314,H004355,data/splits/100k/images/heldout/H004355.png,data/corrupted/100k_blur_15x15_s5/heldout/H004355.png,2314
155575,2337,H004356,data/splits/100k/images/heldout/H004356.png,data/corrupted/100k_blur_15x15_s5/heldout/H004356.png,2337
155585,2337,H004357,data/splits/100k/images/heldout/H004357.png,data/corrupted/100k_blur_15x15_s5/heldout/H004357.png,2337
155524,2337,H004358,data/splits/100k/images/heldout/H004358.png,data/corrupted/100k_blur_15x15_s5/heldout/H004358.png,2337
155521,2337,H004359,data/splits/100k/images/heldout/H004359.png,data/corrupted/100k_blur_15x15_s5/heldout/H004359.png,2337
162628,2472,H004360,data/splits/100k/images/heldout/H004360.png,data/corrupted/100k_blur_15x15_s5/heldout/H004360.png,2472
162640,2472,H004361,data/splits/100k/images/heldout/H004361.png,data/corrupted/100k_blur_15x15_s5/heldout/H004361.png,2472
162625,2472,H004362,data/splits/100k/images/heldout/H004362.png,data/corrupted/100k_blur_15x15_s5/heldout/H004362.png,2472
162602,2472,H004363,data/splits/100k/images/heldout/H004363.png,data/corrupted/100k_blur_15x15_s5/heldout/H004363.png,2472
196584,3169,H004364,data/splits/100k/images/heldout/H004364.png,data/corrupted/100k_blur_15x15_s5/heldout/H004364.png,3169
196647,3169,H004365,data/splits/100k/images/heldout/H004365.png,data/corrupted/100k_blur_15x15_s5/heldout/H004365.png,3169
196597,3169,H004366,data/splits/100k/images/heldout/H004366.png,data/corrupted/100k_blur_15x15_s5/heldout/H004366.png,3169
196648,3169,H004367,data/splits/100k/images/heldout/H004367.png,data/corrupted/100k_blur_15x15_s5/heldout/H004367.png,3169
210266,3467,H004368,data/splits/100k/images/heldout/H004368.png,data/corrupted/100k_blur_15x15_s5/heldout/H004368.png,3467
210232,3467,H004369,data/splits/100k/images/heldout/H004369.png,data/corrupted/100k_blur_15x15_s5/heldout/H004369.png,3467
210285,3467,H004370,data/splits/100k/images/heldout/H004370.png,data/corrupted/100k_blur_15x15_s5/heldout/H004370.png,3467
210231,3467,H004371,data/splits/100k/images/heldout/H004371.png,data/corrupted/100k_blur_15x15_s5/heldout/H004371.png,3467
226660,3833,H004372,data/splits/100k/images/heldout/H004372.png,data/corrupted/100k_blur_15x15_s5/heldout/H004372.png,3833
226701,3833,H004373,data/splits/100k/images/heldout/H004373.png,data/corrupted/100k_blur_15x15_s5/heldout/H004373.png,3833
226663,3833,H004374,data/splits/100k/images/heldout/H004374.png,data/corrupted/100k_blur_15x15_s5/heldout/H004374.png,3833
226685,3833,H004375,data/splits/100k/images/heldout/H004375.png,data/corrupted/100k_blur_15x15_s5/heldout/H004375.png,3833
246839,4263,H004376,data/splits/100k/images/heldout/H004376.png,data/corrupted/100k_blur_15x15_s5/heldout/H004376.png,4263
246863,4263,H004377,data/splits/100k/images/heldout/H004377.png,data/corrupted/100k_blur_15x15_s5/heldout/H004377.png,4263
246813,4263,H004378,data/splits/100k/images/heldout/H004378.png,data/corrupted/100k_blur_15x15_s5/heldout/H004378.png,4263
246867,4263,H004379,data/splits/100k/images/heldout/H004379.png,data/corrupted/100k_blur_15x15_s5/heldout/H004379.png,4263
273008,4838,H004380,data/splits/100k/images/heldout/H004380.png,data/corrupted/100k_blur_15x15_s5/heldout/H004380.png,4838
273010,4838,H004381,data/splits/100k/images/heldout/H004381.png,data/corrupted/100k_blur_15x15_s5/heldout/H004381.png,4838
272966,4838,H004382,data/splits/100k/images/heldout/H004382.png,data/corrupted/100k_blur_15x15_s5/heldout/H004382.png,4838
273017,4838,H004383,data/splits/100k/images/heldout/H004383.png,data/corrupted/100k_blur_15x15_s5/heldout/H004383.png,4838
297132,5364,H004384,data/splits/100k/images/heldout/H004384.png,data/corrupted/100k_blur_15x15_s5/heldout/H004384.png,5364
297095,5364,H004385,data/splits/100k/images/heldout/H004385.png,data/corrupted/100k_blur_15x15_s5/heldout/H004385.png,5364
297121,5364,H004386,data/splits/100k/images/heldout/H004386.png,data/corrupted/100k_blur_15x15_s5/heldout/H004386.png,5364
297098,5364,H004387,data/splits/100k/images/heldout/H004387.png,data/corrupted/100k_blur_15x15_s5/heldout/H004387.png,5364
345829,6409,H004388,data/splits/100k/images/heldout/H004388.png,data/corrupted/100k_blur_15x15_s5/heldout/H004388.png,6409
345806,6409,H004389,data/splits/100k/images/heldout/H004389.png,data/corrupted/100k_blur_15x15_s5/heldout/H004389.png,6409
345792,6409,H004390,data/splits/100k/images/heldout/H004390.png,data/corrupted/100k_blur_15x15_s5/heldout/H004390.png,6409
345826,6409,H004391,data/splits/100k/images/heldout/H004391.png,data/corrupted/100k_blur_15x15_s5/heldout/H004391.png,6409
354046,6621,H004392,data/splits/100k/images/heldout/H004392.png,data/corrupted/100k_blur_15x15_s5/heldout/H004392.png,6621
354033,6621,H004393,data/splits/100k/images/heldout/H004393.png,data/corrupted/100k_blur_15x15_s5/heldout/H004393.png,6621
354024,6621,H004394,data/splits/100k/images/heldout/H004394.png,data/corrupted/100k_blur_15x15_s5/heldout/H004394.png,6621
354019,6621,H004395,data/splits/100k/images/heldout/H004395.png,data/corrupted/100k_blur_15x15_s5/heldout/H004395.png,6621
375248,7116,H004396,data/splits/100k/images/heldout/H004396.png,data/corrupted/100k_blur_15x15_s5/heldout/H004396.png,7116
375290,7116,H004397,data/splits/100k/images/heldout/H004397.png,data/corrupted/100k_blur_15x15_s5/heldout/H004397.png,7116
375249,7116,H004398,data/splits/100k/images/heldout/H004398.png,data/corrupted/100k_blur_15x15_s5/heldout/H004398.png,7116
375268,7116,H004399,data/splits/100k/images/heldout/H004399.png,data/corrupted/100k_blur_15x15_s5/heldout/H004399.png,7116
378106,7199,H004400,data/splits/100k/images/heldout/H004400.png,data/corrupted/100k_blur_15x15_s5/heldout/H004400.png,7199
378120,7199,H004401,data/splits/100k/images/heldout/H004401.png,data/corrupted/100k_blur_15x15_s5/heldout/H004401.png,7199
378162,7199,H004402,data/splits/100k/images/heldout/H004402.png,data/corrupted/100k_blur_15x15_s5/heldout/H004402.png,7199
378137,7199,H004403,data/splits/100k/images/heldout/H004403.png,data/corrupted/100k_blur_15x15_s5/heldout/H004403.png,7199
384434,7372,H004404,data/splits/100k/images/heldout/H004404.png,data/corrupted/100k_blur_15x15_s5/heldout/H004404.png,7372
384410,7372,H004405,data/splits/100k/images/heldout/H004405.png,data/corrupted/100k_blur_15x15_s5/heldout/H004405.png,7372
384377,7372,H004406,data/splits/100k/images/heldout/H004406.png,data/corrupted/100k_blur_15x15_s5/heldout/H004406.png,7372
384449,7372,H004407,data/splits/100k/images/heldout/H004407.png,data/corrupted/100k_blur_15x15_s5/heldout/H004407.png,7372
390252,7537,H004408,data/splits/100k/images/heldout/H004408.png,data/corrupted/100k_blur_15x15_s5/heldout/H004408.png,7537
390285,7537,H004409,data/splits/100k/images/heldout/H004409.png,data/corrupted/100k_blur_15x15_s5/heldout/H004409.png,7537
390244,7537,H004410,data/splits/100k/images/heldout/H004410.png,data/corrupted/100k_blur_15x15_s5/heldout/H004410.png,7537
390286,7537,H004411,data/splits/100k/images/heldout/H004411.png,data/corrupted/100k_blur_15x15_s5/heldout/H004411.png,7537
426744,8571,H004412,data/splits/100k/images/heldout/H004412.png,data/corrupted/100k_blur_15x15_s5/heldout/H004412.png,8571
426772,8571,H004413,data/splits/100k/images/heldout/H004413.png,data/corrupted/100k_blur_15x15_s5/heldout/H004413.png,8571
426819,8571,H004414,data/splits/100k/images/heldout/H004414.png,data/corrupted/100k_blur_15x15_s5/heldout/H004414.png,8571
426764,8571,H004415,data/splits/100k/images/heldout/H004415.png,data/corrupted/100k_blur_15x15_s5/heldout/H004415.png,8571
433648,8751,H004416,data/splits/100k/images/heldout/H004416.png,data/corrupted/100k_blur_15x15_s5/heldout/H004416.png,8751
433663,8751,H004417,data/splits/100k/images/heldout/H004417.png,data/corrupted/100k_blur_15x15_s5/heldout/H004417.png,8751
433631,8751,H004418,data/splits/100k/images/heldout/H004418.png,data/corrupted/100k_blur_15x15_s5/heldout/H004418.png,8751
433662,8751,H004419,data/splits/100k/images/heldout/H004419.png,data/corrupted/100k_blur_15x15_s5/heldout/H004419.png,8751
438794,8882,H004420,data/splits/100k/images/heldout/H004420.png,data/corrupted/100k_blur_15x15_s5/heldout/H004420.png,8882
438747,8882,H004421,data/splits/100k/images/heldout/H004421.png,data/corrupted/100k_blur_15x15_s5/heldout/H004421.png,8882
438784,8882,H004422,data/splits/100k/images/heldout/H004422.png,data/corrupted/100k_blur_15x15_s5/heldout/H004422.png,8882
438775,8882,H004423,data/splits/100k/images/heldout/H004423.png,data/corrupted/100k_blur_15x15_s5/heldout/H004423.png,8882
440188,8927,H004424,data/splits/100k/images/heldout/H004424.png,data/corrupted/100k_blur_15x15_s5/heldout/H004424.png,8927
440165,8927,H004425,data/splits/100k/images/heldout/H004425.png,data/corrupted/100k_blur_15x15_s5/heldout/H004425.png,8927
440129,8927,H004426,data/splits/100k/images/heldout/H004426.png,data/corrupted/100k_blur_15x15_s5/heldout/H004426.png,8927
440133,8927,H004427,data/splits/100k/images/heldout/H004427.png,data/corrupted/100k_blur_15x15_s5/heldout/H004427.png,8927
463408,9650,H004428,data/splits/100k/images/heldout/H004428.png,data/corrupted/100k_blur_15x15_s5/heldout/H004428.png,9650
463364,9650,H004429,data/splits/100k/images/heldout/H004429.png,data/corrupted/100k_blur_15x15_s5/heldout/H004429.png,9650
463436,9650,H004430,data/splits/100k/images/heldout/H004430.png,data/corrupted/100k_blur_15x15_s5/heldout/H004430.png,9650
463379,9650,H004431,data/splits/100k/images/heldout/H004431.png,data/corrupted/100k_blur_15x15_s5/heldout/H004431.png,9650
15519,108,H004432,data/splits/100k/images/heldout/H004432.png,data/corrupted/100k_blur_15x15_s5/heldout/H004432.png,108
15595,108,H004433,data/splits/100k/images/heldout/H004433.png,data/corrupted/100k_blur_15x15_s5/heldout/H004433.png,108
15592,108,H004434,data/splits/100k/images/heldout/H004434.png,data/corrupted/100k_blur_15x15_s5/heldout/H004434.png,108
15535,108,H004435,data/splits/100k/images/heldout/H004435.png,data/corrupted/100k_blur_15x15_s5/heldout/H004435.png,108
25747,207,H004436,data/splits/100k/images/heldout/H004436.png,data/corrupted/100k_blur_15x15_s5/heldout/H004436.png,207
25690,207,H004437,data/splits/100k/images/heldout/H004437.png,data/corrupted/100k_blur_15x15_s5/heldout/H004437.png,207
25710,207,H004438,data/splits/100k/images/heldout/H004438.png,data/corrupted/100k_blur_15x15_s5/heldout/H004438.png,207
25694,207,H004439,data/splits/100k/images/heldout/H004439.png,data/corrupted/100k_blur_15x15_s5/heldout/H004439.png,207
26225,211,H004440,data/splits/100k/images/heldout/H004440.png,data/corrupted/100k_blur_15x15_s5/heldout/H004440.png,211
26226,211,H004441,data/splits/100k/images/heldout/H004441.png,data/corrupted/100k_blur_15x15_s5/heldout/H004441.png,211
26191,211,H004442,data/splits/100k/images/heldout/H004442.png,data/corrupted/100k_blur_15x15_s5/heldout/H004442.png,211
26198,211,H004443,data/splits/100k/images/heldout/H004443.png,data/corrupted/100k_blur_15x15_s5/heldout/H004443.png,211
56507,606,H004444,data/splits/100k/images/heldout/H004444.png,data/corrupted/100k_blur_15x15_s5/heldout/H004444.png,606
56510,606,H004445,data/splits/100k/images/heldout/H004445.png,data/corrupted/100k_blur_15x15_s5/heldout/H004445.png,606
56450,606,H004446,data/splits/100k/images/heldout/H004446.png,data/corrupted/100k_blur_15x15_s5/heldout/H004446.png,606
56498,606,H004447,data/splits/100k/images/heldout/H004447.png,data/corrupted/100k_blur_15x15_s5/heldout/H004447.png,606
61177,672,H004448,data/splits/100k/images/heldout/H004448.png,data/corrupted/100k_blur_15x15_s5/heldout/H004448.png,672
61156,672,H004449,data/splits/100k/images/heldout/H004449.png,data/corrupted/100k_blur_15x15_s5/heldout/H004449.png,672
61137,672,H004450,data/splits/100k/images/heldout/H004450.png,data/corrupted/100k_blur_15x15_s5/heldout/H004450.png,672
61181,672,H004451,data/splits/100k/images/heldout/H004451.png,data/corrupted/100k_blur_15x15_s5/heldout/H004451.png,672
63140,696,H004452,data/splits/100k/images/heldout/H004452.png,data/corrupted/100k_blur_15x15_s5/heldout/H004452.png,696
63166,696,H004453,data/splits/100k/images/heldout/H004453.png,data/corrupted/100k_blur_15x15_s5/heldout/H004453.png,696
63161,696,H004454,data/splits/100k/images/heldout/H004454.png,data/corrupted/100k_blur_15x15_s5/heldout/H004454.png,696
63212,696,H004455,data/splits/100k/images/heldout/H004455.png,data/corrupted/100k_blur_15x15_s5/heldout/H004455.png,696
117188,1541,H004456,data/splits/100k/images/heldout/H004456.png,data/corrupted/100k_blur_15x15_s5/heldout/H004456.png,1541
117163,1541,H004457,data/splits/100k/images/heldout/H004457.png,data/corrupted/100k_blur_15x15_s5/heldout/H004457.png,1541
117139,1541,H004458,data/splits/100k/images/heldout/H004458.png,data/corrupted/100k_blur_15x15_s5/heldout/H004458.png,1541
117179,1541,H004459,data/splits/100k/images/heldout/H004459.png,data/corrupted/100k_blur_15x15_s5/heldout/H004459.png,1541
129882,1802,H004460,data/splits/100k/images/heldout/H004460.png,data/corrupted/100k_blur_15x15_s5/heldout/H004460.png,1802
129864,1802,H004461,data/splits/100k/images/heldout/H004461.png,data/corrupted/100k_blur_15x15_s5/heldout/H004461.png,1802
129914,1802,H004462,data/splits/100k/images/heldout/H004462.png,data/corrupted/100k_blur_15x15_s5/heldout/H004462.png,1802
129885,1802,H004463,data/splits/100k/images/heldout/H004463.png,data/corrupted/100k_blur_15x15_s5/heldout/H004463.png,1802
167387,2572,H004464,data/splits/100k/images/heldout/H004464.png,data/corrupted/100k_blur_15x15_s5/heldout/H004464.png,2572
167394,2572,H004465,data/splits/100k/images/heldout/H004465.png,data/corrupted/100k_blur_15x15_s5/heldout/H004465.png,2572
167360,2572,H004466,data/splits/100k/images/heldout/H004466.png,data/corrupted/100k_blur_15x15_s5/heldout/H004466.png,2572
167366,2572,H004467,data/splits/100k/images/heldout/H004467.png,data/corrupted/100k_blur_15x15_s5/heldout/H004467.png,2572
179936,2804,H004468,data/splits/100k/images/heldout/H004468.png,data/corrupted/100k_blur_15x15_s5/heldout/H004468.png,2804
179895,2804,H004469,data/splits/100k/images/heldout/H004469.png,data/corrupted/100k_blur_15x15_s5/heldout/H004469.png,2804
179873,2804,H004470,data/splits/100k/images/heldout/H004470.png,data/corrupted/100k_blur_15x15_s5/heldout/H004470.png,2804
179874,2804,H004471,data/splits/100k/images/heldout/H004471.png,data/corrupted/100k_blur_15x15_s5/heldout/H004471.png,2804
180390,2815,H004472,data/splits/100k/images/heldout/H004472.png,data/corrupted/100k_blur_15x15_s5/heldout/H004472.png,2815
180415,2815,H004473,data/splits/100k/images/heldout/H004473.png,data/corrupted/100k_blur_15x15_s5/heldout/H004473.png,2815
180422,2815,H004474,data/splits/100k/images/heldout/H004474.png,data/corrupted/100k_blur_15x15_s5/heldout/H004474.png,2815
180388,2815,H004475,data/splits/100k/images/heldout/H004475.png,data/corrupted/100k_blur_15x15_s5/heldout/H004475.png,2815
187821,2984,H004476,data/splits/100k/images/heldout/H004476.png,data/corrupted/100k_blur_15x15_s5/heldout/H004476.png,2984
187847,2984,H004477,data/splits/100k/images/heldout/H004477.png,data/corrupted/100k_blur_15x15_s5/heldout/H004477.png,2984
187794,2984,H004478,data/splits/100k/images/heldout/H004478.png,data/corrupted/100k_blur_15x15_s5/heldout/H004478.png,2984
187773,2984,H004479,data/splits/100k/images/heldout/H004479.png,data/corrupted/100k_blur_15x15_s5/heldout/H004479.png,2984
192054,3065,H004480,data/splits/100k/images/heldout/H004480.png,data/corrupted/100k_blur_15x15_s5/heldout/H004480.png,3065
192035,3065,H004481,data/splits/100k/images/heldout/H004481.png,data/corrupted/100k_blur_15x15_s5/heldout/H004481.png,3065
192046,3065,H004482,data/splits/100k/images/heldout/H004482.png,data/corrupted/100k_blur_15x15_s5/heldout/H004482.png,3065
192002,3065,H004483,data/splits/100k/images/heldout/H004483.png,data/corrupted/100k_blur_15x15_s5/heldout/H004483.png,3065
194055,3117,H004484,data/splits/100k/images/heldout/H004484.png,data/corrupted/100k_blur_15x15_s5/heldout/H004484.png,3117
194115,3117,H004485,data/splits/100k/images/heldout/H004485.png,data/corrupted/100k_blur_15x15_s5/heldout/H004485.png,3117
194094,3117,H004486,data/splits/100k/images/heldout/H004486.png,data/corrupted/100k_blur_15x15_s5/heldout/H004486.png,3117
194068,3117,H004487,data/splits/100k/images/heldout/H004487.png,data/corrupted/100k_blur_15x15_s5/heldout/H004487.png,3117
211413,3496,H004488,data/splits/100k/images/heldout/H004488.png,data/corrupted/100k_blur_15x15_s5/heldout/H004488.png,3496
211438,3496,H004489,data/splits/100k/images/heldout/H004489.png,data/corrupted/100k_blur_15x15_s5/heldout/H004489.png,3496
211421,3496,H004490,data/splits/100k/images/heldout/H004490.png,data/corrupted/100k_blur_15x15_s5/heldout/H004490.png,3496
211481,3496,H004491,data/splits/100k/images/heldout/H004491.png,data/corrupted/100k_blur_15x15_s5/heldout/H004491.png,3496
244038,4204,H004492,data/splits/100k/images/heldout/H004492.png,data/corrupted/100k_blur_15x15_s5/heldout/H004492.png,4204
244034,4204,H004493,data/splits/100k/images/heldout/H004493.png,data/corrupted/100k_blur_15x15_s5/heldout/H004493.png,4204
244004,4204,H004494,data/splits/100k/images/heldout/H004494.png,data/corrupted/100k_blur_15x15_s5/heldout/H004494.png,4204
244064,4204,H004495,data/splits/100k/images/heldout/H004495.png,data/corrupted/100k_blur_15x15_s5/heldout/H004495.png,4204
261986,4576,H004496,data/splits/100k/images/heldout/H004496.png,data/corrupted/100k_blur_15x15_s5/heldout/H004496.png,4576
261940,4576,H004497,data/splits/100k/images/heldout/H004497.png,data/corrupted/100k_blur_15x15_s5/heldout/H004497.png,4576
261910,4576,H004498,data/splits/100k/images/heldout/H004498.png,data/corrupted/100k_blur_15x15_s5/heldout/H004498.png,4576
261983,4576,H004499,data/splits/100k/images/heldout/H004499.png,data/corrupted/100k_blur_15x15_s5/heldout/H004499.png,4576
297946,5381,H004500,data/splits/100k/images/heldout/H004500.png,data/corrupted/100k_blur_15x15_s5/heldout/H004500.png,5381
297943,5381,H004501,data/splits/100k/images/heldout/H004501.png,data/corrupted/100k_blur_15x15_s5/heldout/H004501.png,5381
297893,5381,H004502,data/splits/100k/images/heldout/H004502.png,data/corrupted/100k_blur_15x15_s5/heldout/H004502.png,5381
297873,5381,H004503,data/splits/100k/images/heldout/H004503.png,data/corrupted/100k_blur_15x15_s5/heldout/H004503.png,5381
337971,6263,H004504,data/splits/100k/images/heldout/H004504.png,data/corrupted/100k_blur_15x15_s5/heldout/H004504.png,6263
338051,6263,H004505,data/splits/100k/images/heldout/H004505.png,data/corrupted/100k_blur_15x15_s5/heldout/H004505.png,6263
338031,6263,H004506,data/splits/100k/images/heldout/H004506.png,data/corrupted/100k_blur_15x15_s5/heldout/H004506.png,6263
337974,6263,H004507,data/splits/100k/images/heldout/H004507.png,data/corrupted/100k_blur_15x15_s5/heldout/H004507.png,6263
356847,6688,H004508,data/splits/100k/images/heldout/H004508.png,data/corrupted/100k_blur_15x15_s5/heldout/H004508.png,6688
356840,6688,H004509,data/splits/100k/images/heldout/H004509.png,data/corrupted/100k_blur_15x15_s5/heldout/H004509.png,6688
356788,6688,H004510,data/splits/100k/images/heldout/H004510.png,data/corrupted/100k_blur_15x15_s5/heldout/H004510.png,6688
356804,6688,H004511,data/splits/100k/images/heldout/H004511.png,data/corrupted/100k_blur_15x15_s5/heldout/H004511.png,6688
374728,7103,H004512,data/splits/100k/images/heldout/H004512.png,data/corrupted/100k_blur_15x15_s5/heldout/H004512.png,7103
374735,7103,H004513,data/splits/100k/images/heldout/H004513.png,data/corrupted/100k_blur_15x15_s5/heldout/H004513.png,7103
374765,7103,H004514,data/splits/100k/images/heldout/H004514.png,data/corrupted/100k_blur_15x15_s5/heldout/H004514.png,7103
374741,7103,H004515,data/splits/100k/images/heldout/H004515.png,data/corrupted/100k_blur_15x15_s5/heldout/H004515.png,7103
386631,7429,H004516,data/splits/100k/images/heldout/H004516.png,data/corrupted/100k_blur_15x15_s5/heldout/H004516.png,7429
386623,7429,H004517,data/splits/100k/images/heldout/H004517.png,data/corrupted/100k_blur_15x15_s5/heldout/H004517.png,7429
386641,7429,H004518,data/splits/100k/images/heldout/H004518.png,data/corrupted/100k_blur_15x15_s5/heldout/H004518.png,7429
386615,7429,H004519,data/splits/100k/images/heldout/H004519.png,data/corrupted/100k_blur_15x15_s5/heldout/H004519.png,7429
402358,7887,H004520,data/splits/100k/images/heldout/H004520.png,data/corrupted/100k_blur_15x15_s5/heldout/H004520.png,7887
402368,7887,H004521,data/splits/100k/images/heldout/H004521.png,data/corrupted/100k_blur_15x15_s5/heldout/H004521.png,7887
402384,7887,H004522,data/splits/100k/images/heldout/H004522.png,data/corrupted/100k_blur_15x15_s5/heldout/H004522.png,7887
402355,7887,H004523,data/splits/100k/images/heldout/H004523.png,data/corrupted/100k_blur_15x15_s5/heldout/H004523.png,7887
417146,8304,H004524,data/splits/100k/images/heldout/H004524.png,data/corrupted/100k_blur_15x15_s5/heldout/H004524.png,8304
417194,8304,H004525,data/splits/100k/images/heldout/H004525.png,data/corrupted/100k_blur_15x15_s5/heldout/H004525.png,8304
417147,8304,H004526,data/splits/100k/images/heldout/H004526.png,data/corrupted/100k_blur_15x15_s5/heldout/H004526.png,8304
417149,8304,H004527,data/splits/100k/images/heldout/H004527.png,data/corrupted/100k_blur_15x15_s5/heldout/H004527.png,8304
441844,8982,H004528,data/splits/100k/images/heldout/H004528.png,data/corrupted/100k_blur_15x15_s5/heldout/H004528.png,8982
441781,8982,H004529,data/splits/100k/images/heldout/H004529.png,data/corrupted/100k_blur_15x15_s5/heldout/H004529.png,8982
441827,8982,H004530,data/splits/100k/images/heldout/H004530.png,data/corrupted/100k_blur_15x15_s5/heldout/H004530.png,8982
441820,8982,H004531,data/splits/100k/images/heldout/H004531.png,data/corrupted/100k_blur_15x15_s5/heldout/H004531.png,8982
446412,9119,H004532,data/splits/100k/images/heldout/H004532.png,data/corrupted/100k_blur_15x15_s5/heldout/H004532.png,9119
446411,9119,H004533,data/splits/100k/images/heldout/H004533.png,data/corrupted/100k_blur_15x15_s5/heldout/H004533.png,9119
446366,9119,H004534,data/splits/100k/images/heldout/H004534.png,data/corrupted/100k_blur_15x15_s5/heldout/H004534.png,9119
446397,9119,H004535,data/splits/100k/images/heldout/H004535.png,data/corrupted/100k_blur_15x15_s5/heldout/H004535.png,9119
466243,9738,H004536,data/splits/100k/images/heldout/H004536.png,data/corrupted/100k_blur_15x15_s5/heldout/H004536.png,9738
466288,9738,H004537,data/splits/100k/images/heldout/H004537.png,data/corrupted/100k_blur_15x15_s5/heldout/H004537.png,9738
466259,9738,H004538,data/splits/100k/images/heldout/H004538.png,data/corrupted/100k_blur_15x15_s5/heldout/H004538.png,9738
466263,9738,H004539,data/splits/100k/images/heldout/H004539.png,data/corrupted/100k_blur_15x15_s5/heldout/H004539.png,9738
25807,208,H004540,data/splits/100k/images/heldout/H004540.png,data/corrupted/100k_blur_15x15_s5/heldout/H004540.png,208
25811,208,H004541,data/splits/100k/images/heldout/H004541.png,data/corrupted/100k_blur_15x15_s5/heldout/H004541.png,208
25814,208,H004542,data/splits/100k/images/heldout/H004542.png,data/corrupted/100k_blur_15x15_s5/heldout/H004542.png,208
25829,208,H004543,data/splits/100k/images/heldout/H004543.png,data/corrupted/100k_blur_15x15_s5/heldout/H004543.png,208
31858,264,H004544,data/splits/100k/images/heldout/H004544.png,data/corrupted/100k_blur_15x15_s5/heldout/H004544.png,264
31873,264,H004545,data/splits/100k/images/heldout/H004545.png,data/corrupted/100k_blur_15x15_s5/heldout/H004545.png,264
31829,264,H004546,data/splits/100k/images/heldout/H004546.png,data/corrupted/100k_blur_15x15_s5/heldout/H004546.png,264
31844,264,H004547,data/splits/100k/images/heldout/H004547.png,data/corrupted/100k_blur_15x15_s5/heldout/H004547.png,264
34725,306,H004548,data/splits/100k/images/heldout/H004548.png,data/corrupted/100k_blur_15x15_s5/heldout/H004548.png,306
34726,306,H004549,data/splits/100k/images/heldout/H004549.png,data/corrupted/100k_blur_15x15_s5/heldout/H004549.png,306
34713,306,H004550,data/splits/100k/images/heldout/H004550.png,data/corrupted/100k_blur_15x15_s5/heldout/H004550.png,306
34690,306,H004551,data/splits/100k/images/heldout/H004551.png,data/corrupted/100k_blur_15x15_s5/heldout/H004551.png,306
39384,377,H004552,data/splits/100k/images/heldout/H004552.png,data/corrupted/100k_blur_15x15_s5/heldout/H004552.png,377
39460,377,H004553,data/splits/100k/images/heldout/H004553.png,data/corrupted/100k_blur_15x15_s5/heldout/H004553.png,377
39388,377,H004554,data/splits/100k/images/heldout/H004554.png,data/corrupted/100k_blur_15x15_s5/heldout/H004554.png,377
39402,377,H004555,data/splits/100k/images/heldout/H004555.png,data/corrupted/100k_blur_15x15_s5/heldout/H004555.png,377
45812,464,H004556,data/splits/100k/images/heldout/H004556.png,data/corrupted/100k_blur_15x15_s5/heldout/H004556.png,464
45757,464,H004557,data/splits/100k/images/heldout/H004557.png,data/corrupted/100k_blur_15x15_s5/heldout/H004557.png,464
45752,464,H004558,data/splits/100k/images/heldout/H004558.png,data/corrupted/100k_blur_15x15_s5/heldout/H004558.png,464
45796,464,H004559,data/splits/100k/images/heldout/H004559.png,data/corrupted/100k_blur_15x15_s5/heldout/H004559.png,464
75362,900,H004560,data/splits/100k/images/heldout/H004560.png,data/corrupted/100k_blur_15x15_s5/heldout/H004560.png,900
75385,900,H004561,data/splits/100k/images/heldout/H004561.png,data/corrupted/100k_blur_15x15_s5/heldout/H004561.png,900
75358,900,H004562,data/splits/100k/images/heldout/H004562.png,data/corrupted/100k_blur_15x15_s5/heldout/H004562.png,900
75304,900,H004563,data/splits/100k/images/heldout/H004563.png,data/corrupted/100k_blur_15x15_s5/heldout/H004563.png,900
81616,988,H004564,data/splits/100k/images/heldout/H004564.png,data/corrupted/100k_blur_15x15_s5/heldout/H004564.png,988
81667,988,H004565,data/splits/100k/images/heldout/H004565.png,data/corrupted/100k_blur_15x15_s5/heldout/H004565.png,988
81608,988,H004566,data/splits/100k/images/heldout/H004566.png,data/corrupted/100k_blur_15x15_s5/heldout/H004566.png,988
81653,988,H004567,data/splits/100k/images/heldout/H004567.png,data/corrupted/100k_blur_15x15_s5/heldout/H004567.png,988
86962,1049,H004568,data/splits/100k/images/heldout/H004568.png,data/corrupted/100k_blur_15x15_s5/heldout/H004568.png,1049
86967,1049,H004569,data/splits/100k/images/heldout/H004569.png,data/corrupted/100k_blur_15x15_s5/heldout/H004569.png,1049
86959,1049,H004570,data/splits/100k/images/heldout/H004570.png,data/corrupted/100k_blur_15x15_s5/heldout/H004570.png,1049
86930,1049,H004571,data/splits/100k/images/heldout/H004571.png,data/corrupted/100k_blur_15x15_s5/heldout/H004571.png,1049
110016,1372,H004572,data/splits/100k/images/heldout/H004572.png,data/corrupted/100k_blur_15x15_s5/heldout/H004572.png,1372
110045,1372,H004573,data/splits/100k/images/heldout/H004573.png,data/corrupted/100k_blur_15x15_s5/heldout/H004573.png,1372
110052,1372,H004574,data/splits/100k/images/heldout/H004574.png,data/corrupted/100k_blur_15x15_s5/heldout/H004574.png,1372
110081,1372,H004575,data/splits/100k/images/heldout/H004575.png,data/corrupted/100k_blur_15x15_s5/heldout/H004575.png,1372
138299,1992,H004576,data/splits/100k/images/heldout/H004576.png,data/corrupted/100k_blur_15x15_s5/heldout/H004576.png,1992
138312,1992,H004577,data/splits/100k/images/heldout/H004577.png,data/corrupted/100k_blur_15x15_s5/heldout/H004577.png,1992
138282,1992,H004578,data/splits/100k/images/heldout/H004578.png,data/corrupted/100k_blur_15x15_s5/heldout/H004578.png,1992
138241,1992,H004579,data/splits/100k/images/heldout/H004579.png,data/corrupted/100k_blur_15x15_s5/heldout/H004579.png,1992
200260,3265,H004580,data/splits/100k/images/heldout/H004580.png,data/corrupted/100k_blur_15x15_s5/heldout/H004580.png,3265
200266,3265,H004581,data/splits/100k/images/heldout/H004581.png,data/corrupted/100k_blur_15x15_s5/heldout/H004581.png,3265
200335,3265,H004582,data/splits/100k/images/heldout/H004582.png,data/corrupted/100k_blur_15x15_s5/heldout/H004582.png,3265
200274,3265,H004583,data/splits/100k/images/heldout/H004583.png,data/corrupted/100k_blur_15x15_s5/heldout/H004583.png,3265
203130,3330,H004584,data/splits/100k/images/heldout/H004584.png,data/corrupted/100k_blur_15x15_s5/heldout/H004584.png,3330
203151,3330,H004585,data/splits/100k/images/heldout/H004585.png,data/corrupted/100k_blur_15x15_s5/heldout/H004585.png,3330
203111,3330,H004586,data/splits/100k/images/heldout/H004586.png,data/corrupted/100k_blur_15x15_s5/heldout/H004586.png,3330
203093,3330,H004587,data/splits/100k/images/heldout/H004587.png,data/corrupted/100k_blur_15x15_s5/heldout/H004587.png,3330
216137,3610,H004588,data/splits/100k/images/heldout/H004588.png,data/corrupted/100k_blur_15x15_s5/heldout/H004588.png,3610
216129,3610,H004589,data/splits/100k/images/heldout/H004589.png,data/corrupted/100k_blur_15x15_s5/heldout/H004589.png,3610
216074,3610,H004590,data/splits/100k/images/heldout/H004590.png,data/corrupted/100k_blur_15x15_s5/heldout/H004590.png,3610
216123,3610,H004591,data/splits/100k/images/heldout/H004591.png,data/corrupted/100k_blur_15x15_s5/heldout/H004591.png,3610
238701,4098,H004592,data/splits/100k/images/heldout/H004592.png,data/corrupted/100k_blur_15x15_s5/heldout/H004592.png,4098
238648,4098,H004593,data/splits/100k/images/heldout/H004593.png,data/corrupted/100k_blur_15x15_s5/heldout/H004593.png,4098
238643,4098,H004594,data/splits/100k/images/heldout/H004594.png,data/corrupted/100k_blur_15x15_s5/heldout/H004594.png,4098
238639,4098,H004595,data/splits/100k/images/heldout/H004595.png,data/corrupted/100k_blur_15x15_s5/heldout/H004595.png,4098
340687,6324,H004596,data/splits/100k/images/heldout/H004596.png,data/corrupted/100k_blur_15x15_s5/heldout/H004596.png,6324
340736,6324,H004597,data/splits/100k/images/heldout/H004597.png,data/corrupted/100k_blur_15x15_s5/heldout/H004597.png,6324
340688,6324,H004598,data/splits/100k/images/heldout/H004598.png,data/corrupted/100k_blur_15x15_s5/heldout/H004598.png,6324
340707,6324,H004599,data/splits/100k/images/heldout/H004599.png,data/corrupted/100k_blur_15x15_s5/heldout/H004599.png,6324
345531,6406,H004600,data/splits/100k/images/heldout/H004600.png,data/corrupted/100k_blur_15x15_s5/heldout/H004600.png,6406
345558,6406,H004601,data/splits/100k/images/heldout/H004601.png,data/corrupted/100k_blur_15x15_s5/heldout/H004601.png,6406
345519,6406,H004602,data/splits/100k/images/heldout/H004602.png,data/corrupted/100k_blur_15x15_s5/heldout/H004602.png,6406
345598,6406,H004603,data/splits/100k/images/heldout/H004603.png,data/corrupted/100k_blur_15x15_s5/heldout/H004603.png,6406
420092,8381,H004604,data/splits/100k/images/heldout/H004604.png,data/corrupted/100k_blur_15x15_s5/heldout/H004604.png,8381
420060,8381,H004605,data/splits/100k/images/heldout/H004605.png,data/corrupted/100k_blur_15x15_s5/heldout/H004605.png,8381
420087,8381,H004606,data/splits/100k/images/heldout/H004606.png,data/corrupted/100k_blur_15x15_s5/heldout/H004606.png,8381
420108,8381,H004607,data/splits/100k/images/heldout/H004607.png,data/corrupted/100k_blur_15x15_s5/heldout/H004607.png,8381
452551,9292,H004608,data/splits/100k/images/heldout/H004608.png,data/corrupted/100k_blur_15x15_s5/heldout/H004608.png,9292
452605,9292,H004609,data/splits/100k/images/heldout/H004609.png,data/corrupted/100k_blur_15x15_s5/heldout/H004609.png,9292
452601,9292,H004610,data/splits/100k/images/heldout/H004610.png,data/corrupted/100k_blur_15x15_s5/heldout/H004610.png,9292
452550,9292,H004611,data/splits/100k/images/heldout/H004611.png,data/corrupted/100k_blur_15x15_s5/heldout/H004611.png,9292
474367,9987,H004612,data/splits/100k/images/heldout/H004612.png,data/corrupted/100k_blur_15x15_s5/heldout/H004612.png,9987
474359,9987,H004613,data/splits/100k/images/heldout/H004613.png,data/corrupted/100k_blur_15x15_s5/heldout/H004613.png,9987
474355,9987,H004614,data/splits/100k/images/heldout/H004614.png,data/corrupted/100k_blur_15x15_s5/heldout/H004614.png,9987
474393,9987,H004615,data/splits/100k/images/heldout/H004615.png,data/corrupted/100k_blur_15x15_s5/heldout/H004615.png,9987
480804,10206,H004616,data/splits/100k/images/heldout/H004616.png,data/corrupted/100k_blur_15x15_s5/heldout/H004616.png,10206
480778,10206,H004617,data/splits/100k/images/heldout/H004617.png,data/corrupted/100k_blur_15x15_s5/heldout/H004617.png,10206
480813,10206,H004618,data/splits/100k/images/heldout/H004618.png,data/corrupted/100k_blur_15x15_s5/heldout/H004618.png,10206
480794,10206,H004619,data/splits/100k/images/heldout/H004619.png,data/corrupted/100k_blur_15x15_s5/heldout/H004619.png,10206
10693,65,H004620,data/splits/100k/images/heldout/H004620.png,data/corrupted/100k_blur_15x15_s5/heldout/H004620.png,65
10731,65,H004621,data/splits/100k/images/heldout/H004621.png,data/corrupted/100k_blur_15x15_s5/heldout/H004621.png,65
10713,65,H004622,data/splits/100k/images/heldout/H004622.png,data/corrupted/100k_blur_15x15_s5/heldout/H004622.png,65
10702,65,H004623,data/splits/100k/images/heldout/H004623.png,data/corrupted/100k_blur_15x15_s5/heldout/H004623.png,65
14004,90,H004624,data/splits/100k/images/heldout/H004624.png,data/corrupted/100k_blur_15x15_s5/heldout/H004624.png,90
14013,90,H004625,data/splits/100k/images/heldout/H004625.png,data/corrupted/100k_blur_15x15_s5/heldout/H004625.png,90
13975,90,H004626,data/splits/100k/images/heldout/H004626.png,data/corrupted/100k_blur_15x15_s5/heldout/H004626.png,90
14018,90,H004627,data/splits/100k/images/heldout/H004627.png,data/corrupted/100k_blur_15x15_s5/heldout/H004627.png,90
32086,267,H004628,data/splits/100k/images/heldout/H004628.png,data/corrupted/100k_blur_15x15_s5/heldout/H004628.png,267
32095,267,H004629,data/splits/100k/images/heldout/H004629.png,data/corrupted/100k_blur_15x15_s5/heldout/H004629.png,267
32104,267,H004630,data/splits/100k/images/heldout/H004630.png,data/corrupted/100k_blur_15x15_s5/heldout/H004630.png,267
32152,267,H004631,data/splits/100k/images/heldout/H004631.png,data/corrupted/100k_blur_15x15_s5/heldout/H004631.png,267
38884,370,H004632,data/splits/100k/images/heldout/H004632.png,data/corrupted/100k_blur_15x15_s5/heldout/H004632.png,370
38853,370,H004633,data/splits/100k/images/heldout/H004633.png,data/corrupted/100k_blur_15x15_s5/heldout/H004633.png,370
38861,370,H004634,data/splits/100k/images/heldout/H004634.png,data/corrupted/100k_blur_15x15_s5/heldout/H004634.png,370
38870,370,H004635,data/splits/100k/images/heldout/H004635.png,data/corrupted/100k_blur_15x15_s5/heldout/H004635.png,370
38945,371,H004636,data/splits/100k/images/heldout/H004636.png,data/corrupted/100k_blur_15x15_s5/heldout/H004636.png,371
38986,371,H004637,data/splits/100k/images/heldout/H004637.png,data/corrupted/100k_blur_15x15_s5/heldout/H004637.png,371
38961,371,H004638,data/splits/100k/images/heldout/H004638.png,data/corrupted/100k_blur_15x15_s5/heldout/H004638.png,371
39017,371,H004639,data/splits/100k/images/heldout/H004639.png,data/corrupted/100k_blur_15x15_s5/heldout/H004639.png,371
53676,567,H004640,data/splits/100k/images/heldout/H004640.png,data/corrupted/100k_blur_15x15_s5/heldout/H004640.png,567
53721,567,H004641,data/splits/100k/images/heldout/H004641.png,data/corrupted/100k_blur_15x15_s5/heldout/H004641.png,567
53666,567,H004642,data/splits/100k/images/heldout/H004642.png,data/corrupted/100k_blur_15x15_s5/heldout/H004642.png,567
53706,567,H004643,data/splits/100k/images/heldout/H004643.png,data/corrupted/100k_blur_15x15_s5/heldout/H004643.png,567
124444,1679,H004644,data/splits/100k/images/heldout/H004644.png,data/corrupted/100k_blur_15x15_s5/heldout/H004644.png,1679
124502,1679,H004645,data/splits/100k/images/heldout/H004645.png,data/corrupted/100k_blur_15x15_s5/heldout/H004645.png,1679
124480,1679,H004646,data/splits/100k/images/heldout/H004646.png,data/corrupted/100k_blur_15x15_s5/heldout/H004646.png,1679
124466,1679,H004647,data/splits/100k/images/heldout/H004647.png,data/corrupted/100k_blur_15x15_s5/heldout/H004647.png,1679
143524,2083,H004648,data/splits/100k/images/heldout/H004648.png,data/corrupted/100k_blur_15x15_s5/heldout/H004648.png,2083
143533,2083,H004649,data/splits/100k/images/heldout/H004649.png,data/corrupted/100k_blur_15x15_s5/heldout/H004649.png,2083
143544,2083,H004650,data/splits/100k/images/heldout/H004650.png,data/corrupted/100k_blur_15x15_s5/heldout/H004650.png,2083
143561,2083,H004651,data/splits/100k/images/heldout/H004651.png,data/corrupted/100k_blur_15x15_s5/heldout/H004651.png,2083
149547,2196,H004652,data/splits/100k/images/heldout/H004652.png,data/corrupted/100k_blur_15x15_s5/heldout/H004652.png,2196
149611,2196,H004653,data/splits/100k/images/heldout/H004653.png,data/corrupted/100k_blur_15x15_s5/heldout/H004653.png,2196
149533,2196,H004654,data/splits/100k/images/heldout/H004654.png,data/corrupted/100k_blur_15x15_s5/heldout/H004654.png,2196
149542,2196,H004655,data/splits/100k/images/heldout/H004655.png,data/corrupted/100k_blur_15x15_s5/heldout/H004655.png,2196
169306,2613,H004656,data/splits/100k/images/heldout/H004656.png,data/corrupted/100k_blur_15x15_s5/heldout/H004656.png,2613
169343,2613,H004657,data/splits/100k/images/heldout/H004657.png,data/corrupted/100k_blur_15x15_s5/heldout/H004657.png,2613
169281,2613,H004658,data/splits/100k/images/heldout/H004658.png,data/corrupted/100k_blur_15x15_s5/heldout/H004658.png,2613
169283,2613,H004659,data/splits/100k/images/heldout/H004659.png,data/corrupted/100k_blur_15x15_s5/heldout/H004659.png,2613
169819,2626,H004660,data/splits/100k/images/heldout/H004660.png,data/corrupted/100k_blur_15x15_s5/heldout/H004660.png,2626
169827,2626,H004661,data/splits/100k/images/heldout/H004661.png,data/corrupted/100k_blur_15x15_s5/heldout/H004661.png,2626
169762,2626,H004662,data/splits/100k/images/heldout/H004662.png,data/corrupted/100k_blur_15x15_s5/heldout/H004662.png,2626
169800,2626,H004663,data/splits/100k/images/heldout/H004663.png,data/corrupted/100k_blur_15x15_s5/heldout/H004663.png,2626
179515,2794,H004664,data/splits/100k/images/heldout/H004664.png,data/corrupted/100k_blur_15x15_s5/heldout/H004664.png,2794
179514,2794,H004665,data/splits/100k/images/heldout/H004665.png,data/corrupted/100k_blur_15x15_s5/heldout/H004665.png,2794
179546,2794,H004666,data/splits/100k/images/heldout/H004666.png,data/corrupted/100k_blur_15x15_s5/heldout/H004666.png,2794
179547,2794,H004667,data/splits/100k/images/heldout/H004667.png,data/corrupted/100k_blur_15x15_s5/heldout/H004667.png,2794
184554,2906,H004668,data/splits/100k/images/heldout/H004668.png,data/corrupted/100k_blur_15x15_s5/heldout/H004668.png,2906
184565,2906,H004669,data/splits/100k/images/heldout/H004669.png,data/corrupted/100k_blur_15x15_s5/heldout/H004669.png,2906
184611,2906,H004670,data/splits/100k/images/heldout/H004670.png,data/corrupted/100k_blur_15x15_s5/heldout/H004670.png,2906
184559,2906,H004671,data/splits/100k/images/heldout/H004671.png,data/corrupted/100k_blur_15x15_s5/heldout/H004671.png,2906
193532,3103,H004672,data/splits/100k/images/heldout/H004672.png,data/corrupted/100k_blur_15x15_s5/heldout/H004672.png,3103
193535,3103,H004673,data/splits/100k/images/heldout/H004673.png,data/corrupted/100k_blur_15x15_s5/heldout/H004673.png,3103
193502,3103,H004674,data/splits/100k/images/heldout/H004674.png,data/corrupted/100k_blur_15x15_s5/heldout/H004674.png,3103
193500,3103,H004675,data/splits/100k/images/heldout/H004675.png,data/corrupted/100k_blur_15x15_s5/heldout/H004675.png,3103
241748,4162,H004676,data/splits/100k/images/heldout/H004676.png,data/corrupted/100k_blur_15x15_s5/heldout/H004676.png,4162
241772,4162,H004677,data/splits/100k/images/heldout/H004677.png,data/corrupted/100k_blur_15x15_s5/heldout/H004677.png,4162
241749,4162,H004678,data/splits/100k/images/heldout/H004678.png,data/corrupted/100k_blur_15x15_s5/heldout/H004678.png,4162
241725,4162,H004679,data/splits/100k/images/heldout/H004679.png,data/corrupted/100k_blur_15x15_s5/heldout/H004679.png,4162
243313,4190,H004680,data/splits/100k/images/heldout/H004680.png,data/corrupted/100k_blur_15x15_s5/heldout/H004680.png,4190
243355,4190,H004681,data/splits/100k/images/heldout/H004681.png,data/corrupted/100k_blur_15x15_s5/heldout/H004681.png,4190
243361,4190,H004682,data/splits/100k/images/heldout/H004682.png,data/corrupted/100k_blur_15x15_s5/heldout/H004682.png,4190
243386,4190,H004683,data/splits/100k/images/heldout/H004683.png,data/corrupted/100k_blur_15x15_s5/heldout/H004683.png,4190
255227,4420,H004684,data/splits/100k/images/heldout/H004684.png,data/corrupted/100k_blur_15x15_s5/heldout/H004684.png,4420
255223,4420,H004685,data/splits/100k/images/heldout/H004685.png,data/corrupted/100k_blur_15x15_s5/heldout/H004685.png,4420
255228,4420,H004686,data/splits/100k/images/heldout/H004686.png,data/corrupted/100k_blur_15x15_s5/heldout/H004686.png,4420
255214,4420,H004687,data/splits/100k/images/heldout/H004687.png,data/corrupted/100k_blur_15x15_s5/heldout/H004687.png,4420
255873,4432,H004688,data/splits/100k/images/heldout/H004688.png,data/corrupted/100k_blur_15x15_s5/heldout/H004688.png,4432
255915,4432,H004689,data/splits/100k/images/heldout/H004689.png,data/corrupted/100k_blur_15x15_s5/heldout/H004689.png,4432
255863,4432,H004690,data/splits/100k/images/heldout/H004690.png,data/corrupted/100k_blur_15x15_s5/heldout/H004690.png,4432
255854,4432,H004691,data/splits/100k/images/heldout/H004691.png,data/corrupted/100k_blur_15x15_s5/heldout/H004691.png,4432
266862,4693,H004692,data/splits/100k/images/heldout/H004692.png,data/corrupted/100k_blur_15x15_s5/heldout/H004692.png,4693
266923,4693,H004693,data/splits/100k/images/heldout/H004693.png,data/corrupted/100k_blur_15x15_s5/heldout/H004693.png,4693
266931,4693,H004694,data/splits/100k/images/heldout/H004694.png,data/corrupted/100k_blur_15x15_s5/heldout/H004694.png,4693
266883,4693,H004695,data/splits/100k/images/heldout/H004695.png,data/corrupted/100k_blur_15x15_s5/heldout/H004695.png,4693
268967,4732,H004696,data/splits/100k/images/heldout/H004696.png,data/corrupted/100k_blur_15x15_s5/heldout/H004696.png,4732
268951,4732,H004697,data/splits/100k/images/heldout/H004697.png,data/corrupted/100k_blur_15x15_s5/heldout/H004697.png,4732
269000,4732,H004698,data/splits/100k/images/heldout/H004698.png,data/corrupted/100k_blur_15x15_s5/heldout/H004698.png,4732
268944,4732,H004699,data/splits/100k/images/heldout/H004699.png,data/corrupted/100k_blur_15x15_s5/heldout/H004699.png,4732
272787,4831,H004700,data/splits/100k/images/heldout/H004700.png,data/corrupted/100k_blur_15x15_s5/heldout/H004700.png,4831
272785,4831,H004701,data/splits/100k/images/heldout/H004701.png,data/corrupted/100k_blur_15x15_s5/heldout/H004701.png,4831
272804,4831,H004702,data/splits/100k/images/heldout/H004702.png,data/corrupted/100k_blur_15x15_s5/heldout/H004702.png,4831
272733,4831,H004703,data/splits/100k/images/heldout/H004703.png,data/corrupted/100k_blur_15x15_s5/heldout/H004703.png,4831
277177,4939,H004704,data/splits/100k/images/heldout/H004704.png,data/corrupted/100k_blur_15x15_s5/heldout/H004704.png,4939
277186,4939,H004705,data/splits/100k/images/heldout/H004705.png,data/corrupted/100k_blur_15x15_s5/heldout/H004705.png,4939
277128,4939,H004706,data/splits/100k/images/heldout/H004706.png,data/corrupted/100k_blur_15x15_s5/heldout/H004706.png,4939
277156,4939,H004707,data/splits/100k/images/heldout/H004707.png,data/corrupted/100k_blur_15x15_s5/heldout/H004707.png,4939
281542,5026,H004708,data/splits/100k/images/heldout/H004708.png,data/corrupted/100k_blur_15x15_s5/heldout/H004708.png,5026
281551,5026,H004709,data/splits/100k/images/heldout/H004709.png,data/corrupted/100k_blur_15x15_s5/heldout/H004709.png,5026
281546,5026,H004710,data/splits/100k/images/heldout/H004710.png,data/corrupted/100k_blur_15x15_s5/heldout/H004710.png,5026
281559,5026,H004711,data/splits/100k/images/heldout/H004711.png,data/corrupted/100k_blur_15x15_s5/heldout/H004711.png,5026
286867,5132,H004712,data/splits/100k/images/heldout/H004712.png,data/corrupted/100k_blur_15x15_s5/heldout/H004712.png,5132
286895,5132,H004713,data/splits/100k/images/heldout/H004713.png,data/corrupted/100k_blur_15x15_s5/heldout/H004713.png,5132
286865,5132,H004714,data/splits/100k/images/heldout/H004714.png,data/corrupted/100k_blur_15x15_s5/heldout/H004714.png,5132
286878,5132,H004715,data/splits/100k/images/heldout/H004715.png,data/corrupted/100k_blur_15x15_s5/heldout/H004715.png,5132
345031,6394,H004716,data/splits/100k/images/heldout/H004716.png,data/corrupted/100k_blur_15x15_s5/heldout/H004716.png,6394
345100,6394,H004717,data/splits/100k/images/heldout/H004717.png,data/corrupted/100k_blur_15x15_s5/heldout/H004717.png,6394
345068,6394,H004718,data/splits/100k/images/heldout/H004718.png,data/corrupted/100k_blur_15x15_s5/heldout/H004718.png,6394
345033,6394,H004719,data/splits/100k/images/heldout/H004719.png,data/corrupted/100k_blur_15x15_s5/heldout/H004719.png,6394
394651,7665,H004720,data/splits/100k/images/heldout/H004720.png,data/corrupted/100k_blur_15x15_s5/heldout/H004720.png,7665
394600,7665,H004721,data/splits/100k/images/heldout/H004721.png,data/corrupted/100k_blur_15x15_s5/heldout/H004721.png,7665
394668,7665,H004722,data/splits/100k/images/heldout/H004722.png,data/corrupted/100k_blur_15x15_s5/heldout/H004722.png,7665
394632,7665,H004723,data/splits/100k/images/heldout/H004723.png,data/corrupted/100k_blur_15x15_s5/heldout/H004723.png,7665
399963,7811,H004724,data/splits/100k/images/heldout/H004724.png,data/corrupted/100k_blur_15x15_s5/heldout/H004724.png,7811
399947,7811,H004725,data/splits/100k/images/heldout/H004725.png,data/corrupted/100k_blur_15x15_s5/heldout/H004725.png,7811
400014,7811,H004726,data/splits/100k/images/heldout/H004726.png,data/corrupted/100k_blur_15x15_s5/heldout/H004726.png,7811
399983,7811,H004727,data/splits/100k/images/heldout/H004727.png,data/corrupted/100k_blur_15x15_s5/heldout/H004727.png,7811
401002,7845,H004728,data/splits/100k/images/heldout/H004728.png,data/corrupted/100k_blur_15x15_s5/heldout/H004728.png,7845
401001,7845,H004729,data/splits/100k/images/heldout/H004729.png,data/corrupted/100k_blur_15x15_s5/heldout/H004729.png,7845
400995,7845,H004730,data/splits/100k/images/heldout/H004730.png,data/corrupted/100k_blur_15x15_s5/heldout/H004730.png,7845
401005,7845,H004731,data/splits/100k/images/heldout/H004731.png,data/corrupted/100k_blur_15x15_s5/heldout/H004731.png,7845
432887,8732,H004732,data/splits/100k/images/heldout/H004732.png,data/corrupted/100k_blur_15x15_s5/heldout/H004732.png,8732
432886,8732,H004733,data/splits/100k/images/heldout/H004733.png,data/corrupted/100k_blur_15x15_s5/heldout/H004733.png,8732
432879,8732,H004734,data/splits/100k/images/heldout/H004734.png,data/corrupted/100k_blur_15x15_s5/heldout/H004734.png,8732
432917,8732,H004735,data/splits/100k/images/heldout/H004735.png,data/corrupted/100k_blur_15x15_s5/heldout/H004735.png,8732
465694,9724,H004736,data/splits/100k/images/heldout/H004736.png,data/corrupted/100k_blur_15x15_s5/heldout/H004736.png,9724
465649,9724,H004737,data/splits/100k/images/heldout/H004737.png,data/corrupted/100k_blur_15x15_s5/heldout/H004737.png,9724
465701,9724,H004738,data/splits/100k/images/heldout/H004738.png,data/corrupted/100k_blur_15x15_s5/heldout/H004738.png,9724
465646,9724,H004739,data/splits/100k/images/heldout/H004739.png,data/corrupted/100k_blur_15x15_s5/heldout/H004739.png,9724
471787,9906,H004740,data/splits/100k/images/heldout/H004740.png,data/corrupted/100k_blur_15x15_s5/heldout/H004740.png,9906
471772,9906,H004741,data/splits/100k/images/heldout/H004741.png,data/corrupted/100k_blur_15x15_s5/heldout/H004741.png,9906
471756,9906,H004742,data/splits/100k/images/heldout/H004742.png,data/corrupted/100k_blur_15x15_s5/heldout/H004742.png,9906
471786,9906,H004743,data/splits/100k/images/heldout/H004743.png,data/corrupted/100k_blur_15x15_s5/heldout/H004743.png,9906
478306,10120,H004744,data/splits/100k/images/heldout/H004744.png,data/corrupted/100k_blur_15x15_s5/heldout/H004744.png,10120
478288,10120,H004745,data/splits/100k/images/heldout/H004745.png,data/corrupted/100k_blur_15x15_s5/heldout/H004745.png,10120
478311,10120,H004746,data/splits/100k/images/heldout/H004746.png,data/corrupted/100k_blur_15x15_s5/heldout/H004746.png,10120
478332,10120,H004747,data/splits/100k/images/heldout/H004747.png,data/corrupted/100k_blur_15x15_s5/heldout/H004747.png,10120
28164,233,H004748,data/splits/100k/images/heldout/H004748.png,data/corrupted/100k_blur_15x15_s5/heldout/H004748.png,233
28128,233,H004749,data/splits/100k/images/heldout/H004749.png,data/corrupted/100k_blur_15x15_s5/heldout/H004749.png,233
28171,233,H004750,data/splits/100k/images/heldout/H004750.png,data/corrupted/100k_blur_15x15_s5/heldout/H004750.png,233
28166,233,H004751,data/splits/100k/images/heldout/H004751.png,data/corrupted/100k_blur_15x15_s5/heldout/H004751.png,233
32510,275,H004752,data/splits/100k/images/heldout/H004752.png,data/corrupted/100k_blur_15x15_s5/heldout/H004752.png,275
32527,275,H004753,data/splits/100k/images/heldout/H004753.png,data/corrupted/100k_blur_15x15_s5/heldout/H004753.png,275
32522,275,H004754,data/splits/100k/images/heldout/H004754.png,data/corrupted/100k_blur_15x15_s5/heldout/H004754.png,275
32519,275,H004755,data/splits/100k/images/heldout/H004755.png,data/corrupted/100k_blur_15x15_s5/heldout/H004755.png,275
61852,683,H004756,data/splits/100k/images/heldout/H004756.png,data/corrupted/100k_blur_15x15_s5/heldout/H004756.png,683
61843,683,H004757,data/splits/100k/images/heldout/H004757.png,data/corrupted/100k_blur_15x15_s5/heldout/H004757.png,683
61822,683,H004758,data/splits/100k/images/heldout/H004758.png,data/corrupted/100k_blur_15x15_s5/heldout/H004758.png,683
61880,683,H004759,data/splits/100k/images/heldout/H004759.png,data/corrupted/100k_blur_15x15_s5/heldout/H004759.png,683
102134,1243,H004760,data/splits/100k/images/heldout/H004760.png,data/corrupted/100k_blur_15x15_s5/heldout/H004760.png,1243
102127,1243,H004761,data/splits/100k/images/heldout/H004761.png,data/corrupted/100k_blur_15x15_s5/heldout/H004761.png,1243
102149,1243,H004762,data/splits/100k/images/heldout/H004762.png,data/corrupted/100k_blur_15x15_s5/heldout/H004762.png,1243
102104,1243,H004763,data/splits/100k/images/heldout/H004763.png,data/corrupted/100k_blur_15x15_s5/heldout/H004763.png,1243
106206,1306,H004764,data/splits/100k/images/heldout/H004764.png,data/corrupted/100k_blur_15x15_s5/heldout/H004764.png,1306
106193,1306,H004765,data/splits/100k/images/heldout/H004765.png,data/corrupted/100k_blur_15x15_s5/heldout/H004765.png,1306
106202,1306,H004766,data/splits/100k/images/heldout/H004766.png,data/corrupted/100k_blur_15x15_s5/heldout/H004766.png,1306
106239,1306,H004767,data/splits/100k/images/heldout/H004767.png,data/corrupted/100k_blur_15x15_s5/heldout/H004767.png,1306
124620,1685,H004768,data/splits/100k/images/heldout/H004768.png,data/corrupted/100k_blur_15x15_s5/heldout/H004768.png,1685
124658,1685,H004769,data/splits/100k/images/heldout/H004769.png,data/corrupted/100k_blur_15x15_s5/heldout/H004769.png,1685
124653,1685,H004770,data/splits/100k/images/heldout/H004770.png,data/corrupted/100k_blur_15x15_s5/heldout/H004770.png,1685
124623,1685,H004771,data/splits/100k/images/heldout/H004771.png,data/corrupted/100k_blur_15x15_s5/heldout/H004771.png,1685
186264,2949,H004772,data/splits/100k/images/heldout/H004772.png,data/corrupted/100k_blur_15x15_s5/heldout/H004772.png,2949
186331,2949,H004773,data/splits/100k/images/heldout/H004773.png,data/corrupted/100k_blur_15x15_s5/heldout/H004773.png,2949
186308,2949,H004774,data/splits/100k/images/heldout/H004774.png,data/corrupted/100k_blur_15x15_s5/heldout/H004774.png,2949
186310,2949,H004775,data/splits/100k/images/heldout/H004775.png,data/corrupted/100k_blur_15x15_s5/heldout/H004775.png,2949
203623,3343,H004776,data/splits/100k/images/heldout/H004776.png,data/corrupted/100k_blur_15x15_s5/heldout/H004776.png,3343
203618,3343,H004777,data/splits/100k/images/heldout/H004777.png,data/corrupted/100k_blur_15x15_s5/heldout/H004777.png,3343
203673,3343,H004778,data/splits/100k/images/heldout/H004778.png,data/corrupted/100k_blur_15x15_s5/heldout/H004778.png,3343
203679,3343,H004779,data/splits/100k/images/heldout/H004779.png,data/corrupted/100k_blur_15x15_s5/heldout/H004779.png,3343
222651,3746,H004780,data/splits/100k/images/heldout/H004780.png,data/corrupted/100k_blur_15x15_s5/heldout/H004780.png,3746
222582,3746,H004781,data/splits/100k/images/heldout/H004781.png,data/corrupted/100k_blur_15x15_s5/heldout/H004781.png,3746
222585,3746,H004782,data/splits/100k/images/heldout/H004782.png,data/corrupted/100k_blur_15x15_s5/heldout/H004782.png,3746
222575,3746,H004783,data/splits/100k/images/heldout/H004783.png,data/corrupted/100k_blur_15x15_s5/heldout/H004783.png,3746
262309,4585,H004784,data/splits/100k/images/heldout/H004784.png,data/corrupted/100k_blur_15x15_s5/heldout/H004784.png,4585
262261,4585,H004785,data/splits/100k/images/heldout/H004785.png,data/corrupted/100k_blur_15x15_s5/heldout/H004785.png,4585
262290,4585,H004786,data/splits/100k/images/heldout/H004786.png,data/corrupted/100k_blur_15x15_s5/heldout/H004786.png,4585
262269,4585,H004787,data/splits/100k/images/heldout/H004787.png,data/corrupted/100k_blur_15x15_s5/heldout/H004787.png,4585
343245,6361,H004788,data/splits/100k/images/heldout/H004788.png,data/corrupted/100k_blur_15x15_s5/heldout/H004788.png,6361
343320,6361,H004789,data/splits/100k/images/heldout/H004789.png,data/corrupted/100k_blur_15x15_s5/heldout/H004789.png,6361
343268,6361,H004790,data/splits/100k/images/heldout/H004790.png,data/corrupted/100k_blur_15x15_s5/heldout/H004790.png,6361
343259,6361,H004791,data/splits/100k/images/heldout/H004791.png,data/corrupted/100k_blur_15x15_s5/heldout/H004791.png,6361
345620,6407,H004792,data/splits/100k/images/heldout/H004792.png,data/corrupted/100k_blur_15x15_s5/heldout/H004792.png,6407
345624,6407,H004793,data/splits/100k/images/heldout/H004793.png,data/corrupted/100k_blur_15x15_s5/heldout/H004793.png,6407
345668,6407,H004794,data/splits/100k/images/heldout/H004794.png,data/corrupted/100k_blur_15x15_s5/heldout/H004794.png,6407
345602,6407,H004795,data/splits/100k/images/heldout/H004795.png,data/corrupted/100k_blur_15x15_s5/heldout/H004795.png,6407
364121,6851,H004796,data/splits/100k/images/heldout/H004796.png,data/corrupted/100k_blur_15x15_s5/heldout/H004796.png,6851
364169,6851,H004797,data/splits/100k/images/heldout/H004797.png,data/corrupted/100k_blur_15x15_s5/heldout/H004797.png,6851
364094,6851,H004798,data/splits/100k/images/heldout/H004798.png,data/corrupted/100k_blur_15x15_s5/heldout/H004798.png,6851
364141,6851,H004799,data/splits/100k/images/heldout/H004799.png,data/corrupted/100k_blur_15x15_s5/heldout/H004799.png,6851
369218,6981,H004800,data/splits/100k/images/heldout/H004800.png,data/corrupted/100k_blur_15x15_s5/heldout/H004800.png,6981
369209,6981,H004801,data/splits/100k/images/heldout/H004801.png,data/corrupted/100k_blur_15x15_s5/heldout/H004801.png,6981
369226,6981,H004802,data/splits/100k/images/heldout/H004802.png,data/corrupted/100k_blur_15x15_s5/heldout/H004802.png,6981
369198,6981,H004803,data/splits/100k/images/heldout/H004803.png,data/corrupted/100k_blur_15x15_s5/heldout/H004803.png,6981
396062,7706,H004804,data/splits/100k/images/heldout/H004804.png,data/corrupted/100k_blur_15x15_s5/heldout/H004804.png,7706
396063,7706,H004805,data/splits/100k/images/heldout/H004805.png,data/corrupted/100k_blur_15x15_s5/heldout/H004805.png,7706
396113,7706,H004806,data/splits/100k/images/heldout/H004806.png,data/corrupted/100k_blur_15x15_s5/heldout/H004806.png,7706
396080,7706,H004807,data/splits/100k/images/heldout/H004807.png,data/corrupted/100k_blur_15x15_s5/heldout/H004807.png,7706
445230,9084,H004808,data/splits/100k/images/heldout/H004808.png,data/corrupted/100k_blur_15x15_s5/heldout/H004808.png,9084
445234,9084,H004809,data/splits/100k/images/heldout/H004809.png,data/corrupted/100k_blur_15x15_s5/heldout/H004809.png,9084
445225,9084,H004810,data/splits/100k/images/heldout/H004810.png,data/corrupted/100k_blur_15x15_s5/heldout/H004810.png,9084
445182,9084,H004811,data/splits/100k/images/heldout/H004811.png,data/corrupted/100k_blur_15x15_s5/heldout/H004811.png,9084
445859,9106,H004812,data/splits/100k/images/heldout/H004812.png,data/corrupted/100k_blur_15x15_s5/heldout/H004812.png,9106
445839,9106,H004813,data/splits/100k/images/heldout/H004813.png,data/corrupted/100k_blur_15x15_s5/heldout/H004813.png,9106
445873,9106,H004814,data/splits/100k/images/heldout/H004814.png,data/corrupted/100k_blur_15x15_s5/heldout/H004814.png,9106
445877,9106,H004815,data/splits/100k/images/heldout/H004815.png,data/corrupted/100k_blur_15x15_s5/heldout/H004815.png,9106
453560,9325,H004816,data/splits/100k/images/heldout/H004816.png,data/corrupted/100k_blur_15x15_s5/heldout/H004816.png,9325
453550,9325,H004817,data/splits/100k/images/heldout/H004817.png,data/corrupted/100k_blur_15x15_s5/heldout/H004817.png,9325
453537,9325,H004818,data/splits/100k/images/heldout/H004818.png,data/corrupted/100k_blur_15x15_s5/heldout/H004818.png,9325
453507,9325,H004819,data/splits/100k/images/heldout/H004819.png,data/corrupted/100k_blur_15x15_s5/heldout/H004819.png,9325
470206,9850,H004820,data/splits/100k/images/heldout/H004820.png,data/corrupted/100k_blur_15x15_s5/heldout/H004820.png,9850
470266,9850,H004821,data/splits/100k/images/heldout/H004821.png,data/corrupted/100k_blur_15x15_s5/heldout/H004821.png,9850
470265,9850,H004822,data/splits/100k/images/heldout/H004822.png,data/corrupted/100k_blur_15x15_s5/heldout/H004822.png,9850
470214,9850,H004823,data/splits/100k/images/heldout/H004823.png,data/corrupted/100k_blur_15x15_s5/heldout/H004823.png,9850
473353,9952,H004824,data/splits/100k/images/heldout/H004824.png,data/corrupted/100k_blur_15x15_s5/heldout/H004824.png,9952
473394,9952,H004825,data/splits/100k/images/heldout/H004825.png,data/corrupted/100k_blur_15x15_s5/heldout/H004825.png,9952
473324,9952,H004826,data/splits/100k/images/heldout/H004826.png,data/corrupted/100k_blur_15x15_s5/heldout/H004826.png,9952
473350,9952,H004827,data/splits/100k/images/heldout/H004827.png,data/corrupted/100k_blur_15x15_s5/heldout/H004827.png,9952
484225,10325,H004828,data/splits/100k/images/heldout/H004828.png,data/corrupted/100k_blur_15x15_s5/heldout/H004828.png,10325
484237,10325,H004829,data/splits/100k/images/heldout/H004829.png,data/corrupted/100k_blur_15x15_s5/heldout/H004829.png,10325
484224,10325,H004830,data/splits/100k/images/heldout/H004830.png,data/corrupted/100k_blur_15x15_s5/heldout/H004830.png,10325
484204,10325,H004831,data/splits/100k/images/heldout/H004831.png,data/corrupted/100k_blur_15x15_s5/heldout/H004831.png,10325
21147,171,H004832,data/splits/100k/images/heldout/H004832.png,data/corrupted/100k_blur_15x15_s5/heldout/H004832.png,171
21161,171,H004833,data/splits/100k/images/heldout/H004833.png,data/corrupted/100k_blur_15x15_s5/heldout/H004833.png,171
21151,171,H004834,data/splits/100k/images/heldout/H004834.png,data/corrupted/100k_blur_15x15_s5/heldout/H004834.png,171
21137,171,H004835,data/splits/100k/images/heldout/H004835.png,data/corrupted/100k_blur_15x15_s5/heldout/H004835.png,171
36428,332,H004836,data/splits/100k/images/heldout/H004836.png,data/corrupted/100k_blur_15x15_s5/heldout/H004836.png,332
36393,332,H004837,data/splits/100k/images/heldout/H004837.png,data/corrupted/100k_blur_15x15_s5/heldout/H004837.png,332
36413,332,H004838,data/splits/100k/images/heldout/H004838.png,data/corrupted/100k_blur_15x15_s5/heldout/H004838.png,332
36436,332,H004839,data/splits/100k/images/heldout/H004839.png,data/corrupted/100k_blur_15x15_s5/heldout/H004839.png,332
54081,577,H004840,data/splits/100k/images/heldout/H004840.png,data/corrupted/100k_blur_15x15_s5/heldout/H004840.png,577
54046,577,H004841,data/splits/100k/images/heldout/H004841.png,data/corrupted/100k_blur_15x15_s5/heldout/H004841.png,577
54089,577,H004842,data/splits/100k/images/heldout/H004842.png,data/corrupted/100k_blur_15x15_s5/heldout/H004842.png,577
54041,577,H004843,data/splits/100k/images/heldout/H004843.png,data/corrupted/100k_blur_15x15_s5/heldout/H004843.png,577
114988,1494,H004844,data/splits/100k/images/heldout/H004844.png,data/corrupted/100k_blur_15x15_s5/heldout/H004844.png,1494
115017,1494,H004845,data/splits/100k/images/heldout/H004845.png,data/corrupted/100k_blur_15x15_s5/heldout/H004845.png,1494
115052,1494,H004846,data/splits/100k/images/heldout/H004846.png,data/corrupted/100k_blur_15x15_s5/heldout/H004846.png,1494
115040,1494,H004847,data/splits/100k/images/heldout/H004847.png,data/corrupted/100k_blur_15x15_s5/heldout/H004847.png,1494
118321,1552,H004848,data/splits/100k/images/heldout/H004848.png,data/corrupted/100k_blur_15x15_s5/heldout/H004848.png,1552
118263,1552,H004849,data/splits/100k/images/heldout/H004849.png,data/corrupted/100k_blur_15x15_s5/heldout/H004849.png,1552
118280,1552,H004850,data/splits/100k/images/heldout/H004850.png,data/corrupted/100k_blur_15x15_s5/heldout/H004850.png,1552
118283,1552,H004851,data/splits/100k/images/heldout/H004851.png,data/corrupted/100k_blur_15x15_s5/heldout/H004851.png,1552
129294,1791,H004852,data/splits/100k/images/heldout/H004852.png,data/corrupted/100k_blur_15x15_s5/heldout/H004852.png,1791
129250,1791,H004853,data/splits/100k/images/heldout/H004853.png,data/corrupted/100k_blur_15x15_s5/heldout/H004853.png,1791
129274,1791,H004854,data/splits/100k/images/heldout/H004854.png,data/corrupted/100k_blur_15x15_s5/heldout/H004854.png,1791
129331,1791,H004855,data/splits/100k/images/heldout/H004855.png,data/corrupted/100k_blur_15x15_s5/heldout/H004855.png,1791
200009,3256,H004856,data/splits/100k/images/heldout/H004856.png,data/corrupted/100k_blur_15x15_s5/heldout/H004856.png,3256
200001,3256,H004857,data/splits/100k/images/heldout/H004857.png,data/corrupted/100k_blur_15x15_s5/heldout/H004857.png,3256
199980,3256,H004858,data/splits/100k/images/heldout/H004858.png,data/corrupted/100k_blur_15x15_s5/heldout/H004858.png,3256
199991,3256,H004859,data/splits/100k/images/heldout/H004859.png,data/corrupted/100k_blur_15x15_s5/heldout/H004859.png,3256
213851,3554,H004860,data/splits/100k/images/heldout/H004860.png,data/corrupted/100k_blur_15x15_s5/heldout/H004860.png,3554
213879,3554,H004861,data/splits/100k/images/heldout/H004861.png,data/corrupted/100k_blur_15x15_s5/heldout/H004861.png,3554
213871,3554,H004862,data/splits/100k/images/heldout/H004862.png,data/corrupted/100k_blur_15x15_s5/heldout/H004862.png,3554
213886,3554,H004863,data/splits/100k/images/heldout/H004863.png,data/corrupted/100k_blur_15x15_s5/heldout/H004863.png,3554
241042,4145,H004864,data/splits/100k/images/heldout/H004864.png,data/corrupted/100k_blur_15x15_s5/heldout/H004864.png,4145
241026,4145,H004865,data/splits/100k/images/heldout/H004865.png,data/corrupted/100k_blur_15x15_s5/heldout/H004865.png,4145
240986,4145,H004866,data/splits/100k/images/heldout/H004866.png,data/corrupted/100k_blur_15x15_s5/heldout/H004866.png,4145
241058,4145,H004867,data/splits/100k/images/heldout/H004867.png,data/corrupted/100k_blur_15x15_s5/heldout/H004867.png,4145
250306,4329,H004868,data/splits/100k/images/heldout/H004868.png,data/corrupted/100k_blur_15x15_s5/heldout/H004868.png,4329
250266,4329,H004869,data/splits/100k/images/heldout/H004869.png,data/corrupted/100k_blur_15x15_s5/heldout/H004869.png,4329
250261,4329,H004870,data/splits/100k/images/heldout/H004870.png,data/corrupted/100k_blur_15x15_s5/heldout/H004870.png,4329
250302,4329,H004871,data/splits/100k/images/heldout/H004871.png,data/corrupted/100k_blur_15x15_s5/heldout/H004871.png,4329
270309,4769,H004872,data/splits/100k/images/heldout/H004872.png,data/corrupted/100k_blur_15x15_s5/heldout/H004872.png,4769
270313,4769,H004873,data/splits/100k/images/heldout/H004873.png,data/corrupted/100k_blur_15x15_s5/heldout/H004873.png,4769
270325,4769,H004874,data/splits/100k/images/heldout/H004874.png,data/corrupted/100k_blur_15x15_s5/heldout/H004874.png,4769
270326,4769,H004875,data/splits/100k/images/heldout/H004875.png,data/corrupted/100k_blur_15x15_s5/heldout/H004875.png,4769
285076,5091,H004876,data/splits/100k/images/heldout/H004876.png,data/corrupted/100k_blur_15x15_s5/heldout/H004876.png,5091
285084,5091,H004877,data/splits/100k/images/heldout/H004877.png,data/corrupted/100k_blur_15x15_s5/heldout/H004877.png,5091
285150,5091,H004878,data/splits/100k/images/heldout/H004878.png,data/corrupted/100k_blur_15x15_s5/heldout/H004878.png,5091
285121,5091,H004879,data/splits/100k/images/heldout/H004879.png,data/corrupted/100k_blur_15x15_s5/heldout/H004879.png,5091
294374,5298,H004880,data/splits/100k/images/heldout/H004880.png,data/corrupted/100k_blur_15x15_s5/heldout/H004880.png,5298
294421,5298,H004881,data/splits/100k/images/heldout/H004881.png,data/corrupted/100k_blur_15x15_s5/heldout/H004881.png,5298
294365,5298,H004882,data/splits/100k/images/heldout/H004882.png,data/corrupted/100k_blur_15x15_s5/heldout/H004882.png,5298
294391,5298,H004883,data/splits/100k/images/heldout/H004883.png,data/corrupted/100k_blur_15x15_s5/heldout/H004883.png,5298
295109,5317,H004884,data/splits/100k/images/heldout/H004884.png,data/corrupted/100k_blur_15x15_s5/heldout/H004884.png,5317
295108,5317,H004885,data/splits/100k/images/heldout/H004885.png,data/corrupted/100k_blur_15x15_s5/heldout/H004885.png,5317
295087,5317,H004886,data/splits/100k/images/heldout/H004886.png,data/corrupted/100k_blur_15x15_s5/heldout/H004886.png,5317
295094,5317,H004887,data/splits/100k/images/heldout/H004887.png,data/corrupted/100k_blur_15x15_s5/heldout/H004887.png,5317
305060,5531,H004888,data/splits/100k/images/heldout/H004888.png,data/corrupted/100k_blur_15x15_s5/heldout/H004888.png,5531
305091,5531,H004889,data/splits/100k/images/heldout/H004889.png,data/corrupted/100k_blur_15x15_s5/heldout/H004889.png,5531
305065,5531,H004890,data/splits/100k/images/heldout/H004890.png,data/corrupted/100k_blur_15x15_s5/heldout/H004890.png,5531
305066,5531,H004891,data/splits/100k/images/heldout/H004891.png,data/corrupted/100k_blur_15x15_s5/heldout/H004891.png,5531
307584,5587,H004892,data/splits/100k/images/heldout/H004892.png,data/corrupted/100k_blur_15x15_s5/heldout/H004892.png,5587
307621,5587,H004893,data/splits/100k/images/heldout/H004893.png,data/corrupted/100k_blur_15x15_s5/heldout/H004893.png,5587
307580,5587,H004894,data/splits/100k/images/heldout/H004894.png,data/corrupted/100k_blur_15x15_s5/heldout/H004894.png,5587
307607,5587,H004895,data/splits/100k/images/heldout/H004895.png,data/corrupted/100k_blur_15x15_s5/heldout/H004895.png,5587
319413,5851,H004896,data/splits/100k/images/heldout/H004896.png,data/corrupted/100k_blur_15x15_s5/heldout/H004896.png,5851
319393,5851,H004897,data/splits/100k/images/heldout/H004897.png,data/corrupted/100k_blur_15x15_s5/heldout/H004897.png,5851
319352,5851,H004898,data/splits/100k/images/heldout/H004898.png,data/corrupted/100k_blur_15x15_s5/heldout/H004898.png,5851
319384,5851,H004899,data/splits/100k/images/heldout/H004899.png,data/corrupted/100k_blur_15x15_s5/heldout/H004899.png,5851
324097,5967,H004900,data/splits/100k/images/heldout/H004900.png,data/corrupted/100k_blur_15x15_s5/heldout/H004900.png,5967
324095,5967,H004901,data/splits/100k/images/heldout/H004901.png,data/corrupted/100k_blur_15x15_s5/heldout/H004901.png,5967
324092,5967,H004902,data/splits/100k/images/heldout/H004902.png,data/corrupted/100k_blur_15x15_s5/heldout/H004902.png,5967
324113,5967,H004903,data/splits/100k/images/heldout/H004903.png,data/corrupted/100k_blur_15x15_s5/heldout/H004903.png,5967
362618,6815,H004904,data/splits/100k/images/heldout/H004904.png,data/corrupted/100k_blur_15x15_s5/heldout/H004904.png,6815
362649,6815,H004905,data/splits/100k/images/heldout/H004905.png,data/corrupted/100k_blur_15x15_s5/heldout/H004905.png,6815
362697,6815,H004906,data/splits/100k/images/heldout/H004906.png,data/corrupted/100k_blur_15x15_s5/heldout/H004906.png,6815
362629,6815,H004907,data/splits/100k/images/heldout/H004907.png,data/corrupted/100k_blur_15x15_s5/heldout/H004907.png,6815
388126,7472,H004908,data/splits/100k/images/heldout/H004908.png,data/corrupted/100k_blur_15x15_s5/heldout/H004908.png,7472
388110,7472,H004909,data/splits/100k/images/heldout/H004909.png,data/corrupted/100k_blur_15x15_s5/heldout/H004909.png,7472
388147,7472,H004910,data/splits/100k/images/heldout/H004910.png,data/corrupted/100k_blur_15x15_s5/heldout/H004910.png,7472
388125,7472,H004911,data/splits/100k/images/heldout/H004911.png,data/corrupted/100k_blur_15x15_s5/heldout/H004911.png,7472
465395,9719,H004912,data/splits/100k/images/heldout/H004912.png,data/corrupted/100k_blur_15x15_s5/heldout/H004912.png,9719
465443,9719,H004913,data/splits/100k/images/heldout/H004913.png,data/corrupted/100k_blur_15x15_s5/heldout/H004913.png,9719
465413,9719,H004914,data/splits/100k/images/heldout/H004914.png,data/corrupted/100k_blur_15x15_s5/heldout/H004914.png,9719
465456,9719,H004915,data/splits/100k/images/heldout/H004915.png,data/corrupted/100k_blur_15x15_s5/heldout/H004915.png,9719
468030,9792,H004916,data/splits/100k/images/heldout/H004916.png,data/corrupted/100k_blur_15x15_s5/heldout/H004916.png,9792
468029,9792,H004917,data/splits/100k/images/heldout/H004917.png,data/corrupted/100k_blur_15x15_s5/heldout/H004917.png,9792
467990,9792,H004918,data/splits/100k/images/heldout/H004918.png,data/corrupted/100k_blur_15x15_s5/heldout/H004918.png,9792
468000,9792,H004919,data/splits/100k/images/heldout/H004919.png,data/corrupted/100k_blur_15x15_s5/heldout/H004919.png,9792
20610,167,H004920,data/splits/100k/images/heldout/H004920.png,data/corrupted/100k_blur_15x15_s5/heldout/H004920.png,167
20599,167,H004921,data/splits/100k/images/heldout/H004921.png,data/corrupted/100k_blur_15x15_s5/heldout/H004921.png,167
20588,167,H004922,data/splits/100k/images/heldout/H004922.png,data/corrupted/100k_blur_15x15_s5/heldout/H004922.png,167
20590,167,H004923,data/splits/100k/images/heldout/H004923.png,data/corrupted/100k_blur_15x15_s5/heldout/H004923.png,167
44589,448,H004924,data/splits/100k/images/heldout/H004924.png,data/corrupted/100k_blur_15x15_s5/heldout/H004924.png,448
44619,448,H004925,data/splits/100k/images/heldout/H004925.png,data/corrupted/100k_blur_15x15_s5/heldout/H004925.png,448
44593,448,H004926,data/splits/100k/images/heldout/H004926.png,data/corrupted/100k_blur_15x15_s5/heldout/H004926.png,448
44596,448,H004927,data/splits/100k/images/heldout/H004927.png,data/corrupted/100k_blur_15x15_s5/heldout/H004927.png,448
127232,1755,H004928,data/splits/100k/images/heldout/H004928.png,data/corrupted/100k_blur_15x15_s5/heldout/H004928.png,1755
127217,1755,H004929,data/splits/100k/images/heldout/H004929.png,data/corrupted/100k_blur_15x15_s5/heldout/H004929.png,1755
127236,1755,H004930,data/splits/100k/images/heldout/H004930.png,data/corrupted/100k_blur_15x15_s5/heldout/H004930.png,1755
127259,1755,H004931,data/splits/100k/images/heldout/H004931.png,data/corrupted/100k_blur_15x15_s5/heldout/H004931.png,1755
134333,1896,H004932,data/splits/100k/images/heldout/H004932.png,data/corrupted/100k_blur_15x15_s5/heldout/H004932.png,1896
134291,1896,H004933,data/splits/100k/images/heldout/H004933.png,data/corrupted/100k_blur_15x15_s5/heldout/H004933.png,1896
134336,1896,H004934,data/splits/100k/images/heldout/H004934.png,data/corrupted/100k_blur_15x15_s5/heldout/H004934.png,1896
134300,1896,H004935,data/splits/100k/images/heldout/H004935.png,data/corrupted/100k_blur_15x15_s5/heldout/H004935.png,1896
164439,2510,H004936,data/splits/100k/images/heldout/H004936.png,data/corrupted/100k_blur_15x15_s5/heldout/H004936.png,2510
164459,2510,H004937,data/splits/100k/images/heldout/H004937.png,data/corrupted/100k_blur_15x15_s5/heldout/H004937.png,2510
164405,2510,H004938,data/splits/100k/images/heldout/H004938.png,data/corrupted/100k_blur_15x15_s5/heldout/H004938.png,2510
164460,2510,H004939,data/splits/100k/images/heldout/H004939.png,data/corrupted/100k_blur_15x15_s5/heldout/H004939.png,2510
234353,4004,H004940,data/splits/100k/images/heldout/H004940.png,data/corrupted/100k_blur_15x15_s5/heldout/H004940.png,4004
234332,4004,H004941,data/splits/100k/images/heldout/H004941.png,data/corrupted/100k_blur_15x15_s5/heldout/H004941.png,4004
234309,4004,H004942,data/splits/100k/images/heldout/H004942.png,data/corrupted/100k_blur_15x15_s5/heldout/H004942.png,4004
234301,4004,H004943,data/splits/100k/images/heldout/H004943.png,data/corrupted/100k_blur_15x15_s5/heldout/H004943.png,4004
247292,4272,H004944,data/splits/100k/images/heldout/H004944.png,data/corrupted/100k_blur_15x15_s5/heldout/H004944.png,4272
247281,4272,H004945,data/splits/100k/images/heldout/H004945.png,data/corrupted/100k_blur_15x15_s5/heldout/H004945.png,4272
247286,4272,H004946,data/splits/100k/images/heldout/H004946.png,data/corrupted/100k_blur_15x15_s5/heldout/H004946.png,4272
247243,4272,H004947,data/splits/100k/images/heldout/H004947.png,data/corrupted/100k_blur_15x15_s5/heldout/H004947.png,4272
249112,4306,H004948,data/splits/100k/images/heldout/H004948.png,data/corrupted/100k_blur_15x15_s5/heldout/H004948.png,4306
249088,4306,H004949,data/splits/100k/images/heldout/H004949.png,data/corrupted/100k_blur_15x15_s5/heldout/H004949.png,4306
249120,4306,H004950,data/splits/100k/images/heldout/H004950.png,data/corrupted/100k_blur_15x15_s5/heldout/H004950.png,4306
249084,4306,H004951,data/splits/100k/images/heldout/H004951.png,data/corrupted/100k_blur_15x15_s5/heldout/H004951.png,4306
283813,5067,H004952,data/splits/100k/images/heldout/H004952.png,data/corrupted/100k_blur_15x15_s5/heldout/H004952.png,5067
283838,5067,H004953,data/splits/100k/images/heldout/H004953.png,data/corrupted/100k_blur_15x15_s5/heldout/H004953.png,5067
283802,5067,H004954,data/splits/100k/images/heldout/H004954.png,data/corrupted/100k_blur_15x15_s5/heldout/H004954.png,5067
283793,5067,H004955,data/splits/100k/images/heldout/H004955.png,data/corrupted/100k_blur_15x15_s5/heldout/H004955.png,5067
293418,5286,H004956,data/splits/100k/images/heldout/H004956.png,data/corrupted/100k_blur_15x15_s5/heldout/H004956.png,5286
293422,5286,H004957,data/splits/100k/images/heldout/H004957.png,data/corrupted/100k_blur_15x15_s5/heldout/H004957.png,5286
293437,5286,H004958,data/splits/100k/images/heldout/H004958.png,data/corrupted/100k_blur_15x15_s5/heldout/H004958.png,5286
293459,5286,H004959,data/splits/100k/images/heldout/H004959.png,data/corrupted/100k_blur_15x15_s5/heldout/H004959.png,5286
354070,6622,H004960,data/splits/100k/images/heldout/H004960.png,data/corrupted/100k_blur_15x15_s5/heldout/H004960.png,6622
354095,6622,H004961,data/splits/100k/images/heldout/H004961.png,data/corrupted/100k_blur_15x15_s5/heldout/H004961.png,6622
354116,6622,H004962,data/splits/100k/images/heldout/H004962.png,data/corrupted/100k_blur_15x15_s5/heldout/H004962.png,6622
354075,6622,H004963,data/splits/100k/images/heldout/H004963.png,data/corrupted/100k_blur_15x15_s5/heldout/H004963.png,6622
384544,7375,H004964,data/splits/100k/images/heldout/H004964.png,data/corrupted/100k_blur_15x15_s5/heldout/H004964.png,7375
384574,7375,H004965,data/splits/100k/images/heldout/H004965.png,data/corrupted/100k_blur_15x15_s5/heldout/H004965.png,7375
384587,7375,H004966,data/splits/100k/images/heldout/H004966.png,data/corrupted/100k_blur_15x15_s5/heldout/H004966.png,7375
384536,7375,H004967,data/splits/100k/images/heldout/H004967.png,data/corrupted/100k_blur_15x15_s5/heldout/H004967.png,7375
386385,7422,H004968,data/splits/100k/images/heldout/H004968.png,data/corrupted/100k_blur_15x15_s5/heldout/H004968.png,7422
386377,7422,H004969,data/splits/100k/images/heldout/H004969.png,data/corrupted/100k_blur_15x15_s5/heldout/H004969.png,7422
386375,7422,H004970,data/splits/100k/images/heldout/H004970.png,data/corrupted/100k_blur_15x15_s5/heldout/H004970.png,7422
386327,7422,H004971,data/splits/100k/images/heldout/H004971.png,data/corrupted/100k_blur_15x15_s5/heldout/H004971.png,7422
394891,7672,H004972,data/splits/100k/images/heldout/H004972.png,data/corrupted/100k_blur_15x15_s5/heldout/H004972.png,7672
394849,7672,H004973,data/splits/100k/images/heldout/H004973.png,data/corrupted/100k_blur_15x15_s5/heldout/H004973.png,7672
394886,7672,H004974,data/splits/100k/images/heldout/H004974.png,data/corrupted/100k_blur_15x15_s5/heldout/H004974.png,7672
394861,7672,H004975,data/splits/100k/images/heldout/H004975.png,data/corrupted/100k_blur_15x15_s5/heldout/H004975.png,7672
405577,7977,H004976,data/splits/100k/images/heldout/H004976.png,data/corrupted/100k_blur_15x15_s5/heldout/H004976.png,7977
405597,7977,H004977,data/splits/100k/images/heldout/H004977.png,data/corrupted/100k_blur_15x15_s5/heldout/H004977.png,7977
405606,7977,H004978,data/splits/100k/images/heldout/H004978.png,data/corrupted/100k_blur_15x15_s5/heldout/H004978.png,7977
405611,7977,H004979,data/splits/100k/images/heldout/H004979.png,data/corrupted/100k_blur_15x15_s5/heldout/H004979.png,7977
425455,8532,H004980,data/splits/100k/images/heldout/H004980.png,data/corrupted/100k_blur_15x15_s5/heldout/H004980.png,8532
425401,8532,H004981,data/splits/100k/images/heldout/H004981.png,data/corrupted/100k_blur_15x15_s5/heldout/H004981.png,8532
425404,8532,H004982,data/splits/100k/images/heldout/H004982.png,data/corrupted/100k_blur_15x15_s5/heldout/H004982.png,8532
425375,8532,H004983,data/splits/100k/images/heldout/H004983.png,data/corrupted/100k_blur_15x15_s5/heldout/H004983.png,8532
470033,9844,H004984,data/splits/100k/images/heldout/H004984.png,data/corrupted/100k_blur_15x15_s5/heldout/H004984.png,9844
470011,9844,H004985,data/splits/100k/images/heldout/H004985.png,data/corrupted/100k_blur_15x15_s5/heldout/H004985.png,9844
470023,9844,H004986,data/splits/100k/images/heldout/H004986.png,data/corrupted/100k_blur_15x15_s5/heldout/H004986.png,9844
469983,9844,H004987,data/splits/100k/images/heldout/H004987.png,data/corrupted/100k_blur_15x15_s5/heldout/H004987.png,9844
44726,449,H004988,data/splits/100k/images/heldout/H004988.png,data/corrupted/100k_blur_15x15_s5/heldout/H004988.png,449
44668,449,H004989,data/splits/100k/images/heldout/H004989.png,data/corrupted/100k_blur_15x15_s5/heldout/H004989.png,449
44689,449,H004990,data/splits/100k/images/heldout/H004990.png,data/corrupted/100k_blur_15x15_s5/heldout/H004990.png,449
44701,449,H004991,data/splits/100k/images/heldout/H004991.png,data/corrupted/100k_blur_15x15_s5/heldout/H004991.png,449
55251,589,H004992,data/splits/100k/images/heldout/H004992.png,data/corrupted/100k_blur_15x15_s5/heldout/H004992.png,589
55244,589,H004993,data/splits/100k/images/heldout/H004993.png,data/corrupted/100k_blur_15x15_s5/heldout/H004993.png,589
55254,589,H004994,data/splits/100k/images/heldout/H004994.png,data/corrupted/100k_blur_15x15_s5/heldout/H004994.png,589
55212,589,H004995,data/splits/100k/images/heldout/H004995.png,data/corrupted/100k_blur_15x15_s5/heldout/H004995.png,589
56541,607,H004996,data/splits/100k/images/heldout/H004996.png,data/corrupted/100k_blur_15x15_s5/heldout/H004996.png,607
56559,607,H004997,data/splits/100k/images/heldout/H004997.png,data/corrupted/100k_blur_15x15_s5/heldout/H004997.png,607
56539,607,H004998,data/splits/100k/images/heldout/H004998.png,data/corrupted/100k_blur_15x15_s5/heldout/H004998.png,607
56608,607,H004999,data/splits/100k/images/heldout/H004999.png,data/corrupted/100k_blur_15x15_s5/heldout/H004999.png,607
143019,2072,H005000,data/splits/100k/images/heldout/H005000.png,data/corrupted/100k_blur_15x15_s5/heldout/H005000.png,2072
143025,2072,H005001,data/splits/100k/images/heldout/H005001.png,data/corrupted/100k_blur_15x15_s5/heldout/H005001.png,2072
142964,2072,H005002,data/splits/100k/images/heldout/H005002.png,data/corrupted/100k_blur_15x15_s5/heldout/H005002.png,2072
142948,2072,H005003,data/splits/100k/images/heldout/H005003.png,data/corrupted/100k_blur_15x15_s5/heldout/H005003.png,2072
162671,2473,H005004,data/splits/100k/images/heldout/H005004.png,data/corrupted/100k_blur_15x15_s5/heldout/H005004.png,2473
162657,2473,H005005,data/splits/100k/images/heldout/H005005.png,data/corrupted/100k_blur_15x15_s5/heldout/H005005.png,2473
162658,2473,H005006,data/splits/100k/images/heldout/H005006.png,data/corrupted/100k_blur_15x15_s5/heldout/H005006.png,2473
162716,2473,H005007,data/splits/100k/images/heldout/H005007.png,data/corrupted/100k_blur_15x15_s5/heldout/H005007.png,2473
204107,3351,H005008,data/splits/100k/images/heldout/H005008.png,data/corrupted/100k_blur_15x15_s5/heldout/H005008.png,3351
204155,3351,H005009,data/splits/100k/images/heldout/H005009.png,data/corrupted/100k_blur_15x15_s5/heldout/H005009.png,3351
204169,3351,H005010,data/splits/100k/images/heldout/H005010.png,data/corrupted/100k_blur_15x15_s5/heldout/H005010.png,3351
204096,3351,H005011,data/splits/100k/images/heldout/H005011.png,data/corrupted/100k_blur_15x15_s5/heldout/H005011.png,3351
209266,3450,H005012,data/splits/100k/images/heldout/H005012.png,data/corrupted/100k_blur_15x15_s5/heldout/H005012.png,3450
209245,3450,H005013,data/splits/100k/images/heldout/H005013.png,data/corrupted/100k_blur_15x15_s5/heldout/H005013.png,3450
209263,3450,H005014,data/splits/100k/images/heldout/H005014.png,data/corrupted/100k_blur_15x15_s5/heldout/H005014.png,3450
209285,3450,H005015,data/splits/100k/images/heldout/H005015.png,data/corrupted/100k_blur_15x15_s5/heldout/H005015.png,3450
259295,4503,H005016,data/splits/100k/images/heldout/H005016.png,data/corrupted/100k_blur_15x15_s5/heldout/H005016.png,4503
259313,4503,H005017,data/splits/100k/images/heldout/H005017.png,data/corrupted/100k_blur_15x15_s5/heldout/H005017.png,4503
259341,4503,H005018,data/splits/100k/images/heldout/H005018.png,data/corrupted/100k_blur_15x15_s5/heldout/H005018.png,4503
259365,4503,H005019,data/splits/100k/images/heldout/H005019.png,data/corrupted/100k_blur_15x15_s5/heldout/H005019.png,4503
292728,5271,H005020,data/splits/100k/images/heldout/H005020.png,data/corrupted/100k_blur_15x15_s5/heldout/H005020.png,5271
292730,5271,H005021,data/splits/100k/images/heldout/H005021.png,data/corrupted/100k_blur_15x15_s5/heldout/H005021.png,5271
292745,5271,H005022,data/splits/100k/images/heldout/H005022.png,data/corrupted/100k_blur_15x15_s5/heldout/H005022.png,5271
292744,5271,H005023,data/splits/100k/images/heldout/H005023.png,data/corrupted/100k_blur_15x15_s5/heldout/H005023.png,5271
294931,5315,H005024,data/splits/100k/images/heldout/H005024.png,data/corrupted/100k_blur_15x15_s5/heldout/H005024.png,5315
294968,5315,H005025,data/splits/100k/images/heldout/H005025.png,data/corrupted/100k_blur_15x15_s5/heldout/H005025.png,5315
294995,5315,H005026,data/splits/100k/images/heldout/H005026.png,data/corrupted/100k_blur_15x15_s5/heldout/H005026.png,5315
294945,5315,H005027,data/splits/100k/images/heldout/H005027.png,data/corrupted/100k_blur_15x15_s5/heldout/H005027.png,5315
300071,5438,H005028,data/splits/100k/images/heldout/H005028.png,data/corrupted/100k_blur_15x15_s5/heldout/H005028.png,5438
300080,5438,H005029,data/splits/100k/images/heldout/H005029.png,data/corrupted/100k_blur_15x15_s5/heldout/H005029.png,5438
300083,5438,H005030,data/splits/100k/images/heldout/H005030.png,data/corrupted/100k_blur_15x15_s5/heldout/H005030.png,5438
300112,5438,H005031,data/splits/100k/images/heldout/H005031.png,data/corrupted/100k_blur_15x15_s5/heldout/H005031.png,5438
313739,5726,H005032,data/splits/100k/images/heldout/H005032.png,data/corrupted/100k_blur_15x15_s5/heldout/H005032.png,5726
313699,5726,H005033,data/splits/100k/images/heldout/H005033.png,data/corrupted/100k_blur_15x15_s5/heldout/H005033.png,5726
313707,5726,H005034,data/splits/100k/images/heldout/H005034.png,data/corrupted/100k_blur_15x15_s5/heldout/H005034.png,5726
313693,5726,H005035,data/splits/100k/images/heldout/H005035.png,data/corrupted/100k_blur_15x15_s5/heldout/H005035.png,5726
327176,6027,H005036,data/splits/100k/images/heldout/H005036.png,data/corrupted/100k_blur_15x15_s5/heldout/H005036.png,6027
327217,6027,H005037,data/splits/100k/images/heldout/H005037.png,data/corrupted/100k_blur_15x15_s5/heldout/H005037.png,6027
327190,6027,H005038,data/splits/100k/images/heldout/H005038.png,data/corrupted/100k_blur_15x15_s5/heldout/H005038.png,6027
327214,6027,H005039,data/splits/100k/images/heldout/H005039.png,data/corrupted/100k_blur_15x15_s5/heldout/H005039.png,6027
356687,6685,H005040,data/splits/100k/images/heldout/H005040.png,data/corrupted/100k_blur_15x15_s5/heldout/H005040.png,6685
356666,6685,H005041,data/splits/100k/images/heldout/H005041.png,data/corrupted/100k_blur_15x15_s5/heldout/H005041.png,6685
356672,6685,H005042,data/splits/100k/images/heldout/H005042.png,data/corrupted/100k_blur_15x15_s5/heldout/H005042.png,6685
356699,6685,H005043,data/splits/100k/images/heldout/H005043.png,data/corrupted/100k_blur_15x15_s5/heldout/H005043.png,6685
418945,8346,H005044,data/splits/100k/images/heldout/H005044.png,data/corrupted/100k_blur_15x15_s5/heldout/H005044.png,8346
418947,8346,H005045,data/splits/100k/images/heldout/H005045.png,data/corrupted/100k_blur_15x15_s5/heldout/H005045.png,8346
418917,8346,H005046,data/splits/100k/images/heldout/H005046.png,data/corrupted/100k_blur_15x15_s5/heldout/H005046.png,8346
418903,8346,H005047,data/splits/100k/images/heldout/H005047.png,data/corrupted/100k_blur_15x15_s5/heldout/H005047.png,8346
474673,9997,H005048,data/splits/100k/images/heldout/H005048.png,data/corrupted/100k_blur_15x15_s5/heldout/H005048.png,9997
474623,9997,H005049,data/splits/100k/images/heldout/H005049.png,data/corrupted/100k_blur_15x15_s5/heldout/H005049.png,9997
474684,9997,H005050,data/splits/100k/images/heldout/H005050.png,data/corrupted/100k_blur_15x15_s5/heldout/H005050.png,9997
474688,9997,H005051,data/splits/100k/images/heldout/H005051.png,data/corrupted/100k_blur_15x15_s5/heldout/H005051.png,9997
40754,387,H005052,data/splits/100k/images/heldout/H005052.png,data/corrupted/100k_blur_15x15_s5/heldout/H005052.png,387
40749,387,H005053,data/splits/100k/images/heldout/H005053.png,data/corrupted/100k_blur_15x15_s5/heldout/H005053.png,387
40729,387,H005054,data/splits/100k/images/heldout/H005054.png,data/corrupted/100k_blur_15x15_s5/heldout/H005054.png,387
40743,387,H005055,data/splits/100k/images/heldout/H005055.png,data/corrupted/100k_blur_15x15_s5/heldout/H005055.png,387
64605,733,H005056,data/splits/100k/images/heldout/H005056.png,data/corrupted/100k_blur_15x15_s5/heldout/H005056.png,733
64612,733,H005057,data/splits/100k/images/heldout/H005057.png,data/corrupted/100k_blur_15x15_s5/heldout/H005057.png,733
64663,733,H005058,data/splits/100k/images/heldout/H005058.png,data/corrupted/100k_blur_15x15_s5/heldout/H005058.png,733
64613,733,H005059,data/splits/100k/images/heldout/H005059.png,data/corrupted/100k_blur_15x15_s5/heldout/H005059.png,733
96419,1177,H005060,data/splits/100k/images/heldout/H005060.png,data/corrupted/100k_blur_15x15_s5/heldout/H005060.png,1177
96454,1177,H005061,data/splits/100k/images/heldout/H005061.png,data/corrupted/100k_blur_15x15_s5/heldout/H005061.png,1177
96410,1177,H005062,data/splits/100k/images/heldout/H005062.png,data/corrupted/100k_blur_15x15_s5/heldout/H005062.png,1177
96438,1177,H005063,data/splits/100k/images/heldout/H005063.png,data/corrupted/100k_blur_15x15_s5/heldout/H005063.png,1177
97037,1184,H005064,data/splits/100k/images/heldout/H005064.png,data/corrupted/100k_blur_15x15_s5/heldout/H005064.png,1184
97047,1184,H005065,data/splits/100k/images/heldout/H005065.png,data/corrupted/100k_blur_15x15_s5/heldout/H005065.png,1184
97051,1184,H005066,data/splits/100k/images/heldout/H005066.png,data/corrupted/100k_blur_15x15_s5/heldout/H005066.png,1184
97018,1184,H005067,data/splits/100k/images/heldout/H005067.png,data/corrupted/100k_blur_15x15_s5/heldout/H005067.png,1184
98201,1196,H005068,data/splits/100k/images/heldout/H005068.png,data/corrupted/100k_blur_15x15_s5/heldout/H005068.png,1196
98214,1196,H005069,data/splits/100k/images/heldout/H005069.png,data/corrupted/100k_blur_15x15_s5/heldout/H005069.png,1196
98200,1196,H005070,data/splits/100k/images/heldout/H005070.png,data/corrupted/100k_blur_15x15_s5/heldout/H005070.png,1196
98185,1196,H005071,data/splits/100k/images/heldout/H005071.png,data/corrupted/100k_blur_15x15_s5/heldout/H005071.png,1196
155842,2346,H005072,data/splits/100k/images/heldout/H005072.png,data/corrupted/100k_blur_15x15_s5/heldout/H005072.png,2346
155908,2346,H005073,data/splits/100k/images/heldout/H005073.png,data/corrupted/100k_blur_15x15_s5/heldout/H005073.png,2346
155851,2346,H005074,data/splits/100k/images/heldout/H005074.png,data/corrupted/100k_blur_15x15_s5/heldout/H005074.png,2346
155892,2346,H005075,data/splits/100k/images/heldout/H005075.png,data/corrupted/100k_blur_15x15_s5/heldout/H005075.png,2346
166220,2548,H005076,data/splits/100k/images/heldout/H005076.png,data/corrupted/100k_blur_15x15_s5/heldout/H005076.png,2548
166191,2548,H005077,data/splits/100k/images/heldout/H005077.png,data/corrupted/100k_blur_15x15_s5/heldout/H005077.png,2548
166173,2548,H005078,data/splits/100k/images/heldout/H005078.png,data/corrupted/100k_blur_15x15_s5/heldout/H005078.png,2548
166141,2548,H005079,data/splits/100k/images/heldout/H005079.png,data/corrupted/100k_blur_15x15_s5/heldout/H005079.png,2548
232281,3966,H005080,data/splits/100k/images/heldout/H005080.png,data/corrupted/100k_blur_15x15_s5/heldout/H005080.png,3966
232279,3966,H005081,data/splits/100k/images/heldout/H005081.png,data/corrupted/100k_blur_15x15_s5/heldout/H005081.png,3966
232260,3966,H005082,data/splits/100k/images/heldout/H005082.png,data/corrupted/100k_blur_15x15_s5/heldout/H005082.png,3966
232234,3966,H005083,data/splits/100k/images/heldout/H005083.png,data/corrupted/100k_blur_15x15_s5/heldout/H005083.png,3966
267409,4704,H005084,data/splits/100k/images/heldout/H005084.png,data/corrupted/100k_blur_15x15_s5/heldout/H005084.png,4704
267437,4704,H005085,data/splits/100k/images/heldout/H005085.png,data/corrupted/100k_blur_15x15_s5/heldout/H005085.png,4704
267443,4704,H005086,data/splits/100k/images/heldout/H005086.png,data/corrupted/100k_blur_15x15_s5/heldout/H005086.png,4704
267394,4704,H005087,data/splits/100k/images/heldout/H005087.png,data/corrupted/100k_blur_15x15_s5/heldout/H005087.png,4704
277965,4958,H005088,data/splits/100k/images/heldout/H005088.png,data/corrupted/100k_blur_15x15_s5/heldout/H005088.png,4958
277949,4958,H005089,data/splits/100k/images/heldout/H005089.png,data/corrupted/100k_blur_15x15_s5/heldout/H005089.png,4958
277953,4958,H005090,data/splits/100k/images/heldout/H005090.png,data/corrupted/100k_blur_15x15_s5/heldout/H005090.png,4958
277946,4958,H005091,data/splits/100k/images/heldout/H005091.png,data/corrupted/100k_blur_15x15_s5/heldout/H005091.png,4958
294859,5312,H005092,data/splits/100k/images/heldout/H005092.png,data/corrupted/100k_blur_15x15_s5/heldout/H005092.png,5312
294801,5312,H005093,data/splits/100k/images/heldout/H005093.png,data/corrupted/100k_blur_15x15_s5/heldout/H005093.png,5312
294819,5312,H005094,data/splits/100k/images/heldout/H005094.png,data/corrupted/100k_blur_15x15_s5/heldout/H005094.png,5312
294845,5312,H005095,data/splits/100k/images/heldout/H005095.png,data/corrupted/100k_blur_15x15_s5/heldout/H005095.png,5312
309564,5627,H005096,data/splits/100k/images/heldout/H005096.png,data/corrupted/100k_blur_15x15_s5/heldout/H005096.png,5627
309625,5627,H005097,data/splits/100k/images/heldout/H005097.png,data/corrupted/100k_blur_15x15_s5/heldout/H005097.png,5627
309601,5627,H005098,data/splits/100k/images/heldout/H005098.png,data/corrupted/100k_blur_15x15_s5/heldout/H005098.png,5627
309621,5627,H005099,data/splits/100k/images/heldout/H005099.png,data/corrupted/100k_blur_15x15_s5/heldout/H005099.png,5627
428206,8613,H005100,data/splits/100k/images/heldout/H005100.png,data/corrupted/100k_blur_15x15_s5/heldout/H005100.png,8613
428261,8613,H005101,data/splits/100k/images/heldout/H005101.png,data/corrupted/100k_blur_15x15_s5/heldout/H005101.png,8613
428242,8613,H005102,data/splits/100k/images/heldout/H005102.png,data/corrupted/100k_blur_15x15_s5/heldout/H005102.png,8613
428256,8613,H005103,data/splits/100k/images/heldout/H005103.png,data/corrupted/100k_blur_15x15_s5/heldout/H005103.png,8613
456888,9441,H005104,data/splits/100k/images/heldout/H005104.png,data/corrupted/100k_blur_15x15_s5/heldout/H005104.png,9441
456847,9441,H005105,data/splits/100k/images/heldout/H005105.png,data/corrupted/100k_blur_15x15_s5/heldout/H005105.png,9441
456818,9441,H005106,data/splits/100k/images/heldout/H005106.png,data/corrupted/100k_blur_15x15_s5/heldout/H005106.png,9441
456827,9441,H005107,data/splits/100k/images/heldout/H005107.png,data/corrupted/100k_blur_15x15_s5/heldout/H005107.png,9441
459045,9519,H005108,data/splits/100k/images/heldout/H005108.png,data/corrupted/100k_blur_15x15_s5/heldout/H005108.png,9519
459047,9519,H005109,data/splits/100k/images/heldout/H005109.png,data/corrupted/100k_blur_15x15_s5/heldout/H005109.png,9519
459017,9519,H005110,data/splits/100k/images/heldout/H005110.png,data/corrupted/100k_blur_15x15_s5/heldout/H005110.png,9519
459050,9519,H005111,data/splits/100k/images/heldout/H005111.png,data/corrupted/100k_blur_15x15_s5/heldout/H005111.png,9519
41525,397,H005112,data/splits/100k/images/heldout/H005112.png,data/corrupted/100k_blur_15x15_s5/heldout/H005112.png,397
41505,397,H005113,data/splits/100k/images/heldout/H005113.png,data/corrupted/100k_blur_15x15_s5/heldout/H005113.png,397
41490,397,H005114,data/splits/100k/images/heldout/H005114.png,data/corrupted/100k_blur_15x15_s5/heldout/H005114.png,397
41471,397,H005115,data/splits/100k/images/heldout/H005115.png,data/corrupted/100k_blur_15x15_s5/heldout/H005115.png,397
65769,760,H005116,data/splits/100k/images/heldout/H005116.png,data/corrupted/100k_blur_15x15_s5/heldout/H005116.png,760
65815,760,H005117,data/splits/100k/images/heldout/H005117.png,data/corrupted/100k_blur_15x15_s5/heldout/H005117.png,760
65813,760,H005118,data/splits/100k/images/heldout/H005118.png,data/corrupted/100k_blur_15x15_s5/heldout/H005118.png,760
65816,760,H005119,data/splits/100k/images/heldout/H005119.png,data/corrupted/100k_blur_15x15_s5/heldout/H005119.png,760
192850,3088,H005120,data/splits/100k/images/heldout/H005120.png,data/corrupted/100k_blur_15x15_s5/heldout/H005120.png,3088
192811,3088,H005121,data/splits/100k/images/heldout/H005121.png,data/corrupted/100k_blur_15x15_s5/heldout/H005121.png,3088
192809,3088,H005122,data/splits/100k/images/heldout/H005122.png,data/corrupted/100k_blur_15x15_s5/heldout/H005122.png,3088
192804,3088,H005123,data/splits/100k/images/heldout/H005123.png,data/corrupted/100k_blur_15x15_s5/heldout/H005123.png,3088
201999,3306,H005124,data/splits/100k/images/heldout/H005124.png,data/corrupted/100k_blur_15x15_s5/heldout/H005124.png,3306
202007,3306,H005125,data/splits/100k/images/heldout/H005125.png,data/corrupted/100k_blur_15x15_s5/heldout/H005125.png,3306
202012,3306,H005126,data/splits/100k/images/heldout/H005126.png,data/corrupted/100k_blur_15x15_s5/heldout/H005126.png,3306
202040,3306,H005127,data/splits/100k/images/heldout/H005127.png,data/corrupted/100k_blur_15x15_s5/heldout/H005127.png,3306
202280,3314,H005128,data/splits/100k/images/heldout/H005128.png,data/corrupted/100k_blur_15x15_s5/heldout/H005128.png,3314
202334,3314,H005129,data/splits/100k/images/heldout/H005129.png,data/corrupted/100k_blur_15x15_s5/heldout/H005129.png,3314
202301,3314,H005130,data/splits/100k/images/heldout/H005130.png,data/corrupted/100k_blur_15x15_s5/heldout/H005130.png,3314
202318,3314,H005131,data/splits/100k/images/heldout/H005131.png,data/corrupted/100k_blur_15x15_s5/heldout/H005131.png,3314
221672,3725,H005132,data/splits/100k/images/heldout/H005132.png,data/corrupted/100k_blur_15x15_s5/heldout/H005132.png,3725
221653,3725,H005133,data/splits/100k/images/heldout/H005133.png,data/corrupted/100k_blur_15x15_s5/heldout/H005133.png,3725
221630,3725,H005134,data/splits/100k/images/heldout/H005134.png,data/corrupted/100k_blur_15x15_s5/heldout/H005134.png,3725
221607,3725,H005135,data/splits/100k/images/heldout/H005135.png,data/corrupted/100k_blur_15x15_s5/heldout/H005135.png,3725
235586,4033,H005136,data/splits/100k/images/heldout/H005136.png,data/corrupted/100k_blur_15x15_s5/heldout/H005136.png,4033
235618,4033,H005137,data/splits/100k/images/heldout/H005137.png,data/corrupted/100k_blur_15x15_s5/heldout/H005137.png,4033
235627,4033,H005138,data/splits/100k/images/heldout/H005138.png,data/corrupted/100k_blur_15x15_s5/heldout/H005138.png,4033
235596,4033,H005139,data/splits/100k/images/heldout/H005139.png,data/corrupted/100k_blur_15x15_s5/heldout/H005139.png,4033
238949,4103,H005140,data/splits/100k/images/heldout/H005140.png,data/corrupted/100k_blur_15x15_s5/heldout/H005140.png,4103
238872,4103,H005141,data/splits/100k/images/heldout/H005141.png,data/corrupted/100k_blur_15x15_s5/heldout/H005141.png,4103
238936,4103,H005142,data/splits/100k/images/heldout/H005142.png,data/corrupted/100k_blur_15x15_s5/heldout/H005142.png,4103
238911,4103,H005143,data/splits/100k/images/heldout/H005143.png,data/corrupted/100k_blur_15x15_s5/heldout/H005143.png,4103
240916,4144,H005144,data/splits/100k/images/heldout/H005144.png,data/corrupted/100k_blur_15x15_s5/heldout/H005144.png,4144
240930,4144,H005145,data/splits/100k/images/heldout/H005145.png,data/corrupted/100k_blur_15x15_s5/heldout/H005145.png,4144
240903,4144,H005146,data/splits/100k/images/heldout/H005146.png,data/corrupted/100k_blur_15x15_s5/heldout/H005146.png,4144
240920,4144,H005147,data/splits/100k/images/heldout/H005147.png,data/corrupted/100k_blur_15x15_s5/heldout/H005147.png,4144
241387,4152,H005148,data/splits/100k/images/heldout/H005148.png,data/corrupted/100k_blur_15x15_s5/heldout/H005148.png,4152
241399,4152,H005149,data/splits/100k/images/heldout/H005149.png,data/corrupted/100k_blur_15x15_s5/heldout/H005149.png,4152
241376,4152,H005150,data/splits/100k/images/heldout/H005150.png,data/corrupted/100k_blur_15x15_s5/heldout/H005150.png,4152
241346,4152,H005151,data/splits/100k/images/heldout/H005151.png,data/corrupted/100k_blur_15x15_s5/heldout/H005151.png,4152
271851,4808,H005152,data/splits/100k/images/heldout/H005152.png,data/corrupted/100k_blur_15x15_s5/heldout/H005152.png,4808
271906,4808,H005153,data/splits/100k/images/heldout/H005153.png,data/corrupted/100k_blur_15x15_s5/heldout/H005153.png,4808
271837,4808,H005154,data/splits/100k/images/heldout/H005154.png,data/corrupted/100k_blur_15x15_s5/heldout/H005154.png,4808
271894,4808,H005155,data/splits/100k/images/heldout/H005155.png,data/corrupted/100k_blur_15x15_s5/heldout/H005155.png,4808
318428,5833,H005156,data/splits/100k/images/heldout/H005156.png,data/corrupted/100k_blur_15x15_s5/heldout/H005156.png,5833
318465,5833,H005157,data/splits/100k/images/heldout/H005157.png,data/corrupted/100k_blur_15x15_s5/heldout/H005157.png,5833
318458,5833,H005158,data/splits/100k/images/heldout/H005158.png,data/corrupted/100k_blur_15x15_s5/heldout/H005158.png,5833
318431,5833,H005159,data/splits/100k/images/heldout/H005159.png,data/corrupted/100k_blur_15x15_s5/heldout/H005159.png,5833
345195,6396,H005160,data/splits/100k/images/heldout/H005160.png,data/corrupted/100k_blur_15x15_s5/heldout/H005160.png,6396
345193,6396,H005161,data/splits/100k/images/heldout/H005161.png,data/corrupted/100k_blur_15x15_s5/heldout/H005161.png,6396
345197,6396,H005162,data/splits/100k/images/heldout/H005162.png,data/corrupted/100k_blur_15x15_s5/heldout/H005162.png,6396
345191,6396,H005163,data/splits/100k/images/heldout/H005163.png,data/corrupted/100k_blur_15x15_s5/heldout/H005163.png,6396
371776,7037,H005164,data/splits/100k/images/heldout/H005164.png,data/corrupted/100k_blur_15x15_s5/heldout/H005164.png,7037
371791,7037,H005165,data/splits/100k/images/heldout/H005165.png,data/corrupted/100k_blur_15x15_s5/heldout/H005165.png,7037
371795,7037,H005166,data/splits/100k/images/heldout/H005166.png,data/corrupted/100k_blur_15x15_s5/heldout/H005166.png,7037
371808,7037,H005167,data/splits/100k/images/heldout/H005167.png,data/corrupted/100k_blur_15x15_s5/heldout/H005167.png,7037
376872,7162,H005168,data/splits/100k/images/heldout/H005168.png,data/corrupted/100k_blur_15x15_s5/heldout/H005168.png,7162
376881,7162,H005169,data/splits/100k/images/heldout/H005169.png,data/corrupted/100k_blur_15x15_s5/heldout/H005169.png,7162
376939,7162,H005170,data/splits/100k/images/heldout/H005170.png,data/corrupted/100k_blur_15x15_s5/heldout/H005170.png,7162
376882,7162,H005171,data/splits/100k/images/heldout/H005171.png,data/corrupted/100k_blur_15x15_s5/heldout/H005171.png,7162
423301,8469,H005172,data/splits/100k/images/heldout/H005172.png,data/corrupted/100k_blur_15x15_s5/heldout/H005172.png,8469
423317,8469,H005173,data/splits/100k/images/heldout/H005173.png,data/corrupted/100k_blur_15x15_s5/heldout/H005173.png,8469
423319,8469,H005174,data/splits/100k/images/heldout/H005174.png,data/corrupted/100k_blur_15x15_s5/heldout/H005174.png,8469
423266,8469,H005175,data/splits/100k/images/heldout/H005175.png,data/corrupted/100k_blur_15x15_s5/heldout/H005175.png,8469
445281,9087,H005176,data/splits/100k/images/heldout/H005176.png,data/corrupted/100k_blur_15x15_s5/heldout/H005176.png,9087
445348,9087,H005177,data/splits/100k/images/heldout/H005177.png,data/corrupted/100k_blur_15x15_s5/heldout/H005177.png,9087
445341,9087,H005178,data/splits/100k/images/heldout/H005178.png,data/corrupted/100k_blur_15x15_s5/heldout/H005178.png,9087
445285,9087,H005179,data/splits/100k/images/heldout/H005179.png,data/corrupted/100k_blur_15x15_s5/heldout/H005179.png,9087
484483,10333,H005180,data/splits/100k/images/heldout/H005180.png,data/corrupted/100k_blur_15x15_s5/heldout/H005180.png,10333
484474,10333,H005181,data/splits/100k/images/heldout/H005181.png,data/corrupted/100k_blur_15x15_s5/heldout/H005181.png,10333
484440,10333,H005182,data/splits/100k/images/heldout/H005182.png,data/corrupted/100k_blur_15x15_s5/heldout/H005182.png,10333
484493,10333,H005183,data/splits/100k/images/heldout/H005183.png,data/corrupted/100k_blur_15x15_s5/heldout/H005183.png,10333
484972,10350,H005184,data/splits/100k/images/heldout/H005184.png,data/corrupted/100k_blur_15x15_s5/heldout/H005184.png,10350
484989,10350,H005185,data/splits/100k/images/heldout/H005185.png,data/corrupted/100k_blur_15x15_s5/heldout/H005185.png,10350
485000,10350,H005186,data/splits/100k/images/heldout/H005186.png,data/corrupted/100k_blur_15x15_s5/heldout/H005186.png,10350
485017,10350,H005187,data/splits/100k/images/heldout/H005187.png,data/corrupted/100k_blur_15x15_s5/heldout/H005187.png,10350
10794,66,H005188,data/splits/100k/images/heldout/H005188.png,data/corrupted/100k_blur_15x15_s5/heldout/H005188.png,66
10789,66,H005189,data/splits/100k/images/heldout/H005189.png,data/corrupted/100k_blur_15x15_s5/heldout/H005189.png,66
10796,66,H005190,data/splits/100k/images/heldout/H005190.png,data/corrupted/100k_blur_15x15_s5/heldout/H005190.png,66
10739,66,H005191,data/splits/100k/images/heldout/H005191.png,data/corrupted/100k_blur_15x15_s5/heldout/H005191.png,66
16193,120,H005192,data/splits/100k/images/heldout/H005192.png,data/corrupted/100k_blur_15x15_s5/heldout/H005192.png,120
16253,120,H005193,data/splits/100k/images/heldout/H005193.png,data/corrupted/100k_blur_15x15_s5/heldout/H005193.png,120
16220,120,H005194,data/splits/100k/images/heldout/H005194.png,data/corrupted/100k_blur_15x15_s5/heldout/H005194.png,120
16242,120,H005195,data/splits/100k/images/heldout/H005195.png,data/corrupted/100k_blur_15x15_s5/heldout/H005195.png,120
16343,121,H005196,data/splits/100k/images/heldout/H005196.png,data/corrupted/100k_blur_15x15_s5/heldout/H005196.png,121
16307,121,H005197,data/splits/100k/images/heldout/H005197.png,data/corrupted/100k_blur_15x15_s5/heldout/H005197.png,121
16325,121,H005198,data/splits/100k/images/heldout/H005198.png,data/corrupted/100k_blur_15x15_s5/heldout/H005198.png,121
16283,121,H005199,data/splits/100k/images/heldout/H005199.png,data/corrupted/100k_blur_15x15_s5/heldout/H005199.png,121
41788,403,H005200,data/splits/100k/images/heldout/H005200.png,data/corrupted/100k_blur_15x15_s5/heldout/H005200.png,403
41767,403,H005201,data/splits/100k/images/heldout/H005201.png,data/corrupted/100k_blur_15x15_s5/heldout/H005201.png,403
41748,403,H005202,data/splits/100k/images/heldout/H005202.png,data/corrupted/100k_blur_15x15_s5/heldout/H005202.png,403
41771,403,H005203,data/splits/100k/images/heldout/H005203.png,data/corrupted/100k_blur_15x15_s5/heldout/H005203.png,403
48327,493,H005204,data/splits/100k/images/heldout/H005204.png,data/corrupted/100k_blur_15x15_s5/heldout/H005204.png,493
48294,493,H005205,data/splits/100k/images/heldout/H005205.png,data/corrupted/100k_blur_15x15_s5/heldout/H005205.png,493
48315,493,H005206,data/splits/100k/images/heldout/H005206.png,data/corrupted/100k_blur_15x15_s5/heldout/H005206.png,493
48328,493,H005207,data/splits/100k/images/heldout/H005207.png,data/corrupted/100k_blur_15x15_s5/heldout/H005207.png,493
53580,565,H005208,data/splits/100k/images/heldout/H005208.png,data/corrupted/100k_blur_15x15_s5/heldout/H005208.png,565
53601,565,H005209,data/splits/100k/images/heldout/H005209.png,data/corrupted/100k_blur_15x15_s5/heldout/H005209.png,565
53632,565,H005210,data/splits/100k/images/heldout/H005210.png,data/corrupted/100k_blur_15x15_s5/heldout/H005210.png,565
53602,565,H005211,data/splits/100k/images/heldout/H005211.png,data/corrupted/100k_blur_15x15_s5/heldout/H005211.png,565
56164,601,H005212,data/splits/100k/images/heldout/H005212.png,data/corrupted/100k_blur_15x15_s5/heldout/H005212.png,601
56170,601,H005213,data/splits/100k/images/heldout/H005213.png,data/corrupted/100k_blur_15x15_s5/heldout/H005213.png,601
56215,601,H005214,data/splits/100k/images/heldout/H005214.png,data/corrupted/100k_blur_15x15_s5/heldout/H005214.png,601
56177,601,H005215,data/splits/100k/images/heldout/H005215.png,data/corrupted/100k_blur_15x15_s5/heldout/H005215.png,601
58932,641,H005216,data/splits/100k/images/heldout/H005216.png,data/corrupted/100k_blur_15x15_s5/heldout/H005216.png,641
58913,641,H005217,data/splits/100k/images/heldout/H005217.png,data/corrupted/100k_blur_15x15_s5/heldout/H005217.png,641
58939,641,H005218,data/splits/100k/images/heldout/H005218.png,data/corrupted/100k_blur_15x15_s5/heldout/H005218.png,641
58935,641,H005219,data/splits/100k/images/heldout/H005219.png,data/corrupted/100k_blur_15x15_s5/heldout/H005219.png,641
87932,1061,H005220,data/splits/100k/images/heldout/H005220.png,data/corrupted/100k_blur_15x15_s5/heldout/H005220.png,1061
87925,1061,H005221,data/splits/100k/images/heldout/H005221.png,data/corrupted/100k_blur_15x15_s5/heldout/H005221.png,1061
87920,1061,H005222,data/splits/100k/images/heldout/H005222.png,data/corrupted/100k_blur_15x15_s5/heldout/H005222.png,1061
87879,1061,H005223,data/splits/100k/images/heldout/H005223.png,data/corrupted/100k_blur_15x15_s5/heldout/H005223.png,1061
92258,1124,H005224,data/splits/100k/images/heldout/H005224.png,data/corrupted/100k_blur_15x15_s5/heldout/H005224.png,1124
92274,1124,H005225,data/splits/100k/images/heldout/H005225.png,data/corrupted/100k_blur_15x15_s5/heldout/H005225.png,1124
92304,1124,H005226,data/splits/100k/images/heldout/H005226.png,data/corrupted/100k_blur_15x15_s5/heldout/H005226.png,1124
92269,1124,H005227,data/splits/100k/images/heldout/H005227.png,data/corrupted/100k_blur_15x15_s5/heldout/H005227.png,1124
93216,1136,H005228,data/splits/100k/images/heldout/H005228.png,data/corrupted/100k_blur_15x15_s5/heldout/H005228.png,1136
93201,1136,H005229,data/splits/100k/images/heldout/H005229.png,data/corrupted/100k_blur_15x15_s5/heldout/H005229.png,1136
93193,1136,H005230,data/splits/100k/images/heldout/H005230.png,data/corrupted/100k_blur_15x15_s5/heldout/H005230.png,1136
93237,1136,H005231,data/splits/100k/images/heldout/H005231.png,data/corrupted/100k_blur_15x15_s5/heldout/H005231.png,1136
159966,2423,H005232,data/splits/100k/images/heldout/H005232.png,data/corrupted/100k_blur_15x15_s5/heldout/H005232.png,2423
159981,2423,H005233,data/splits/100k/images/heldout/H005233.png,data/corrupted/100k_blur_15x15_s5/heldout/H005233.png,2423
160017,2423,H005234,data/splits/100k/images/heldout/H005234.png,data/corrupted/100k_blur_15x15_s5/heldout/H005234.png,2423
159980,2423,H005235,data/splits/100k/images/heldout/H005235.png,data/corrupted/100k_blur_15x15_s5/heldout/H005235.png,2423
169920,2629,H005236,data/splits/100k/images/heldout/H005236.png,data/corrupted/100k_blur_15x15_s5/heldout/H005236.png,2629
169964,2629,H005237,data/splits/100k/images/heldout/H005237.png,data/corrupted/100k_blur_15x15_s5/heldout/H005237.png,2629
169938,2629,H005238,data/splits/100k/images/heldout/H005238.png,data/corrupted/100k_blur_15x15_s5/heldout/H005238.png,2629
169977,2629,H005239,data/splits/100k/images/heldout/H005239.png,data/corrupted/100k_blur_15x15_s5/heldout/H005239.png,2629
177894,2751,H005240,data/splits/100k/images/heldout/H005240.png,data/corrupted/100k_blur_15x15_s5/heldout/H005240.png,2751
177921,2751,H005241,data/splits/100k/images/heldout/H005241.png,data/corrupted/100k_blur_15x15_s5/heldout/H005241.png,2751
177852,2751,H005242,data/splits/100k/images/heldout/H005242.png,data/corrupted/100k_blur_15x15_s5/heldout/H005242.png,2751
177871,2751,H005243,data/splits/100k/images/heldout/H005243.png,data/corrupted/100k_blur_15x15_s5/heldout/H005243.png,2751
187709,2982,H005244,data/splits/100k/images/heldout/H005244.png,data/corrupted/100k_blur_15x15_s5/heldout/H005244.png,2982
187693,2982,H005245,data/splits/100k/images/heldout/H005245.png,data/corrupted/100k_blur_15x15_s5/heldout/H005245.png,2982
187725,2982,H005246,data/splits/100k/images/heldout/H005246.png,data/corrupted/100k_blur_15x15_s5/heldout/H005246.png,2982
187660,2982,H005247,data/splits/100k/images/heldout/H005247.png,data/corrupted/100k_blur_15x15_s5/heldout/H005247.png,2982
192199,3068,H005248,data/splits/100k/images/heldout/H005248.png,data/corrupted/100k_blur_15x15_s5/heldout/H005248.png,3068
192273,3068,H005249,data/splits/100k/images/heldout/H005249.png,data/corrupted/100k_blur_15x15_s5/heldout/H005249.png,3068
192264,3068,H005250,data/splits/100k/images/heldout/H005250.png,data/corrupted/100k_blur_15x15_s5/heldout/H005250.png,3068
192201,3068,H005251,data/splits/100k/images/heldout/H005251.png,data/corrupted/100k_blur_15x15_s5/heldout/H005251.png,3068
201044,3276,H005252,data/splits/100k/images/heldout/H005252.png,data/corrupted/100k_blur_15x15_s5/heldout/H005252.png,3276
201059,3276,H005253,data/splits/100k/images/heldout/H005253.png,data/corrupted/100k_blur_15x15_s5/heldout/H005253.png,3276
201091,3276,H005254,data/splits/100k/images/heldout/H005254.png,data/corrupted/100k_blur_15x15_s5/heldout/H005254.png,3276
201056,3276,H005255,data/splits/100k/images/heldout/H005255.png,data/corrupted/100k_blur_15x15_s5/heldout/H005255.png,3276
204042,3350,H005256,data/splits/100k/images/heldout/H005256.png,data/corrupted/100k_blur_15x15_s5/heldout/H005256.png,3350
204065,3350,H005257,data/splits/100k/images/heldout/H005257.png,data/corrupted/100k_blur_15x15_s5/heldout/H005257.png,3350
204069,3350,H005258,data/splits/100k/images/heldout/H005258.png,data/corrupted/100k_blur_15x15_s5/heldout/H005258.png,3350
204059,3350,H005259,data/splits/100k/images/heldout/H005259.png,data/corrupted/100k_blur_15x15_s5/heldout/H005259.png,3350
208081,3421,H005260,data/splits/100k/images/heldout/H005260.png,data/corrupted/100k_blur_15x15_s5/heldout/H005260.png,3421
208105,3421,H005261,data/splits/100k/images/heldout/H005261.png,data/corrupted/100k_blur_15x15_s5/heldout/H005261.png,3421
208137,3421,H005262,data/splits/100k/images/heldout/H005262.png,data/corrupted/100k_blur_15x15_s5/heldout/H005262.png,3421
208097,3421,H005263,data/splits/100k/images/heldout/H005263.png,data/corrupted/100k_blur_15x15_s5/heldout/H005263.png,3421
224839,3786,H005264,data/splits/100k/images/heldout/H005264.png,data/corrupted/100k_blur_15x15_s5/heldout/H005264.png,3786
224870,3786,H005265,data/splits/100k/images/heldout/H005265.png,data/corrupted/100k_blur_15x15_s5/heldout/H005265.png,3786
224830,3786,H005266,data/splits/100k/images/heldout/H005266.png,data/corrupted/100k_blur_15x15_s5/heldout/H005266.png,3786
224837,3786,H005267,data/splits/100k/images/heldout/H005267.png,data/corrupted/100k_blur_15x15_s5/heldout/H005267.png,3786
264739,4649,H005268,data/splits/100k/images/heldout/H005268.png,data/corrupted/100k_blur_15x15_s5/heldout/H005268.png,4649
264767,4649,H005269,data/splits/100k/images/heldout/H005269.png,data/corrupted/100k_blur_15x15_s5/heldout/H005269.png,4649
264753,4649,H005270,data/splits/100k/images/heldout/H005270.png,data/corrupted/100k_blur_15x15_s5/heldout/H005270.png,4649
264773,4649,H005271,data/splits/100k/images/heldout/H005271.png,data/corrupted/100k_blur_15x15_s5/heldout/H005271.png,4649
276593,4920,H005272,data/splits/100k/images/heldout/H005272.png,data/corrupted/100k_blur_15x15_s5/heldout/H005272.png,4920
276565,4920,H005273,data/splits/100k/images/heldout/H005273.png,data/corrupted/100k_blur_15x15_s5/heldout/H005273.png,4920
276611,4920,H005274,data/splits/100k/images/heldout/H005274.png,data/corrupted/100k_blur_15x15_s5/heldout/H005274.png,4920
276542,4920,H005275,data/splits/100k/images/heldout/H005275.png,data/corrupted/100k_blur_15x15_s5/heldout/H005275.png,4920
309677,5629,H005276,data/splits/100k/images/heldout/H005276.png,data/corrupted/100k_blur_15x15_s5/heldout/H005276.png,5629
309708,5629,H005277,data/splits/100k/images/heldout/H005277.png,data/corrupted/100k_blur_15x15_s5/heldout/H005277.png,5629
309714,5629,H005278,data/splits/100k/images/heldout/H005278.png,data/corrupted/100k_blur_15x15_s5/heldout/H005278.png,5629
309676,5629,H005279,data/splits/100k/images/heldout/H005279.png,data/corrupted/100k_blur_15x15_s5/heldout/H005279.png,5629
320559,5887,H005280,data/splits/100k/images/heldout/H005280.png,data/corrupted/100k_blur_15x15_s5/heldout/H005280.png,5887
320583,5887,H005281,data/splits/100k/images/heldout/H005281.png,data/corrupted/100k_blur_15x15_s5/heldout/H005281.png,5887
320614,5887,H005282,data/splits/100k/images/heldout/H005282.png,data/corrupted/100k_blur_15x15_s5/heldout/H005282.png,5887
320554,5887,H005283,data/splits/100k/images/heldout/H005283.png,data/corrupted/100k_blur_15x15_s5/heldout/H005283.png,5887
333049,6151,H005284,data/splits/100k/images/heldout/H005284.png,data/corrupted/100k_blur_15x15_s5/heldout/H005284.png,6151
333086,6151,H005285,data/splits/100k/images/heldout/H005285.png,data/corrupted/100k_blur_15x15_s5/heldout/H005285.png,6151
333079,6151,H005286,data/splits/100k/images/heldout/H005286.png,data/corrupted/100k_blur_15x15_s5/heldout/H005286.png,6151
333041,6151,H005287,data/splits/100k/images/heldout/H005287.png,data/corrupted/100k_blur_15x15_s5/heldout/H005287.png,6151
362816,6821,H005288,data/splits/100k/images/heldout/H005288.png,data/corrupted/100k_blur_15x15_s5/heldout/H005288.png,6821
362827,6821,H005289,data/splits/100k/images/heldout/H005289.png,data/corrupted/100k_blur_15x15_s5/heldout/H005289.png,6821
362832,6821,H005290,data/splits/100k/images/heldout/H005290.png,data/corrupted/100k_blur_15x15_s5/heldout/H005290.png,6821
362874,6821,H005291,data/splits/100k/images/heldout/H005291.png,data/corrupted/100k_blur_15x15_s5/heldout/H005291.png,6821
385300,7392,H005292,data/splits/100k/images/heldout/H005292.png,data/corrupted/100k_blur_15x15_s5/heldout/H005292.png,7392
385334,7392,H005293,data/splits/100k/images/heldout/H005293.png,data/corrupted/100k_blur_15x15_s5/heldout/H005293.png,7392
385345,7392,H005294,data/splits/100k/images/heldout/H005294.png,data/corrupted/100k_blur_15x15_s5/heldout/H005294.png,7392
385305,7392,H005295,data/splits/100k/images/heldout/H005295.png,data/corrupted/100k_blur_15x15_s5/heldout/H005295.png,7392
390055,7529,H005296,data/splits/100k/images/heldout/H005296.png,data/corrupted/100k_blur_15x15_s5/heldout/H005296.png,7529
390000,7529,H005297,data/splits/100k/images/heldout/H005297.png,data/corrupted/100k_blur_15x15_s5/heldout/H005297.png,7529
390001,7529,H005298,data/splits/100k/images/heldout/H005298.png,data/corrupted/100k_blur_15x15_s5/heldout/H005298.png,7529
389996,7529,H005299,data/splits/100k/images/heldout/H005299.png,data/corrupted/100k_blur_15x15_s5/heldout/H005299.png,7529
399540,7801,H005300,data/splits/100k/images/heldout/H005300.png,data/corrupted/100k_blur_15x15_s5/heldout/H005300.png,7801
399519,7801,H005301,data/splits/100k/images/heldout/H005301.png,data/corrupted/100k_blur_15x15_s5/heldout/H005301.png,7801
399511,7801,H005302,data/splits/100k/images/heldout/H005302.png,data/corrupted/100k_blur_15x15_s5/heldout/H005302.png,7801
399544,7801,H005303,data/splits/100k/images/heldout/H005303.png,data/corrupted/100k_blur_15x15_s5/heldout/H005303.png,7801
406142,7991,H005304,data/splits/100k/images/heldout/H005304.png,data/corrupted/100k_blur_15x15_s5/heldout/H005304.png,7991
406190,7991,H005305,data/splits/100k/images/heldout/H005305.png,data/corrupted/100k_blur_15x15_s5/heldout/H005305.png,7991
406124,7991,H005306,data/splits/100k/images/heldout/H005306.png,data/corrupted/100k_blur_15x15_s5/heldout/H005306.png,7991
406158,7991,H005307,data/splits/100k/images/heldout/H005307.png,data/corrupted/100k_blur_15x15_s5/heldout/H005307.png,7991
455106,9377,H005308,data/splits/100k/images/heldout/H005308.png,data/corrupted/100k_blur_15x15_s5/heldout/H005308.png,9377
455153,9377,H005309,data/splits/100k/images/heldout/H005309.png,data/corrupted/100k_blur_15x15_s5/heldout/H005309.png,9377
455119,9377,H005310,data/splits/100k/images/heldout/H005310.png,data/corrupted/100k_blur_15x15_s5/heldout/H005310.png,9377
455127,9377,H005311,data/splits/100k/images/heldout/H005311.png,data/corrupted/100k_blur_15x15_s5/heldout/H005311.png,9377
8319,42,H005312,data/splits/100k/images/heldout/H005312.png,data/corrupted/100k_blur_15x15_s5/heldout/H005312.png,42
8328,42,H005313,data/splits/100k/images/heldout/H005313.png,data/corrupted/100k_blur_15x15_s5/heldout/H005313.png,42
8358,42,H005314,data/splits/100k/images/heldout/H005314.png,data/corrupted/100k_blur_15x15_s5/heldout/H005314.png,42
8357,42,H005315,data/splits/100k/images/heldout/H005315.png,data/corrupted/100k_blur_15x15_s5/heldout/H005315.png,42
16108,118,H005316,data/splits/100k/images/heldout/H005316.png,data/corrupted/100k_blur_15x15_s5/heldout/H005316.png,118
16098,118,H005317,data/splits/100k/images/heldout/H005317.png,data/corrupted/100k_blur_15x15_s5/heldout/H005317.png,118
16117,118,H005318,data/splits/100k/images/heldout/H005318.png,data/corrupted/100k_blur_15x15_s5/heldout/H005318.png,118
16086,118,H005319,data/splits/100k/images/heldout/H005319.png,data/corrupted/100k_blur_15x15_s5/heldout/H005319.png,118
27482,227,H005320,data/splits/100k/images/heldout/H005320.png,data/corrupted/100k_blur_15x15_s5/heldout/H005320.png,227
27468,227,H005321,data/splits/100k/images/heldout/H005321.png,data/corrupted/100k_blur_15x15_s5/heldout/H005321.png,227
27479,227,H005322,data/splits/100k/images/heldout/H005322.png,data/corrupted/100k_blur_15x15_s5/heldout/H005322.png,227
27513,227,H005323,data/splits/100k/images/heldout/H005323.png,data/corrupted/100k_blur_15x15_s5/heldout/H005323.png,227
28357,235,H005324,data/splits/100k/images/heldout/H005324.png,data/corrupted/100k_blur_15x15_s5/heldout/H005324.png,235
28412,235,H005325,data/splits/100k/images/heldout/H005325.png,data/corrupted/100k_blur_15x15_s5/heldout/H005325.png,235
28355,235,H005326,data/splits/100k/images/heldout/H005326.png,data/corrupted/100k_blur_15x15_s5/heldout/H005326.png,235
28374,235,H005327,data/splits/100k/images/heldout/H005327.png,data/corrupted/100k_blur_15x15_s5/heldout/H005327.png,235
71800,862,H005328,data/splits/100k/images/heldout/H005328.png,data/corrupted/100k_blur_15x15_s5/heldout/H005328.png,862
71788,862,H005329,data/splits/100k/images/heldout/H005329.png,data/corrupted/100k_blur_15x15_s5/heldout/H005329.png,862
71859,862,H005330,data/splits/100k/images/heldout/H005330.png,data/corrupted/100k_blur_15x15_s5/heldout/H005330.png,862
71832,862,H005331,data/splits/100k/images/heldout/H005331.png,data/corrupted/100k_blur_15x15_s5/heldout/H005331.png,862
75717,909,H005332,data/splits/100k/images/heldout/H005332.png,data/corrupted/100k_blur_15x15_s5/heldout/H005332.png,909
75727,909,H005333,data/splits/100k/images/heldout/H005333.png,data/corrupted/100k_blur_15x15_s5/heldout/H005333.png,909
75748,909,H005334,data/splits/100k/images/heldout/H005334.png,data/corrupted/100k_blur_15x15_s5/heldout/H005334.png,909
75743,909,H005335,data/splits/100k/images/heldout/H005335.png,data/corrupted/100k_blur_15x15_s5/heldout/H005335.png,909
81534,987,H005336,data/splits/100k/images/heldout/H005336.png,data/corrupted/100k_blur_15x15_s5/heldout/H005336.png,987
81533,987,H005337,data/splits/100k/images/heldout/H005337.png,data/corrupted/100k_blur_15x15_s5/heldout/H005337.png,987
81577,987,H005338,data/splits/100k/images/heldout/H005338.png,data/corrupted/100k_blur_15x15_s5/heldout/H005338.png,987
81597,987,H005339,data/splits/100k/images/heldout/H005339.png,data/corrupted/100k_blur_15x15_s5/heldout/H005339.png,987
108175,1326,H005340,data/splits/100k/images/heldout/H005340.png,data/corrupted/100k_blur_15x15_s5/heldout/H005340.png,1326
108172,1326,H005341,data/splits/100k/images/heldout/H005341.png,data/corrupted/100k_blur_15x15_s5/heldout/H005341.png,1326
108214,1326,H005342,data/splits/100k/images/heldout/H005342.png,data/corrupted/100k_blur_15x15_s5/heldout/H005342.png,1326
108243,1326,H005343,data/splits/100k/images/heldout/H005343.png,data/corrupted/100k_blur_15x15_s5/heldout/H005343.png,1326
119698,1588,H005344,data/splits/100k/images/heldout/H005344.png,data/corrupted/100k_blur_15x15_s5/heldout/H005344.png,1588
119706,1588,H005345,data/splits/100k/images/heldout/H005345.png,data/corrupted/100k_blur_15x15_s5/heldout/H005345.png,1588
119704,1588,H005346,data/splits/100k/images/heldout/H005346.png,data/corrupted/100k_blur_15x15_s5/heldout/H005346.png,1588
119727,1588,H005347,data/splits/100k/images/heldout/H005347.png,data/corrupted/100k_blur_15x15_s5/heldout/H005347.png,1588
121019,1613,H005348,data/splits/100k/images/heldout/H005348.png,data/corrupted/100k_blur_15x15_s5/heldout/H005348.png,1613
121009,1613,H005349,data/splits/100k/images/heldout/H005349.png,data/corrupted/100k_blur_15x15_s5/heldout/H005349.png,1613
120991,1613,H005350,data/splits/100k/images/heldout/H005350.png,data/corrupted/100k_blur_15x15_s5/heldout/H005350.png,1613
120987,1613,H005351,data/splits/100k/images/heldout/H005351.png,data/corrupted/100k_blur_15x15_s5/heldout/H005351.png,1613
158390,2393,H005352,data/splits/100k/images/heldout/H005352.png,data/corrupted/100k_blur_15x15_s5/heldout/H005352.png,2393
158344,2393,H005353,data/splits/100k/images/heldout/H005353.png,data/corrupted/100k_blur_15x15_s5/heldout/H005353.png,2393
158376,2393,H005354,data/splits/100k/images/heldout/H005354.png,data/corrupted/100k_blur_15x15_s5/heldout/H005354.png,2393
158348,2393,H005355,data/splits/100k/images/heldout/H005355.png,data/corrupted/100k_blur_15x15_s5/heldout/H005355.png,2393
159305,2412,H005356,data/splits/100k/images/heldout/H005356.png,data/corrupted/100k_blur_15x15_s5/heldout/H005356.png,2412
159282,2412,H005357,data/splits/100k/images/heldout/H005357.png,data/corrupted/100k_blur_15x15_s5/heldout/H005357.png,2412
159345,2412,H005358,data/splits/100k/images/heldout/H005358.png,data/corrupted/100k_blur_15x15_s5/heldout/H005358.png,2412
159354,2412,H005359,data/splits/100k/images/heldout/H005359.png,data/corrupted/100k_blur_15x15_s5/heldout/H005359.png,2412
166931,2559,H005360,data/splits/100k/images/heldout/H005360.png,data/corrupted/100k_blur_15x15_s5/heldout/H005360.png,2559
166928,2559,H005361,data/splits/100k/images/heldout/H005361.png,data/corrupted/100k_blur_15x15_s5/heldout/H005361.png,2559
166900,2559,H005362,data/splits/100k/images/heldout/H005362.png,data/corrupted/100k_blur_15x15_s5/heldout/H005362.png,2559
166909,2559,H005363,data/splits/100k/images/heldout/H005363.png,data/corrupted/100k_blur_15x15_s5/heldout/H005363.png,2559
170100,2632,H005364,data/splits/100k/images/heldout/H005364.png,data/corrupted/100k_blur_15x15_s5/heldout/H005364.png,2632
170046,2632,H005365,data/splits/100k/images/heldout/H005365.png,data/corrupted/100k_blur_15x15_s5/heldout/H005365.png,2632
170054,2632,H005366,data/splits/100k/images/heldout/H005366.png,data/corrupted/100k_blur_15x15_s5/heldout/H005366.png,2632
170068,2632,H005367,data/splits/100k/images/heldout/H005367.png,data/corrupted/100k_blur_15x15_s5/heldout/H005367.png,2632
176209,2733,H005368,data/splits/100k/images/heldout/H005368.png,data/corrupted/100k_blur_15x15_s5/heldout/H005368.png,2733
176274,2733,H005369,data/splits/100k/images/heldout/H005369.png,data/corrupted/100k_blur_15x15_s5/heldout/H005369.png,2733
176229,2733,H005370,data/splits/100k/images/heldout/H005370.png,data/corrupted/100k_blur_15x15_s5/heldout/H005370.png,2733
176234,2733,H005371,data/splits/100k/images/heldout/H005371.png,data/corrupted/100k_blur_15x15_s5/heldout/H005371.png,2733
197368,3190,H005372,data/splits/100k/images/heldout/H005372.png,data/corrupted/100k_blur_15x15_s5/heldout/H005372.png,3190
197352,3190,H005373,data/splits/100k/images/heldout/H005373.png,data/corrupted/100k_blur_15x15_s5/heldout/H005373.png,3190
197346,3190,H005374,data/splits/100k/images/heldout/H005374.png,data/corrupted/100k_blur_15x15_s5/heldout/H005374.png,3190
197358,3190,H005375,data/splits/100k/images/heldout/H005375.png,data/corrupted/100k_blur_15x15_s5/heldout/H005375.png,3190
210096,3464,H005376,data/splits/100k/images/heldout/H005376.png,data/corrupted/100k_blur_15x15_s5/heldout/H005376.png,3464
210078,3464,H005377,data/splits/100k/images/heldout/H005377.png,data/corrupted/100k_blur_15x15_s5/heldout/H005377.png,3464
210106,3464,H005378,data/splits/100k/images/heldout/H005378.png,data/corrupted/100k_blur_15x15_s5/heldout/H005378.png,3464
210082,3464,H005379,data/splits/100k/images/heldout/H005379.png,data/corrupted/100k_blur_15x15_s5/heldout/H005379.png,3464
223821,3764,H005380,data/splits/100k/images/heldout/H005380.png,data/corrupted/100k_blur_15x15_s5/heldout/H005380.png,3764
223765,3764,H005381,data/splits/100k/images/heldout/H005381.png,data/corrupted/100k_blur_15x15_s5/heldout/H005381.png,3764
223800,3764,H005382,data/splits/100k/images/heldout/H005382.png,data/corrupted/100k_blur_15x15_s5/heldout/H005382.png,3764
223806,3764,H005383,data/splits/100k/images/heldout/H005383.png,data/corrupted/100k_blur_15x15_s5/heldout/H005383.png,3764
289183,5190,H005384,data/splits/100k/images/heldout/H005384.png,data/corrupted/100k_blur_15x15_s5/heldout/H005384.png,5190
289194,5190,H005385,data/splits/100k/images/heldout/H005385.png,data/corrupted/100k_blur_15x15_s5/heldout/H005385.png,5190
289130,5190,H005386,data/splits/100k/images/heldout/H005386.png,data/corrupted/100k_blur_15x15_s5/heldout/H005386.png,5190
289205,5190,H005387,data/splits/100k/images/heldout/H005387.png,data/corrupted/100k_blur_15x15_s5/heldout/H005387.png,5190
290662,5226,H005388,data/splits/100k/images/heldout/H005388.png,data/corrupted/100k_blur_15x15_s5/heldout/H005388.png,5226
290652,5226,H005389,data/splits/100k/images/heldout/H005389.png,data/corrupted/100k_blur_15x15_s5/heldout/H005389.png,5226
290715,5226,H005390,data/splits/100k/images/heldout/H005390.png,data/corrupted/100k_blur_15x15_s5/heldout/H005390.png,5226
290689,5226,H005391,data/splits/100k/images/heldout/H005391.png,data/corrupted/100k_blur_15x15_s5/heldout/H005391.png,5226
316172,5786,H005392,data/splits/100k/images/heldout/H005392.png,data/corrupted/100k_blur_15x15_s5/heldout/H005392.png,5786
316141,5786,H005393,data/splits/100k/images/heldout/H005393.png,data/corrupted/100k_blur_15x15_s5/heldout/H005393.png,5786
316170,5786,H005394,data/splits/100k/images/heldout/H005394.png,data/corrupted/100k_blur_15x15_s5/heldout/H005394.png,5786
316190,5786,H005395,data/splits/100k/images/heldout/H005395.png,data/corrupted/100k_blur_15x15_s5/heldout/H005395.png,5786
319015,5843,H005396,data/splits/100k/images/heldout/H005396.png,data/corrupted/100k_blur_15x15_s5/heldout/H005396.png,5843
318985,5843,H005397,data/splits/100k/images/heldout/H005397.png,data/corrupted/100k_blur_15x15_s5/heldout/H005397.png,5843
319044,5843,H005398,data/splits/100k/images/heldout/H005398.png,data/corrupted/100k_blur_15x15_s5/heldout/H005398.png,5843
319008,5843,H005399,data/splits/100k/images/heldout/H005399.png,data/corrupted/100k_blur_15x15_s5/heldout/H005399.png,5843
325642,5994,H005400,data/splits/100k/images/heldout/H005400.png,data/corrupted/100k_blur_15x15_s5/heldout/H005400.png,5994
325669,5994,H005401,data/splits/100k/images/heldout/H005401.png,data/corrupted/100k_blur_15x15_s5/heldout/H005401.png,5994
325638,5994,H005402,data/splits/100k/images/heldout/H005402.png,data/corrupted/100k_blur_15x15_s5/heldout/H005402.png,5994
325663,5994,H005403,data/splits/100k/images/heldout/H005403.png,data/corrupted/100k_blur_15x15_s5/heldout/H005403.png,5994
329031,6071,H005404,data/splits/100k/images/heldout/H005404.png,data/corrupted/100k_blur_15x15_s5/heldout/H005404.png,6071
329030,6071,H005405,data/splits/100k/images/heldout/H005405.png,data/corrupted/100k_blur_15x15_s5/heldout/H005405.png,6071
329090,6071,H005406,data/splits/100k/images/heldout/H005406.png,data/corrupted/100k_blur_15x15_s5/heldout/H005406.png,6071
329085,6071,H005407,data/splits/100k/images/heldout/H005407.png,data/corrupted/100k_blur_15x15_s5/heldout/H005407.png,6071
350159,6520,H005408,data/splits/100k/images/heldout/H005408.png,data/corrupted/100k_blur_15x15_s5/heldout/H005408.png,6520
350085,6520,H005409,data/splits/100k/images/heldout/H005409.png,data/corrupted/100k_blur_15x15_s5/heldout/H005409.png,6520
350117,6520,H005410,data/splits/100k/images/heldout/H005410.png,data/corrupted/100k_blur_15x15_s5/heldout/H005410.png,6520
350147,6520,H005411,data/splits/100k/images/heldout/H005411.png,data/corrupted/100k_blur_15x15_s5/heldout/H005411.png,6520
366246,6904,H005412,data/splits/100k/images/heldout/H005412.png,data/corrupted/100k_blur_15x15_s5/heldout/H005412.png,6904
366238,6904,H005413,data/splits/100k/images/heldout/H005413.png,data/corrupted/100k_blur_15x15_s5/heldout/H005413.png,6904
366211,6904,H005414,data/splits/100k/images/heldout/H005414.png,data/corrupted/100k_blur_15x15_s5/heldout/H005414.png,6904
366242,6904,H005415,data/splits/100k/images/heldout/H005415.png,data/corrupted/100k_blur_15x15_s5/heldout/H005415.png,6904
403866,7925,H005416,data/splits/100k/images/heldout/H005416.png,data/corrupted/100k_blur_15x15_s5/heldout/H005416.png,7925
403870,7925,H005417,data/splits/100k/images/heldout/H005417.png,data/corrupted/100k_blur_15x15_s5/heldout/H005417.png,7925
403875,7925,H005418,data/splits/100k/images/heldout/H005418.png,data/corrupted/100k_blur_15x15_s5/heldout/H005418.png,7925
403884,7925,H005419,data/splits/100k/images/heldout/H005419.png,data/corrupted/100k_blur_15x15_s5/heldout/H005419.png,7925
430144,8663,H005420,data/splits/100k/images/heldout/H005420.png,data/corrupted/100k_blur_15x15_s5/heldout/H005420.png,8663
430142,8663,H005421,data/splits/100k/images/heldout/H005421.png,data/corrupted/100k_blur_15x15_s5/heldout/H005421.png,8663
430155,8663,H005422,data/splits/100k/images/heldout/H005422.png,data/corrupted/100k_blur_15x15_s5/heldout/H005422.png,8663
430181,8663,H005423,data/splits/100k/images/heldout/H005423.png,data/corrupted/100k_blur_15x15_s5/heldout/H005423.png,8663
462498,9620,H005424,data/splits/100k/images/heldout/H005424.png,data/corrupted/100k_blur_15x15_s5/heldout/H005424.png,9620
462464,9620,H005425,data/splits/100k/images/heldout/H005425.png,data/corrupted/100k_blur_15x15_s5/heldout/H005425.png,9620
462461,9620,H005426,data/splits/100k/images/heldout/H005426.png,data/corrupted/100k_blur_15x15_s5/heldout/H005426.png,9620
462473,9620,H005427,data/splits/100k/images/heldout/H005427.png,data/corrupted/100k_blur_15x15_s5/heldout/H005427.png,9620
472230,9923,H005428,data/splits/100k/images/heldout/H005428.png,data/corrupted/100k_blur_15x15_s5/heldout/H005428.png,9923
472256,9923,H005429,data/splits/100k/images/heldout/H005429.png,data/corrupted/100k_blur_15x15_s5/heldout/H005429.png,9923
472246,9923,H005430,data/splits/100k/images/heldout/H005430.png,data/corrupted/100k_blur_15x15_s5/heldout/H005430.png,9923
472268,9923,H005431,data/splits/100k/images/heldout/H005431.png,data/corrupted/100k_blur_15x15_s5/heldout/H005431.png,9923
45276,456,H005432,data/splits/100k/images/heldout/H005432.png,data/corrupted/100k_blur_15x15_s5/heldout/H005432.png,456
45248,456,H005433,data/splits/100k/images/heldout/H005433.png,data/corrupted/100k_blur_15x15_s5/heldout/H005433.png,456
45280,456,H005434,data/splits/100k/images/heldout/H005434.png,data/corrupted/100k_blur_15x15_s5/heldout/H005434.png,456
45223,456,H005435,data/splits/100k/images/heldout/H005435.png,data/corrupted/100k_blur_15x15_s5/heldout/H005435.png,456
52074,541,H005436,data/splits/100k/images/heldout/H005436.png,data/corrupted/100k_blur_15x15_s5/heldout/H005436.png,541
52058,541,H005437,data/splits/100k/images/heldout/H005437.png,data/corrupted/100k_blur_15x15_s5/heldout/H005437.png,541
52052,541,H005438,data/splits/100k/images/heldout/H005438.png,data/corrupted/100k_blur_15x15_s5/heldout/H005438.png,541
52086,541,H005439,data/splits/100k/images/heldout/H005439.png,data/corrupted/100k_blur_15x15_s5/heldout/H005439.png,541
52626,550,H005440,data/splits/100k/images/heldout/H005440.png,data/corrupted/100k_blur_15x15_s5/heldout/H005440.png,550
52616,550,H005441,data/splits/100k/images/heldout/H005441.png,data/corrupted/100k_blur_15x15_s5/heldout/H005441.png,550
52588,550,H005442,data/splits/100k/images/heldout/H005442.png,data/corrupted/100k_blur_15x15_s5/heldout/H005442.png,550
52608,550,H005443,data/splits/100k/images/heldout/H005443.png,data/corrupted/100k_blur_15x15_s5/heldout/H005443.png,550
56366,605,H005444,data/splits/100k/images/heldout/H005444.png,data/corrupted/100k_blur_15x15_s5/heldout/H005444.png,605
56367,605,H005445,data/splits/100k/images/heldout/H005445.png,data/corrupted/100k_blur_15x15_s5/heldout/H005445.png,605
56410,605,H005446,data/splits/100k/images/heldout/H005446.png,data/corrupted/100k_blur_15x15_s5/heldout/H005446.png,605
56379,605,H005447,data/splits/100k/images/heldout/H005447.png,data/corrupted/100k_blur_15x15_s5/heldout/H005447.png,605
56872,611,H005448,data/splits/100k/images/heldout/H005448.png,data/corrupted/100k_blur_15x15_s5/heldout/H005448.png,611
56805,611,H005449,data/splits/100k/images/heldout/H005449.png,data/corrupted/100k_blur_15x15_s5/heldout/H005449.png,611
56813,611,H005450,data/splits/100k/images/heldout/H005450.png,data/corrupted/100k_blur_15x15_s5/heldout/H005450.png,611
56840,611,H005451,data/splits/100k/images/heldout/H005451.png,data/corrupted/100k_blur_15x15_s5/heldout/H005451.png,611
80234,974,H005452,data/splits/100k/images/heldout/H005452.png,data/corrupted/100k_blur_15x15_s5/heldout/H005452.png,974
80258,974,H005453,data/splits/100k/images/heldout/H005453.png,data/corrupted/100k_blur_15x15_s5/heldout/H005453.png,974
80237,974,H005454,data/splits/100k/images/heldout/H005454.png,data/corrupted/100k_blur_15x15_s5/heldout/H005454.png,974
80241,974,H005455,data/splits/100k/images/heldout/H005455.png,data/corrupted/100k_blur_15x15_s5/heldout/H005455.png,974
90016,1093,H005456,data/splits/100k/images/heldout/H005456.png,data/corrupted/100k_blur_15x15_s5/heldout/H005456.png,1093
89999,1093,H005457,data/splits/100k/images/heldout/H005457.png,data/corrupted/100k_blur_15x15_s5/heldout/H005457.png,1093
89949,1093,H005458,data/splits/100k/images/heldout/H005458.png,data/corrupted/100k_blur_15x15_s5/heldout/H005458.png,1093
89966,1093,H005459,data/splits/100k/images/heldout/H005459.png,data/corrupted/100k_blur_15x15_s5/heldout/H005459.png,1093
169069,2608,H005460,data/splits/100k/images/heldout/H005460.png,data/corrupted/100k_blur_15x15_s5/heldout/H005460.png,2608
169082,2608,H005461,data/splits/100k/images/heldout/H005461.png,data/corrupted/100k_blur_15x15_s5/heldout/H005461.png,2608
169100,2608,H005462,data/splits/100k/images/heldout/H005462.png,data/corrupted/100k_blur_15x15_s5/heldout/H005462.png,2608
169085,2608,H005463,data/splits/100k/images/heldout/H005463.png,data/corrupted/100k_blur_15x15_s5/heldout/H005463.png,2608
176952,2740,H005464,data/splits/100k/images/heldout/H005464.png,data/corrupted/100k_blur_15x15_s5/heldout/H005464.png,2740
176953,2740,H005465,data/splits/100k/images/heldout/H005465.png,data/corrupted/100k_blur_15x15_s5/heldout/H005465.png,2740
176934,2740,H005466,data/splits/100k/images/heldout/H005466.png,data/corrupted/100k_blur_15x15_s5/heldout/H005466.png,2740
176940,2740,H005467,data/splits/100k/images/heldout/H005467.png,data/corrupted/100k_blur_15x15_s5/heldout/H005467.png,2740
193626,3106,H005468,data/splits/100k/images/heldout/H005468.png,data/corrupted/100k_blur_15x15_s5/heldout/H005468.png,3106
193638,3106,H005469,data/splits/100k/images/heldout/H005469.png,data/corrupted/100k_blur_15x15_s5/heldout/H005469.png,3106
193628,3106,H005470,data/splits/100k/images/heldout/H005470.png,data/corrupted/100k_blur_15x15_s5/heldout/H005470.png,3106
193645,3106,H005471,data/splits/100k/images/heldout/H005471.png,data/corrupted/100k_blur_15x15_s5/heldout/H005471.png,3106
256927,4463,H005472,data/splits/100k/images/heldout/H005472.png,data/corrupted/100k_blur_15x15_s5/heldout/H005472.png,4463
256934,4463,H005473,data/splits/100k/images/heldout/H005473.png,data/corrupted/100k_blur_15x15_s5/heldout/H005473.png,4463
256974,4463,H005474,data/splits/100k/images/heldout/H005474.png,data/corrupted/100k_blur_15x15_s5/heldout/H005474.png,4463
256919,4463,H005475,data/splits/100k/images/heldout/H005475.png,data/corrupted/100k_blur_15x15_s5/heldout/H005475.png,4463
273593,4848,H005476,data/splits/100k/images/heldout/H005476.png,data/corrupted/100k_blur_15x15_s5/heldout/H005476.png,4848
273631,4848,H005477,data/splits/100k/images/heldout/H005477.png,data/corrupted/100k_blur_15x15_s5/heldout/H005477.png,4848
273647,4848,H005478,data/splits/100k/images/heldout/H005478.png,data/corrupted/100k_blur_15x15_s5/heldout/H005478.png,4848
273620,4848,H005479,data/splits/100k/images/heldout/H005479.png,data/corrupted/100k_blur_15x15_s5/heldout/H005479.png,4848
282756,5050,H005480,data/splits/100k/images/heldout/H005480.png,data/corrupted/100k_blur_15x15_s5/heldout/H005480.png,5050
282711,5050,H005481,data/splits/100k/images/heldout/H005481.png,data/corrupted/100k_blur_15x15_s5/heldout/H005481.png,5050
282752,5050,H005482,data/splits/100k/images/heldout/H005482.png,data/corrupted/100k_blur_15x15_s5/heldout/H005482.png,5050
282715,5050,H005483,data/splits/100k/images/heldout/H005483.png,data/corrupted/100k_blur_15x15_s5/heldout/H005483.png,5050
310693,5657,H005484,data/splits/100k/images/heldout/H005484.png,data/corrupted/100k_blur_15x15_s5/heldout/H005484.png,5657
310671,5657,H005485,data/splits/100k/images/heldout/H005485.png,data/corrupted/100k_blur_15x15_s5/heldout/H005485.png,5657
310709,5657,H005486,data/splits/100k/images/heldout/H005486.png,data/corrupted/100k_blur_15x15_s5/heldout/H005486.png,5657
310711,5657,H005487,data/splits/100k/images/heldout/H005487.png,data/corrupted/100k_blur_15x15_s5/heldout/H005487.png,5657
325475,5991,H005488,data/splits/100k/images/heldout/H005488.png,data/corrupted/100k_blur_15x15_s5/heldout/H005488.png,5991
325479,5991,H005489,data/splits/100k/images/heldout/H005489.png,data/corrupted/100k_blur_15x15_s5/heldout/H005489.png,5991
325469,5991,H005490,data/splits/100k/images/heldout/H005490.png,data/corrupted/100k_blur_15x15_s5/heldout/H005490.png,5991
325419,5991,H005491,data/splits/100k/images/heldout/H005491.png,data/corrupted/100k_blur_15x15_s5/heldout/H005491.png,5991
331236,6110,H005492,data/splits/100k/images/heldout/H005492.png,data/corrupted/100k_blur_15x15_s5/heldout/H005492.png,6110
331233,6110,H005493,data/splits/100k/images/heldout/H005493.png,data/corrupted/100k_blur_15x15_s5/heldout/H005493.png,6110
331259,6110,H005494,data/splits/100k/images/heldout/H005494.png,data/corrupted/100k_blur_15x15_s5/heldout/H005494.png,6110
331260,6110,H005495,data/splits/100k/images/heldout/H005495.png,data/corrupted/100k_blur_15x15_s5/heldout/H005495.png,6110
342605,6351,H005496,data/splits/100k/images/heldout/H005496.png,data/corrupted/100k_blur_15x15_s5/heldout/H005496.png,6351
342557,6351,H005497,data/splits/100k/images/heldout/H005497.png,data/corrupted/100k_blur_15x15_s5/heldout/H005497.png,6351
342568,6351,H005498,data/splits/100k/images/heldout/H005498.png,data/corrupted/100k_blur_15x15_s5/heldout/H005498.png,6351
342580,6351,H005499,data/splits/100k/images/heldout/H005499.png,data/corrupted/100k_blur_15x15_s5/heldout/H005499.png,6351
375441,7120,H005500,data/splits/100k/images/heldout/H005500.png,data/corrupted/100k_blur_15x15_s5/heldout/H005500.png,7120
375437,7120,H005501,data/splits/100k/images/heldout/H005501.png,data/corrupted/100k_blur_15x15_s5/heldout/H005501.png,7120
375478,7120,H005502,data/splits/100k/images/heldout/H005502.png,data/corrupted/100k_blur_15x15_s5/heldout/H005502.png,7120
375459,7120,H005503,data/splits/100k/images/heldout/H005503.png,data/corrupted/100k_blur_15x15_s5/heldout/H005503.png,7120
393454,7630,H005504,data/splits/100k/images/heldout/H005504.png,data/corrupted/100k_blur_15x15_s5/heldout/H005504.png,7630
393514,7630,H005505,data/splits/100k/images/heldout/H005505.png,data/corrupted/100k_blur_15x15_s5/heldout/H005505.png,7630
393460,7630,H005506,data/splits/100k/images/heldout/H005506.png,data/corrupted/100k_blur_15x15_s5/heldout/H005506.png,7630
393465,7630,H005507,data/splits/100k/images/heldout/H005507.png,data/corrupted/100k_blur_15x15_s5/heldout/H005507.png,7630
410418,8089,H005508,data/splits/100k/images/heldout/H005508.png,data/corrupted/100k_blur_15x15_s5/heldout/H005508.png,8089
410368,8089,H005509,data/splits/100k/images/heldout/H005509.png,data/corrupted/100k_blur_15x15_s5/heldout/H005509.png,8089
410422,8089,H005510,data/splits/100k/images/heldout/H005510.png,data/corrupted/100k_blur_15x15_s5/heldout/H005510.png,8089
410360,8089,H005511,data/splits/100k/images/heldout/H005511.png,data/corrupted/100k_blur_15x15_s5/heldout/H005511.png,8089
420940,8399,H005512,data/splits/100k/images/heldout/H005512.png,data/corrupted/100k_blur_15x15_s5/heldout/H005512.png,8399
420927,8399,H005513,data/splits/100k/images/heldout/H005513.png,data/corrupted/100k_blur_15x15_s5/heldout/H005513.png,8399
420933,8399,H005514,data/splits/100k/images/heldout/H005514.png,data/corrupted/100k_blur_15x15_s5/heldout/H005514.png,8399
420908,8399,H005515,data/splits/100k/images/heldout/H005515.png,data/corrupted/100k_blur_15x15_s5/heldout/H005515.png,8399
434850,8783,H005516,data/splits/100k/images/heldout/H005516.png,data/corrupted/100k_blur_15x15_s5/heldout/H005516.png,8783
434826,8783,H005517,data/splits/100k/images/heldout/H005517.png,data/corrupted/100k_blur_15x15_s5/heldout/H005517.png,8783
434839,8783,H005518,data/splits/100k/images/heldout/H005518.png,data/corrupted/100k_blur_15x15_s5/heldout/H005518.png,8783
434822,8783,H005519,data/splits/100k/images/heldout/H005519.png,data/corrupted/100k_blur_15x15_s5/heldout/H005519.png,8783
483861,10314,H005520,data/splits/100k/images/heldout/H005520.png,data/corrupted/100k_blur_15x15_s5/heldout/H005520.png,10314
483915,10314,H005521,data/splits/100k/images/heldout/H005521.png,data/corrupted/100k_blur_15x15_s5/heldout/H005521.png,10314
483895,10314,H005522,data/splits/100k/images/heldout/H005522.png,data/corrupted/100k_blur_15x15_s5/heldout/H005522.png,10314
483906,10314,H005523,data/splits/100k/images/heldout/H005523.png,data/corrupted/100k_blur_15x15_s5/heldout/H005523.png,10314
36190,327,H005524,data/splits/100k/images/heldout/H005524.png,data/corrupted/100k_blur_15x15_s5/heldout/H005524.png,327
36215,327,H005525,data/splits/100k/images/heldout/H005525.png,data/corrupted/100k_blur_15x15_s5/heldout/H005525.png,327
36236,327,H005526,data/splits/100k/images/heldout/H005526.png,data/corrupted/100k_blur_15x15_s5/heldout/H005526.png,327
36191,327,H005527,data/splits/100k/images/heldout/H005527.png,data/corrupted/100k_blur_15x15_s5/heldout/H005527.png,327
52401,546,H005528,data/splits/100k/images/heldout/H005528.png,data/corrupted/100k_blur_15x15_s5/heldout/H005528.png,546
52443,546,H005529,data/splits/100k/images/heldout/H005529.png,data/corrupted/100k_blur_15x15_s5/heldout/H005529.png,546
52445,546,H005530,data/splits/100k/images/heldout/H005530.png,data/corrupted/100k_blur_15x15_s5/heldout/H005530.png,546
52449,546,H005531,data/splits/100k/images/heldout/H005531.png,data/corrupted/100k_blur_15x15_s5/heldout/H005531.png,546
56279,603,H005532,data/splits/100k/images/heldout/H005532.png,data/corrupted/100k_blur_15x15_s5/heldout/H005532.png,603
56288,603,H005533,data/splits/100k/images/heldout/H005533.png,data/corrupted/100k_blur_15x15_s5/heldout/H005533.png,603
56253,603,H005534,data/splits/100k/images/heldout/H005534.png,data/corrupted/100k_blur_15x15_s5/heldout/H005534.png,603
56248,603,H005535,data/splits/100k/images/heldout/H005535.png,data/corrupted/100k_blur_15x15_s5/heldout/H005535.png,603
63543,704,H005536,data/splits/100k/images/heldout/H005536.png,data/corrupted/100k_blur_15x15_s5/heldout/H005536.png,704
63590,704,H005537,data/splits/100k/images/heldout/H005537.png,data/corrupted/100k_blur_15x15_s5/heldout/H005537.png,704
63550,704,H005538,data/splits/100k/images/heldout/H005538.png,data/corrupted/100k_blur_15x15_s5/heldout/H005538.png,704
63599,704,H005539,data/splits/100k/images/heldout/H005539.png,data/corrupted/100k_blur_15x15_s5/heldout/H005539.png,704
79567,959,H005540,data/splits/100k/images/heldout/H005540.png,data/corrupted/100k_blur_15x15_s5/heldout/H005540.png,959
79574,959,H005541,data/splits/100k/images/heldout/H005541.png,data/corrupted/100k_blur_15x15_s5/heldout/H005541.png,959
79576,959,H005542,data/splits/100k/images/heldout/H005542.png,data/corrupted/100k_blur_15x15_s5/heldout/H005542.png,959
79581,959,H005543,data/splits/100k/images/heldout/H005543.png,data/corrupted/100k_blur_15x15_s5/heldout/H005543.png,959
87343,1054,H005544,data/splits/100k/images/heldout/H005544.png,data/corrupted/100k_blur_15x15_s5/heldout/H005544.png,1054
87360,1054,H005545,data/splits/100k/images/heldout/H005545.png,data/corrupted/100k_blur_15x15_s5/heldout/H005545.png,1054
87357,1054,H005546,data/splits/100k/images/heldout/H005546.png,data/corrupted/100k_blur_15x15_s5/heldout/H005546.png,1054
87409,1054,H005547,data/splits/100k/images/heldout/H005547.png,data/corrupted/100k_blur_15x15_s5/heldout/H005547.png,1054
88660,1079,H005548,data/splits/100k/images/heldout/H005548.png,data/corrupted/100k_blur_15x15_s5/heldout/H005548.png,1079
88644,1079,H005549,data/splits/100k/images/heldout/H005549.png,data/corrupted/100k_blur_15x15_s5/heldout/H005549.png,1079
88648,1079,H005550,data/splits/100k/images/heldout/H005550.png,data/corrupted/100k_blur_15x15_s5/heldout/H005550.png,1079
88687,1079,H005551,data/splits/100k/images/heldout/H005551.png,data/corrupted/100k_blur_15x15_s5/heldout/H005551.png,1079
90271,1098,H005552,data/splits/100k/images/heldout/H005552.png,data/corrupted/100k_blur_15x15_s5/heldout/H005552.png,1098
90296,1098,H005553,data/splits/100k/images/heldout/H005553.png,data/corrupted/100k_blur_15x15_s5/heldout/H005553.png,1098
90285,1098,H005554,data/splits/100k/images/heldout/H005554.png,data/corrupted/100k_blur_15x15_s5/heldout/H005554.png,1098
90339,1098,H005555,data/splits/100k/images/heldout/H005555.png,data/corrupted/100k_blur_15x15_s5/heldout/H005555.png,1098
134253,1895,H005556,data/splits/100k/images/heldout/H005556.png,data/corrupted/100k_blur_15x15_s5/heldout/H005556.png,1895
134237,1895,H005557,data/splits/100k/images/heldout/H005557.png,data/corrupted/100k_blur_15x15_s5/heldout/H005557.png,1895
134242,1895,H005558,data/splits/100k/images/heldout/H005558.png,data/corrupted/100k_blur_15x15_s5/heldout/H005558.png,1895
134217,1895,H005559,data/splits/100k/images/heldout/H005559.png,data/corrupted/100k_blur_15x15_s5/heldout/H005559.png,1895
145055,2112,H005560,data/splits/100k/images/heldout/H005560.png,data/corrupted/100k_blur_15x15_s5/heldout/H005560.png,2112
145067,2112,H005561,data/splits/100k/images/heldout/H005561.png,data/corrupted/100k_blur_15x15_s5/heldout/H005561.png,2112
145052,2112,H005562,data/splits/100k/images/heldout/H005562.png,data/corrupted/100k_blur_15x15_s5/heldout/H005562.png,2112
145021,2112,H005563,data/splits/100k/images/heldout/H005563.png,data/corrupted/100k_blur_15x15_s5/heldout/H005563.png,2112
149326,2192,H005564,data/splits/100k/images/heldout/H005564.png,data/corrupted/100k_blur_15x15_s5/heldout/H005564.png,2192
149345,2192,H005565,data/splits/100k/images/heldout/H005565.png,data/corrupted/100k_blur_15x15_s5/heldout/H005565.png,2192
149368,2192,H005566,data/splits/100k/images/heldout/H005566.png,data/corrupted/100k_blur_15x15_s5/heldout/H005566.png,2192
149349,2192,H005567,data/splits/100k/images/heldout/H005567.png,data/corrupted/100k_blur_15x15_s5/heldout/H005567.png,2192
168847,2602,H005568,data/splits/100k/images/heldout/H005568.png,data/corrupted/100k_blur_15x15_s5/heldout/H005568.png,2602
168908,2602,H005569,data/splits/100k/images/heldout/H005569.png,data/corrupted/100k_blur_15x15_s5/heldout/H005569.png,2602
168884,2602,H005570,data/splits/100k/images/heldout/H005570.png,data/corrupted/100k_blur_15x15_s5/heldout/H005570.png,2602
168862,2602,H005571,data/splits/100k/images/heldout/H005571.png,data/corrupted/100k_blur_15x15_s5/heldout/H005571.png,2602
176289,2734,H005572,data/splits/100k/images/heldout/H005572.png,data/corrupted/100k_blur_15x15_s5/heldout/H005572.png,2734
176307,2734,H005573,data/splits/100k/images/heldout/H005573.png,data/corrupted/100k_blur_15x15_s5/heldout/H005573.png,2734
176291,2734,H005574,data/splits/100k/images/heldout/H005574.png,data/corrupted/100k_blur_15x15_s5/heldout/H005574.png,2734
176322,2734,H005575,data/splits/100k/images/heldout/H005575.png,data/corrupted/100k_blur_15x15_s5/heldout/H005575.png,2734
188334,2987,H005576,data/splits/100k/images/heldout/H005576.png,data/corrupted/100k_blur_15x15_s5/heldout/H005576.png,2987
188342,2987,H005577,data/splits/100k/images/heldout/H005577.png,data/corrupted/100k_blur_15x15_s5/heldout/H005577.png,2987
188341,2987,H005578,data/splits/100k/images/heldout/H005578.png,data/corrupted/100k_blur_15x15_s5/heldout/H005578.png,2987
188289,2987,H005579,data/splits/100k/images/heldout/H005579.png,data/corrupted/100k_blur_15x15_s5/heldout/H005579.png,2987
209700,3456,H005580,data/splits/100k/images/heldout/H005580.png,data/corrupted/100k_blur_15x15_s5/heldout/H005580.png,3456
209670,3456,H005581,data/splits/100k/images/heldout/H005581.png,data/corrupted/100k_blur_15x15_s5/heldout/H005581.png,3456
209720,3456,H005582,data/splits/100k/images/heldout/H005582.png,data/corrupted/100k_blur_15x15_s5/heldout/H005582.png,3456
209678,3456,H005583,data/splits/100k/images/heldout/H005583.png,data/corrupted/100k_blur_15x15_s5/heldout/H005583.png,3456
229163,3901,H005584,data/splits/100k/images/heldout/H005584.png,data/corrupted/100k_blur_15x15_s5/heldout/H005584.png,3901
229160,3901,H005585,data/splits/100k/images/heldout/H005585.png,data/corrupted/100k_blur_15x15_s5/heldout/H005585.png,3901
229228,3901,H005586,data/splits/100k/images/heldout/H005586.png,data/corrupted/100k_blur_15x15_s5/heldout/H005586.png,3901
229196,3901,H005587,data/splits/100k/images/heldout/H005587.png,data/corrupted/100k_blur_15x15_s5/heldout/H005587.png,3901
244277,4208,H005588,data/splits/100k/images/heldout/H005588.png,data/corrupted/100k_blur_15x15_s5/heldout/H005588.png,4208
244330,4208,H005589,data/splits/100k/images/heldout/H005589.png,data/corrupted/100k_blur_15x15_s5/heldout/H005589.png,4208
244319,4208,H005590,data/splits/100k/images/heldout/H005590.png,data/corrupted/100k_blur_15x15_s5/heldout/H005590.png,4208
244338,4208,H005591,data/splits/100k/images/heldout/H005591.png,data/corrupted/100k_blur_15x15_s5/heldout/H005591.png,4208
246920,4265,H005592,data/splits/100k/images/heldout/H005592.png,data/corrupted/100k_blur_15x15_s5/heldout/H005592.png,4265
246923,4265,H005593,data/splits/100k/images/heldout/H005593.png,data/corrupted/100k_blur_15x15_s5/heldout/H005593.png,4265
246921,4265,H005594,data/splits/100k/images/heldout/H005594.png,data/corrupted/100k_blur_15x15_s5/heldout/H005594.png,4265
246936,4265,H005595,data/splits/100k/images/heldout/H005595.png,data/corrupted/100k_blur_15x15_s5/heldout/H005595.png,4265
252769,4373,H005596,data/splits/100k/images/heldout/H005596.png,data/corrupted/100k_blur_15x15_s5/heldout/H005596.png,4373
252776,4373,H005597,data/splits/100k/images/heldout/H005597.png,data/corrupted/100k_blur_15x15_s5/heldout/H005597.png,4373
252781,4373,H005598,data/splits/100k/images/heldout/H005598.png,data/corrupted/100k_blur_15x15_s5/heldout/H005598.png,4373
252756,4373,H005599,data/splits/100k/images/heldout/H005599.png,data/corrupted/100k_blur_15x15_s5/heldout/H005599.png,4373
261002,4546,H005600,data/splits/100k/images/heldout/H005600.png,data/corrupted/100k_blur_15x15_s5/heldout/H005600.png,4546
261041,4546,H005601,data/splits/100k/images/heldout/H005601.png,data/corrupted/100k_blur_15x15_s5/heldout/H005601.png,4546
261043,4546,H005602,data/splits/100k/images/heldout/H005602.png,data/corrupted/100k_blur_15x15_s5/heldout/H005602.png,4546
261020,4546,H005603,data/splits/100k/images/heldout/H005603.png,data/corrupted/100k_blur_15x15_s5/heldout/H005603.png,4546
263284,4606,H005604,data/splits/100k/images/heldout/H005604.png,data/corrupted/100k_blur_15x15_s5/heldout/H005604.png,4606
263297,4606,H005605,data/splits/100k/images/heldout/H005605.png,data/corrupted/100k_blur_15x15_s5/heldout/H005605.png,4606
263261,4606,H005606,data/splits/100k/images/heldout/H005606.png,data/corrupted/100k_blur_15x15_s5/heldout/H005606.png,4606
263266,4606,H005607,data/splits/100k/images/heldout/H005607.png,data/corrupted/100k_blur_15x15_s5/heldout/H005607.png,4606
275002,4879,H005608,data/splits/100k/images/heldout/H005608.png,data/corrupted/100k_blur_15x15_s5/heldout/H005608.png,4879
275003,4879,H005609,data/splits/100k/images/heldout/H005609.png,data/corrupted/100k_blur_15x15_s5/heldout/H005609.png,4879
275010,4879,H005610,data/splits/100k/images/heldout/H005610.png,data/corrupted/100k_blur_15x15_s5/heldout/H005610.png,4879
275006,4879,H005611,data/splits/100k/images/heldout/H005611.png,data/corrupted/100k_blur_15x15_s5/heldout/H005611.png,4879
325386,5990,H005612,data/splits/100k/images/heldout/H005612.png,data/corrupted/100k_blur_15x15_s5/heldout/H005612.png,5990
325366,5990,H005613,data/splits/100k/images/heldout/H005613.png,data/corrupted/100k_blur_15x15_s5/heldout/H005613.png,5990
325339,5990,H005614,data/splits/100k/images/heldout/H005614.png,data/corrupted/100k_blur_15x15_s5/heldout/H005614.png,5990
325390,5990,H005615,data/splits/100k/images/heldout/H005615.png,data/corrupted/100k_blur_15x15_s5/heldout/H005615.png,5990
347004,6437,H005616,data/splits/100k/images/heldout/H005616.png,data/corrupted/100k_blur_15x15_s5/heldout/H005616.png,6437
347012,6437,H005617,data/splits/100k/images/heldout/H005617.png,data/corrupted/100k_blur_15x15_s5/heldout/H005617.png,6437
346992,6437,H005618,data/splits/100k/images/heldout/H005618.png,data/corrupted/100k_blur_15x15_s5/heldout/H005618.png,6437
346985,6437,H005619,data/splits/100k/images/heldout/H005619.png,data/corrupted/100k_blur_15x15_s5/heldout/H005619.png,6437
396696,7724,H005620,data/splits/100k/images/heldout/H005620.png,data/corrupted/100k_blur_15x15_s5/heldout/H005620.png,7724
396706,7724,H005621,data/splits/100k/images/heldout/H005621.png,data/corrupted/100k_blur_15x15_s5/heldout/H005621.png,7724
396697,7724,H005622,data/splits/100k/images/heldout/H005622.png,data/corrupted/100k_blur_15x15_s5/heldout/H005622.png,7724
396683,7724,H005623,data/splits/100k/images/heldout/H005623.png,data/corrupted/100k_blur_15x15_s5/heldout/H005623.png,7724
416752,8295,H005624,data/splits/100k/images/heldout/H005624.png,data/corrupted/100k_blur_15x15_s5/heldout/H005624.png,8295
416759,8295,H005625,data/splits/100k/images/heldout/H005625.png,data/corrupted/100k_blur_15x15_s5/heldout/H005625.png,8295
416753,8295,H005626,data/splits/100k/images/heldout/H005626.png,data/corrupted/100k_blur_15x15_s5/heldout/H005626.png,8295
416760,8295,H005627,data/splits/100k/images/heldout/H005627.png,data/corrupted/100k_blur_15x15_s5/heldout/H005627.png,8295
451354,9257,H005628,data/splits/100k/images/heldout/H005628.png,data/corrupted/100k_blur_15x15_s5/heldout/H005628.png,9257
451361,9257,H005629,data/splits/100k/images/heldout/H005629.png,data/corrupted/100k_blur_15x15_s5/heldout/H005629.png,9257
451352,9257,H005630,data/splits/100k/images/heldout/H005630.png,data/corrupted/100k_blur_15x15_s5/heldout/H005630.png,9257
451370,9257,H005631,data/splits/100k/images/heldout/H005631.png,data/corrupted/100k_blur_15x15_s5/heldout/H005631.png,9257
459999,9543,H005632,data/splits/100k/images/heldout/H005632.png,data/corrupted/100k_blur_15x15_s5/heldout/H005632.png,9543
460019,9543,H005633,data/splits/100k/images/heldout/H005633.png,data/corrupted/100k_blur_15x15_s5/heldout/H005633.png,9543
459998,9543,H005634,data/splits/100k/images/heldout/H005634.png,data/corrupted/100k_blur_15x15_s5/heldout/H005634.png,9543
460025,9543,H005635,data/splits/100k/images/heldout/H005635.png,data/corrupted/100k_blur_15x15_s5/heldout/H005635.png,9543
461033,9570,H005636,data/splits/100k/images/heldout/H005636.png,data/corrupted/100k_blur_15x15_s5/heldout/H005636.png,9570
461046,9570,H005637,data/splits/100k/images/heldout/H005637.png,data/corrupted/100k_blur_15x15_s5/heldout/H005637.png,9570
460998,9570,H005638,data/splits/100k/images/heldout/H005638.png,data/corrupted/100k_blur_15x15_s5/heldout/H005638.png,9570
460981,9570,H005639,data/splits/100k/images/heldout/H005639.png,data/corrupted/100k_blur_15x15_s5/heldout/H005639.png,9570
475458,10028,H005640,data/splits/100k/images/heldout/H005640.png,data/corrupted/100k_blur_15x15_s5/heldout/H005640.png,10028
475510,10028,H005641,data/splits/100k/images/heldout/H005641.png,data/corrupted/100k_blur_15x15_s5/heldout/H005641.png,10028
475482,10028,H005642,data/splits/100k/images/heldout/H005642.png,data/corrupted/100k_blur_15x15_s5/heldout/H005642.png,10028
475460,10028,H005643,data/splits/100k/images/heldout/H005643.png,data/corrupted/100k_blur_15x15_s5/heldout/H005643.png,10028
484752,10342,H005644,data/splits/100k/images/heldout/H005644.png,data/corrupted/100k_blur_15x15_s5/heldout/H005644.png,10342
484729,10342,H005645,data/splits/100k/images/heldout/H005645.png,data/corrupted/100k_blur_15x15_s5/heldout/H005645.png,10342
484734,10342,H005646,data/splits/100k/images/heldout/H005646.png,data/corrupted/100k_blur_15x15_s5/heldout/H005646.png,10342
484721,10342,H005647,data/splits/100k/images/heldout/H005647.png,data/corrupted/100k_blur_15x15_s5/heldout/H005647.png,10342
28034,232,H005648,data/splits/100k/images/heldout/H005648.png,data/corrupted/100k_blur_15x15_s5/heldout/H005648.png,232
28030,232,H005649,data/splits/100k/images/heldout/H005649.png,data/corrupted/100k_blur_15x15_s5/heldout/H005649.png,232
28066,232,H005650,data/splits/100k/images/heldout/H005650.png,data/corrupted/100k_blur_15x15_s5/heldout/H005650.png,232
28032,232,H005651,data/splits/100k/images/heldout/H005651.png,data/corrupted/100k_blur_15x15_s5/heldout/H005651.png,232
29126,241,H005652,data/splits/100k/images/heldout/H005652.png,data/corrupted/100k_blur_15x15_s5/heldout/H005652.png,241
29150,241,H005653,data/splits/100k/images/heldout/H005653.png,data/corrupted/100k_blur_15x15_s5/heldout/H005653.png,241
29124,241,H005654,data/splits/100k/images/heldout/H005654.png,data/corrupted/100k_blur_15x15_s5/heldout/H005654.png,241
29114,241,H005655,data/splits/100k/images/heldout/H005655.png,data/corrupted/100k_blur_15x15_s5/heldout/H005655.png,241
80324,975,H005656,data/splits/100k/images/heldout/H005656.png,data/corrupted/100k_blur_15x15_s5/heldout/H005656.png,975
80315,975,H005657,data/splits/100k/images/heldout/H005657.png,data/corrupted/100k_blur_15x15_s5/heldout/H005657.png,975
80354,975,H005658,data/splits/100k/images/heldout/H005658.png,data/corrupted/100k_blur_15x15_s5/heldout/H005658.png,975
80339,975,H005659,data/splits/100k/images/heldout/H005659.png,data/corrupted/100k_blur_15x15_s5/heldout/H005659.png,975
88342,1071,H005660,data/splits/100k/images/heldout/H005660.png,data/corrupted/100k_blur_15x15_s5/heldout/H005660.png,1071
88324,1071,H005661,data/splits/100k/images/heldout/H005661.png,data/corrupted/100k_blur_15x15_s5/heldout/H005661.png,1071
88335,1071,H005662,data/splits/100k/images/heldout/H005662.png,data/corrupted/100k_blur_15x15_s5/heldout/H005662.png,1071
88339,1071,H005663,data/splits/100k/images/heldout/H005663.png,data/corrupted/100k_blur_15x15_s5/heldout/H005663.png,1071
98778,1202,H005664,data/splits/100k/images/heldout/H005664.png,data/corrupted/100k_blur_15x15_s5/heldout/H005664.png,1202
98763,1202,H005665,data/splits/100k/images/heldout/H005665.png,data/corrupted/100k_blur_15x15_s5/heldout/H005665.png,1202
98826,1202,H005666,data/splits/100k/images/heldout/H005666.png,data/corrupted/100k_blur_15x15_s5/heldout/H005666.png,1202
98773,1202,H005667,data/splits/100k/images/heldout/H005667.png,data/corrupted/100k_blur_15x15_s5/heldout/H005667.png,1202
118176,1550,H005668,data/splits/100k/images/heldout/H005668.png,data/corrupted/100k_blur_15x15_s5/heldout/H005668.png,1550
118199,1550,H005669,data/splits/100k/images/heldout/H005669.png,data/corrupted/100k_blur_15x15_s5/heldout/H005669.png,1550
118231,1550,H005670,data/splits/100k/images/heldout/H005670.png,data/corrupted/100k_blur_15x15_s5/heldout/H005670.png,1550
118210,1550,H005671,data/splits/100k/images/heldout/H005671.png,data/corrupted/100k_blur_15x15_s5/heldout/H005671.png,1550
125052,1693,H005672,data/splits/100k/images/heldout/H005672.png,data/corrupted/100k_blur_15x15_s5/heldout/H005672.png,1693
125062,1693,H005673,data/splits/100k/images/heldout/H005673.png,data/corrupted/100k_blur_15x15_s5/heldout/H005673.png,1693
125064,1693,H005674,data/splits/100k/images/heldout/H005674.png,data/corrupted/100k_blur_15x15_s5/heldout/H005674.png,1693
125018,1693,H005675,data/splits/100k/images/heldout/H005675.png,data/corrupted/100k_blur_15x15_s5/heldout/H005675.png,1693
126034,1718,H005676,data/splits/100k/images/heldout/H005676.png,data/corrupted/100k_blur_15x15_s5/heldout/H005676.png,1718
126031,1718,H005677,data/splits/100k/images/heldout/H005677.png,data/corrupted/100k_blur_15x15_s5/heldout/H005677.png,1718
126002,1718,H005678,data/splits/100k/images/heldout/H005678.png,data/corrupted/100k_blur_15x15_s5/heldout/H005678.png,1718
126020,1718,H005679,data/splits/100k/images/heldout/H005679.png,data/corrupted/100k_blur_15x15_s5/heldout/H005679.png,1718
145802,2131,H005680,data/splits/100k/images/heldout/H005680.png,data/corrupted/100k_blur_15x15_s5/heldout/H005680.png,2131
145817,2131,H005681,data/splits/100k/images/heldout/H005681.png,data/corrupted/100k_blur_15x15_s5/heldout/H005681.png,2131
145789,2131,H005682,data/splits/100k/images/heldout/H005682.png,data/corrupted/100k_blur_15x15_s5/heldout/H005682.png,2131
145799,2131,H005683,data/splits/100k/images/heldout/H005683.png,data/corrupted/100k_blur_15x15_s5/heldout/H005683.png,2131
147294,2167,H005684,data/splits/100k/images/heldout/H005684.png,data/corrupted/100k_blur_15x15_s5/heldout/H005684.png,2167
147284,2167,H005685,data/splits/100k/images/heldout/H005685.png,data/corrupted/100k_blur_15x15_s5/heldout/H005685.png,2167
147297,2167,H005686,data/splits/100k/images/heldout/H005686.png,data/corrupted/100k_blur_15x15_s5/heldout/H005686.png,2167
147317,2167,H005687,data/splits/100k/images/heldout/H005687.png,data/corrupted/100k_blur_15x15_s5/heldout/H005687.png,2167
186003,2941,H005688,data/splits/100k/images/heldout/H005688.png,data/corrupted/100k_blur_15x15_s5/heldout/H005688.png,2941
186073,2941,H005689,data/splits/100k/images/heldout/H005689.png,data/corrupted/100k_blur_15x15_s5/heldout/H005689.png,2941
186054,2941,H005690,data/splits/100k/images/heldout/H005690.png,data/corrupted/100k_blur_15x15_s5/heldout/H005690.png,2941
186001,2941,H005691,data/splits/100k/images/heldout/H005691.png,data/corrupted/100k_blur_15x15_s5/heldout/H005691.png,2941
224925,3787,H005692,data/splits/100k/images/heldout/H005692.png,data/corrupted/100k_blur_15x15_s5/heldout/H005692.png,3787
224923,3787,H005693,data/splits/100k/images/heldout/H005693.png,data/corrupted/100k_blur_15x15_s5/heldout/H005693.png,3787
224943,3787,H005694,data/splits/100k/images/heldout/H005694.png,data/corrupted/100k_blur_15x15_s5/heldout/H005694.png,3787
224914,3787,H005695,data/splits/100k/images/heldout/H005695.png,data/corrupted/100k_blur_15x15_s5/heldout/H005695.png,3787
235114,4024,H005696,data/splits/100k/images/heldout/H005696.png,data/corrupted/100k_blur_15x15_s5/heldout/H005696.png,4024
235077,4024,H005697,data/splits/100k/images/heldout/H005697.png,data/corrupted/100k_blur_15x15_s5/heldout/H005697.png,4024
235093,4024,H005698,data/splits/100k/images/heldout/H005698.png,data/corrupted/100k_blur_15x15_s5/heldout/H005698.png,4024
235123,4024,H005699,data/splits/100k/images/heldout/H005699.png,data/corrupted/100k_blur_15x15_s5/heldout/H005699.png,4024
241702,4161,H005700,data/splits/100k/images/heldout/H005700.png,data/corrupted/100k_blur_15x15_s5/heldout/H005700.png,4161
241674,4161,H005701,data/splits/100k/images/heldout/H005701.png,data/corrupted/100k_blur_15x15_s5/heldout/H005701.png,4161
241698,4161,H005702,data/splits/100k/images/heldout/H005702.png,data/corrupted/100k_blur_15x15_s5/heldout/H005702.png,4161
241644,4161,H005703,data/splits/100k/images/heldout/H005703.png,data/corrupted/100k_blur_15x15_s5/heldout/H005703.png,4161
243015,4183,H005704,data/splits/100k/images/heldout/H005704.png,data/corrupted/100k_blur_15x15_s5/heldout/H005704.png,4183
242988,4183,H005705,data/splits/100k/images/heldout/H005705.png,data/corrupted/100k_blur_15x15_s5/heldout/H005705.png,4183
242974,4183,H005706,data/splits/100k/images/heldout/H005706.png,data/corrupted/100k_blur_15x15_s5/heldout/H005706.png,4183
242986,4183,H005707,data/splits/100k/images/heldout/H005707.png,data/corrupted/100k_blur_15x15_s5/heldout/H005707.png,4183
289936,5210,H005708,data/splits/100k/images/heldout/H005708.png,data/corrupted/100k_blur_15x15_s5/heldout/H005708.png,5210
289976,5210,H005709,data/splits/100k/images/heldout/H005709.png,data/corrupted/100k_blur_15x15_s5/heldout/H005709.png,5210
289988,5210,H005710,data/splits/100k/images/heldout/H005710.png,data/corrupted/100k_blur_15x15_s5/heldout/H005710.png,5210
289941,5210,H005711,data/splits/100k/images/heldout/H005711.png,data/corrupted/100k_blur_15x15_s5/heldout/H005711.png,5210
294668,5308,H005712,data/splits/100k/images/heldout/H005712.png,data/corrupted/100k_blur_15x15_s5/heldout/H005712.png,5308
294661,5308,H005713,data/splits/100k/images/heldout/H005713.png,data/corrupted/100k_blur_15x15_s5/heldout/H005713.png,5308
294721,5308,H005714,data/splits/100k/images/heldout/H005714.png,data/corrupted/100k_blur_15x15_s5/heldout/H005714.png,5308
294720,5308,H005715,data/splits/100k/images/heldout/H005715.png,data/corrupted/100k_blur_15x15_s5/heldout/H005715.png,5308
306383,5556,H005716,data/splits/100k/images/heldout/H005716.png,data/corrupted/100k_blur_15x15_s5/heldout/H005716.png,5556
306410,5556,H005717,data/splits/100k/images/heldout/H005717.png,data/corrupted/100k_blur_15x15_s5/heldout/H005717.png,5556
306345,5556,H005718,data/splits/100k/images/heldout/H005718.png,data/corrupted/100k_blur_15x15_s5/heldout/H005718.png,5556
306392,5556,H005719,data/splits/100k/images/heldout/H005719.png,data/corrupted/100k_blur_15x15_s5/heldout/H005719.png,5556
345737,6408,H005720,data/splits/100k/images/heldout/H005720.png,data/corrupted/100k_blur_15x15_s5/heldout/H005720.png,6408
345713,6408,H005721,data/splits/100k/images/heldout/H005721.png,data/corrupted/100k_blur_15x15_s5/heldout/H005721.png,6408
345720,6408,H005722,data/splits/100k/images/heldout/H005722.png,data/corrupted/100k_blur_15x15_s5/heldout/H005722.png,6408
345734,6408,H005723,data/splits/100k/images/heldout/H005723.png,data/corrupted/100k_blur_15x15_s5/heldout/H005723.png,6408
350897,6552,H005724,data/splits/100k/images/heldout/H005724.png,data/corrupted/100k_blur_15x15_s5/heldout/H005724.png,6552
350934,6552,H005725,data/splits/100k/images/heldout/H005725.png,data/corrupted/100k_blur_15x15_s5/heldout/H005725.png,6552
350956,6552,H005726,data/splits/100k/images/heldout/H005726.png,data/corrupted/100k_blur_15x15_s5/heldout/H005726.png,6552
350949,6552,H005727,data/splits/100k/images/heldout/H005727.png,data/corrupted/100k_blur_15x15_s5/heldout/H005727.png,6552
361414,6791,H005728,data/splits/100k/images/heldout/H005728.png,data/corrupted/100k_blur_15x15_s5/heldout/H005728.png,6791
361364,6791,H005729,data/splits/100k/images/heldout/H005729.png,data/corrupted/100k_blur_15x15_s5/heldout/H005729.png,6791
361410,6791,H005730,data/splits/100k/images/heldout/H005730.png,data/corrupted/100k_blur_15x15_s5/heldout/H005730.png,6791
361358,6791,H005731,data/splits/100k/images/heldout/H005731.png,data/corrupted/100k_blur_15x15_s5/heldout/H005731.png,6791
370921,7024,H005732,data/splits/100k/images/heldout/H005732.png,data/corrupted/100k_blur_15x15_s5/heldout/H005732.png,7024
370956,7024,H005733,data/splits/100k/images/heldout/H005733.png,data/corrupted/100k_blur_15x15_s5/heldout/H005733.png,7024
370927,7024,H005734,data/splits/100k/images/heldout/H005734.png,data/corrupted/100k_blur_15x15_s5/heldout/H005734.png,7024
370991,7024,H005735,data/splits/100k/images/heldout/H005735.png,data/corrupted/100k_blur_15x15_s5/heldout/H005735.png,7024
372259,7049,H005736,data/splits/100k/images/heldout/H005736.png,data/corrupted/100k_blur_15x15_s5/heldout/H005736.png,7049
372217,7049,H005737,data/splits/100k/images/heldout/H005737.png,data/corrupted/100k_blur_15x15_s5/heldout/H005737.png,7049
372187,7049,H005738,data/splits/100k/images/heldout/H005738.png,data/corrupted/100k_blur_15x15_s5/heldout/H005738.png,7049
372195,7049,H005739,data/splits/100k/images/heldout/H005739.png,data/corrupted/100k_blur_15x15_s5/heldout/H005739.png,7049
375703,7127,H005740,data/splits/100k/images/heldout/H005740.png,data/corrupted/100k_blur_15x15_s5/heldout/H005740.png,7127
375687,7127,H005741,data/splits/100k/images/heldout/H005741.png,data/corrupted/100k_blur_15x15_s5/heldout/H005741.png,7127
375729,7127,H005742,data/splits/100k/images/heldout/H005742.png,data/corrupted/100k_blur_15x15_s5/heldout/H005742.png,7127
375725,7127,H005743,data/splits/100k/images/heldout/H005743.png,data/corrupted/100k_blur_15x15_s5/heldout/H005743.png,7127
386074,7411,H005744,data/splits/100k/images/heldout/H005744.png,data/corrupted/100k_blur_15x15_s5/heldout/H005744.png,7411
386080,7411,H005745,data/splits/100k/images/heldout/H005745.png,data/corrupted/100k_blur_15x15_s5/heldout/H005745.png,7411
386027,7411,H005746,data/splits/100k/images/heldout/H005746.png,data/corrupted/100k_blur_15x15_s5/heldout/H005746.png,7411
386052,7411,H005747,data/splits/100k/images/heldout/H005747.png,data/corrupted/100k_blur_15x15_s5/heldout/H005747.png,7411
388060,7471,H005748,data/splits/100k/images/heldout/H005748.png,data/corrupted/100k_blur_15x15_s5/heldout/H005748.png,7471
388078,7471,H005749,data/splits/100k/images/heldout/H005749.png,data/corrupted/100k_blur_15x15_s5/heldout/H005749.png,7471
388064,7471,H005750,data/splits/100k/images/heldout/H005750.png,data/corrupted/100k_blur_15x15_s5/heldout/H005750.png,7471
388047,7471,H005751,data/splits/100k/images/heldout/H005751.png,data/corrupted/100k_blur_15x15_s5/heldout/H005751.png,7471
407529,8022,H005752,data/splits/100k/images/heldout/H005752.png,data/corrupted/100k_blur_15x15_s5/heldout/H005752.png,8022
407494,8022,H005753,data/splits/100k/images/heldout/H005753.png,data/corrupted/100k_blur_15x15_s5/heldout/H005753.png,8022
407493,8022,H005754,data/splits/100k/images/heldout/H005754.png,data/corrupted/100k_blur_15x15_s5/heldout/H005754.png,8022
407496,8022,H005755,data/splits/100k/images/heldout/H005755.png,data/corrupted/100k_blur_15x15_s5/heldout/H005755.png,8022
412336,8146,H005756,data/splits/100k/images/heldout/H005756.png,data/corrupted/100k_blur_15x15_s5/heldout/H005756.png,8146
412335,8146,H005757,data/splits/100k/images/heldout/H005757.png,data/corrupted/100k_blur_15x15_s5/heldout/H005757.png,8146
412355,8146,H005758,data/splits/100k/images/heldout/H005758.png,data/corrupted/100k_blur_15x15_s5/heldout/H005758.png,8146
412343,8146,H005759,data/splits/100k/images/heldout/H005759.png,data/corrupted/100k_blur_15x15_s5/heldout/H005759.png,8146
418178,8324,H005760,data/splits/100k/images/heldout/H005760.png,data/corrupted/100k_blur_15x15_s5/heldout/H005760.png,8324
418191,8324,H005761,data/splits/100k/images/heldout/H005761.png,data/corrupted/100k_blur_15x15_s5/heldout/H005761.png,8324
418172,8324,H005762,data/splits/100k/images/heldout/H005762.png,data/corrupted/100k_blur_15x15_s5/heldout/H005762.png,8324
418207,8324,H005763,data/splits/100k/images/heldout/H005763.png,data/corrupted/100k_blur_15x15_s5/heldout/H005763.png,8324
421833,8416,H005764,data/splits/100k/images/heldout/H005764.png,data/corrupted/100k_blur_15x15_s5/heldout/H005764.png,8416
421853,8416,H005765,data/splits/100k/images/heldout/H005765.png,data/corrupted/100k_blur_15x15_s5/heldout/H005765.png,8416
421886,8416,H005766,data/splits/100k/images/heldout/H005766.png,data/corrupted/100k_blur_15x15_s5/heldout/H005766.png,8416
421868,8416,H005767,data/splits/100k/images/heldout/H005767.png,data/corrupted/100k_blur_15x15_s5/heldout/H005767.png,8416
454090,9345,H005768,data/splits/100k/images/heldout/H005768.png,data/corrupted/100k_blur_15x15_s5/heldout/H005768.png,9345
454088,9345,H005769,data/splits/100k/images/heldout/H005769.png,data/corrupted/100k_blur_15x15_s5/heldout/H005769.png,9345
454108,9345,H005770,data/splits/100k/images/heldout/H005770.png,data/corrupted/100k_blur_15x15_s5/heldout/H005770.png,9345
454076,9345,H005771,data/splits/100k/images/heldout/H005771.png,data/corrupted/100k_blur_15x15_s5/heldout/H005771.png,9345
788,4,H005772,data/splits/100k/images/heldout/H005772.png,data/corrupted/100k_blur_15x15_s5/heldout/H005772.png,4
811,4,H005773,data/splits/100k/images/heldout/H005773.png,data/corrupted/100k_blur_15x15_s5/heldout/H005773.png,4
761,4,H005774,data/splits/100k/images/heldout/H005774.png,data/corrupted/100k_blur_15x15_s5/heldout/H005774.png,4
775,4,H005775,data/splits/100k/images/heldout/H005775.png,data/corrupted/100k_blur_15x15_s5/heldout/H005775.png,4
33556,290,H005776,data/splits/100k/images/heldout/H005776.png,data/corrupted/100k_blur_15x15_s5/heldout/H005776.png,290
33586,290,H005777,data/splits/100k/images/heldout/H005777.png,data/corrupted/100k_blur_15x15_s5/heldout/H005777.png,290
33604,290,H005778,data/splits/100k/images/heldout/H005778.png,data/corrupted/100k_blur_15x15_s5/heldout/H005778.png,290
33601,290,H005779,data/splits/100k/images/heldout/H005779.png,data/corrupted/100k_blur_15x15_s5/heldout/H005779.png,290
73938,880,H005780,data/splits/100k/images/heldout/H005780.png,data/corrupted/100k_blur_15x15_s5/heldout/H005780.png,880
73944,880,H005781,data/splits/100k/images/heldout/H005781.png,data/corrupted/100k_blur_15x15_s5/heldout/H005781.png,880
73937,880,H005782,data/splits/100k/images/heldout/H005782.png,data/corrupted/100k_blur_15x15_s5/heldout/H005782.png,880
73969,880,H005783,data/splits/100k/images/heldout/H005783.png,data/corrupted/100k_blur_15x15_s5/heldout/H005783.png,880
99106,1207,H005784,data/splits/100k/images/heldout/H005784.png,data/corrupted/100k_blur_15x15_s5/heldout/H005784.png,1207
99042,1207,H005785,data/splits/100k/images/heldout/H005785.png,data/corrupted/100k_blur_15x15_s5/heldout/H005785.png,1207
99071,1207,H005786,data/splits/100k/images/heldout/H005786.png,data/corrupted/100k_blur_15x15_s5/heldout/H005786.png,1207
99086,1207,H005787,data/splits/100k/images/heldout/H005787.png,data/corrupted/100k_blur_15x15_s5/heldout/H005787.png,1207
104396,1268,H005788,data/splits/100k/images/heldout/H005788.png,data/corrupted/100k_blur_15x15_s5/heldout/H005788.png,1268
104430,1268,H005789,data/splits/100k/images/heldout/H005789.png,data/corrupted/100k_blur_15x15_s5/heldout/H005789.png,1268
104377,1268,H005790,data/splits/100k/images/heldout/H005790.png,data/corrupted/100k_blur_15x15_s5/heldout/H005790.png,1268
104409,1268,H005791,data/splits/100k/images/heldout/H005791.png,data/corrupted/100k_blur_15x15_s5/heldout/H005791.png,1268
116015,1514,H005792,data/splits/100k/images/heldout/H005792.png,data/corrupted/100k_blur_15x15_s5/heldout/H005792.png,1514
115982,1514,H005793,data/splits/100k/images/heldout/H005793.png,data/corrupted/100k_blur_15x15_s5/heldout/H005793.png,1514
115976,1514,H005794,data/splits/100k/images/heldout/H005794.png,data/corrupted/100k_blur_15x15_s5/heldout/H005794.png,1514
115956,1514,H005795,data/splits/100k/images/heldout/H005795.png,data/corrupted/100k_blur_15x15_s5/heldout/H005795.png,1514
116866,1535,H005796,data/splits/100k/images/heldout/H005796.png,data/corrupted/100k_blur_15x15_s5/heldout/H005796.png,1535
116828,1535,H005797,data/splits/100k/images/heldout/H005797.png,data/corrupted/100k_blur_15x15_s5/heldout/H005797.png,1535
116811,1535,H005798,data/splits/100k/images/heldout/H005798.png,data/corrupted/100k_blur_15x15_s5/heldout/H005798.png,1535
116850,1535,H005799,data/splits/100k/images/heldout/H005799.png,data/corrupted/100k_blur_15x15_s5/heldout/H005799.png,1535
124233,1673,H005800,data/splits/100k/images/heldout/H005800.png,data/corrupted/100k_blur_15x15_s5/heldout/H005800.png,1673
124269,1673,H005801,data/splits/100k/images/heldout/H005801.png,data/corrupted/100k_blur_15x15_s5/heldout/H005801.png,1673
124246,1673,H005802,data/splits/100k/images/heldout/H005802.png,data/corrupted/100k_blur_15x15_s5/heldout/H005802.png,1673
124257,1673,H005803,data/splits/100k/images/heldout/H005803.png,data/corrupted/100k_blur_15x15_s5/heldout/H005803.png,1673
168776,2600,H005804,data/splits/100k/images/heldout/H005804.png,data/corrupted/100k_blur_15x15_s5/heldout/H005804.png,2600
168768,2600,H005805,data/splits/100k/images/heldout/H005805.png,data/corrupted/100k_blur_15x15_s5/heldout/H005805.png,2600
168739,2600,H005806,data/splits/100k/images/heldout/H005806.png,data/corrupted/100k_blur_15x15_s5/heldout/H005806.png,2600
168758,2600,H005807,data/splits/100k/images/heldout/H005807.png,data/corrupted/100k_blur_15x15_s5/heldout/H005807.png,2600
170388,2637,H005808,data/splits/100k/images/heldout/H005808.png,data/corrupted/100k_blur_15x15_s5/heldout/H005808.png,2637
170390,2637,H005809,data/splits/100k/images/heldout/H005809.png,data/corrupted/100k_blur_15x15_s5/heldout/H005809.png,2637
170340,2637,H005810,data/splits/100k/images/heldout/H005810.png,data/corrupted/100k_blur_15x15_s5/heldout/H005810.png,2637
170387,2637,H005811,data/splits/100k/images/heldout/H005811.png,data/corrupted/100k_blur_15x15_s5/heldout/H005811.png,2637
196831,3177,H005812,data/splits/100k/images/heldout/H005812.png,data/corrupted/100k_blur_15x15_s5/heldout/H005812.png,3177
196859,3177,H005813,data/splits/100k/images/heldout/H005813.png,data/corrupted/100k_blur_15x15_s5/heldout/H005813.png,3177
196873,3177,H005814,data/splits/100k/images/heldout/H005814.png,data/corrupted/100k_blur_15x15_s5/heldout/H005814.png,3177
196839,3177,H005815,data/splits/100k/images/heldout/H005815.png,data/corrupted/100k_blur_15x15_s5/heldout/H005815.png,3177
202591,3321,H005816,data/splits/100k/images/heldout/H005816.png,data/corrupted/100k_blur_15x15_s5/heldout/H005816.png,3321
202603,3321,H005817,data/splits/100k/images/heldout/H005817.png,data/corrupted/100k_blur_15x15_s5/heldout/H005817.png,3321
202585,3321,H005818,data/splits/100k/images/heldout/H005818.png,data/corrupted/100k_blur_15x15_s5/heldout/H005818.png,3321
202590,3321,H005819,data/splits/100k/images/heldout/H005819.png,data/corrupted/100k_blur_15x15_s5/heldout/H005819.png,3321
216484,3618,H005820,data/splits/100k/images/heldout/H005820.png,data/corrupted/100k_blur_15x15_s5/heldout/H005820.png,3618
216433,3618,H005821,data/splits/100k/images/heldout/H005821.png,data/corrupted/100k_blur_15x15_s5/heldout/H005821.png,3618
216469,3618,H005822,data/splits/100k/images/heldout/H005822.png,data/corrupted/100k_blur_15x15_s5/heldout/H005822.png,3618
216480,3618,H005823,data/splits/100k/images/heldout/H005823.png,data/corrupted/100k_blur_15x15_s5/heldout/H005823.png,3618
218392,3667,H005824,data/splits/100k/images/heldout/H005824.png,data/corrupted/100k_blur_15x15_s5/heldout/H005824.png,3667
218419,3667,H005825,data/splits/100k/images/heldout/H005825.png,data/corrupted/100k_blur_15x15_s5/heldout/H005825.png,3667
218440,3667,H005826,data/splits/100k/images/heldout/H005826.png,data/corrupted/100k_blur_15x15_s5/heldout/H005826.png,3667
218406,3667,H005827,data/splits/100k/images/heldout/H005827.png,data/corrupted/100k_blur_15x15_s5/heldout/H005827.png,3667
230677,3936,H005828,data/splits/100k/images/heldout/H005828.png,data/corrupted/100k_blur_15x15_s5/heldout/H005828.png,3936
230669,3936,H005829,data/splits/100k/images/heldout/H005829.png,data/corrupted/100k_blur_15x15_s5/heldout/H005829.png,3936
230694,3936,H005830,data/splits/100k/images/heldout/H005830.png,data/corrupted/100k_blur_15x15_s5/heldout/H005830.png,3936
230639,3936,H005831,data/splits/100k/images/heldout/H005831.png,data/corrupted/100k_blur_15x15_s5/heldout/H005831.png,3936
244959,4221,H005832,data/splits/100k/images/heldout/H005832.png,data/corrupted/100k_blur_15x15_s5/heldout/H005832.png,4221
244999,4221,H005833,data/splits/100k/images/heldout/H005833.png,data/corrupted/100k_blur_15x15_s5/heldout/H005833.png,4221
244966,4221,H005834,data/splits/100k/images/heldout/H005834.png,data/corrupted/100k_blur_15x15_s5/heldout/H005834.png,4221
245015,4221,H005835,data/splits/100k/images/heldout/H005835.png,data/corrupted/100k_blur_15x15_s5/heldout/H005835.png,4221
249720,4314,H005836,data/splits/100k/images/heldout/H005836.png,data/corrupted/100k_blur_15x15_s5/heldout/H005836.png,4314
249726,4314,H005837,data/splits/100k/images/heldout/H005837.png,data/corrupted/100k_blur_15x15_s5/heldout/H005837.png,4314
249723,4314,H005838,data/splits/100k/images/heldout/H005838.png,data/corrupted/100k_blur_15x15_s5/heldout/H005838.png,4314
249743,4314,H005839,data/splits/100k/images/heldout/H005839.png,data/corrupted/100k_blur_15x15_s5/heldout/H005839.png,4314
255793,4431,H005840,data/splits/100k/images/heldout/H005840.png,data/corrupted/100k_blur_15x15_s5/heldout/H005840.png,4431
255787,4431,H005841,data/splits/100k/images/heldout/H005841.png,data/corrupted/100k_blur_15x15_s5/heldout/H005841.png,4431
255827,4431,H005842,data/splits/100k/images/heldout/H005842.png,data/corrupted/100k_blur_15x15_s5/heldout/H005842.png,4431
255804,4431,H005843,data/splits/100k/images/heldout/H005843.png,data/corrupted/100k_blur_15x15_s5/heldout/H005843.png,4431
291897,5252,H005844,data/splits/100k/images/heldout/H005844.png,data/corrupted/100k_blur_15x15_s5/heldout/H005844.png,5252
291879,5252,H005845,data/splits/100k/images/heldout/H005845.png,data/corrupted/100k_blur_15x15_s5/heldout/H005845.png,5252
291875,5252,H005846,data/splits/100k/images/heldout/H005846.png,data/corrupted/100k_blur_15x15_s5/heldout/H005846.png,5252
291938,5252,H005847,data/splits/100k/images/heldout/H005847.png,data/corrupted/100k_blur_15x15_s5/heldout/H005847.png,5252
298060,5385,H005848,data/splits/100k/images/heldout/H005848.png,data/corrupted/100k_blur_15x15_s5/heldout/H005848.png,5385
298076,5385,H005849,data/splits/100k/images/heldout/H005849.png,data/corrupted/100k_blur_15x15_s5/heldout/H005849.png,5385
298021,5385,H005850,data/splits/100k/images/heldout/H005850.png,data/corrupted/100k_blur_15x15_s5/heldout/H005850.png,5385
298016,5385,H005851,data/splits/100k/images/heldout/H005851.png,data/corrupted/100k_blur_15x15_s5/heldout/H005851.png,5385
302848,5495,H005852,data/splits/100k/images/heldout/H005852.png,data/corrupted/100k_blur_15x15_s5/heldout/H005852.png,5495
302825,5495,H005853,data/splits/100k/images/heldout/H005853.png,data/corrupted/100k_blur_15x15_s5/heldout/H005853.png,5495
302858,5495,H005854,data/splits/100k/images/heldout/H005854.png,data/corrupted/100k_blur_15x15_s5/heldout/H005854.png,5495
302882,5495,H005855,data/splits/100k/images/heldout/H005855.png,data/corrupted/100k_blur_15x15_s5/heldout/H005855.png,5495
318854,5839,H005856,data/splits/100k/images/heldout/H005856.png,data/corrupted/100k_blur_15x15_s5/heldout/H005856.png,5839
318880,5839,H005857,data/splits/100k/images/heldout/H005857.png,data/corrupted/100k_blur_15x15_s5/heldout/H005857.png,5839
318847,5839,H005858,data/splits/100k/images/heldout/H005858.png,data/corrupted/100k_blur_15x15_s5/heldout/H005858.png,5839
318852,5839,H005859,data/splits/100k/images/heldout/H005859.png,data/corrupted/100k_blur_15x15_s5/heldout/H005859.png,5839
323209,5949,H005860,data/splits/100k/images/heldout/H005860.png,data/corrupted/100k_blur_15x15_s5/heldout/H005860.png,5949
323230,5949,H005861,data/splits/100k/images/heldout/H005861.png,data/corrupted/100k_blur_15x15_s5/heldout/H005861.png,5949
323266,5949,H005862,data/splits/100k/images/heldout/H005862.png,data/corrupted/100k_blur_15x15_s5/heldout/H005862.png,5949
323232,5949,H005863,data/splits/100k/images/heldout/H005863.png,data/corrupted/100k_blur_15x15_s5/heldout/H005863.png,5949
387691,7460,H005864,data/splits/100k/images/heldout/H005864.png,data/corrupted/100k_blur_15x15_s5/heldout/H005864.png,7460
387697,7460,H005865,data/splits/100k/images/heldout/H005865.png,data/corrupted/100k_blur_15x15_s5/heldout/H005865.png,7460
387689,7460,H005866,data/splits/100k/images/heldout/H005866.png,data/corrupted/100k_blur_15x15_s5/heldout/H005866.png,7460
387720,7460,H005867,data/splits/100k/images/heldout/H005867.png,data/corrupted/100k_blur_15x15_s5/heldout/H005867.png,7460
404406,7940,H005868,data/splits/100k/images/heldout/H005868.png,data/corrupted/100k_blur_15x15_s5/heldout/H005868.png,7940
404417,7940,H005869,data/splits/100k/images/heldout/H005869.png,data/corrupted/100k_blur_15x15_s5/heldout/H005869.png,7940
404376,7940,H005870,data/splits/100k/images/heldout/H005870.png,data/corrupted/100k_blur_15x15_s5/heldout/H005870.png,7940
404420,7940,H005871,data/splits/100k/images/heldout/H005871.png,data/corrupted/100k_blur_15x15_s5/heldout/H005871.png,7940
406045,7987,H005872,data/splits/100k/images/heldout/H005872.png,data/corrupted/100k_blur_15x15_s5/heldout/H005872.png,7987
405997,7987,H005873,data/splits/100k/images/heldout/H005873.png,data/corrupted/100k_blur_15x15_s5/heldout/H005873.png,7987
406033,7987,H005874,data/splits/100k/images/heldout/H005874.png,data/corrupted/100k_blur_15x15_s5/heldout/H005874.png,7987
406028,7987,H005875,data/splits/100k/images/heldout/H005875.png,data/corrupted/100k_blur_15x15_s5/heldout/H005875.png,7987
412751,8161,H005876,data/splits/100k/images/heldout/H005876.png,data/corrupted/100k_blur_15x15_s5/heldout/H005876.png,8161
412801,8161,H005877,data/splits/100k/images/heldout/H005877.png,data/corrupted/100k_blur_15x15_s5/heldout/H005877.png,8161
412735,8161,H005878,data/splits/100k/images/heldout/H005878.png,data/corrupted/100k_blur_15x15_s5/heldout/H005878.png,8161
412763,8161,H005879,data/splits/100k/images/heldout/H005879.png,data/corrupted/100k_blur_15x15_s5/heldout/H005879.png,8161
419694,8373,H005880,data/splits/100k/images/heldout/H005880.png,data/corrupted/100k_blur_15x15_s5/heldout/H005880.png,8373
419749,8373,H005881,data/splits/100k/images/heldout/H005881.png,data/corrupted/100k_blur_15x15_s5/heldout/H005881.png,8373
419750,8373,H005882,data/splits/100k/images/heldout/H005882.png,data/corrupted/100k_blur_15x15_s5/heldout/H005882.png,8373
419700,8373,H005883,data/splits/100k/images/heldout/H005883.png,data/corrupted/100k_blur_15x15_s5/heldout/H005883.png,8373
424211,8496,H005884,data/splits/100k/images/heldout/H005884.png,data/corrupted/100k_blur_15x15_s5/heldout/H005884.png,8496
424275,8496,H005885,data/splits/100k/images/heldout/H005885.png,data/corrupted/100k_blur_15x15_s5/heldout/H005885.png,8496
424244,8496,H005886,data/splits/100k/images/heldout/H005886.png,data/corrupted/100k_blur_15x15_s5/heldout/H005886.png,8496
424220,8496,H005887,data/splits/100k/images/heldout/H005887.png,data/corrupted/100k_blur_15x15_s5/heldout/H005887.png,8496
429917,8658,H005888,data/splits/100k/images/heldout/H005888.png,data/corrupted/100k_blur_15x15_s5/heldout/H005888.png,8658
429951,8658,H005889,data/splits/100k/images/heldout/H005889.png,data/corrupted/100k_blur_15x15_s5/heldout/H005889.png,8658
429933,8658,H005890,data/splits/100k/images/heldout/H005890.png,data/corrupted/100k_blur_15x15_s5/heldout/H005890.png,8658
429949,8658,H005891,data/splits/100k/images/heldout/H005891.png,data/corrupted/100k_blur_15x15_s5/heldout/H005891.png,8658
441627,8975,H005892,data/splits/100k/images/heldout/H005892.png,data/corrupted/100k_blur_15x15_s5/heldout/H005892.png,8975
441559,8975,H005893,data/splits/100k/images/heldout/H005893.png,data/corrupted/100k_blur_15x15_s5/heldout/H005893.png,8975
441581,8975,H005894,data/splits/100k/images/heldout/H005894.png,data/corrupted/100k_blur_15x15_s5/heldout/H005894.png,8975
441573,8975,H005895,data/splits/100k/images/heldout/H005895.png,data/corrupted/100k_blur_15x15_s5/heldout/H005895.png,8975
444433,9063,H005896,data/splits/100k/images/heldout/H005896.png,data/corrupted/100k_blur_15x15_s5/heldout/H005896.png,9063
444412,9063,H005897,data/splits/100k/images/heldout/H005897.png,data/corrupted/100k_blur_15x15_s5/heldout/H005897.png,9063
444398,9063,H005898,data/splits/100k/images/heldout/H005898.png,data/corrupted/100k_blur_15x15_s5/heldout/H005898.png,9063
444441,9063,H005899,data/splits/100k/images/heldout/H005899.png,data/corrupted/100k_blur_15x15_s5/heldout/H005899.png,9063
447689,9164,H005900,data/splits/100k/images/heldout/H005900.png,data/corrupted/100k_blur_15x15_s5/heldout/H005900.png,9164
447655,9164,H005901,data/splits/100k/images/heldout/H005901.png,data/corrupted/100k_blur_15x15_s5/heldout/H005901.png,9164
447647,9164,H005902,data/splits/100k/images/heldout/H005902.png,data/corrupted/100k_blur_15x15_s5/heldout/H005902.png,9164
447717,9164,H005903,data/splits/100k/images/heldout/H005903.png,data/corrupted/100k_blur_15x15_s5/heldout/H005903.png,9164
473835,9969,H005904,data/splits/100k/images/heldout/H005904.png,data/corrupted/100k_blur_15x15_s5/heldout/H005904.png,9969
473813,9969,H005905,data/splits/100k/images/heldout/H005905.png,data/corrupted/100k_blur_15x15_s5/heldout/H005905.png,9969
473804,9969,H005906,data/splits/100k/images/heldout/H005906.png,data/corrupted/100k_blur_15x15_s5/heldout/H005906.png,9969
473806,9969,H005907,data/splits/100k/images/heldout/H005907.png,data/corrupted/100k_blur_15x15_s5/heldout/H005907.png,9969
477085,10079,H005908,data/splits/100k/images/heldout/H005908.png,data/corrupted/100k_blur_15x15_s5/heldout/H005908.png,10079
477123,10079,H005909,data/splits/100k/images/heldout/H005909.png,data/corrupted/100k_blur_15x15_s5/heldout/H005909.png,10079
477119,10079,H005910,data/splits/100k/images/heldout/H005910.png,data/corrupted/100k_blur_15x15_s5/heldout/H005910.png,10079
477078,10079,H005911,data/splits/100k/images/heldout/H005911.png,data/corrupted/100k_blur_15x15_s5/heldout/H005911.png,10079
478403,10122,H005912,data/splits/100k/images/heldout/H005912.png,data/corrupted/100k_blur_15x15_s5/heldout/H005912.png,10122
478402,10122,H005913,data/splits/100k/images/heldout/H005913.png,data/corrupted/100k_blur_15x15_s5/heldout/H005913.png,10122
478426,10122,H005914,data/splits/100k/images/heldout/H005914.png,data/corrupted/100k_blur_15x15_s5/heldout/H005914.png,10122
478465,10122,H005915,data/splits/100k/images/heldout/H005915.png,data/corrupted/100k_blur_15x15_s5/heldout/H005915.png,10122
13507,87,H005916,data/splits/100k/images/heldout/H005916.png,data/corrupted/100k_blur_15x15_s5/heldout/H005916.png,87
13483,87,H005917,data/splits/100k/images/heldout/H005917.png,data/corrupted/100k_blur_15x15_s5/heldout/H005917.png,87
13495,87,H005918,data/splits/100k/images/heldout/H005918.png,data/corrupted/100k_blur_15x15_s5/heldout/H005918.png,87
13510,87,H005919,data/splits/100k/images/heldout/H005919.png,data/corrupted/100k_blur_15x15_s5/heldout/H005919.png,87
14754,100,H005920,data/splits/100k/images/heldout/H005920.png,data/corrupted/100k_blur_15x15_s5/heldout/H005920.png,100
14689,100,H005921,data/splits/100k/images/heldout/H005921.png,data/corrupted/100k_blur_15x15_s5/heldout/H005921.png,100
14724,100,H005922,data/splits/100k/images/heldout/H005922.png,data/corrupted/100k_blur_15x15_s5/heldout/H005922.png,100
14706,100,H005923,data/splits/100k/images/heldout/H005923.png,data/corrupted/100k_blur_15x15_s5/heldout/H005923.png,100
46510,470,H005924,data/splits/100k/images/heldout/H005924.png,data/corrupted/100k_blur_15x15_s5/heldout/H005924.png,470
46553,470,H005925,data/splits/100k/images/heldout/H005925.png,data/corrupted/100k_blur_15x15_s5/heldout/H005925.png,470
46516,470,H005926,data/splits/100k/images/heldout/H005926.png,data/corrupted/100k_blur_15x15_s5/heldout/H005926.png,470
46497,470,H005927,data/splits/100k/images/heldout/H005927.png,data/corrupted/100k_blur_15x15_s5/heldout/H005927.png,470
54612,582,H005928,data/splits/100k/images/heldout/H005928.png,data/corrupted/100k_blur_15x15_s5/heldout/H005928.png,582
54590,582,H005929,data/splits/100k/images/heldout/H005929.png,data/corrupted/100k_blur_15x15_s5/heldout/H005929.png,582
54625,582,H005930,data/splits/100k/images/heldout/H005930.png,data/corrupted/100k_blur_15x15_s5/heldout/H005930.png,582
54582,582,H005931,data/splits/100k/images/heldout/H005931.png,data/corrupted/100k_blur_15x15_s5/heldout/H005931.png,582
112224,1422,H005932,data/splits/100k/images/heldout/H005932.png,data/corrupted/100k_blur_15x15_s5/heldout/H005932.png,1422
112167,1422,H005933,data/splits/100k/images/heldout/H005933.png,data/corrupted/100k_blur_15x15_s5/heldout/H005933.png,1422
112199,1422,H005934,data/splits/100k/images/heldout/H005934.png,data/corrupted/100k_blur_15x15_s5/heldout/H005934.png,1422
112208,1422,H005935,data/splits/100k/images/heldout/H005935.png,data/corrupted/100k_blur_15x15_s5/heldout/H005935.png,1422
139631,2012,H005936,data/splits/100k/images/heldout/H005936.png,data/corrupted/100k_blur_15x15_s5/heldout/H005936.png,2012
139622,2012,H005937,data/splits/100k/images/heldout/H005937.png,data/corrupted/100k_blur_15x15_s5/heldout/H005937.png,2012
139633,2012,H005938,data/splits/100k/images/heldout/H005938.png,data/corrupted/100k_blur_15x15_s5/heldout/H005938.png,2012
139665,2012,H005939,data/splits/100k/images/heldout/H005939.png,data/corrupted/100k_blur_15x15_s5/heldout/H005939.png,2012
166072,2544,H005940,data/splits/100k/images/heldout/H005940.png,data/corrupted/100k_blur_15x15_s5/heldout/H005940.png,2544
166066,2544,H005941,data/splits/100k/images/heldout/H005941.png,data/corrupted/100k_blur_15x15_s5/heldout/H005941.png,2544
166063,2544,H005942,data/splits/100k/images/heldout/H005942.png,data/corrupted/100k_blur_15x15_s5/heldout/H005942.png,2544
166018,2544,H005943,data/splits/100k/images/heldout/H005943.png,data/corrupted/100k_blur_15x15_s5/heldout/H005943.png,2544
183728,2883,H005944,data/splits/100k/images/heldout/H005944.png,data/corrupted/100k_blur_15x15_s5/heldout/H005944.png,2883
183768,2883,H005945,data/splits/100k/images/heldout/H005945.png,data/corrupted/100k_blur_15x15_s5/heldout/H005945.png,2883
183712,2883,H005946,data/splits/100k/images/heldout/H005946.png,data/corrupted/100k_blur_15x15_s5/heldout/H005946.png,2883
183753,2883,H005947,data/splits/100k/images/heldout/H005947.png,data/corrupted/100k_blur_15x15_s5/heldout/H005947.png,2883
196062,3159,H005948,data/splits/100k/images/heldout/H005948.png,data/corrupted/100k_blur_15x15_s5/heldout/H005948.png,3159
196024,3159,H005949,data/splits/100k/images/heldout/H005949.png,data/corrupted/100k_blur_15x15_s5/heldout/H005949.png,3159
196040,3159,H005950,data/splits/100k/images/heldout/H005950.png,data/corrupted/100k_blur_15x15_s5/heldout/H005950.png,3159
196064,3159,H005951,data/splits/100k/images/heldout/H005951.png,data/corrupted/100k_blur_15x15_s5/heldout/H005951.png,3159
211607,3498,H005952,data/splits/100k/images/heldout/H005952.png,data/corrupted/100k_blur_15x15_s5/heldout/H005952.png,3498
211592,3498,H005953,data/splits/100k/images/heldout/H005953.png,data/corrupted/100k_blur_15x15_s5/heldout/H005953.png,3498
211566,3498,H005954,data/splits/100k/images/heldout/H005954.png,data/corrupted/100k_blur_15x15_s5/heldout/H005954.png,3498
211575,3498,H005955,data/splits/100k/images/heldout/H005955.png,data/corrupted/100k_blur_15x15_s5/heldout/H005955.png,3498
224580,3779,H005956,data/splits/100k/images/heldout/H005956.png,data/corrupted/100k_blur_15x15_s5/heldout/H005956.png,3779
224560,3779,H005957,data/splits/100k/images/heldout/H005957.png,data/corrupted/100k_blur_15x15_s5/heldout/H005957.png,3779
224612,3779,H005958,data/splits/100k/images/heldout/H005958.png,data/corrupted/100k_blur_15x15_s5/heldout/H005958.png,3779
224583,3779,H005959,data/splits/100k/images/heldout/H005959.png,data/corrupted/100k_blur_15x15_s5/heldout/H005959.png,3779
231983,3956,H005960,data/splits/100k/images/heldout/H005960.png,data/corrupted/100k_blur_15x15_s5/heldout/H005960.png,3956
231952,3956,H005961,data/splits/100k/images/heldout/H005961.png,data/corrupted/100k_blur_15x15_s5/heldout/H005961.png,3956
232003,3956,H005962,data/splits/100k/images/heldout/H005962.png,data/corrupted/100k_blur_15x15_s5/heldout/H005962.png,3956
231967,3956,H005963,data/splits/100k/images/heldout/H005963.png,data/corrupted/100k_blur_15x15_s5/heldout/H005963.png,3956
309113,5622,H005964,data/splits/100k/images/heldout/H005964.png,data/corrupted/100k_blur_15x15_s5/heldout/H005964.png,5622
309145,5622,H005965,data/splits/100k/images/heldout/H005965.png,data/corrupted/100k_blur_15x15_s5/heldout/H005965.png,5622
309173,5622,H005966,data/splits/100k/images/heldout/H005966.png,data/corrupted/100k_blur_15x15_s5/heldout/H005966.png,5622
309107,5622,H005967,data/splits/100k/images/heldout/H005967.png,data/corrupted/100k_blur_15x15_s5/heldout/H005967.png,5622
314077,5736,H005968,data/splits/100k/images/heldout/H005968.png,data/corrupted/100k_blur_15x15_s5/heldout/H005968.png,5736
314041,5736,H005969,data/splits/100k/images/heldout/H005969.png,data/corrupted/100k_blur_15x15_s5/heldout/H005969.png,5736
314073,5736,H005970,data/splits/100k/images/heldout/H005970.png,data/corrupted/100k_blur_15x15_s5/heldout/H005970.png,5736
314066,5736,H005971,data/splits/100k/images/heldout/H005971.png,data/corrupted/100k_blur_15x15_s5/heldout/H005971.png,5736
314398,5744,H005972,data/splits/100k/images/heldout/H005972.png,data/corrupted/100k_blur_15x15_s5/heldout/H005972.png,5744
314353,5744,H005973,data/splits/100k/images/heldout/H005973.png,data/corrupted/100k_blur_15x15_s5/heldout/H005973.png,5744
314390,5744,H005974,data/splits/100k/images/heldout/H005974.png,data/corrupted/100k_blur_15x15_s5/heldout/H005974.png,5744
314338,5744,H005975,data/splits/100k/images/heldout/H005975.png,data/corrupted/100k_blur_15x15_s5/heldout/H005975.png,5744
317735,5824,H005976,data/splits/100k/images/heldout/H005976.png,data/corrupted/100k_blur_15x15_s5/heldout/H005976.png,5824
317765,5824,H005977,data/splits/100k/images/heldout/H005977.png,data/corrupted/100k_blur_15x15_s5/heldout/H005977.png,5824
317760,5824,H005978,data/splits/100k/images/heldout/H005978.png,data/corrupted/100k_blur_15x15_s5/heldout/H005978.png,5824
317743,5824,H005979,data/splits/100k/images/heldout/H005979.png,data/corrupted/100k_blur_15x15_s5/heldout/H005979.png,5824
349396,6500,H005980,data/splits/100k/images/heldout/H005980.png,data/corrupted/100k_blur_15x15_s5/heldout/H005980.png,6500
349426,6500,H005981,data/splits/100k/images/heldout/H005981.png,data/corrupted/100k_blur_15x15_s5/heldout/H005981.png,6500
349419,6500,H005982,data/splits/100k/images/heldout/H005982.png,data/corrupted/100k_blur_15x15_s5/heldout/H005982.png,6500
349407,6500,H005983,data/splits/100k/images/heldout/H005983.png,data/corrupted/100k_blur_15x15_s5/heldout/H005983.png,6500
368916,6974,H005984,data/splits/100k/images/heldout/H005984.png,data/corrupted/100k_blur_15x15_s5/heldout/H005984.png,6974
368895,6974,H005985,data/splits/100k/images/heldout/H005985.png,data/corrupted/100k_blur_15x15_s5/heldout/H005985.png,6974
368957,6974,H005986,data/splits/100k/images/heldout/H005986.png,data/corrupted/100k_blur_15x15_s5/heldout/H005986.png,6974
368904,6974,H005987,data/splits/100k/images/heldout/H005987.png,data/corrupted/100k_blur_15x15_s5/heldout/H005987.png,6974
388348,7478,H005988,data/splits/100k/images/heldout/H005988.png,data/corrupted/100k_blur_15x15_s5/heldout/H005988.png,7478
388368,7478,H005989,data/splits/100k/images/heldout/H005989.png,data/corrupted/100k_blur_15x15_s5/heldout/H005989.png,7478
388370,7478,H005990,data/splits/100k/images/heldout/H005990.png,data/corrupted/100k_blur_15x15_s5/heldout/H005990.png,7478
388332,7478,H005991,data/splits/100k/images/heldout/H005991.png,data/corrupted/100k_blur_15x15_s5/heldout/H005991.png,7478
417467,8312,H005992,data/splits/100k/images/heldout/H005992.png,data/corrupted/100k_blur_15x15_s5/heldout/H005992.png,8312
417446,8312,H005993,data/splits/100k/images/heldout/H005993.png,data/corrupted/100k_blur_15x15_s5/heldout/H005993.png,8312
417452,8312,H005994,data/splits/100k/images/heldout/H005994.png,data/corrupted/100k_blur_15x15_s5/heldout/H005994.png,8312
417463,8312,H005995,data/splits/100k/images/heldout/H005995.png,data/corrupted/100k_blur_15x15_s5/heldout/H005995.png,8312
424577,8505,H005996,data/splits/100k/images/heldout/H005996.png,data/corrupted/100k_blur_15x15_s5/heldout/H005996.png,8505
424563,8505,H005997,data/splits/100k/images/heldout/H005997.png,data/corrupted/100k_blur_15x15_s5/heldout/H005997.png,8505
424536,8505,H005998,data/splits/100k/images/heldout/H005998.png,data/corrupted/100k_blur_15x15_s5/heldout/H005998.png,8505
424542,8505,H005999,data/splits/100k/images/heldout/H005999.png,data/corrupted/100k_blur_15x15_s5/heldout/H005999.png,8505
448412,9189,H006000,data/splits/100k/images/heldout/H006000.png,data/corrupted/100k_blur_15x15_s5/heldout/H006000.png,9189
448452,9189,H006001,data/splits/100k/images/heldout/H006001.png,data/corrupted/100k_blur_15x15_s5/heldout/H006001.png,9189
448468,9189,H006002,data/splits/100k/images/heldout/H006002.png,data/corrupted/100k_blur_15x15_s5/heldout/H006002.png,9189
448463,9189,H006003,data/splits/100k/images/heldout/H006003.png,data/corrupted/100k_blur_15x15_s5/heldout/H006003.png,9189
454268,9351,H006004,data/splits/100k/images/heldout/H006004.png,data/corrupted/100k_blur_15x15_s5/heldout/H006004.png,9351
454316,9351,H006005,data/splits/100k/images/heldout/H006005.png,data/corrupted/100k_blur_15x15_s5/heldout/H006005.png,9351
454287,9351,H006006,data/splits/100k/images/heldout/H006006.png,data/corrupted/100k_blur_15x15_s5/heldout/H006006.png,9351
454267,9351,H006007,data/splits/100k/images/heldout/H006007.png,data/corrupted/100k_blur_15x15_s5/heldout/H006007.png,9351
458617,9507,H006008,data/splits/100k/images/heldout/H006008.png,data/corrupted/100k_blur_15x15_s5/heldout/H006008.png,9507
458613,9507,H006009,data/splits/100k/images/heldout/H006009.png,data/corrupted/100k_blur_15x15_s5/heldout/H006009.png,9507
458664,9507,H006010,data/splits/100k/images/heldout/H006010.png,data/corrupted/100k_blur_15x15_s5/heldout/H006010.png,9507
458642,9507,H006011,data/splits/100k/images/heldout/H006011.png,data/corrupted/100k_blur_15x15_s5/heldout/H006011.png,9507
466535,9747,H006012,data/splits/100k/images/heldout/H006012.png,data/corrupted/100k_blur_15x15_s5/heldout/H006012.png,9747
466539,9747,H006013,data/splits/100k/images/heldout/H006013.png,data/corrupted/100k_blur_15x15_s5/heldout/H006013.png,9747
466565,9747,H006014,data/splits/100k/images/heldout/H006014.png,data/corrupted/100k_blur_15x15_s5/heldout/H006014.png,9747
466541,9747,H006015,data/splits/100k/images/heldout/H006015.png,data/corrupted/100k_blur_15x15_s5/heldout/H006015.png,9747
480285,10189,H006016,data/splits/100k/images/heldout/H006016.png,data/corrupted/100k_blur_15x15_s5/heldout/H006016.png,10189
480241,10189,H006017,data/splits/100k/images/heldout/H006017.png,data/corrupted/100k_blur_15x15_s5/heldout/H006017.png,10189
480234,10189,H006018,data/splits/100k/images/heldout/H006018.png,data/corrupted/100k_blur_15x15_s5/heldout/H006018.png,10189
480262,10189,H006019,data/splits/100k/images/heldout/H006019.png,data/corrupted/100k_blur_15x15_s5/heldout/H006019.png,10189
7671,40,H006020,data/splits/100k/images/heldout/H006020.png,data/corrupted/100k_blur_15x15_s5/heldout/H006020.png,40
7689,40,H006021,data/splits/100k/images/heldout/H006021.png,data/corrupted/100k_blur_15x15_s5/heldout/H006021.png,40
7697,40,H006022,data/splits/100k/images/heldout/H006022.png,data/corrupted/100k_blur_15x15_s5/heldout/H006022.png,40
7714,40,H006023,data/splits/100k/images/heldout/H006023.png,data/corrupted/100k_blur_15x15_s5/heldout/H006023.png,40
36445,333,H006024,data/splits/100k/images/heldout/H006024.png,data/corrupted/100k_blur_15x15_s5/heldout/H006024.png,333
36508,333,H006025,data/splits/100k/images/heldout/H006025.png,data/corrupted/100k_blur_15x15_s5/heldout/H006025.png,333
36500,333,H006026,data/splits/100k/images/heldout/H006026.png,data/corrupted/100k_blur_15x15_s5/heldout/H006026.png,333
36495,333,H006027,data/splits/100k/images/heldout/H006027.png,data/corrupted/100k_blur_15x15_s5/heldout/H006027.png,333
61040,671,H006028,data/splits/100k/images/heldout/H006028.png,data/corrupted/100k_blur_15x15_s5/heldout/H006028.png,671
61073,671,H006029,data/splits/100k/images/heldout/H006029.png,data/corrupted/100k_blur_15x15_s5/heldout/H006029.png,671
61044,671,H006030,data/splits/100k/images/heldout/H006030.png,data/corrupted/100k_blur_15x15_s5/heldout/H006030.png,671
61064,671,H006031,data/splits/100k/images/heldout/H006031.png,data/corrupted/100k_blur_15x15_s5/heldout/H006031.png,671
67203,787,H006032,data/splits/100k/images/heldout/H006032.png,data/corrupted/100k_blur_15x15_s5/heldout/H006032.png,787
67253,787,H006033,data/splits/100k/images/heldout/H006033.png,data/corrupted/100k_blur_15x15_s5/heldout/H006033.png,787
67200,787,H006034,data/splits/100k/images/heldout/H006034.png,data/corrupted/100k_blur_15x15_s5/heldout/H006034.png,787
67235,787,H006035,data/splits/100k/images/heldout/H006035.png,data/corrupted/100k_blur_15x15_s5/heldout/H006035.png,787
92552,1129,H006036,data/splits/100k/images/heldout/H006036.png,data/corrupted/100k_blur_15x15_s5/heldout/H006036.png,1129
92527,1129,H006037,data/splits/100k/images/heldout/H006037.png,data/corrupted/100k_blur_15x15_s5/heldout/H006037.png,1129
92556,1129,H006038,data/splits/100k/images/heldout/H006038.png,data/corrupted/100k_blur_15x15_s5/heldout/H006038.png,1129
92588,1129,H006039,data/splits/100k/images/heldout/H006039.png,data/corrupted/100k_blur_15x15_s5/heldout/H006039.png,1129
116077,1516,H006040,data/splits/100k/images/heldout/H006040.png,data/corrupted/100k_blur_15x15_s5/heldout/H006040.png,1516
116071,1516,H006041,data/splits/100k/images/heldout/H006041.png,data/corrupted/100k_blur_15x15_s5/heldout/H006041.png,1516
116104,1516,H006042,data/splits/100k/images/heldout/H006042.png,data/corrupted/100k_blur_15x15_s5/heldout/H006042.png,1516
116118,1516,H006043,data/splits/100k/images/heldout/H006043.png,data/corrupted/100k_blur_15x15_s5/heldout/H006043.png,1516
149831,2204,H006044,data/splits/100k/images/heldout/H006044.png,data/corrupted/100k_blur_15x15_s5/heldout/H006044.png,2204
149875,2204,H006045,data/splits/100k/images/heldout/H006045.png,data/corrupted/100k_blur_15x15_s5/heldout/H006045.png,2204
149859,2204,H006046,data/splits/100k/images/heldout/H006046.png,data/corrupted/100k_blur_15x15_s5/heldout/H006046.png,2204
149865,2204,H006047,data/splits/100k/images/heldout/H006047.png,data/corrupted/100k_blur_15x15_s5/heldout/H006047.png,2204
153655,2300,H006048,data/splits/100k/images/heldout/H006048.png,data/corrupted/100k_blur_15x15_s5/heldout/H006048.png,2300
153634,2300,H006049,data/splits/100k/images/heldout/H006049.png,data/corrupted/100k_blur_15x15_s5/heldout/H006049.png,2300
153619,2300,H006050,data/splits/100k/images/heldout/H006050.png,data/corrupted/100k_blur_15x15_s5/heldout/H006050.png,2300
153646,2300,H006051,data/splits/100k/images/heldout/H006051.png,data/corrupted/100k_blur_15x15_s5/heldout/H006051.png,2300
169197,2609,H006052,data/splits/100k/images/heldout/H006052.png,data/corrupted/100k_blur_15x15_s5/heldout/H006052.png,2609
169180,2609,H006053,data/splits/100k/images/heldout/H006053.png,data/corrupted/100k_blur_15x15_s5/heldout/H006053.png,2609
169185,2609,H006054,data/splits/100k/images/heldout/H006054.png,data/corrupted/100k_blur_15x15_s5/heldout/H006054.png,2609
169147,2609,H006055,data/splits/100k/images/heldout/H006055.png,data/corrupted/100k_blur_15x15_s5/heldout/H006055.png,2609
173467,2677,H006056,data/splits/100k/images/heldout/H006056.png,data/corrupted/100k_blur_15x15_s5/heldout/H006056.png,2677
173461,2677,H006057,data/splits/100k/images/heldout/H006057.png,data/corrupted/100k_blur_15x15_s5/heldout/H006057.png,2677
173463,2677,H006058,data/splits/100k/images/heldout/H006058.png,data/corrupted/100k_blur_15x15_s5/heldout/H006058.png,2677
173496,2677,H006059,data/splits/100k/images/heldout/H006059.png,data/corrupted/100k_blur_15x15_s5/heldout/H006059.png,2677
179813,2802,H006060,data/splits/100k/images/heldout/H006060.png,data/corrupted/100k_blur_15x15_s5/heldout/H006060.png,2802
179808,2802,H006061,data/splits/100k/images/heldout/H006061.png,data/corrupted/100k_blur_15x15_s5/heldout/H006061.png,2802
179790,2802,H006062,data/splits/100k/images/heldout/H006062.png,data/corrupted/100k_blur_15x15_s5/heldout/H006062.png,2802
179769,2802,H006063,data/splits/100k/images/heldout/H006063.png,data/corrupted/100k_blur_15x15_s5/heldout/H006063.png,2802
192106,3066,H006064,data/splits/100k/images/heldout/H006064.png,data/corrupted/100k_blur_15x15_s5/heldout/H006064.png,3066
192126,3066,H006065,data/splits/100k/images/heldout/H006065.png,data/corrupted/100k_blur_15x15_s5/heldout/H006065.png,3066
192111,3066,H006066,data/splits/100k/images/heldout/H006066.png,data/corrupted/100k_blur_15x15_s5/heldout/H006066.png,3066
192158,3066,H006067,data/splits/100k/images/heldout/H006067.png,data/corrupted/100k_blur_15x15_s5/heldout/H006067.png,3066
215450,3593,H006068,data/splits/100k/images/heldout/H006068.png,data/corrupted/100k_blur_15x15_s5/heldout/H006068.png,3593
215422,3593,H006069,data/splits/100k/images/heldout/H006069.png,data/corrupted/100k_blur_15x15_s5/heldout/H006069.png,3593
215457,3593,H006070,data/splits/100k/images/heldout/H006070.png,data/corrupted/100k_blur_15x15_s5/heldout/H006070.png,3593
215401,3593,H006071,data/splits/100k/images/heldout/H006071.png,data/corrupted/100k_blur_15x15_s5/heldout/H006071.png,3593
216208,3611,H006072,data/splits/100k/images/heldout/H006072.png,data/corrupted/100k_blur_15x15_s5/heldout/H006072.png,3611
216174,3611,H006073,data/splits/100k/images/heldout/H006073.png,data/corrupted/100k_blur_15x15_s5/heldout/H006073.png,3611
216199,3611,H006074,data/splits/100k/images/heldout/H006074.png,data/corrupted/100k_blur_15x15_s5/heldout/H006074.png,3611
216202,3611,H006075,data/splits/100k/images/heldout/H006075.png,data/corrupted/100k_blur_15x15_s5/heldout/H006075.png,3611
264187,4627,H006076,data/splits/100k/images/heldout/H006076.png,data/corrupted/100k_blur_15x15_s5/heldout/H006076.png,4627
264232,4627,H006077,data/splits/100k/images/heldout/H006077.png,data/corrupted/100k_blur_15x15_s5/heldout/H006077.png,4627
264171,4627,H006078,data/splits/100k/images/heldout/H006078.png,data/corrupted/100k_blur_15x15_s5/heldout/H006078.png,4627
264214,4627,H006079,data/splits/100k/images/heldout/H006079.png,data/corrupted/100k_blur_15x15_s5/heldout/H006079.png,4627
288453,5172,H006080,data/splits/100k/images/heldout/H006080.png,data/corrupted/100k_blur_15x15_s5/heldout/H006080.png,5172
288411,5172,H006081,data/splits/100k/images/heldout/H006081.png,data/corrupted/100k_blur_15x15_s5/heldout/H006081.png,5172
288406,5172,H006082,data/splits/100k/images/heldout/H006082.png,data/corrupted/100k_blur_15x15_s5/heldout/H006082.png,5172
288438,5172,H006083,data/splits/100k/images/heldout/H006083.png,data/corrupted/100k_blur_15x15_s5/heldout/H006083.png,5172
323410,5953,H006084,data/splits/100k/images/heldout/H006084.png,data/corrupted/100k_blur_15x15_s5/heldout/H006084.png,5953
323400,5953,H006085,data/splits/100k/images/heldout/H006085.png,data/corrupted/100k_blur_15x15_s5/heldout/H006085.png,5953
323365,5953,H006086,data/splits/100k/images/heldout/H006086.png,data/corrupted/100k_blur_15x15_s5/heldout/H006086.png,5953
323368,5953,H006087,data/splits/100k/images/heldout/H006087.png,data/corrupted/100k_blur_15x15_s5/heldout/H006087.png,5953
330565,6092,H006088,data/splits/100k/images/heldout/H006088.png,data/corrupted/100k_blur_15x15_s5/heldout/H006088.png,6092
330553,6092,H006089,data/splits/100k/images/heldout/H006089.png,data/corrupted/100k_blur_15x15_s5/heldout/H006089.png,6092
330559,6092,H006090,data/splits/100k/images/heldout/H006090.png,data/corrupted/100k_blur_15x15_s5/heldout/H006090.png,6092
330589,6092,H006091,data/splits/100k/images/heldout/H006091.png,data/corrupted/100k_blur_15x15_s5/heldout/H006091.png,6092
332456,6134,H006092,data/splits/100k/images/heldout/H006092.png,data/corrupted/100k_blur_15x15_s5/heldout/H006092.png,6134
332445,6134,H006093,data/splits/100k/images/heldout/H006093.png,data/corrupted/100k_blur_15x15_s5/heldout/H006093.png,6134
332437,6134,H006094,data/splits/100k/images/heldout/H006094.png,data/corrupted/100k_blur_15x15_s5/heldout/H006094.png,6134
332470,6134,H006095,data/splits/100k/images/heldout/H006095.png,data/corrupted/100k_blur_15x15_s5/heldout/H006095.png,6134
368817,6970,H006096,data/splits/100k/images/heldout/H006096.png,data/corrupted/100k_blur_15x15_s5/heldout/H006096.png,6970
368785,6970,H006097,data/splits/100k/images/heldout/H006097.png,data/corrupted/100k_blur_15x15_s5/heldout/H006097.png,6970
368769,6970,H006098,data/splits/100k/images/heldout/H006098.png,data/corrupted/100k_blur_15x15_s5/heldout/H006098.png,6970
368790,6970,H006099,data/splits/100k/images/heldout/H006099.png,data/corrupted/100k_blur_15x15_s5/heldout/H006099.png,6970
379823,7250,H006100,data/splits/100k/images/heldout/H006100.png,data/corrupted/100k_blur_15x15_s5/heldout/H006100.png,7250
379827,7250,H006101,data/splits/100k/images/heldout/H006101.png,data/corrupted/100k_blur_15x15_s5/heldout/H006101.png,7250
379816,7250,H006102,data/splits/100k/images/heldout/H006102.png,data/corrupted/100k_blur_15x15_s5/heldout/H006102.png,7250
379862,7250,H006103,data/splits/100k/images/heldout/H006103.png,data/corrupted/100k_blur_15x15_s5/heldout/H006103.png,7250
387301,7449,H006104,data/splits/100k/images/heldout/H006104.png,data/corrupted/100k_blur_15x15_s5/heldout/H006104.png,7449
387311,7449,H006105,data/splits/100k/images/heldout/H006105.png,data/corrupted/100k_blur_15x15_s5/heldout/H006105.png,7449
387333,7449,H006106,data/splits/100k/images/heldout/H006106.png,data/corrupted/100k_blur_15x15_s5/heldout/H006106.png,7449
387306,7449,H006107,data/splits/100k/images/heldout/H006107.png,data/corrupted/100k_blur_15x15_s5/heldout/H006107.png,7449
401895,7870,H006108,data/splits/100k/images/heldout/H006108.png,data/corrupted/100k_blur_15x15_s5/heldout/H006108.png,7870
401945,7870,H006109,data/splits/100k/images/heldout/H006109.png,data/corrupted/100k_blur_15x15_s5/heldout/H006109.png,7870
401918,7870,H006110,data/splits/100k/images/heldout/H006110.png,data/corrupted/100k_blur_15x15_s5/heldout/H006110.png,7870
401943,7870,H006111,data/splits/100k/images/heldout/H006111.png,data/corrupted/100k_blur_15x15_s5/heldout/H006111.png,7870
405355,7970,H006112,data/splits/100k/images/heldout/H006112.png,data/corrupted/100k_blur_15x15_s5/heldout/H006112.png,7970
405350,7970,H006113,data/splits/100k/images/heldout/H006113.png,data/corrupted/100k_blur_15x15_s5/heldout/H006113.png,7970
405318,7970,H006114,data/splits/100k/images/heldout/H006114.png,data/corrupted/100k_blur_15x15_s5/heldout/H006114.png,7970
405306,7970,H006115,data/splits/100k/images/heldout/H006115.png,data/corrupted/100k_blur_15x15_s5/heldout/H006115.png,7970
412970,8169,H006116,data/splits/100k/images/heldout/H006116.png,data/corrupted/100k_blur_15x15_s5/heldout/H006116.png,8169
412954,8169,H006117,data/splits/100k/images/heldout/H006117.png,data/corrupted/100k_blur_15x15_s5/heldout/H006117.png,8169
412986,8169,H006118,data/splits/100k/images/heldout/H006118.png,data/corrupted/100k_blur_15x15_s5/heldout/H006118.png,8169
412979,8169,H006119,data/splits/100k/images/heldout/H006119.png,data/corrupted/100k_blur_15x15_s5/heldout/H006119.png,8169
433177,8739,H006120,data/splits/100k/images/heldout/H006120.png,data/corrupted/100k_blur_15x15_s5/heldout/H006120.png,8739
433151,8739,H006121,data/splits/100k/images/heldout/H006121.png,data/corrupted/100k_blur_15x15_s5/heldout/H006121.png,8739
433198,8739,H006122,data/splits/100k/images/heldout/H006122.png,data/corrupted/100k_blur_15x15_s5/heldout/H006122.png,8739
433148,8739,H006123,data/splits/100k/images/heldout/H006123.png,data/corrupted/100k_blur_15x15_s5/heldout/H006123.png,8739
441377,8969,H006124,data/splits/100k/images/heldout/H006124.png,data/corrupted/100k_blur_15x15_s5/heldout/H006124.png,8969
441403,8969,H006125,data/splits/100k/images/heldout/H006125.png,data/corrupted/100k_blur_15x15_s5/heldout/H006125.png,8969
441421,8969,H006126,data/splits/100k/images/heldout/H006126.png,data/corrupted/100k_blur_15x15_s5/heldout/H006126.png,8969
441414,8969,H006127,data/splits/100k/images/heldout/H006127.png,data/corrupted/100k_blur_15x15_s5/heldout/H006127.png,8969
464807,9701,H006128,data/splits/100k/images/heldout/H006128.png,data/corrupted/100k_blur_15x15_s5/heldout/H006128.png,9701
464854,9701,H006129,data/splits/100k/images/heldout/H006129.png,data/corrupted/100k_blur_15x15_s5/heldout/H006129.png,9701
464872,9701,H006130,data/splits/100k/images/heldout/H006130.png,data/corrupted/100k_blur_15x15_s5/heldout/H006130.png,9701
464831,9701,H006131,data/splits/100k/images/heldout/H006131.png,data/corrupted/100k_blur_15x15_s5/heldout/H006131.png,9701
488435,10486,H006132,data/splits/100k/images/heldout/H006132.png,data/corrupted/100k_blur_15x15_s5/heldout/H006132.png,10486
488457,10486,H006133,data/splits/100k/images/heldout/H006133.png,data/corrupted/100k_blur_15x15_s5/heldout/H006133.png,10486
488417,10486,H006134,data/splits/100k/images/heldout/H006134.png,data/corrupted/100k_blur_15x15_s5/heldout/H006134.png,10486
488447,10486,H006135,data/splits/100k/images/heldout/H006135.png,data/corrupted/100k_blur_15x15_s5/heldout/H006135.png,10486
30378,253,H006136,data/splits/100k/images/heldout/H006136.png,data/corrupted/100k_blur_15x15_s5/heldout/H006136.png,253
30385,253,H006137,data/splits/100k/images/heldout/H006137.png,data/corrupted/100k_blur_15x15_s5/heldout/H006137.png,253
30355,253,H006138,data/splits/100k/images/heldout/H006138.png,data/corrupted/100k_blur_15x15_s5/heldout/H006138.png,253
30422,253,H006139,data/splits/100k/images/heldout/H006139.png,data/corrupted/100k_blur_15x15_s5/heldout/H006139.png,253
37955,355,H006140,data/splits/100k/images/heldout/H006140.png,data/corrupted/100k_blur_15x15_s5/heldout/H006140.png,355
37935,355,H006141,data/splits/100k/images/heldout/H006141.png,data/corrupted/100k_blur_15x15_s5/heldout/H006141.png,355
37938,355,H006142,data/splits/100k/images/heldout/H006142.png,data/corrupted/100k_blur_15x15_s5/heldout/H006142.png,355
37932,355,H006143,data/splits/100k/images/heldout/H006143.png,data/corrupted/100k_blur_15x15_s5/heldout/H006143.png,355
47663,484,H006144,data/splits/100k/images/heldout/H006144.png,data/corrupted/100k_blur_15x15_s5/heldout/H006144.png,484
47635,484,H006145,data/splits/100k/images/heldout/H006145.png,data/corrupted/100k_blur_15x15_s5/heldout/H006145.png,484
47695,484,H006146,data/splits/100k/images/heldout/H006146.png,data/corrupted/100k_blur_15x15_s5/heldout/H006146.png,484
47702,484,H006147,data/splits/100k/images/heldout/H006147.png,data/corrupted/100k_blur_15x15_s5/heldout/H006147.png,484
64029,718,H006148,data/splits/100k/images/heldout/H006148.png,data/corrupted/100k_blur_15x15_s5/heldout/H006148.png,718
64026,718,H006149,data/splits/100k/images/heldout/H006149.png,data/corrupted/100k_blur_15x15_s5/heldout/H006149.png,718
64049,718,H006150,data/splits/100k/images/heldout/H006150.png,data/corrupted/100k_blur_15x15_s5/heldout/H006150.png,718
64063,718,H006151,data/splits/100k/images/heldout/H006151.png,data/corrupted/100k_blur_15x15_s5/heldout/H006151.png,718
64842,738,H006152,data/splits/100k/images/heldout/H006152.png,data/corrupted/100k_blur_15x15_s5/heldout/H006152.png,738
64857,738,H006153,data/splits/100k/images/heldout/H006153.png,data/corrupted/100k_blur_15x15_s5/heldout/H006153.png,738
64858,738,H006154,data/splits/100k/images/heldout/H006154.png,data/corrupted/100k_blur_15x15_s5/heldout/H006154.png,738
64883,738,H006155,data/splits/100k/images/heldout/H006155.png,data/corrupted/100k_blur_15x15_s5/heldout/H006155.png,738
71733,860,H006156,data/splits/100k/images/heldout/H006156.png,data/corrupted/100k_blur_15x15_s5/heldout/H006156.png,860
71721,860,H006157,data/splits/100k/images/heldout/H006157.png,data/corrupted/100k_blur_15x15_s5/heldout/H006157.png,860
71723,860,H006158,data/splits/100k/images/heldout/H006158.png,data/corrupted/100k_blur_15x15_s5/heldout/H006158.png,860
71712,860,H006159,data/splits/100k/images/heldout/H006159.png,data/corrupted/100k_blur_15x15_s5/heldout/H006159.png,860
86606,1047,H006160,data/splits/100k/images/heldout/H006160.png,data/corrupted/100k_blur_15x15_s5/heldout/H006160.png,1047
86596,1047,H006161,data/splits/100k/images/heldout/H006161.png,data/corrupted/100k_blur_15x15_s5/heldout/H006161.png,1047
86591,1047,H006162,data/splits/100k/images/heldout/H006162.png,data/corrupted/100k_blur_15x15_s5/heldout/H006162.png,1047
86633,1047,H006163,data/splits/100k/images/heldout/H006163.png,data/corrupted/100k_blur_15x15_s5/heldout/H006163.png,1047
90075,1094,H006164,data/splits/100k/images/heldout/H006164.png,data/corrupted/100k_blur_15x15_s5/heldout/H006164.png,1094
90045,1094,H006165,data/splits/100k/images/heldout/H006165.png,data/corrupted/100k_blur_15x15_s5/heldout/H006165.png,1094
90077,1094,H006166,data/splits/100k/images/heldout/H006166.png,data/corrupted/100k_blur_15x15_s5/heldout/H006166.png,1094
90024,1094,H006167,data/splits/100k/images/heldout/H006167.png,data/corrupted/100k_blur_15x15_s5/heldout/H006167.png,1094
129598,1798,H006168,data/splits/100k/images/heldout/H006168.png,data/corrupted/100k_blur_15x15_s5/heldout/H006168.png,1798
129570,1798,H006169,data/splits/100k/images/heldout/H006169.png,data/corrupted/100k_blur_15x15_s5/heldout/H006169.png,1798
129631,1798,H006170,data/splits/100k/images/heldout/H006170.png,data/corrupted/100k_blur_15x15_s5/heldout/H006170.png,1798
129586,1798,H006171,data/splits/100k/images/heldout/H006171.png,data/corrupted/100k_blur_15x15_s5/heldout/H006171.png,1798
137891,1984,H006172,data/splits/100k/images/heldout/H006172.png,data/corrupted/100k_blur_15x15_s5/heldout/H006172.png,1984
137895,1984,H006173,data/splits/100k/images/heldout/H006173.png,data/corrupted/100k_blur_15x15_s5/heldout/H006173.png,1984
137923,1984,H006174,data/splits/100k/images/heldout/H006174.png,data/corrupted/100k_blur_15x15_s5/heldout/H006174.png,1984
137858,1984,H006175,data/splits/100k/images/heldout/H006175.png,data/corrupted/100k_blur_15x15_s5/heldout/H006175.png,1984
174048,2687,H006176,data/splits/100k/images/heldout/H006176.png,data/corrupted/100k_blur_15x15_s5/heldout/H006176.png,2687
174036,2687,H006177,data/splits/100k/images/heldout/H006177.png,data/corrupted/100k_blur_15x15_s5/heldout/H006177.png,2687
174044,2687,H006178,data/splits/100k/images/heldout/H006178.png,data/corrupted/100k_blur_15x15_s5/heldout/H006178.png,2687
174021,2687,H006179,data/splits/100k/images/heldout/H006179.png,data/corrupted/100k_blur_15x15_s5/heldout/H006179.png,2687
198165,3214,H006180,data/splits/100k/images/heldout/H006180.png,data/corrupted/100k_blur_15x15_s5/heldout/H006180.png,3214
198169,3214,H006181,data/splits/100k/images/heldout/H006181.png,data/corrupted/100k_blur_15x15_s5/heldout/H006181.png,3214
198196,3214,H006182,data/splits/100k/images/heldout/H006182.png,data/corrupted/100k_blur_15x15_s5/heldout/H006182.png,3214
198203,3214,H006183,data/splits/100k/images/heldout/H006183.png,data/corrupted/100k_blur_15x15_s5/heldout/H006183.png,3214
205159,3374,H006184,data/splits/100k/images/heldout/H006184.png,data/corrupted/100k_blur_15x15_s5/heldout/H006184.png,3374
205169,3374,H006185,data/splits/100k/images/heldout/H006185.png,data/corrupted/100k_blur_15x15_s5/heldout/H006185.png,3374
205132,3374,H006186,data/splits/100k/images/heldout/H006186.png,data/corrupted/100k_blur_15x15_s5/heldout/H006186.png,3374
205183,3374,H006187,data/splits/100k/images/heldout/H006187.png,data/corrupted/100k_blur_15x15_s5/heldout/H006187.png,3374
215022,3586,H006188,data/splits/100k/images/heldout/H006188.png,data/corrupted/100k_blur_15x15_s5/heldout/H006188.png,3586
215037,3586,H006189,data/splits/100k/images/heldout/H006189.png,data/corrupted/100k_blur_15x15_s5/heldout/H006189.png,3586
215027,3586,H006190,data/splits/100k/images/heldout/H006190.png,data/corrupted/100k_blur_15x15_s5/heldout/H006190.png,3586
214993,3586,H006191,data/splits/100k/images/heldout/H006191.png,data/corrupted/100k_blur_15x15_s5/heldout/H006191.png,3586
224462,3775,H006192,data/splits/100k/images/heldout/H006192.png,data/corrupted/100k_blur_15x15_s5/heldout/H006192.png,3775
224420,3775,H006193,data/splits/100k/images/heldout/H006193.png,data/corrupted/100k_blur_15x15_s5/heldout/H006193.png,3775
224433,3775,H006194,data/splits/100k/images/heldout/H006194.png,data/corrupted/100k_blur_15x15_s5/heldout/H006194.png,3775
224446,3775,H006195,data/splits/100k/images/heldout/H006195.png,data/corrupted/100k_blur_15x15_s5/heldout/H006195.png,3775
232469,3971,H006196,data/splits/100k/images/heldout/H006196.png,data/corrupted/100k_blur_15x15_s5/heldout/H006196.png,3971
232475,3971,H006197,data/splits/100k/images/heldout/H006197.png,data/corrupted/100k_blur_15x15_s5/heldout/H006197.png,3971
232501,3971,H006198,data/splits/100k/images/heldout/H006198.png,data/corrupted/100k_blur_15x15_s5/heldout/H006198.png,3971
232489,3971,H006199,data/splits/100k/images/heldout/H006199.png,data/corrupted/100k_blur_15x15_s5/heldout/H006199.png,3971
238727,4100,H006200,data/splits/100k/images/heldout/H006200.png,data/corrupted/100k_blur_15x15_s5/heldout/H006200.png,4100
238747,4100,H006201,data/splits/100k/images/heldout/H006201.png,data/corrupted/100k_blur_15x15_s5/heldout/H006201.png,4100
238749,4100,H006202,data/splits/100k/images/heldout/H006202.png,data/corrupted/100k_blur_15x15_s5/heldout/H006202.png,4100
238781,4100,H006203,data/splits/100k/images/heldout/H006203.png,data/corrupted/100k_blur_15x15_s5/heldout/H006203.png,4100
258359,4486,H006204,data/splits/100k/images/heldout/H006204.png,data/corrupted/100k_blur_15x15_s5/heldout/H006204.png,4486
258409,4486,H006205,data/splits/100k/images/heldout/H006205.png,data/corrupted/100k_blur_15x15_s5/heldout/H006205.png,4486
258375,4486,H006206,data/splits/100k/images/heldout/H006206.png,data/corrupted/100k_blur_15x15_s5/heldout/H006206.png,4486
258363,4486,H006207,data/splits/100k/images/heldout/H006207.png,data/corrupted/100k_blur_15x15_s5/heldout/H006207.png,4486
285816,5107,H006208,data/splits/100k/images/heldout/H006208.png,data/corrupted/100k_blur_15x15_s5/heldout/H006208.png,5107
285782,5107,H006209,data/splits/100k/images/heldout/H006209.png,data/corrupted/100k_blur_15x15_s5/heldout/H006209.png,5107
285794,5107,H006210,data/splits/100k/images/heldout/H006210.png,data/corrupted/100k_blur_15x15_s5/heldout/H006210.png,5107
285785,5107,H006211,data/splits/100k/images/heldout/H006211.png,data/corrupted/100k_blur_15x15_s5/heldout/H006211.png,5107
288886,5180,H006212,data/splits/100k/images/heldout/H006212.png,data/corrupted/100k_blur_15x15_s5/heldout/H006212.png,5180
288883,5180,H006213,data/splits/100k/images/heldout/H006213.png,data/corrupted/100k_blur_15x15_s5/heldout/H006213.png,5180
288918,5180,H006214,data/splits/100k/images/heldout/H006214.png,data/corrupted/100k_blur_15x15_s5/heldout/H006214.png,5180
288894,5180,H006215,data/splits/100k/images/heldout/H006215.png,data/corrupted/100k_blur_15x15_s5/heldout/H006215.png,5180
303675,5510,H006216,data/splits/100k/images/heldout/H006216.png,data/corrupted/100k_blur_15x15_s5/heldout/H006216.png,5510
303678,5510,H006217,data/splits/100k/images/heldout/H006217.png,data/corrupted/100k_blur_15x15_s5/heldout/H006217.png,5510
303682,5510,H006218,data/splits/100k/images/heldout/H006218.png,data/corrupted/100k_blur_15x15_s5/heldout/H006218.png,5510
303668,5510,H006219,data/splits/100k/images/heldout/H006219.png,data/corrupted/100k_blur_15x15_s5/heldout/H006219.png,5510
304950,5529,H006220,data/splits/100k/images/heldout/H006220.png,data/corrupted/100k_blur_15x15_s5/heldout/H006220.png,5529
304927,5529,H006221,data/splits/100k/images/heldout/H006221.png,data/corrupted/100k_blur_15x15_s5/heldout/H006221.png,5529
304974,5529,H006222,data/splits/100k/images/heldout/H006222.png,data/corrupted/100k_blur_15x15_s5/heldout/H006222.png,5529
304942,5529,H006223,data/splits/100k/images/heldout/H006223.png,data/corrupted/100k_blur_15x15_s5/heldout/H006223.png,5529
310207,5643,H006224,data/splits/100k/images/heldout/H006224.png,data/corrupted/100k_blur_15x15_s5/heldout/H006224.png,5643
310195,5643,H006225,data/splits/100k/images/heldout/H006225.png,data/corrupted/100k_blur_15x15_s5/heldout/H006225.png,5643
310217,5643,H006226,data/splits/100k/images/heldout/H006226.png,data/corrupted/100k_blur_15x15_s5/heldout/H006226.png,5643
310199,5643,H006227,data/splits/100k/images/heldout/H006227.png,data/corrupted/100k_blur_15x15_s5/heldout/H006227.png,5643
324266,5970,H006228,data/splits/100k/images/heldout/H006228.png,data/corrupted/100k_blur_15x15_s5/heldout/H006228.png,5970
324238,5970,H006229,data/splits/100k/images/heldout/H006229.png,data/corrupted/100k_blur_15x15_s5/heldout/H006229.png,5970
324263,5970,H006230,data/splits/100k/images/heldout/H006230.png,data/corrupted/100k_blur_15x15_s5/heldout/H006230.png,5970
324247,5970,H006231,data/splits/100k/images/heldout/H006231.png,data/corrupted/100k_blur_15x15_s5/heldout/H006231.png,5970
348991,6488,H006232,data/splits/100k/images/heldout/H006232.png,data/corrupted/100k_blur_15x15_s5/heldout/H006232.png,6488
349002,6488,H006233,data/splits/100k/images/heldout/H006233.png,data/corrupted/100k_blur_15x15_s5/heldout/H006233.png,6488
349021,6488,H006234,data/splits/100k/images/heldout/H006234.png,data/corrupted/100k_blur_15x15_s5/heldout/H006234.png,6488
349008,6488,H006235,data/splits/100k/images/heldout/H006235.png,data/corrupted/100k_blur_15x15_s5/heldout/H006235.png,6488
363207,6830,H006236,data/splits/100k/images/heldout/H006236.png,data/corrupted/100k_blur_15x15_s5/heldout/H006236.png,6830
363170,6830,H006237,data/splits/100k/images/heldout/H006237.png,data/corrupted/100k_blur_15x15_s5/heldout/H006237.png,6830
363192,6830,H006238,data/splits/100k/images/heldout/H006238.png,data/corrupted/100k_blur_15x15_s5/heldout/H006238.png,6830
363218,6830,H006239,data/splits/100k/images/heldout/H006239.png,data/corrupted/100k_blur_15x15_s5/heldout/H006239.png,6830
380356,7268,H006240,data/splits/100k/images/heldout/H006240.png,data/corrupted/100k_blur_15x15_s5/heldout/H006240.png,7268
380331,7268,H006241,data/splits/100k/images/heldout/H006241.png,data/corrupted/100k_blur_15x15_s5/heldout/H006241.png,7268
380303,7268,H006242,data/splits/100k/images/heldout/H006242.png,data/corrupted/100k_blur_15x15_s5/heldout/H006242.png,7268
380328,7268,H006243,data/splits/100k/images/heldout/H006243.png,data/corrupted/100k_blur_15x15_s5/heldout/H006243.png,7268
390441,7542,H006244,data/splits/100k/images/heldout/H006244.png,data/corrupted/100k_blur_15x15_s5/heldout/H006244.png,7542
390442,7542,H006245,data/splits/100k/images/heldout/H006245.png,data/corrupted/100k_blur_15x15_s5/heldout/H006245.png,7542
390405,7542,H006246,data/splits/100k/images/heldout/H006246.png,data/corrupted/100k_blur_15x15_s5/heldout/H006246.png,7542
390420,7542,H006247,data/splits/100k/images/heldout/H006247.png,data/corrupted/100k_blur_15x15_s5/heldout/H006247.png,7542
403103,7906,H006248,data/splits/100k/images/heldout/H006248.png,data/corrupted/100k_blur_15x15_s5/heldout/H006248.png,7906
403134,7906,H006249,data/splits/100k/images/heldout/H006249.png,data/corrupted/100k_blur_15x15_s5/heldout/H006249.png,7906
403105,7906,H006250,data/splits/100k/images/heldout/H006250.png,data/corrupted/100k_blur_15x15_s5/heldout/H006250.png,7906
403094,7906,H006251,data/splits/100k/images/heldout/H006251.png,data/corrupted/100k_blur_15x15_s5/heldout/H006251.png,7906
413164,8175,H006252,data/splits/100k/images/heldout/H006252.png,data/corrupted/100k_blur_15x15_s5/heldout/H006252.png,8175
413129,8175,H006253,data/splits/100k/images/heldout/H006253.png,data/corrupted/100k_blur_15x15_s5/heldout/H006253.png,8175
413151,8175,H006254,data/splits/100k/images/heldout/H006254.png,data/corrupted/100k_blur_15x15_s5/heldout/H006254.png,8175
413158,8175,H006255,data/splits/100k/images/heldout/H006255.png,data/corrupted/100k_blur_15x15_s5/heldout/H006255.png,8175
426560,8565,H006256,data/splits/100k/images/heldout/H006256.png,data/corrupted/100k_blur_15x15_s5/heldout/H006256.png,8565
426534,8565,H006257,data/splits/100k/images/heldout/H006257.png,data/corrupted/100k_blur_15x15_s5/heldout/H006257.png,8565
426542,8565,H006258,data/splits/100k/images/heldout/H006258.png,data/corrupted/100k_blur_15x15_s5/heldout/H006258.png,8565
426553,8565,H006259,data/splits/100k/images/heldout/H006259.png,data/corrupted/100k_blur_15x15_s5/heldout/H006259.png,8565
433485,8746,H006260,data/splits/100k/images/heldout/H006260.png,data/corrupted/100k_blur_15x15_s5/heldout/H006260.png,8746
433473,8746,H006261,data/splits/100k/images/heldout/H006261.png,data/corrupted/100k_blur_15x15_s5/heldout/H006261.png,8746
433510,8746,H006262,data/splits/100k/images/heldout/H006262.png,data/corrupted/100k_blur_15x15_s5/heldout/H006262.png,8746
433457,8746,H006263,data/splits/100k/images/heldout/H006263.png,data/corrupted/100k_blur_15x15_s5/heldout/H006263.png,8746
435142,8791,H006264,data/splits/100k/images/heldout/H006264.png,data/corrupted/100k_blur_15x15_s5/heldout/H006264.png,8791
435115,8791,H006265,data/splits/100k/images/heldout/H006265.png,data/corrupted/100k_blur_15x15_s5/heldout/H006265.png,8791
435120,8791,H006266,data/splits/100k/images/heldout/H006266.png,data/corrupted/100k_blur_15x15_s5/heldout/H006266.png,8791
435103,8791,H006267,data/splits/100k/images/heldout/H006267.png,data/corrupted/100k_blur_15x15_s5/heldout/H006267.png,8791
454908,9371,H006268,data/splits/100k/images/heldout/H006268.png,data/corrupted/100k_blur_15x15_s5/heldout/H006268.png,9371
454912,9371,H006269,data/splits/100k/images/heldout/H006269.png,data/corrupted/100k_blur_15x15_s5/heldout/H006269.png,9371
454934,9371,H006270,data/splits/100k/images/heldout/H006270.png,data/corrupted/100k_blur_15x15_s5/heldout/H006270.png,9371
454932,9371,H006271,data/splits/100k/images/heldout/H006271.png,data/corrupted/100k_blur_15x15_s5/heldout/H006271.png,9371
470355,9852,H006272,data/splits/100k/images/heldout/H006272.png,data/corrupted/100k_blur_15x15_s5/heldout/H006272.png,9852
470325,9852,H006273,data/splits/100k/images/heldout/H006273.png,data/corrupted/100k_blur_15x15_s5/heldout/H006273.png,9852
470352,9852,H006274,data/splits/100k/images/heldout/H006274.png,data/corrupted/100k_blur_15x15_s5/heldout/H006274.png,9852
470347,9852,H006275,data/splits/100k/images/heldout/H006275.png,data/corrupted/100k_blur_15x15_s5/heldout/H006275.png,9852
476626,10065,H006276,data/splits/100k/images/heldout/H006276.png,data/corrupted/100k_blur_15x15_s5/heldout/H006276.png,10065
476606,10065,H006277,data/splits/100k/images/heldout/H006277.png,data/corrupted/100k_blur_15x15_s5/heldout/H006277.png,10065
476611,10065,H006278,data/splits/100k/images/heldout/H006278.png,data/corrupted/100k_blur_15x15_s5/heldout/H006278.png,10065
476628,10065,H006279,data/splits/100k/images/heldout/H006279.png,data/corrupted/100k_blur_15x15_s5/heldout/H006279.png,10065
482429,10261,H006280,data/splits/100k/images/heldout/H006280.png,data/corrupted/100k_blur_15x15_s5/heldout/H006280.png,10261
482421,10261,H006281,data/splits/100k/images/heldout/H006281.png,data/corrupted/100k_blur_15x15_s5/heldout/H006281.png,10261
482389,10261,H006282,data/splits/100k/images/heldout/H006282.png,data/corrupted/100k_blur_15x15_s5/heldout/H006282.png,10261
482387,10261,H006283,data/splits/100k/images/heldout/H006283.png,data/corrupted/100k_blur_15x15_s5/heldout/H006283.png,10261
1744,13,H006284,data/splits/100k/images/heldout/H006284.png,data/corrupted/100k_blur_15x15_s5/heldout/H006284.png,13
1746,13,H006285,data/splits/100k/images/heldout/H006285.png,data/corrupted/100k_blur_15x15_s5/heldout/H006285.png,13
1687,13,H006286,data/splits/100k/images/heldout/H006286.png,data/corrupted/100k_blur_15x15_s5/heldout/H006286.png,13
1716,13,H006287,data/splits/100k/images/heldout/H006287.png,data/corrupted/100k_blur_15x15_s5/heldout/H006287.png,13
17326,134,H006288,data/splits/100k/images/heldout/H006288.png,data/corrupted/100k_blur_15x15_s5/heldout/H006288.png,134
17313,134,H006289,data/splits/100k/images/heldout/H006289.png,data/corrupted/100k_blur_15x15_s5/heldout/H006289.png,134
17354,134,H006290,data/splits/100k/images/heldout/H006290.png,data/corrupted/100k_blur_15x15_s5/heldout/H006290.png,134
17352,134,H006291,data/splits/100k/images/heldout/H006291.png,data/corrupted/100k_blur_15x15_s5/heldout/H006291.png,134
27549,228,H006292,data/splits/100k/images/heldout/H006292.png,data/corrupted/100k_blur_15x15_s5/heldout/H006292.png,228
27598,228,H006293,data/splits/100k/images/heldout/H006293.png,data/corrupted/100k_blur_15x15_s5/heldout/H006293.png,228
27574,228,H006294,data/splits/100k/images/heldout/H006294.png,data/corrupted/100k_blur_15x15_s5/heldout/H006294.png,228
27535,228,H006295,data/splits/100k/images/heldout/H006295.png,data/corrupted/100k_blur_15x15_s5/heldout/H006295.png,228
35931,322,H006296,data/splits/100k/images/heldout/H006296.png,data/corrupted/100k_blur_15x15_s5/heldout/H006296.png,322
35962,322,H006297,data/splits/100k/images/heldout/H006297.png,data/corrupted/100k_blur_15x15_s5/heldout/H006297.png,322
35932,322,H006298,data/splits/100k/images/heldout/H006298.png,data/corrupted/100k_blur_15x15_s5/heldout/H006298.png,322
35955,322,H006299,data/splits/100k/images/heldout/H006299.png,data/corrupted/100k_blur_15x15_s5/heldout/H006299.png,322
36967,342,H006300,data/splits/100k/images/heldout/H006300.png,data/corrupted/100k_blur_15x15_s5/heldout/H006300.png,342
36989,342,H006301,data/splits/100k/images/heldout/H006301.png,data/corrupted/100k_blur_15x15_s5/heldout/H006301.png,342
37013,342,H006302,data/splits/100k/images/heldout/H006302.png,data/corrupted/100k_blur_15x15_s5/heldout/H006302.png,342
36993,342,H006303,data/splits/100k/images/heldout/H006303.png,data/corrupted/100k_blur_15x15_s5/heldout/H006303.png,342
68369,818,H006304,data/splits/100k/images/heldout/H006304.png,data/corrupted/100k_blur_15x15_s5/heldout/H006304.png,818
68396,818,H006305,data/splits/100k/images/heldout/H006305.png,data/corrupted/100k_blur_15x15_s5/heldout/H006305.png,818
68376,818,H006306,data/splits/100k/images/heldout/H006306.png,data/corrupted/100k_blur_15x15_s5/heldout/H006306.png,818
68419,818,H006307,data/splits/100k/images/heldout/H006307.png,data/corrupted/100k_blur_15x15_s5/heldout/H006307.png,818
78617,952,H006308,data/splits/100k/images/heldout/H006308.png,data/corrupted/100k_blur_15x15_s5/heldout/H006308.png,952
78620,952,H006309,data/splits/100k/images/heldout/H006309.png,data/corrupted/100k_blur_15x15_s5/heldout/H006309.png,952
78618,952,H006310,data/splits/100k/images/heldout/H006310.png,data/corrupted/100k_blur_15x15_s5/heldout/H006310.png,952
78632,952,H006311,data/splits/100k/images/heldout/H006311.png,data/corrupted/100k_blur_15x15_s5/heldout/H006311.png,952
137500,1976,H006312,data/splits/100k/images/heldout/H006312.png,data/corrupted/100k_blur_15x15_s5/heldout/H006312.png,1976
137511,1976,H006313,data/splits/100k/images/heldout/H006313.png,data/corrupted/100k_blur_15x15_s5/heldout/H006313.png,1976
137457,1976,H006314,data/splits/100k/images/heldout/H006314.png,data/corrupted/100k_blur_15x15_s5/heldout/H006314.png,1976
137510,1976,H006315,data/splits/100k/images/heldout/H006315.png,data/corrupted/100k_blur_15x15_s5/heldout/H006315.png,1976
143250,2078,H006316,data/splits/100k/images/heldout/H006316.png,data/corrupted/100k_blur_15x15_s5/heldout/H006316.png,2078
143251,2078,H006317,data/splits/100k/images/heldout/H006317.png,data/corrupted/100k_blur_15x15_s5/heldout/H006317.png,2078
143312,2078,H006318,data/splits/100k/images/heldout/H006318.png,data/corrupted/100k_blur_15x15_s5/heldout/H006318.png,2078
143273,2078,H006319,data/splits/100k/images/heldout/H006319.png,data/corrupted/100k_blur_15x15_s5/heldout/H006319.png,2078
151134,2243,H006320,data/splits/100k/images/heldout/H006320.png,data/corrupted/100k_blur_15x15_s5/heldout/H006320.png,2243
151130,2243,H006321,data/splits/100k/images/heldout/H006321.png,data/corrupted/100k_blur_15x15_s5/heldout/H006321.png,2243
151089,2243,H006322,data/splits/100k/images/heldout/H006322.png,data/corrupted/100k_blur_15x15_s5/heldout/H006322.png,2243
151104,2243,H006323,data/splits/100k/images/heldout/H006323.png,data/corrupted/100k_blur_15x15_s5/heldout/H006323.png,2243
157411,2378,H006324,data/splits/100k/images/heldout/H006324.png,data/corrupted/100k_blur_15x15_s5/heldout/H006324.png,2378
157381,2378,H006325,data/splits/100k/images/heldout/H006325.png,data/corrupted/100k_blur_15x15_s5/heldout/H006325.png,2378
157380,2378,H006326,data/splits/100k/images/heldout/H006326.png,data/corrupted/100k_blur_15x15_s5/heldout/H006326.png,2378
157436,2378,H006327,data/splits/100k/images/heldout/H006327.png,data/corrupted/100k_blur_15x15_s5/heldout/H006327.png,2378
169402,2615,H006328,data/splits/100k/images/heldout/H006328.png,data/corrupted/100k_blur_15x15_s5/heldout/H006328.png,2615
169432,2615,H006329,data/splits/100k/images/heldout/H006329.png,data/corrupted/100k_blur_15x15_s5/heldout/H006329.png,2615
169408,2615,H006330,data/splits/100k/images/heldout/H006330.png,data/corrupted/100k_blur_15x15_s5/heldout/H006330.png,2615
169446,2615,H006331,data/splits/100k/images/heldout/H006331.png,data/corrupted/100k_blur_15x15_s5/heldout/H006331.png,2615
178067,2756,H006332,data/splits/100k/images/heldout/H006332.png,data/corrupted/100k_blur_15x15_s5/heldout/H006332.png,2756
178056,2756,H006333,data/splits/100k/images/heldout/H006333.png,data/corrupted/100k_blur_15x15_s5/heldout/H006333.png,2756
178063,2756,H006334,data/splits/100k/images/heldout/H006334.png,data/corrupted/100k_blur_15x15_s5/heldout/H006334.png,2756
178066,2756,H006335,data/splits/100k/images/heldout/H006335.png,data/corrupted/100k_blur_15x15_s5/heldout/H006335.png,2756
178438,2769,H006336,data/splits/100k/images/heldout/H006336.png,data/corrupted/100k_blur_15x15_s5/heldout/H006336.png,2769
178440,2769,H006337,data/splits/100k/images/heldout/H006337.png,data/corrupted/100k_blur_15x15_s5/heldout/H006337.png,2769
178397,2769,H006338,data/splits/100k/images/heldout/H006338.png,data/corrupted/100k_blur_15x15_s5/heldout/H006338.png,2769
178388,2769,H006339,data/splits/100k/images/heldout/H006339.png,data/corrupted/100k_blur_15x15_s5/heldout/H006339.png,2769
185097,2918,H006340,data/splits/100k/images/heldout/H006340.png,data/corrupted/100k_blur_15x15_s5/heldout/H006340.png,2918
185045,2918,H006341,data/splits/100k/images/heldout/H006341.png,data/corrupted/100k_blur_15x15_s5/heldout/H006341.png,2918
185046,2918,H006342,data/splits/100k/images/heldout/H006342.png,data/corrupted/100k_blur_15x15_s5/heldout/H006342.png,2918
185059,2918,H006343,data/splits/100k/images/heldout/H006343.png,data/corrupted/100k_blur_15x15_s5/heldout/H006343.png,2918
198746,3230,H006344,data/splits/100k/images/heldout/H006344.png,data/corrupted/100k_blur_15x15_s5/heldout/H006344.png,3230
198773,3230,H006345,data/splits/100k/images/heldout/H006345.png,data/corrupted/100k_blur_15x15_s5/heldout/H006345.png,3230
198728,3230,H006346,data/splits/100k/images/heldout/H006346.png,data/corrupted/100k_blur_15x15_s5/heldout/H006346.png,3230
198725,3230,H006347,data/splits/100k/images/heldout/H006347.png,data/corrupted/100k_blur_15x15_s5/heldout/H006347.png,3230
200552,3272,H006348,data/splits/100k/images/heldout/H006348.png,data/corrupted/100k_blur_15x15_s5/heldout/H006348.png,3272
200541,3272,H006349,data/splits/100k/images/heldout/H006349.png,data/corrupted/100k_blur_15x15_s5/heldout/H006349.png,3272
200551,3272,H006350,data/splits/100k/images/heldout/H006350.png,data/corrupted/100k_blur_15x15_s5/heldout/H006350.png,3272
200523,3272,H006351,data/splits/100k/images/heldout/H006351.png,data/corrupted/100k_blur_15x15_s5/heldout/H006351.png,3272
210834,3479,H006352,data/splits/100k/images/heldout/H006352.png,data/corrupted/100k_blur_15x15_s5/heldout/H006352.png,3479
210788,3479,H006353,data/splits/100k/images/heldout/H006353.png,data/corrupted/100k_blur_15x15_s5/heldout/H006353.png,3479
210790,3479,H006354,data/splits/100k/images/heldout/H006354.png,data/corrupted/100k_blur_15x15_s5/heldout/H006354.png,3479
210829,3479,H006355,data/splits/100k/images/heldout/H006355.png,data/corrupted/100k_blur_15x15_s5/heldout/H006355.png,3479
212370,3517,H006356,data/splits/100k/images/heldout/H006356.png,data/corrupted/100k_blur_15x15_s5/heldout/H006356.png,3517
212415,3517,H006357,data/splits/100k/images/heldout/H006357.png,data/corrupted/100k_blur_15x15_s5/heldout/H006357.png,3517
212384,3517,H006358,data/splits/100k/images/heldout/H006358.png,data/corrupted/100k_blur_15x15_s5/heldout/H006358.png,3517
212404,3517,H006359,data/splits/100k/images/heldout/H006359.png,data/corrupted/100k_blur_15x15_s5/heldout/H006359.png,3517
216037,3609,H006360,data/splits/100k/images/heldout/H006360.png,data/corrupted/100k_blur_15x15_s5/heldout/H006360.png,3609
216021,3609,H006361,data/splits/100k/images/heldout/H006361.png,data/corrupted/100k_blur_15x15_s5/heldout/H006361.png,3609
216015,3609,H006362,data/splits/100k/images/heldout/H006362.png,data/corrupted/100k_blur_15x15_s5/heldout/H006362.png,3609
216007,3609,H006363,data/splits/100k/images/heldout/H006363.png,data/corrupted/100k_blur_15x15_s5/heldout/H006363.png,3609
225484,3804,H006364,data/splits/100k/images/heldout/H006364.png,data/corrupted/100k_blur_15x15_s5/heldout/H006364.png,3804
225429,3804,H006365,data/splits/100k/images/heldout/H006365.png,data/corrupted/100k_blur_15x15_s5/heldout/H006365.png,3804
225482,3804,H006366,data/splits/100k/images/heldout/H006366.png,data/corrupted/100k_blur_15x15_s5/heldout/H006366.png,3804
225480,3804,H006367,data/splits/100k/images/heldout/H006367.png,data/corrupted/100k_blur_15x15_s5/heldout/H006367.png,3804
227989,3871,H006368,data/splits/100k/images/heldout/H006368.png,data/corrupted/100k_blur_15x15_s5/heldout/H006368.png,3871
227985,3871,H006369,data/splits/100k/images/heldout/H006369.png,data/corrupted/100k_blur_15x15_s5/heldout/H006369.png,3871
228030,3871,H006370,data/splits/100k/images/heldout/H006370.png,data/corrupted/100k_blur_15x15_s5/heldout/H006370.png,3871
228016,3871,H006371,data/splits/100k/images/heldout/H006371.png,data/corrupted/100k_blur_15x15_s5/heldout/H006371.png,3871
240108,4121,H006372,data/splits/100k/images/heldout/H006372.png,data/corrupted/100k_blur_15x15_s5/heldout/H006372.png,4121
240140,4121,H006373,data/splits/100k/images/heldout/H006373.png,data/corrupted/100k_blur_15x15_s5/heldout/H006373.png,4121
240116,4121,H006374,data/splits/100k/images/heldout/H006374.png,data/corrupted/100k_blur_15x15_s5/heldout/H006374.png,4121
240127,4121,H006375,data/splits/100k/images/heldout/H006375.png,data/corrupted/100k_blur_15x15_s5/heldout/H006375.png,4121
262496,4591,H006376,data/splits/100k/images/heldout/H006376.png,data/corrupted/100k_blur_15x15_s5/heldout/H006376.png,4591
262480,4591,H006377,data/splits/100k/images/heldout/H006377.png,data/corrupted/100k_blur_15x15_s5/heldout/H006377.png,4591
262457,4591,H006378,data/splits/100k/images/heldout/H006378.png,data/corrupted/100k_blur_15x15_s5/heldout/H006378.png,4591
262476,4591,H006379,data/splits/100k/images/heldout/H006379.png,data/corrupted/100k_blur_15x15_s5/heldout/H006379.png,4591
270121,4762,H006380,data/splits/100k/images/heldout/H006380.png,data/corrupted/100k_blur_15x15_s5/heldout/H006380.png,4762
270056,4762,H006381,data/splits/100k/images/heldout/H006381.png,data/corrupted/100k_blur_15x15_s5/heldout/H006381.png,4762
270092,4762,H006382,data/splits/100k/images/heldout/H006382.png,data/corrupted/100k_blur_15x15_s5/heldout/H006382.png,4762
270093,4762,H006383,data/splits/100k/images/heldout/H006383.png,data/corrupted/100k_blur_15x15_s5/heldout/H006383.png,4762
287846,5162,H006384,data/splits/100k/images/heldout/H006384.png,data/corrupted/100k_blur_15x15_s5/heldout/H006384.png,5162
287822,5162,H006385,data/splits/100k/images/heldout/H006385.png,data/corrupted/100k_blur_15x15_s5/heldout/H006385.png,5162
287794,5162,H006386,data/splits/100k/images/heldout/H006386.png,data/corrupted/100k_blur_15x15_s5/heldout/H006386.png,5162
287820,5162,H006387,data/splits/100k/images/heldout/H006387.png,data/corrupted/100k_blur_15x15_s5/heldout/H006387.png,5162
298548,5393,H006388,data/splits/100k/images/heldout/H006388.png,data/corrupted/100k_blur_15x15_s5/heldout/H006388.png,5393
298550,5393,H006389,data/splits/100k/images/heldout/H006389.png,data/corrupted/100k_blur_15x15_s5/heldout/H006389.png,5393
298581,5393,H006390,data/splits/100k/images/heldout/H006390.png,data/corrupted/100k_blur_15x15_s5/heldout/H006390.png,5393
298582,5393,H006391,data/splits/100k/images/heldout/H006391.png,data/corrupted/100k_blur_15x15_s5/heldout/H006391.png,5393
323988,5963,H006392,data/splits/100k/images/heldout/H006392.png,data/corrupted/100k_blur_15x15_s5/heldout/H006392.png,5963
323980,5963,H006393,data/splits/100k/images/heldout/H006393.png,data/corrupted/100k_blur_15x15_s5/heldout/H006393.png,5963
323936,5963,H006394,data/splits/100k/images/heldout/H006394.png,data/corrupted/100k_blur_15x15_s5/heldout/H006394.png,5963
323989,5963,H006395,data/splits/100k/images/heldout/H006395.png,data/corrupted/100k_blur_15x15_s5/heldout/H006395.png,5963
350075,6519,H006396,data/splits/100k/images/heldout/H006396.png,data/corrupted/100k_blur_15x15_s5/heldout/H006396.png,6519
350028,6519,H006397,data/splits/100k/images/heldout/H006397.png,data/corrupted/100k_blur_15x15_s5/heldout/H006397.png,6519
350065,6519,H006398,data/splits/100k/images/heldout/H006398.png,data/corrupted/100k_blur_15x15_s5/heldout/H006398.png,6519
350041,6519,H006399,data/splits/100k/images/heldout/H006399.png,data/corrupted/100k_blur_15x15_s5/heldout/H006399.png,6519
363781,6840,H006400,data/splits/100k/images/heldout/H006400.png,data/corrupted/100k_blur_15x15_s5/heldout/H006400.png,6840
363791,6840,H006401,data/splits/100k/images/heldout/H006401.png,data/corrupted/100k_blur_15x15_s5/heldout/H006401.png,6840
363797,6840,H006402,data/splits/100k/images/heldout/H006402.png,data/corrupted/100k_blur_15x15_s5/heldout/H006402.png,6840
363766,6840,H006403,data/splits/100k/images/heldout/H006403.png,data/corrupted/100k_blur_15x15_s5/heldout/H006403.png,6840
365460,6890,H006404,data/splits/100k/images/heldout/H006404.png,data/corrupted/100k_blur_15x15_s5/heldout/H006404.png,6890
365496,6890,H006405,data/splits/100k/images/heldout/H006405.png,data/corrupted/100k_blur_15x15_s5/heldout/H006405.png,6890
365504,6890,H006406,data/splits/100k/images/heldout/H006406.png,data/corrupted/100k_blur_15x15_s5/heldout/H006406.png,6890
365491,6890,H006407,data/splits/100k/images/heldout/H006407.png,data/corrupted/100k_blur_15x15_s5/heldout/H006407.png,6890
368528,6962,H006408,data/splits/100k/images/heldout/H006408.png,data/corrupted/100k_blur_15x15_s5/heldout/H006408.png,6962
368513,6962,H006409,data/splits/100k/images/heldout/H006409.png,data/corrupted/100k_blur_15x15_s5/heldout/H006409.png,6962
368564,6962,H006410,data/splits/100k/images/heldout/H006410.png,data/corrupted/100k_blur_15x15_s5/heldout/H006410.png,6962
368535,6962,H006411,data/splits/100k/images/heldout/H006411.png,data/corrupted/100k_blur_15x15_s5/heldout/H006411.png,6962
399012,7786,H006412,data/splits/100k/images/heldout/H006412.png,data/corrupted/100k_blur_15x15_s5/heldout/H006412.png,7786
398996,7786,H006413,data/splits/100k/images/heldout/H006413.png,data/corrupted/100k_blur_15x15_s5/heldout/H006413.png,7786
399003,7786,H006414,data/splits/100k/images/heldout/H006414.png,data/corrupted/100k_blur_15x15_s5/heldout/H006414.png,7786
399039,7786,H006415,data/splits/100k/images/heldout/H006415.png,data/corrupted/100k_blur_15x15_s5/heldout/H006415.png,7786
425725,8541,H006416,data/splits/100k/images/heldout/H006416.png,data/corrupted/100k_blur_15x15_s5/heldout/H006416.png,8541
425685,8541,H006417,data/splits/100k/images/heldout/H006417.png,data/corrupted/100k_blur_15x15_s5/heldout/H006417.png,8541
425708,8541,H006418,data/splits/100k/images/heldout/H006418.png,data/corrupted/100k_blur_15x15_s5/heldout/H006418.png,8541
425732,8541,H006419,data/splits/100k/images/heldout/H006419.png,data/corrupted/100k_blur_15x15_s5/heldout/H006419.png,8541
433079,8737,H006420,data/splits/100k/images/heldout/H006420.png,data/corrupted/100k_blur_15x15_s5/heldout/H006420.png,8737
433051,8737,H006421,data/splits/100k/images/heldout/H006421.png,data/corrupted/100k_blur_15x15_s5/heldout/H006421.png,8737
433058,8737,H006422,data/splits/100k/images/heldout/H006422.png,data/corrupted/100k_blur_15x15_s5/heldout/H006422.png,8737
433101,8737,H006423,data/splits/100k/images/heldout/H006423.png,data/corrupted/100k_blur_15x15_s5/heldout/H006423.png,8737
279,2,H006424,data/splits/100k/images/heldout/H006424.png,data/corrupted/100k_blur_15x15_s5/heldout/H006424.png,2
313,2,H006425,data/splits/100k/images/heldout/H006425.png,data/corrupted/100k_blur_15x15_s5/heldout/H006425.png,2
295,2,H006426,data/splits/100k/images/heldout/H006426.png,data/corrupted/100k_blur_15x15_s5/heldout/H006426.png,2
327,2,H006427,data/splits/100k/images/heldout/H006427.png,data/corrupted/100k_blur_15x15_s5/heldout/H006427.png,2
5113,30,H006428,data/splits/100k/images/heldout/H006428.png,data/corrupted/100k_blur_15x15_s5/heldout/H006428.png,30
5159,30,H006429,data/splits/100k/images/heldout/H006429.png,data/corrupted/100k_blur_15x15_s5/heldout/H006429.png,30
5166,30,H006430,data/splits/100k/images/heldout/H006430.png,data/corrupted/100k_blur_15x15_s5/heldout/H006430.png,30
5158,30,H006431,data/splits/100k/images/heldout/H006431.png,data/corrupted/100k_blur_15x15_s5/heldout/H006431.png,30
27394,226,H006432,data/splits/100k/images/heldout/H006432.png,data/corrupted/100k_blur_15x15_s5/heldout/H006432.png,226
27404,226,H006433,data/splits/100k/images/heldout/H006433.png,data/corrupted/100k_blur_15x15_s5/heldout/H006433.png,226
27409,226,H006434,data/splits/100k/images/heldout/H006434.png,data/corrupted/100k_blur_15x15_s5/heldout/H006434.png,226
27421,226,H006435,data/splits/100k/images/heldout/H006435.png,data/corrupted/100k_blur_15x15_s5/heldout/H006435.png,226
29840,248,H006436,data/splits/100k/images/heldout/H006436.png,data/corrupted/100k_blur_15x15_s5/heldout/H006436.png,248
29812,248,H006437,data/splits/100k/images/heldout/H006437.png,data/corrupted/100k_blur_15x15_s5/heldout/H006437.png,248
29803,248,H006438,data/splits/100k/images/heldout/H006438.png,data/corrupted/100k_blur_15x15_s5/heldout/H006438.png,248
29804,248,H006439,data/splits/100k/images/heldout/H006439.png,data/corrupted/100k_blur_15x15_s5/heldout/H006439.png,248
38730,367,H006440,data/splits/100k/images/heldout/H006440.png,data/corrupted/100k_blur_15x15_s5/heldout/H006440.png,367
38785,367,H006441,data/splits/100k/images/heldout/H006441.png,data/corrupted/100k_blur_15x15_s5/heldout/H006441.png,367
38744,367,H006442,data/splits/100k/images/heldout/H006442.png,data/corrupted/100k_blur_15x15_s5/heldout/H006442.png,367
38755,367,H006443,data/splits/100k/images/heldout/H006443.png,data/corrupted/100k_blur_15x15_s5/heldout/H006443.png,367
84848,1023,H006444,data/splits/100k/images/heldout/H006444.png,data/corrupted/100k_blur_15x15_s5/heldout/H006444.png,1023
84856,1023,H006445,data/splits/100k/images/heldout/H006445.png,data/corrupted/100k_blur_15x15_s5/heldout/H006445.png,1023
84843,1023,H006446,data/splits/100k/images/heldout/H006446.png,data/corrupted/100k_blur_15x15_s5/heldout/H006446.png,1023
84836,1023,H006447,data/splits/100k/images/heldout/H006447.png,data/corrupted/100k_blur_15x15_s5/heldout/H006447.png,1023
87803,1058,H006448,data/splits/100k/images/heldout/H006448.png,data/corrupted/100k_blur_15x15_s5/heldout/H006448.png,1058
87797,1058,H006449,data/splits/100k/images/heldout/H006449.png,data/corrupted/100k_blur_15x15_s5/heldout/H006449.png,1058
87794,1058,H006450,data/splits/100k/images/heldout/H006450.png,data/corrupted/100k_blur_15x15_s5/heldout/H006450.png,1058
87762,1058,H006451,data/splits/100k/images/heldout/H006451.png,data/corrupted/100k_blur_15x15_s5/heldout/H006451.png,1058
108880,1337,H006452,data/splits/100k/images/heldout/H006452.png,data/corrupted/100k_blur_15x15_s5/heldout/H006452.png,1337
108876,1337,H006453,data/splits/100k/images/heldout/H006453.png,data/corrupted/100k_blur_15x15_s5/heldout/H006453.png,1337
108903,1337,H006454,data/splits/100k/images/heldout/H006454.png,data/corrupted/100k_blur_15x15_s5/heldout/H006454.png,1337
108886,1337,H006455,data/splits/100k/images/heldout/H006455.png,data/corrupted/100k_blur_15x15_s5/heldout/H006455.png,1337
145213,2118,H006456,data/splits/100k/images/heldout/H006456.png,data/corrupted/100k_blur_15x15_s5/heldout/H006456.png,2118
145211,2118,H006457,data/splits/100k/images/heldout/H006457.png,data/corrupted/100k_blur_15x15_s5/heldout/H006457.png,2118
145214,2118,H006458,data/splits/100k/images/heldout/H006458.png,data/corrupted/100k_blur_15x15_s5/heldout/H006458.png,2118
145237,2118,H006459,data/splits/100k/images/heldout/H006459.png,data/corrupted/100k_blur_15x15_s5/heldout/H006459.png,2118
156404,2358,H006460,data/splits/100k/images/heldout/H006460.png,data/corrupted/100k_blur_15x15_s5/heldout/H006460.png,2358
156411,2358,H006461,data/splits/100k/images/heldout/H006461.png,data/corrupted/100k_blur_15x15_s5/heldout/H006461.png,2358
156416,2358,H006462,data/splits/100k/images/heldout/H006462.png,data/corrupted/100k_blur_15x15_s5/heldout/H006462.png,2358
156450,2358,H006463,data/splits/100k/images/heldout/H006463.png,data/corrupted/100k_blur_15x15_s5/heldout/H006463.png,2358
200459,3270,H006464,data/splits/100k/images/heldout/H006464.png,data/corrupted/100k_blur_15x15_s5/heldout/H006464.png,3270
200479,3270,H006465,data/splits/100k/images/heldout/H006465.png,data/corrupted/100k_blur_15x15_s5/heldout/H006465.png,3270
200496,3270,H006466,data/splits/100k/images/heldout/H006466.png,data/corrupted/100k_blur_15x15_s5/heldout/H006466.png,3270
200467,3270,H006467,data/splits/100k/images/heldout/H006467.png,data/corrupted/100k_blur_15x15_s5/heldout/H006467.png,3270
214245,3567,H006468,data/splits/100k/images/heldout/H006468.png,data/corrupted/100k_blur_15x15_s5/heldout/H006468.png,3567
214237,3567,H006469,data/splits/100k/images/heldout/H006469.png,data/corrupted/100k_blur_15x15_s5/heldout/H006469.png,3567
214228,3567,H006470,data/splits/100k/images/heldout/H006470.png,data/corrupted/100k_blur_15x15_s5/heldout/H006470.png,3567
214189,3567,H006471,data/splits/100k/images/heldout/H006471.png,data/corrupted/100k_blur_15x15_s5/heldout/H006471.png,3567
217517,3639,H006472,data/splits/100k/images/heldout/H006472.png,data/corrupted/100k_blur_15x15_s5/heldout/H006472.png,3639
217511,3639,H006473,data/splits/100k/images/heldout/H006473.png,data/corrupted/100k_blur_15x15_s5/heldout/H006473.png,3639
217542,3639,H006474,data/splits/100k/images/heldout/H006474.png,data/corrupted/100k_blur_15x15_s5/heldout/H006474.png,3639
217546,3639,H006475,data/splits/100k/images/heldout/H006475.png,data/corrupted/100k_blur_15x15_s5/heldout/H006475.png,3639
226320,3822,H006476,data/splits/100k/images/heldout/H006476.png,data/corrupted/100k_blur_15x15_s5/heldout/H006476.png,3822
226290,3822,H006477,data/splits/100k/images/heldout/H006477.png,data/corrupted/100k_blur_15x15_s5/heldout/H006477.png,3822
226292,3822,H006478,data/splits/100k/images/heldout/H006478.png,data/corrupted/100k_blur_15x15_s5/heldout/H006478.png,3822
226333,3822,H006479,data/splits/100k/images/heldout/H006479.png,data/corrupted/100k_blur_15x15_s5/heldout/H006479.png,3822
236353,4043,H006480,data/splits/100k/images/heldout/H006480.png,data/corrupted/100k_blur_15x15_s5/heldout/H006480.png,4043
236358,4043,H006481,data/splits/100k/images/heldout/H006481.png,data/corrupted/100k_blur_15x15_s5/heldout/H006481.png,4043
236301,4043,H006482,data/splits/100k/images/heldout/H006482.png,data/corrupted/100k_blur_15x15_s5/heldout/H006482.png,4043
236317,4043,H006483,data/splits/100k/images/heldout/H006483.png,data/corrupted/100k_blur_15x15_s5/heldout/H006483.png,4043
413495,8186,H006484,data/splits/100k/images/heldout/H006484.png,data/corrupted/100k_blur_15x15_s5/heldout/H006484.png,8186
413491,8186,H006485,data/splits/100k/images/heldout/H006485.png,data/corrupted/100k_blur_15x15_s5/heldout/H006485.png,8186
413484,8186,H006486,data/splits/100k/images/heldout/H006486.png,data/corrupted/100k_blur_15x15_s5/heldout/H006486.png,8186
413485,8186,H006487,data/splits/100k/images/heldout/H006487.png,data/corrupted/100k_blur_15x15_s5/heldout/H006487.png,8186
415305,8241,H006488,data/splits/100k/images/heldout/H006488.png,data/corrupted/100k_blur_15x15_s5/heldout/H006488.png,8241
415266,8241,H006489,data/splits/100k/images/heldout/H006489.png,data/corrupted/100k_blur_15x15_s5/heldout/H006489.png,8241
415282,8241,H006490,data/splits/100k/images/heldout/H006490.png,data/corrupted/100k_blur_15x15_s5/heldout/H006490.png,8241
415276,8241,H006491,data/splits/100k/images/heldout/H006491.png,data/corrupted/100k_blur_15x15_s5/heldout/H006491.png,8241
415655,8258,H006492,data/splits/100k/images/heldout/H006492.png,data/corrupted/100k_blur_15x15_s5/heldout/H006492.png,8258
415704,8258,H006493,data/splits/100k/images/heldout/H006493.png,data/corrupted/100k_blur_15x15_s5/heldout/H006493.png,8258
415689,8258,H006494,data/splits/100k/images/heldout/H006494.png,data/corrupted/100k_blur_15x15_s5/heldout/H006494.png,8258
415681,8258,H006495,data/splits/100k/images/heldout/H006495.png,data/corrupted/100k_blur_15x15_s5/heldout/H006495.png,8258
437884,8859,H006496,data/splits/100k/images/heldout/H006496.png,data/corrupted/100k_blur_15x15_s5/heldout/H006496.png,8859
437857,8859,H006497,data/splits/100k/images/heldout/H006497.png,data/corrupted/100k_blur_15x15_s5/heldout/H006497.png,8859
437859,8859,H006498,data/splits/100k/images/heldout/H006498.png,data/corrupted/100k_blur_15x15_s5/heldout/H006498.png,8859
437876,8859,H006499,data/splits/100k/images/heldout/H006499.png,data/corrupted/100k_blur_15x15_s5/heldout/H006499.png,8859
453440,9323,H006500,data/splits/100k/images/heldout/H006500.png,data/corrupted/100k_blur_15x15_s5/heldout/H006500.png,9323
453479,9323,H006501,data/splits/100k/images/heldout/H006501.png,data/corrupted/100k_blur_15x15_s5/heldout/H006501.png,9323
453472,9323,H006502,data/splits/100k/images/heldout/H006502.png,data/corrupted/100k_blur_15x15_s5/heldout/H006502.png,9323
453462,9323,H006503,data/splits/100k/images/heldout/H006503.png,data/corrupted/100k_blur_15x15_s5/heldout/H006503.png,9323
476860,10071,H006504,data/splits/100k/images/heldout/H006504.png,data/corrupted/100k_blur_15x15_s5/heldout/H006504.png,10071
476833,10071,H006505,data/splits/100k/images/heldout/H006505.png,data/corrupted/100k_blur_15x15_s5/heldout/H006505.png,10071
476837,10071,H006506,data/splits/100k/images/heldout/H006506.png,data/corrupted/100k_blur_15x15_s5/heldout/H006506.png,10071
476878,10071,H006507,data/splits/100k/images/heldout/H006507.png,data/corrupted/100k_blur_15x15_s5/heldout/H006507.png,10071
482950,10281,H006508,data/splits/100k/images/heldout/H006508.png,data/corrupted/100k_blur_15x15_s5/heldout/H006508.png,10281
482944,10281,H006509,data/splits/100k/images/heldout/H006509.png,data/corrupted/100k_blur_15x15_s5/heldout/H006509.png,10281
482952,10281,H006510,data/splits/100k/images/heldout/H006510.png,data/corrupted/100k_blur_15x15_s5/heldout/H006510.png,10281
482983,10281,H006511,data/splits/100k/images/heldout/H006511.png,data/corrupted/100k_blur_15x15_s5/heldout/H006511.png,10281
76176,917,H006512,data/splits/100k/images/heldout/H006512.png,data/corrupted/100k_blur_15x15_s5/heldout/H006512.png,917
76211,917,H006513,data/splits/100k/images/heldout/H006513.png,data/corrupted/100k_blur_15x15_s5/heldout/H006513.png,917
76177,917,H006514,data/splits/100k/images/heldout/H006514.png,data/corrupted/100k_blur_15x15_s5/heldout/H006514.png,917
76189,917,H006515,data/splits/100k/images/heldout/H006515.png,data/corrupted/100k_blur_15x15_s5/heldout/H006515.png,917
76869,926,H006516,data/splits/100k/images/heldout/H006516.png,data/corrupted/100k_blur_15x15_s5/heldout/H006516.png,926
76873,926,H006517,data/splits/100k/images/heldout/H006517.png,data/corrupted/100k_blur_15x15_s5/heldout/H006517.png,926
76893,926,H006518,data/splits/100k/images/heldout/H006518.png,data/corrupted/100k_blur_15x15_s5/heldout/H006518.png,926
76888,926,H006519,data/splits/100k/images/heldout/H006519.png,data/corrupted/100k_blur_15x15_s5/heldout/H006519.png,926
131446,1824,H006520,data/splits/100k/images/heldout/H006520.png,data/corrupted/100k_blur_15x15_s5/heldout/H006520.png,1824
131458,1824,H006521,data/splits/100k/images/heldout/H006521.png,data/corrupted/100k_blur_15x15_s5/heldout/H006521.png,1824
131476,1824,H006522,data/splits/100k/images/heldout/H006522.png,data/corrupted/100k_blur_15x15_s5/heldout/H006522.png,1824
131480,1824,H006523,data/splits/100k/images/heldout/H006523.png,data/corrupted/100k_blur_15x15_s5/heldout/H006523.png,1824
143625,2084,H006524,data/splits/100k/images/heldout/H006524.png,data/corrupted/100k_blur_15x15_s5/heldout/H006524.png,2084
143634,2084,H006525,data/splits/100k/images/heldout/H006525.png,data/corrupted/100k_blur_15x15_s5/heldout/H006525.png,2084
143617,2084,H006526,data/splits/100k/images/heldout/H006526.png,data/corrupted/100k_blur_15x15_s5/heldout/H006526.png,2084
143629,2084,H006527,data/splits/100k/images/heldout/H006527.png,data/corrupted/100k_blur_15x15_s5/heldout/H006527.png,2084
199885,3253,H006528,data/splits/100k/images/heldout/H006528.png,data/corrupted/100k_blur_15x15_s5/heldout/H006528.png,3253
199859,3253,H006529,data/splits/100k/images/heldout/H006529.png,data/corrupted/100k_blur_15x15_s5/heldout/H006529.png,3253
199844,3253,H006530,data/splits/100k/images/heldout/H006530.png,data/corrupted/100k_blur_15x15_s5/heldout/H006530.png,3253
199841,3253,H006531,data/splits/100k/images/heldout/H006531.png,data/corrupted/100k_blur_15x15_s5/heldout/H006531.png,3253
200114,3259,H006532,data/splits/100k/images/heldout/H006532.png,data/corrupted/100k_blur_15x15_s5/heldout/H006532.png,3259
200099,3259,H006533,data/splits/100k/images/heldout/H006533.png,data/corrupted/100k_blur_15x15_s5/heldout/H006533.png,3259
200068,3259,H006534,data/splits/100k/images/heldout/H006534.png,data/corrupted/100k_blur_15x15_s5/heldout/H006534.png,3259
200093,3259,H006535,data/splits/100k/images/heldout/H006535.png,data/corrupted/100k_blur_15x15_s5/heldout/H006535.png,3259
206523,3398,H006536,data/splits/100k/images/heldout/H006536.png,data/corrupted/100k_blur_15x15_s5/heldout/H006536.png,3398
206521,3398,H006537,data/splits/100k/images/heldout/H006537.png,data/corrupted/100k_blur_15x15_s5/heldout/H006537.png,3398
206545,3398,H006538,data/splits/100k/images/heldout/H006538.png,data/corrupted/100k_blur_15x15_s5/heldout/H006538.png,3398
206532,3398,H006539,data/splits/100k/images/heldout/H006539.png,data/corrupted/100k_blur_15x15_s5/heldout/H006539.png,3398
236659,4048,H006540,data/splits/100k/images/heldout/H006540.png,data/corrupted/100k_blur_15x15_s5/heldout/H006540.png,4048
236692,4048,H006541,data/splits/100k/images/heldout/H006541.png,data/corrupted/100k_blur_15x15_s5/heldout/H006541.png,4048
236696,4048,H006542,data/splits/100k/images/heldout/H006542.png,data/corrupted/100k_blur_15x15_s5/heldout/H006542.png,4048
236656,4048,H006543,data/splits/100k/images/heldout/H006543.png,data/corrupted/100k_blur_15x15_s5/heldout/H006543.png,4048
250043,4322,H006544,data/splits/100k/images/heldout/H006544.png,data/corrupted/100k_blur_15x15_s5/heldout/H006544.png,4322
249983,4322,H006545,data/splits/100k/images/heldout/H006545.png,data/corrupted/100k_blur_15x15_s5/heldout/H006545.png,4322
250023,4322,H006546,data/splits/100k/images/heldout/H006546.png,data/corrupted/100k_blur_15x15_s5/heldout/H006546.png,4322
250016,4322,H006547,data/splits/100k/images/heldout/H006547.png,data/corrupted/100k_blur_15x15_s5/heldout/H006547.png,4322
250442,4334,H006548,data/splits/100k/images/heldout/H006548.png,data/corrupted/100k_blur_15x15_s5/heldout/H006548.png,4334
250473,4334,H006549,data/splits/100k/images/heldout/H006549.png,data/corrupted/100k_blur_15x15_s5/heldout/H006549.png,4334
250504,4334,H006550,data/splits/100k/images/heldout/H006550.png,data/corrupted/100k_blur_15x15_s5/heldout/H006550.png,4334
250469,4334,H006551,data/splits/100k/images/heldout/H006551.png,data/corrupted/100k_blur_15x15_s5/heldout/H006551.png,4334
270826,4783,H006552,data/splits/100k/images/heldout/H006552.png,data/corrupted/100k_blur_15x15_s5/heldout/H006552.png,4783
270845,4783,H006553,data/splits/100k/images/heldout/H006553.png,data/corrupted/100k_blur_15x15_s5/heldout/H006553.png,4783
270803,4783,H006554,data/splits/100k/images/heldout/H006554.png,data/corrupted/100k_blur_15x15_s5/heldout/H006554.png,4783
270816,4783,H006555,data/splits/100k/images/heldout/H006555.png,data/corrupted/100k_blur_15x15_s5/heldout/H006555.png,4783
279259,4978,H006556,data/splits/100k/images/heldout/H006556.png,data/corrupted/100k_blur_15x15_s5/heldout/H006556.png,4978
279276,4978,H006557,data/splits/100k/images/heldout/H006557.png,data/corrupted/100k_blur_15x15_s5/heldout/H006557.png,4978
279268,4978,H006558,data/splits/100k/images/heldout/H006558.png,data/corrupted/100k_blur_15x15_s5/heldout/H006558.png,4978
279250,4978,H006559,data/splits/100k/images/heldout/H006559.png,data/corrupted/100k_blur_15x15_s5/heldout/H006559.png,4978
323491,5955,H006560,data/splits/100k/images/heldout/H006560.png,data/corrupted/100k_blur_15x15_s5/heldout/H006560.png,5955
323490,5955,H006561,data/splits/100k/images/heldout/H006561.png,data/corrupted/100k_blur_15x15_s5/heldout/H006561.png,5955
323497,5955,H006562,data/splits/100k/images/heldout/H006562.png,data/corrupted/100k_blur_15x15_s5/heldout/H006562.png,5955
323462,5955,H006563,data/splits/100k/images/heldout/H006563.png,data/corrupted/100k_blur_15x15_s5/heldout/H006563.png,5955
331206,6109,H006564,data/splits/100k/images/heldout/H006564.png,data/corrupted/100k_blur_15x15_s5/heldout/H006564.png,6109
331200,6109,H006565,data/splits/100k/images/heldout/H006565.png,data/corrupted/100k_blur_15x15_s5/heldout/H006565.png,6109
331222,6109,H006566,data/splits/100k/images/heldout/H006566.png,data/corrupted/100k_blur_15x15_s5/heldout/H006566.png,6109
331162,6109,H006567,data/splits/100k/images/heldout/H006567.png,data/corrupted/100k_blur_15x15_s5/heldout/H006567.png,6109
335215,6202,H006568,data/splits/100k/images/heldout/H006568.png,data/corrupted/100k_blur_15x15_s5/heldout/H006568.png,6202
335263,6202,H006569,data/splits/100k/images/heldout/H006569.png,data/corrupted/100k_blur_15x15_s5/heldout/H006569.png,6202
335230,6202,H006570,data/splits/100k/images/heldout/H006570.png,data/corrupted/100k_blur_15x15_s5/heldout/H006570.png,6202
335238,6202,H006571,data/splits/100k/images/heldout/H006571.png,data/corrupted/100k_blur_15x15_s5/heldout/H006571.png,6202
364523,6864,H006572,data/splits/100k/images/heldout/H006572.png,data/corrupted/100k_blur_15x15_s5/heldout/H006572.png,6864
364531,6864,H006573,data/splits/100k/images/heldout/H006573.png,data/corrupted/100k_blur_15x15_s5/heldout/H006573.png,6864
364540,6864,H006574,data/splits/100k/images/heldout/H006574.png,data/corrupted/100k_blur_15x15_s5/heldout/H006574.png,6864
364514,6864,H006575,data/splits/100k/images/heldout/H006575.png,data/corrupted/100k_blur_15x15_s5/heldout/H006575.png,6864
368232,6954,H006576,data/splits/100k/images/heldout/H006576.png,data/corrupted/100k_blur_15x15_s5/heldout/H006576.png,6954
368208,6954,H006577,data/splits/100k/images/heldout/H006577.png,data/corrupted/100k_blur_15x15_s5/heldout/H006577.png,6954
368217,6954,H006578,data/splits/100k/images/heldout/H006578.png,data/corrupted/100k_blur_15x15_s5/heldout/H006578.png,6954
368203,6954,H006579,data/splits/100k/images/heldout/H006579.png,data/corrupted/100k_blur_15x15_s5/heldout/H006579.png,6954
375738,7128,H006580,data/splits/100k/images/heldout/H006580.png,data/corrupted/100k_blur_15x15_s5/heldout/H006580.png,7128
375775,7128,H006581,data/splits/100k/images/heldout/H006581.png,data/corrupted/100k_blur_15x15_s5/heldout/H006581.png,7128
375791,7128,H006582,data/splits/100k/images/heldout/H006582.png,data/corrupted/100k_blur_15x15_s5/heldout/H006582.png,7128
375745,7128,H006583,data/splits/100k/images/heldout/H006583.png,data/corrupted/100k_blur_15x15_s5/heldout/H006583.png,7128
391799,7593,H006584,data/splits/100k/images/heldout/H006584.png,data/corrupted/100k_blur_15x15_s5/heldout/H006584.png,7593
391815,7593,H006585,data/splits/100k/images/heldout/H006585.png,data/corrupted/100k_blur_15x15_s5/heldout/H006585.png,7593
391833,7593,H006586,data/splits/100k/images/heldout/H006586.png,data/corrupted/100k_blur_15x15_s5/heldout/H006586.png,7593
391857,7593,H006587,data/splits/100k/images/heldout/H006587.png,data/corrupted/100k_blur_15x15_s5/heldout/H006587.png,7593
421608,8408,H006588,data/splits/100k/images/heldout/H006588.png,data/corrupted/100k_blur_15x15_s5/heldout/H006588.png,8408
421617,8408,H006589,data/splits/100k/images/heldout/H006589.png,data/corrupted/100k_blur_15x15_s5/heldout/H006589.png,8408
421591,8408,H006590,data/splits/100k/images/heldout/H006590.png,data/corrupted/100k_blur_15x15_s5/heldout/H006590.png,8408
421582,8408,H006591,data/splits/100k/images/heldout/H006591.png,data/corrupted/100k_blur_15x15_s5/heldout/H006591.png,8408
433928,8763,H006592,data/splits/100k/images/heldout/H006592.png,data/corrupted/100k_blur_15x15_s5/heldout/H006592.png,8763
433970,8763,H006593,data/splits/100k/images/heldout/H006593.png,data/corrupted/100k_blur_15x15_s5/heldout/H006593.png,8763
433941,8763,H006594,data/splits/100k/images/heldout/H006594.png,data/corrupted/100k_blur_15x15_s5/heldout/H006594.png,8763
433976,8763,H006595,data/splits/100k/images/heldout/H006595.png,data/corrupted/100k_blur_15x15_s5/heldout/H006595.png,8763
438162,8867,H006596,data/splits/100k/images/heldout/H006596.png,data/corrupted/100k_blur_15x15_s5/heldout/H006596.png,8867
438184,8867,H006597,data/splits/100k/images/heldout/H006597.png,data/corrupted/100k_blur_15x15_s5/heldout/H006597.png,8867
438192,8867,H006598,data/splits/100k/images/heldout/H006598.png,data/corrupted/100k_blur_15x15_s5/heldout/H006598.png,8867
438161,8867,H006599,data/splits/100k/images/heldout/H006599.png,data/corrupted/100k_blur_15x15_s5/heldout/H006599.png,8867
439669,8914,H006600,data/splits/100k/images/heldout/H006600.png,data/corrupted/100k_blur_15x15_s5/heldout/H006600.png,8914
439662,8914,H006601,data/splits/100k/images/heldout/H006601.png,data/corrupted/100k_blur_15x15_s5/heldout/H006601.png,8914
439622,8914,H006602,data/splits/100k/images/heldout/H006602.png,data/corrupted/100k_blur_15x15_s5/heldout/H006602.png,8914
439674,8914,H006603,data/splits/100k/images/heldout/H006603.png,data/corrupted/100k_blur_15x15_s5/heldout/H006603.png,8914
440061,8926,H006604,data/splits/100k/images/heldout/H006604.png,data/corrupted/100k_blur_15x15_s5/heldout/H006604.png,8926
440092,8926,H006605,data/splits/100k/images/heldout/H006605.png,data/corrupted/100k_blur_15x15_s5/heldout/H006605.png,8926
440103,8926,H006606,data/splits/100k/images/heldout/H006606.png,data/corrupted/100k_blur_15x15_s5/heldout/H006606.png,8926
440094,8926,H006607,data/splits/100k/images/heldout/H006607.png,data/corrupted/100k_blur_15x15_s5/heldout/H006607.png,8926
448066,9175,H006608,data/splits/100k/images/heldout/H006608.png,data/corrupted/100k_blur_15x15_s5/heldout/H006608.png,9175
448022,9175,H006609,data/splits/100k/images/heldout/H006609.png,data/corrupted/100k_blur_15x15_s5/heldout/H006609.png,9175
448060,9175,H006610,data/splits/100k/images/heldout/H006610.png,data/corrupted/100k_blur_15x15_s5/heldout/H006610.png,9175
448054,9175,H006611,data/splits/100k/images/heldout/H006611.png,data/corrupted/100k_blur_15x15_s5/heldout/H006611.png,9175
449963,9230,H006612,data/splits/100k/images/heldout/H006612.png,data/corrupted/100k_blur_15x15_s5/heldout/H006612.png,9230
449974,9230,H006613,data/splits/100k/images/heldout/H006613.png,data/corrupted/100k_blur_15x15_s5/heldout/H006613.png,9230
449938,9230,H006614,data/splits/100k/images/heldout/H006614.png,data/corrupted/100k_blur_15x15_s5/heldout/H006614.png,9230
449930,9230,H006615,data/splits/100k/images/heldout/H006615.png,data/corrupted/100k_blur_15x15_s5/heldout/H006615.png,9230
470407,9853,H006616,data/splits/100k/images/heldout/H006616.png,data/corrupted/100k_blur_15x15_s5/heldout/H006616.png,9853
470415,9853,H006617,data/splits/100k/images/heldout/H006617.png,data/corrupted/100k_blur_15x15_s5/heldout/H006617.png,9853
470431,9853,H006618,data/splits/100k/images/heldout/H006618.png,data/corrupted/100k_blur_15x15_s5/heldout/H006618.png,9853
470420,9853,H006619,data/splits/100k/images/heldout/H006619.png,data/corrupted/100k_blur_15x15_s5/heldout/H006619.png,9853
479104,10145,H006620,data/splits/100k/images/heldout/H006620.png,data/corrupted/100k_blur_15x15_s5/heldout/H006620.png,10145
479105,10145,H006621,data/splits/100k/images/heldout/H006621.png,data/corrupted/100k_blur_15x15_s5/heldout/H006621.png,10145
479097,10145,H006622,data/splits/100k/images/heldout/H006622.png,data/corrupted/100k_blur_15x15_s5/heldout/H006622.png,10145
479083,10145,H006623,data/splits/100k/images/heldout/H006623.png,data/corrupted/100k_blur_15x15_s5/heldout/H006623.png,10145
485285,10359,H006624,data/splits/100k/images/heldout/H006624.png,data/corrupted/100k_blur_15x15_s5/heldout/H006624.png,10359
485295,10359,H006625,data/splits/100k/images/heldout/H006625.png,data/corrupted/100k_blur_15x15_s5/heldout/H006625.png,10359
485311,10359,H006626,data/splits/100k/images/heldout/H006626.png,data/corrupted/100k_blur_15x15_s5/heldout/H006626.png,10359
485329,10359,H006627,data/splits/100k/images/heldout/H006627.png,data/corrupted/100k_blur_15x15_s5/heldout/H006627.png,10359
57202,614,H006628,data/splits/100k/images/heldout/H006628.png,data/corrupted/100k_blur_15x15_s5/heldout/H006628.png,614
57219,614,H006629,data/splits/100k/images/heldout/H006629.png,data/corrupted/100k_blur_15x15_s5/heldout/H006629.png,614
57176,614,H006630,data/splits/100k/images/heldout/H006630.png,data/corrupted/100k_blur_15x15_s5/heldout/H006630.png,614
57215,614,H006631,data/splits/100k/images/heldout/H006631.png,data/corrupted/100k_blur_15x15_s5/heldout/H006631.png,614
59329,649,H006632,data/splits/100k/images/heldout/H006632.png,data/corrupted/100k_blur_15x15_s5/heldout/H006632.png,649
59320,649,H006633,data/splits/100k/images/heldout/H006633.png,data/corrupted/100k_blur_15x15_s5/heldout/H006633.png,649
59278,649,H006634,data/splits/100k/images/heldout/H006634.png,data/corrupted/100k_blur_15x15_s5/heldout/H006634.png,649
59293,649,H006635,data/splits/100k/images/heldout/H006635.png,data/corrupted/100k_blur_15x15_s5/heldout/H006635.png,649
64418,730,H006636,data/splits/100k/images/heldout/H006636.png,data/corrupted/100k_blur_15x15_s5/heldout/H006636.png,730
64437,730,H006637,data/splits/100k/images/heldout/H006637.png,data/corrupted/100k_blur_15x15_s5/heldout/H006637.png,730
64414,730,H006638,data/splits/100k/images/heldout/H006638.png,data/corrupted/100k_blur_15x15_s5/heldout/H006638.png,730
64468,730,H006639,data/splits/100k/images/heldout/H006639.png,data/corrupted/100k_blur_15x15_s5/heldout/H006639.png,730
69853,835,H006640,data/splits/100k/images/heldout/H006640.png,data/corrupted/100k_blur_15x15_s5/heldout/H006640.png,835
69868,835,H006641,data/splits/100k/images/heldout/H006641.png,data/corrupted/100k_blur_15x15_s5/heldout/H006641.png,835
69842,835,H006642,data/splits/100k/images/heldout/H006642.png,data/corrupted/100k_blur_15x15_s5/heldout/H006642.png,835
69876,835,H006643,data/splits/100k/images/heldout/H006643.png,data/corrupted/100k_blur_15x15_s5/heldout/H006643.png,835
74643,891,H006644,data/splits/100k/images/heldout/H006644.png,data/corrupted/100k_blur_15x15_s5/heldout/H006644.png,891
74692,891,H006645,data/splits/100k/images/heldout/H006645.png,data/corrupted/100k_blur_15x15_s5/heldout/H006645.png,891
74659,891,H006646,data/splits/100k/images/heldout/H006646.png,data/corrupted/100k_blur_15x15_s5/heldout/H006646.png,891
74650,891,H006647,data/splits/100k/images/heldout/H006647.png,data/corrupted/100k_blur_15x15_s5/heldout/H006647.png,891
79908,967,H006648,data/splits/100k/images/heldout/H006648.png,data/corrupted/100k_blur_15x15_s5/heldout/H006648.png,967
79876,967,H006649,data/splits/100k/images/heldout/H006649.png,data/corrupted/100k_blur_15x15_s5/heldout/H006649.png,967
79870,967,H006650,data/splits/100k/images/heldout/H006650.png,data/corrupted/100k_blur_15x15_s5/heldout/H006650.png,967
79901,967,H006651,data/splits/100k/images/heldout/H006651.png,data/corrupted/100k_blur_15x15_s5/heldout/H006651.png,967
88516,1074,H006652,data/splits/100k/images/heldout/H006652.png,data/corrupted/100k_blur_15x15_s5/heldout/H006652.png,1074
88485,1074,H006653,data/splits/100k/images/heldout/H006653.png,data/corrupted/100k_blur_15x15_s5/heldout/H006653.png,1074
88451,1074,H006654,data/splits/100k/images/heldout/H006654.png,data/corrupted/100k_blur_15x15_s5/heldout/H006654.png,1074
88461,1074,H006655,data/splits/100k/images/heldout/H006655.png,data/corrupted/100k_blur_15x15_s5/heldout/H006655.png,1074
90350,1099,H006656,data/splits/100k/images/heldout/H006656.png,data/corrupted/100k_blur_15x15_s5/heldout/H006656.png,1099
90407,1099,H006657,data/splits/100k/images/heldout/H006657.png,data/corrupted/100k_blur_15x15_s5/heldout/H006657.png,1099
90366,1099,H006658,data/splits/100k/images/heldout/H006658.png,data/corrupted/100k_blur_15x15_s5/heldout/H006658.png,1099
90369,1099,H006659,data/splits/100k/images/heldout/H006659.png,data/corrupted/100k_blur_15x15_s5/heldout/H006659.png,1099
107308,1318,H006660,data/splits/100k/images/heldout/H006660.png,data/corrupted/100k_blur_15x15_s5/heldout/H006660.png,1318
107295,1318,H006661,data/splits/100k/images/heldout/H006661.png,data/corrupted/100k_blur_15x15_s5/heldout/H006661.png,1318
107302,1318,H006662,data/splits/100k/images/heldout/H006662.png,data/corrupted/100k_blur_15x15_s5/heldout/H006662.png,1318
107299,1318,H006663,data/splits/100k/images/heldout/H006663.png,data/corrupted/100k_blur_15x15_s5/heldout/H006663.png,1318
110581,1384,H006664,data/splits/100k/images/heldout/H006664.png,data/corrupted/100k_blur_15x15_s5/heldout/H006664.png,1384
110603,1384,H006665,data/splits/100k/images/heldout/H006665.png,data/corrupted/100k_blur_15x15_s5/heldout/H006665.png,1384
110582,1384,H006666,data/splits/100k/images/heldout/H006666.png,data/corrupted/100k_blur_15x15_s5/heldout/H006666.png,1384
110599,1384,H006667,data/splits/100k/images/heldout/H006667.png,data/corrupted/100k_blur_15x15_s5/heldout/H006667.png,1384
112768,1439,H006668,data/splits/100k/images/heldout/H006668.png,data/corrupted/100k_blur_15x15_s5/heldout/H006668.png,1439
112762,1439,H006669,data/splits/100k/images/heldout/H006669.png,data/corrupted/100k_blur_15x15_s5/heldout/H006669.png,1439
112764,1439,H006670,data/splits/100k/images/heldout/H006670.png,data/corrupted/100k_blur_15x15_s5/heldout/H006670.png,1439
112761,1439,H006671,data/splits/100k/images/heldout/H006671.png,data/corrupted/100k_blur_15x15_s5/heldout/H006671.png,1439
122001,1639,H006672,data/splits/100k/images/heldout/H006672.png,data/corrupted/100k_blur_15x15_s5/heldout/H006672.png,1639
122033,1639,H006673,data/splits/100k/images/heldout/H006673.png,data/corrupted/100k_blur_15x15_s5/heldout/H006673.png,1639
122064,1639,H006674,data/splits/100k/images/heldout/H006674.png,data/corrupted/100k_blur_15x15_s5/heldout/H006674.png,1639
122062,1639,H006675,data/splits/100k/images/heldout/H006675.png,data/corrupted/100k_blur_15x15_s5/heldout/H006675.png,1639
127335,1758,H006676,data/splits/100k/images/heldout/H006676.png,data/corrupted/100k_blur_15x15_s5/heldout/H006676.png,1758
127344,1758,H006677,data/splits/100k/images/heldout/H006677.png,data/corrupted/100k_blur_15x15_s5/heldout/H006677.png,1758
127369,1758,H006678,data/splits/100k/images/heldout/H006678.png,data/corrupted/100k_blur_15x15_s5/heldout/H006678.png,1758
127365,1758,H006679,data/splits/100k/images/heldout/H006679.png,data/corrupted/100k_blur_15x15_s5/heldout/H006679.png,1758
132790,1861,H006680,data/splits/100k/images/heldout/H006680.png,data/corrupted/100k_blur_15x15_s5/heldout/H006680.png,1861
132731,1861,H006681,data/splits/100k/images/heldout/H006681.png,data/corrupted/100k_blur_15x15_s5/heldout/H006681.png,1861
132793,1861,H006682,data/splits/100k/images/heldout/H006682.png,data/corrupted/100k_blur_15x15_s5/heldout/H006682.png,1861
132786,1861,H006683,data/splits/100k/images/heldout/H006683.png,data/corrupted/100k_blur_15x15_s5/heldout/H006683.png,1861
143162,2075,H006684,data/splits/100k/images/heldout/H006684.png,data/corrupted/100k_blur_15x15_s5/heldout/H006684.png,2075
143166,2075,H006685,data/splits/100k/images/heldout/H006685.png,data/corrupted/100k_blur_15x15_s5/heldout/H006685.png,2075
143170,2075,H006686,data/splits/100k/images/heldout/H006686.png,data/corrupted/100k_blur_15x15_s5/heldout/H006686.png,2075
143124,2075,H006687,data/splits/100k/images/heldout/H006687.png,data/corrupted/100k_blur_15x15_s5/heldout/H006687.png,2075
159577,2418,H006688,data/splits/100k/images/heldout/H006688.png,data/corrupted/100k_blur_15x15_s5/heldout/H006688.png,2418
159569,2418,H006689,data/splits/100k/images/heldout/H006689.png,data/corrupted/100k_blur_15x15_s5/heldout/H006689.png,2418
159609,2418,H006690,data/splits/100k/images/heldout/H006690.png,data/corrupted/100k_blur_15x15_s5/heldout/H006690.png,2418
159565,2418,H006691,data/splits/100k/images/heldout/H006691.png,data/corrupted/100k_blur_15x15_s5/heldout/H006691.png,2418
165762,2535,H006692,data/splits/100k/images/heldout/H006692.png,data/corrupted/100k_blur_15x15_s5/heldout/H006692.png,2535
165748,2535,H006693,data/splits/100k/images/heldout/H006693.png,data/corrupted/100k_blur_15x15_s5/heldout/H006693.png,2535
165769,2535,H006694,data/splits/100k/images/heldout/H006694.png,data/corrupted/100k_blur_15x15_s5/heldout/H006694.png,2535
165782,2535,H006695,data/splits/100k/images/heldout/H006695.png,data/corrupted/100k_blur_15x15_s5/heldout/H006695.png,2535
174864,2710,H006696,data/splits/100k/images/heldout/H006696.png,data/corrupted/100k_blur_15x15_s5/heldout/H006696.png,2710
174899,2710,H006697,data/splits/100k/images/heldout/H006697.png,data/corrupted/100k_blur_15x15_s5/heldout/H006697.png,2710
174917,2710,H006698,data/splits/100k/images/heldout/H006698.png,data/corrupted/100k_blur_15x15_s5/heldout/H006698.png,2710
174907,2710,H006699,data/splits/100k/images/heldout/H006699.png,data/corrupted/100k_blur_15x15_s5/heldout/H006699.png,2710
182214,2851,H006700,data/splits/100k/images/heldout/H006700.png,data/corrupted/100k_blur_15x15_s5/heldout/H006700.png,2851
182203,2851,H006701,data/splits/100k/images/heldout/H006701.png,data/corrupted/100k_blur_15x15_s5/heldout/H006701.png,2851
182177,2851,H006702,data/splits/100k/images/heldout/H006702.png,data/corrupted/100k_blur_15x15_s5/heldout/H006702.png,2851
182170,2851,H006703,data/splits/100k/images/heldout/H006703.png,data/corrupted/100k_blur_15x15_s5/heldout/H006703.png,2851
192939,3090,H006704,data/splits/100k/images/heldout/H006704.png,data/corrupted/100k_blur_15x15_s5/heldout/H006704.png,3090
192958,3090,H006705,data/splits/100k/images/heldout/H006705.png,data/corrupted/100k_blur_15x15_s5/heldout/H006705.png,3090
192971,3090,H006706,data/splits/100k/images/heldout/H006706.png,data/corrupted/100k_blur_15x15_s5/heldout/H006706.png,3090
192936,3090,H006707,data/splits/100k/images/heldout/H006707.png,data/corrupted/100k_blur_15x15_s5/heldout/H006707.png,3090
211273,3491,H006708,data/splits/100k/images/heldout/H006708.png,data/corrupted/100k_blur_15x15_s5/heldout/H006708.png,3491
211305,3491,H006709,data/splits/100k/images/heldout/H006709.png,data/corrupted/100k_blur_15x15_s5/heldout/H006709.png,3491
211294,3491,H006710,data/splits/100k/images/heldout/H006710.png,data/corrupted/100k_blur_15x15_s5/heldout/H006710.png,3491
211260,3491,H006711,data/splits/100k/images/heldout/H006711.png,data/corrupted/100k_blur_15x15_s5/heldout/H006711.png,3491
230430,3928,H006712,data/splits/100k/images/heldout/H006712.png,data/corrupted/100k_blur_15x15_s5/heldout/H006712.png,3928
230410,3928,H006713,data/splits/100k/images/heldout/H006713.png,data/corrupted/100k_blur_15x15_s5/heldout/H006713.png,3928
230373,3928,H006714,data/splits/100k/images/heldout/H006714.png,data/corrupted/100k_blur_15x15_s5/heldout/H006714.png,3928
230411,3928,H006715,data/splits/100k/images/heldout/H006715.png,data/corrupted/100k_blur_15x15_s5/heldout/H006715.png,3928
242383,4169,H006716,data/splits/100k/images/heldout/H006716.png,data/corrupted/100k_blur_15x15_s5/heldout/H006716.png,4169
242386,4169,H006717,data/splits/100k/images/heldout/H006717.png,data/corrupted/100k_blur_15x15_s5/heldout/H006717.png,4169
242327,4169,H006718,data/splits/100k/images/heldout/H006718.png,data/corrupted/100k_blur_15x15_s5/heldout/H006718.png,4169
242326,4169,H006719,data/splits/100k/images/heldout/H006719.png,data/corrupted/100k_blur_15x15_s5/heldout/H006719.png,4169
253400,4387,H006720,data/splits/100k/images/heldout/H006720.png,data/corrupted/100k_blur_15x15_s5/heldout/H006720.png,4387
253429,4387,H006721,data/splits/100k/images/heldout/H006721.png,data/corrupted/100k_blur_15x15_s5/heldout/H006721.png,4387
253405,4387,H006722,data/splits/100k/images/heldout/H006722.png,data/corrupted/100k_blur_15x15_s5/heldout/H006722.png,4387
253406,4387,H006723,data/splits/100k/images/heldout/H006723.png,data/corrupted/100k_blur_15x15_s5/heldout/H006723.png,4387
294243,5292,H006724,data/splits/100k/images/heldout/H006724.png,data/corrupted/100k_blur_15x15_s5/heldout/H006724.png,5292
294256,5292,H006725,data/splits/100k/images/heldout/H006725.png,data/corrupted/100k_blur_15x15_s5/heldout/H006725.png,5292
294220,5292,H006726,data/splits/100k/images/heldout/H006726.png,data/corrupted/100k_blur_15x15_s5/heldout/H006726.png,5292
294207,5292,H006727,data/splits/100k/images/heldout/H006727.png,data/corrupted/100k_blur_15x15_s5/heldout/H006727.png,5292
301335,5452,H006728,data/splits/100k/images/heldout/H006728.png,data/corrupted/100k_blur_15x15_s5/heldout/H006728.png,5452
301358,5452,H006729,data/splits/100k/images/heldout/H006729.png,data/corrupted/100k_blur_15x15_s5/heldout/H006729.png,5452
301380,5452,H006730,data/splits/100k/images/heldout/H006730.png,data/corrupted/100k_blur_15x15_s5/heldout/H006730.png,5452
301351,5452,H006731,data/splits/100k/images/heldout/H006731.png,data/corrupted/100k_blur_15x15_s5/heldout/H006731.png,5452
308213,5599,H006732,data/splits/100k/images/heldout/H006732.png,data/corrupted/100k_blur_15x15_s5/heldout/H006732.png,5599
308229,5599,H006733,data/splits/100k/images/heldout/H006733.png,data/corrupted/100k_blur_15x15_s5/heldout/H006733.png,5599
308183,5599,H006734,data/splits/100k/images/heldout/H006734.png,data/corrupted/100k_blur_15x15_s5/heldout/H006734.png,5599
308226,5599,H006735,data/splits/100k/images/heldout/H006735.png,data/corrupted/100k_blur_15x15_s5/heldout/H006735.png,5599
349346,6499,H006736,data/splits/100k/images/heldout/H006736.png,data/corrupted/100k_blur_15x15_s5/heldout/H006736.png,6499
349357,6499,H006737,data/splits/100k/images/heldout/H006737.png,data/corrupted/100k_blur_15x15_s5/heldout/H006737.png,6499
349332,6499,H006738,data/splits/100k/images/heldout/H006738.png,data/corrupted/100k_blur_15x15_s5/heldout/H006738.png,6499
349341,6499,H006739,data/splits/100k/images/heldout/H006739.png,data/corrupted/100k_blur_15x15_s5/heldout/H006739.png,6499
357487,6698,H006740,data/splits/100k/images/heldout/H006740.png,data/corrupted/100k_blur_15x15_s5/heldout/H006740.png,6698
357522,6698,H006741,data/splits/100k/images/heldout/H006741.png,data/corrupted/100k_blur_15x15_s5/heldout/H006741.png,6698
357497,6698,H006742,data/splits/100k/images/heldout/H006742.png,data/corrupted/100k_blur_15x15_s5/heldout/H006742.png,6698
357509,6698,H006743,data/splits/100k/images/heldout/H006743.png,data/corrupted/100k_blur_15x15_s5/heldout/H006743.png,6698
367921,6949,H006744,data/splits/100k/images/heldout/H006744.png,data/corrupted/100k_blur_15x15_s5/heldout/H006744.png,6949
367932,6949,H006745,data/splits/100k/images/heldout/H006745.png,data/corrupted/100k_blur_15x15_s5/heldout/H006745.png,6949
367895,6949,H006746,data/splits/100k/images/heldout/H006746.png,data/corrupted/100k_blur_15x15_s5/heldout/H006746.png,6949
367904,6949,H006747,data/splits/100k/images/heldout/H006747.png,data/corrupted/100k_blur_15x15_s5/heldout/H006747.png,6949
378517,7212,H006748,data/splits/100k/images/heldout/H006748.png,data/corrupted/100k_blur_15x15_s5/heldout/H006748.png,7212
378482,7212,H006749,data/splits/100k/images/heldout/H006749.png,data/corrupted/100k_blur_15x15_s5/heldout/H006749.png,7212
378520,7212,H006750,data/splits/100k/images/heldout/H006750.png,data/corrupted/100k_blur_15x15_s5/heldout/H006750.png,7212
378519,7212,H006751,data/splits/100k/images/heldout/H006751.png,data/corrupted/100k_blur_15x15_s5/heldout/H006751.png,7212
397808,7759,H006752,data/splits/100k/images/heldout/H006752.png,data/corrupted/100k_blur_15x15_s5/heldout/H006752.png,7759
397831,7759,H006753,data/splits/100k/images/heldout/H006753.png,data/corrupted/100k_blur_15x15_s5/heldout/H006753.png,7759
397804,7759,H006754,data/splits/100k/images/heldout/H006754.png,data/corrupted/100k_blur_15x15_s5/heldout/H006754.png,7759
397800,7759,H006755,data/splits/100k/images/heldout/H006755.png,data/corrupted/100k_blur_15x15_s5/heldout/H006755.png,7759
404890,7951,H006756,data/splits/100k/images/heldout/H006756.png,data/corrupted/100k_blur_15x15_s5/heldout/H006756.png,7951
404860,7951,H006757,data/splits/100k/images/heldout/H006757.png,data/corrupted/100k_blur_15x15_s5/heldout/H006757.png,7951
404883,7951,H006758,data/splits/100k/images/heldout/H006758.png,data/corrupted/100k_blur_15x15_s5/heldout/H006758.png,7951
404857,7951,H006759,data/splits/100k/images/heldout/H006759.png,data/corrupted/100k_blur_15x15_s5/heldout/H006759.png,7951
430245,8664,H006760,data/splits/100k/images/heldout/H006760.png,data/corrupted/100k_blur_15x15_s5/heldout/H006760.png,8664
430216,8664,H006761,data/splits/100k/images/heldout/H006761.png,data/corrupted/100k_blur_15x15_s5/heldout/H006761.png,8664
430208,8664,H006762,data/splits/100k/images/heldout/H006762.png,data/corrupted/100k_blur_15x15_s5/heldout/H006762.png,8664
430227,8664,H006763,data/splits/100k/images/heldout/H006763.png,data/corrupted/100k_blur_15x15_s5/heldout/H006763.png,8664
481503,10231,H006764,data/splits/100k/images/heldout/H006764.png,data/corrupted/100k_blur_15x15_s5/heldout/H006764.png,10231
481543,10231,H006765,data/splits/100k/images/heldout/H006765.png,data/corrupted/100k_blur_15x15_s5/heldout/H006765.png,10231
481541,10231,H006766,data/splits/100k/images/heldout/H006766.png,data/corrupted/100k_blur_15x15_s5/heldout/H006766.png,10231
481518,10231,H006767,data/splits/100k/images/heldout/H006767.png,data/corrupted/100k_blur_15x15_s5/heldout/H006767.png,10231
61636,677,H006768,data/splits/100k/images/heldout/H006768.png,data/corrupted/100k_blur_15x15_s5/heldout/H006768.png,677
61644,677,H006769,data/splits/100k/images/heldout/H006769.png,data/corrupted/100k_blur_15x15_s5/heldout/H006769.png,677
61605,677,H006770,data/splits/100k/images/heldout/H006770.png,data/corrupted/100k_blur_15x15_s5/heldout/H006770.png,677
61587,677,H006771,data/splits/100k/images/heldout/H006771.png,data/corrupted/100k_blur_15x15_s5/heldout/H006771.png,677
99362,1212,H006772,data/splits/100k/images/heldout/H006772.png,data/corrupted/100k_blur_15x15_s5/heldout/H006772.png,1212
99389,1212,H006773,data/splits/100k/images/heldout/H006773.png,data/corrupted/100k_blur_15x15_s5/heldout/H006773.png,1212
99357,1212,H006774,data/splits/100k/images/heldout/H006774.png,data/corrupted/100k_blur_15x15_s5/heldout/H006774.png,1212
99400,1212,H006775,data/splits/100k/images/heldout/H006775.png,data/corrupted/100k_blur_15x15_s5/heldout/H006775.png,1212
119045,1572,H006776,data/splits/100k/images/heldout/H006776.png,data/corrupted/100k_blur_15x15_s5/heldout/H006776.png,1572
119080,1572,H006777,data/splits/100k/images/heldout/H006777.png,data/corrupted/100k_blur_15x15_s5/heldout/H006777.png,1572
119087,1572,H006778,data/splits/100k/images/heldout/H006778.png,data/corrupted/100k_blur_15x15_s5/heldout/H006778.png,1572
119075,1572,H006779,data/splits/100k/images/heldout/H006779.png,data/corrupted/100k_blur_15x15_s5/heldout/H006779.png,1572
131911,1838,H006780,data/splits/100k/images/heldout/H006780.png,data/corrupted/100k_blur_15x15_s5/heldout/H006780.png,1838
131896,1838,H006781,data/splits/100k/images/heldout/H006781.png,data/corrupted/100k_blur_15x15_s5/heldout/H006781.png,1838
131905,1838,H006782,data/splits/100k/images/heldout/H006782.png,data/corrupted/100k_blur_15x15_s5/heldout/H006782.png,1838
131888,1838,H006783,data/splits/100k/images/heldout/H006783.png,data/corrupted/100k_blur_15x15_s5/heldout/H006783.png,1838
162534,2471,H006784,data/splits/100k/images/heldout/H006784.png,data/corrupted/100k_blur_15x15_s5/heldout/H006784.png,2471
162537,2471,H006785,data/splits/100k/images/heldout/H006785.png,data/corrupted/100k_blur_15x15_s5/heldout/H006785.png,2471
162554,2471,H006786,data/splits/100k/images/heldout/H006786.png,data/corrupted/100k_blur_15x15_s5/heldout/H006786.png,2471
162558,2471,H006787,data/splits/100k/images/heldout/H006787.png,data/corrupted/100k_blur_15x15_s5/heldout/H006787.png,2471
179982,2806,H006788,data/splits/100k/images/heldout/H006788.png,data/corrupted/100k_blur_15x15_s5/heldout/H006788.png,2806
180001,2806,H006789,data/splits/100k/images/heldout/H006789.png,data/corrupted/100k_blur_15x15_s5/heldout/H006789.png,2806
179990,2806,H006790,data/splits/100k/images/heldout/H006790.png,data/corrupted/100k_blur_15x15_s5/heldout/H006790.png,2806
180042,2806,H006791,data/splits/100k/images/heldout/H006791.png,data/corrupted/100k_blur_15x15_s5/heldout/H006791.png,2806
191373,3055,H006792,data/splits/100k/images/heldout/H006792.png,data/corrupted/100k_blur_15x15_s5/heldout/H006792.png,3055
191407,3055,H006793,data/splits/100k/images/heldout/H006793.png,data/corrupted/100k_blur_15x15_s5/heldout/H006793.png,3055
191427,3055,H006794,data/splits/100k/images/heldout/H006794.png,data/corrupted/100k_blur_15x15_s5/heldout/H006794.png,3055
191402,3055,H006795,data/splits/100k/images/heldout/H006795.png,data/corrupted/100k_blur_15x15_s5/heldout/H006795.png,3055
193147,3095,H006796,data/splits/100k/images/heldout/H006796.png,data/corrupted/100k_blur_15x15_s5/heldout/H006796.png,3095
193145,3095,H006797,data/splits/100k/images/heldout/H006797.png,data/corrupted/100k_blur_15x15_s5/heldout/H006797.png,3095
193133,3095,H006798,data/splits/100k/images/heldout/H006798.png,data/corrupted/100k_blur_15x15_s5/heldout/H006798.png,3095
193155,3095,H006799,data/splits/100k/images/heldout/H006799.png,data/corrupted/100k_blur_15x15_s5/heldout/H006799.png,3095
210375,3469,H006800,data/splits/100k/images/heldout/H006800.png,data/corrupted/100k_blur_15x15_s5/heldout/H006800.png,3469
210331,3469,H006801,data/splits/100k/images/heldout/H006801.png,data/corrupted/100k_blur_15x15_s5/heldout/H006801.png,3469
210334,3469,H006802,data/splits/100k/images/heldout/H006802.png,data/corrupted/100k_blur_15x15_s5/heldout/H006802.png,3469
210380,3469,H006803,data/splits/100k/images/heldout/H006803.png,data/corrupted/100k_blur_15x15_s5/heldout/H006803.png,3469
217119,3629,H006804,data/splits/100k/images/heldout/H006804.png,data/corrupted/100k_blur_15x15_s5/heldout/H006804.png,3629
217120,3629,H006805,data/splits/100k/images/heldout/H006805.png,data/corrupted/100k_blur_15x15_s5/heldout/H006805.png,3629
217088,3629,H006806,data/splits/100k/images/heldout/H006806.png,data/corrupted/100k_blur_15x15_s5/heldout/H006806.png,3629
217104,3629,H006807,data/splits/100k/images/heldout/H006807.png,data/corrupted/100k_blur_15x15_s5/heldout/H006807.png,3629
232528,3973,H006808,data/splits/100k/images/heldout/H006808.png,data/corrupted/100k_blur_15x15_s5/heldout/H006808.png,3973
232584,3973,H006809,data/splits/100k/images/heldout/H006809.png,data/corrupted/100k_blur_15x15_s5/heldout/H006809.png,3973
232582,3973,H006810,data/splits/100k/images/heldout/H006810.png,data/corrupted/100k_blur_15x15_s5/heldout/H006810.png,3973
232523,3973,H006811,data/splits/100k/images/heldout/H006811.png,data/corrupted/100k_blur_15x15_s5/heldout/H006811.png,3973
255068,4416,H006812,data/splits/100k/images/heldout/H006812.png,data/corrupted/100k_blur_15x15_s5/heldout/H006812.png,4416
255040,4416,H006813,data/splits/100k/images/heldout/H006813.png,data/corrupted/100k_blur_15x15_s5/heldout/H006813.png,4416
255046,4416,H006814,data/splits/100k/images/heldout/H006814.png,data/corrupted/100k_blur_15x15_s5/heldout/H006814.png,4416
255059,4416,H006815,data/splits/100k/images/heldout/H006815.png,data/corrupted/100k_blur_15x15_s5/heldout/H006815.png,4416
259439,4506,H006816,data/splits/100k/images/heldout/H006816.png,data/corrupted/100k_blur_15x15_s5/heldout/H006816.png,4506
259468,4506,H006817,data/splits/100k/images/heldout/H006817.png,data/corrupted/100k_blur_15x15_s5/heldout/H006817.png,4506
259442,4506,H006818,data/splits/100k/images/heldout/H006818.png,data/corrupted/100k_blur_15x15_s5/heldout/H006818.png,4506
259426,4506,H006819,data/splits/100k/images/heldout/H006819.png,data/corrupted/100k_blur_15x15_s5/heldout/H006819.png,4506
280651,5009,H006820,data/splits/100k/images/heldout/H006820.png,data/corrupted/100k_blur_15x15_s5/heldout/H006820.png,5009
280641,5009,H006821,data/splits/100k/images/heldout/H006821.png,data/corrupted/100k_blur_15x15_s5/heldout/H006821.png,5009
280654,5009,H006822,data/splits/100k/images/heldout/H006822.png,data/corrupted/100k_blur_15x15_s5/heldout/H006822.png,5009
280629,5009,H006823,data/splits/100k/images/heldout/H006823.png,data/corrupted/100k_blur_15x15_s5/heldout/H006823.png,5009
291349,5239,H006824,data/splits/100k/images/heldout/H006824.png,data/corrupted/100k_blur_15x15_s5/heldout/H006824.png,5239
291373,5239,H006825,data/splits/100k/images/heldout/H006825.png,data/corrupted/100k_blur_15x15_s5/heldout/H006825.png,5239
291351,5239,H006826,data/splits/100k/images/heldout/H006826.png,data/corrupted/100k_blur_15x15_s5/heldout/H006826.png,5239
291356,5239,H006827,data/splits/100k/images/heldout/H006827.png,data/corrupted/100k_blur_15x15_s5/heldout/H006827.png,5239
352933,6601,H006828,data/splits/100k/images/heldout/H006828.png,data/corrupted/100k_blur_15x15_s5/heldout/H006828.png,6601
352924,6601,H006829,data/splits/100k/images/heldout/H006829.png,data/corrupted/100k_blur_15x15_s5/heldout/H006829.png,6601
352972,6601,H006830,data/splits/100k/images/heldout/H006830.png,data/corrupted/100k_blur_15x15_s5/heldout/H006830.png,6601
352929,6601,H006831,data/splits/100k/images/heldout/H006831.png,data/corrupted/100k_blur_15x15_s5/heldout/H006831.png,6601
358702,6726,H006832,data/splits/100k/images/heldout/H006832.png,data/corrupted/100k_blur_15x15_s5/heldout/H006832.png,6726
358714,6726,H006833,data/splits/100k/images/heldout/H006833.png,data/corrupted/100k_blur_15x15_s5/heldout/H006833.png,6726
358716,6726,H006834,data/splits/100k/images/heldout/H006834.png,data/corrupted/100k_blur_15x15_s5/heldout/H006834.png,6726
358740,6726,H006835,data/splits/100k/images/heldout/H006835.png,data/corrupted/100k_blur_15x15_s5/heldout/H006835.png,6726
359669,6745,H006836,data/splits/100k/images/heldout/H006836.png,data/corrupted/100k_blur_15x15_s5/heldout/H006836.png,6745
359644,6745,H006837,data/splits/100k/images/heldout/H006837.png,data/corrupted/100k_blur_15x15_s5/heldout/H006837.png,6745
359662,6745,H006838,data/splits/100k/images/heldout/H006838.png,data/corrupted/100k_blur_15x15_s5/heldout/H006838.png,6745
359643,6745,H006839,data/splits/100k/images/heldout/H006839.png,data/corrupted/100k_blur_15x15_s5/heldout/H006839.png,6745
360151,6754,H006840,data/splits/100k/images/heldout/H006840.png,data/corrupted/100k_blur_15x15_s5/heldout/H006840.png,6754
360113,6754,H006841,data/splits/100k/images/heldout/H006841.png,data/corrupted/100k_blur_15x15_s5/heldout/H006841.png,6754
360134,6754,H006842,data/splits/100k/images/heldout/H006842.png,data/corrupted/100k_blur_15x15_s5/heldout/H006842.png,6754
360110,6754,H006843,data/splits/100k/images/heldout/H006843.png,data/corrupted/100k_blur_15x15_s5/heldout/H006843.png,6754
365393,6889,H006844,data/splits/100k/images/heldout/H006844.png,data/corrupted/100k_blur_15x15_s5/heldout/H006844.png,6889
365398,6889,H006845,data/splits/100k/images/heldout/H006845.png,data/corrupted/100k_blur_15x15_s5/heldout/H006845.png,6889
365429,6889,H006846,data/splits/100k/images/heldout/H006846.png,data/corrupted/100k_blur_15x15_s5/heldout/H006846.png,6889
365428,6889,H006847,data/splits/100k/images/heldout/H006847.png,data/corrupted/100k_blur_15x15_s5/heldout/H006847.png,6889
377009,7165,H006848,data/splits/100k/images/heldout/H006848.png,data/corrupted/100k_blur_15x15_s5/heldout/H006848.png,7165
377007,7165,H006849,data/splits/100k/images/heldout/H006849.png,data/corrupted/100k_blur_15x15_s5/heldout/H006849.png,7165
377011,7165,H006850,data/splits/100k/images/heldout/H006850.png,data/corrupted/100k_blur_15x15_s5/heldout/H006850.png,7165
377021,7165,H006851,data/splits/100k/images/heldout/H006851.png,data/corrupted/100k_blur_15x15_s5/heldout/H006851.png,7165
377771,7187,H006852,data/splits/100k/images/heldout/H006852.png,data/corrupted/100k_blur_15x15_s5/heldout/H006852.png,7187
377786,7187,H006853,data/splits/100k/images/heldout/H006853.png,data/corrupted/100k_blur_15x15_s5/heldout/H006853.png,7187
377750,7187,H006854,data/splits/100k/images/heldout/H006854.png,data/corrupted/100k_blur_15x15_s5/heldout/H006854.png,7187
377774,7187,H006855,data/splits/100k/images/heldout/H006855.png,data/corrupted/100k_blur_15x15_s5/heldout/H006855.png,7187
382769,7333,H006856,data/splits/100k/images/heldout/H006856.png,data/corrupted/100k_blur_15x15_s5/heldout/H006856.png,7333
382770,7333,H006857,data/splits/100k/images/heldout/H006857.png,data/corrupted/100k_blur_15x15_s5/heldout/H006857.png,7333
382746,7333,H006858,data/splits/100k/images/heldout/H006858.png,data/corrupted/100k_blur_15x15_s5/heldout/H006858.png,7333
382732,7333,H006859,data/splits/100k/images/heldout/H006859.png,data/corrupted/100k_blur_15x15_s5/heldout/H006859.png,7333
398020,7764,H006860,data/splits/100k/images/heldout/H006860.png,data/corrupted/100k_blur_15x15_s5/heldout/H006860.png,7764
397968,7764,H006861,data/splits/100k/images/heldout/H006861.png,data/corrupted/100k_blur_15x15_s5/heldout/H006861.png,7764
398003,7764,H006862,data/splits/100k/images/heldout/H006862.png,data/corrupted/100k_blur_15x15_s5/heldout/H006862.png,7764
397978,7764,H006863,data/splits/100k/images/heldout/H006863.png,data/corrupted/100k_blur_15x15_s5/heldout/H006863.png,7764
402969,7901,H006864,data/splits/100k/images/heldout/H006864.png,data/corrupted/100k_blur_15x15_s5/heldout/H006864.png,7901
402964,7901,H006865,data/splits/100k/images/heldout/H006865.png,data/corrupted/100k_blur_15x15_s5/heldout/H006865.png,7901
402996,7901,H006866,data/splits/100k/images/heldout/H006866.png,data/corrupted/100k_blur_15x15_s5/heldout/H006866.png,7901
402959,7901,H006867,data/splits/100k/images/heldout/H006867.png,data/corrupted/100k_blur_15x15_s5/heldout/H006867.png,7901
414149,8206,H006868,data/splits/100k/images/heldout/H006868.png,data/corrupted/100k_blur_15x15_s5/heldout/H006868.png,8206
414141,8206,H006869,data/splits/100k/images/heldout/H006869.png,data/corrupted/100k_blur_15x15_s5/heldout/H006869.png,8206
414124,8206,H006870,data/splits/100k/images/heldout/H006870.png,data/corrupted/100k_blur_15x15_s5/heldout/H006870.png,8206
414174,8206,H006871,data/splits/100k/images/heldout/H006871.png,data/corrupted/100k_blur_15x15_s5/heldout/H006871.png,8206
414188,8207,H006872,data/splits/100k/images/heldout/H006872.png,data/corrupted/100k_blur_15x15_s5/heldout/H006872.png,8207
414185,8207,H006873,data/splits/100k/images/heldout/H006873.png,data/corrupted/100k_blur_15x15_s5/heldout/H006873.png,8207
414232,8207,H006874,data/splits/100k/images/heldout/H006874.png,data/corrupted/100k_blur_15x15_s5/heldout/H006874.png,8207
414237,8207,H006875,data/splits/100k/images/heldout/H006875.png,data/corrupted/100k_blur_15x15_s5/heldout/H006875.png,8207
419178,8355,H006876,data/splits/100k/images/heldout/H006876.png,data/corrupted/100k_blur_15x15_s5/heldout/H006876.png,8355
419191,8355,H006877,data/splits/100k/images/heldout/H006877.png,data/corrupted/100k_blur_15x15_s5/heldout/H006877.png,8355
419186,8355,H006878,data/splits/100k/images/heldout/H006878.png,data/corrupted/100k_blur_15x15_s5/heldout/H006878.png,8355
419220,8355,H006879,data/splits/100k/images/heldout/H006879.png,data/corrupted/100k_blur_15x15_s5/heldout/H006879.png,8355
426068,8545,H006880,data/splits/100k/images/heldout/H006880.png,data/corrupted/100k_blur_15x15_s5/heldout/H006880.png,8545
426036,8545,H006881,data/splits/100k/images/heldout/H006881.png,data/corrupted/100k_blur_15x15_s5/heldout/H006881.png,8545
426026,8545,H006882,data/splits/100k/images/heldout/H006882.png,data/corrupted/100k_blur_15x15_s5/heldout/H006882.png,8545
426019,8545,H006883,data/splits/100k/images/heldout/H006883.png,data/corrupted/100k_blur_15x15_s5/heldout/H006883.png,8545
458050,9486,H006884,data/splits/100k/images/heldout/H006884.png,data/corrupted/100k_blur_15x15_s5/heldout/H006884.png,9486
458038,9486,H006885,data/splits/100k/images/heldout/H006885.png,data/corrupted/100k_blur_15x15_s5/heldout/H006885.png,9486
458065,9486,H006886,data/splits/100k/images/heldout/H006886.png,data/corrupted/100k_blur_15x15_s5/heldout/H006886.png,9486
458043,9486,H006887,data/splits/100k/images/heldout/H006887.png,data/corrupted/100k_blur_15x15_s5/heldout/H006887.png,9486
473033,9941,H006888,data/splits/100k/images/heldout/H006888.png,data/corrupted/100k_blur_15x15_s5/heldout/H006888.png,9941
473010,9941,H006889,data/splits/100k/images/heldout/H006889.png,data/corrupted/100k_blur_15x15_s5/heldout/H006889.png,9941
473056,9941,H006890,data/splits/100k/images/heldout/H006890.png,data/corrupted/100k_blur_15x15_s5/heldout/H006890.png,9941
473049,9941,H006891,data/splits/100k/images/heldout/H006891.png,data/corrupted/100k_blur_15x15_s5/heldout/H006891.png,9941
34097,294,H006892,data/splits/100k/images/heldout/H006892.png,data/corrupted/100k_blur_15x15_s5/heldout/H006892.png,294
34113,294,H006893,data/splits/100k/images/heldout/H006893.png,data/corrupted/100k_blur_15x15_s5/heldout/H006893.png,294
34107,294,H006894,data/splits/100k/images/heldout/H006894.png,data/corrupted/100k_blur_15x15_s5/heldout/H006894.png,294
34090,294,H006895,data/splits/100k/images/heldout/H006895.png,data/corrupted/100k_blur_15x15_s5/heldout/H006895.png,294
43719,432,H006896,data/splits/100k/images/heldout/H006896.png,data/corrupted/100k_blur_15x15_s5/heldout/H006896.png,432
43745,432,H006897,data/splits/100k/images/heldout/H006897.png,data/corrupted/100k_blur_15x15_s5/heldout/H006897.png,432
43713,432,H006898,data/splits/100k/images/heldout/H006898.png,data/corrupted/100k_blur_15x15_s5/heldout/H006898.png,432
43722,432,H006899,data/splits/100k/images/heldout/H006899.png,data/corrupted/100k_blur_15x15_s5/heldout/H006899.png,432
63866,714,H006900,data/splits/100k/images/heldout/H006900.png,data/corrupted/100k_blur_15x15_s5/heldout/H006900.png,714
63901,714,H006901,data/splits/100k/images/heldout/H006901.png,data/corrupted/100k_blur_15x15_s5/heldout/H006901.png,714
63893,714,H006902,data/splits/100k/images/heldout/H006902.png,data/corrupted/100k_blur_15x15_s5/heldout/H006902.png,714
63900,714,H006903,data/splits/100k/images/heldout/H006903.png,data/corrupted/100k_blur_15x15_s5/heldout/H006903.png,714
66559,772,H006904,data/splits/100k/images/heldout/H006904.png,data/corrupted/100k_blur_15x15_s5/heldout/H006904.png,772
66601,772,H006905,data/splits/100k/images/heldout/H006905.png,data/corrupted/100k_blur_15x15_s5/heldout/H006905.png,772
66613,772,H006906,data/splits/100k/images/heldout/H006906.png,data/corrupted/100k_blur_15x15_s5/heldout/H006906.png,772
66594,772,H006907,data/splits/100k/images/heldout/H006907.png,data/corrupted/100k_blur_15x15_s5/heldout/H006907.png,772
67699,800,H006908,data/splits/100k/images/heldout/H006908.png,data/corrupted/100k_blur_15x15_s5/heldout/H006908.png,800
67708,800,H006909,data/splits/100k/images/heldout/H006909.png,data/corrupted/100k_blur_15x15_s5/heldout/H006909.png,800
67719,800,H006910,data/splits/100k/images/heldout/H006910.png,data/corrupted/100k_blur_15x15_s5/heldout/H006910.png,800
67726,800,H006911,data/splits/100k/images/heldout/H006911.png,data/corrupted/100k_blur_15x15_s5/heldout/H006911.png,800
89537,1088,H006912,data/splits/100k/images/heldout/H006912.png,data/corrupted/100k_blur_15x15_s5/heldout/H006912.png,1088
89505,1088,H006913,data/splits/100k/images/heldout/H006913.png,data/corrupted/100k_blur_15x15_s5/heldout/H006913.png,1088
89509,1088,H006914,data/splits/100k/images/heldout/H006914.png,data/corrupted/100k_blur_15x15_s5/heldout/H006914.png,1088
89525,1088,H006915,data/splits/100k/images/heldout/H006915.png,data/corrupted/100k_blur_15x15_s5/heldout/H006915.png,1088
99312,1211,H006916,data/splits/100k/images/heldout/H006916.png,data/corrupted/100k_blur_15x15_s5/heldout/H006916.png,1211
99309,1211,H006917,data/splits/100k/images/heldout/H006917.png,data/corrupted/100k_blur_15x15_s5/heldout/H006917.png,1211
99328,1211,H006918,data/splits/100k/images/heldout/H006918.png,data/corrupted/100k_blur_15x15_s5/heldout/H006918.png,1211
99341,1211,H006919,data/splits/100k/images/heldout/H006919.png,data/corrupted/100k_blur_15x15_s5/heldout/H006919.png,1211
109930,1370,H006920,data/splits/100k/images/heldout/H006920.png,data/corrupted/100k_blur_15x15_s5/heldout/H006920.png,1370
109897,1370,H006921,data/splits/100k/images/heldout/H006921.png,data/corrupted/100k_blur_15x15_s5/heldout/H006921.png,1370
109910,1370,H006922,data/splits/100k/images/heldout/H006922.png,data/corrupted/100k_blur_15x15_s5/heldout/H006922.png,1370
109927,1370,H006923,data/splits/100k/images/heldout/H006923.png,data/corrupted/100k_blur_15x15_s5/heldout/H006923.png,1370
125804,1709,H006924,data/splits/100k/images/heldout/H006924.png,data/corrupted/100k_blur_15x15_s5/heldout/H006924.png,1709
125788,1709,H006925,data/splits/100k/images/heldout/H006925.png,data/corrupted/100k_blur_15x15_s5/heldout/H006925.png,1709
125760,1709,H006926,data/splits/100k/images/heldout/H006926.png,data/corrupted/100k_blur_15x15_s5/heldout/H006926.png,1709
125794,1709,H006927,data/splits/100k/images/heldout/H006927.png,data/corrupted/100k_blur_15x15_s5/heldout/H006927.png,1709
136519,1953,H006928,data/splits/100k/images/heldout/H006928.png,data/corrupted/100k_blur_15x15_s5/heldout/H006928.png,1953
136555,1953,H006929,data/splits/100k/images/heldout/H006929.png,data/corrupted/100k_blur_15x15_s5/heldout/H006929.png,1953
136495,1953,H006930,data/splits/100k/images/heldout/H006930.png,data/corrupted/100k_blur_15x15_s5/heldout/H006930.png,1953
136509,1953,H006931,data/splits/100k/images/heldout/H006931.png,data/corrupted/100k_blur_15x15_s5/heldout/H006931.png,1953
144034,2093,H006932,data/splits/100k/images/heldout/H006932.png,data/corrupted/100k_blur_15x15_s5/heldout/H006932.png,2093
144049,2093,H006933,data/splits/100k/images/heldout/H006933.png,data/corrupted/100k_blur_15x15_s5/heldout/H006933.png,2093
144035,2093,H006934,data/splits/100k/images/heldout/H006934.png,data/corrupted/100k_blur_15x15_s5/heldout/H006934.png,2093
144012,2093,H006935,data/splits/100k/images/heldout/H006935.png,data/corrupted/100k_blur_15x15_s5/heldout/H006935.png,2093
160484,2433,H006936,data/splits/100k/images/heldout/H006936.png,data/corrupted/100k_blur_15x15_s5/heldout/H006936.png,2433
160447,2433,H006937,data/splits/100k/images/heldout/H006937.png,data/corrupted/100k_blur_15x15_s5/heldout/H006937.png,2433
160452,2433,H006938,data/splits/100k/images/heldout/H006938.png,data/corrupted/100k_blur_15x15_s5/heldout/H006938.png,2433
160445,2433,H006939,data/splits/100k/images/heldout/H006939.png,data/corrupted/100k_blur_15x15_s5/heldout/H006939.png,2433
166848,2558,H006940,data/splits/100k/images/heldout/H006940.png,data/corrupted/100k_blur_15x15_s5/heldout/H006940.png,2558
166838,2558,H006941,data/splits/100k/images/heldout/H006941.png,data/corrupted/100k_blur_15x15_s5/heldout/H006941.png,2558
166861,2558,H006942,data/splits/100k/images/heldout/H006942.png,data/corrupted/100k_blur_15x15_s5/heldout/H006942.png,2558
166892,2558,H006943,data/splits/100k/images/heldout/H006943.png,data/corrupted/100k_blur_15x15_s5/heldout/H006943.png,2558
192296,3069,H006944,data/splits/100k/images/heldout/H006944.png,data/corrupted/100k_blur_15x15_s5/heldout/H006944.png,3069
192315,3069,H006945,data/splits/100k/images/heldout/H006945.png,data/corrupted/100k_blur_15x15_s5/heldout/H006945.png,3069
192304,3069,H006946,data/splits/100k/images/heldout/H006946.png,data/corrupted/100k_blur_15x15_s5/heldout/H006946.png,3069
192312,3069,H006947,data/splits/100k/images/heldout/H006947.png,data/corrupted/100k_blur_15x15_s5/heldout/H006947.png,3069
216967,3624,H006948,data/splits/100k/images/heldout/H006948.png,data/corrupted/100k_blur_15x15_s5/heldout/H006948.png,3624
216930,3624,H006949,data/splits/100k/images/heldout/H006949.png,data/corrupted/100k_blur_15x15_s5/heldout/H006949.png,3624
216978,3624,H006950,data/splits/100k/images/heldout/H006950.png,data/corrupted/100k_blur_15x15_s5/heldout/H006950.png,3624
216959,3624,H006951,data/splits/100k/images/heldout/H006951.png,data/corrupted/100k_blur_15x15_s5/heldout/H006951.png,3624
268850,4730,H006952,data/splits/100k/images/heldout/H006952.png,data/corrupted/100k_blur_15x15_s5/heldout/H006952.png,4730
268855,4730,H006953,data/splits/100k/images/heldout/H006953.png,data/corrupted/100k_blur_15x15_s5/heldout/H006953.png,4730
268907,4730,H006954,data/splits/100k/images/heldout/H006954.png,data/corrupted/100k_blur_15x15_s5/heldout/H006954.png,4730
268899,4730,H006955,data/splits/100k/images/heldout/H006955.png,data/corrupted/100k_blur_15x15_s5/heldout/H006955.png,4730
281644,5028,H006956,data/splits/100k/images/heldout/H006956.png,data/corrupted/100k_blur_15x15_s5/heldout/H006956.png,5028
281657,5028,H006957,data/splits/100k/images/heldout/H006957.png,data/corrupted/100k_blur_15x15_s5/heldout/H006957.png,5028
281679,5028,H006958,data/splits/100k/images/heldout/H006958.png,data/corrupted/100k_blur_15x15_s5/heldout/H006958.png,5028
281617,5028,H006959,data/splits/100k/images/heldout/H006959.png,data/corrupted/100k_blur_15x15_s5/heldout/H006959.png,5028
295480,5322,H006960,data/splits/100k/images/heldout/H006960.png,data/corrupted/100k_blur_15x15_s5/heldout/H006960.png,5322
295458,5322,H006961,data/splits/100k/images/heldout/H006961.png,data/corrupted/100k_blur_15x15_s5/heldout/H006961.png,5322
295456,5322,H006962,data/splits/100k/images/heldout/H006962.png,data/corrupted/100k_blur_15x15_s5/heldout/H006962.png,5322
295470,5322,H006963,data/splits/100k/images/heldout/H006963.png,data/corrupted/100k_blur_15x15_s5/heldout/H006963.png,5322
305361,5540,H006964,data/splits/100k/images/heldout/H006964.png,data/corrupted/100k_blur_15x15_s5/heldout/H006964.png,5540
305390,5540,H006965,data/splits/100k/images/heldout/H006965.png,data/corrupted/100k_blur_15x15_s5/heldout/H006965.png,5540
305356,5540,H006966,data/splits/100k/images/heldout/H006966.png,data/corrupted/100k_blur_15x15_s5/heldout/H006966.png,5540
305379,5540,H006967,data/splits/100k/images/heldout/H006967.png,data/corrupted/100k_blur_15x15_s5/heldout/H006967.png,5540
312170,5706,H006968,data/splits/100k/images/heldout/H006968.png,data/corrupted/100k_blur_15x15_s5/heldout/H006968.png,5706
312180,5706,H006969,data/splits/100k/images/heldout/H006969.png,data/corrupted/100k_blur_15x15_s5/heldout/H006969.png,5706
312186,5706,H006970,data/splits/100k/images/heldout/H006970.png,data/corrupted/100k_blur_15x15_s5/heldout/H006970.png,5706
312199,5706,H006971,data/splits/100k/images/heldout/H006971.png,data/corrupted/100k_blur_15x15_s5/heldout/H006971.png,5706
322654,5937,H006972,data/splits/100k/images/heldout/H006972.png,data/corrupted/100k_blur_15x15_s5/heldout/H006972.png,5937
322701,5937,H006973,data/splits/100k/images/heldout/H006973.png,data/corrupted/100k_blur_15x15_s5/heldout/H006973.png,5937
322686,5937,H006974,data/splits/100k/images/heldout/H006974.png,data/corrupted/100k_blur_15x15_s5/heldout/H006974.png,5937
322642,5937,H006975,data/splits/100k/images/heldout/H006975.png,data/corrupted/100k_blur_15x15_s5/heldout/H006975.png,5937
324182,5968,H006976,data/splits/100k/images/heldout/H006976.png,data/corrupted/100k_blur_15x15_s5/heldout/H006976.png,5968
324189,5968,H006977,data/splits/100k/images/heldout/H006977.png,data/corrupted/100k_blur_15x15_s5/heldout/H006977.png,5968
324156,5968,H006978,data/splits/100k/images/heldout/H006978.png,data/corrupted/100k_blur_15x15_s5/heldout/H006978.png,5968
324191,5968,H006979,data/splits/100k/images/heldout/H006979.png,data/corrupted/100k_blur_15x15_s5/heldout/H006979.png,5968
347783,6459,H006980,data/splits/100k/images/heldout/H006980.png,data/corrupted/100k_blur_15x15_s5/heldout/H006980.png,6459
347772,6459,H006981,data/splits/100k/images/heldout/H006981.png,data/corrupted/100k_blur_15x15_s5/heldout/H006981.png,6459
347829,6459,H006982,data/splits/100k/images/heldout/H006982.png,data/corrupted/100k_blur_15x15_s5/heldout/H006982.png,6459
347781,6459,H006983,data/splits/100k/images/heldout/H006983.png,data/corrupted/100k_blur_15x15_s5/heldout/H006983.png,6459
354411,6631,H006984,data/splits/100k/images/heldout/H006984.png,data/corrupted/100k_blur_15x15_s5/heldout/H006984.png,6631
354390,6631,H006985,data/splits/100k/images/heldout/H006985.png,data/corrupted/100k_blur_15x15_s5/heldout/H006985.png,6631
354391,6631,H006986,data/splits/100k/images/heldout/H006986.png,data/corrupted/100k_blur_15x15_s5/heldout/H006986.png,6631
354368,6631,H006987,data/splits/100k/images/heldout/H006987.png,data/corrupted/100k_blur_15x15_s5/heldout/H006987.png,6631
355647,6664,H006988,data/splits/100k/images/heldout/H006988.png,data/corrupted/100k_blur_15x15_s5/heldout/H006988.png,6664
355679,6664,H006989,data/splits/100k/images/heldout/H006989.png,data/corrupted/100k_blur_15x15_s5/heldout/H006989.png,6664
355657,6664,H006990,data/splits/100k/images/heldout/H006990.png,data/corrupted/100k_blur_15x15_s5/heldout/H006990.png,6664
355671,6664,H006991,data/splits/100k/images/heldout/H006991.png,data/corrupted/100k_blur_15x15_s5/heldout/H006991.png,6664
403629,7918,H006992,data/splits/100k/images/heldout/H006992.png,data/corrupted/100k_blur_15x15_s5/heldout/H006992.png,7918
403647,7918,H006993,data/splits/100k/images/heldout/H006993.png,data/corrupted/100k_blur_15x15_s5/heldout/H006993.png,7918
403632,7918,H006994,data/splits/100k/images/heldout/H006994.png,data/corrupted/100k_blur_15x15_s5/heldout/H006994.png,7918
403621,7918,H006995,data/splits/100k/images/heldout/H006995.png,data/corrupted/100k_blur_15x15_s5/heldout/H006995.png,7918
404303,7937,H006996,data/splits/100k/images/heldout/H006996.png,data/corrupted/100k_blur_15x15_s5/heldout/H006996.png,7937
404291,7937,H006997,data/splits/100k/images/heldout/H006997.png,data/corrupted/100k_blur_15x15_s5/heldout/H006997.png,7937
404275,7937,H006998,data/splits/100k/images/heldout/H006998.png,data/corrupted/100k_blur_15x15_s5/heldout/H006998.png,7937
404269,7937,H006999,data/splits/100k/images/heldout/H006999.png,data/corrupted/100k_blur_15x15_s5/heldout/H006999.png,7937
460620,9558,H007000,data/splits/100k/images/heldout/H007000.png,data/corrupted/100k_blur_15x15_s5/heldout/H007000.png,9558
460582,9558,H007001,data/splits/100k/images/heldout/H007001.png,data/corrupted/100k_blur_15x15_s5/heldout/H007001.png,9558
460585,9558,H007002,data/splits/100k/images/heldout/H007002.png,data/corrupted/100k_blur_15x15_s5/heldout/H007002.png,9558
460624,9558,H007003,data/splits/100k/images/heldout/H007003.png,data/corrupted/100k_blur_15x15_s5/heldout/H007003.png,9558
465929,9731,H007004,data/splits/100k/images/heldout/H007004.png,data/corrupted/100k_blur_15x15_s5/heldout/H007004.png,9731
465976,9731,H007005,data/splits/100k/images/heldout/H007005.png,data/corrupted/100k_blur_15x15_s5/heldout/H007005.png,9731
465962,9731,H007006,data/splits/100k/images/heldout/H007006.png,data/corrupted/100k_blur_15x15_s5/heldout/H007006.png,9731
465928,9731,H007007,data/splits/100k/images/heldout/H007007.png,data/corrupted/100k_blur_15x15_s5/heldout/H007007.png,9731
469780,9836,H007008,data/splits/100k/images/heldout/H007008.png,data/corrupted/100k_blur_15x15_s5/heldout/H007008.png,9836
469777,9836,H007009,data/splits/100k/images/heldout/H007009.png,data/corrupted/100k_blur_15x15_s5/heldout/H007009.png,9836
469778,9836,H007010,data/splits/100k/images/heldout/H007010.png,data/corrupted/100k_blur_15x15_s5/heldout/H007010.png,9836
469724,9836,H007011,data/splits/100k/images/heldout/H007011.png,data/corrupted/100k_blur_15x15_s5/heldout/H007011.png,9836
474254,9986,H007012,data/splits/100k/images/heldout/H007012.png,data/corrupted/100k_blur_15x15_s5/heldout/H007012.png,9986
474251,9986,H007013,data/splits/100k/images/heldout/H007013.png,data/corrupted/100k_blur_15x15_s5/heldout/H007013.png,9986
474313,9986,H007014,data/splits/100k/images/heldout/H007014.png,data/corrupted/100k_blur_15x15_s5/heldout/H007014.png,9986
474249,9986,H007015,data/splits/100k/images/heldout/H007015.png,data/corrupted/100k_blur_15x15_s5/heldout/H007015.png,9986
474865,10006,H007016,data/splits/100k/images/heldout/H007016.png,data/corrupted/100k_blur_15x15_s5/heldout/H007016.png,10006
474887,10006,H007017,data/splits/100k/images/heldout/H007017.png,data/corrupted/100k_blur_15x15_s5/heldout/H007017.png,10006
474925,10006,H007018,data/splits/100k/images/heldout/H007018.png,data/corrupted/100k_blur_15x15_s5/heldout/H007018.png,10006
474897,10006,H007019,data/splits/100k/images/heldout/H007019.png,data/corrupted/100k_blur_15x15_s5/heldout/H007019.png,10006
476720,10067,H007020,data/splits/100k/images/heldout/H007020.png,data/corrupted/100k_blur_15x15_s5/heldout/H007020.png,10067
476731,10067,H007021,data/splits/100k/images/heldout/H007021.png,data/corrupted/100k_blur_15x15_s5/heldout/H007021.png,10067
476703,10067,H007022,data/splits/100k/images/heldout/H007022.png,data/corrupted/100k_blur_15x15_s5/heldout/H007022.png,10067
476739,10067,H007023,data/splits/100k/images/heldout/H007023.png,data/corrupted/100k_blur_15x15_s5/heldout/H007023.png,10067
477774,10101,H007024,data/splits/100k/images/heldout/H007024.png,data/corrupted/100k_blur_15x15_s5/heldout/H007024.png,10101
477764,10101,H007025,data/splits/100k/images/heldout/H007025.png,data/corrupted/100k_blur_15x15_s5/heldout/H007025.png,10101
477748,10101,H007026,data/splits/100k/images/heldout/H007026.png,data/corrupted/100k_blur_15x15_s5/heldout/H007026.png,10101
477753,10101,H007027,data/splits/100k/images/heldout/H007027.png,data/corrupted/100k_blur_15x15_s5/heldout/H007027.png,10101
483283,10293,H007028,data/splits/100k/images/heldout/H007028.png,data/corrupted/100k_blur_15x15_s5/heldout/H007028.png,10293
483322,10293,H007029,data/splits/100k/images/heldout/H007029.png,data/corrupted/100k_blur_15x15_s5/heldout/H007029.png,10293
483275,10293,H007030,data/splits/100k/images/heldout/H007030.png,data/corrupted/100k_blur_15x15_s5/heldout/H007030.png,10293
483287,10293,H007031,data/splits/100k/images/heldout/H007031.png,data/corrupted/100k_blur_15x15_s5/heldout/H007031.png,10293
484806,10343,H007032,data/splits/100k/images/heldout/H007032.png,data/corrupted/100k_blur_15x15_s5/heldout/H007032.png,10343
484779,10343,H007033,data/splits/100k/images/heldout/H007033.png,data/corrupted/100k_blur_15x15_s5/heldout/H007033.png,10343
484823,10343,H007034,data/splits/100k/images/heldout/H007034.png,data/corrupted/100k_blur_15x15_s5/heldout/H007034.png,10343
484786,10343,H007035,data/splits/100k/images/heldout/H007035.png,data/corrupted/100k_blur_15x15_s5/heldout/H007035.png,10343
11499,71,H007036,data/splits/100k/images/heldout/H007036.png,data/corrupted/100k_blur_15x15_s5/heldout/H007036.png,71
11480,71,H007037,data/splits/100k/images/heldout/H007037.png,data/corrupted/100k_blur_15x15_s5/heldout/H007037.png,71
11535,71,H007038,data/splits/100k/images/heldout/H007038.png,data/corrupted/100k_blur_15x15_s5/heldout/H007038.png,71
11515,71,H007039,data/splits/100k/images/heldout/H007039.png,data/corrupted/100k_blur_15x15_s5/heldout/H007039.png,71
35268,311,H007040,data/splits/100k/images/heldout/H007040.png,data/corrupted/100k_blur_15x15_s5/heldout/H007040.png,311
35278,311,H007041,data/splits/100k/images/heldout/H007041.png,data/corrupted/100k_blur_15x15_s5/heldout/H007041.png,311
35264,311,H007042,data/splits/100k/images/heldout/H007042.png,data/corrupted/100k_blur_15x15_s5/heldout/H007042.png,311
35302,311,H007043,data/splits/100k/images/heldout/H007043.png,data/corrupted/100k_blur_15x15_s5/heldout/H007043.png,311
43412,426,H007044,data/splits/100k/images/heldout/H007044.png,data/corrupted/100k_blur_15x15_s5/heldout/H007044.png,426
43388,426,H007045,data/splits/100k/images/heldout/H007045.png,data/corrupted/100k_blur_15x15_s5/heldout/H007045.png,426
43382,426,H007046,data/splits/100k/images/heldout/H007046.png,data/corrupted/100k_blur_15x15_s5/heldout/H007046.png,426
43390,426,H007047,data/splits/100k/images/heldout/H007047.png,data/corrupted/100k_blur_15x15_s5/heldout/H007047.png,426
55422,591,H007048,data/splits/100k/images/heldout/H007048.png,data/corrupted/100k_blur_15x15_s5/heldout/H007048.png,591
55440,591,H007049,data/splits/100k/images/heldout/H007049.png,data/corrupted/100k_blur_15x15_s5/heldout/H007049.png,591
55469,591,H007050,data/splits/100k/images/heldout/H007050.png,data/corrupted/100k_blur_15x15_s5/heldout/H007050.png,591
55466,591,H007051,data/splits/100k/images/heldout/H007051.png,data/corrupted/100k_blur_15x15_s5/heldout/H007051.png,591
56745,610,H007052,data/splits/100k/images/heldout/H007052.png,data/corrupted/100k_blur_15x15_s5/heldout/H007052.png,610
56746,610,H007053,data/splits/100k/images/heldout/H007053.png,data/corrupted/100k_blur_15x15_s5/heldout/H007053.png,610
56750,610,H007054,data/splits/100k/images/heldout/H007054.png,data/corrupted/100k_blur_15x15_s5/heldout/H007054.png,610
56742,610,H007055,data/splits/100k/images/heldout/H007055.png,data/corrupted/100k_blur_15x15_s5/heldout/H007055.png,610
58139,629,H007056,data/splits/100k/images/heldout/H007056.png,data/corrupted/100k_blur_15x15_s5/heldout/H007056.png,629
58176,629,H007057,data/splits/100k/images/heldout/H007057.png,data/corrupted/100k_blur_15x15_s5/heldout/H007057.png,629
58188,629,H007058,data/splits/100k/images/heldout/H007058.png,data/corrupted/100k_blur_15x15_s5/heldout/H007058.png,629
58168,629,H007059,data/splits/100k/images/heldout/H007059.png,data/corrupted/100k_blur_15x15_s5/heldout/H007059.png,629
70108,841,H007060,data/splits/100k/images/heldout/H007060.png,data/corrupted/100k_blur_15x15_s5/heldout/H007060.png,841
70066,841,H007061,data/splits/100k/images/heldout/H007061.png,data/corrupted/100k_blur_15x15_s5/heldout/H007061.png,841
70077,841,H007062,data/splits/100k/images/heldout/H007062.png,data/corrupted/100k_blur_15x15_s5/heldout/H007062.png,841
70094,841,H007063,data/splits/100k/images/heldout/H007063.png,data/corrupted/100k_blur_15x15_s5/heldout/H007063.png,841
74899,895,H007064,data/splits/100k/images/heldout/H007064.png,data/corrupted/100k_blur_15x15_s5/heldout/H007064.png,895
74862,895,H007065,data/splits/100k/images/heldout/H007065.png,data/corrupted/100k_blur_15x15_s5/heldout/H007065.png,895
74859,895,H007066,data/splits/100k/images/heldout/H007066.png,data/corrupted/100k_blur_15x15_s5/heldout/H007066.png,895
74892,895,H007067,data/splits/100k/images/heldout/H007067.png,data/corrupted/100k_blur_15x15_s5/heldout/H007067.png,895
75425,901,H007068,data/splits/100k/images/heldout/H007068.png,data/corrupted/100k_blur_15x15_s5/heldout/H007068.png,901
75437,901,H007069,data/splits/100k/images/heldout/H007069.png,data/corrupted/100k_blur_15x15_s5/heldout/H007069.png,901
75428,901,H007070,data/splits/100k/images/heldout/H007070.png,data/corrupted/100k_blur_15x15_s5/heldout/H007070.png,901
75389,901,H007071,data/splits/100k/images/heldout/H007071.png,data/corrupted/100k_blur_15x15_s5/heldout/H007071.png,901
98890,1204,H007072,data/splits/100k/images/heldout/H007072.png,data/corrupted/100k_blur_15x15_s5/heldout/H007072.png,1204
98937,1204,H007073,data/splits/100k/images/heldout/H007073.png,data/corrupted/100k_blur_15x15_s5/heldout/H007073.png,1204
98926,1204,H007074,data/splits/100k/images/heldout/H007074.png,data/corrupted/100k_blur_15x15_s5/heldout/H007074.png,1204
98892,1204,H007075,data/splits/100k/images/heldout/H007075.png,data/corrupted/100k_blur_15x15_s5/heldout/H007075.png,1204
100255,1223,H007076,data/splits/100k/images/heldout/H007076.png,data/corrupted/100k_blur_15x15_s5/heldout/H007076.png,1223
100248,1223,H007077,data/splits/100k/images/heldout/H007077.png,data/corrupted/100k_blur_15x15_s5/heldout/H007077.png,1223
100200,1223,H007078,data/splits/100k/images/heldout/H007078.png,data/corrupted/100k_blur_15x15_s5/heldout/H007078.png,1223
100224,1223,H007079,data/splits/100k/images/heldout/H007079.png,data/corrupted/100k_blur_15x15_s5/heldout/H007079.png,1223
117043,1539,H007080,data/splits/100k/images/heldout/H007080.png,data/corrupted/100k_blur_15x15_s5/heldout/H007080.png,1539
117036,1539,H007081,data/splits/100k/images/heldout/H007081.png,data/corrupted/100k_blur_15x15_s5/heldout/H007081.png,1539
117058,1539,H007082,data/splits/100k/images/heldout/H007082.png,data/corrupted/100k_blur_15x15_s5/heldout/H007082.png,1539
117067,1539,H007083,data/splits/100k/images/heldout/H007083.png,data/corrupted/100k_blur_15x15_s5/heldout/H007083.png,1539
120591,1603,H007084,data/splits/100k/images/heldout/H007084.png,data/corrupted/100k_blur_15x15_s5/heldout/H007084.png,1603
120640,1603,H007085,data/splits/100k/images/heldout/H007085.png,data/corrupted/100k_blur_15x15_s5/heldout/H007085.png,1603
120607,1603,H007086,data/splits/100k/images/heldout/H007086.png,data/corrupted/100k_blur_15x15_s5/heldout/H007086.png,1603
120600,1603,H007087,data/splits/100k/images/heldout/H007087.png,data/corrupted/100k_blur_15x15_s5/heldout/H007087.png,1603
121812,1631,H007088,data/splits/100k/images/heldout/H007088.png,data/corrupted/100k_blur_15x15_s5/heldout/H007088.png,1631
121786,1631,H007089,data/splits/100k/images/heldout/H007089.png,data/corrupted/100k_blur_15x15_s5/heldout/H007089.png,1631
121755,1631,H007090,data/splits/100k/images/heldout/H007090.png,data/corrupted/100k_blur_15x15_s5/heldout/H007090.png,1631
121770,1631,H007091,data/splits/100k/images/heldout/H007091.png,data/corrupted/100k_blur_15x15_s5/heldout/H007091.png,1631
122157,1641,H007092,data/splits/100k/images/heldout/H007092.png,data/corrupted/100k_blur_15x15_s5/heldout/H007092.png,1641
122162,1641,H007093,data/splits/100k/images/heldout/H007093.png,data/corrupted/100k_blur_15x15_s5/heldout/H007093.png,1641
122159,1641,H007094,data/splits/100k/images/heldout/H007094.png,data/corrupted/100k_blur_15x15_s5/heldout/H007094.png,1641
122137,1641,H007095,data/splits/100k/images/heldout/H007095.png,data/corrupted/100k_blur_15x15_s5/heldout/H007095.png,1641
122271,1645,H007096,data/splits/100k/images/heldout/H007096.png,data/corrupted/100k_blur_15x15_s5/heldout/H007096.png,1645
122256,1645,H007097,data/splits/100k/images/heldout/H007097.png,data/corrupted/100k_blur_15x15_s5/heldout/H007097.png,1645
122258,1645,H007098,data/splits/100k/images/heldout/H007098.png,data/corrupted/100k_blur_15x15_s5/heldout/H007098.png,1645
122269,1645,H007099,data/splits/100k/images/heldout/H007099.png,data/corrupted/100k_blur_15x15_s5/heldout/H007099.png,1645
136846,1959,H007100,data/splits/100k/images/heldout/H007100.png,data/corrupted/100k_blur_15x15_s5/heldout/H007100.png,1959
136806,1959,H007101,data/splits/100k/images/heldout/H007101.png,data/corrupted/100k_blur_15x15_s5/heldout/H007101.png,1959
136801,1959,H007102,data/splits/100k/images/heldout/H007102.png,data/corrupted/100k_blur_15x15_s5/heldout/H007102.png,1959
136815,1959,H007103,data/splits/100k/images/heldout/H007103.png,data/corrupted/100k_blur_15x15_s5/heldout/H007103.png,1959
163717,2493,H007104,data/splits/100k/images/heldout/H007104.png,data/corrupted/100k_blur_15x15_s5/heldout/H007104.png,2493
163736,2493,H007105,data/splits/100k/images/heldout/H007105.png,data/corrupted/100k_blur_15x15_s5/heldout/H007105.png,2493
163715,2493,H007106,data/splits/100k/images/heldout/H007106.png,data/corrupted/100k_blur_15x15_s5/heldout/H007106.png,2493
163710,2493,H007107,data/splits/100k/images/heldout/H007107.png,data/corrupted/100k_blur_15x15_s5/heldout/H007107.png,2493
164338,2509,H007108,data/splits/100k/images/heldout/H007108.png,data/corrupted/100k_blur_15x15_s5/heldout/H007108.png,2509
164358,2509,H007109,data/splits/100k/images/heldout/H007109.png,data/corrupted/100k_blur_15x15_s5/heldout/H007109.png,2509
164345,2509,H007110,data/splits/100k/images/heldout/H007110.png,data/corrupted/100k_blur_15x15_s5/heldout/H007110.png,2509
164337,2509,H007111,data/splits/100k/images/heldout/H007111.png,data/corrupted/100k_blur_15x15_s5/heldout/H007111.png,2509
215131,3588,H007112,data/splits/100k/images/heldout/H007112.png,data/corrupted/100k_blur_15x15_s5/heldout/H007112.png,3588
215077,3588,H007113,data/splits/100k/images/heldout/H007113.png,data/corrupted/100k_blur_15x15_s5/heldout/H007113.png,3588
215086,3588,H007114,data/splits/100k/images/heldout/H007114.png,data/corrupted/100k_blur_15x15_s5/heldout/H007114.png,3588
215129,3588,H007115,data/splits/100k/images/heldout/H007115.png,data/corrupted/100k_blur_15x15_s5/heldout/H007115.png,3588
221822,3728,H007116,data/splits/100k/images/heldout/H007116.png,data/corrupted/100k_blur_15x15_s5/heldout/H007116.png,3728
221776,3728,H007117,data/splits/100k/images/heldout/H007117.png,data/corrupted/100k_blur_15x15_s5/heldout/H007117.png,3728
221825,3728,H007118,data/splits/100k/images/heldout/H007118.png,data/corrupted/100k_blur_15x15_s5/heldout/H007118.png,3728
221828,3728,H007119,data/splits/100k/images/heldout/H007119.png,data/corrupted/100k_blur_15x15_s5/heldout/H007119.png,3728
245259,4227,H007120,data/splits/100k/images/heldout/H007120.png,data/corrupted/100k_blur_15x15_s5/heldout/H007120.png,4227
245240,4227,H007121,data/splits/100k/images/heldout/H007121.png,data/corrupted/100k_blur_15x15_s5/heldout/H007121.png,4227
245289,4227,H007122,data/splits/100k/images/heldout/H007122.png,data/corrupted/100k_blur_15x15_s5/heldout/H007122.png,4227
245253,4227,H007123,data/splits/100k/images/heldout/H007123.png,data/corrupted/100k_blur_15x15_s5/heldout/H007123.png,4227
256318,4444,H007124,data/splits/100k/images/heldout/H007124.png,data/corrupted/100k_blur_15x15_s5/heldout/H007124.png,4444
256320,4444,H007125,data/splits/100k/images/heldout/H007125.png,data/corrupted/100k_blur_15x15_s5/heldout/H007125.png,4444
256265,4444,H007126,data/splits/100k/images/heldout/H007126.png,data/corrupted/100k_blur_15x15_s5/heldout/H007126.png,4444
256274,4444,H007127,data/splits/100k/images/heldout/H007127.png,data/corrupted/100k_blur_15x15_s5/heldout/H007127.png,4444
256340,4445,H007128,data/splits/100k/images/heldout/H007128.png,data/corrupted/100k_blur_15x15_s5/heldout/H007128.png,4445
256385,4445,H007129,data/splits/100k/images/heldout/H007129.png,data/corrupted/100k_blur_15x15_s5/heldout/H007129.png,4445
256386,4445,H007130,data/splits/100k/images/heldout/H007130.png,data/corrupted/100k_blur_15x15_s5/heldout/H007130.png,4445
256348,4445,H007131,data/splits/100k/images/heldout/H007131.png,data/corrupted/100k_blur_15x15_s5/heldout/H007131.png,4445
258449,4487,H007132,data/splits/100k/images/heldout/H007132.png,data/corrupted/100k_blur_15x15_s5/heldout/H007132.png,4487
258426,4487,H007133,data/splits/100k/images/heldout/H007133.png,data/corrupted/100k_blur_15x15_s5/heldout/H007133.png,4487
258446,4487,H007134,data/splits/100k/images/heldout/H007134.png,data/corrupted/100k_blur_15x15_s5/heldout/H007134.png,4487
258482,4487,H007135,data/splits/100k/images/heldout/H007135.png,data/corrupted/100k_blur_15x15_s5/heldout/H007135.png,4487
259740,4510,H007136,data/splits/100k/images/heldout/H007136.png,data/corrupted/100k_blur_15x15_s5/heldout/H007136.png,4510
259718,4510,H007137,data/splits/100k/images/heldout/H007137.png,data/corrupted/100k_blur_15x15_s5/heldout/H007137.png,4510
259731,4510,H007138,data/splits/100k/images/heldout/H007138.png,data/corrupted/100k_blur_15x15_s5/heldout/H007138.png,4510
259726,4510,H007139,data/splits/100k/images/heldout/H007139.png,data/corrupted/100k_blur_15x15_s5/heldout/H007139.png,4510
299112,5409,H007140,data/splits/100k/images/heldout/H007140.png,data/corrupted/100k_blur_15x15_s5/heldout/H007140.png,5409
299067,5409,H007141,data/splits/100k/images/heldout/H007141.png,data/corrupted/100k_blur_15x15_s5/heldout/H007141.png,5409
299066,5409,H007142,data/splits/100k/images/heldout/H007142.png,data/corrupted/100k_blur_15x15_s5/heldout/H007142.png,5409
299061,5409,H007143,data/splits/100k/images/heldout/H007143.png,data/corrupted/100k_blur_15x15_s5/heldout/H007143.png,5409
314452,5746,H007144,data/splits/100k/images/heldout/H007144.png,data/corrupted/100k_blur_15x15_s5/heldout/H007144.png,5746
314476,5746,H007145,data/splits/100k/images/heldout/H007145.png,data/corrupted/100k_blur_15x15_s5/heldout/H007145.png,5746
314472,5746,H007146,data/splits/100k/images/heldout/H007146.png,data/corrupted/100k_blur_15x15_s5/heldout/H007146.png,5746
314485,5746,H007147,data/splits/100k/images/heldout/H007147.png,data/corrupted/100k_blur_15x15_s5/heldout/H007147.png,5746
314974,5752,H007148,data/splits/100k/images/heldout/H007148.png,data/corrupted/100k_blur_15x15_s5/heldout/H007148.png,5752
314986,5752,H007149,data/splits/100k/images/heldout/H007149.png,data/corrupted/100k_blur_15x15_s5/heldout/H007149.png,5752
315025,5752,H007150,data/splits/100k/images/heldout/H007150.png,data/corrupted/100k_blur_15x15_s5/heldout/H007150.png,5752
314992,5752,H007151,data/splits/100k/images/heldout/H007151.png,data/corrupted/100k_blur_15x15_s5/heldout/H007151.png,5752
316371,5793,H007152,data/splits/100k/images/heldout/H007152.png,data/corrupted/100k_blur_15x15_s5/heldout/H007152.png,5793
316350,5793,H007153,data/splits/100k/images/heldout/H007153.png,data/corrupted/100k_blur_15x15_s5/heldout/H007153.png,5793
316372,5793,H007154,data/splits/100k/images/heldout/H007154.png,data/corrupted/100k_blur_15x15_s5/heldout/H007154.png,5793
316396,5793,H007155,data/splits/100k/images/heldout/H007155.png,data/corrupted/100k_blur_15x15_s5/heldout/H007155.png,5793
317848,5828,H007156,data/splits/100k/images/heldout/H007156.png,data/corrupted/100k_blur_15x15_s5/heldout/H007156.png,5828
317886,5828,H007157,data/splits/100k/images/heldout/H007157.png,data/corrupted/100k_blur_15x15_s5/heldout/H007157.png,5828
317840,5828,H007158,data/splits/100k/images/heldout/H007158.png,data/corrupted/100k_blur_15x15_s5/heldout/H007158.png,5828
317843,5828,H007159,data/splits/100k/images/heldout/H007159.png,data/corrupted/100k_blur_15x15_s5/heldout/H007159.png,5828
338462,6274,H007160,data/splits/100k/images/heldout/H007160.png,data/corrupted/100k_blur_15x15_s5/heldout/H007160.png,6274
338518,6274,H007161,data/splits/100k/images/heldout/H007161.png,data/corrupted/100k_blur_15x15_s5/heldout/H007161.png,6274
338516,6274,H007162,data/splits/100k/images/heldout/H007162.png,data/corrupted/100k_blur_15x15_s5/heldout/H007162.png,6274
338495,6274,H007163,data/splits/100k/images/heldout/H007163.png,data/corrupted/100k_blur_15x15_s5/heldout/H007163.png,6274
343886,6373,H007164,data/splits/100k/images/heldout/H007164.png,data/corrupted/100k_blur_15x15_s5/heldout/H007164.png,6373
343855,6373,H007165,data/splits/100k/images/heldout/H007165.png,data/corrupted/100k_blur_15x15_s5/heldout/H007165.png,6373
343870,6373,H007166,data/splits/100k/images/heldout/H007166.png,data/corrupted/100k_blur_15x15_s5/heldout/H007166.png,6373
343878,6373,H007167,data/splits/100k/images/heldout/H007167.png,data/corrupted/100k_blur_15x15_s5/heldout/H007167.png,6373
365273,6887,H007168,data/splits/100k/images/heldout/H007168.png,data/corrupted/100k_blur_15x15_s5/heldout/H007168.png,6887
365319,6887,H007169,data/splits/100k/images/heldout/H007169.png,data/corrupted/100k_blur_15x15_s5/heldout/H007169.png,6887
365320,6887,H007170,data/splits/100k/images/heldout/H007170.png,data/corrupted/100k_blur_15x15_s5/heldout/H007170.png,6887
365294,6887,H007171,data/splits/100k/images/heldout/H007171.png,data/corrupted/100k_blur_15x15_s5/heldout/H007171.png,6887
387043,7440,H007172,data/splits/100k/images/heldout/H007172.png,data/corrupted/100k_blur_15x15_s5/heldout/H007172.png,7440
387078,7440,H007173,data/splits/100k/images/heldout/H007173.png,data/corrupted/100k_blur_15x15_s5/heldout/H007173.png,7440
387047,7440,H007174,data/splits/100k/images/heldout/H007174.png,data/corrupted/100k_blur_15x15_s5/heldout/H007174.png,7440
387050,7440,H007175,data/splits/100k/images/heldout/H007175.png,data/corrupted/100k_blur_15x15_s5/heldout/H007175.png,7440
408405,8050,H007176,data/splits/100k/images/heldout/H007176.png,data/corrupted/100k_blur_15x15_s5/heldout/H007176.png,8050
408382,8050,H007177,data/splits/100k/images/heldout/H007177.png,data/corrupted/100k_blur_15x15_s5/heldout/H007177.png,8050
408385,8050,H007178,data/splits/100k/images/heldout/H007178.png,data/corrupted/100k_blur_15x15_s5/heldout/H007178.png,8050
408417,8050,H007179,data/splits/100k/images/heldout/H007179.png,data/corrupted/100k_blur_15x15_s5/heldout/H007179.png,8050
411833,8127,H007180,data/splits/100k/images/heldout/H007180.png,data/corrupted/100k_blur_15x15_s5/heldout/H007180.png,8127
411794,8127,H007181,data/splits/100k/images/heldout/H007181.png,data/corrupted/100k_blur_15x15_s5/heldout/H007181.png,8127
411796,8127,H007182,data/splits/100k/images/heldout/H007182.png,data/corrupted/100k_blur_15x15_s5/heldout/H007182.png,8127
411827,8127,H007183,data/splits/100k/images/heldout/H007183.png,data/corrupted/100k_blur_15x15_s5/heldout/H007183.png,8127
415072,8236,H007184,data/splits/100k/images/heldout/H007184.png,data/corrupted/100k_blur_15x15_s5/heldout/H007184.png,8236
415130,8236,H007185,data/splits/100k/images/heldout/H007185.png,data/corrupted/100k_blur_15x15_s5/heldout/H007185.png,8236
415090,8236,H007186,data/splits/100k/images/heldout/H007186.png,data/corrupted/100k_blur_15x15_s5/heldout/H007186.png,8236
415080,8236,H007187,data/splits/100k/images/heldout/H007187.png,data/corrupted/100k_blur_15x15_s5/heldout/H007187.png,8236
435949,8816,H007188,data/splits/100k/images/heldout/H007188.png,data/corrupted/100k_blur_15x15_s5/heldout/H007188.png,8816
435935,8816,H007189,data/splits/100k/images/heldout/H007189.png,data/corrupted/100k_blur_15x15_s5/heldout/H007189.png,8816
435976,8816,H007190,data/splits/100k/images/heldout/H007190.png,data/corrupted/100k_blur_15x15_s5/heldout/H007190.png,8816
435939,8816,H007191,data/splits/100k/images/heldout/H007191.png,data/corrupted/100k_blur_15x15_s5/heldout/H007191.png,8816
436483,8828,H007192,data/splits/100k/images/heldout/H007192.png,data/corrupted/100k_blur_15x15_s5/heldout/H007192.png,8828
436539,8828,H007193,data/splits/100k/images/heldout/H007193.png,data/corrupted/100k_blur_15x15_s5/heldout/H007193.png,8828
436521,8828,H007194,data/splits/100k/images/heldout/H007194.png,data/corrupted/100k_blur_15x15_s5/heldout/H007194.png,8828
436492,8828,H007195,data/splits/100k/images/heldout/H007195.png,data/corrupted/100k_blur_15x15_s5/heldout/H007195.png,8828
449039,9204,H007196,data/splits/100k/images/heldout/H007196.png,data/corrupted/100k_blur_15x15_s5/heldout/H007196.png,9204
449057,9204,H007197,data/splits/100k/images/heldout/H007197.png,data/corrupted/100k_blur_15x15_s5/heldout/H007197.png,9204
449010,9204,H007198,data/splits/100k/images/heldout/H007198.png,data/corrupted/100k_blur_15x15_s5/heldout/H007198.png,9204
449037,9204,H007199,data/splits/100k/images/heldout/H007199.png,data/corrupted/100k_blur_15x15_s5/heldout/H007199.png,9204
450240,9236,H007200,data/splits/100k/images/heldout/H007200.png,data/corrupted/100k_blur_15x15_s5/heldout/H007200.png,9236
450283,9236,H007201,data/splits/100k/images/heldout/H007201.png,data/corrupted/100k_blur_15x15_s5/heldout/H007201.png,9236
450270,9236,H007202,data/splits/100k/images/heldout/H007202.png,data/corrupted/100k_blur_15x15_s5/heldout/H007202.png,9236
450238,9236,H007203,data/splits/100k/images/heldout/H007203.png,data/corrupted/100k_blur_15x15_s5/heldout/H007203.png,9236
458915,9515,H007204,data/splits/100k/images/heldout/H007204.png,data/corrupted/100k_blur_15x15_s5/heldout/H007204.png,9515
458893,9515,H007205,data/splits/100k/images/heldout/H007205.png,data/corrupted/100k_blur_15x15_s5/heldout/H007205.png,9515
458920,9515,H007206,data/splits/100k/images/heldout/H007206.png,data/corrupted/100k_blur_15x15_s5/heldout/H007206.png,9515
458897,9515,H007207,data/splits/100k/images/heldout/H007207.png,data/corrupted/100k_blur_15x15_s5/heldout/H007207.png,9515
475878,10040,H007208,data/splits/100k/images/heldout/H007208.png,data/corrupted/100k_blur_15x15_s5/heldout/H007208.png,10040
475914,10040,H007209,data/splits/100k/images/heldout/H007209.png,data/corrupted/100k_blur_15x15_s5/heldout/H007209.png,10040
475892,10040,H007210,data/splits/100k/images/heldout/H007210.png,data/corrupted/100k_blur_15x15_s5/heldout/H007210.png,10040
475919,10040,H007211,data/splits/100k/images/heldout/H007211.png,data/corrupted/100k_blur_15x15_s5/heldout/H007211.png,10040
476482,10060,H007212,data/splits/100k/images/heldout/H007212.png,data/corrupted/100k_blur_15x15_s5/heldout/H007212.png,10060
476466,10060,H007213,data/splits/100k/images/heldout/H007213.png,data/corrupted/100k_blur_15x15_s5/heldout/H007213.png,10060
476485,10060,H007214,data/splits/100k/images/heldout/H007214.png,data/corrupted/100k_blur_15x15_s5/heldout/H007214.png,10060
476463,10060,H007215,data/splits/100k/images/heldout/H007215.png,data/corrupted/100k_blur_15x15_s5/heldout/H007215.png,10060
9363,49,H007216,data/splits/100k/images/heldout/H007216.png,data/corrupted/100k_blur_15x15_s5/heldout/H007216.png,49
9376,49,H007217,data/splits/100k/images/heldout/H007217.png,data/corrupted/100k_blur_15x15_s5/heldout/H007217.png,49
9392,49,H007218,data/splits/100k/images/heldout/H007218.png,data/corrupted/100k_blur_15x15_s5/heldout/H007218.png,49
9381,49,H007219,data/splits/100k/images/heldout/H007219.png,data/corrupted/100k_blur_15x15_s5/heldout/H007219.png,49
17173,131,H007220,data/splits/100k/images/heldout/H007220.png,data/corrupted/100k_blur_15x15_s5/heldout/H007220.png,131
17133,131,H007221,data/splits/100k/images/heldout/H007221.png,data/corrupted/100k_blur_15x15_s5/heldout/H007221.png,131
17122,131,H007222,data/splits/100k/images/heldout/H007222.png,data/corrupted/100k_blur_15x15_s5/heldout/H007222.png,131
17170,131,H007223,data/splits/100k/images/heldout/H007223.png,data/corrupted/100k_blur_15x15_s5/heldout/H007223.png,131
17194,132,H007224,data/splits/100k/images/heldout/H007224.png,data/corrupted/100k_blur_15x15_s5/heldout/H007224.png,132
17191,132,H007225,data/splits/100k/images/heldout/H007225.png,data/corrupted/100k_blur_15x15_s5/heldout/H007225.png,132
17179,132,H007226,data/splits/100k/images/heldout/H007226.png,data/corrupted/100k_blur_15x15_s5/heldout/H007226.png,132
17237,132,H007227,data/splits/100k/images/heldout/H007227.png,data/corrupted/100k_blur_15x15_s5/heldout/H007227.png,132
22491,179,H007228,data/splits/100k/images/heldout/H007228.png,data/corrupted/100k_blur_15x15_s5/heldout/H007228.png,179
22525,179,H007229,data/splits/100k/images/heldout/H007229.png,data/corrupted/100k_blur_15x15_s5/heldout/H007229.png,179
22493,179,H007230,data/splits/100k/images/heldout/H007230.png,data/corrupted/100k_blur_15x15_s5/heldout/H007230.png,179
22478,179,H007231,data/splits/100k/images/heldout/H007231.png,data/corrupted/100k_blur_15x15_s5/heldout/H007231.png,179
22938,185,H007232,data/splits/100k/images/heldout/H007232.png,data/corrupted/100k_blur_15x15_s5/heldout/H007232.png,185
22882,185,H007233,data/splits/100k/images/heldout/H007233.png,data/corrupted/100k_blur_15x15_s5/heldout/H007233.png,185
22883,185,H007234,data/splits/100k/images/heldout/H007234.png,data/corrupted/100k_blur_15x15_s5/heldout/H007234.png,185
22892,185,H007235,data/splits/100k/images/heldout/H007235.png,data/corrupted/100k_blur_15x15_s5/heldout/H007235.png,185
42664,411,H007236,data/splits/100k/images/heldout/H007236.png,data/corrupted/100k_blur_15x15_s5/heldout/H007236.png,411
42691,411,H007237,data/splits/100k/images/heldout/H007237.png,data/corrupted/100k_blur_15x15_s5/heldout/H007237.png,411
42643,411,H007238,data/splits/100k/images/heldout/H007238.png,data/corrupted/100k_blur_15x15_s5/heldout/H007238.png,411
42659,411,H007239,data/splits/100k/images/heldout/H007239.png,data/corrupted/100k_blur_15x15_s5/heldout/H007239.png,411
43840,435,H007240,data/splits/100k/images/heldout/H007240.png,data/corrupted/100k_blur_15x15_s5/heldout/H007240.png,435
43863,435,H007241,data/splits/100k/images/heldout/H007241.png,data/corrupted/100k_blur_15x15_s5/heldout/H007241.png,435
43829,435,H007242,data/splits/100k/images/heldout/H007242.png,data/corrupted/100k_blur_15x15_s5/heldout/H007242.png,435
43848,435,H007243,data/splits/100k/images/heldout/H007243.png,data/corrupted/100k_blur_15x15_s5/heldout/H007243.png,435
74558,889,H007244,data/splits/100k/images/heldout/H007244.png,data/corrupted/100k_blur_15x15_s5/heldout/H007244.png,889
74580,889,H007245,data/splits/100k/images/heldout/H007245.png,data/corrupted/100k_blur_15x15_s5/heldout/H007245.png,889
74599,889,H007246,data/splits/100k/images/heldout/H007246.png,data/corrupted/100k_blur_15x15_s5/heldout/H007246.png,889
74602,889,H007247,data/splits/100k/images/heldout/H007247.png,data/corrupted/100k_blur_15x15_s5/heldout/H007247.png,889
83355,1008,H007248,data/splits/100k/images/heldout/H007248.png,data/corrupted/100k_blur_15x15_s5/heldout/H007248.png,1008
83325,1008,H007249,data/splits/100k/images/heldout/H007249.png,data/corrupted/100k_blur_15x15_s5/heldout/H007249.png,1008
83345,1008,H007250,data/splits/100k/images/heldout/H007250.png,data/corrupted/100k_blur_15x15_s5/heldout/H007250.png,1008
83321,1008,H007251,data/splits/100k/images/heldout/H007251.png,data/corrupted/100k_blur_15x15_s5/heldout/H007251.png,1008
88008,1062,H007252,data/splits/100k/images/heldout/H007252.png,data/corrupted/100k_blur_15x15_s5/heldout/H007252.png,1062
87985,1062,H007253,data/splits/100k/images/heldout/H007253.png,data/corrupted/100k_blur_15x15_s5/heldout/H007253.png,1062
87951,1062,H007254,data/splits/100k/images/heldout/H007254.png,data/corrupted/100k_blur_15x15_s5/heldout/H007254.png,1062
87999,1062,H007255,data/splits/100k/images/heldout/H007255.png,data/corrupted/100k_blur_15x15_s5/heldout/H007255.png,1062
124128,1669,H007256,data/splits/100k/images/heldout/H007256.png,data/corrupted/100k_blur_15x15_s5/heldout/H007256.png,1669
124108,1669,H007257,data/splits/100k/images/heldout/H007257.png,data/corrupted/100k_blur_15x15_s5/heldout/H007257.png,1669
124141,1669,H007258,data/splits/100k/images/heldout/H007258.png,data/corrupted/100k_blur_15x15_s5/heldout/H007258.png,1669
124136,1669,H007259,data/splits/100k/images/heldout/H007259.png,data/corrupted/100k_blur_15x15_s5/heldout/H007259.png,1669
134114,1891,H007260,data/splits/100k/images/heldout/H007260.png,data/corrupted/100k_blur_15x15_s5/heldout/H007260.png,1891
134132,1891,H007261,data/splits/100k/images/heldout/H007261.png,data/corrupted/100k_blur_15x15_s5/heldout/H007261.png,1891
134124,1891,H007262,data/splits/100k/images/heldout/H007262.png,data/corrupted/100k_blur_15x15_s5/heldout/H007262.png,1891
134133,1891,H007263,data/splits/100k/images/heldout/H007263.png,data/corrupted/100k_blur_15x15_s5/heldout/H007263.png,1891
153318,2291,H007264,data/splits/100k/images/heldout/H007264.png,data/corrupted/100k_blur_15x15_s5/heldout/H007264.png,2291
153335,2291,H007265,data/splits/100k/images/heldout/H007265.png,data/corrupted/100k_blur_15x15_s5/heldout/H007265.png,2291
153358,2291,H007266,data/splits/100k/images/heldout/H007266.png,data/corrupted/100k_blur_15x15_s5/heldout/H007266.png,2291
153331,2291,H007267,data/splits/100k/images/heldout/H007267.png,data/corrupted/100k_blur_15x15_s5/heldout/H007267.png,2291
153810,2306,H007268,data/splits/100k/images/heldout/H007268.png,data/corrupted/100k_blur_15x15_s5/heldout/H007268.png,2306
153815,2306,H007269,data/splits/100k/images/heldout/H007269.png,data/corrupted/100k_blur_15x15_s5/heldout/H007269.png,2306
153781,2306,H007270,data/splits/100k/images/heldout/H007270.png,data/corrupted/100k_blur_15x15_s5/heldout/H007270.png,2306
153785,2306,H007271,data/splits/100k/images/heldout/H007271.png,data/corrupted/100k_blur_15x15_s5/heldout/H007271.png,2306
189179,3010,H007272,data/splits/100k/images/heldout/H007272.png,data/corrupted/100k_blur_15x15_s5/heldout/H007272.png,3010
189193,3010,H007273,data/splits/100k/images/heldout/H007273.png,data/corrupted/100k_blur_15x15_s5/heldout/H007273.png,3010
189173,3010,H007274,data/splits/100k/images/heldout/H007274.png,data/corrupted/100k_blur_15x15_s5/heldout/H007274.png,3010
189187,3010,H007275,data/splits/100k/images/heldout/H007275.png,data/corrupted/100k_blur_15x15_s5/heldout/H007275.png,3010
231610,3951,H007276,data/splits/100k/images/heldout/H007276.png,data/corrupted/100k_blur_15x15_s5/heldout/H007276.png,3951
231575,3951,H007277,data/splits/100k/images/heldout/H007277.png,data/corrupted/100k_blur_15x15_s5/heldout/H007277.png,3951
231565,3951,H007278,data/splits/100k/images/heldout/H007278.png,data/corrupted/100k_blur_15x15_s5/heldout/H007278.png,3951
231585,3951,H007279,data/splits/100k/images/heldout/H007279.png,data/corrupted/100k_blur_15x15_s5/heldout/H007279.png,3951
234670,4011,H007280,data/splits/100k/images/heldout/H007280.png,data/corrupted/100k_blur_15x15_s5/heldout/H007280.png,4011
234610,4011,H007281,data/splits/100k/images/heldout/H007281.png,data/corrupted/100k_blur_15x15_s5/heldout/H007281.png,4011
234656,4011,H007282,data/splits/100k/images/heldout/H007282.png,data/corrupted/100k_blur_15x15_s5/heldout/H007282.png,4011
234637,4011,H007283,data/splits/100k/images/heldout/H007283.png,data/corrupted/100k_blur_15x15_s5/heldout/H007283.png,4011
246636,4257,H007284,data/splits/100k/images/heldout/H007284.png,data/corrupted/100k_blur_15x15_s5/heldout/H007284.png,4257
246630,4257,H007285,data/splits/100k/images/heldout/H007285.png,data/corrupted/100k_blur_15x15_s5/heldout/H007285.png,4257
246594,4257,H007286,data/splits/100k/images/heldout/H007286.png,data/corrupted/100k_blur_15x15_s5/heldout/H007286.png,4257
246642,4257,H007287,data/splits/100k/images/heldout/H007287.png,data/corrupted/100k_blur_15x15_s5/heldout/H007287.png,4257
248407,4292,H007288,data/splits/100k/images/heldout/H007288.png,data/corrupted/100k_blur_15x15_s5/heldout/H007288.png,4292
248444,4292,H007289,data/splits/100k/images/heldout/H007289.png,data/corrupted/100k_blur_15x15_s5/heldout/H007289.png,4292
248426,4292,H007290,data/splits/100k/images/heldout/H007290.png,data/corrupted/100k_blur_15x15_s5/heldout/H007290.png,4292
248441,4292,H007291,data/splits/100k/images/heldout/H007291.png,data/corrupted/100k_blur_15x15_s5/heldout/H007291.png,4292
253910,4399,H007292,data/splits/100k/images/heldout/H007292.png,data/corrupted/100k_blur_15x15_s5/heldout/H007292.png,4399
253856,4399,H007293,data/splits/100k/images/heldout/H007293.png,data/corrupted/100k_blur_15x15_s5/heldout/H007293.png,4399
253873,4399,H007294,data/splits/100k/images/heldout/H007294.png,data/corrupted/100k_blur_15x15_s5/heldout/H007294.png,4399
253902,4399,H007295,data/splits/100k/images/heldout/H007295.png,data/corrupted/100k_blur_15x15_s5/heldout/H007295.png,4399
256498,4450,H007296,data/splits/100k/images/heldout/H007296.png,data/corrupted/100k_blur_15x15_s5/heldout/H007296.png,4450
256503,4450,H007297,data/splits/100k/images/heldout/H007297.png,data/corrupted/100k_blur_15x15_s5/heldout/H007297.png,4450
256530,4450,H007298,data/splits/100k/images/heldout/H007298.png,data/corrupted/100k_blur_15x15_s5/heldout/H007298.png,4450
256507,4450,H007299,data/splits/100k/images/heldout/H007299.png,data/corrupted/100k_blur_15x15_s5/heldout/H007299.png,4450
289701,5202,H007300,data/splits/100k/images/heldout/H007300.png,data/corrupted/100k_blur_15x15_s5/heldout/H007300.png,5202
289707,5202,H007301,data/splits/100k/images/heldout/H007301.png,data/corrupted/100k_blur_15x15_s5/heldout/H007301.png,5202
289731,5202,H007302,data/splits/100k/images/heldout/H007302.png,data/corrupted/100k_blur_15x15_s5/heldout/H007302.png,5202
289708,5202,H007303,data/splits/100k/images/heldout/H007303.png,data/corrupted/100k_blur_15x15_s5/heldout/H007303.png,5202
291099,5235,H007304,data/splits/100k/images/heldout/H007304.png,data/corrupted/100k_blur_15x15_s5/heldout/H007304.png,5235
291063,5235,H007305,data/splits/100k/images/heldout/H007305.png,data/corrupted/100k_blur_15x15_s5/heldout/H007305.png,5235
291071,5235,H007306,data/splits/100k/images/heldout/H007306.png,data/corrupted/100k_blur_15x15_s5/heldout/H007306.png,5235
291069,5235,H007307,data/splits/100k/images/heldout/H007307.png,data/corrupted/100k_blur_15x15_s5/heldout/H007307.png,5235
295183,5319,H007308,data/splits/100k/images/heldout/H007308.png,data/corrupted/100k_blur_15x15_s5/heldout/H007308.png,5319
295192,5319,H007309,data/splits/100k/images/heldout/H007309.png,data/corrupted/100k_blur_15x15_s5/heldout/H007309.png,5319
295171,5319,H007310,data/splits/100k/images/heldout/H007310.png,data/corrupted/100k_blur_15x15_s5/heldout/H007310.png,5319
295185,5319,H007311,data/splits/100k/images/heldout/H007311.png,data/corrupted/100k_blur_15x15_s5/heldout/H007311.png,5319
299987,5436,H007312,data/splits/100k/images/heldout/H007312.png,data/corrupted/100k_blur_15x15_s5/heldout/H007312.png,5436
300023,5436,H007313,data/splits/100k/images/heldout/H007313.png,data/corrupted/100k_blur_15x15_s5/heldout/H007313.png,5436
299984,5436,H007314,data/splits/100k/images/heldout/H007314.png,data/corrupted/100k_blur_15x15_s5/heldout/H007314.png,5436
300001,5436,H007315,data/splits/100k/images/heldout/H007315.png,data/corrupted/100k_blur_15x15_s5/heldout/H007315.png,5436
328534,6059,H007316,data/splits/100k/images/heldout/H007316.png,data/corrupted/100k_blur_15x15_s5/heldout/H007316.png,6059
328580,6059,H007317,data/splits/100k/images/heldout/H007317.png,data/corrupted/100k_blur_15x15_s5/heldout/H007317.png,6059
328556,6059,H007318,data/splits/100k/images/heldout/H007318.png,data/corrupted/100k_blur_15x15_s5/heldout/H007318.png,6059
328575,6059,H007319,data/splits/100k/images/heldout/H007319.png,data/corrupted/100k_blur_15x15_s5/heldout/H007319.png,6059
337330,6244,H007320,data/splits/100k/images/heldout/H007320.png,data/corrupted/100k_blur_15x15_s5/heldout/H007320.png,6244
337385,6244,H007321,data/splits/100k/images/heldout/H007321.png,data/corrupted/100k_blur_15x15_s5/heldout/H007321.png,6244
337357,6244,H007322,data/splits/100k/images/heldout/H007322.png,data/corrupted/100k_blur_15x15_s5/heldout/H007322.png,6244
337380,6244,H007323,data/splits/100k/images/heldout/H007323.png,data/corrupted/100k_blur_15x15_s5/heldout/H007323.png,6244
338325,6271,H007324,data/splits/100k/images/heldout/H007324.png,data/corrupted/100k_blur_15x15_s5/heldout/H007324.png,6271
338352,6271,H007325,data/splits/100k/images/heldout/H007325.png,data/corrupted/100k_blur_15x15_s5/heldout/H007325.png,6271
338316,6271,H007326,data/splits/100k/images/heldout/H007326.png,data/corrupted/100k_blur_15x15_s5/heldout/H007326.png,6271
338321,6271,H007327,data/splits/100k/images/heldout/H007327.png,data/corrupted/100k_blur_15x15_s5/heldout/H007327.png,6271
349819,6513,H007328,data/splits/100k/images/heldout/H007328.png,data/corrupted/100k_blur_15x15_s5/heldout/H007328.png,6513
349777,6513,H007329,data/splits/100k/images/heldout/H007329.png,data/corrupted/100k_blur_15x15_s5/heldout/H007329.png,6513
349780,6513,H007330,data/splits/100k/images/heldout/H007330.png,data/corrupted/100k_blur_15x15_s5/heldout/H007330.png,6513
349770,6513,H007331,data/splits/100k/images/heldout/H007331.png,data/corrupted/100k_blur_15x15_s5/heldout/H007331.png,6513
355624,6663,H007332,data/splits/100k/images/heldout/H007332.png,data/corrupted/100k_blur_15x15_s5/heldout/H007332.png,6663
355592,6663,H007333,data/splits/100k/images/heldout/H007333.png,data/corrupted/100k_blur_15x15_s5/heldout/H007333.png,6663
355573,6663,H007334,data/splits/100k/images/heldout/H007334.png,data/corrupted/100k_blur_15x15_s5/heldout/H007334.png,6663
355591,6663,H007335,data/splits/100k/images/heldout/H007335.png,data/corrupted/100k_blur_15x15_s5/heldout/H007335.png,6663
360228,6756,H007336,data/splits/100k/images/heldout/H007336.png,data/corrupted/100k_blur_15x15_s5/heldout/H007336.png,6756
360218,6756,H007337,data/splits/100k/images/heldout/H007337.png,data/corrupted/100k_blur_15x15_s5/heldout/H007337.png,6756
360184,6756,H007338,data/splits/100k/images/heldout/H007338.png,data/corrupted/100k_blur_15x15_s5/heldout/H007338.png,6756
360219,6756,H007339,data/splits/100k/images/heldout/H007339.png,data/corrupted/100k_blur_15x15_s5/heldout/H007339.png,6756
368470,6960,H007340,data/splits/100k/images/heldout/H007340.png,data/corrupted/100k_blur_15x15_s5/heldout/H007340.png,6960
368447,6960,H007341,data/splits/100k/images/heldout/H007341.png,data/corrupted/100k_blur_15x15_s5/heldout/H007341.png,6960
368453,6960,H007342,data/splits/100k/images/heldout/H007342.png,data/corrupted/100k_blur_15x15_s5/heldout/H007342.png,6960
368441,6960,H007343,data/splits/100k/images/heldout/H007343.png,data/corrupted/100k_blur_15x15_s5/heldout/H007343.png,6960
369623,6993,H007344,data/splits/100k/images/heldout/H007344.png,data/corrupted/100k_blur_15x15_s5/heldout/H007344.png,6993
369618,6993,H007345,data/splits/100k/images/heldout/H007345.png,data/corrupted/100k_blur_15x15_s5/heldout/H007345.png,6993
369636,6993,H007346,data/splits/100k/images/heldout/H007346.png,data/corrupted/100k_blur_15x15_s5/heldout/H007346.png,6993
369622,6993,H007347,data/splits/100k/images/heldout/H007347.png,data/corrupted/100k_blur_15x15_s5/heldout/H007347.png,6993
387860,7464,H007348,data/splits/100k/images/heldout/H007348.png,data/corrupted/100k_blur_15x15_s5/heldout/H007348.png,7464
387846,7464,H007349,data/splits/100k/images/heldout/H007349.png,data/corrupted/100k_blur_15x15_s5/heldout/H007349.png,7464
387877,7464,H007350,data/splits/100k/images/heldout/H007350.png,data/corrupted/100k_blur_15x15_s5/heldout/H007350.png,7464
387876,7464,H007351,data/splits/100k/images/heldout/H007351.png,data/corrupted/100k_blur_15x15_s5/heldout/H007351.png,7464
395830,7698,H007352,data/splits/100k/images/heldout/H007352.png,data/corrupted/100k_blur_15x15_s5/heldout/H007352.png,7698
395816,7698,H007353,data/splits/100k/images/heldout/H007353.png,data/corrupted/100k_blur_15x15_s5/heldout/H007353.png,7698
395840,7698,H007354,data/splits/100k/images/heldout/H007354.png,data/corrupted/100k_blur_15x15_s5/heldout/H007354.png,7698
395868,7698,H007355,data/splits/100k/images/heldout/H007355.png,data/corrupted/100k_blur_15x15_s5/heldout/H007355.png,7698
405763,7981,H007356,data/splits/100k/images/heldout/H007356.png,data/corrupted/100k_blur_15x15_s5/heldout/H007356.png,7981
405747,7981,H007357,data/splits/100k/images/heldout/H007357.png,data/corrupted/100k_blur_15x15_s5/heldout/H007357.png,7981
405744,7981,H007358,data/splits/100k/images/heldout/H007358.png,data/corrupted/100k_blur_15x15_s5/heldout/H007358.png,7981
405734,7981,H007359,data/splits/100k/images/heldout/H007359.png,data/corrupted/100k_blur_15x15_s5/heldout/H007359.png,7981
414968,8234,H007360,data/splits/100k/images/heldout/H007360.png,data/corrupted/100k_blur_15x15_s5/heldout/H007360.png,8234
415011,8234,H007361,data/splits/100k/images/heldout/H007361.png,data/corrupted/100k_blur_15x15_s5/heldout/H007361.png,8234
414967,8234,H007362,data/splits/100k/images/heldout/H007362.png,data/corrupted/100k_blur_15x15_s5/heldout/H007362.png,8234
414958,8234,H007363,data/splits/100k/images/heldout/H007363.png,data/corrupted/100k_blur_15x15_s5/heldout/H007363.png,8234
423593,8476,H007364,data/splits/100k/images/heldout/H007364.png,data/corrupted/100k_blur_15x15_s5/heldout/H007364.png,8476
423605,8476,H007365,data/splits/100k/images/heldout/H007365.png,data/corrupted/100k_blur_15x15_s5/heldout/H007365.png,8476
423568,8476,H007366,data/splits/100k/images/heldout/H007366.png,data/corrupted/100k_blur_15x15_s5/heldout/H007366.png,8476
423601,8476,H007367,data/splits/100k/images/heldout/H007367.png,data/corrupted/100k_blur_15x15_s5/heldout/H007367.png,8476
424650,8507,H007368,data/splits/100k/images/heldout/H007368.png,data/corrupted/100k_blur_15x15_s5/heldout/H007368.png,8507
424663,8507,H007369,data/splits/100k/images/heldout/H007369.png,data/corrupted/100k_blur_15x15_s5/heldout/H007369.png,8507
424680,8507,H007370,data/splits/100k/images/heldout/H007370.png,data/corrupted/100k_blur_15x15_s5/heldout/H007370.png,8507
424622,8507,H007371,data/splits/100k/images/heldout/H007371.png,data/corrupted/100k_blur_15x15_s5/heldout/H007371.png,8507
440883,8950,H007372,data/splits/100k/images/heldout/H007372.png,data/corrupted/100k_blur_15x15_s5/heldout/H007372.png,8950
440875,8950,H007373,data/splits/100k/images/heldout/H007373.png,data/corrupted/100k_blur_15x15_s5/heldout/H007373.png,8950
440856,8950,H007374,data/splits/100k/images/heldout/H007374.png,data/corrupted/100k_blur_15x15_s5/heldout/H007374.png,8950
440876,8950,H007375,data/splits/100k/images/heldout/H007375.png,data/corrupted/100k_blur_15x15_s5/heldout/H007375.png,8950
460272,9545,H007376,data/splits/100k/images/heldout/H007376.png,data/corrupted/100k_blur_15x15_s5/heldout/H007376.png,9545
460259,9545,H007377,data/splits/100k/images/heldout/H007377.png,data/corrupted/100k_blur_15x15_s5/heldout/H007377.png,9545
460256,9545,H007378,data/splits/100k/images/heldout/H007378.png,data/corrupted/100k_blur_15x15_s5/heldout/H007378.png,9545
460223,9545,H007379,data/splits/100k/images/heldout/H007379.png,data/corrupted/100k_blur_15x15_s5/heldout/H007379.png,9545
477152,10080,H007380,data/splits/100k/images/heldout/H007380.png,data/corrupted/100k_blur_15x15_s5/heldout/H007380.png,10080
477179,10080,H007381,data/splits/100k/images/heldout/H007381.png,data/corrupted/100k_blur_15x15_s5/heldout/H007381.png,10080
477177,10080,H007382,data/splits/100k/images/heldout/H007382.png,data/corrupted/100k_blur_15x15_s5/heldout/H007382.png,10080
477181,10080,H007383,data/splits/100k/images/heldout/H007383.png,data/corrupted/100k_blur_15x15_s5/heldout/H007383.png,10080
479234,10148,H007384,data/splits/100k/images/heldout/H007384.png,data/corrupted/100k_blur_15x15_s5/heldout/H007384.png,10148
479252,10148,H007385,data/splits/100k/images/heldout/H007385.png,data/corrupted/100k_blur_15x15_s5/heldout/H007385.png,10148
479222,10148,H007386,data/splits/100k/images/heldout/H007386.png,data/corrupted/100k_blur_15x15_s5/heldout/H007386.png,10148
479199,10148,H007387,data/splits/100k/images/heldout/H007387.png,data/corrupted/100k_blur_15x15_s5/heldout/H007387.png,10148
15659,109,H007388,data/splits/100k/images/heldout/H007388.png,data/corrupted/100k_blur_15x15_s5/heldout/H007388.png,109
15635,109,H007389,data/splits/100k/images/heldout/H007389.png,data/corrupted/100k_blur_15x15_s5/heldout/H007389.png,109
15615,109,H007390,data/splits/100k/images/heldout/H007390.png,data/corrupted/100k_blur_15x15_s5/heldout/H007390.png,109
15611,109,H007391,data/splits/100k/images/heldout/H007391.png,data/corrupted/100k_blur_15x15_s5/heldout/H007391.png,109
23485,191,H007392,data/splits/100k/images/heldout/H007392.png,data/corrupted/100k_blur_15x15_s5/heldout/H007392.png,191
23478,191,H007393,data/splits/100k/images/heldout/H007393.png,data/corrupted/100k_blur_15x15_s5/heldout/H007393.png,191
23458,191,H007394,data/splits/100k/images/heldout/H007394.png,data/corrupted/100k_blur_15x15_s5/heldout/H007394.png,191
23503,191,H007395,data/splits/100k/images/heldout/H007395.png,data/corrupted/100k_blur_15x15_s5/heldout/H007395.png,191
43250,421,H007396,data/splits/100k/images/heldout/H007396.png,data/corrupted/100k_blur_15x15_s5/heldout/H007396.png,421
43258,421,H007397,data/splits/100k/images/heldout/H007397.png,data/corrupted/100k_blur_15x15_s5/heldout/H007397.png,421
43216,421,H007398,data/splits/100k/images/heldout/H007398.png,data/corrupted/100k_blur_15x15_s5/heldout/H007398.png,421
43241,421,H007399,data/splits/100k/images/heldout/H007399.png,data/corrupted/100k_blur_15x15_s5/heldout/H007399.png,421
84328,1019,H007400,data/splits/100k/images/heldout/H007400.png,data/corrupted/100k_blur_15x15_s5/heldout/H007400.png,1019
84308,1019,H007401,data/splits/100k/images/heldout/H007401.png,data/corrupted/100k_blur_15x15_s5/heldout/H007401.png,1019
84338,1019,H007402,data/splits/100k/images/heldout/H007402.png,data/corrupted/100k_blur_15x15_s5/heldout/H007402.png,1019
84333,1019,H007403,data/splits/100k/images/heldout/H007403.png,data/corrupted/100k_blur_15x15_s5/heldout/H007403.png,1019
96486,1179,H007404,data/splits/100k/images/heldout/H007404.png,data/corrupted/100k_blur_15x15_s5/heldout/H007404.png,1179
96536,1179,H007405,data/splits/100k/images/heldout/H007405.png,data/corrupted/100k_blur_15x15_s5/heldout/H007405.png,1179
96525,1179,H007406,data/splits/100k/images/heldout/H007406.png,data/corrupted/100k_blur_15x15_s5/heldout/H007406.png,1179
96497,1179,H007407,data/splits/100k/images/heldout/H007407.png,data/corrupted/100k_blur_15x15_s5/heldout/H007407.png,1179
105000,1286,H007408,data/splits/100k/images/heldout/H007408.png,data/corrupted/100k_blur_15x15_s5/heldout/H007408.png,1286
104982,1286,H007409,data/splits/100k/images/heldout/H007409.png,data/corrupted/100k_blur_15x15_s5/heldout/H007409.png,1286
104999,1286,H007410,data/splits/100k/images/heldout/H007410.png,data/corrupted/100k_blur_15x15_s5/heldout/H007410.png,1286
104960,1286,H007411,data/splits/100k/images/heldout/H007411.png,data/corrupted/100k_blur_15x15_s5/heldout/H007411.png,1286
116287,1523,H007412,data/splits/100k/images/heldout/H007412.png,data/corrupted/100k_blur_15x15_s5/heldout/H007412.png,1523
116299,1523,H007413,data/splits/100k/images/heldout/H007413.png,data/corrupted/100k_blur_15x15_s5/heldout/H007413.png,1523
116296,1523,H007414,data/splits/100k/images/heldout/H007414.png,data/corrupted/100k_blur_15x15_s5/heldout/H007414.png,1523
116297,1523,H007415,data/splits/100k/images/heldout/H007415.png,data/corrupted/100k_blur_15x15_s5/heldout/H007415.png,1523
116997,1538,H007416,data/splits/100k/images/heldout/H007416.png,data/corrupted/100k_blur_15x15_s5/heldout/H007416.png,1538
117033,1538,H007417,data/splits/100k/images/heldout/H007417.png,data/corrupted/100k_blur_15x15_s5/heldout/H007417.png,1538
116991,1538,H007418,data/splits/100k/images/heldout/H007418.png,data/corrupted/100k_blur_15x15_s5/heldout/H007418.png,1538
117013,1538,H007419,data/splits/100k/images/heldout/H007419.png,data/corrupted/100k_blur_15x15_s5/heldout/H007419.png,1538
118051,1546,H007420,data/splits/100k/images/heldout/H007420.png,data/corrupted/100k_blur_15x15_s5/heldout/H007420.png,1546
118050,1546,H007421,data/splits/100k/images/heldout/H007421.png,data/corrupted/100k_blur_15x15_s5/heldout/H007421.png,1546
118053,1546,H007422,data/splits/100k/images/heldout/H007422.png,data/corrupted/100k_blur_15x15_s5/heldout/H007422.png,1546
118108,1546,H007423,data/splits/100k/images/heldout/H007423.png,data/corrupted/100k_blur_15x15_s5/heldout/H007423.png,1546
137964,1985,H007424,data/splits/100k/images/heldout/H007424.png,data/corrupted/100k_blur_15x15_s5/heldout/H007424.png,1985
137965,1985,H007425,data/splits/100k/images/heldout/H007425.png,data/corrupted/100k_blur_15x15_s5/heldout/H007425.png,1985
137971,1985,H007426,data/splits/100k/images/heldout/H007426.png,data/corrupted/100k_blur_15x15_s5/heldout/H007426.png,1985
137957,1985,H007427,data/splits/100k/images/heldout/H007427.png,data/corrupted/100k_blur_15x15_s5/heldout/H007427.png,1985
139475,2009,H007428,data/splits/100k/images/heldout/H007428.png,data/corrupted/100k_blur_15x15_s5/heldout/H007428.png,2009
139447,2009,H007429,data/splits/100k/images/heldout/H007429.png,data/corrupted/100k_blur_15x15_s5/heldout/H007429.png,2009
139491,2009,H007430,data/splits/100k/images/heldout/H007430.png,data/corrupted/100k_blur_15x15_s5/heldout/H007430.png,2009
139487,2009,H007431,data/splits/100k/images/heldout/H007431.png,data/corrupted/100k_blur_15x15_s5/heldout/H007431.png,2009
150662,2227,H007432,data/splits/100k/images/heldout/H007432.png,data/corrupted/100k_blur_15x15_s5/heldout/H007432.png,2227
150652,2227,H007433,data/splits/100k/images/heldout/H007433.png,data/corrupted/100k_blur_15x15_s5/heldout/H007433.png,2227
150629,2227,H007434,data/splits/100k/images/heldout/H007434.png,data/corrupted/100k_blur_15x15_s5/heldout/H007434.png,2227
150654,2227,H007435,data/splits/100k/images/heldout/H007435.png,data/corrupted/100k_blur_15x15_s5/heldout/H007435.png,2227
150974,2240,H007436,data/splits/100k/images/heldout/H007436.png,data/corrupted/100k_blur_15x15_s5/heldout/H007436.png,2240
150971,2240,H007437,data/splits/100k/images/heldout/H007437.png,data/corrupted/100k_blur_15x15_s5/heldout/H007437.png,2240
150998,2240,H007438,data/splits/100k/images/heldout/H007438.png,data/corrupted/100k_blur_15x15_s5/heldout/H007438.png,2240
150993,2240,H007439,data/splits/100k/images/heldout/H007439.png,data/corrupted/100k_blur_15x15_s5/heldout/H007439.png,2240
162842,2478,H007440,data/splits/100k/images/heldout/H007440.png,data/corrupted/100k_blur_15x15_s5/heldout/H007440.png,2478
162861,2478,H007441,data/splits/100k/images/heldout/H007441.png,data/corrupted/100k_blur_15x15_s5/heldout/H007441.png,2478
162852,2478,H007442,data/splits/100k/images/heldout/H007442.png,data/corrupted/100k_blur_15x15_s5/heldout/H007442.png,2478
162860,2478,H007443,data/splits/100k/images/heldout/H007443.png,data/corrupted/100k_blur_15x15_s5/heldout/H007443.png,2478
164812,2520,H007444,data/splits/100k/images/heldout/H007444.png,data/corrupted/100k_blur_15x15_s5/heldout/H007444.png,2520
164820,2520,H007445,data/splits/100k/images/heldout/H007445.png,data/corrupted/100k_blur_15x15_s5/heldout/H007445.png,2520
164824,2520,H007446,data/splits/100k/images/heldout/H007446.png,data/corrupted/100k_blur_15x15_s5/heldout/H007446.png,2520
164838,2520,H007447,data/splits/100k/images/heldout/H007447.png,data/corrupted/100k_blur_15x15_s5/heldout/H007447.png,2520
188840,3004,H007448,data/splits/100k/images/heldout/H007448.png,data/corrupted/100k_blur_15x15_s5/heldout/H007448.png,3004
188805,3004,H007449,data/splits/100k/images/heldout/H007449.png,data/corrupted/100k_blur_15x15_s5/heldout/H007449.png,3004
188781,3004,H007450,data/splits/100k/images/heldout/H007450.png,data/corrupted/100k_blur_15x15_s5/heldout/H007450.png,3004
188786,3004,H007451,data/splits/100k/images/heldout/H007451.png,data/corrupted/100k_blur_15x15_s5/heldout/H007451.png,3004
218827,3676,H007452,data/splits/100k/images/heldout/H007452.png,data/corrupted/100k_blur_15x15_s5/heldout/H007452.png,3676
218845,3676,H007453,data/splits/100k/images/heldout/H007453.png,data/corrupted/100k_blur_15x15_s5/heldout/H007453.png,3676
218839,3676,H007454,data/splits/100k/images/heldout/H007454.png,data/corrupted/100k_blur_15x15_s5/heldout/H007454.png,3676
218869,3676,H007455,data/splits/100k/images/heldout/H007455.png,data/corrupted/100k_blur_15x15_s5/heldout/H007455.png,3676
226424,3825,H007456,data/splits/100k/images/heldout/H007456.png,data/corrupted/100k_blur_15x15_s5/heldout/H007456.png,3825
226411,3825,H007457,data/splits/100k/images/heldout/H007457.png,data/corrupted/100k_blur_15x15_s5/heldout/H007457.png,3825
226420,3825,H007458,data/splits/100k/images/heldout/H007458.png,data/corrupted/100k_blur_15x15_s5/heldout/H007458.png,3825
226430,3825,H007459,data/splits/100k/images/heldout/H007459.png,data/corrupted/100k_blur_15x15_s5/heldout/H007459.png,3825
230135,3926,H007460,data/splits/100k/images/heldout/H007460.png,data/corrupted/100k_blur_15x15_s5/heldout/H007460.png,3926
230128,3926,H007461,data/splits/100k/images/heldout/H007461.png,data/corrupted/100k_blur_15x15_s5/heldout/H007461.png,3926
230161,3926,H007462,data/splits/100k/images/heldout/H007462.png,data/corrupted/100k_blur_15x15_s5/heldout/H007462.png,3926
230170,3926,H007463,data/splits/100k/images/heldout/H007463.png,data/corrupted/100k_blur_15x15_s5/heldout/H007463.png,3926
237360,4064,H007464,data/splits/100k/images/heldout/H007464.png,data/corrupted/100k_blur_15x15_s5/heldout/H007464.png,4064
237390,4064,H007465,data/splits/100k/images/heldout/H007465.png,data/corrupted/100k_blur_15x15_s5/heldout/H007465.png,4064
237397,4064,H007466,data/splits/100k/images/heldout/H007466.png,data/corrupted/100k_blur_15x15_s5/heldout/H007466.png,4064
237399,4064,H007467,data/splits/100k/images/heldout/H007467.png,data/corrupted/100k_blur_15x15_s5/heldout/H007467.png,4064
241328,4151,H007468,data/splits/100k/images/heldout/H007468.png,data/corrupted/100k_blur_15x15_s5/heldout/H007468.png,4151
241281,4151,H007469,data/splits/100k/images/heldout/H007469.png,data/corrupted/100k_blur_15x15_s5/heldout/H007469.png,4151
241298,4151,H007470,data/splits/100k/images/heldout/H007470.png,data/corrupted/100k_blur_15x15_s5/heldout/H007470.png,4151
241303,4151,H007471,data/splits/100k/images/heldout/H007471.png,data/corrupted/100k_blur_15x15_s5/heldout/H007471.png,4151
292831,5273,H007472,data/splits/100k/images/heldout/H007472.png,data/corrupted/100k_blur_15x15_s5/heldout/H007472.png,5273
292837,5273,H007473,data/splits/100k/images/heldout/H007473.png,data/corrupted/100k_blur_15x15_s5/heldout/H007473.png,5273
292884,5273,H007474,data/splits/100k/images/heldout/H007474.png,data/corrupted/100k_blur_15x15_s5/heldout/H007474.png,5273
292844,5273,H007475,data/splits/100k/images/heldout/H007475.png,data/corrupted/100k_blur_15x15_s5/heldout/H007475.png,5273
323802,5958,H007476,data/splits/100k/images/heldout/H007476.png,data/corrupted/100k_blur_15x15_s5/heldout/H007476.png,5958
323778,5958,H007477,data/splits/100k/images/heldout/H007477.png,data/corrupted/100k_blur_15x15_s5/heldout/H007477.png,5958
323779,5958,H007478,data/splits/100k/images/heldout/H007478.png,data/corrupted/100k_blur_15x15_s5/heldout/H007478.png,5958
323787,5958,H007479,data/splits/100k/images/heldout/H007479.png,data/corrupted/100k_blur_15x15_s5/heldout/H007479.png,5958
327287,6030,H007480,data/splits/100k/images/heldout/H007480.png,data/corrupted/100k_blur_15x15_s5/heldout/H007480.png,6030
327329,6030,H007481,data/splits/100k/images/heldout/H007481.png,data/corrupted/100k_blur_15x15_s5/heldout/H007481.png,6030
327327,6030,H007482,data/splits/100k/images/heldout/H007482.png,data/corrupted/100k_blur_15x15_s5/heldout/H007482.png,6030
327283,6030,H007483,data/splits/100k/images/heldout/H007483.png,data/corrupted/100k_blur_15x15_s5/heldout/H007483.png,6030
327763,6045,H007484,data/splits/100k/images/heldout/H007484.png,data/corrupted/100k_blur_15x15_s5/heldout/H007484.png,6045
327769,6045,H007485,data/splits/100k/images/heldout/H007485.png,data/corrupted/100k_blur_15x15_s5/heldout/H007485.png,6045
327799,6045,H007486,data/splits/100k/images/heldout/H007486.png,data/corrupted/100k_blur_15x15_s5/heldout/H007486.png,6045
327745,6045,H007487,data/splits/100k/images/heldout/H007487.png,data/corrupted/100k_blur_15x15_s5/heldout/H007487.png,6045
345927,6412,H007488,data/splits/100k/images/heldout/H007488.png,data/corrupted/100k_blur_15x15_s5/heldout/H007488.png,6412
345953,6412,H007489,data/splits/100k/images/heldout/H007489.png,data/corrupted/100k_blur_15x15_s5/heldout/H007489.png,6412
345923,6412,H007490,data/splits/100k/images/heldout/H007490.png,data/corrupted/100k_blur_15x15_s5/heldout/H007490.png,6412
345960,6412,H007491,data/splits/100k/images/heldout/H007491.png,data/corrupted/100k_blur_15x15_s5/heldout/H007491.png,6412
346695,6432,H007492,data/splits/100k/images/heldout/H007492.png,data/corrupted/100k_blur_15x15_s5/heldout/H007492.png,6432
346680,6432,H007493,data/splits/100k/images/heldout/H007493.png,data/corrupted/100k_blur_15x15_s5/heldout/H007493.png,6432
346704,6432,H007494,data/splits/100k/images/heldout/H007494.png,data/corrupted/100k_blur_15x15_s5/heldout/H007494.png,6432
346697,6432,H007495,data/splits/100k/images/heldout/H007495.png,data/corrupted/100k_blur_15x15_s5/heldout/H007495.png,6432
347250,6441,H007496,data/splits/100k/images/heldout/H007496.png,data/corrupted/100k_blur_15x15_s5/heldout/H007496.png,6441
347209,6441,H007497,data/splits/100k/images/heldout/H007497.png,data/corrupted/100k_blur_15x15_s5/heldout/H007497.png,6441
347205,6441,H007498,data/splits/100k/images/heldout/H007498.png,data/corrupted/100k_blur_15x15_s5/heldout/H007498.png,6441
347254,6441,H007499,data/splits/100k/images/heldout/H007499.png,data/corrupted/100k_blur_15x15_s5/heldout/H007499.png,6441
348517,6483,H007500,data/splits/100k/images/heldout/H007500.png,data/corrupted/100k_blur_15x15_s5/heldout/H007500.png,6483
348540,6483,H007501,data/splits/100k/images/heldout/H007501.png,data/corrupted/100k_blur_15x15_s5/heldout/H007501.png,6483
348567,6483,H007502,data/splits/100k/images/heldout/H007502.png,data/corrupted/100k_blur_15x15_s5/heldout/H007502.png,6483
348529,6483,H007503,data/splits/100k/images/heldout/H007503.png,data/corrupted/100k_blur_15x15_s5/heldout/H007503.png,6483
352894,6599,H007504,data/splits/100k/images/heldout/H007504.png,data/corrupted/100k_blur_15x15_s5/heldout/H007504.png,6599
352899,6599,H007505,data/splits/100k/images/heldout/H007505.png,data/corrupted/100k_blur_15x15_s5/heldout/H007505.png,6599
352889,6599,H007506,data/splits/100k/images/heldout/H007506.png,data/corrupted/100k_blur_15x15_s5/heldout/H007506.png,6599
352864,6599,H007507,data/splits/100k/images/heldout/H007507.png,data/corrupted/100k_blur_15x15_s5/heldout/H007507.png,6599
369736,6996,H007508,data/splits/100k/images/heldout/H007508.png,data/corrupted/100k_blur_15x15_s5/heldout/H007508.png,6996
369741,6996,H007509,data/splits/100k/images/heldout/H007509.png,data/corrupted/100k_blur_15x15_s5/heldout/H007509.png,6996
369743,6996,H007510,data/splits/100k/images/heldout/H007510.png,data/corrupted/100k_blur_15x15_s5/heldout/H007510.png,6996
369732,6996,H007511,data/splits/100k/images/heldout/H007511.png,data/corrupted/100k_blur_15x15_s5/heldout/H007511.png,6996
373981,7088,H007512,data/splits/100k/images/heldout/H007512.png,data/corrupted/100k_blur_15x15_s5/heldout/H007512.png,7088
373952,7088,H007513,data/splits/100k/images/heldout/H007513.png,data/corrupted/100k_blur_15x15_s5/heldout/H007513.png,7088
373978,7088,H007514,data/splits/100k/images/heldout/H007514.png,data/corrupted/100k_blur_15x15_s5/heldout/H007514.png,7088
373975,7088,H007515,data/splits/100k/images/heldout/H007515.png,data/corrupted/100k_blur_15x15_s5/heldout/H007515.png,7088
402407,7888,H007516,data/splits/100k/images/heldout/H007516.png,data/corrupted/100k_blur_15x15_s5/heldout/H007516.png,7888
402451,7888,H007517,data/splits/100k/images/heldout/H007517.png,data/corrupted/100k_blur_15x15_s5/heldout/H007517.png,7888
402429,7888,H007518,data/splits/100k/images/heldout/H007518.png,data/corrupted/100k_blur_15x15_s5/heldout/H007518.png,7888
402431,7888,H007519,data/splits/100k/images/heldout/H007519.png,data/corrupted/100k_blur_15x15_s5/heldout/H007519.png,7888
409581,8074,H007520,data/splits/100k/images/heldout/H007520.png,data/corrupted/100k_blur_15x15_s5/heldout/H007520.png,8074
409574,8074,H007521,data/splits/100k/images/heldout/H007521.png,data/corrupted/100k_blur_15x15_s5/heldout/H007521.png,8074
409583,8074,H007522,data/splits/100k/images/heldout/H007522.png,data/corrupted/100k_blur_15x15_s5/heldout/H007522.png,8074
409603,8074,H007523,data/splits/100k/images/heldout/H007523.png,data/corrupted/100k_blur_15x15_s5/heldout/H007523.png,8074
417123,8303,H007524,data/splits/100k/images/heldout/H007524.png,data/corrupted/100k_blur_15x15_s5/heldout/H007524.png,8303
417109,8303,H007525,data/splits/100k/images/heldout/H007525.png,data/corrupted/100k_blur_15x15_s5/heldout/H007525.png,8303
417098,8303,H007526,data/splits/100k/images/heldout/H007526.png,data/corrupted/100k_blur_15x15_s5/heldout/H007526.png,8303
417115,8303,H007527,data/splits/100k/images/heldout/H007527.png,data/corrupted/100k_blur_15x15_s5/heldout/H007527.png,8303
431341,8695,H007528,data/splits/100k/images/heldout/H007528.png,data/corrupted/100k_blur_15x15_s5/heldout/H007528.png,8695
431363,8695,H007529,data/splits/100k/images/heldout/H007529.png,data/corrupted/100k_blur_15x15_s5/heldout/H007529.png,8695
431342,8695,H007530,data/splits/100k/images/heldout/H007530.png,data/corrupted/100k_blur_15x15_s5/heldout/H007530.png,8695
431351,8695,H007531,data/splits/100k/images/heldout/H007531.png,data/corrupted/100k_blur_15x15_s5/heldout/H007531.png,8695
435235,8794,H007532,data/splits/100k/images/heldout/H007532.png,data/corrupted/100k_blur_15x15_s5/heldout/H007532.png,8794
435264,8794,H007533,data/splits/100k/images/heldout/H007533.png,data/corrupted/100k_blur_15x15_s5/heldout/H007533.png,8794
435238,8794,H007534,data/splits/100k/images/heldout/H007534.png,data/corrupted/100k_blur_15x15_s5/heldout/H007534.png,8794
435247,8794,H007535,data/splits/100k/images/heldout/H007535.png,data/corrupted/100k_blur_15x15_s5/heldout/H007535.png,8794
438802,8883,H007536,data/splits/100k/images/heldout/H007536.png,data/corrupted/100k_blur_15x15_s5/heldout/H007536.png,8883
438835,8883,H007537,data/splits/100k/images/heldout/H007537.png,data/corrupted/100k_blur_15x15_s5/heldout/H007537.png,8883
438809,8883,H007538,data/splits/100k/images/heldout/H007538.png,data/corrupted/100k_blur_15x15_s5/heldout/H007538.png,8883
438804,8883,H007539,data/splits/100k/images/heldout/H007539.png,data/corrupted/100k_blur_15x15_s5/heldout/H007539.png,8883
448586,9193,H007540,data/splits/100k/images/heldout/H007540.png,data/corrupted/100k_blur_15x15_s5/heldout/H007540.png,9193
448607,9193,H007541,data/splits/100k/images/heldout/H007541.png,data/corrupted/100k_blur_15x15_s5/heldout/H007541.png,9193
448611,9193,H007542,data/splits/100k/images/heldout/H007542.png,data/corrupted/100k_blur_15x15_s5/heldout/H007542.png,9193
448582,9193,H007543,data/splits/100k/images/heldout/H007543.png,data/corrupted/100k_blur_15x15_s5/heldout/H007543.png,9193
453127,9311,H007544,data/splits/100k/images/heldout/H007544.png,data/corrupted/100k_blur_15x15_s5/heldout/H007544.png,9311
453130,9311,H007545,data/splits/100k/images/heldout/H007545.png,data/corrupted/100k_blur_15x15_s5/heldout/H007545.png,9311
453123,9311,H007546,data/splits/100k/images/heldout/H007546.png,data/corrupted/100k_blur_15x15_s5/heldout/H007546.png,9311
453147,9311,H007547,data/splits/100k/images/heldout/H007547.png,data/corrupted/100k_blur_15x15_s5/heldout/H007547.png,9311
458773,9512,H007548,data/splits/100k/images/heldout/H007548.png,data/corrupted/100k_blur_15x15_s5/heldout/H007548.png,9512
458830,9512,H007549,data/splits/100k/images/heldout/H007549.png,data/corrupted/100k_blur_15x15_s5/heldout/H007549.png,9512
458804,9512,H007550,data/splits/100k/images/heldout/H007550.png,data/corrupted/100k_blur_15x15_s5/heldout/H007550.png,9512
458793,9512,H007551,data/splits/100k/images/heldout/H007551.png,data/corrupted/100k_blur_15x15_s5/heldout/H007551.png,9512
459656,9533,H007552,data/splits/100k/images/heldout/H007552.png,data/corrupted/100k_blur_15x15_s5/heldout/H007552.png,9533
459653,9533,H007553,data/splits/100k/images/heldout/H007553.png,data/corrupted/100k_blur_15x15_s5/heldout/H007553.png,9533
459622,9533,H007554,data/splits/100k/images/heldout/H007554.png,data/corrupted/100k_blur_15x15_s5/heldout/H007554.png,9533
459669,9533,H007555,data/splits/100k/images/heldout/H007555.png,data/corrupted/100k_blur_15x15_s5/heldout/H007555.png,9533
470178,9849,H007556,data/splits/100k/images/heldout/H007556.png,data/corrupted/100k_blur_15x15_s5/heldout/H007556.png,9849
470168,9849,H007557,data/splits/100k/images/heldout/H007557.png,data/corrupted/100k_blur_15x15_s5/heldout/H007557.png,9849
470147,9849,H007558,data/splits/100k/images/heldout/H007558.png,data/corrupted/100k_blur_15x15_s5/heldout/H007558.png,9849
470188,9849,H007559,data/splits/100k/images/heldout/H007559.png,data/corrupted/100k_blur_15x15_s5/heldout/H007559.png,9849
10359,59,H007560,data/splits/100k/images/heldout/H007560.png,data/corrupted/100k_blur_15x15_s5/heldout/H007560.png,59
10346,59,H007561,data/splits/100k/images/heldout/H007561.png,data/corrupted/100k_blur_15x15_s5/heldout/H007561.png,59
10345,59,H007562,data/splits/100k/images/heldout/H007562.png,data/corrupted/100k_blur_15x15_s5/heldout/H007562.png,59
10331,59,H007563,data/splits/100k/images/heldout/H007563.png,data/corrupted/100k_blur_15x15_s5/heldout/H007563.png,59
16428,124,H007564,data/splits/100k/images/heldout/H007564.png,data/corrupted/100k_blur_15x15_s5/heldout/H007564.png,124
16426,124,H007565,data/splits/100k/images/heldout/H007565.png,data/corrupted/100k_blur_15x15_s5/heldout/H007565.png,124
16427,124,H007566,data/splits/100k/images/heldout/H007566.png,data/corrupted/100k_blur_15x15_s5/heldout/H007566.png,124
16445,124,H007567,data/splits/100k/images/heldout/H007567.png,data/corrupted/100k_blur_15x15_s5/heldout/H007567.png,124
20092,159,H007568,data/splits/100k/images/heldout/H007568.png,data/corrupted/100k_blur_15x15_s5/heldout/H007568.png,159
20118,159,H007569,data/splits/100k/images/heldout/H007569.png,data/corrupted/100k_blur_15x15_s5/heldout/H007569.png,159
20139,159,H007570,data/splits/100k/images/heldout/H007570.png,data/corrupted/100k_blur_15x15_s5/heldout/H007570.png,159
20135,159,H007571,data/splits/100k/images/heldout/H007571.png,data/corrupted/100k_blur_15x15_s5/heldout/H007571.png,159
21733,175,H007572,data/splits/100k/images/heldout/H007572.png,data/corrupted/100k_blur_15x15_s5/heldout/H007572.png,175
21776,175,H007573,data/splits/100k/images/heldout/H007573.png,data/corrupted/100k_blur_15x15_s5/heldout/H007573.png,175
21782,175,H007574,data/splits/100k/images/heldout/H007574.png,data/corrupted/100k_blur_15x15_s5/heldout/H007574.png,175
21756,175,H007575,data/splits/100k/images/heldout/H007575.png,data/corrupted/100k_blur_15x15_s5/heldout/H007575.png,175
22714,183,H007576,data/splits/100k/images/heldout/H007576.png,data/corrupted/100k_blur_15x15_s5/heldout/H007576.png,183
22686,183,H007577,data/splits/100k/images/heldout/H007577.png,data/corrupted/100k_blur_15x15_s5/heldout/H007577.png,183
22681,183,H007578,data/splits/100k/images/heldout/H007578.png,data/corrupted/100k_blur_15x15_s5/heldout/H007578.png,183
22708,183,H007579,data/splits/100k/images/heldout/H007579.png,data/corrupted/100k_blur_15x15_s5/heldout/H007579.png,183
26130,210,H007580,data/splits/100k/images/heldout/H007580.png,data/corrupted/100k_blur_15x15_s5/heldout/H007580.png,210
26087,210,H007581,data/splits/100k/images/heldout/H007581.png,data/corrupted/100k_blur_15x15_s5/heldout/H007581.png,210
26138,210,H007582,data/splits/100k/images/heldout/H007582.png,data/corrupted/100k_blur_15x15_s5/heldout/H007582.png,210
26088,210,H007583,data/splits/100k/images/heldout/H007583.png,data/corrupted/100k_blur_15x15_s5/heldout/H007583.png,210
38426,360,H007584,data/splits/100k/images/heldout/H007584.png,data/corrupted/100k_blur_15x15_s5/heldout/H007584.png,360
38405,360,H007585,data/splits/100k/images/heldout/H007585.png,data/corrupted/100k_blur_15x15_s5/heldout/H007585.png,360
38417,360,H007586,data/splits/100k/images/heldout/H007586.png,data/corrupted/100k_blur_15x15_s5/heldout/H007586.png,360
38440,360,H007587,data/splits/100k/images/heldout/H007587.png,data/corrupted/100k_blur_15x15_s5/heldout/H007587.png,360
53834,571,H007588,data/splits/100k/images/heldout/H007588.png,data/corrupted/100k_blur_15x15_s5/heldout/H007588.png,571
53867,571,H007589,data/splits/100k/images/heldout/H007589.png,data/corrupted/100k_blur_15x15_s5/heldout/H007589.png,571
53835,571,H007590,data/splits/100k/images/heldout/H007590.png,data/corrupted/100k_blur_15x15_s5/heldout/H007590.png,571
53841,571,H007591,data/splits/100k/images/heldout/H007591.png,data/corrupted/100k_blur_15x15_s5/heldout/H007591.png,571
75473,903,H007592,data/splits/100k/images/heldout/H007592.png,data/corrupted/100k_blur_15x15_s5/heldout/H007592.png,903
75509,903,H007593,data/splits/100k/images/heldout/H007593.png,data/corrupted/100k_blur_15x15_s5/heldout/H007593.png,903
75468,903,H007594,data/splits/100k/images/heldout/H007594.png,data/corrupted/100k_blur_15x15_s5/heldout/H007594.png,903
75467,903,H007595,data/splits/100k/images/heldout/H007595.png,data/corrupted/100k_blur_15x15_s5/heldout/H007595.png,903
109029,1342,H007596,data/splits/100k/images/heldout/H007596.png,data/corrupted/100k_blur_15x15_s5/heldout/H007596.png,1342
109003,1342,H007597,data/splits/100k/images/heldout/H007597.png,data/corrupted/100k_blur_15x15_s5/heldout/H007597.png,1342
108994,1342,H007598,data/splits/100k/images/heldout/H007598.png,data/corrupted/100k_blur_15x15_s5/heldout/H007598.png,1342
108984,1342,H007599,data/splits/100k/images/heldout/H007599.png,data/corrupted/100k_blur_15x15_s5/heldout/H007599.png,1342
156319,2355,H007600,data/splits/100k/images/heldout/H007600.png,data/corrupted/100k_blur_15x15_s5/heldout/H007600.png,2355
156348,2355,H007601,data/splits/100k/images/heldout/H007601.png,data/corrupted/100k_blur_15x15_s5/heldout/H007601.png,2355
156334,2355,H007602,data/splits/100k/images/heldout/H007602.png,data/corrupted/100k_blur_15x15_s5/heldout/H007602.png,2355
156330,2355,H007603,data/splits/100k/images/heldout/H007603.png,data/corrupted/100k_blur_15x15_s5/heldout/H007603.png,2355
168463,2591,H007604,data/splits/100k/images/heldout/H007604.png,data/corrupted/100k_blur_15x15_s5/heldout/H007604.png,2591
168499,2591,H007605,data/splits/100k/images/heldout/H007605.png,data/corrupted/100k_blur_15x15_s5/heldout/H007605.png,2591
168468,2591,H007606,data/splits/100k/images/heldout/H007606.png,data/corrupted/100k_blur_15x15_s5/heldout/H007606.png,2591
168500,2591,H007607,data/splits/100k/images/heldout/H007607.png,data/corrupted/100k_blur_15x15_s5/heldout/H007607.png,2591
174420,2697,H007608,data/splits/100k/images/heldout/H007608.png,data/corrupted/100k_blur_15x15_s5/heldout/H007608.png,2697
174402,2697,H007609,data/splits/100k/images/heldout/H007609.png,data/corrupted/100k_blur_15x15_s5/heldout/H007609.png,2697
174426,2697,H007610,data/splits/100k/images/heldout/H007610.png,data/corrupted/100k_blur_15x15_s5/heldout/H007610.png,2697
174429,2697,H007611,data/splits/100k/images/heldout/H007611.png,data/corrupted/100k_blur_15x15_s5/heldout/H007611.png,2697
174764,2707,H007612,data/splits/100k/images/heldout/H007612.png,data/corrupted/100k_blur_15x15_s5/heldout/H007612.png,2707
174777,2707,H007613,data/splits/100k/images/heldout/H007613.png,data/corrupted/100k_blur_15x15_s5/heldout/H007613.png,2707
174800,2707,H007614,data/splits/100k/images/heldout/H007614.png,data/corrupted/100k_blur_15x15_s5/heldout/H007614.png,2707
174766,2707,H007615,data/splits/100k/images/heldout/H007615.png,data/corrupted/100k_blur_15x15_s5/heldout/H007615.png,2707
175047,2715,H007616,data/splits/100k/images/heldout/H007616.png,data/corrupted/100k_blur_15x15_s5/heldout/H007616.png,2715
175075,2715,H007617,data/splits/100k/images/heldout/H007617.png,data/corrupted/100k_blur_15x15_s5/heldout/H007617.png,2715
175057,2715,H007618,data/splits/100k/images/heldout/H007618.png,data/corrupted/100k_blur_15x15_s5/heldout/H007618.png,2715
175035,2715,H007619,data/splits/100k/images/heldout/H007619.png,data/corrupted/100k_blur_15x15_s5/heldout/H007619.png,2715
184798,2912,H007620,data/splits/100k/images/heldout/H007620.png,data/corrupted/100k_blur_15x15_s5/heldout/H007620.png,2912
184811,2912,H007621,data/splits/100k/images/heldout/H007621.png,data/corrupted/100k_blur_15x15_s5/heldout/H007621.png,2912
184825,2912,H007622,data/splits/100k/images/heldout/H007622.png,data/corrupted/100k_blur_15x15_s5/heldout/H007622.png,2912
184839,2912,H007623,data/splits/100k/images/heldout/H007623.png,data/corrupted/100k_blur_15x15_s5/heldout/H007623.png,2912
185925,2938,H007624,data/splits/100k/images/heldout/H007624.png,data/corrupted/100k_blur_15x15_s5/heldout/H007624.png,2938
185885,2938,H007625,data/splits/100k/images/heldout/H007625.png,data/corrupted/100k_blur_15x15_s5/heldout/H007625.png,2938
185910,2938,H007626,data/splits/100k/images/heldout/H007626.png,data/corrupted/100k_blur_15x15_s5/heldout/H007626.png,2938
185915,2938,H007627,data/splits/100k/images/heldout/H007627.png,data/corrupted/100k_blur_15x15_s5/heldout/H007627.png,2938
199183,3240,H007628,data/splits/100k/images/heldout/H007628.png,data/corrupted/100k_blur_15x15_s5/heldout/H007628.png,3240
199196,3240,H007629,data/splits/100k/images/heldout/H007629.png,data/corrupted/100k_blur_15x15_s5/heldout/H007629.png,3240
199207,3240,H007630,data/splits/100k/images/heldout/H007630.png,data/corrupted/100k_blur_15x15_s5/heldout/H007630.png,3240
199202,3240,H007631,data/splits/100k/images/heldout/H007631.png,data/corrupted/100k_blur_15x15_s5/heldout/H007631.png,3240
214342,3570,H007632,data/splits/100k/images/heldout/H007632.png,data/corrupted/100k_blur_15x15_s5/heldout/H007632.png,3570
214338,3570,H007633,data/splits/100k/images/heldout/H007633.png,data/corrupted/100k_blur_15x15_s5/heldout/H007633.png,3570
214341,3570,H007634,data/splits/100k/images/heldout/H007634.png,data/corrupted/100k_blur_15x15_s5/heldout/H007634.png,3570
214291,3570,H007635,data/splits/100k/images/heldout/H007635.png,data/corrupted/100k_blur_15x15_s5/heldout/H007635.png,3570
214779,3583,H007636,data/splits/100k/images/heldout/H007636.png,data/corrupted/100k_blur_15x15_s5/heldout/H007636.png,3583
214766,3583,H007637,data/splits/100k/images/heldout/H007637.png,data/corrupted/100k_blur_15x15_s5/heldout/H007637.png,3583
214752,3583,H007638,data/splits/100k/images/heldout/H007638.png,data/corrupted/100k_blur_15x15_s5/heldout/H007638.png,3583
214750,3583,H007639,data/splits/100k/images/heldout/H007639.png,data/corrupted/100k_blur_15x15_s5/heldout/H007639.png,3583
236396,4044,H007640,data/splits/100k/images/heldout/H007640.png,data/corrupted/100k_blur_15x15_s5/heldout/H007640.png,4044
236422,4044,H007641,data/splits/100k/images/heldout/H007641.png,data/corrupted/100k_blur_15x15_s5/heldout/H007641.png,4044
236376,4044,H007642,data/splits/100k/images/heldout/H007642.png,data/corrupted/100k_blur_15x15_s5/heldout/H007642.png,4044
236419,4044,H007643,data/splits/100k/images/heldout/H007643.png,data/corrupted/100k_blur_15x15_s5/heldout/H007643.png,4044
237652,4072,H007644,data/splits/100k/images/heldout/H007644.png,data/corrupted/100k_blur_15x15_s5/heldout/H007644.png,4072
237674,4072,H007645,data/splits/100k/images/heldout/H007645.png,data/corrupted/100k_blur_15x15_s5/heldout/H007645.png,4072
237624,4072,H007646,data/splits/100k/images/heldout/H007646.png,data/corrupted/100k_blur_15x15_s5/heldout/H007646.png,4072
237659,4072,H007647,data/splits/100k/images/heldout/H007647.png,data/corrupted/100k_blur_15x15_s5/heldout/H007647.png,4072
283249,5061,H007648,data/splits/100k/images/heldout/H007648.png,data/corrupted/100k_blur_15x15_s5/heldout/H007648.png,5061
283227,5061,H007649,data/splits/100k/images/heldout/H007649.png,data/corrupted/100k_blur_15x15_s5/heldout/H007649.png,5061
283235,5061,H007650,data/splits/100k/images/heldout/H007650.png,data/corrupted/100k_blur_15x15_s5/heldout/H007650.png,5061
283219,5061,H007651,data/splits/100k/images/heldout/H007651.png,data/corrupted/100k_blur_15x15_s5/heldout/H007651.png,5061
283319,5063,H007652,data/splits/100k/images/heldout/H007652.png,data/corrupted/100k_blur_15x15_s5/heldout/H007652.png,5063
283325,5063,H007653,data/splits/100k/images/heldout/H007653.png,data/corrupted/100k_blur_15x15_s5/heldout/H007653.png,5063
283330,5063,H007654,data/splits/100k/images/heldout/H007654.png,data/corrupted/100k_blur_15x15_s5/heldout/H007654.png,5063
283285,5063,H007655,data/splits/100k/images/heldout/H007655.png,data/corrupted/100k_blur_15x15_s5/heldout/H007655.png,5063
287537,5153,H007656,data/splits/100k/images/heldout/H007656.png,data/corrupted/100k_blur_15x15_s5/heldout/H007656.png,5153
287487,5153,H007657,data/splits/100k/images/heldout/H007657.png,data/corrupted/100k_blur_15x15_s5/heldout/H007657.png,5153
287501,5153,H007658,data/splits/100k/images/heldout/H007658.png,data/corrupted/100k_blur_15x15_s5/heldout/H007658.png,5153
287542,5153,H007659,data/splits/100k/images/heldout/H007659.png,data/corrupted/100k_blur_15x15_s5/heldout/H007659.png,5153
310636,5656,H007660,data/splits/100k/images/heldout/H007660.png,data/corrupted/100k_blur_15x15_s5/heldout/H007660.png,5656
310608,5656,H007661,data/splits/100k/images/heldout/H007661.png,data/corrupted/100k_blur_15x15_s5/heldout/H007661.png,5656
310595,5656,H007662,data/splits/100k/images/heldout/H007662.png,data/corrupted/100k_blur_15x15_s5/heldout/H007662.png,5656
310631,5656,H007663,data/splits/100k/images/heldout/H007663.png,data/corrupted/100k_blur_15x15_s5/heldout/H007663.png,5656
315264,5761,H007664,data/splits/100k/images/heldout/H007664.png,data/corrupted/100k_blur_15x15_s5/heldout/H007664.png,5761
315289,5761,H007665,data/splits/100k/images/heldout/H007665.png,data/corrupted/100k_blur_15x15_s5/heldout/H007665.png,5761
315267,5761,H007666,data/splits/100k/images/heldout/H007666.png,data/corrupted/100k_blur_15x15_s5/heldout/H007666.png,5761
315269,5761,H007667,data/splits/100k/images/heldout/H007667.png,data/corrupted/100k_blur_15x15_s5/heldout/H007667.png,5761
317220,5812,H007668,data/splits/100k/images/heldout/H007668.png,data/corrupted/100k_blur_15x15_s5/heldout/H007668.png,5812
317228,5812,H007669,data/splits/100k/images/heldout/H007669.png,data/corrupted/100k_blur_15x15_s5/heldout/H007669.png,5812
317247,5812,H007670,data/splits/100k/images/heldout/H007670.png,data/corrupted/100k_blur_15x15_s5/heldout/H007670.png,5812
317222,5812,H007671,data/splits/100k/images/heldout/H007671.png,data/corrupted/100k_blur_15x15_s5/heldout/H007671.png,5812
329664,6081,H007672,data/splits/100k/images/heldout/H007672.png,data/corrupted/100k_blur_15x15_s5/heldout/H007672.png,6081
329632,6081,H007673,data/splits/100k/images/heldout/H007673.png,data/corrupted/100k_blur_15x15_s5/heldout/H007673.png,6081
329639,6081,H007674,data/splits/100k/images/heldout/H007674.png,data/corrupted/100k_blur_15x15_s5/heldout/H007674.png,6081
329630,6081,H007675,data/splits/100k/images/heldout/H007675.png,data/corrupted/100k_blur_15x15_s5/heldout/H007675.png,6081
329881,6088,H007676,data/splits/100k/images/heldout/H007676.png,data/corrupted/100k_blur_15x15_s5/heldout/H007676.png,6088
329905,6088,H007677,data/splits/100k/images/heldout/H007677.png,data/corrupted/100k_blur_15x15_s5/heldout/H007677.png,6088
329888,6088,H007678,data/splits/100k/images/heldout/H007678.png,data/corrupted/100k_blur_15x15_s5/heldout/H007678.png,6088
329862,6088,H007679,data/splits/100k/images/heldout/H007679.png,data/corrupted/100k_blur_15x15_s5/heldout/H007679.png,6088
330799,6097,H007680,data/splits/100k/images/heldout/H007680.png,data/corrupted/100k_blur_15x15_s5/heldout/H007680.png,6097
330797,6097,H007681,data/splits/100k/images/heldout/H007681.png,data/corrupted/100k_blur_15x15_s5/heldout/H007681.png,6097
330790,6097,H007682,data/splits/100k/images/heldout/H007682.png,data/corrupted/100k_blur_15x15_s5/heldout/H007682.png,6097
330748,6097,H007683,data/splits/100k/images/heldout/H007683.png,data/corrupted/100k_blur_15x15_s5/heldout/H007683.png,6097
333727,6172,H007684,data/splits/100k/images/heldout/H007684.png,data/corrupted/100k_blur_15x15_s5/heldout/H007684.png,6172
333726,6172,H007685,data/splits/100k/images/heldout/H007685.png,data/corrupted/100k_blur_15x15_s5/heldout/H007685.png,6172
333770,6172,H007686,data/splits/100k/images/heldout/H007686.png,data/corrupted/100k_blur_15x15_s5/heldout/H007686.png,6172
333762,6172,H007687,data/splits/100k/images/heldout/H007687.png,data/corrupted/100k_blur_15x15_s5/heldout/H007687.png,6172
337193,6238,H007688,data/splits/100k/images/heldout/H007688.png,data/corrupted/100k_blur_15x15_s5/heldout/H007688.png,6238
337158,6238,H007689,data/splits/100k/images/heldout/H007689.png,data/corrupted/100k_blur_15x15_s5/heldout/H007689.png,6238
337194,6238,H007690,data/splits/100k/images/heldout/H007690.png,data/corrupted/100k_blur_15x15_s5/heldout/H007690.png,6238
337187,6238,H007691,data/splits/100k/images/heldout/H007691.png,data/corrupted/100k_blur_15x15_s5/heldout/H007691.png,6238
339729,6303,H007692,data/splits/100k/images/heldout/H007692.png,data/corrupted/100k_blur_15x15_s5/heldout/H007692.png,6303
339731,6303,H007693,data/splits/100k/images/heldout/H007693.png,data/corrupted/100k_blur_15x15_s5/heldout/H007693.png,6303
339744,6303,H007694,data/splits/100k/images/heldout/H007694.png,data/corrupted/100k_blur_15x15_s5/heldout/H007694.png,6303
339702,6303,H007695,data/splits/100k/images/heldout/H007695.png,data/corrupted/100k_blur_15x15_s5/heldout/H007695.png,6303
352152,6575,H007696,data/splits/100k/images/heldout/H007696.png,data/corrupted/100k_blur_15x15_s5/heldout/H007696.png,6575
352150,6575,H007697,data/splits/100k/images/heldout/H007697.png,data/corrupted/100k_blur_15x15_s5/heldout/H007697.png,6575
352173,6575,H007698,data/splits/100k/images/heldout/H007698.png,data/corrupted/100k_blur_15x15_s5/heldout/H007698.png,6575
352171,6575,H007699,data/splits/100k/images/heldout/H007699.png,data/corrupted/100k_blur_15x15_s5/heldout/H007699.png,6575
392062,7600,H007700,data/splits/100k/images/heldout/H007700.png,data/corrupted/100k_blur_15x15_s5/heldout/H007700.png,7600
392067,7600,H007701,data/splits/100k/images/heldout/H007701.png,data/corrupted/100k_blur_15x15_s5/heldout/H007701.png,7600
392051,7600,H007702,data/splits/100k/images/heldout/H007702.png,data/corrupted/100k_blur_15x15_s5/heldout/H007702.png,7600
392089,7600,H007703,data/splits/100k/images/heldout/H007703.png,data/corrupted/100k_blur_15x15_s5/heldout/H007703.png,7600
402734,7894,H007704,data/splits/100k/images/heldout/H007704.png,data/corrupted/100k_blur_15x15_s5/heldout/H007704.png,7894
402716,7894,H007705,data/splits/100k/images/heldout/H007705.png,data/corrupted/100k_blur_15x15_s5/heldout/H007705.png,7894
402688,7894,H007706,data/splits/100k/images/heldout/H007706.png,data/corrupted/100k_blur_15x15_s5/heldout/H007706.png,7894
402704,7894,H007707,data/splits/100k/images/heldout/H007707.png,data/corrupted/100k_blur_15x15_s5/heldout/H007707.png,7894
410319,8088,H007708,data/splits/100k/images/heldout/H007708.png,data/corrupted/100k_blur_15x15_s5/heldout/H007708.png,8088
410330,8088,H007709,data/splits/100k/images/heldout/H007709.png,data/corrupted/100k_blur_15x15_s5/heldout/H007709.png,8088
410344,8088,H007710,data/splits/100k/images/heldout/H007710.png,data/corrupted/100k_blur_15x15_s5/heldout/H007710.png,8088
410308,8088,H007711,data/splits/100k/images/heldout/H007711.png,data/corrupted/100k_blur_15x15_s5/heldout/H007711.png,8088
411380,8114,H007712,data/splits/100k/images/heldout/H007712.png,data/corrupted/100k_blur_15x15_s5/heldout/H007712.png,8114
411368,8114,H007713,data/splits/100k/images/heldout/H007713.png,data/corrupted/100k_blur_15x15_s5/heldout/H007713.png,8114
411332,8114,H007714,data/splits/100k/images/heldout/H007714.png,data/corrupted/100k_blur_15x15_s5/heldout/H007714.png,8114
411369,8114,H007715,data/splits/100k/images/heldout/H007715.png,data/corrupted/100k_blur_15x15_s5/heldout/H007715.png,8114
411407,8116,H007716,data/splits/100k/images/heldout/H007716.png,data/corrupted/100k_blur_15x15_s5/heldout/H007716.png,8116
411419,8116,H007717,data/splits/100k/images/heldout/H007717.png,data/corrupted/100k_blur_15x15_s5/heldout/H007717.png,8116
411428,8116,H007718,data/splits/100k/images/heldout/H007718.png,data/corrupted/100k_blur_15x15_s5/heldout/H007718.png,8116
411456,8116,H007719,data/splits/100k/images/heldout/H007719.png,data/corrupted/100k_blur_15x15_s5/heldout/H007719.png,8116
413800,8198,H007720,data/splits/100k/images/heldout/H007720.png,data/corrupted/100k_blur_15x15_s5/heldout/H007720.png,8198
413829,8198,H007721,data/splits/100k/images/heldout/H007721.png,data/corrupted/100k_blur_15x15_s5/heldout/H007721.png,8198
413841,8198,H007722,data/splits/100k/images/heldout/H007722.png,data/corrupted/100k_blur_15x15_s5/heldout/H007722.png,8198
413817,8198,H007723,data/splits/100k/images/heldout/H007723.png,data/corrupted/100k_blur_15x15_s5/heldout/H007723.png,8198
438107,8866,H007724,data/splits/100k/images/heldout/H007724.png,data/corrupted/100k_blur_15x15_s5/heldout/H007724.png,8866
438110,8866,H007725,data/splits/100k/images/heldout/H007725.png,data/corrupted/100k_blur_15x15_s5/heldout/H007725.png,8866
438154,8866,H007726,data/splits/100k/images/heldout/H007726.png,data/corrupted/100k_blur_15x15_s5/heldout/H007726.png,8866
438097,8866,H007727,data/splits/100k/images/heldout/H007727.png,data/corrupted/100k_blur_15x15_s5/heldout/H007727.png,8866
447840,9168,H007728,data/splits/100k/images/heldout/H007728.png,data/corrupted/100k_blur_15x15_s5/heldout/H007728.png,9168
447838,9168,H007729,data/splits/100k/images/heldout/H007729.png,data/corrupted/100k_blur_15x15_s5/heldout/H007729.png,9168
447827,9168,H007730,data/splits/100k/images/heldout/H007730.png,data/corrupted/100k_blur_15x15_s5/heldout/H007730.png,9168
447850,9168,H007731,data/splits/100k/images/heldout/H007731.png,data/corrupted/100k_blur_15x15_s5/heldout/H007731.png,9168
449868,9229,H007732,data/splits/100k/images/heldout/H007732.png,data/corrupted/100k_blur_15x15_s5/heldout/H007732.png,9229
449869,9229,H007733,data/splits/100k/images/heldout/H007733.png,data/corrupted/100k_blur_15x15_s5/heldout/H007733.png,9229
449906,9229,H007734,data/splits/100k/images/heldout/H007734.png,data/corrupted/100k_blur_15x15_s5/heldout/H007734.png,9229
449902,9229,H007735,data/splits/100k/images/heldout/H007735.png,data/corrupted/100k_blur_15x15_s5/heldout/H007735.png,9229
465746,9726,H007736,data/splits/100k/images/heldout/H007736.png,data/corrupted/100k_blur_15x15_s5/heldout/H007736.png,9726
465784,9726,H007737,data/splits/100k/images/heldout/H007737.png,data/corrupted/100k_blur_15x15_s5/heldout/H007737.png,9726
465768,9726,H007738,data/splits/100k/images/heldout/H007738.png,data/corrupted/100k_blur_15x15_s5/heldout/H007738.png,9726
465787,9726,H007739,data/splits/100k/images/heldout/H007739.png,data/corrupted/100k_blur_15x15_s5/heldout/H007739.png,9726
32898,278,H007740,data/splits/100k/images/heldout/H007740.png,data/corrupted/100k_blur_15x15_s5/heldout/H007740.png,278
32870,278,H007741,data/splits/100k/images/heldout/H007741.png,data/corrupted/100k_blur_15x15_s5/heldout/H007741.png,278
32858,278,H007742,data/splits/100k/images/heldout/H007742.png,data/corrupted/100k_blur_15x15_s5/heldout/H007742.png,278
32856,278,H007743,data/splits/100k/images/heldout/H007743.png,data/corrupted/100k_blur_15x15_s5/heldout/H007743.png,278
36304,330,H007744,data/splits/100k/images/heldout/H007744.png,data/corrupted/100k_blur_15x15_s5/heldout/H007744.png,330
36326,330,H007745,data/splits/100k/images/heldout/H007745.png,data/corrupted/100k_blur_15x15_s5/heldout/H007745.png,330
36327,330,H007746,data/splits/100k/images/heldout/H007746.png,data/corrupted/100k_blur_15x15_s5/heldout/H007746.png,330
36282,330,H007747,data/splits/100k/images/heldout/H007747.png,data/corrupted/100k_blur_15x15_s5/heldout/H007747.png,330
41575,398,H007748,data/splits/100k/images/heldout/H007748.png,data/corrupted/100k_blur_15x15_s5/heldout/H007748.png,398
41581,398,H007749,data/splits/100k/images/heldout/H007749.png,data/corrupted/100k_blur_15x15_s5/heldout/H007749.png,398
41594,398,H007750,data/splits/100k/images/heldout/H007750.png,data/corrupted/100k_blur_15x15_s5/heldout/H007750.png,398
41540,398,H007751,data/splits/100k/images/heldout/H007751.png,data/corrupted/100k_blur_15x15_s5/heldout/H007751.png,398
60696,663,H007752,data/splits/100k/images/heldout/H007752.png,data/corrupted/100k_blur_15x15_s5/heldout/H007752.png,663
60722,663,H007753,data/splits/100k/images/heldout/H007753.png,data/corrupted/100k_blur_15x15_s5/heldout/H007753.png,663
60725,663,H007754,data/splits/100k/images/heldout/H007754.png,data/corrupted/100k_blur_15x15_s5/heldout/H007754.png,663
60745,663,H007755,data/splits/100k/images/heldout/H007755.png,data/corrupted/100k_blur_15x15_s5/heldout/H007755.png,663
66542,771,H007756,data/splits/100k/images/heldout/H007756.png,data/corrupted/100k_blur_15x15_s5/heldout/H007756.png,771
66536,771,H007757,data/splits/100k/images/heldout/H007757.png,data/corrupted/100k_blur_15x15_s5/heldout/H007757.png,771
66544,771,H007758,data/splits/100k/images/heldout/H007758.png,data/corrupted/100k_blur_15x15_s5/heldout/H007758.png,771
66527,771,H007759,data/splits/100k/images/heldout/H007759.png,data/corrupted/100k_blur_15x15_s5/heldout/H007759.png,771
71366,855,H007760,data/splits/100k/images/heldout/H007760.png,data/corrupted/100k_blur_15x15_s5/heldout/H007760.png,855
71339,855,H007761,data/splits/100k/images/heldout/H007761.png,data/corrupted/100k_blur_15x15_s5/heldout/H007761.png,855
71326,855,H007762,data/splits/100k/images/heldout/H007762.png,data/corrupted/100k_blur_15x15_s5/heldout/H007762.png,855
71334,855,H007763,data/splits/100k/images/heldout/H007763.png,data/corrupted/100k_blur_15x15_s5/heldout/H007763.png,855
77808,943,H007764,data/splits/100k/images/heldout/H007764.png,data/corrupted/100k_blur_15x15_s5/heldout/H007764.png,943
77804,943,H007765,data/splits/100k/images/heldout/H007765.png,data/corrupted/100k_blur_15x15_s5/heldout/H007765.png,943
77819,943,H007766,data/splits/100k/images/heldout/H007766.png,data/corrupted/100k_blur_15x15_s5/heldout/H007766.png,943
77768,943,H007767,data/splits/100k/images/heldout/H007767.png,data/corrupted/100k_blur_15x15_s5/heldout/H007767.png,943
91266,1116,H007768,data/splits/100k/images/heldout/H007768.png,data/corrupted/100k_blur_15x15_s5/heldout/H007768.png,1116
91267,1116,H007769,data/splits/100k/images/heldout/H007769.png,data/corrupted/100k_blur_15x15_s5/heldout/H007769.png,1116
91292,1116,H007770,data/splits/100k/images/heldout/H007770.png,data/corrupted/100k_blur_15x15_s5/heldout/H007770.png,1116
91313,1116,H007771,data/splits/100k/images/heldout/H007771.png,data/corrupted/100k_blur_15x15_s5/heldout/H007771.png,1116
102219,1244,H007772,data/splits/100k/images/heldout/H007772.png,data/corrupted/100k_blur_15x15_s5/heldout/H007772.png,1244
102181,1244,H007773,data/splits/100k/images/heldout/H007773.png,data/corrupted/100k_blur_15x15_s5/heldout/H007773.png,1244
102214,1244,H007774,data/splits/100k/images/heldout/H007774.png,data/corrupted/100k_blur_15x15_s5/heldout/H007774.png,1244
102195,1244,H007775,data/splits/100k/images/heldout/H007775.png,data/corrupted/100k_blur_15x15_s5/heldout/H007775.png,1244
103299,1250,H007776,data/splits/100k/images/heldout/H007776.png,data/corrupted/100k_blur_15x15_s5/heldout/H007776.png,1250
103320,1250,H007777,data/splits/100k/images/heldout/H007777.png,data/corrupted/100k_blur_15x15_s5/heldout/H007777.png,1250
103322,1250,H007778,data/splits/100k/images/heldout/H007778.png,data/corrupted/100k_blur_15x15_s5/heldout/H007778.png,1250
103275,1250,H007779,data/splits/100k/images/heldout/H007779.png,data/corrupted/100k_blur_15x15_s5/heldout/H007779.png,1250
109583,1361,H007780,data/splits/100k/images/heldout/H007780.png,data/corrupted/100k_blur_15x15_s5/heldout/H007780.png,1361
109592,1361,H007781,data/splits/100k/images/heldout/H007781.png,data/corrupted/100k_blur_15x15_s5/heldout/H007781.png,1361
109566,1361,H007782,data/splits/100k/images/heldout/H007782.png,data/corrupted/100k_blur_15x15_s5/heldout/H007782.png,1361
109582,1361,H007783,data/splits/100k/images/heldout/H007783.png,data/corrupted/100k_blur_15x15_s5/heldout/H007783.png,1361
129026,1786,H007784,data/splits/100k/images/heldout/H007784.png,data/corrupted/100k_blur_15x15_s5/heldout/H007784.png,1786
129039,1786,H007785,data/splits/100k/images/heldout/H007785.png,data/corrupted/100k_blur_15x15_s5/heldout/H007785.png,1786
129036,1786,H007786,data/splits/100k/images/heldout/H007786.png,data/corrupted/100k_blur_15x15_s5/heldout/H007786.png,1786
129012,1786,H007787,data/splits/100k/images/heldout/H007787.png,data/corrupted/100k_blur_15x15_s5/heldout/H007787.png,1786
136051,1938,H007788,data/splits/100k/images/heldout/H007788.png,data/corrupted/100k_blur_15x15_s5/heldout/H007788.png,1938
136020,1938,H007789,data/splits/100k/images/heldout/H007789.png,data/corrupted/100k_blur_15x15_s5/heldout/H007789.png,1938
136060,1938,H007790,data/splits/100k/images/heldout/H007790.png,data/corrupted/100k_blur_15x15_s5/heldout/H007790.png,1938
136058,1938,H007791,data/splits/100k/images/heldout/H007791.png,data/corrupted/100k_blur_15x15_s5/heldout/H007791.png,1938
149684,2200,H007792,data/splits/100k/images/heldout/H007792.png,data/corrupted/100k_blur_15x15_s5/heldout/H007792.png,2200
149679,2200,H007793,data/splits/100k/images/heldout/H007793.png,data/corrupted/100k_blur_15x15_s5/heldout/H007793.png,2200
149700,2200,H007794,data/splits/100k/images/heldout/H007794.png,data/corrupted/100k_blur_15x15_s5/heldout/H007794.png,2200
149689,2200,H007795,data/splits/100k/images/heldout/H007795.png,data/corrupted/100k_blur_15x15_s5/heldout/H007795.png,2200
164903,2522,H007796,data/splits/100k/images/heldout/H007796.png,data/corrupted/100k_blur_15x15_s5/heldout/H007796.png,2522
164927,2522,H007797,data/splits/100k/images/heldout/H007797.png,data/corrupted/100k_blur_15x15_s5/heldout/H007797.png,2522
164928,2522,H007798,data/splits/100k/images/heldout/H007798.png,data/corrupted/100k_blur_15x15_s5/heldout/H007798.png,2522
164895,2522,H007799,data/splits/100k/images/heldout/H007799.png,data/corrupted/100k_blur_15x15_s5/heldout/H007799.png,2522
182595,2866,H007800,data/splits/100k/images/heldout/H007800.png,data/corrupted/100k_blur_15x15_s5/heldout/H007800.png,2866
182617,2866,H007801,data/splits/100k/images/heldout/H007801.png,data/corrupted/100k_blur_15x15_s5/heldout/H007801.png,2866
182649,2866,H007802,data/splits/100k/images/heldout/H007802.png,data/corrupted/100k_blur_15x15_s5/heldout/H007802.png,2866
182596,2866,H007803,data/splits/100k/images/heldout/H007803.png,data/corrupted/100k_blur_15x15_s5/heldout/H007803.png,2866
184052,2892,H007804,data/splits/100k/images/heldout/H007804.png,data/corrupted/100k_blur_15x15_s5/heldout/H007804.png,2892
184070,2892,H007805,data/splits/100k/images/heldout/H007805.png,data/corrupted/100k_blur_15x15_s5/heldout/H007805.png,2892
184064,2892,H007806,data/splits/100k/images/heldout/H007806.png,data/corrupted/100k_blur_15x15_s5/heldout/H007806.png,2892
184063,2892,H007807,data/splits/100k/images/heldout/H007807.png,data/corrupted/100k_blur_15x15_s5/heldout/H007807.png,2892
188756,3003,H007808,data/splits/100k/images/heldout/H007808.png,data/corrupted/100k_blur_15x15_s5/heldout/H007808.png,3003
188753,3003,H007809,data/splits/100k/images/heldout/H007809.png,data/corrupted/100k_blur_15x15_s5/heldout/H007809.png,3003
188777,3003,H007810,data/splits/100k/images/heldout/H007810.png,data/corrupted/100k_blur_15x15_s5/heldout/H007810.png,3003
188776,3003,H007811,data/splits/100k/images/heldout/H007811.png,data/corrupted/100k_blur_15x15_s5/heldout/H007811.png,3003
195103,3139,H007812,data/splits/100k/images/heldout/H007812.png,data/corrupted/100k_blur_15x15_s5/heldout/H007812.png,3139
195076,3139,H007813,data/splits/100k/images/heldout/H007813.png,data/corrupted/100k_blur_15x15_s5/heldout/H007813.png,3139
195079,3139,H007814,data/splits/100k/images/heldout/H007814.png,data/corrupted/100k_blur_15x15_s5/heldout/H007814.png,3139
195127,3139,H007815,data/splits/100k/images/heldout/H007815.png,data/corrupted/100k_blur_15x15_s5/heldout/H007815.png,3139
197801,3206,H007816,data/splits/100k/images/heldout/H007816.png,data/corrupted/100k_blur_15x15_s5/heldout/H007816.png,3206
197812,3206,H007817,data/splits/100k/images/heldout/H007817.png,data/corrupted/100k_blur_15x15_s5/heldout/H007817.png,3206
197774,3206,H007818,data/splits/100k/images/heldout/H007818.png,data/corrupted/100k_blur_15x15_s5/heldout/H007818.png,3206
197806,3206,H007819,data/splits/100k/images/heldout/H007819.png,data/corrupted/100k_blur_15x15_s5/heldout/H007819.png,3206
215885,3606,H007820,data/splits/100k/images/heldout/H007820.png,data/corrupted/100k_blur_15x15_s5/heldout/H007820.png,3606
215896,3606,H007821,data/splits/100k/images/heldout/H007821.png,data/corrupted/100k_blur_15x15_s5/heldout/H007821.png,3606
215902,3606,H007822,data/splits/100k/images/heldout/H007822.png,data/corrupted/100k_blur_15x15_s5/heldout/H007822.png,3606
215936,3606,H007823,data/splits/100k/images/heldout/H007823.png,data/corrupted/100k_blur_15x15_s5/heldout/H007823.png,3606
217850,3648,H007824,data/splits/100k/images/heldout/H007824.png,data/corrupted/100k_blur_15x15_s5/heldout/H007824.png,3648
217849,3648,H007825,data/splits/100k/images/heldout/H007825.png,data/corrupted/100k_blur_15x15_s5/heldout/H007825.png,3648
217847,3648,H007826,data/splits/100k/images/heldout/H007826.png,data/corrupted/100k_blur_15x15_s5/heldout/H007826.png,3648
217864,3648,H007827,data/splits/100k/images/heldout/H007827.png,data/corrupted/100k_blur_15x15_s5/heldout/H007827.png,3648
229526,3914,H007828,data/splits/100k/images/heldout/H007828.png,data/corrupted/100k_blur_15x15_s5/heldout/H007828.png,3914
229567,3914,H007829,data/splits/100k/images/heldout/H007829.png,data/corrupted/100k_blur_15x15_s5/heldout/H007829.png,3914
229563,3914,H007830,data/splits/100k/images/heldout/H007830.png,data/corrupted/100k_blur_15x15_s5/heldout/H007830.png,3914
229543,3914,H007831,data/splits/100k/images/heldout/H007831.png,data/corrupted/100k_blur_15x15_s5/heldout/H007831.png,3914
237303,4062,H007832,data/splits/100k/images/heldout/H007832.png,data/corrupted/100k_blur_15x15_s5/heldout/H007832.png,4062
237311,4062,H007833,data/splits/100k/images/heldout/H007833.png,data/corrupted/100k_blur_15x15_s5/heldout/H007833.png,4062
237291,4062,H007834,data/splits/100k/images/heldout/H007834.png,data/corrupted/100k_blur_15x15_s5/heldout/H007834.png,4062
237302,4062,H007835,data/splits/100k/images/heldout/H007835.png,data/corrupted/100k_blur_15x15_s5/heldout/H007835.png,4062
260397,4531,H007836,data/splits/100k/images/heldout/H007836.png,data/corrupted/100k_blur_15x15_s5/heldout/H007836.png,4531
260387,4531,H007837,data/splits/100k/images/heldout/H007837.png,data/corrupted/100k_blur_15x15_s5/heldout/H007837.png,4531
260439,4531,H007838,data/splits/100k/images/heldout/H007838.png,data/corrupted/100k_blur_15x15_s5/heldout/H007838.png,4531
260404,4531,H007839,data/splits/100k/images/heldout/H007839.png,data/corrupted/100k_blur_15x15_s5/heldout/H007839.png,4531
262687,4597,H007840,data/splits/100k/images/heldout/H007840.png,data/corrupted/100k_blur_15x15_s5/heldout/H007840.png,4597
262674,4597,H007841,data/splits/100k/images/heldout/H007841.png,data/corrupted/100k_blur_15x15_s5/heldout/H007841.png,4597
262685,4597,H007842,data/splits/100k/images/heldout/H007842.png,data/corrupted/100k_blur_15x15_s5/heldout/H007842.png,4597
262652,4597,H007843,data/splits/100k/images/heldout/H007843.png,data/corrupted/100k_blur_15x15_s5/heldout/H007843.png,4597
264634,4646,H007844,data/splits/100k/images/heldout/H007844.png,data/corrupted/100k_blur_15x15_s5/heldout/H007844.png,4646
264682,4646,H007845,data/splits/100k/images/heldout/H007845.png,data/corrupted/100k_blur_15x15_s5/heldout/H007845.png,4646
264676,4646,H007846,data/splits/100k/images/heldout/H007846.png,data/corrupted/100k_blur_15x15_s5/heldout/H007846.png,4646
264643,4646,H007847,data/splits/100k/images/heldout/H007847.png,data/corrupted/100k_blur_15x15_s5/heldout/H007847.png,4646
275255,4887,H007848,data/splits/100k/images/heldout/H007848.png,data/corrupted/100k_blur_15x15_s5/heldout/H007848.png,4887
275251,4887,H007849,data/splits/100k/images/heldout/H007849.png,data/corrupted/100k_blur_15x15_s5/heldout/H007849.png,4887
275260,4887,H007850,data/splits/100k/images/heldout/H007850.png,data/corrupted/100k_blur_15x15_s5/heldout/H007850.png,4887
275239,4887,H007851,data/splits/100k/images/heldout/H007851.png,data/corrupted/100k_blur_15x15_s5/heldout/H007851.png,4887
286480,5125,H007852,data/splits/100k/images/heldout/H007852.png,data/corrupted/100k_blur_15x15_s5/heldout/H007852.png,5125
286528,5125,H007853,data/splits/100k/images/heldout/H007853.png,data/corrupted/100k_blur_15x15_s5/heldout/H007853.png,5125
286477,5125,H007854,data/splits/100k/images/heldout/H007854.png,data/corrupted/100k_blur_15x15_s5/heldout/H007854.png,5125
286482,5125,H007855,data/splits/100k/images/heldout/H007855.png,data/corrupted/100k_blur_15x15_s5/heldout/H007855.png,5125
287697,5159,H007856,data/splits/100k/images/heldout/H007856.png,data/corrupted/100k_blur_15x15_s5/heldout/H007856.png,5159
287705,5159,H007857,data/splits/100k/images/heldout/H007857.png,data/corrupted/100k_blur_15x15_s5/heldout/H007857.png,5159
287704,5159,H007858,data/splits/100k/images/heldout/H007858.png,data/corrupted/100k_blur_15x15_s5/heldout/H007858.png,5159
287727,5159,H007859,data/splits/100k/images/heldout/H007859.png,data/corrupted/100k_blur_15x15_s5/heldout/H007859.png,5159
292628,5267,H007860,data/splits/100k/images/heldout/H007860.png,data/corrupted/100k_blur_15x15_s5/heldout/H007860.png,5267
292650,5267,H007861,data/splits/100k/images/heldout/H007861.png,data/corrupted/100k_blur_15x15_s5/heldout/H007861.png,5267
292634,5267,H007862,data/splits/100k/images/heldout/H007862.png,data/corrupted/100k_blur_15x15_s5/heldout/H007862.png,5267
292603,5267,H007863,data/splits/100k/images/heldout/H007863.png,data/corrupted/100k_blur_15x15_s5/heldout/H007863.png,5267
297758,5377,H007864,data/splits/100k/images/heldout/H007864.png,data/corrupted/100k_blur_15x15_s5/heldout/H007864.png,5377
297778,5377,H007865,data/splits/100k/images/heldout/H007865.png,data/corrupted/100k_blur_15x15_s5/heldout/H007865.png,5377
297802,5377,H007866,data/splits/100k/images/heldout/H007866.png,data/corrupted/100k_blur_15x15_s5/heldout/H007866.png,5377
297798,5377,H007867,data/splits/100k/images/heldout/H007867.png,data/corrupted/100k_blur_15x15_s5/heldout/H007867.png,5377
299029,5408,H007868,data/splits/100k/images/heldout/H007868.png,data/corrupted/100k_blur_15x15_s5/heldout/H007868.png,5408
299028,5408,H007869,data/splits/100k/images/heldout/H007869.png,data/corrupted/100k_blur_15x15_s5/heldout/H007869.png,5408
299004,5408,H007870,data/splits/100k/images/heldout/H007870.png,data/corrupted/100k_blur_15x15_s5/heldout/H007870.png,5408
299045,5408,H007871,data/splits/100k/images/heldout/H007871.png,data/corrupted/100k_blur_15x15_s5/heldout/H007871.png,5408
304887,5527,H007872,data/splits/100k/images/heldout/H007872.png,data/corrupted/100k_blur_15x15_s5/heldout/H007872.png,5527
304883,5527,H007873,data/splits/100k/images/heldout/H007873.png,data/corrupted/100k_blur_15x15_s5/heldout/H007873.png,5527
304884,5527,H007874,data/splits/100k/images/heldout/H007874.png,data/corrupted/100k_blur_15x15_s5/heldout/H007874.png,5527
304868,5527,H007875,data/splits/100k/images/heldout/H007875.png,data/corrupted/100k_blur_15x15_s5/heldout/H007875.png,5527
364802,6871,H007876,data/splits/100k/images/heldout/H007876.png,data/corrupted/100k_blur_15x15_s5/heldout/H007876.png,6871
364788,6871,H007877,data/splits/100k/images/heldout/H007877.png,data/corrupted/100k_blur_15x15_s5/heldout/H007877.png,6871
364783,6871,H007878,data/splits/100k/images/heldout/H007878.png,data/corrupted/100k_blur_15x15_s5/heldout/H007878.png,6871
364798,6871,H007879,data/splits/100k/images/heldout/H007879.png,data/corrupted/100k_blur_15x15_s5/heldout/H007879.png,6871
369308,6983,H007880,data/splits/100k/images/heldout/H007880.png,data/corrupted/100k_blur_15x15_s5/heldout/H007880.png,6983
369330,6983,H007881,data/splits/100k/images/heldout/H007881.png,data/corrupted/100k_blur_15x15_s5/heldout/H007881.png,6983
369304,6983,H007882,data/splits/100k/images/heldout/H007882.png,data/corrupted/100k_blur_15x15_s5/heldout/H007882.png,6983
369335,6983,H007883,data/splits/100k/images/heldout/H007883.png,data/corrupted/100k_blur_15x15_s5/heldout/H007883.png,6983
377422,7176,H007884,data/splits/100k/images/heldout/H007884.png,data/corrupted/100k_blur_15x15_s5/heldout/H007884.png,7176
377456,7176,H007885,data/splits/100k/images/heldout/H007885.png,data/corrupted/100k_blur_15x15_s5/heldout/H007885.png,7176
377415,7176,H007886,data/splits/100k/images/heldout/H007886.png,data/corrupted/100k_blur_15x15_s5/heldout/H007886.png,7176
377459,7176,H007887,data/splits/100k/images/heldout/H007887.png,data/corrupted/100k_blur_15x15_s5/heldout/H007887.png,7176
384706,7381,H007888,data/splits/100k/images/heldout/H007888.png,data/corrupted/100k_blur_15x15_s5/heldout/H007888.png,7381
384711,7381,H007889,data/splits/100k/images/heldout/H007889.png,data/corrupted/100k_blur_15x15_s5/heldout/H007889.png,7381
384705,7381,H007890,data/splits/100k/images/heldout/H007890.png,data/corrupted/100k_blur_15x15_s5/heldout/H007890.png,7381
384758,7381,H007891,data/splits/100k/images/heldout/H007891.png,data/corrupted/100k_blur_15x15_s5/heldout/H007891.png,7381
398710,7776,H007892,data/splits/100k/images/heldout/H007892.png,data/corrupted/100k_blur_15x15_s5/heldout/H007892.png,7776
398688,7776,H007893,data/splits/100k/images/heldout/H007893.png,data/corrupted/100k_blur_15x15_s5/heldout/H007893.png,7776
398694,7776,H007894,data/splits/100k/images/heldout/H007894.png,data/corrupted/100k_blur_15x15_s5/heldout/H007894.png,7776
398681,7776,H007895,data/splits/100k/images/heldout/H007895.png,data/corrupted/100k_blur_15x15_s5/heldout/H007895.png,7776
399096,7788,H007896,data/splits/100k/images/heldout/H007896.png,data/corrupted/100k_blur_15x15_s5/heldout/H007896.png,7788
399056,7788,H007897,data/splits/100k/images/heldout/H007897.png,data/corrupted/100k_blur_15x15_s5/heldout/H007897.png,7788
399098,7788,H007898,data/splits/100k/images/heldout/H007898.png,data/corrupted/100k_blur_15x15_s5/heldout/H007898.png,7788
399074,7788,H007899,data/splits/100k/images/heldout/H007899.png,data/corrupted/100k_blur_15x15_s5/heldout/H007899.png,7788
399222,7792,H007900,data/splits/100k/images/heldout/H007900.png,data/corrupted/100k_blur_15x15_s5/heldout/H007900.png,7792
399210,7792,H007901,data/splits/100k/images/heldout/H007901.png,data/corrupted/100k_blur_15x15_s5/heldout/H007901.png,7792
399214,7792,H007902,data/splits/100k/images/heldout/H007902.png,data/corrupted/100k_blur_15x15_s5/heldout/H007902.png,7792
399224,7792,H007903,data/splits/100k/images/heldout/H007903.png,data/corrupted/100k_blur_15x15_s5/heldout/H007903.png,7792
399348,7796,H007904,data/splits/100k/images/heldout/H007904.png,data/corrupted/100k_blur_15x15_s5/heldout/H007904.png,7796
399359,7796,H007905,data/splits/100k/images/heldout/H007905.png,data/corrupted/100k_blur_15x15_s5/heldout/H007905.png,7796
399373,7796,H007906,data/splits/100k/images/heldout/H007906.png,data/corrupted/100k_blur_15x15_s5/heldout/H007906.png,7796
399346,7796,H007907,data/splits/100k/images/heldout/H007907.png,data/corrupted/100k_blur_15x15_s5/heldout/H007907.png,7796
401424,7856,H007908,data/splits/100k/images/heldout/H007908.png,data/corrupted/100k_blur_15x15_s5/heldout/H007908.png,7856
401444,7856,H007909,data/splits/100k/images/heldout/H007909.png,data/corrupted/100k_blur_15x15_s5/heldout/H007909.png,7856
401446,7856,H007910,data/splits/100k/images/heldout/H007910.png,data/corrupted/100k_blur_15x15_s5/heldout/H007910.png,7856
401425,7856,H007911,data/splits/100k/images/heldout/H007911.png,data/corrupted/100k_blur_15x15_s5/heldout/H007911.png,7856
405910,7984,H007912,data/splits/100k/images/heldout/H007912.png,data/corrupted/100k_blur_15x15_s5/heldout/H007912.png,7984
405884,7984,H007913,data/splits/100k/images/heldout/H007913.png,data/corrupted/100k_blur_15x15_s5/heldout/H007913.png,7984
405860,7984,H007914,data/splits/100k/images/heldout/H007914.png,data/corrupted/100k_blur_15x15_s5/heldout/H007914.png,7984
405875,7984,H007915,data/splits/100k/images/heldout/H007915.png,data/corrupted/100k_blur_15x15_s5/heldout/H007915.png,7984
431194,8691,H007916,data/splits/100k/images/heldout/H007916.png,data/corrupted/100k_blur_15x15_s5/heldout/H007916.png,8691
431224,8691,H007917,data/splits/100k/images/heldout/H007917.png,data/corrupted/100k_blur_15x15_s5/heldout/H007917.png,8691
431221,8691,H007918,data/splits/100k/images/heldout/H007918.png,data/corrupted/100k_blur_15x15_s5/heldout/H007918.png,8691
431217,8691,H007919,data/splits/100k/images/heldout/H007919.png,data/corrupted/100k_blur_15x15_s5/heldout/H007919.png,8691
449507,9216,H007920,data/splits/100k/images/heldout/H007920.png,data/corrupted/100k_blur_15x15_s5/heldout/H007920.png,9216
449494,9216,H007921,data/splits/100k/images/heldout/H007921.png,data/corrupted/100k_blur_15x15_s5/heldout/H007921.png,9216
449508,9216,H007922,data/splits/100k/images/heldout/H007922.png,data/corrupted/100k_blur_15x15_s5/heldout/H007922.png,9216
449505,9216,H007923,data/splits/100k/images/heldout/H007923.png,data/corrupted/100k_blur_15x15_s5/heldout/H007923.png,9216
451970,9272,H007924,data/splits/100k/images/heldout/H007924.png,data/corrupted/100k_blur_15x15_s5/heldout/H007924.png,9272
451979,9272,H007925,data/splits/100k/images/heldout/H007925.png,data/corrupted/100k_blur_15x15_s5/heldout/H007925.png,9272
451974,9272,H007926,data/splits/100k/images/heldout/H007926.png,data/corrupted/100k_blur_15x15_s5/heldout/H007926.png,9272
451986,9272,H007927,data/splits/100k/images/heldout/H007927.png,data/corrupted/100k_blur_15x15_s5/heldout/H007927.png,9272
454870,9369,H007928,data/splits/100k/images/heldout/H007928.png,data/corrupted/100k_blur_15x15_s5/heldout/H007928.png,9369
454851,9369,H007929,data/splits/100k/images/heldout/H007929.png,data/corrupted/100k_blur_15x15_s5/heldout/H007929.png,9369
454850,9369,H007930,data/splits/100k/images/heldout/H007930.png,data/corrupted/100k_blur_15x15_s5/heldout/H007930.png,9369
454858,9369,H007931,data/splits/100k/images/heldout/H007931.png,data/corrupted/100k_blur_15x15_s5/heldout/H007931.png,9369
479944,10177,H007932,data/splits/100k/images/heldout/H007932.png,data/corrupted/100k_blur_15x15_s5/heldout/H007932.png,10177
479946,10177,H007933,data/splits/100k/images/heldout/H007933.png,data/corrupted/100k_blur_15x15_s5/heldout/H007933.png,10177
479940,10177,H007934,data/splits/100k/images/heldout/H007934.png,data/corrupted/100k_blur_15x15_s5/heldout/H007934.png,10177
479891,10177,H007935,data/splits/100k/images/heldout/H007935.png,data/corrupted/100k_blur_15x15_s5/heldout/H007935.png,10177
480220,10188,H007936,data/splits/100k/images/heldout/H007936.png,data/corrupted/100k_blur_15x15_s5/heldout/H007936.png,10188
480191,10188,H007937,data/splits/100k/images/heldout/H007937.png,data/corrupted/100k_blur_15x15_s5/heldout/H007937.png,10188
480208,10188,H007938,data/splits/100k/images/heldout/H007938.png,data/corrupted/100k_blur_15x15_s5/heldout/H007938.png,10188
480186,10188,H007939,data/splits/100k/images/heldout/H007939.png,data/corrupted/100k_blur_15x15_s5/heldout/H007939.png,10188
480456,10195,H007940,data/splits/100k/images/heldout/H007940.png,data/corrupted/100k_blur_15x15_s5/heldout/H007940.png,10195
480463,10195,H007941,data/splits/100k/images/heldout/H007941.png,data/corrupted/100k_blur_15x15_s5/heldout/H007941.png,10195
480472,10195,H007942,data/splits/100k/images/heldout/H007942.png,data/corrupted/100k_blur_15x15_s5/heldout/H007942.png,10195
480494,10195,H007943,data/splits/100k/images/heldout/H007943.png,data/corrupted/100k_blur_15x15_s5/heldout/H007943.png,10195
14300,95,H007944,data/splits/100k/images/heldout/H007944.png,data/corrupted/100k_blur_15x15_s5/heldout/H007944.png,95
14295,95,H007945,data/splits/100k/images/heldout/H007945.png,data/corrupted/100k_blur_15x15_s5/heldout/H007945.png,95
14278,95,H007946,data/splits/100k/images/heldout/H007946.png,data/corrupted/100k_blur_15x15_s5/heldout/H007946.png,95
14274,95,H007947,data/splits/100k/images/heldout/H007947.png,data/corrupted/100k_blur_15x15_s5/heldout/H007947.png,95
33042,280,H007948,data/splits/100k/images/heldout/H007948.png,data/corrupted/100k_blur_15x15_s5/heldout/H007948.png,280
33058,280,H007949,data/splits/100k/images/heldout/H007949.png,data/corrupted/100k_blur_15x15_s5/heldout/H007949.png,280
33055,280,H007950,data/splits/100k/images/heldout/H007950.png,data/corrupted/100k_blur_15x15_s5/heldout/H007950.png,280
33022,280,H007951,data/splits/100k/images/heldout/H007951.png,data/corrupted/100k_blur_15x15_s5/heldout/H007951.png,280
38689,365,H007952,data/splits/100k/images/heldout/H007952.png,data/corrupted/100k_blur_15x15_s5/heldout/H007952.png,365
38696,365,H007953,data/splits/100k/images/heldout/H007953.png,data/corrupted/100k_blur_15x15_s5/heldout/H007953.png,365
38695,365,H007954,data/splits/100k/images/heldout/H007954.png,data/corrupted/100k_blur_15x15_s5/heldout/H007954.png,365
38677,365,H007955,data/splits/100k/images/heldout/H007955.png,data/corrupted/100k_blur_15x15_s5/heldout/H007955.png,365
48266,492,H007956,data/splits/100k/images/heldout/H007956.png,data/corrupted/100k_blur_15x15_s5/heldout/H007956.png,492
48239,492,H007957,data/splits/100k/images/heldout/H007957.png,data/corrupted/100k_blur_15x15_s5/heldout/H007957.png,492
48257,492,H007958,data/splits/100k/images/heldout/H007958.png,data/corrupted/100k_blur_15x15_s5/heldout/H007958.png,492
48238,492,H007959,data/splits/100k/images/heldout/H007959.png,data/corrupted/100k_blur_15x15_s5/heldout/H007959.png,492
50775,528,H007960,data/splits/100k/images/heldout/H007960.png,data/corrupted/100k_blur_15x15_s5/heldout/H007960.png,528
50768,528,H007961,data/splits/100k/images/heldout/H007961.png,data/corrupted/100k_blur_15x15_s5/heldout/H007961.png,528
50797,528,H007962,data/splits/100k/images/heldout/H007962.png,data/corrupted/100k_blur_15x15_s5/heldout/H007962.png,528
50786,528,H007963,data/splits/100k/images/heldout/H007963.png,data/corrupted/100k_blur_15x15_s5/heldout/H007963.png,528
51938,539,H007964,data/splits/100k/images/heldout/H007964.png,data/corrupted/100k_blur_15x15_s5/heldout/H007964.png,539
51924,539,H007965,data/splits/100k/images/heldout/H007965.png,data/corrupted/100k_blur_15x15_s5/heldout/H007965.png,539
51962,539,H007966,data/splits/100k/images/heldout/H007966.png,data/corrupted/100k_blur_15x15_s5/heldout/H007966.png,539
51934,539,H007967,data/splits/100k/images/heldout/H007967.png,data/corrupted/100k_blur_15x15_s5/heldout/H007967.png,539
53907,573,H007968,data/splits/100k/images/heldout/H007968.png,data/corrupted/100k_blur_15x15_s5/heldout/H007968.png,573
53916,573,H007969,data/splits/100k/images/heldout/H007969.png,data/corrupted/100k_blur_15x15_s5/heldout/H007969.png,573
53891,573,H007970,data/splits/100k/images/heldout/H007970.png,data/corrupted/100k_blur_15x15_s5/heldout/H007970.png,573
53940,573,H007971,data/splits/100k/images/heldout/H007971.png,data/corrupted/100k_blur_15x15_s5/heldout/H007971.png,573
92434,1126,H007972,data/splits/100k/images/heldout/H007972.png,data/corrupted/100k_blur_15x15_s5/heldout/H007972.png,1126
92435,1126,H007973,data/splits/100k/images/heldout/H007973.png,data/corrupted/100k_blur_15x15_s5/heldout/H007973.png,1126
92451,1126,H007974,data/splits/100k/images/heldout/H007974.png,data/corrupted/100k_blur_15x15_s5/heldout/H007974.png,1126
92459,1126,H007975,data/splits/100k/images/heldout/H007975.png,data/corrupted/100k_blur_15x15_s5/heldout/H007975.png,1126
96336,1175,H007976,data/splits/100k/images/heldout/H007976.png,data/corrupted/100k_blur_15x15_s5/heldout/H007976.png,1175
96310,1175,H007977,data/splits/100k/images/heldout/H007977.png,data/corrupted/100k_blur_15x15_s5/heldout/H007977.png,1175
96304,1175,H007978,data/splits/100k/images/heldout/H007978.png,data/corrupted/100k_blur_15x15_s5/heldout/H007978.png,1175
96306,1175,H007979,data/splits/100k/images/heldout/H007979.png,data/corrupted/100k_blur_15x15_s5/heldout/H007979.png,1175
99725,1216,H007980,data/splits/100k/images/heldout/H007980.png,data/corrupted/100k_blur_15x15_s5/heldout/H007980.png,1216
99706,1216,H007981,data/splits/100k/images/heldout/H007981.png,data/corrupted/100k_blur_15x15_s5/heldout/H007981.png,1216
99749,1216,H007982,data/splits/100k/images/heldout/H007982.png,data/corrupted/100k_blur_15x15_s5/heldout/H007982.png,1216
99747,1216,H007983,data/splits/100k/images/heldout/H007983.png,data/corrupted/100k_blur_15x15_s5/heldout/H007983.png,1216
109605,1362,H007984,data/splits/100k/images/heldout/H007984.png,data/corrupted/100k_blur_15x15_s5/heldout/H007984.png,1362
109632,1362,H007985,data/splits/100k/images/heldout/H007985.png,data/corrupted/100k_blur_15x15_s5/heldout/H007985.png,1362
109631,1362,H007986,data/splits/100k/images/heldout/H007986.png,data/corrupted/100k_blur_15x15_s5/heldout/H007986.png,1362
109658,1362,H007987,data/splits/100k/images/heldout/H007987.png,data/corrupted/100k_blur_15x15_s5/heldout/H007987.png,1362
119897,1592,H007988,data/splits/100k/images/heldout/H007988.png,data/corrupted/100k_blur_15x15_s5/heldout/H007988.png,1592
119844,1592,H007989,data/splits/100k/images/heldout/H007989.png,data/corrupted/100k_blur_15x15_s5/heldout/H007989.png,1592
119854,1592,H007990,data/splits/100k/images/heldout/H007990.png,data/corrupted/100k_blur_15x15_s5/heldout/H007990.png,1592
119888,1592,H007991,data/splits/100k/images/heldout/H007991.png,data/corrupted/100k_blur_15x15_s5/heldout/H007991.png,1592
134039,1888,H007992,data/splits/100k/images/heldout/H007992.png,data/corrupted/100k_blur_15x15_s5/heldout/H007992.png,1888
133996,1888,H007993,data/splits/100k/images/heldout/H007993.png,data/corrupted/100k_blur_15x15_s5/heldout/H007993.png,1888
134029,1888,H007994,data/splits/100k/images/heldout/H007994.png,data/corrupted/100k_blur_15x15_s5/heldout/H007994.png,1888
134046,1888,H007995,data/splits/100k/images/heldout/H007995.png,data/corrupted/100k_blur_15x15_s5/heldout/H007995.png,1888
134850,1910,H007996,data/splits/100k/images/heldout/H007996.png,data/corrupted/100k_blur_15x15_s5/heldout/H007996.png,1910
134890,1910,H007997,data/splits/100k/images/heldout/H007997.png,data/corrupted/100k_blur_15x15_s5/heldout/H007997.png,1910
134878,1910,H007998,data/splits/100k/images/heldout/H007998.png,data/corrupted/100k_blur_15x15_s5/heldout/H007998.png,1910
134844,1910,H007999,data/splits/100k/images/heldout/H007999.png,data/corrupted/100k_blur_15x15_s5/heldout/H007999.png,1910
