image_id,record_index,y_true,image_path
0,1,0,images/0/1.png
1,2,0,images/0/2.png
2,3,0,images/0/3.png
3,4,0,images/0/4.png
4,5,0,images/0/5.png
5,6,0,images/0/6.png
6,7,0,images/0/7.png
7,8,0,images/0/8.png
8,9,0,images/0/9.png
9,10,0,images/0/10.png
10,11,0,images/0/11.png
11,12,0,images/0/12.png
12,13,0,images/0/13.png
13,14,0,images/0/14.png
14,15,0,images/0/15.png
15,16,1,images/1/16.png
16,17,1,images/1/17.png
17,18,1,images/1/18.png
18,19,1,images/1/19.png
19,20,1,images/1/20.png
20,21,1,images/1/21.png
21,22,1,images/1/22.png
22,23,1,images/1/23.png
23,24,1,images/1/24.png
24,25,1,images/1/25.png
25,26,1,images/1/26.png
26,27,1,images/1/27.png
27,28,1,images/1/28.png
28,29,1,images/1/29.png
29,30,1,images/1/30.png
30,31,1,images/1/31.png
31,32,1,images/1/32.png
32,33,1,images/1/33.png
33,34,1,images/1/34.png
34,35,1,images/1/35.png
35,36,1,images/1/36.png
36,37,1,images/1/37.png
37,38,1,images/1/38.png
38,39,1,images/1/39.png
39,40,1,images/1/40.png
40,41,1,images/1/41.png
41,42,1,images/1/42.png
42,43,1,images/1/43.png
43,44,1,images/1/44.png
44,45,1,images/1/45.png
45,46,1,images/1/46.png
46,47,1,images/1/47.png
47,48,1,images/1/48.png
48,49,1,images/1/49.png
49,50,1,images/1/50.png
50,51,1,images/1/51.png
51,52,1,images/1/52.png
52,53,1,images/1/53.png
53,54,1,images/1/54.png
54,55,1,images/1/55.png
55,56,1,images/1/56.png
56,57,1,images/1/57.png
57,58,1,images/1/58.png
58,59,1,images/1/59.png
59,60,1,images/1/60.png
60,61,1,images/1/61.png
61,62,1,images/1/62.png
62,63,1,images/1/63.png
63,64,1,images/1/64.png
64,65,1,images/1/65.png
65,66,1,images/1/66.png
66,67,1,images/1/67.png
67,68,1,images/1/68.png
68,69,1,images/1/69.png
69,70,1,images/1/70.png
70,71,1,images/1/71.png
71,72,1,images/1/72.png
72,73,1,images/1/73.png
73,74,1,images/1/74.png
74,75,1,images/1/75.png
75,76,1,images/1/76.png
76,77,1,images/1/77.png
77,78,1,images/1/78.png
78,79,1,images/1/79.png
79,80,1,images/1/80.png
80,81,1,images/1/81.png
81,82,1,images/1/82.png
82,83,1,images/1/83.png
83,84,1,images/1/84.png
84,85,1,images/1/85.png
85,86,1,images/1/86.png
86,87,1,images/1/87.png
87,88,1,images/1/88.png
88,89,1,images/1/89.png
89,90,1,images/1/90.png
90,91,1,images/1/91.png
91,92,1,images/1/92.png
92,93,1,images/1/93.png
93,94,1,images/1/94.png
94,95,1,images/1/95.png
95,96,1,images/1/96.png
96,97,1,images/1/97.png
97,98,1,images/1/98.png
98,99,1,images/1/99.png
99,100,1,images/1/100.png
100,101,1,images/1/101.png
101,102,1,images/1/102.png
102,103,1,images/1/103.png
103,104,1,images/1/104.png
104,105,1,images/1/105.png
105,106,1,images/1/106.png
106,107,1,images/1/107.png
107,108,1,images/1/108.png
108,109,1,images/1/109.png
109,110,1,images/1/110.png
110,111,1,images/1/111.png
111,112,1,images/1/112.png
112,113,1,images/1/113.png
113,114,1,images/1/114.png
114,115,1,images/1/115.png
115,116,1,images/1/116.png
116,117,1,images/1/117.png
117,118,1,images/1/118.png
118,119,1,images/1/119.png
119,120,1,images/1/120.png
120,121,1,images/1/121.png
121,122,1,images/1/122.png
122,123,1,images/1/123.png
123,124,1,images/1/124.png
124,125,1,images/1/125.png
125,126,1,images/1/126.png
126,127,1,images/1/127.png
127,128,1,images/1/128.png
128,129,1,images/1/129.png
129,130,1,images/1/130.png
130,131,1,images/1/131.png
131,132,1,images/1/132.png
132,133,1,images/1/133.png
133,134,1,images/1/134.png
134,135,1,images/1/135.png
135,136,1,images/1/136.png
136,137,1,images/1/137.png
137,138,1,images/1/138.png
138,139,1,images/1/139.png
139,140,1,images/1/140.png
140,141,1,images/1/141.png
141,142,1,images/1/142.png
142,143,1,images/1/143.png
143,144,1,images/1/144.png
144,145,1,images/1/145.png
145,146,1,images/1/146.png
146,147,1,images/1/147.png
147,148,1,images/1/148.png
148,149,1,images/1/149.png
149,150,1,images/1/150.png
150,151,1,images/1/151.png
151,152,1,images/1/152.png
152,153,1,images/1/153.png
153,154,1,images/1/154.png
154,155,1,images/1/155.png
155,156,1,images/1/156.png
156,157,1,images/1/157.png
157,158,1,images/1/158.png
158,159,1,images/1/159.png
159,160,1,images/1/160.png
160,161,1,images/1/161.png
161,162,1,images/1/162.png
162,163,1,images/1/163.png
163,164,1,images/1/164.png
164,165,1,images/1/165.png
165,166,1,images/1/166.png
166,167,1,images/1/167.png
167,168,1,images/1/168.png
168,169,1,images/1/169.png
169,170,1,images/1/170.png
170,171,1,images/1/171.png
171,172,1,images/1/172.png
172,173,1,images/1/173.png
173,174,1,images/1/174.png
174,175,1,images/1/175.png
175,176,1,images/1/176.png
176,177,1,images/1/177.png
177,178,1,images/1/178.png
178,179,1,images/1/179.png
179,180,1,images/1/180.png
180,181,1,images/1/181.png
181,182,1,images/1/182.png
182,183,1,images/1/183.png
183,184,1,images/1/184.png
184,185,1,images/1/185.png
185,186,1,images/1/186.png
186,187,1,images/1/187.png
187,188,1,images/1/188.png
188,189,1,images/1/189.png
189,190,1,images/1/190.png
190,191,1,images/1/191.png
191,192,1,images/1/192.png
192,193,1,images/1/193.png
193,194,1,images/1/194.png
194,195,1,images/1/195.png
195,196,1,images/1/196.png
196,197,1,images/1/197.png
197,198,1,images/1/198.png
198,199,1,images/1/199.png
199,200,1,images/1/200.png
200,201,1,images/1/201.png
201,202,1,images/1/202.png
202,203,1,images/1/203.png
203,204,1,images/1/204.png
204,205,1,images/1/205.png
205,206,1,images/1/206.png
206,207,1,images/1/207.png
207,208,1,images/1/208.png
208,209,1,images/1/209.png
209,210,1,images/1/210.png
210,211,1,images/1/211.png
211,212,1,images/1/212.png
212,213,1,images/1/213.png
213,214,1,images/1/214.png
214,215,1,images/1/215.png
215,216,1,images/1/216.png
216,217,1,images/1/217.png
217,218,1,images/1/218.png
218,219,1,images/1/219.png
219,220,1,images/1/220.png
220,221,1,images/1/221.png
221,222,1,images/1/222.png
222,223,1,images/1/223.png
223,224,1,images/1/224.png
224,225,1,images/1/225.png
225,226,1,images/1/226.png
226,227,1,images/1/227.png
227,228,1,images/1/228.png
228,229,1,images/1/229.png
229,230,1,images/1/230.png
230,231,1,images/1/231.png
231,232,1,images/1/232.png
232,233,1,images/1/233.png
233,234,1,images/1/234.png
234,235,1,images/1/235.png
235,236,1,images/1/236.png
236,237,1,images/1/237.png
237,238,1,images/1/238.png
238,239,1,images/1/239.png
239,240,1,images/1/240.png
240,241,1,images/1/241.png
241,242,1,images/1/242.png
242,243,1,images/1/243.png
243,244,1,images/1/244.png
244,245,1,images/1/245.png
245,246,1,images/1/246.png
246,247,1,images/1/247.png
247,248,1,images/1/248.png
248,249,1,images/1/249.png
249,250,1,images/1/250.png
250,251,1,images/1/251.png
251,252,1,images/1/252.png
252,253,1,images/1/253.png
253,254,1,images/1/254.png
254,255,1,images/1/255.png
255,256,1,images/1/256.png
256,257,1,images/1/257.png
257,258,1,images/1/258.png
258,259,1,images/1/259.png
259,260,1,images/1/260.png
260,261,1,images/1/261.png
261,262,1,images/1/262.png
262,263,1,images/1/263.png
263,264,1,images/1/264.png
264,265,1,images/1/265.png
265,266,1,images/1/266.png
266,267,1,images/1/267.png
267,268,1,images/1/268.png
268,269,1,images/1/269.png
269,270,1,images/1/270.png
270,271,1,images/1/271.png
271,272,2,images/2/272.png
272,273,2,images/2/273.png
273,274,2,images/2/274.png
274,275,2,images/2/275.png
275,276,2,images/2/276.png
276,277,2,images/2/277.png
277,278,2,images/2/278.png
278,279,2,images/2/279.png
279,280,2,images/2/280.png
280,281,2,images/2/281.png
281,282,2,images/2/282.png
282,283,2,images/2/283.png
283,284,2,images/2/284.png
284,285,2,images/2/285.png
285,286,2,images/2/286.png
286,287,2,images/2/287.png
287,288,2,images/2/288.png
288,289,2,images/2/289.png
289,290,2,images/2/290.png
290,291,2,images/2/291.png
291,292,2,images/2/292.png
292,293,2,images/2/293.png
293,294,2,images/2/294.png
294,295,2,images/2/295.png
295,296,2,images/2/296.png
296,297,2,images/2/297.png
297,298,2,images/2/298.png
298,299,2,images/2/299.png
299,300,2,images/2/300.png
300,301,2,images/2/301.png
301,302,2,images/2/302.png
302,303,2,images/2/303.png
303,304,2,images/2/304.png
304,305,2,images/2/305.png
305,306,2,images/2/306.png
306,307,2,images/2/307.png
307,308,2,images/2/308.png
308,309,2,images/2/309.png
309,310,2,images/2/310.png
310,311,2,images/2/311.png
311,312,2,images/2/312.png
312,313,2,images/2/313.png
313,314,2,images/2/314.png
314,315,2,images/2/315.png
315,316,2,images/2/316.png
316,317,2,images/2/317.png
317,318,2,images/2/318.png
318,319,2,images/2/319.png
319,320,2,images/2/320.png
320,321,2,images/2/321.png
321,322,2,images/2/322.png
322,323,2,images/2/323.png
323,324,2,images/2/324.png
324,325,2,images/2/325.png
325,326,2,images/2/326.png
326,327,2,images/2/327.png
327,328,2,images/2/328.png
328,329,2,images/2/329.png
329,330,2,images/2/330.png
330,331,2,images/2/331.png
331,332,2,images/2/332.png
332,333,2,images/2/333.png
333,334,2,images/2/334.png
334,335,2,images/2/335.png
335,336,2,images/2/336.png
336,337,2,images/2/337.png
337,338,2,images/2/338.png
338,339,2,images/2/339.png
339,340,2,images/2/340.png
340,341,3,images/3/341.png
341,342,3,images/3/342.png
342,343,3,images/3/343.png
343,344,3,images/3/344.png
344,345,3,images/3/345.png
345,346,3,images/3/346.png
346,347,3,images/3/347.png
347,348,3,images/3/348.png
348,349,3,images/3/349.png
349,350,3,images/3/350.png
350,351,3,images/3/351.png
351,352,3,images/3/352.png
352,353,3,images/3/353.png
353,354,3,images/3/354.png
354,355,3,images/3/355.png
355,356,3,images/3/356.png
356,357,3,images/3/357.png
357,358,3,images/3/358.png
358,359,3,images/3/359.png
359,360,3,images/3/360.png
360,361,3,images/3/361.png
361,362,3,images/3/362.png
362,363,3,images/3/363.png
363,364,3,images/3/364.png
364,365,3,images/3/365.png
365,366,3,images/3/366.png
366,367,3,images/3/367.png
367,368,3,images/3/368.png
368,369,3,images/3/369.png
369,370,3,images/3/370.png
370,371,3,images/3/371.png
371,372,3,images/3/372.png
372,373,3,images/3/373.png
373,374,3,images/3/374.png
374,375,3,images/3/375.png
375,376,3,images/3/376.png
376,377,3,images/3/377.png
377,378,3,images/3/378.png
378,379,3,images/3/379.png
379,380,3,images/3/380.png
380,381,3,images/3/381.png
381,382,3,images/3/382.png
382,383,3,images/3/383.png
383,384,3,images/3/384.png
384,385,3,images/3/385.png
385,386,3,images/3/386.png
386,387,3,images/3/387.png
387,388,3,images/3/388.png
388,389,3,images/3/389.png
389,390,3,images/3/390.png
390,391,3,images/3/391.png
391,392,3,images/3/392.png
392,393,3,images/3/393.png
393,394,3,images/3/394.png
394,395,3,images/3/395.png
395,396,3,images/3/396.png
396,397,3,images/3/397.png
397,398,3,images/3/398.png
398,399,3,images/3/399.png
399,400,3,images/3/400.png
400,401,3,images/3/401.png
401,402,3,images/3/402.png
402,403,3,images/3/403.png
403,404,3,images/3/404.png
404,405,3,images/3/405.png
405,406,3,images/3/406.png
406,407,3,images/3/407.png
407,408,3,images/3/408.png
408,409,3,images/3/409.png
409,410,3,images/3/410.png
410,411,3,images/3/411.png
411,412,3,images/3/412.png
412,413,3,images/3/413.png
413,414,3,images/3/414.png
414,415,3,images/3/415.png
415,416,3,images/3/416.png
416,417,3,images/3/417.png
417,418,3,images/3/418.png
418,419,3,images/3/419.png
419,420,3,images/3/420.png
420,421,3,images/3/421.png
421,422,3,images/3/422.png
422,423,3,images/3/423.png
423,424,3,images/3/424.png
424,425,3,images/3/425.png
425,426,3,images/3/426.png
426,427,3,images/3/427.png
427,428,3,images/3/428.png
428,429,3,images/3/429.png
429,430,3,images/3/430.png
430,431,3,images/3/431.png
431,432,3,images/3/432.png
432,433,3,images/3/433.png
433,434,3,images/3/434.png
434,435,3,images/3/435.png
435,436,3,images/3/436.png
436,437,3,images/3/437.png
437,438,3,images/3/438.png
438,439,3,images/3/439.png
439,440,3,images/3/440.png
440,441,3,images/3/441.png
441,442,3,images/3/442.png
442,443,3,images/3/443.png
443,444,3,images/3/444.png
444,445,3,images/3/445.png
445,446,3,images/3/446.png
446,447,3,images/3/447.png
447,448,3,images/3/448.png
448,449,3,images/3/449.png
449,450,3,images/3/450.png
450,451,3,images/3/451.png
451,452,3,images/3/452.png
452,453,3,images/3/453.png
453,454,3,images/3/454.png
454,455,3,images/3/455.png
455,456,3,images/3/456.png
456,457,3,images/3/457.png
457,458,3,images/3/458.png
458,459,3,images/3/459.png
459,460,3,images/3/460.png
460,461,3,images/3/461.png
461,462,3,images/3/462.png
462,463,3,images/3/463.png
463,464,3,images/3/464.png
464,465,3,images/3/465.png
465,466,3,images/3/466.png
466,467,3,images/3/467.png
467,468,3,images/3/468.png
468,469,3,images/3/469.png
469,470,3,images/3/470.png
470,471,3,images/3/471.png
471,472,3,images/3/472.png
472,473,3,images/3/473.png
473,474,3,images/3/474.png
474,475,3,images/3/475.png
475,476,3,images/3/476.png
476,477,3,images/3/477.png
477,478,3,images/3/478.png
478,479,3,images/3/479.png
479,480,3,images/3/480.png
480,481,3,images/3/481.png
481,482,3,images/3/482.png
482,483,3,images/3/483.png
483,484,3,images/3/484.png
484,485,3,images/3/485.png
485,486,3,images/3/486.png
486,487,3,images/3/487.png
487,488,3,images/3/488.png
488,489,3,images/3/489.png
489,490,3,images/3/490.png
490,491,3,images/3/491.png
491,492,3,images/3/492.png
492,493,3,images/3/493.png
493,494,3,images/3/494.png
494,495,3,images/3/495.png
495,496,3,images/3/496.png
496,497,3,images/3/497.png
497,498,3,images/3/498.png
498,499,3,images/3/499.png
499,500,3,images/3/500.png
500,501,3,images/3/501.png
501,502,3,images/3/502.png
502,503,3,images/3/503.png
503,504,3,images/3/504.png
504,505,3,images/3/505.png
505,506,3,images/3/506.png
506,507,3,images/3/507.png
507,508,3,images/3/508.png
508,509,3,images/3/509.png
509,510,3,images/3/510.png
510,511,3,images/3/511.png
511,512,3,images/3/512.png
512,513,3,images/3/513.png
513,514,3,images/3/514.png
514,515,3,images/3/515.png
515,516,3,images/3/516.png
516,517,3,images/3/517.png
517,518,3,images/3/518.png
518,519,3,images/3/519.png
519,520,3,images/3/520.png
520,521,3,images/3/521.png
521,522,3,images/3/522.png
522,523,3,images/3/523.png
523,524,3,images/3/524.png
524,525,3,images/3/525.png
525,526,3,images/3/526.png
526,527,3,images/3/527.png
527,528,3,images/3/528.png
528,529,3,images/3/529.png
529,530,3,images/3/530.png
530,531,3,images/3/531.png
531,532,3,images/3/532.png
532,533,3,images/3/533.png
533,534,3,images/3/534.png
534,535,3,images/3/535.png
535,536,3,images/3/536.png
536,537,3,images/3/537.png
537,538,3,images/3/538.png
538,539,3,images/3/539.png
539,540,3,images/3/540.png
540,541,3,images/3/541.png
541,542,3,images/3/542.png
542,543,3,images/3/543.png
543,544,3,images/3/544.png
544,545,3,images/3/545.png
545,546,3,images/3/546.png
546,547,3,images/3/547.png
547,548,3,images/3/548.png
548,549,3,images/3/549.png
549,550,3,images/3/550.png
550,551,3,images/3/551.png
551,552,3,images/3/552.png
552,553,3,images/3/553.png
553,554,3,images/3/554.png
554,555,3,images/3/555.png
555,556,3,images/3/556.png
556,557,3,images/3/557.png
557,558,3,images/3/558.png
558,559,3,images/3/559.png
559,560,3,images/3/560.png
560,561,3,images/3/561.png
561,562,3,images/3/562.png
562,563,3,images/3/563.png
563,564,3,images/3/564.png
564,565,3,images/3/565.png
565,566,3,images/3/566.png
566,567,3,images/3/567.png
567,568,3,images/3/568.png
568,569,3,images/3/569.png
569,570,3,images/3/570.png
570,571,3,images/3/571.png
571,572,3,images/3/572.png
572,573,3,images/3/573.png
573,574,3,images/3/574.png
574,575,3,images/3/575.png
575,576,3,images/3/576.png
576,577,3,images/3/577.png
577,578,3,images/3/578.png
578,579,3,images/3/579.png
579,580,3,images/3/580.png
580,581,3,images/3/581.png
581,582,3,images/3/582.png
582,583,3,images/3/583.png
583,584,3,images/3/584.png
584,585,3,images/3/585.png
585,586,3,images/3/586.png
586,587,3,images/3/587.png
587,588,3,images/3/588.png
588,589,3,images/3/589.png
589,590,3,images/3/590.png
590,591,3,images/3/591.png
591,592,3,images/3/592.png
592,593,3,images/3/593.png
593,594,3,images/3/594.png
594,595,3,images/3/595.png
595,596,3,images/3/596.png
596,597,3,images/3/597.png
597,598,3,images/3/598.png
598,599,3,images/3/599.png
599,600,3,images/3/600.png
600,601,3,images/3/601.png
601,602,3,images/3/602.png
602,603,3,images/3/603.png
603,604,3,images/3/604.png
604,605,3,images/3/605.png
605,606,3,images/3/606.png
606,607,3,images/3/607.png
607,608,3,images/3/608.png
608,609,3,images/3/609.png
609,610,3,images/3/610.png
610,611,3,images/3/611.png
611,612,3,images/3/612.png
612,613,3,images/3/613.png
613,614,3,images/3/614.png
614,615,3,images/3/615.png
615,616,3,images/3/616.png
616,617,3,images/3/617.png
617,618,3,images/3/618.png
618,619,3,images/3/619.png
619,620,3,images/3/620.png
620,621,3,images/3/621.png
621,622,3,images/3/622.png
622,623,3,images/3/623.png
623,624,3,images/3/624.png
624,625,3,images/3/625.png
625,626,3,images/3/626.png
626,627,3,images/3/627.png
627,628,3,images/3/628.png
628,629,3,images/3/629.png
629,630,3,images/3/630.png
630,631,3,images/3/631.png
631,632,3,images/3/632.png
632,633,3,images/3/633.png
633,634,3,images/3/634.png
634,635,3,images/3/635.png
635,636,3,images/3/636.png
636,637,3,images/3/637.png
637,638,3,images/3/638.png
638,639,3,images/3/639.png
639,640,3,images/3/640.png
640,641,3,images/3/641.png
641,642,3,images/3/642.png
642,643,3,images/3/643.png
643,644,3,images/3/644.png
644,645,3,images/3/645.png
645,646,3,images/3/646.png
646,647,3,images/3/647.png
647,648,3,images/3/648.png
648,649,3,images/3/649.png
649,650,3,images/3/650.png
650,651,3,images/3/651.png
651,652,3,images/3/652.png
652,653,3,images/3/653.png
653,654,3,images/3/654.png
654,655,3,images/3/655.png
655,656,3,images/3/656.png
656,657,3,images/3/657.png
657,658,3,images/3/658.png
658,659,3,images/3/659.png
659,660,3,images/3/660.png
660,661,3,images/3/661.png
661,662,3,images/3/662.png
662,663,3,images/3/663.png
663,664,3,images/3/664.png
664,665,3,images/3/665.png
665,666,3,images/3/666.png
666,667,3,images/3/667.png
667,668,3,images/3/668.png
668,669,3,images/3/669.png
669,670,3,images/3/670.png
670,671,3,images/3/671.png
671,672,3,images/3/672.png
672,673,3,images/3/673.png
673,674,3,images/3/674.png
674,675,3,images/3/675.png
675,676,3,images/3/676.png
676,677,3,images/3/677.png
677,678,3,images/3/678.png
678,679,3,images/3/679.png
679,680,3,images/3/680.png
680,681,3,images/3/681.png
681,682,3,images/3/682.png
682,683,3,images/3/683.png
683,684,3,images/3/684.png
684,685,3,images/3/685.png
685,686,3,images/3/686.png
686,687,3,images/3/687.png
687,688,3,images/3/688.png
688,689,3,images/3/689.png
689,690,3,images/3/690.png
690,691,3,images/3/691.png
691,692,3,images/3/692.png
692,693,3,images/3/693.png
693,694,3,images/3/694.png
694,695,3,images/3/695.png
695,696,3,images/3/696.png
696,697,3,images/3/697.png
697,698,3,images/3/698.png
698,699,3,images/3/699.png
699,700,3,images/3/700.png
700,701,3,images/3/701.png
701,702,3,images/3/702.png
702,703,3,images/3/703.png
703,704,3,images/3/704.png
704,705,3,images/3/705.png
705,706,3,images/3/706.png
706,707,3,images/3/707.png
707,708,3,images/3/708.png
708,709,3,images/3/709.png
709,710,3,images/3/710.png
710,711,3,images/3/711.png
711,712,3,images/3/712.png
712,713,3,images/3/713.png
713,714,3,images/3/714.png
714,715,3,images/3/715.png
715,716,3,images/3/716.png
716,717,3,images/3/717.png
717,718,3,images/3/718.png
718,719,3,images/3/719.png
719,720,3,images/3/720.png
720,721,3,images/3/721.png
721,722,3,images/3/722.png
722,723,3,images/3/723.png
723,724,3,images/3/724.png
724,725,3,images/3/725.png
725,726,3,images/3/726.png
726,727,3,images/3/727.png
727,728,3,images/3/728.png
728,729,3,images/3/729.png
729,730,3,images/3/730.png
730,731,3,images/3/731.png
731,732,3,images/3/732.png
732,733,3,images/3/733.png
733,734,3,images/3/734.png
734,735,3,images/3/735.png
735,736,3,images/3/736.png
736,737,3,images/3/737.png
737,738,3,images/3/738.png
738,739,3,images/3/739.png
739,740,3,images/3/740.png
740,741,3,images/3/741.png
741,742,3,images/3/742.png
742,743,3,images/3/743.png
743,744,3,images/3/744.png
744,745,4,images/4/745.png
745,746,4,images/4/746.png
746,747,4,images/4/747.png
747,748,4,images/4/748.png
748,749,4,images/4/749.png
749,750,4,images/4/750.png
750,751,4,images/4/751.png
751,752,4,images/4/752.png
752,753,4,images/4/753.png
753,754,4,images/4/754.png
754,755,4,images/4/755.png
755,756,4,images/4/756.png
756,757,4,images/4/757.png
757,758,4,images/4/758.png
758,759,4,images/4/759.png
759,760,4,images/4/760.png
760,761,4,images/4/761.png
761,762,4,images/4/762.png
762,763,4,images/4/763.png
763,764,4,images/4/764.png
764,765,4,images/4/765.png
765,766,4,images/4/766.png
766,767,4,images/4/767.png
767,768,4,images/4/768.png
768,769,4,images/4/769.png
769,770,4,images/4/770.png
770,771,4,images/4/771.png
771,772,4,images/4/772.png
772,773,4,images/4/773.png
773,774,4,images/4/774.png
774,775,4,images/4/775.png
775,776,4,images/4/776.png
776,777,4,images/4/777.png
777,778,4,images/4/778.png
778,779,4,images/4/779.png
779,780,4,images/4/780.png
780,781,4,images/4/781.png
781,782,4,images/4/782.png
782,783,4,images/4/783.png
783,784,4,images/4/784.png
784,785,4,images/4/785.png
785,786,4,images/4/786.png
786,787,4,images/4/787.png
787,788,4,images/4/788.png
788,789,4,images/4/789.png
789,790,4,images/4/790.png
790,791,4,images/4/791.png
791,792,4,images/4/792.png
792,793,4,images/4/793.png
793,794,4,images/4/794.png
794,795,4,images/4/795.png
795,796,4,images/4/796.png
796,797,4,images/4/797.png
797,798,4,images/4/798.png
798,799,4,images/4/799.png
799,800,4,images/4/800.png
800,801,4,images/4/801.png
801,802,4,images/4/802.png
802,803,4,images/4/803.png
803,804,4,images/4/804.png
804,805,4,images/4/805.png
805,806,4,images/4/806.png
806,807,4,images/4/807.png
807,808,4,images/4/808.png
808,809,4,images/4/809.png
809,810,4,images/4/810.png
810,811,4,images/4/811.png
811,812,4,images/4/812.png
812,813,4,images/4/813.png
813,814,4,images/4/814.png
814,815,4,images/4/815.png
815,816,4,images/4/816.png
816,817,4,images/4/817.png
817,818,4,images/4/818.png
818,819,5,images/5/819.png
819,820,5,images/5/820.png
820,821,5,images/5/821.png
821,822,5,images/5/822.png
822,823,5,images/5/823.png
823,824,5,images/5/824.png
824,825,5,images/5/825.png
825,826,5,images/5/826.png
826,827,5,images/5/827.png
827,828,5,images/5/828.png
828,829,5,images/5/829.png
829,830,5,images/5/830.png
830,831,5,images/5/831.png
831,832,5,images/5/832.png
832,833,5,images/5/833.png
833,834,5,images/5/834.png
834,835,5,images/5/835.png
835,836,5,images/5/836.png
836,837,5,images/5/837.png
837,838,5,images/5/838.png
838,839,5,images/5/839.png
839,840,5,images/5/840.png
840,841,5,images/5/841.png
841,842,5,images/5/842.png
842,843,5,images/5/843.png
843,844,6,images/6/844.png
844,845,6,images/6/845.png
845,846,6,images/6/846.png
846,847,6,images/6/847.png
847,848,6,images/6/848.png
848,849,6,images/6/849.png
849,850,6,images/6/850.png
850,851,6,images/6/851.png
851,852,6,images/6/852.png
852,853,6,images/6/853.png
853,854,6,images/6/854.png
854,855,6,images/6/855.png
855,856,6,images/6/856.png
856,857,6,images/6/857.png
857,858,6,images/6/858.png
858,859,6,images/6/859.png
859,860,6,images/6/860.png
860,861,6,images/6/861.png
861,862,6,images/6/862.png
862,863,6,images/6/863.png
863,864,6,images/6/864.png
864,865,6,images/6/865.png
865,866,6,images/6/866.png
866,867,6,images/6/867.png
867,868,6,images/6/868.png
868,869,6,images/6/869.png
869,870,6,images/6/870.png
870,871,6,images/6/871.png
871,872,6,images/6/872.png
872,873,6,images/6/873.png
873,874,6,images/6/874.png
874,875,6,images/6/875.png
875,876,6,images/6/876.png
876,877,6,images/6/877.png
877,878,6,images/6/878.png
878,879,6,images/6/879.png
879,880,6,images/6/880.png
880,881,6,images/6/881.png
881,882,6,images/6/882.png
882,883,6,images/6/883.png
883,884,6,images/6/884.png
884,885,6,images/6/885.png
885,886,6,images/6/886.png
886,887,6,images/6/887.png
887,888,6,images/6/888.png
888,889,6,images/6/889.png
889,890,6,images/6/890.png
890,891,6,images/6/891.png
891,892,6,images/6/892.png
892,893,6,images/6/893.png
893,894,6,images/6/894.png
894,895,6,images/6/895.png
895,896,6,images/6/896.png
896,897,6,images/6/897.png
897,898,6,images/6/898.png
898,899,6,images/6/899.png
899,900,6,images/6/900.png
900,901,6,images/6/901.png
901,902,6,images/6/902.png
902,903,6,images/6/903.png
903,904,6,images/6/904.png
904,905,6,images/6/905.png
905,906,6,images/6/906.png
906,907,6,images/6/907.png
907,908,6,images/6/908.png
908,909,6,images/6/909.png
909,910,6,images/6/910.png
910,911,6,images/6/911.png
911,912,6,images/6/912.png
912,913,6,images/6/913.png
913,914,6,images/6/914.png
914,915,6,images/6/915.png
915,916,6,images/6/916.png
916,917,6,images/6/917.png
917,918,6,images/6/918.png
918,919,6,images/6/919.png
919,920,6,images/6/920.png
920,921,6,images/6/921.png
921,922,6,images/6/922.png
922,923,6,images/6/923.png
923,924,6,images/6/924.png
924,925,6,images/6/925.png
925,926,6,images/6/926.png
926,927,6,images/6/927.png
927,928,6,images/6/928.png
928,929,6,images/6/929.png
929,930,6,images/6/930.png
930,931,6,images/6/931.png
931,932,6,images/6/932.png
932,933,6,images/6/933.png
933,934,6,images/6/934.png
934,935,6,images/6/935.png
935,936,6,images/6/936.png
936,937,6,images/6/937.png
937,938,6,images/6/938.png
938,939,6,images/6/939.png
939,940,6,images/6/940.png
940,941,6,images/6/941.png
941,942,6,images/6/942.png
942,943,6,images/6/943.png
943,944,6,images/6/944.png
944,945,6,images/6/945.png
945,946,6,images/6/946.png
946,947,6,images/6/947.png
947,948,6,images/6/948.png
948,949,6,images/6/949.png
949,950,6,images/6/950.png
950,951,6,images/6/951.png
951,952,6,images/6/952.png
952,953,6,images/6/953.png
953,954,6,images/6/954.png
954,955,6,images/6/955.png
955,956,6,images/6/956.png
956,957,6,images/6/957.png
957,958,6,images/6/958.png
958,959,6,images/6/959.png
959,960,6,images/6/960.png
960,961,6,images/6/961.png
961,962,6,images/6/962.png
962,963,6,images/6/963.png
963,964,6,images/6/964.png
964,965,6,images/6/965.png
965,966,6,images/6/966.png
966,967,6,images/6/967.png
967,968,6,images/6/968.png
968,969,6,images/6/969.png
969,970,6,images/6/970.png
970,971,6,images/6/971.png
971,972,6,images/6/972.png
972,973,6,images/6/973.png
973,974,6,images/6/974.png
974,975,6,images/6/975.png
975,976,6,images/6/976.png
976,977,6,images/6/977.png
977,978,6,images/6/978.png
978,979,6,images/6/979.png
979,980,6,images/6/980.png
980,981,7,images/7/981.png
981,982,7,images/7/982.png
982,983,7,images/7/983.png
983,984,7,images/7/984.png
984,985,7,images/7/985.png
985,986,7,images/7/986.png
986,987,7,images/7/987.png
987,988,7,images/7/988.png
988,989,7,images/7/989.png
989,990,7,images/7/990.png
990,991,7,images/7/991.png
991,992,7,images/7/992.png
992,993,7,images/7/993.png
993,994,7,images/7/994.png
994,995,7,images/7/995.png
995,996,7,images/7/996.png
996,997,7,images/7/997.png
997,998,7,images/7/998.png
998,999,7,images/7/999.png
999,1000,7,images/7/1000.png
1000,1001,7,images/7/1001.png
1001,1002,7,images/7/1002.png
1002,1003,7,images/7/1003.png
1003,1004,7,images/7/1004.png
1004,1005,7,images/7/1005.png
1005,1006,7,images/7/1006.png
1006,1007,8,images/8/1007.png
1007,1008,8,images/8/1008.png
1008,1009,8,images/8/1009.png
1009,1010,8,images/8/1010.png
1010,1011,8,images/8/1011.png
1011,1012,8,images/8/1012.png
1012,1013,8,images/8/1013.png
1013,1014,8,images/8/1014.png
1014,1015,8,images/8/1015.png
1015,1016,8,images/8/1016.png
1016,1017,8,images/8/1017.png
1017,1018,8,images/8/1018.png
1018,1019,8,images/8/1019.png
1019,1020,8,images/8/1020.png
1020,1021,8,images/8/1021.png
1021,1022,8,images/8/1022.png
1022,1023,8,images/8/1023.png
1023,1024,8,images/8/1024.png
1024,1025,8,images/8/1025.png
1025,1026,8,images/8/1026.png
1026,1027,8,images/8/1027.png
1027,1028,8,images/8/1028.png
1028,1029,8,images/8/1029.png
1029,1030,8,images/8/1030.png
1030,1031,8,images/8/1031.png
1031,1032,8,images/8/1032.png
1032,1033,8,images/8/1033.png
1033,1034,8,images/8/1034.png
1034,1035,8,images/8/1035.png
1035,1036,8,images/8/1036.png
1036,1037,8,images/8/1037.png
1037,1038,8,images/8/1038.png
1038,1039,8,images/8/1039.png
1039,1040,8,images/8/1040.png
1040,1041,8,images/8/1041.png
1041,1042,8,images/8/1042.png
1042,1043,8,images/8/1043.png
1043,1044,8,images/8/1044.png
1044,1045,8,images/8/1045.png
1045,1046,8,images/8/1046.png
1046,1047,8,images/8/1047.png
1047,1048,8,images/8/1048.png
1048,1049,8,images/8/1049.png
1049,1050,8,images/8/1050.png
1050,1051,8,images/8/1051.png
1051,1052,8,images/8/1052.png
1052,1053,8,images/8/1053.png
1053,1054,8,images/8/1054.png
1054,1055,8,images/8/1055.png
1055,1056,8,images/8/1056.png
1056,1057,8,images/8/1057.png
1057,1058,8,images/8/1058.png
1058,1059,8,images/8/1059.png
1059,1060,8,images/8/1060.png
1060,1061,8,images/8/1061.png
1061,1062,8,images/8/1062.png
1062,1063,8,images/8/1063.png
1063,1064,8,images/8/1064.png
1064,1065,8,images/8/1065.png
1065,1066,8,images/8/1066.png
1066,1067,8,images/8/1067.png
1067,1068,8,images/8/1068.png
1068,1069,8,images/8/1069.png
1069,1070,8,images/8/1070.png
1070,1071,8,images/8/1071.png
1071,1072,8,images/8/1072.png
1072,1073,8,images/8/1073.png
1073,1074,8,images/8/1074.png
1074,1075,8,images/8/1075.png
1075,1076,8,images/8/1076.png
1076,1077,8,images/8/1077.png
1077,1078,8,images/8/1078.png
1078,1079,8,images/8/1079.png
1079,1080,8,images/8/1080.png
1080,1081,8,images/8/1081.png
1081,1082,8,images/8/1082.png
1082,1083,8,images/8/1083.png
1083,1084,8,images/8/1084.png
1084,1085,8,images/8/1085.png
1085,1086,8,images/8/1086.png
1086,1087,8,images/8/1087.png
1087,1088,8,images/8/1088.png
1088,1089,8,images/8/1089.png
1089,1090,8,images/8/1090.png
1090,1091,8,images/8/1091.png
1091,1092,8,images/8/1092.png
1092,1093,8,images/8/1093.png
1093,1094,8,images/8/1094.png
1094,1095,8,images/8/1095.png
1095,1096,8,images/8/1096.png
1096,1097,8,images/8/1097.png
1097,1098,8,images/8/1098.png
1098,1099,8,images/8/1099.png
1099,1100,8,images/8/1100.png
1100,1101,8,images/8/1101.png
1101,1102,8,images/8/1102.png
1102,1103,8,images/8/1103.png
1103,1104,8,images/8/1104.png
1104,1105,8,images/8/1105.png
1105,1106,8,images/8/1106.png
1106,1107,8,images/8/1107.png
1107,1108,8,images/8/1108.png
1108,1109,8,images/8/1109.png
1109,1110,8,images/8/1110.png
1110,1111,8,images/8/1111.png
1111,1112,8,images/8/1112.png
1112,1113,8,images/8/1113.png
1113,1114,8,images/8/1114.png
1114,1115,8,images/8/1115.png
1115,1116,8,images/8/1116.png
1116,1117,8,images/8/1117.png
1117,1118,8,images/8/1118.png
1118,1119,8,images/8/1119.png
1119,1120,8,images/8/1120.png
1120,1121,8,images/8/1121.png
1121,1122,8,images/8/1122.png
1122,1123,8,images/8/1123.png
1123,1124,8,images/8/1124.png
1124,1125,8,images/8/1125.png
1125,1126,8,images/8/1126.png
1126,1127,8,images/8/1127.png
1127,1128,8,images/8/1128.png
1128,1129,8,images/8/1129.png
1129,1130,8,images/8/1130.png
1130,1131,8,images/8/1131.png
1131,1132,8,images/8/1132.png
1132,1133,8,images/8/1133.png
1133,1134,8,images/8/1134.png
1134,1135,8,images/8/1135.png
1135,1136,8,images/8/1136.png
1136,1137,8,images/8/1137.png
1137,1138,8,images/8/1138.png
1138,1139,8,images/8/1139.png
1139,1140,8,images/8/1140.png
1140,1141,8,images/8/1141.png
1141,1142,8,images/8/1142.png
1142,1143,8,images/8/1143.png
1143,1144,8,images/8/1144.png
1144,1145,8,images/8/1145.png
1145,1146,8,images/8/1146.png
1146,1147,8,images/8/1147.png
1147,1148,8,images/8/1148.png
1148,1149,8,images/8/1149.png
1149,1150,8,images/8/1150.png
1150,1151,8,images/8/1151.png
1151,1152,8,images/8/1152.png
1152,1153,8,images/8/1153.png
1153,1154,8,images/8/1154.png
1154,1155,8,images/8/1155.png
1155,1156,8,images/8/1156.png
1156,1157,8,images/8/1157.png
1157,1158,8,images/8/1158.png
1158,1159,8,images/8/1159.png
1159,1160,8,images/8/1160.png
1160,1161,8,images/8/1161.png
1161,1162,8,images/8/1162.png
1162,1163,8,images/8/1163.png
1163,1164,8,images/8/1164.png
1164,1165,8,images/8/1165.png
1165,1166,8,images/8/1166.png
1166,1167,8,images/8/1167.png
1167,1168,8,images/8/1168.png
1168,1169,8,images/8/1169.png
1169,1170,8,images/8/1170.png
1170,1171,8,images/8/1171.png
1171,1172,8,images/8/1172.png
1172,1173,8,images/8/1173.png
1173,1174,8,images/8/1174.png
1174,1175,8,images/8/1175.png
1175,1176,8,images/8/1176.png
1176,1177,8,images/8/1177.png
1177,1178,8,images/8/1178.png
1178,1179,8,images/8/1179.png
1179,1180,8,images/8/1180.png
1180,1181,8,images/8/1181.png
1181,1182,8,images/8/1182.png
1182,1183,8,images/8/1183.png
1183,1184,8,images/8/1184.png
1184,1185,8,images/8/1185.png
1185,1186,8,images/8/1186.png
1186,1187,8,images/8/1187.png
1187,1188,8,images/8/1188.png
1188,1189,8,images/8/1189.png
1189,1190,8,images/8/1190.png
1190,1191,8,images/8/1191.png
1191,1192,8,images/8/1192.png
1192,1193,8,images/8/1193.png
1193,1194,8,images/8/1194.png
1194,1195,8,images/8/1195.png
1195,1196,8,images/8/1196.png
1196,1197,8,images/8/1197.png
1197,1198,8,images/8/1198.png
1198,1199,8,images/8/1199.png
1199,1200,8,images/8/1200.png
1200,1201,8,images/8/1201.png
1201,1202,8,images/8/1202.png
1202,1203,8,images/8/1203.png
1203,1204,8,images/8/1204.png
1204,1205,8,images/8/1205.png
1205,1206,8,images/8/1206.png
1206,1207,8,images/8/1207.png
1207,1208,8,images/8/1208.png
1208,1209,8,images/8/1209.png
1209,1210,8,images/8/1210.png
1210,1211,8,images/8/1211.png
1211,1212,8,images/8/1212.png
1212,1213,8,images/8/1213.png
1213,1214,8,images/8/1214.png
1214,1215,8,images/8/1215.png
1215,1216,8,images/8/1216.png
1216,1217,8,images/8/1217.png
1217,1218,8,images/8/1218.png
1218,1219,8,images/8/1219.png
1219,1220,8,images/8/1220.png
1220,1221,8,images/8/1221.png
1221,1222,8,images/8/1222.png
1222,1223,8,images/8/1223.png
1223,1224,8,images/8/1224.png
1224,1225,8,images/8/1225.png
1225,1226,8,images/8/1226.png
1226,1227,8,images/8/1227.png
1227,1228,8,images/8/1228.png
1228,1229,8,images/8/1229.png
1229,1230,8,images/8/1230.png
1230,1231,8,images/8/1231.png
1231,1232,8,images/8/1232.png
1232,1233,8,images/8/1233.png
1233,1234,8,images/8/1234.png
1234,1235,8,images/8/1235.png
1235,1236,8,images/8/1236.png
1236,1237,8,images/8/1237.png
1237,1238,8,images/8/1238.png
1238,1239,8,images/8/1239.png
1239,1240,8,images/8/1240.png
1240,1241,8,images/8/1241.png
1241,1242,8,images/8/1242.png
1242,1243,8,images/8/1243.png
1243,1244,8,images/8/1244.png
1244,1245,8,images/8/1245.png
1245,1246,8,images/8/1246.png
1246,1247,8,images/8/1247.png
1247,1248,8,images/8/1248.png
1248,1249,8,images/8/1249.png
1249,1250,8,images/8/1250.png
1250,1251,8,images/8/1251.png
1251,1252,8,images/8/1252.png
1252,1253,8,images/8/1253.png
1253,1254,9,images/9/1254.png
1254,1255,9,images/9/1255.png
1255,1256,9,images/9/1256.png
1256,1257,9,images/9/1257.png
1257,1258,9,images/9/1258.png
1258,1259,9,images/9/1259.png
1259,1260,9,images/9/1260.png
1260,1261,9,images/9/1261.png
1261,1262,9,images/9/1262.png
1262,1263,9,images/9/1263.png
1263,1264,9,images/9/1264.png
1264,1265,9,images/9/1265.png
1265,1266,9,images/9/1266.png
1266,1267,9,images/9/1267.png
1267,1268,9,images/9/1268.png
1268,1269,9,images/9/1269.png
1269,1270,9,images/9/1270.png
1270,1271,9,images/9/1271.png
1271,1272,9,images/9/1272.png
1272,1273,9,images/9/1273.png
1273,1274,9,images/9/1274.png
1274,1275,9,images/9/1275.png
1275,1276,9,images/9/1276.png
1276,1277,9,images/9/1277.png
1277,1278,9,images/9/1278.png
1278,1279,9,images/9/1279.png
1279,1280,9,images/9/1280.png
1280,1281,9,images/9/1281.png
1281,1282,9,images/9/1282.png
1282,1283,9,images/9/1283.png
1283,1284,9,images/9/1284.png
1284,1285,9,images/9/1285.png
1285,1286,9,images/9/1286.png
1286,1287,9,images/9/1287.png
1287,1288,9,images/9/1288.png
1288,1289,9,images/9/1289.png
1289,1290,9,images/9/1290.png
1290,1291,9,images/9/1291.png
1291,1292,9,images/9/1292.png
1292,1293,9,images/9/1293.png
1293,1294,9,images/9/1294.png
1294,1295,9,images/9/1295.png
1295,1296,9,images/9/1296.png
1296,1297,9,images/9/1297.png
1297,1298,9,images/9/1298.png
1298,1299,9,images/9/1299.png
1299,1300,9,images/9/1300.png
1300,1301,9,images/9/1301.png
1301,1302,9,images/9/1302.png
1302,1303,9,images/9/1303.png
1303,1304,9,images/9/1304.png
1304,1305,9,images/9/1305.png
1305,1306,9,images/9/1306.png
1306,1307,9,images/9/1307.png
1307,1308,9,images/9/1308.png
1308,1309,9,images/9/1309.png
1309,1310,9,images/9/1310.png
1310,1311,9,images/9/1311.png
1311,1312,9,images/9/1312.png
1312,1313,9,images/9/1313.png
1313,1314,9,images/9/1314.png
1314,1315,9,images/9/1315.png
1315,1316,9,images/9/1316.png
1316,1317,9,images/9/1317.png
1317,1318,9,images/9/1318.png
1318,1319,9,images/9/1319.png
1319,1320,9,images/9/1320.png
1320,1321,9,images/9/1321.png
1321,1322,9,images/9/1322.png
1322,1323,9,images/9/1323.png
1323,1324,9,images/9/1324.png
1324,1325,9,images/9/1325.png
1325,1326,9,images/9/1326.png
1326,1327,9,images/9/1327.png
1327,1328,9,images/9/1328.png
1328,1329,9,images/9/1329.png
1329,1330,9,images/9/1330.png
1330,1331,9,images/9/1331.png
1331,1332,9,images/9/1332.png
1332,1333,9,images/9/1333.png
1333,1334,9,images/9/1334.png
1334,1335,9,images/9/1335.png
1335,1336,9,images/9/1336.png
1336,1337,9,images/9/1337.png
1337,1338,9,images/9/1338.png
1338,1339,9,images/9/1339.png
1339,1340,9,images/9/1340.png
1340,1341,9,images/9/1341.png
1341,1342,9,images/9/1342.png
1342,1343,9,images/9/1343.png
1343,1344,9,images/9/1344.png
1344,1345,9,images/9/1345.png
1345,1346,9,images/9/1346.png
1346,1347,9,images/9/1347.png
1347,1348,9,images/9/1348.png
1348,1349,9,images/9/1349.png
1349,1350,9,images/9/1350.png
1350,1351,9,images/9/1351.png
1351,1352,9,images/9/1352.png
1352,1353,9,images/9/1353.png
1353,1354,9,images/9/1354.png
1354,1355,9,images/9/1355.png
1355,1356,9,images/9/1356.png
1356,1357,9,images/9/1357.png
1357,1358,9,images/9/1358.png
1358,1359,9,images/9/1359.png
1359,1360,9,images/9/1360.png
1360,1361,9,images/9/1361.png
1361,1362,9,images/9/1362.png
1362,1363,9,images/9/1363.png
1363,1364,9,images/9/1364.png
1364,1365,9,images/9/1365.png
1365,1366,9,images/9/1366.png
1366,1367,9,images/9/1367.png
1367,1368,9,images/9/1368.png
1368,1369,9,images/9/1369.png
1369,1370,9,images/9/1370.png
1370,1371,9,images/9/1371.png
1371,1372,9,images/9/1372.png
1372,1373,9,images/9/1373.png
1373,1374,9,images/9/1374.png
1374,1375,9,images/9/1375.png
1375,1376,9,images/9/1376.png
1376,1377,9,images/9/1377.png
1377,1378,9,images/9/1378.png
1378,1379,9,images/9/1379.png
1379,1380,9,images/9/1380.png
1380,1381,9,images/9/1381.png
1381,1382,9,images/9/1382.png
1382,1383,9,images/9/1383.png
1383,1384,9,images/9/1384.png
1384,1385,9,images/9/1385.png
1385,1386,9,images/9/1386.png
1386,1387,9,images/9/1387.png
1387,1388,9,images/9/1388.png
1388,1389,9,images/9/1389.png
1389,1390,9,images/9/1390.png
1390,1391,9,images/9/1391.png
1391,1392,9,images/9/1392.png
1392,1393,9,images/9/1393.png
1393,1394,9,images/9/1394.png
1394,1395,9,images/9/1395.png
1395,1396,9,images/9/1396.png
1396,1397,9,images/9/1397.png
1397,1398,9,images/9/1398.png
1398,1399,9,images/9/1399.png
1399,1400,9,images/9/1400.png
1400,1401,9,images/9/1401.png
1401,1402,9,images/9/1402.png
1402,1403,9,images/9/1403.png
1403,1404,9,images/9/1404.png
1404,1405,9,images/9/1405.png
1405,1406,9,images/9/1406.png
1406,1407,9,images/9/1407.png
1407,1408,9,images/9/1408.png
1408,1409,9,images/9/1409.png
1409,1410,9,images/9/1410.png
1410,1411,9,images/9/1411.png
1411,1412,9,images/9/1412.png
1412,1413,9,images/9/1413.png
1413,1414,10,images/10/1414.png
1414,1415,10,images/10/1415.png
1415,1416,10,images/10/1416.png
1416,1417,10,images/10/1417.png
1417,1418,10,images/10/1418.png
1418,1419,10,images/10/1419.png
1419,1420,10,images/10/1420.png
1420,1421,10,images/10/1421.png
1421,1422,10,images/10/1422.png
1422,1423,10,images/10/1423.png
1423,1424,10,images/10/1424.png
1424,1425,10,images/10/1425.png
1425,1426,10,images/10/1426.png
1426,1427,10,images/10/1427.png
1427,1428,10,images/10/1428.png
1428,1429,10,images/10/1429.png
1429,1430,10,images/10/1430.png
1430,1431,10,images/10/1431.png
1431,1432,10,images/10/1432.png
1432,1433,10,images/10/1433.png
1433,1434,10,images/10/1434.png
1434,1435,10,images/10/1435.png
1435,1436,10,images/10/1436.png
1436,1437,10,images/10/1437.png
1437,1438,10,images/10/1438.png
1438,1439,10,images/10/1439.png
1439,1440,10,images/10/1440.png
1440,1441,10,images/10/1441.png
1441,1442,10,images/10/1442.png
1442,1443,10,images/10/1443.png
1443,1444,10,images/10/1444.png
1444,1445,10,images/10/1445.png
1445,1446,10,images/10/1446.png
1446,1447,10,images/10/1447.png
1447,1448,10,images/10/1448.png
1448,1449,10,images/10/1449.png
1449,1450,10,images/10/1450.png
1450,1451,10,images/10/1451.png
1451,1452,10,images/10/1452.png
1452,1453,10,images/10/1453.png
1453,1454,10,images/10/1454.png
1454,1455,10,images/10/1455.png
1455,1456,10,images/10/1456.png
1456,1457,10,images/10/1457.png
1457,1458,10,images/10/1458.png
1458,1459,10,images/10/1459.png
1459,1460,10,images/10/1460.png
1460,1461,10,images/10/1461.png
1461,1462,10,images/10/1462.png
1462,1463,10,images/10/1463.png
1463,1464,10,images/10/1464.png
1464,1465,10,images/10/1465.png
1465,1466,10,images/10/1466.png
1466,1467,10,images/10/1467.png
1467,1468,10,images/10/1468.png
1468,1469,10,images/10/1469.png
1469,1470,10,images/10/1470.png
1470,1471,10,images/10/1471.png
1471,1472,10,images/10/1472.png
1472,1473,10,images/10/1473.png
1473,1474,10,images/10/1474.png
1474,1475,10,images/10/1475.png
1475,1476,10,images/10/1476.png
1476,1477,10,images/10/1477.png
1477,1478,10,images/10/1478.png
1478,1479,10,images/10/1479.png
1479,1480,10,images/10/1480.png
1480,1481,10,images/10/1481.png
1481,1482,10,images/10/1482.png
1482,1483,10,images/10/1483.png
1483,1484,10,images/10/1484.png
1484,1485,10,images/10/1485.png
1485,1486,10,images/10/1486.png
1486,1487,10,images/10/1487.png
1487,1488,10,images/10/1488.png
1488,1489,10,images/10/1489.png
1489,1490,10,images/10/1490.png
1490,1491,10,images/10/1491.png
1491,1492,10,images/10/1492.png
1492,1493,10,images/10/1493.png
1493,1494,10,images/10/1494.png
1494,1495,10,images/10/1495.png
1495,1496,10,images/10/1496.png
1496,1497,10,images/10/1497.png
1497,1498,10,images/10/1498.png
1498,1499,10,images/10/1499.png
1499,1500,10,images/10/1500.png
1500,1501,10,images/10/1501.png
1501,1502,10,images/10/1502.png
1502,1503,10,images/10/1503.png
1503,1504,10,images/10/1504.png
1504,1505,10,images/10/1505.png
1505,1506,10,images/10/1506.png
1506,1507,10,images/10/1507.png
1507,1508,10,images/10/1508.png
1508,1509,10,images/10/1509.png
1509,1510,10,images/10/1510.png
1510,1511,10,images/10/1511.png
1511,1512,10,images/10/1512.png
1512,1513,10,images/10/1513.png
1513,1514,11,images/11/1514.png
1514,1515,11,images/11/1515.png
1515,1516,11,images/11/1516.png
1516,1517,11,images/11/1517.png
1517,1518,11,images/11/1518.png
1518,1519,11,images/11/1519.png
1519,1520,11,images/11/1520.png
1520,1521,11,images/11/1521.png
1521,1522,11,images/11/1522.png
1522,1523,11,images/11/1523.png
1523,1524,11,images/11/1524.png
1524,1525,11,images/11/1525.png
1525,1526,11,images/11/1526.png
1526,1527,11,images/11/1527.png
1527,1528,11,images/11/1528.png
1528,1529,11,images/11/1529.png
1529,1530,11,images/11/1530.png
1530,1531,11,images/11/1531.png
1531,1532,11,images/11/1532.png
1532,1533,11,images/11/1533.png
1533,1534,11,images/11/1534.png
1534,1535,12,images/12/1535.png
1535,1536,12,images/12/1536.png
1536,1537,12,images/12/1537.png
1537,1538,12,images/12/1538.png
1538,1539,12,images/12/1539.png
1539,1540,12,images/12/1540.png
1540,1541,12,images/12/1541.png
1541,1542,12,images/12/1542.png
1542,1543,12,images/12/1543.png
1543,1544,12,images/12/1544.png
1544,1545,12,images/12/1545.png
1545,1546,12,images/12/1546.png
1546,1547,12,images/12/1547.png
1547,1548,12,images/12/1548.png
1548,1549,12,images/12/1549.png
1549,1550,12,images/12/1550.png
1550,1551,12,images/12/1551.png
1551,1552,12,images/12/1552.png
1552,1553,12,images/12/1553.png
1553,1554,12,images/12/1554.png
1554,1555,12,images/12/1555.png
1555,1556,12,images/12/1556.png
1556,1557,12,images/12/1557.png
1557,1558,12,images/12/1558.png
1558,1559,12,images/12/1559.png
1559,1560,12,images/12/1560.png
1560,1561,12,images/12/1561.png
1561,1562,12,images/12/1562.png
1562,1563,12,images/12/1563.png
1563,1564,12,images/12/1564.png
1564,1565,12,images/12/1565.png
1565,1566,12,images/12/1566.png
1566,1567,12,images/12/1567.png
1567,1568,12,images/12/1568.png
1568,1569,12,images/12/1569.png
1569,1570,12,images/12/1570.png
1570,1571,12,images/12/1571.png
1571,1572,12,images/12/1572.png
1572,1573,12,images/12/1573.png
1573,1574,12,images/12/1574.png
1574,1575,12,images/12/1575.png
1575,1576,12,images/12/1576.png
1576,1577,12,images/12/1577.png
1577,1578,12,images/12/1578.png
1578,1579,12,images/12/1579.png
1579,1580,12,images/12/1580.png
1580,1581,12,images/12/1581.png
1581,1582,12,images/12/1582.png
1582,1583,12,images/12/1583.png
1583,1584,12,images/12/1584.png
1584,1585,12,images/12/1585.png
1585,1586,12,images/12/1586.png
1586,1587,12,images/12/1587.png
1587,1588,12,images/12/1588.png
1588,1589,12,images/12/1589.png
1589,1590,12,images/12/1590.png
1590,1591,12,images/12/1591.png
1591,1592,12,images/12/1592.png
1592,1593,12,images/12/1593.png
1593,1594,12,images/12/1594.png
1594,1595,12,images/12/1595.png
1595,1596,12,images/12/1596.png
1596,1597,12,images/12/1597.png
1597,1598,12,images/12/1598.png
1598,1599,12,images/12/1599.png
1599,1600,12,images/12/1600.png
1600,1601,12,images/12/1601.png
1601,1602,12,images/12/1602.png
1602,1603,12,images/12/1603.png
1603,1604,12,images/12/1604.png
1604,1605,12,images/12/1605.png
1605,1606,12,images/12/1606.png
1606,1607,12,images/12/1607.png
1607,1608,12,images/12/1608.png
1608,1609,12,images/12/1609.png
1609,1610,12,images/12/1610.png
1610,1611,12,images/12/1611.png
1611,1612,12,images/12/1612.png
1612,1613,12,images/12/1613.png
1613,1614,12,images/12/1614.png
1614,1615,12,images/12/1615.png
1615,1616,12,images/12/1616.png
1616,1617,12,images/12/1617.png
1617,1618,12,images/12/1618.png
1618,1619,12,images/12/1619.png
1619,1620,12,images/12/1620.png
1620,1621,12,images/12/1621.png
1621,1622,12,images/12/1622.png
1622,1623,12,images/12/1623.png
1623,1624,12,images/12/1624.png
1624,1625,12,images/12/1625.png
1625,1626,12,images/12/1626.png
1626,1627,12,images/12/1627.png
1627,1628,12,images/12/1628.png
1628,1629,12,images/12/1629.png
1629,1630,12,images/12/1630.png
1630,1631,12,images/12/1631.png
1631,1632,12,images/12/1632.png
1632,1633,12,images/12/1633.png
1633,1634,12,images/12/1634.png
1634,1635,12,images/12/1635.png
1635,1636,12,images/12/1636.png
1636,1637,12,images/12/1637.png
1637,1638,12,images/12/1638.png
1638,1639,12,images/12/1639.png
1639,1640,12,images/12/1640.png
1640,1641,12,images/12/1641.png
1641,1642,12,images/12/1642.png
1642,1643,12,images/12/1643.png
1643,1644,12,images/12/1644.png
1644,1645,12,images/12/1645.png
1645,1646,12,images/12/1646.png
1646,1647,12,images/12/1647.png
1647,1648,12,images/12/1648.png
1648,1649,12,images/12/1649.png
1649,1650,12,images/12/1650.png
1650,1651,12,images/12/1651.png
1651,1652,12,images/12/1652.png
1652,1653,12,images/12/1653.png
1653,1654,12,images/12/1654.png
1654,1655,12,images/12/1655.png
1655,1656,12,images/12/1656.png
1656,1657,12,images/12/1657.png
1657,1658,12,images/12/1658.png
1658,1659,12,images/12/1659.png
1659,1660,12,images/12/1660.png
1660,1661,12,images/12/1661.png
1661,1662,12,images/12/1662.png
1662,1663,12,images/12/1663.png
1663,1664,12,images/12/1664.png
1664,1665,12,images/12/1665.png
1665,1666,12,images/12/1666.png
1666,1667,12,images/12/1667.png
1667,1668,12,images/12/1668.png
1668,1669,12,images/12/1669.png
1669,1670,12,images/12/1670.png
1670,1671,12,images/12/1671.png
1671,1672,12,images/12/1672.png
1672,1673,12,images/12/1673.png
1673,1674,12,images/12/1674.png
1674,1675,12,images/12/1675.png
1675,1676,12,images/12/1676.png
1676,1677,13,images/13/1677.png
1677,1678,13,images/13/1678.png
1678,1679,13,images/13/1679.png
1679,1680,13,images/13/1680.png
1680,1681,13,images/13/1681.png
1681,1682,13,images/13/1682.png
1682,1683,13,images/13/1683.png
1683,1684,13,images/13/1684.png
1684,1685,13,images/13/1685.png
1685,1686,13,images/13/1686.png
1686,1687,13,images/13/1687.png
1687,1688,13,images/13/1688.png
1688,1689,13,images/13/1689.png
1689,1690,13,images/13/1690.png
1690,1691,13,images/13/1691.png
1691,1692,13,images/13/1692.png
1692,1693,13,images/13/1693.png
1693,1694,13,images/13/1694.png
1694,1695,13,images/13/1695.png
1695,1696,13,images/13/1696.png
1696,1697,13,images/13/1697.png
1697,1698,13,images/13/1698.png
1698,1699,13,images/13/1699.png
1699,1700,13,images/13/1700.png
1700,1701,13,images/13/1701.png
1701,1702,13,images/13/1702.png
1702,1703,13,images/13/1703.png
1703,1704,13,images/13/1704.png
1704,1705,13,images/13/1705.png
1705,1706,13,images/13/1706.png
1706,1707,13,images/13/1707.png
1707,1708,13,images/13/1708.png
1708,1709,13,images/13/1709.png
1709,1710,13,images/13/1710.png
1710,1711,13,images/13/1711.png
1711,1712,13,images/13/1712.png
1712,1713,13,images/13/1713.png
1713,1714,13,images/13/1714.png
1714,1715,13,images/13/1715.png
1715,1716,13,images/13/1716.png
1716,1717,13,images/13/1717.png
1717,1718,13,images/13/1718.png
1718,1719,13,images/13/1719.png
1719,1720,13,images/13/1720.png
1720,1721,13,images/13/1721.png
1721,1722,13,images/13/1722.png
1722,1723,13,images/13/1723.png
1723,1724,13,images/13/1724.png
1724,1725,13,images/13/1725.png
1725,1726,13,images/13/1726.png
1726,1727,13,images/13/1727.png
1727,1728,13,images/13/1728.png
1728,1729,13,images/13/1729.png
1729,1730,13,images/13/1730.png
1730,1731,13,images/13/1731.png
1731,1732,13,images/13/1732.png
1732,1733,13,images/13/1733.png
1733,1734,13,images/13/1734.png
1734,1735,13,images/13/1735.png
1735,1736,13,images/13/1736.png
1736,1737,13,images/13/1737.png
1737,1738,13,images/13/1738.png
1738,1739,13,images/13/1739.png
1739,1740,13,images/13/1740.png
1740,1741,13,images/13/1741.png
1741,1742,13,images/13/1742.png
1742,1743,13,images/13/1743.png
1743,1744,13,images/13/1744.png
1744,1745,13,images/13/1745.png
1745,1746,13,images/13/1746.png
1746,1747,14,images/14/1747.png
1747,1748,14,images/14/1748.png
1748,1749,14,images/14/1749.png
1749,1750,14,images/14/1750.png
1750,1751,14,images/14/1751.png
1751,1752,14,images/14/1752.png
1752,1753,14,images/14/1753.png
1753,1754,14,images/14/1754.png
1754,1755,14,images/14/1755.png
1755,1756,14,images/14/1756.png
1756,1757,14,images/14/1757.png
1757,1758,14,images/14/1758.png
1758,1759,14,images/14/1759.png
1759,1760,14,images/14/1760.png
1760,1761,14,images/14/1761.png
1761,1762,14,images/14/1762.png
1762,1763,14,images/14/1763.png
1763,1764,14,images/14/1764.png
1764,1765,14,images/14/1765.png
1765,1766,14,images/14/1766.png
1766,1767,14,images/14/1767.png
1767,1768,14,images/14/1768.png
1768,1769,14,images/14/1769.png
1769,1770,14,images/14/1770.png
1770,1771,14,images/14/1771.png
1771,1772,14,images/14/1772.png
1772,1773,14,images/14/1773.png
1773,1774,14,images/14/1774.png
1774,1775,14,images/14/1775.png
1775,1776,14,images/14/1776.png
1776,1777,14,images/14/1777.png
1777,1778,14,images/14/1778.png
1778,1779,14,images/14/1779.png
1779,1780,14,images/14/1780.png
1780,1781,14,images/14/1781.png
1781,1782,14,images/14/1782.png
1782,1783,14,images/14/1783.png
1783,1784,14,images/14/1784.png
1784,1785,14,images/14/1785.png
1785,1786,14,images/14/1786.png
1786,1787,14,images/14/1787.png
1787,1788,14,images/14/1788.png
1788,1789,14,images/14/1789.png
1789,1790,14,images/14/1790.png
1790,1791,14,images/14/1791.png
1791,1792,14,images/14/1792.png
1792,1793,14,images/14/1793.png
1793,1794,14,images/14/1794.png
1794,1795,14,images/14/1795.png
1795,1796,14,images/14/1796.png
1796,1797,14,images/14/1797.png
1797,1798,14,images/14/1798.png
1798,1799,14,images/14/1799.png
1799,1800,14,images/14/1800.png
1800,1801,14,images/14/1801.png
1801,1802,14,images/14/1802.png
1802,1803,14,images/14/1803.png
1803,1804,14,images/14/1804.png
1804,1805,14,images/14/1805.png
1805,1806,14,images/14/1806.png
1806,1807,14,images/14/1807.png
1807,1808,14,images/14/1808.png
1808,1809,14,images/14/1809.png
1809,1810,14,images/14/1810.png
1810,1811,14,images/14/1811.png
1811,1812,14,images/14/1812.png
1812,1813,14,images/14/1813.png
1813,1814,14,images/14/1814.png
1814,1815,14,images/14/1815.png
1815,1816,14,images/14/1816.png
1816,1817,14,images/14/1817.png
1817,1818,14,images/14/1818.png
1818,1819,14,images/14/1819.png
1819,1820,14,images/14/1820.png
1820,1821,14,images/14/1821.png
1821,1822,14,images/14/1822.png
1822,1823,14,images/14/1823.png
1823,1824,14,images/14/1824.png
1824,1825,14,images/14/1825.png
1825,1826,14,images/14/1826.png
1826,1827,14,images/14/1827.png
1827,1828,14,images/14/1828.png
1828,1829,14,images/14/1829.png
1829,1830,14,images/14/1830.png
1830,1831,14,images/14/1831.png
1831,1832,14,images/14/1832.png
1832,1833,14,images/14/1833.png
1833,1834,14,images/14/1834.png
1834,1835,14,images/14/1835.png
1835,1836,14,images/14/1836.png
1836,1837,14,images/14/1837.png
1837,1838,14,images/14/1838.png
1838,1839,14,images/14/1839.png
1839,1840,14,images/14/1840.png
1840,1841,14,images/14/1841.png
1841,1842,14,images/14/1842.png
1842,1843,14,images/14/1843.png
1843,1844,14,images/14/1844.png
1844,1845,14,images/14/1845.png
1845,1846,14,images/14/1846.png
1846,1847,14,images/14/1847.png
1847,1848,14,images/14/1848.png
1848,1849,14,images/14/1849.png
1849,1850,14,images/14/1850.png
1850,1851,14,images/14/1851.png
1851,1852,14,images/14/1852.png
1852,1853,14,images/14/1853.png
1853,1854,14,images/14/1854.png
1854,1855,14,images/14/1855.png
1855,1856,14,images/14/1856.png
1856,1857,14,images/14/1857.png
1857,1858,14,images/14/1858.png
1858,1859,14,images/14/1859.png
1859,1860,14,images/14/1860.png
1860,1861,14,images/14/1861.png
1861,1862,14,images/14/1862.png
1862,1863,14,images/14/1863.png
1863,1864,14,images/14/1864.png
1864,1865,14,images/14/1865.png
1865,1866,14,images/14/1866.png
1866,1867,14,images/14/1867.png
1867,1868,14,images/14/1868.png
1868,1869,14,images/14/1869.png
1869,1870,14,images/14/1870.png
1870,1871,14,images/14/1871.png
1871,1872,14,images/14/1872.png
1872,1873,14,images/14/1873.png
1873,1874,14,images/14/1874.png
1874,1875,14,images/14/1875.png
1875,1876,14,images/14/1876.png
1876,1877,14,images/14/1877.png
1877,1878,14,images/14/1878.png
1878,1879,14,images/14/1879.png
1879,1880,14,images/14/1880.png
1880,1881,14,images/14/1881.png
1881,1882,14,images/14/1882.png
1882,1883,14,images/14/1883.png
1883,1884,14,images/14/1884.png
1884,1885,14,images/14/1885.png
1885,1886,14,images/14/1886.png
1886,1887,14,images/14/1887.png
1887,1888,14,images/14/1888.png
1888,1889,14,images/14/1889.png
1889,1890,14,images/14/1890.png
1890,1891,14,images/14/1891.png
1891,1892,14,images/14/1892.png
1892,1893,14,images/14/1893.png
1893,1894,14,images/14/1894.png
1894,1895,14,images/14/1895.png
1895,1896,14,images/14/1896.png
1896,1897,14,images/14/1897.png
1897,1898,14,images/14/1898.png
1898,1899,14,images/14/1899.png
1899,1900,14,images/14/1900.png
1900,1901,14,images/14/1901.png
1901,1902,14,images/14/1902.png
1902,1903,14,images/14/1903.png
1903,1904,14,images/14/1904.png
1904,1905,14,images/14/1905.png
1905,1906,14,images/14/1906.png
1906,1907,14,images/14/1907.png
1907,1908,14,images/14/1908.png
1908,1909,14,images/14/1909.png
1909,1910,14,images/14/1910.png
1910,1911,14,images/14/1911.png
1911,1912,14,images/14/1912.png
1912,1913,14,images/14/1913.png
1913,1914,14,images/14/1914.png
1914,1915,14,images/14/1915.png
1915,1916,14,images/14/1916.png
1916,1917,14,images/14/1917.png
1917,1918,14,images/14/1918.png
1918,1919,14,images/14/1919.png
1919,1920,14,images/14/1920.png
1920,1921,14,images/14/1921.png
1921,1922,14,images/14/1922.png
1922,1923,14,images/14/1923.png
1923,1924,14,images/14/1924.png
1924,1925,14,images/14/1925.png
1925,1926,14,images/14/1926.png
1926,1927,14,images/14/1927.png
1927,1928,14,images/14/1928.png
1928,1929,14,images/14/1929.png
1929,1930,14,images/14/1930.png
1930,1931,14,images/14/1931.png
1931,1932,14,images/14/1932.png
1932,1933,14,images/14/1933.png
1933,1934,14,images/14/1934.png
1934,1935,14,images/14/1935.png
1935,1936,14,images/14/1936.png
1936,1937,14,images/14/1937.png
1937,1938,14,images/14/1938.png
1938,1939,14,images/14/1939.png
1939,1940,14,images/14/1940.png
1940,1941,14,images/14/1941.png
1941,1942,14,images/14/1942.png
1942,1943,14,images/14/1943.png
1943,1944,14,images/14/1944.png
1944,1945,14,images/14/1945.png
1945,1946,14,images/14/1946.png
1946,1947,14,images/14/1947.png
1947,1948,14,images/14/1948.png
1948,1949,14,images/14/1949.png
1949,1950,14,images/14/1950.png
1950,1951,14,images/14/1951.png
1951,1952,14,images/14/1952.png
1952,1953,14,images/14/1953.png
1953,1954,14,images/14/1954.png
1954,1955,14,images/14/1955.png
1955,1956,14,images/14/1956.png
1956,1957,14,images/14/1957.png
1957,1958,14,images/14/1958.png
1958,1959,14,images/14/1959.png
1959,1960,14,images/14/1960.png
1960,1961,14,images/14/1961.png
1961,1962,14,images/14/1962.png
1962,1963,14,images/14/1963.png
1963,1964,14,images/14/1964.png
1964,1965,14,images/14/1965.png
1965,1966,14,images/14/1966.png
1966,1967,14,images/14/1967.png
1967,1968,14,images/14/1968.png
1968,1969,14,images/14/1969.png
1969,1970,14,images/14/1970.png
1970,1971,14,images/14/1971.png
1971,1972,14,images/14/1972.png
1972,1973,14,images/14/1973.png
1973,1974,14,images/14/1974.png
1974,1975,14,images/14/1975.png
1975,1976,14,images/14/1976.png
1976,1977,14,images/14/1977.png
1977,1978,14,images/14/1978.png
1978,1979,14,images/14/1979.png
1979,1980,14,images/14/1980.png
1980,1981,14,images/14/1981.png
1981,1982,14,images/14/1982.png
1982,1983,14,images/14/1983.png
1983,1984,14,images/14/1984.png
1984,1985,14,images/14/1985.png
1985,1986,14,images/14/1986.png
1986,1987,14,images/14/1987.png
1987,1988,14,images/14/1988.png
1988,1989,14,images/14/1989.png
1989,1990,14,images/14/1990.png
1990,1991,14,images/14/1991.png
1991,1992,14,images/14/1992.png
1992,1993,14,images/14/1993.png
1993,1994,14,images/14/1994.png
1994,1995,14,images/14/1995.png
1995,1996,14,images/14/1996.png
1996,1997,14,images/14/1997.png
1997,1998,14,images/14/1998.png
1998,1999,14,images/14/1999.png
1999,2000,14,images/14/2000.png
2000,2001,14,images/14/2001.png
2001,2002,14,images/14/2002.png
2002,2003,14,images/14/2003.png
2003,2004,14,images/14/2004.png
2004,2005,14,images/14/2005.png
2005,2006,14,images/14/2006.png
2006,2007,14,images/14/2007.png
2007,2008,14,images/14/2008.png
2008,2009,14,images/14/2009.png
2009,2010,14,images/14/2010.png
2010,2011,14,images/14/2011.png
2011,2012,14,images/14/2012.png
2012,2013,14,images/14/2013.png
2013,2014,14,images/14/2014.png
2014,2015,14,images/14/2015.png
2015,2016,14,images/14/2016.png
2016,2017,14,images/14/2017.png
2017,2018,14,images/14/2018.png
2018,2019,14,images/14/2019.png
2019,2020,14,images/14/2020.png
2020,2021,14,images/14/2021.png
2021,2022,14,images/14/2022.png
2022,2023,14,images/14/2023.png
2023,2024,14,images/14/2024.png
2024,2025,14,images/14/2025.png
2025,2026,14,images/14/2026.png
2026,2027,14,images/14/2027.png
2027,2028,14,images/14/2028.png
2028,2029,14,images/14/2029.png
2029,2030,14,images/14/2030.png
2030,2031,14,images/14/2031.png
2031,2032,14,images/14/2032.png
2032,2033,14,images/14/2033.png
2033,2034,14,images/14/2034.png
2034,2035,14,images/14/2035.png
2035,2036,14,images/14/2036.png
2036,2037,14,images/14/2037.png
2037,2038,14,images/14/2038.png
2038,2039,14,images/14/2039.png
2039,2040,14,images/14/2040.png
2040,2041,14,images/14/2041.png
2041,2042,14,images/14/2042.png
2042,2043,14,images/14/2043.png
2043,2044,14,images/14/2044.png
2044,2045,14,images/14/2045.png
2045,2046,14,images/14/2046.png
2046,2047,14,images/14/2047.png
2047,2048,14,images/14/2048.png
2048,2049,14,images/14/2049.png
2049,2050,14,images/14/2050.png
2050,2051,14,images/14/2051.png
2051,2052,14,images/14/2052.png
2052,2053,14,images/14/2053.png
2053,2054,14,images/14/2054.png
2054,2055,14,images/14/2055.png
2055,2056,14,images/14/2056.png
2056,2057,14,images/14/2057.png
2057,2058,14,images/14/2058.png
2058,2059,14,images/14/2059.png
2059,2060,14,images/14/2060.png
2060,2061,14,images/14/2061.png
2061,2062,14,images/14/2062.png
2062,2063,14,images/14/2063.png
2063,2064,14,images/14/2064.png
2064,2065,14,images/14/2065.png
2065,2066,14,images/14/2066.png
2066,2067,14,images/14/2067.png
2067,2068,14,images/14/2068.png
2068,2069,14,images/14/2069.png
2069,2070,14,images/14/2070.png
2070,2071,14,images/14/2071.png
2071,2072,14,images/14/2072.png
2072,2073,14,images/14/2073.png
2073,2074,14,images/14/2074.png
2074,2075,14,images/14/2075.png
2075,2076,14,images/14/2076.png
2076,2077,14,images/14/2077.png
2077,2078,14,images/14/2078.png
2078,2079,14,images/14/2079.png
2079,2080,14,images/14/2080.png
2080,2081,14,images/14/2081.png
2081,2082,14,images/14/2082.png
2082,2083,14,images/14/2083.png
2083,2084,14,images/14/2084.png
2084,2085,14,images/14/2085.png
2085,2086,14,images/14/2086.png
2086,2087,14,images/14/2087.png
2087,2088,14,images/14/2088.png
2088,2089,14,images/14/2089.png
2089,2090,14,images/14/2090.png
2090,2091,14,images/14/2091.png
2091,2092,14,images/14/2092.png
2092,2093,14,images/14/2093.png
2093,2094,14,images/14/2094.png
2094,2095,14,images/14/2095.png
2095,2096,14,images/14/2096.png
2096,2097,14,images/14/2097.png
2097,2098,14,images/14/2098.png
2098,2099,14,images/14/2099.png
2099,2100,14,images/14/2100.png
2100,2101,14,images/14/2101.png
2101,2102,14,images/14/2102.png
2102,2103,14,images/14/2103.png
2103,2104,14,images/14/2104.png
2104,2105,14,images/14/2105.png
2105,2106,14,images/14/2106.png
2106,2107,14,images/14/2107.png
2107,2108,14,images/14/2108.png
2108,2109,14,images/14/2109.png
2109,2110,14,images/14/2110.png
2110,2111,14,images/14/2111.png
2111,2112,14,images/14/2112.png
2112,2113,14,images/14/2113.png
2113,2114,14,images/14/2114.png
2114,2115,14,images/14/2115.png
2115,2116,14,images/14/2116.png
2116,2117,14,images/14/2117.png
2117,2118,14,images/14/2118.png
2118,2119,14,images/14/2119.png
2119,2120,14,images/14/2120.png
2120,2121,14,images/14/2121.png
2121,2122,14,images/14/2122.png
2122,2123,14,images/14/2123.png
2123,2124,14,images/14/2124.png
2124,2125,14,images/14/2125.png
2125,2126,14,images/14/2126.png
2126,2127,14,images/14/2127.png
2127,2128,14,images/14/2128.png
2128,2129,14,images/14/2129.png
2129,2130,14,images/14/2130.png
2130,2131,14,images/14/2131.png
2131,2132,14,images/14/2132.png
2132,2133,14,images/14/2133.png
2133,2134,14,images/14/2134.png
2134,2135,14,images/14/2135.png
2135,2136,14,images/14/2136.png
2136,2137,14,images/14/2137.png
2137,2138,14,images/14/2138.png
2138,2139,14,images/14/2139.png
2139,2140,14,images/14/2140.png
2140,2141,14,images/14/2141.png
2141,2142,14,images/14/2142.png
2142,2143,14,images/14/2143.png
2143,2144,14,images/14/2144.png
2144,2145,14,images/14/2145.png
2145,2146,14,images/14/2146.png
2146,2147,14,images/14/2147.png
2147,2148,14,images/14/2148.png
2148,2149,15,images/15/2149.png
2149,2150,15,images/15/2150.png
2150,2151,15,images/15/2151.png
2151,2152,15,images/15/2152.png
2152,2153,15,images/15/2153.png
2153,2154,15,images/15/2154.png
2154,2155,15,images/15/2155.png
2155,2156,15,images/15/2156.png
2156,2157,15,images/15/2157.png
2157,2158,15,images/15/2158.png
2158,2159,15,images/15/2159.png
2159,2160,15,images/15/2160.png
2160,2161,15,images/15/2161.png
2161,2162,15,images/15/2162.png
2162,2163,15,images/15/2163.png
2163,2164,15,images/15/2164.png
2164,2165,15,images/15/2165.png
2165,2166,15,images/15/2166.png
2166,2167,15,images/15/2167.png
2167,2168,15,images/15/2168.png
2168,2169,15,images/15/2169.png
2169,2170,15,images/15/2170.png
2170,2171,16,images/16/2171.png
2171,2172,16,images/16/2172.png
2172,2173,16,images/16/2173.png
2173,2174,16,images/16/2174.png
2174,2175,16,images/16/2175.png
2175,2176,16,images/16/2176.png
2176,2177,16,images/16/2177.png
2177,2178,16,images/16/2178.png
2178,2179,16,images/16/2179.png
2179,2180,16,images/16/2180.png
2180,2181,16,images/16/2181.png
2181,2182,16,images/16/2182.png
2182,2183,16,images/16/2183.png
2183,2184,16,images/16/2184.png
2184,2185,16,images/16/2185.png
2185,2186,16,images/16/2186.png
2186,2187,16,images/16/2187.png
2187,2188,16,images/16/2188.png
2188,2189,16,images/16/2189.png
2189,2190,16,images/16/2190.png
2190,2191,16,images/16/2191.png
2191,2192,16,images/16/2192.png
2192,2193,16,images/16/2193.png
2193,2194,16,images/16/2194.png
2194,2195,16,images/16/2195.png
2195,2196,16,images/16/2196.png
2196,2197,16,images/16/2197.png
2197,2198,16,images/16/2198.png
2198,2199,16,images/16/2199.png
2199,2200,16,images/16/2200.png
2200,2201,16,images/16/2201.png
2201,2202,16,images/16/2202.png
2202,2203,16,images/16/2203.png
2203,2204,16,images/16/2204.png
2204,2205,16,images/16/2205.png
2205,2206,16,images/16/2206.png
2206,2207,16,images/16/2207.png
2207,2208,16,images/16/2208.png
2208,2209,16,images/16/2209.png
2209,2210,16,images/16/2210.png
2210,2211,16,images/16/2211.png
2211,2212,16,images/16/2212.png
2212,2213,16,images/16/2213.png
2213,2214,16,images/16/2214.png
2214,2215,16,images/16/2215.png
2215,2216,16,images/16/2216.png
2216,2217,16,images/16/2217.png
2217,2218,16,images/16/2218.png
2218,2219,16,images/16/2219.png
2219,2220,16,images/16/2220.png
2220,2221,16,images/16/2221.png
2221,2222,16,images/16/2222.png
2222,2223,16,images/16/2223.png
2223,2224,16,images/16/2224.png
2224,2225,16,images/16/2225.png
2225,2226,16,images/16/2226.png
2226,2227,16,images/16/2227.png
2227,2228,16,images/16/2228.png
2228,2229,16,images/16/2229.png
2229,2230,16,images/16/2230.png
2230,2231,16,images/16/2231.png
2231,2232,16,images/16/2232.png
2232,2233,16,images/16/2233.png
2233,2234,16,images/16/2234.png
2234,2235,16,images/16/2235.png
2235,2236,16,images/16/2236.png
2236,2237,16,images/16/2237.png
2237,2238,16,images/16/2238.png
2238,2239,16,images/16/2239.png
2239,2240,16,images/16/2240.png
2240,2241,16,images/16/2241.png
2241,2242,16,images/16/2242.png
2242,2243,16,images/16/2243.png
2243,2244,16,images/16/2244.png
2244,2245,16,images/16/2245.png
2245,2246,16,images/16/2246.png
2246,2247,16,images/16/2247.png
2247,2248,16,images/16/2248.png
2248,2249,16,images/16/2249.png
2249,2250,16,images/16/2250.png
2250,2251,16,images/16/2251.png
2251,2252,16,images/16/2252.png
2252,2253,16,images/16/2253.png
2253,2254,16,images/16/2254.png
2254,2255,16,images/16/2255.png
2255,2256,16,images/16/2256.png
2256,2257,16,images/16/2257.png
2257,2258,16,images/16/2258.png
2258,2259,16,images/16/2259.png
2259,2260,16,images/16/2260.png
2260,2261,16,images/16/2261.png
2261,2262,16,images/16/2262.png
2262,2263,16,images/16/2263.png
2263,2264,16,images/16/2264.png
2264,2265,16,images/16/2265.png
2265,2266,16,images/16/2266.png
2266,2267,16,images/16/2267.png
2267,2268,16,images/16/2268.png
2268,2269,16,images/16/2269.png
2269,2270,16,images/16/2270.png
2270,2271,17,images/17/2271.png
2271,2272,17,images/17/2272.png
2272,2273,17,images/17/2273.png
2273,2274,17,images/17/2274.png
2274,2275,17,images/17/2275.png
2275,2276,17,images/17/2276.png
2276,2277,17,images/17/2277.png
2277,2278,17,images/17/2278.png
2278,2279,17,images/17/2279.png
2279,2280,17,images/17/2280.png
2280,2281,17,images/17/2281.png
2281,2282,17,images/17/2282.png
2282,2283,17,images/17/2283.png
2283,2284,17,images/17/2284.png
2284,2285,17,images/17/2285.png
2285,2286,17,images/17/2286.png
2286,2287,17,images/17/2287.png
2287,2288,17,images/17/2288.png
2288,2289,17,images/17/2289.png
2289,2290,17,images/17/2290.png
2290,2291,17,images/17/2291.png
2291,2292,17,images/17/2292.png
2292,2293,17,images/17/2293.png
2293,2294,17,images/17/2294.png
2294,2295,17,images/17/2295.png
2295,2296,17,images/17/2296.png
2296,2297,17,images/17/2297.png
2297,2298,17,images/17/2298.png
2298,2299,17,images/17/2299.png
2299,2300,17,images/17/2300.png
2300,2301,17,images/17/2301.png
2301,2302,17,images/17/2302.png
2302,2303,17,images/17/2303.png
2303,2304,17,images/17/2304.png
2304,2305,17,images/17/2305.png
2305,2306,17,images/17/2306.png
2306,2307,17,images/17/2307.png
2307,2308,18,images/18/2308.png
2308,2309,18,images/18/2309.png
2309,2310,18,images/18/2310.png
2310,2311,18,images/18/2311.png
2311,2312,18,images/18/2312.png
2312,2313,18,images/18/2313.png
2313,2314,18,images/18/2314.png
2314,2315,18,images/18/2315.png
2315,2316,18,images/18/2316.png
2316,2317,18,images/18/2317.png
2317,2318,18,images/18/2318.png
2318,2319,18,images/18/2319.png
2319,2320,18,images/18/2320.png
2320,2321,18,images/18/2321.png
2321,2322,18,images/18/2322.png
2322,2323,18,images/18/2323.png
2323,2324,18,images/18/2324.png
2324,2325,18,images/18/2325.png
2325,2326,18,images/18/2326.png
2326,2327,18,images/18/2327.png
2327,2328,18,images/18/2328.png
2328,2329,18,images/18/2329.png
2329,2330,18,images/18/2330.png
2330,2331,18,images/18/2331.png
2331,2332,18,images/18/2332.png
2332,2333,18,images/18/2333.png
2333,2334,18,images/18/2334.png
2334,2335,18,images/18/2335.png
2335,2336,18,images/18/2336.png
2336,2337,18,images/18/2337.png
2337,2338,18,images/18/2338.png
2338,2339,18,images/18/2339.png
2339,2340,18,images/18/2340.png
2340,2341,18,images/18/2341.png
2341,2342,18,images/18/2342.png
2342,2343,18,images/18/2343.png
2343,2344,18,images/18/2344.png
2344,2345,18,images/18/2345.png
2345,2346,18,images/18/2346.png
2346,2347,18,images/18/2347.png
2347,2348,18,images/18/2348.png
2348,2349,18,images/18/2349.png
2349,2350,18,images/18/2350.png
2350,2351,18,images/18/2351.png
2351,2352,18,images/18/2352.png
2352,2353,18,images/18/2353.png
2353,2354,18,images/18/2354.png
2354,2355,18,images/18/2355.png
2355,2356,18,images/18/2356.png
2356,2357,18,images/18/2357.png
2357,2358,18,images/18/2358.png
2358,2359,18,images/18/2359.png
2359,2360,18,images/18/2360.png
2360,2361,18,images/18/2361.png
2361,2362,18,images/18/2362.png
2362,2363,18,images/18/2363.png
2363,2364,18,images/18/2364.png
2364,2365,18,images/18/2365.png
2365,2366,18,images/18/2366.png
2366,2367,18,images/18/2367.png
2367,2368,18,images/18/2368.png
2368,2369,18,images/18/2369.png
2369,2370,18,images/18/2370.png
2370,2371,18,images/18/2371.png
2371,2372,18,images/18/2372.png
2372,2373,18,images/18/2373.png
2373,2374,18,images/18/2374.png
2374,2375,18,images/18/2375.png
2375,2376,18,images/18/2376.png
2376,2377,18,images/18/2377.png
2377,2378,18,images/18/2378.png
2378,2379,18,images/18/2379.png
2379,2380,18,images/18/2380.png
2380,2381,18,images/18/2381.png
2381,2382,18,images/18/2382.png
2382,2383,18,images/18/2383.png
2383,2384,18,images/18/2384.png
2384,2385,18,images/18/2385.png
2385,2386,18,images/18/2386.png
2386,2387,18,images/18/2387.png
2387,2388,18,images/18/2388.png
2388,2389,18,images/18/2389.png
2389,2390,18,images/18/2390.png
2390,2391,18,images/18/2391.png
2391,2392,18,images/18/2392.png
2392,2393,18,images/18/2393.png
2393,2394,18,images/18/2394.png
2394,2395,18,images/18/2395.png
2395,2396,18,images/18/2396.png
2396,2397,18,images/18/2397.png
2397,2398,18,images/18/2398.png
2398,2399,18,images/18/2399.png
2399,2400,18,images/18/2400.png
2400,2401,18,images/18/2401.png
2401,2402,18,images/18/2402.png
2402,2403,18,images/18/2403.png
2403,2404,18,images/18/2404.png
2404,2405,18,images/18/2405.png
2405,2406,18,images/18/2406.png
2406,2407,18,images/18/2407.png
2407,2408,18,images/18/2408.png
2408,2409,18,images/18/2409.png
2409,2410,18,images/18/2410.png
2410,2411,18,images/18/2411.png
2411,2412,18,images/18/2412.png
2412,2413,18,images/18/2413.png
2413,2414,18,images/18/2414.png
2414,2415,18,images/18/2415.png
2415,2416,18,images/18/2416.png
2416,2417,18,images/18/2417.png
2417,2418,18,images/18/2418.png
2418,2419,18,images/18/2419.png
2419,2420,18,images/18/2420.png
2420,2421,18,images/18/2421.png
2421,2422,18,images/18/2422.png
2422,2423,18,images/18/2423.png
2423,2424,18,images/18/2424.png
2424,2425,18,images/18/2425.png
2425,2426,18,images/18/2426.png
2426,2427,18,images/18/2427.png
2427,2428,18,images/18/2428.png
2428,2429,18,images/18/2429.png
2429,2430,18,images/18/2430.png
2430,2431,18,images/18/2431.png
2431,2432,18,images/18/2432.png
2432,2433,18,images/18/2433.png
2433,2434,18,images/18/2434.png
2434,2435,18,images/18/2435.png
2435,2436,18,images/18/2436.png
2436,2437,18,images/18/2437.png
2437,2438,18,images/18/2438.png
2438,2439,18,images/18/2439.png
2439,2440,18,images/18/2440.png
2440,2441,18,images/18/2441.png
2441,2442,18,images/18/2442.png
2442,2443,18,images/18/2443.png
2443,2444,18,images/18/2444.png
2444,2445,18,images/18/2445.png
2445,2446,18,images/18/2446.png
2446,2447,18,images/18/2447.png
2447,2448,18,images/18/2448.png
2448,2449,18,images/18/2449.png
2449,2450,18,images/18/2450.png
2450,2451,18,images/18/2451.png
2451,2452,18,images/18/2452.png
2452,2453,18,images/18/2453.png
2453,2454,18,images/18/2454.png
2454,2455,18,images/18/2455.png
2455,2456,18,images/18/2456.png
2456,2457,18,images/18/2457.png
2457,2458,18,images/18/2458.png
2458,2459,18,images/18/2459.png
2459,2460,18,images/18/2460.png
2460,2461,18,images/18/2461.png
2461,2462,18,images/18/2462.png
2462,2463,18,images/18/2463.png
2463,2464,18,images/18/2464.png
2464,2465,18,images/18/2465.png
2465,2466,18,images/18/2466.png
2466,2467,18,images/18/2467.png
2467,2468,18,images/18/2468.png
2468,2469,18,images/18/2469.png
2469,2470,18,images/18/2470.png
2470,2471,18,images/18/2471.png
2471,2472,18,images/18/2472.png
2472,2473,18,images/18/2473.png
2473,2474,18,images/18/2474.png
2474,2475,18,images/18/2475.png
2475,2476,18,images/18/2476.png
2476,2477,18,images/18/2477.png
2477,2478,18,images/18/2478.png
2478,2479,18,images/18/2479.png
2479,2480,18,images/18/2480.png
2480,2481,18,images/18/2481.png
2481,2482,18,images/18/2482.png
2482,2483,18,images/18/2483.png
2483,2484,18,images/18/2484.png
2484,2485,18,images/18/2485.png
2485,2486,18,images/18/2486.png
2486,2487,18,images/18/2487.png
2487,2488,18,images/18/2488.png
2488,2489,18,images/18/2489.png
2489,2490,18,images/18/2490.png
2490,2491,18,images/18/2491.png
2491,2492,18,images/18/2492.png
2492,2493,18,images/18/2493.png
2493,2494,18,images/18/2494.png
2494,2495,18,images/18/2495.png
2495,2496,18,images/18/2496.png
2496,2497,18,images/18/2497.png
2497,2498,18,images/18/2498.png
2498,2499,18,images/18/2499.png
2499,2500,18,images/18/2500.png
2500,2501,18,images/18/2501.png
2501,2502,18,images/18/2502.png
2502,2503,18,images/18/2503.png
2503,2504,18,images/18/2504.png
2504,2505,18,images/18/2505.png
2505,2506,18,images/18/2506.png
2506,2507,18,images/18/2507.png
2507,2508,18,images/18/2508.png
2508,2509,18,images/18/2509.png
2509,2510,18,images/18/2510.png
2510,2511,18,images/18/2511.png
2511,2512,18,images/18/2512.png
2512,2513,18,images/18/2513.png
2513,2514,18,images/18/2514.png
2514,2515,18,images/18/2515.png
2515,2516,18,images/18/2516.png
2516,2517,18,images/18/2517.png
2517,2518,18,images/18/2518.png
2518,2519,18,images/18/2519.png
2519,2520,18,images/18/2520.png
2520,2521,18,images/18/2521.png
2521,2522,18,images/18/2522.png
2522,2523,18,images/18/2523.png
2523,2524,18,images/18/2524.png
2524,2525,18,images/18/2525.png
2525,2526,18,images/18/2526.png
2526,2527,18,images/18/2527.png
2527,2528,18,images/18/2528.png
2528,2529,18,images/18/2529.png
2529,2530,18,images/18/2530.png
2530,2531,18,images/18/2531.png
2531,2532,18,images/18/2532.png
2532,2533,18,images/18/2533.png
2533,2534,18,images/18/2534.png
2534,2535,18,images/18/2535.png
2535,2536,18,images/18/2536.png
2536,2537,18,images/18/2537.png
2537,2538,18,images/18/2538.png
2538,2539,18,images/18/2539.png
2539,2540,18,images/18/2540.png
2540,2541,18,images/18/2541.png
2541,2542,18,images/18/2542.png
2542,2543,18,images/18/2543.png
2543,2544,18,images/18/2544.png
2544,2545,18,images/18/2545.png
2545,2546,18,images/18/2546.png
2546,2547,18,images/18/2547.png
2547,2548,18,images/18/2548.png
2548,2549,18,images/18/2549.png
2549,2550,18,images/18/2550.png
2550,2551,18,images/18/2551.png
2551,2552,18,images/18/2552.png
2552,2553,18,images/18/2553.png
2553,2554,18,images/18/2554.png
2554,2555,18,images/18/2555.png
2555,2556,18,images/18/2556.png
2556,2557,18,images/18/2557.png
2557,2558,18,images/18/2558.png
2558,2559,18,images/18/2559.png
2559,2560,18,images/18/2560.png
2560,2561,18,images/18/2561.png
2561,2562,18,images/18/2562.png
2562,2563,18,images/18/2563.png
2563,2564,18,images/18/2564.png
2564,2565,18,images/18/2565.png
2565,2566,18,images/18/2566.png
2566,2567,18,images/18/2567.png
2567,2568,18,images/18/2568.png
2568,2569,18,images/18/2569.png
2569,2570,18,images/18/2570.png
2570,2571,18,images/18/2571.png
2571,2572,18,images/18/2572.png
2572,2573,18,images/18/2573.png
2573,2574,18,images/18/2574.png
2574,2575,18,images/18/2575.png
2575,2576,18,images/18/2576.png
2576,2577,18,images/18/2577.png
2577,2578,18,images/18/2578.png
2578,2579,18,images/18/2579.png
2579,2580,18,images/18/2580.png
2580,2581,18,images/18/2581.png
2581,2582,18,images/18/2582.png
2582,2583,18,images/18/2583.png
2583,2584,18,images/18/2584.png
2584,2585,18,images/18/2585.png
2585,2586,18,images/18/2586.png
2586,2587,18,images/18/2587.png
2587,2588,18,images/18/2588.png
2588,2589,18,images/18/2589.png
2589,2590,18,images/18/2590.png
2590,2591,18,images/18/2591.png
2591,2592,18,images/18/2592.png
2592,2593,18,images/18/2593.png
2593,2594,18,images/18/2594.png
2594,2595,18,images/18/2595.png
2595,2596,18,images/18/2596.png
2596,2597,18,images/18/2597.png
2597,2598,18,images/18/2598.png
2598,2599,18,images/18/2599.png
2599,2600,18,images/18/2600.png
2600,2601,18,images/18/2601.png
2601,2602,18,images/18/2602.png
2602,2603,18,images/18/2603.png
2603,2604,18,images/18/2604.png
2604,2605,18,images/18/2605.png
2605,2606,18,images/18/2606.png
2606,2607,18,images/18/2607.png
2607,2608,18,images/18/2608.png
2608,2609,18,images/18/2609.png
2609,2610,18,images/18/2610.png
2610,2611,18,images/18/2611.png
2611,2612,18,images/18/2612.png
2612,2613,18,images/18/2613.png
2613,2614,18,images/18/2614.png
2614,2615,18,images/18/2615.png
2615,2616,18,images/18/2616.png
2616,2617,18,images/18/2617.png
2617,2618,18,images/18/2618.png
2618,2619,18,images/18/2619.png
2619,2620,18,images/18/2620.png
2620,2621,18,images/18/2621.png
2621,2622,18,images/18/2622.png
2622,2623,18,images/18/2623.png
2623,2624,18,images/18/2624.png
2624,2625,18,images/18/2625.png
2625,2626,18,images/18/2626.png
2626,2627,18,images/18/2627.png
2627,2628,18,images/18/2628.png
2628,2629,18,images/18/2629.png
2629,2630,18,images/18/2630.png
2630,2631,18,images/18/2631.png
2631,2632,18,images/18/2632.png
2632,2633,18,images/18/2633.png
2633,2634,18,images/18/2634.png
2634,2635,18,images/18/2635.png
2635,2636,18,images/18/2636.png
2636,2637,18,images/18/2637.png
2637,2638,18,images/18/2638.png
2638,2639,18,images/18/2639.png
2639,2640,18,images/18/2640.png
2640,2641,18,images/18/2641.png
2641,2642,18,images/18/2642.png
2642,2643,18,images/18/2643.png
2643,2644,18,images/18/2644.png
2644,2645,18,images/18/2645.png
2645,2646,18,images/18/2646.png
2646,2647,18,images/18/2647.png
2647,2648,18,images/18/2648.png
2648,2649,18,images/18/2649.png
2649,2650,18,images/18/2650.png
2650,2651,18,images/18/2651.png
2651,2652,18,images/18/2652.png
2652,2653,18,images/18/2653.png
2653,2654,18,images/18/2654.png
2654,2655,18,images/18/2655.png
2655,2656,18,images/18/2656.png
2656,2657,18,images/18/2657.png
2657,2658,18,images/18/2658.png
2658,2659,18,images/18/2659.png
2659,2660,18,images/18/2660.png
2660,2661,18,images/18/2661.png
2661,2662,18,images/18/2662.png
2662,2663,18,images/18/2663.png
2663,2664,18,images/18/2664.png
2664,2665,18,images/18/2665.png
2665,2666,18,images/18/2666.png
2666,2667,18,images/18/2667.png
2667,2668,18,images/18/2668.png
2668,2669,18,images/18/2669.png
2669,2670,18,images/18/2670.png
2670,2671,18,images/18/2671.png
2671,2672,18,images/18/2672.png
2672,2673,18,images/18/2673.png
2673,2674,18,images/18/2674.png
2674,2675,18,images/18/2675.png
2675,2676,18,images/18/2676.png
2676,2677,18,images/18/2677.png
2677,2678,18,images/18/2678.png
2678,2679,18,images/18/2679.png
2679,2680,18,images/18/2680.png
2680,2681,18,images/18/2681.png
2681,2682,18,images/18/2682.png
2682,2683,18,images/18/2683.png
2683,2684,18,images/18/2684.png
2684,2685,18,images/18/2685.png
2685,2686,18,images/18/2686.png
2686,2687,18,images/18/2687.png
2687,2688,18,images/18/2688.png
2688,2689,18,images/18/2689.png
2689,2690,18,images/18/2690.png
2690,2691,18,images/18/2691.png
2691,2692,18,images/18/2692.png
2692,2693,18,images/18/2693.png
2693,2694,18,images/18/2694.png
2694,2695,18,images/18/2695.png
2695,2696,18,images/18/2696.png
2696,2697,18,images/18/2697.png
2697,2698,18,images/18/2698.png
2698,2699,18,images/18/2699.png
2699,2700,18,images/18/2700.png
2700,2701,18,images/18/2701.png
2701,2702,18,images/18/2702.png
2702,2703,18,images/18/2703.png
2703,2704,18,images/18/2704.png
2704,2705,18,images/18/2705.png
2705,2706,18,images/18/2706.png
2706,2707,18,images/18/2707.png
2707,2708,18,images/18/2708.png
2708,2709,18,images/18/2709.png
2709,2710,18,images/18/2710.png
2710,2711,18,images/18/2711.png
2711,2712,18,images/18/2712.png
2712,2713,18,images/18/2713.png
2713,2714,19,images/19/2714.png
2714,2715,19,images/19/2715.png
2715,2716,19,images/19/2716.png
2716,2717,19,images/19/2717.png
2717,2718,19,images/19/2718.png
2718,2719,19,images/19/2719.png
2719,2720,19,images/19/2720.png
2720,2721,19,images/19/2721.png
2721,2722,19,images/19/2722.png
2722,2723,19,images/19/2723.png
2723,2724,19,images/19/2724.png
2724,2725,19,images/19/2725.png
2725,2726,19,images/19/2726.png
2726,2727,19,images/19/2727.png
2727,2728,19,images/19/2728.png
2728,2729,19,images/19/2729.png
2729,2730,19,images/19/2730.png
2730,2731,19,images/19/2731.png
2731,2732,19,images/19/2732.png
2732,2733,19,images/19/2733.png
2733,2734,19,images/19/2734.png
2734,2735,19,images/19/2735.png
2735,2736,19,images/19/2736.png
2736,2737,19,images/19/2737.png
2737,2738,19,images/19/2738.png
2738,2739,19,images/19/2739.png
2739,2740,19,images/19/2740.png
2740,2741,19,images/19/2741.png
2741,2742,19,images/19/2742.png
2742,2743,19,images/19/2743.png
2743,2744,19,images/19/2744.png
2744,2745,19,images/19/2745.png
2745,2746,19,images/19/2746.png
2746,2747,19,images/19/2747.png
2747,2748,19,images/19/2748.png
2748,2749,19,images/19/2749.png
2749,2750,19,images/19/2750.png
2750,2751,19,images/19/2751.png
2751,2752,19,images/19/2752.png
2752,2753,19,images/19/2753.png
2753,2754,19,images/19/2754.png
2754,2755,19,images/19/2755.png
2755,2756,19,images/19/2756.png
2756,2757,19,images/19/2757.png
2757,2758,19,images/19/2758.png
2758,2759,19,images/19/2759.png
2759,2760,19,images/19/2760.png
2760,2761,19,images/19/2761.png
2761,2762,19,images/19/2762.png
2762,2763,19,images/19/2763.png
2763,2764,19,images/19/2764.png
2764,2765,19,images/19/2765.png
2765,2766,19,images/19/2766.png
2766,2767,19,images/19/2767.png
2767,2768,19,images/19/2768.png
2768,2769,19,images/19/2769.png
2769,2770,19,images/19/2770.png
2770,2771,19,images/19/2771.png
2771,2772,19,images/19/2772.png
2772,2773,19,images/19/2773.png
2773,2774,19,images/19/2774.png
2774,2775,19,images/19/2775.png
2775,2776,19,images/19/2776.png
2776,2777,19,images/19/2777.png
2777,2778,19,images/19/2778.png
2778,2779,19,images/19/2779.png
2779,2780,19,images/19/2780.png
2780,2781,19,images/19/2781.png
2781,2782,19,images/19/2782.png
2782,2783,19,images/19/2783.png
2783,2784,19,images/19/2784.png
2784,2785,19,images/19/2785.png
2785,2786,19,images/19/2786.png
2786,2787,19,images/19/2787.png
2787,2788,19,images/19/2788.png
2788,2789,19,images/19/2789.png
2789,2790,19,images/19/2790.png
2790,2791,19,images/19/2791.png
2791,2792,19,images/19/2792.png
2792,2793,19,images/19/2793.png
2793,2794,19,images/19/2794.png
2794,2795,19,images/19/2795.png
2795,2796,19,images/19/2796.png
2796,2797,19,images/19/2797.png
2797,2798,19,images/19/2798.png
2798,2799,19,images/19/2799.png
2799,2800,19,images/19/2800.png
2800,2801,19,images/19/2801.png
2801,2802,19,images/19/2802.png
2802,2803,19,images/19/2803.png
2803,2804,19,images/19/2804.png
2804,2805,19,images/19/2805.png
2805,2806,19,images/19/2806.png
2806,2807,19,images/19/2807.png
2807,2808,19,images/19/2808.png
2808,2809,19,images/19/2809.png
2809,2810,19,images/19/2810.png
2810,2811,19,images/19/2811.png
2811,2812,19,images/19/2812.png
2812,2813,19,images/19/2813.png
2813,2814,19,images/19/2814.png
2814,2815,19,images/19/2815.png
2815,2816,19,images/19/2816.png
2816,2817,19,images/19/2817.png
2817,2818,19,images/19/2818.png
2818,2819,19,images/19/2819.png
2819,2820,19,images/19/2820.png
2820,2821,19,images/19/2821.png
2821,2822,19,images/19/2822.png
2822,2823,19,images/19/2823.png
2823,2824,19,images/19/2824.png
2824,2825,19,images/19/2825.png
2825,2826,19,images/19/2826.png
2826,2827,19,images/19/2827.png
2827,2828,19,images/19/2828.png
2828,2829,19,images/19/2829.png
2829,2830,19,images/19/2830.png
2830,2831,19,images/19/2831.png
2831,2832,19,images/19/2832.png
2832,2833,19,images/19/2833.png
2833,2834,19,images/19/2834.png
2834,2835,19,images/19/2835.png
2835,2836,19,images/19/2836.png
2836,2837,19,images/19/2837.png
2837,2838,19,images/19/2838.png
2838,2839,19,images/19/2839.png
2839,2840,19,images/19/2840.png
2840,2841,19,images/19/2841.png
2841,2842,19,images/19/2842.png
2842,2843,19,images/19/2843.png
2843,2844,19,images/19/2844.png
2844,2845,19,images/19/2845.png
2845,2846,19,images/19/2846.png
2846,2847,19,images/19/2847.png
2847,2848,19,images/19/2848.png
2848,2849,19,images/19/2849.png
2849,2850,19,images/19/2850.png
2850,2851,19,images/19/2851.png
2851,2852,19,images/19/2852.png
2852,2853,19,images/19/2853.png
2853,2854,19,images/19/2854.png
2854,2855,19,images/19/2855.png
2855,2856,19,images/19/2856.png
2856,2857,19,images/19/2857.png
2857,2858,19,images/19/2858.png
2858,2859,19,images/19/2859.png
2859,2860,19,images/19/2860.png
2860,2861,19,images/19/2861.png
2861,2862,19,images/19/2862.png
2862,2863,19,images/19/2863.png
2863,2864,19,images/19/2864.png
2864,2865,19,images/19/2865.png
2865,2866,19,images/19/2866.png
2866,2867,20,images/20/2867.png
2867,2868,20,images/20/2868.png
2868,2869,20,images/20/2869.png
2869,2870,20,images/20/2870.png
2870,2871,20,images/20/2871.png
2871,2872,20,images/20/2872.png
2872,2873,20,images/20/2873.png
2873,2874,20,images/20/2874.png
2874,2875,20,images/20/2875.png
2875,2876,20,images/20/2876.png
2876,2877,20,images/20/2877.png
2877,2878,20,images/20/2878.png
2878,2879,20,images/20/2879.png
2879,2880,20,images/20/2880.png
2880,2881,20,images/20/2881.png
2881,2882,20,images/20/2882.png
2882,2883,20,images/20/2883.png
2883,2884,20,images/20/2884.png
2884,2885,20,images/20/2885.png
2885,2886,20,images/20/2886.png
2886,2887,20,images/20/2887.png
2887,2888,20,images/20/2888.png
2888,2889,20,images/20/2889.png
2889,2890,20,images/20/2890.png
2890,2891,20,images/20/2891.png
2891,2892,20,images/20/2892.png
2892,2893,20,images/20/2893.png
2893,2894,20,images/20/2894.png
2894,2895,20,images/20/2895.png
2895,2896,20,images/20/2896.png
2896,2897,20,images/20/2897.png
2897,2898,20,images/20/2898.png
2898,2899,20,images/20/2899.png
2899,2900,20,images/20/2900.png
2900,2901,20,images/20/2901.png
2901,2902,20,images/20/2902.png
2902,2903,20,images/20/2903.png
2903,2904,20,images/20/2904.png
2904,2905,20,images/20/2905.png
2905,2906,20,images/20/2906.png
2906,2907,20,images/20/2907.png
2907,2908,20,images/20/2908.png
2908,2909,20,images/20/2909.png
2909,2910,20,images/20/2910.png
2910,2911,20,images/20/2911.png
2911,2912,20,images/20/2912.png
2912,2913,20,images/20/2913.png
2913,2914,20,images/20/2914.png
2914,2915,20,images/20/2915.png
2915,2916,20,images/20/2916.png
2916,2917,20,images/20/2917.png
2917,2918,20,images/20/2918.png
2918,2919,20,images/20/2919.png
2919,2920,20,images/20/2920.png
2920,2921,20,images/20/2921.png
2921,2922,20,images/20/2922.png
2922,2923,20,images/20/2923.png
2923,2924,20,images/20/2924.png
2924,2925,21,images/21/2925.png
2925,2926,21,images/21/2926.png
2926,2927,21,images/21/2927.png
2927,2928,21,images/21/2928.png
2928,2929,21,images/21/2929.png
2929,2930,21,images/21/2930.png
2930,2931,21,images/21/2931.png
2931,2932,21,images/21/2932.png
2932,2933,21,images/21/2933.png
2933,2934,21,images/21/2934.png
2934,2935,21,images/21/2935.png
2935,2936,21,images/21/2936.png
2936,2937,21,images/21/2937.png
2937,2938,21,images/21/2938.png
2938,2939,21,images/21/2939.png
2939,2940,21,images/21/2940.png
2940,2941,21,images/21/2941.png
2941,2942,21,images/21/2942.png
2942,2943,21,images/21/2943.png
2943,2944,21,images/21/2944.png
2944,2945,21,images/21/2945.png
2945,2946,21,images/21/2946.png
2946,2947,21,images/21/2947.png
2947,2948,21,images/21/2948.png
2948,2949,21,images/21/2949.png
2949,2950,21,images/21/2950.png
2950,2951,21,images/21/2951.png
2951,2952,21,images/21/2952.png
2952,2953,21,images/21/2953.png
2953,2954,21,images/21/2954.png
2954,2955,21,images/21/2955.png
2955,2956,21,images/21/2956.png
2956,2957,21,images/21/2957.png
2957,2958,21,images/21/2958.png
2958,2959,21,images/21/2959.png
2959,2960,21,images/21/2960.png
2960,2961,21,images/21/2961.png
2961,2962,21,images/21/2962.png
2962,2963,21,images/21/2963.png
2963,2964,21,images/21/2964.png
2964,2965,21,images/21/2965.png
2965,2966,21,images/21/2966.png
2966,2967,21,images/21/2967.png
2967,2968,21,images/21/2968.png
2968,2969,21,images/21/2969.png
2969,2970,21,images/21/2970.png
2970,2971,21,images/21/2971.png
2971,2972,21,images/21/2972.png
2972,2973,21,images/21/2973.png
2973,2974,21,images/21/2974.png
2974,2975,21,images/21/2975.png
2975,2976,21,images/21/2976.png
2976,2977,21,images/21/2977.png
2977,2978,21,images/21/2978.png
2978,2979,21,images/21/2979.png
2979,2980,21,images/21/2980.png
2980,2981,21,images/21/2981.png
2981,2982,21,images/21/2982.png
2982,2983,21,images/21/2983.png
2983,2984,21,images/21/2984.png
2984,2985,21,images/21/2985.png
2985,2986,21,images/21/2986.png
2986,2987,21,images/21/2987.png
2987,2988,21,images/21/2988.png
2988,2989,21,images/21/2989.png
2989,2990,21,images/21/2990.png
2990,2991,21,images/21/2991.png
2991,2992,21,images/21/2992.png
2992,2993,21,images/21/2993.png
2993,2994,21,images/21/2994.png
2994,2995,21,images/21/2995.png
2995,2996,21,images/21/2996.png
2996,2997,21,images/21/2997.png
2997,2998,21,images/21/2998.png
2998,2999,21,images/21/2999.png
2999,3000,21,images/21/3000.png
3000,3001,21,images/21/3001.png
3001,3002,21,images/21/3002.png
3002,3003,21,images/21/3003.png
3003,3004,21,images/21/3004.png
3004,3005,21,images/21/3005.png
3005,3006,21,images/21/3006.png
3006,3007,21,images/21/3007.png
3007,3008,21,images/21/3008.png
3008,3009,21,images/21/3009.png
3009,3010,21,images/21/3010.png
3010,3011,21,images/21/3011.png
3011,3012,21,images/21/3012.png
3012,3013,21,images/21/3013.png
3013,3014,21,images/21/3014.png
3014,3015,21,images/21/3015.png
3015,3016,21,images/21/3016.png
3016,3017,21,images/21/3017.png
3017,3018,21,images/21/3018.png
3018,3019,21,images/21/3019.png
3019,3020,21,images/21/3020.png
3020,3021,21,images/21/3021.png
3021,3022,21,images/21/3022.png
3022,3023,21,images/21/3023.png
3023,3024,21,images/21/3024.png
3024,3025,21,images/21/3025.png
3025,3026,21,images/21/3026.png
3026,3027,21,images/21/3027.png
3027,3028,21,images/21/3028.png
3028,3029,21,images/21/3029.png
3029,3030,21,images/21/3030.png
3030,3031,21,images/21/3031.png
3031,3032,21,images/21/3032.png
3032,3033,21,images/21/3033.png
3033,3034,21,images/21/3034.png
3034,3035,21,images/21/3035.png
3035,3036,21,images/21/3036.png
3036,3037,21,images/21/3037.png
3037,3038,21,images/21/3038.png
3038,3039,21,images/21/3039.png
3039,3040,21,images/21/3040.png
3040,3041,21,images/21/3041.png
3041,3042,21,images/21/3042.png
3042,3043,21,images/21/3043.png
3043,3044,21,images/21/3044.png
3044,3045,21,images/21/3045.png
3045,3046,21,images/21/3046.png
3046,3047,21,images/21/3047.png
3047,3048,21,images/21/3048.png
3048,3049,21,images/21/3049.png
3049,3050,21,images/21/3050.png
3050,3051,21,images/21/3051.png
3051,3052,21,images/21/3052.png
3052,3053,21,images/21/3053.png
3053,3054,21,images/21/3054.png
3054,3055,21,images/21/3055.png
3055,3056,21,images/21/3056.png
3056,3057,21,images/21/3057.png
3057,3058,21,images/21/3058.png
3058,3059,21,images/21/3059.png
3059,3060,21,images/21/3060.png
3060,3061,21,images/21/3061.png
3061,3062,21,images/21/3062.png
3062,3063,21,images/21/3063.png
3063,3064,21,images/21/3064.png
3064,3065,21,images/21/3065.png
3065,3066,21,images/21/3066.png
3066,3067,21,images/21/3067.png
3067,3068,21,images/21/3068.png
3068,3069,21,images/21/3069.png
3069,3070,21,images/21/3070.png
3070,3071,21,images/21/3071.png
3071,3072,21,images/21/3072.png
3072,3073,21,images/21/3073.png
3073,3074,21,images/21/3074.png
3074,3075,21,images/21/3075.png
3075,3076,21,images/21/3076.png
3076,3077,21,images/21/3077.png
3077,3078,21,images/21/3078.png
3078,3079,21,images/21/3079.png
3079,3080,21,images/21/3080.png
3080,3081,21,images/21/3081.png
3081,3082,21,images/21/3082.png
3082,3083,21,images/21/3083.png
3083,3084,21,images/21/3084.png
3084,3085,21,images/21/3085.png
3085,3086,21,images/21/3086.png
3086,3087,21,images/21/3087.png
3087,3088,21,images/21/3088.png
3088,3089,21,images/21/3089.png
3089,3090,21,images/21/3090.png
3090,3091,21,images/21/3091.png
3091,3092,21,images/21/3092.png
3092,3093,21,images/21/3093.png
3093,3094,21,images/21/3094.png
3094,3095,21,images/21/3095.png
3095,3096,21,images/21/3096.png
3096,3097,21,images/21/3097.png
3097,3098,21,images/21/3098.png
3098,3099,21,images/21/3099.png
3099,3100,21,images/21/3100.png
3100,3101,21,images/21/3101.png
3101,3102,21,images/21/3102.png
3102,3103,21,images/21/3103.png
3103,3104,21,images/21/3104.png
3104,3105,21,images/21/3105.png
3105,3106,21,images/21/3106.png
3106,3107,21,images/21/3107.png
3107,3108,21,images/21/3108.png
3108,3109,21,images/21/3109.png
3109,3110,21,images/21/3110.png
3110,3111,21,images/21/3111.png
3111,3112,21,images/21/3112.png
3112,3113,21,images/21/3113.png
3113,3114,21,images/21/3114.png
3114,3115,21,images/21/3115.png
3115,3116,21,images/21/3116.png
3116,3117,21,images/21/3117.png
3117,3118,21,images/21/3118.png
3118,3119,21,images/21/3119.png
3119,3120,21,images/21/3120.png
3120,3121,21,images/21/3121.png
3121,3122,21,images/21/3122.png
3122,3123,21,images/21/3123.png
3123,3124,21,images/21/3124.png
3124,3125,21,images/21/3125.png
3125,3126,21,images/21/3126.png
3126,3127,21,images/21/3127.png
3127,3128,21,images/21/3128.png
3128,3129,21,images/21/3129.png
3129,3130,21,images/21/3130.png
3130,3131,21,images/21/3131.png
3131,3132,21,images/21/3132.png
3132,3133,21,images/21/3133.png
3133,3134,21,images/21/3134.png
3134,3135,21,images/21/3135.png
3135,3136,21,images/21/3136.png
3136,3137,21,images/21/3137.png
3137,3138,21,images/21/3138.png
3138,3139,21,images/21/3139.png
3139,3140,21,images/21/3140.png
3140,3141,21,images/21/3141.png
3141,3142,21,images/21/3142.png
3142,3143,21,images/21/3143.png
3143,3144,21,images/21/3144.png
3144,3145,21,images/21/3145.png
3145,3146,21,images/21/3146.png
3146,3147,21,images/21/3147.png
3147,3148,21,images/21/3148.png
3148,3149,21,images/21/3149.png
3149,3150,21,images/21/3150.png
3150,3151,21,images/21/3151.png
3151,3152,21,images/21/3152.png
3152,3153,21,images/21/3153.png
3153,3154,21,images/21/3154.png
3154,3155,21,images/21/3155.png
3155,3156,21,images/21/3156.png
3156,3157,21,images/21/3157.png
3157,3158,21,images/21/3158.png
3158,3159,21,images/21/3159.png
3159,3160,21,images/21/3160.png
3160,3161,21,images/21/3161.png
3161,3162,21,images/21/3162.png
3162,3163,21,images/21/3163.png
3163,3164,21,images/21/3164.png
3164,3165,21,images/21/3165.png
3165,3166,21,images/21/3166.png
3166,3167,21,images/21/3167.png
3167,3168,21,images/21/3168.png
3168,3169,21,images/21/3169.png
3169,3170,21,images/21/3170.png
3170,3171,21,images/21/3171.png
3171,3172,21,images/21/3172.png
3172,3173,21,images/21/3173.png
3173,3174,21,images/21/3174.png
3174,3175,21,images/21/3175.png
3175,3176,21,images/21/3176.png
3176,3177,21,images/21/3177.png
3177,3178,21,images/21/3178.png
3178,3179,21,images/21/3179.png
3179,3180,21,images/21/3180.png
3180,3181,21,images/21/3181.png
3181,3182,21,images/21/3182.png
3182,3183,21,images/21/3183.png
3183,3184,21,images/21/3184.png
3184,3185,21,images/21/3185.png
3185,3186,21,images/21/3186.png
3186,3187,21,images/21/3187.png
3187,3188,21,images/21/3188.png
3188,3189,21,images/21/3189.png
3189,3190,21,images/21/3190.png
3190,3191,21,images/21/3191.png
3191,3192,21,images/21/3192.png
3192,3193,21,images/21/3193.png
3193,3194,21,images/21/3194.png
3194,3195,21,images/21/3195.png
3195,3196,21,images/21/3196.png
3196,3197,21,images/21/3197.png
3197,3198,21,images/21/3198.png
3198,3199,21,images/21/3199.png
3199,3200,21,images/21/3200.png
3200,3201,21,images/21/3201.png
3201,3202,21,images/21/3202.png
3202,3203,21,images/21/3203.png
3203,3204,21,images/21/3204.png
3204,3205,21,images/21/3205.png
3205,3206,21,images/21/3206.png
3206,3207,21,images/21/3207.png
3207,3208,21,images/21/3208.png
3208,3209,21,images/21/3209.png
3209,3210,21,images/21/3210.png
3210,3211,21,images/21/3211.png
3211,3212,21,images/21/3212.png
3212,3213,21,images/21/3213.png
3213,3214,21,images/21/3214.png
3214,3215,21,images/21/3215.png
3215,3216,21,images/21/3216.png
3216,3217,21,images/21/3217.png
3217,3218,21,images/21/3218.png
3218,3219,21,images/21/3219.png
3219,3220,21,images/21/3220.png
3220,3221,21,images/21/3221.png
3221,3222,21,images/21/3222.png
3222,3223,21,images/21/3223.png
3223,3224,21,images/21/3224.png
3224,3225,21,images/21/3225.png
3225,3226,21,images/21/3226.png
3226,3227,21,images/21/3227.png
3227,3228,21,images/21/3228.png
3228,3229,21,images/21/3229.png
3229,3230,21,images/21/3230.png
3230,3231,21,images/21/3231.png
3231,3232,21,images/21/3232.png
3232,3233,21,images/21/3233.png
3233,3234,21,images/21/3234.png
3234,3235,21,images/21/3235.png
3235,3236,21,images/21/3236.png
3236,3237,21,images/21/3237.png
3237,3238,21,images/21/3238.png
3238,3239,21,images/21/3239.png
3239,3240,21,images/21/3240.png
3240,3241,21,images/21/3241.png
3241,3242,21,images/21/3242.png
3242,3243,21,images/21/3243.png
3243,3244,21,images/21/3244.png
3244,3245,21,images/21/3245.png
3245,3246,21,images/21/3246.png
3246,3247,21,images/21/3247.png
3247,3248,21,images/21/3248.png
3248,3249,21,images/21/3249.png
3249,3250,21,images/21/3250.png
3250,3251,21,images/21/3251.png
3251,3252,21,images/21/3252.png
3252,3253,21,images/21/3253.png
3253,3254,21,images/21/3254.png
3254,3255,21,images/21/3255.png
3255,3256,21,images/21/3256.png
3256,3257,21,images/21/3257.png
3257,3258,21,images/21/3258.png
3258,3259,21,images/21/3259.png
3259,3260,21,images/21/3260.png
3260,3261,21,images/21/3261.png
3261,3262,21,images/21/3262.png
3262,3263,21,images/21/3263.png
3263,3264,21,images/21/3264.png
3264,3265,21,images/21/3265.png
3265,3266,21,images/21/3266.png
3266,3267,21,images/21/3267.png
3267,3268,21,images/21/3268.png
3268,3269,21,images/21/3269.png
3269,3270,21,images/21/3270.png
3270,3271,21,images/21/3271.png
3271,3272,21,images/21/3272.png
3272,3273,21,images/21/3273.png
3273,3274,21,images/21/3274.png
3274,3275,21,images/21/3275.png
3275,3276,21,images/21/3276.png
3276,3277,21,images/21/3277.png
3277,3278,21,images/21/3278.png
3278,3279,21,images/21/3279.png
3279,3280,21,images/21/3280.png
3280,3281,21,images/21/3281.png
3281,3282,21,images/21/3282.png
3282,3283,21,images/21/3283.png
3283,3284,21,images/21/3284.png
3284,3285,21,images/21/3285.png
3285,3286,21,images/21/3286.png
3286,3287,21,images/21/3287.png
3287,3288,21,images/21/3288.png
3288,3289,21,images/21/3289.png
3289,3290,21,images/21/3290.png
3290,3291,21,images/21/3291.png
3291,3292,21,images/21/3292.png
3292,3293,21,images/21/3293.png
3293,3294,21,images/21/3294.png
3294,3295,21,images/21/3295.png
3295,3296,21,images/21/3296.png
3296,3297,21,images/21/3297.png
3297,3298,21,images/21/3298.png
3298,3299,21,images/21/3299.png
3299,3300,21,images/21/3300.png
3300,3301,21,images/21/3301.png
3301,3302,21,images/21/3302.png
3302,3303,21,images/21/3303.png
3303,3304,21,images/21/3304.png
3304,3305,21,images/21/3305.png
3305,3306,21,images/21/3306.png
3306,3307,21,images/21/3307.png
3307,3308,21,images/21/3308.png
3308,3309,21,images/21/3309.png
3309,3310,21,images/21/3310.png
3310,3311,21,images/21/3311.png
3311,3312,21,images/21/3312.png
3312,3313,21,images/21/3313.png
3313,3314,21,images/21/3314.png
3314,3315,21,images/21/3315.png
3315,3316,21,images/21/3316.png
3316,3317,21,images/21/3317.png
3317,3318,21,images/21/3318.png
3318,3319,21,images/21/3319.png
3319,3320,21,images/21/3320.png
3320,3321,21,images/21/3321.png
3321,3322,21,images/21/3322.png
3322,3323,21,images/21/3323.png
3323,3324,21,images/21/3324.png
3324,3325,21,images/21/3325.png
3325,3326,21,images/21/3326.png
3326,3327,21,images/21/3327.png
3327,3328,21,images/21/3328.png
3328,3329,21,images/21/3329.png
3329,3330,21,images/21/3330.png
3330,3331,21,images/21/3331.png
3331,3332,21,images/21/3332.png
3332,3333,21,images/21/3333.png
3333,3334,22,images/22/3334.png
3334,3335,22,images/22/3335.png
3335,3336,22,images/22/3336.png
3336,3337,22,images/22/3337.png
3337,3338,22,images/22/3338.png
3338,3339,22,images/22/3339.png
3339,3340,22,images/22/3340.png
3340,3341,22,images/22/3341.png
3341,3342,22,images/22/3342.png
3342,3343,22,images/22/3343.png
3343,3344,22,images/22/3344.png
3344,3345,22,images/22/3345.png
3345,3346,22,images/22/3346.png
3346,3347,22,images/22/3347.png
3347,3348,22,images/22/3348.png
3348,3349,22,images/22/3349.png
3349,3350,22,images/22/3350.png
3350,3351,22,images/22/3351.png
3351,3352,22,images/22/3352.png
3352,3353,22,images/22/3353.png
3353,3354,22,images/22/3354.png
3354,3355,22,images/22/3355.png
3355,3356,22,images/22/3356.png
3356,3357,22,images/22/3357.png
3357,3358,22,images/22/3358.png
3358,3359,22,images/22/3359.png
3359,3360,22,images/22/3360.png
3360,3361,22,images/22/3361.png
3361,3362,22,images/22/3362.png
3362,3363,22,images/22/3363.png
3363,3364,22,images/22/3364.png
3364,3365,22,images/22/3365.png
3365,3366,22,images/22/3366.png
3366,3367,22,images/22/3367.png
3367,3368,22,images/22/3368.png
3368,3369,22,images/22/3369.png
3369,3370,22,images/22/3370.png
3370,3371,22,images/22/3371.png
3371,3372,22,images/22/3372.png
3372,3373,22,images/22/3373.png
3373,3374,22,images/22/3374.png
3374,3375,22,images/22/3375.png
3375,3376,22,images/22/3376.png
3376,3377,22,images/22/3377.png
3377,3378,22,images/22/3378.png
3378,3379,22,images/22/3379.png
3379,3380,22,images/22/3380.png
3380,3381,22,images/22/3381.png
3381,3382,22,images/22/3382.png
3382,3383,22,images/22/3383.png
3383,3384,22,images/22/3384.png
3384,3385,22,images/22/3385.png
3385,3386,22,images/22/3386.png
3386,3387,22,images/22/3387.png
3387,3388,22,images/22/3388.png
3388,3389,22,images/22/3389.png
3389,3390,22,images/22/3390.png
3390,3391,22,images/22/3391.png
3391,3392,22,images/22/3392.png
3392,3393,22,images/22/3393.png
3393,3394,22,images/22/3394.png
3394,3395,22,images/22/3395.png
3395,3396,22,images/22/3396.png
3396,3397,22,images/22/3397.png
3397,3398,22,images/22/3398.png
3398,3399,22,images/22/3399.png
3399,3400,22,images/22/3400.png
3400,3401,22,images/22/3401.png
3401,3402,22,images/22/3402.png
3402,3403,22,images/22/3403.png
3403,3404,22,images/22/3404.png
3404,3405,22,images/22/3405.png
3405,3406,22,images/22/3406.png
3406,3407,22,images/22/3407.png
3407,3408,22,images/22/3408.png
3408,3409,22,images/22/3409.png
3409,3410,22,images/22/3410.png
3410,3411,22,images/22/3411.png
3411,3412,22,images/22/3412.png
3412,3413,22,images/22/3413.png
3413,3414,22,images/22/3414.png
3414,3415,22,images/22/3415.png
3415,3416,22,images/22/3416.png
3416,3417,22,images/22/3417.png
3417,3418,22,images/22/3418.png
3418,3419,22,images/22/3419.png
3419,3420,22,images/22/3420.png
3420,3421,22,images/22/3421.png
3421,3422,22,images/22/3422.png
3422,3423,22,images/22/3423.png
3423,3424,22,images/22/3424.png
3424,3425,22,images/22/3425.png
3425,3426,22,images/22/3426.png
3426,3427,22,images/22/3427.png
3427,3428,22,images/22/3428.png
3428,3429,22,images/22/3429.png
3429,3430,22,images/22/3430.png
3430,3431,22,images/22/3431.png
3431,3432,22,images/22/3432.png
3432,3433,22,images/22/3433.png
3433,3434,22,images/22/3434.png
3434,3435,22,images/22/3435.png
3435,3436,22,images/22/3436.png
3436,3437,22,images/22/3437.png
3437,3438,22,images/22/3438.png
3438,3439,22,images/22/3439.png
3439,3440,22,images/22/3440.png
3440,3441,22,images/22/3441.png
3441,3442,22,images/22/3442.png
3442,3443,22,images/22/3443.png
3443,3444,22,images/22/3444.png
3444,3445,22,images/22/3445.png
3445,3446,22,images/22/3446.png
3446,3447,22,images/22/3447.png
3447,3448,22,images/22/3448.png
3448,3449,22,images/22/3449.png
3449,3450,22,images/22/3450.png
3450,3451,22,images/22/3451.png
3451,3452,22,images/22/3452.png
3452,3453,22,images/22/3453.png
3453,3454,22,images/22/3454.png
3454,3455,22,images/22/3455.png
3455,3456,22,images/22/3456.png
3456,3457,22,images/22/3457.png
3457,3458,22,images/22/3458.png
3458,3459,22,images/22/3459.png
3459,3460,22,images/22/3460.png
3460,3461,22,images/22/3461.png
3461,3462,22,images/22/3462.png
3462,3463,22,images/22/3463.png
3463,3464,22,images/22/3464.png
3464,3465,22,images/22/3465.png
3465,3466,22,images/22/3466.png
3466,3467,22,images/22/3467.png
3467,3468,22,images/22/3468.png
3468,3469,22,images/22/3469.png
3469,3470,22,images/22/3470.png
3470,3471,22,images/22/3471.png
3471,3472,22,images/22/3472.png
3472,3473,22,images/22/3473.png
3473,3474,22,images/22/3474.png
3474,3475,22,images/22/3475.png
3475,3476,22,images/22/3476.png
3476,3477,22,images/22/3477.png
3477,3478,22,images/22/3478.png
3478,3479,22,images/22/3479.png
3479,3480,22,images/22/3480.png
3480,3481,22,images/22/3481.png
3481,3482,22,images/22/3482.png
3482,3483,22,images/22/3483.png
3483,3484,22,images/22/3484.png
3484,3485,22,images/22/3485.png
3485,3486,22,images/22/3486.png
3486,3487,22,images/22/3487.png
3487,3488,22,images/22/3488.png
3488,3489,22,images/22/3489.png
3489,3490,22,images/22/3490.png
3490,3491,22,images/22/3491.png
3491,3492,22,images/22/3492.png
3492,3493,22,images/22/3493.png
3493,3494,22,images/22/3494.png
3494,3495,22,images/22/3495.png
3495,3496,22,images/22/3496.png
3496,3497,22,images/22/3497.png
3497,3498,22,images/22/3498.png
3498,3499,22,images/22/3499.png
3499,3500,22,images/22/3500.png
3500,3501,22,images/22/3501.png
3501,3502,22,images/22/3502.png
3502,3503,22,images/22/3503.png
3503,3504,22,images/22/3504.png
3504,3505,22,images/22/3505.png
3505,3506,22,images/22/3506.png
3506,3507,22,images/22/3507.png
3507,3508,22,images/22/3508.png
3508,3509,22,images/22/3509.png
3509,3510,22,images/22/3510.png
3510,3511,22,images/22/3511.png
3511,3512,22,images/22/3512.png
3512,3513,22,images/22/3513.png
3513,3514,22,images/22/3514.png
3514,3515,22,images/22/3515.png
3515,3516,22,images/22/3516.png
3516,3517,22,images/22/3517.png
3517,3518,22,images/22/3518.png
3518,3519,22,images/22/3519.png
3519,3520,22,images/22/3520.png
3520,3521,22,images/22/3521.png
3521,3522,22,images/22/3522.png
3522,3523,22,images/22/3523.png
3523,3524,22,images/22/3524.png
3524,3525,22,images/22/3525.png
3525,3526,22,images/22/3526.png
3526,3527,22,images/22/3527.png
3527,3528,22,images/22/3528.png
3528,3529,22,images/22/3529.png
3529,3530,22,images/22/3530.png
3530,3531,22,images/22/3531.png
3531,3532,22,images/22/3532.png
3532,3533,22,images/22/3533.png
3533,3534,22,images/22/3534.png
3534,3535,22,images/22/3535.png
3535,3536,22,images/22/3536.png
3536,3537,22,images/22/3537.png
3537,3538,22,images/22/3538.png
3538,3539,22,images/22/3539.png
3539,3540,22,images/22/3540.png
3540,3541,22,images/22/3541.png
3541,3542,22,images/22/3542.png
3542,3543,22,images/22/3543.png
3543,3544,22,images/22/3544.png
3544,3545,22,images/22/3545.png
3545,3546,22,images/22/3546.png
3546,3547,22,images/22/3547.png
3547,3548,22,images/22/3548.png
3548,3549,22,images/22/3549.png
3549,3550,22,images/22/3550.png
3550,3551,22,images/22/3551.png
3551,3552,22,images/22/3552.png
3552,3553,22,images/22/3553.png
3553,3554,22,images/22/3554.png
3554,3555,22,images/22/3555.png
3555,3556,22,images/22/3556.png
3556,3557,22,images/22/3557.png
3557,3558,22,images/22/3558.png
3558,3559,22,images/22/3559.png
3559,3560,22,images/22/3560.png
3560,3561,22,images/22/3561.png
3561,3562,22,images/22/3562.png
3562,3563,22,images/22/3563.png
3563,3564,22,images/22/3564.png
3564,3565,22,images/22/3565.png
3565,3566,22,images/22/3566.png
3566,3567,22,images/22/3567.png
3567,3568,22,images/22/3568.png
3568,3569,22,images/22/3569.png
3569,3570,22,images/22/3570.png
3570,3571,22,images/22/3571.png
3571,3572,22,images/22/3572.png
3572,3573,22,images/22/3573.png
3573,3574,22,images/22/3574.png
3574,3575,22,images/22/3575.png
3575,3576,22,images/22/3576.png
3576,3577,22,images/22/3577.png
3577,3578,22,images/22/3578.png
3578,3579,22,images/22/3579.png
3579,3580,22,images/22/3580.png
3580,3581,22,images/22/3581.png
3581,3582,22,images/22/3582.png
3582,3583,22,images/22/3583.png
3583,3584,22,images/22/3584.png
3584,3585,22,images/22/3585.png
3585,3586,22,images/22/3586.png
3586,3587,22,images/22/3587.png
3587,3588,22,images/22/3588.png
3588,3589,22,images/22/3589.png
3589,3590,22,images/22/3590.png
3590,3591,22,images/22/3591.png
3591,3592,22,images/22/3592.png
3592,3593,22,images/22/3593.png
3593,3594,22,images/22/3594.png
3594,3595,22,images/22/3595.png
3595,3596,22,images/22/3596.png
3596,3597,22,images/22/3597.png
3597,3598,22,images/22/3598.png
3598,3599,22,images/22/3599.png
3599,3600,22,images/22/3600.png
3600,3601,22,images/22/3601.png
3601,3602,22,images/22/3602.png
3602,3603,22,images/22/3603.png
3603,3604,22,images/22/3604.png
3604,3605,22,images/22/3605.png
3605,3606,23,images/23/3606.png
3606,3607,23,images/23/3607.png
3607,3608,23,images/23/3608.png
3608,3609,23,images/23/3609.png
3609,3610,23,images/23/3610.png
3610,3611,23,images/23/3611.png
3611,3612,23,images/23/3612.png
3612,3613,23,images/23/3613.png
3613,3614,23,images/23/3614.png
3614,3615,23,images/23/3615.png
3615,3616,23,images/23/3616.png
3616,3617,23,images/23/3617.png
3617,3618,23,images/23/3618.png
3618,3619,23,images/23/3619.png
3619,3620,23,images/23/3620.png
3620,3621,23,images/23/3621.png
3621,3622,23,images/23/3622.png
3622,3623,23,images/23/3623.png
3623,3624,23,images/23/3624.png
3624,3625,23,images/23/3625.png
3625,3626,23,images/23/3626.png
3626,3627,23,images/23/3627.png
3627,3628,23,images/23/3628.png
3628,3629,23,images/23/3629.png
3629,3630,23,images/23/3630.png
3630,3631,23,images/23/3631.png
3631,3632,23,images/23/3632.png
3632,3633,23,images/23/3633.png
3633,3634,23,images/23/3634.png
3634,3635,23,images/23/3635.png
3635,3636,23,images/23/3636.png
3636,3637,23,images/23/3637.png
3637,3638,23,images/23/3638.png
3638,3639,23,images/23/3639.png
3639,3640,23,images/23/3640.png
3640,3641,23,images/23/3641.png
3641,3642,23,images/23/3642.png
3642,3643,23,images/23/3643.png
3643,3644,23,images/23/3644.png
3644,3645,23,images/23/3645.png
3645,3646,23,images/23/3646.png
3646,3647,23,images/23/3647.png
3647,3648,23,images/23/3648.png
3648,3649,23,images/23/3649.png
3649,3650,23,images/23/3650.png
3650,3651,23,images/23/3651.png
3651,3652,23,images/23/3652.png
3652,3653,23,images/23/3653.png
3653,3654,23,images/23/3654.png
3654,3655,23,images/23/3655.png
3655,3656,23,images/23/3656.png
3656,3657,23,images/23/3657.png
3657,3658,23,images/23/3658.png
3658,3659,23,images/23/3659.png
3659,3660,23,images/23/3660.png
3660,3661,23,images/23/3661.png
3661,3662,23,images/23/3662.png
3662,3663,23,images/23/3663.png
3663,3664,23,images/23/3664.png
3664,3665,23,images/23/3665.png
3665,3666,23,images/23/3666.png
3666,3667,23,images/23/3667.png
3667,3668,23,images/23/3668.png
3668,3669,23,images/23/3669.png
3669,3670,23,images/23/3670.png
3670,3671,23,images/23/3671.png
3671,3672,23,images/23/3672.png
3672,3673,23,images/23/3673.png
3673,3674,23,images/23/3674.png
3674,3675,23,images/23/3675.png
3675,3676,23,images/23/3676.png
3676,3677,23,images/23/3677.png
3677,3678,23,images/23/3678.png
3678,3679,23,images/23/3679.png
3679,3680,23,images/23/3680.png
3680,3681,23,images/23/3681.png
3681,3682,23,images/23/3682.png
3682,3683,23,images/23/3683.png
3683,3684,23,images/23/3684.png
3684,3685,23,images/23/3685.png
3685,3686,23,images/23/3686.png
3686,3687,23,images/23/3687.png
3687,3688,23,images/23/3688.png
3688,3689,23,images/23/3689.png
3689,3690,23,images/23/3690.png
3690,3691,23,images/23/3691.png
3691,3692,23,images/23/3692.png
3692,3693,23,images/23/3693.png
3693,3694,23,images/23/3694.png
3694,3695,23,images/23/3695.png
3695,3696,23,images/23/3696.png
3696,3697,23,images/23/3697.png
3697,3698,23,images/23/3698.png
3698,3699,23,images/23/3699.png
3699,3700,23,images/23/3700.png
3700,3701,23,images/23/3701.png
3701,3702,23,images/23/3702.png
3702,3703,23,images/23/3703.png
3703,3704,23,images/23/3704.png
3704,3705,23,images/23/3705.png
3705,3706,23,images/23/3706.png
3706,3707,23,images/23/3707.png
3707,3708,23,images/23/3708.png
3708,3709,23,images/23/3709.png
3709,3710,23,images/23/3710.png
3710,3711,23,images/23/3711.png
3711,3712,23,images/23/3712.png
3712,3713,23,images/23/3713.png
3713,3714,23,images/23/3714.png
3714,3715,23,images/23/3715.png
3715,3716,23,images/23/3716.png
3716,3717,23,images/23/3717.png
3717,3718,23,images/23/3718.png
3718,3719,23,images/23/3719.png
3719,3720,23,images/23/3720.png
3720,3721,23,images/23/3721.png
3721,3722,23,images/23/3722.png
3722,3723,23,images/23/3723.png
3723,3724,23,images/23/3724.png
3724,3725,23,images/23/3725.png
3725,3726,23,images/23/3726.png
3726,3727,23,images/23/3727.png
3727,3728,23,images/23/3728.png
3728,3729,23,images/23/3729.png
3729,3730,23,images/23/3730.png
3730,3731,23,images/23/3731.png
3731,3732,23,images/23/3732.png
3732,3733,23,images/23/3733.png
3733,3734,23,images/23/3734.png
3734,3735,23,images/23/3735.png
3735,3736,23,images/23/3736.png
3736,3737,23,images/23/3737.png
3737,3738,23,images/23/3738.png
3738,3739,23,images/23/3739.png
3739,3740,23,images/23/3740.png
3740,3741,23,images/23/3741.png
3741,3742,23,images/23/3742.png
3742,3743,23,images/23/3743.png
3743,3744,23,images/23/3744.png
3744,3745,23,images/23/3745.png
3745,3746,23,images/23/3746.png
3746,3747,23,images/23/3747.png
3747,3748,23,images/23/3748.png
3748,3749,23,images/23/3749.png
3749,3750,23,images/23/3750.png
3750,3751,23,images/23/3751.png
3751,3752,23,images/23/3752.png
3752,3753,23,images/23/3753.png
3753,3754,23,images/23/3754.png
3754,3755,23,images/23/3755.png
3755,3756,23,images/23/3756.png
3756,3757,23,images/23/3757.png
3757,3758,23,images/23/3758.png
3758,3759,23,images/23/3759.png
3759,3760,23,images/23/3760.png
3760,3761,23,images/23/3761.png
3761,3762,23,images/23/3762.png
3762,3763,23,images/23/3763.png
3763,3764,23,images/23/3764.png
3764,3765,23,images/23/3765.png
3765,3766,23,images/23/3766.png
3766,3767,23,images/23/3767.png
3767,3768,23,images/23/3768.png
3768,3769,23,images/23/3769.png
3769,3770,23,images/23/3770.png
3770,3771,23,images/23/3771.png
3771,3772,23,images/23/3772.png
3772,3773,23,images/23/3773.png
3773,3774,23,images/23/3774.png
3774,3775,23,images/23/3775.png
3775,3776,23,images/23/3776.png
3776,3777,23,images/23/3777.png
3777,3778,23,images/23/3778.png
3778,3779,23,images/23/3779.png
3779,3780,23,images/23/3780.png
3780,3781,23,images/23/3781.png
3781,3782,23,images/23/3782.png
3782,3783,23,images/23/3783.png
3783,3784,23,images/23/3784.png
3784,3785,23,images/23/3785.png
3785,3786,23,images/23/3786.png
3786,3787,23,images/23/3787.png
3787,3788,23,images/23/3788.png
3788,3789,23,images/23/3789.png
3789,3790,23,images/23/3790.png
3790,3791,23,images/23/3791.png
3791,3792,23,images/23/3792.png
3792,3793,23,images/23/3793.png
3793,3794,23,images/23/3794.png
3794,3795,23,images/23/3795.png
3795,3796,23,images/23/3796.png
3796,3797,23,images/23/3797.png
3797,3798,23,images/23/3798.png
3798,3799,23,images/23/3799.png
3799,3800,23,images/23/3800.png
3800,3801,23,images/23/3801.png
3801,3802,23,images/23/3802.png
3802,3803,23,images/23/3803.png
3803,3804,23,images/23/3804.png
3804,3805,23,images/23/3805.png
3805,3806,23,images/23/3806.png
3806,3807,23,images/23/3807.png
3807,3808,23,images/23/3808.png
3808,3809,23,images/23/3809.png
3809,3810,23,images/23/3810.png
3810,3811,23,images/23/3811.png
3811,3812,23,images/23/3812.png
3812,3813,23,images/23/3813.png
3813,3814,23,images/23/3814.png
3814,3815,23,images/23/3815.png
3815,3816,23,images/23/3816.png
3816,3817,23,images/23/3817.png
3817,3818,23,images/23/3818.png
3818,3819,23,images/23/3819.png
3819,3820,23,images/23/3820.png
3820,3821,23,images/23/3821.png
3821,3822,23,images/23/3822.png
3822,3823,23,images/23/3823.png
3823,3824,23,images/23/3824.png
3824,3825,23,images/23/3825.png
3825,3826,23,images/23/3826.png
3826,3827,23,images/23/3827.png
3827,3828,23,images/23/3828.png
3828,3829,23,images/23/3829.png
3829,3830,23,images/23/3830.png
3830,3831,23,images/23/3831.png
3831,3832,23,images/23/3832.png
3832,3833,23,images/23/3833.png
3833,3834,23,images/23/3834.png
3834,3835,23,images/23/3835.png
3835,3836,23,images/23/3836.png
3836,3837,23,images/23/3837.png
3837,3838,23,images/23/3838.png
3838,3839,23,images/23/3839.png
3839,3840,23,images/23/3840.png
3840,3841,23,images/23/3841.png
3841,3842,23,images/23/3842.png
3842,3843,23,images/23/3843.png
3843,3844,23,images/23/3844.png
3844,3845,23,images/23/3845.png
3845,3846,23,images/23/3846.png
3846,3847,23,images/23/3847.png
3847,3848,23,images/23/3848.png
3848,3849,23,images/23/3849.png
3849,3850,23,images/23/3850.png
3850,3851,23,images/23/3851.png
3851,3852,23,images/23/3852.png
3852,3853,23,images/23/3853.png
3853,3854,23,images/23/3854.png
3854,3855,23,images/23/3855.png
3855,3856,23,images/23/3856.png
3856,3857,23,images/23/3857.png
3857,3858,23,images/23/3858.png
3858,3859,23,images/23/3859.png
3859,3860,23,images/23/3860.png
3860,3861,23,images/23/3861.png
3861,3862,23,images/23/3862.png
3862,3863,23,images/23/3863.png
3863,3864,23,images/23/3864.png
3864,3865,23,images/23/3865.png
3865,3866,23,images/23/3866.png
3866,3867,23,images/23/3867.png
3867,3868,23,images/23/3868.png
3868,3869,23,images/23/3869.png
3869,3870,23,images/23/3870.png
3870,3871,23,images/23/3871.png
3871,3872,23,images/23/3872.png
3872,3873,23,images/23/3873.png
3873,3874,23,images/23/3874.png
3874,3875,23,images/23/3875.png
3875,3876,23,images/23/3876.png
3876,3877,23,images/23/3877.png
3877,3878,23,images/23/3878.png
3878,3879,23,images/23/3879.png
3879,3880,23,images/23/3880.png
3880,3881,23,images/23/3881.png
3881,3882,23,images/23/3882.png
3882,3883,23,images/23/3883.png
3883,3884,23,images/23/3884.png
3884,3885,23,images/23/3885.png
3885,3886,23,images/23/3886.png
3886,3887,23,images/23/3887.png
3887,3888,23,images/23/3888.png
3888,3889,23,images/23/3889.png
3889,3890,23,images/23/3890.png
3890,3891,23,images/23/3891.png
3891,3892,23,images/23/3892.png
3892,3893,23,images/23/3893.png
3893,3894,23,images/23/3894.png
3894,3895,23,images/23/3895.png
3895,3896,23,images/23/3896.png
3896,3897,23,images/23/3897.png
3897,3898,23,images/23/3898.png
3898,3899,23,images/23/3899.png
3899,3900,23,images/23/3900.png
3900,3901,23,images/23/3901.png
3901,3902,23,images/23/3902.png
3902,3903,23,images/23/3903.png
3903,3904,23,images/23/3904.png
3904,3905,23,images/23/3905.png
3905,3906,23,images/23/3906.png
3906,3907,23,images/23/3907.png
3907,3908,23,images/23/3908.png
3908,3909,23,images/23/3909.png
3909,3910,23,images/23/3910.png
3910,3911,23,images/23/3911.png
3911,3912,23,images/23/3912.png
3912,3913,23,images/23/3913.png
3913,3914,23,images/23/3914.png
3914,3915,23,images/23/3915.png
3915,3916,23,images/23/3916.png
3916,3917,23,images/23/3917.png
3917,3918,23,images/23/3918.png
3918,3919,23,images/23/3919.png
3919,3920,23,images/23/3920.png
3920,3921,23,images/23/3921.png
3921,3922,23,images/23/3922.png
3922,3923,23,images/23/3923.png
3923,3924,23,images/23/3924.png
3924,3925,23,images/23/3925.png
3925,3926,23,images/23/3926.png
3926,3927,23,images/23/3927.png
3927,3928,23,images/23/3928.png
3928,3929,23,images/23/3929.png
3929,3930,23,images/23/3930.png
3930,3931,23,images/23/3931.png
3931,3932,23,images/23/3932.png
3932,3933,23,images/23/3933.png
3933,3934,23,images/23/3934.png
3934,3935,23,images/23/3935.png
3935,3936,23,images/23/3936.png
3936,3937,23,images/23/3937.png
3937,3938,23,images/23/3938.png
3938,3939,23,images/23/3939.png
3939,3940,23,images/23/3940.png
3940,3941,23,images/23/3941.png
3941,3942,23,images/23/3942.png
3942,3943,23,images/23/3943.png
3943,3944,23,images/23/3944.png
3944,3945,23,images/23/3945.png
3945,3946,23,images/23/3946.png
3946,3947,23,images/23/3947.png
3947,3948,23,images/23/3948.png
3948,3949,23,images/23/3949.png
3949,3950,23,images/23/3950.png
3950,3951,23,images/23/3951.png
3951,3952,23,images/23/3952.png
3952,3953,23,images/23/3953.png
3953,3954,23,images/23/3954.png
3954,3955,23,images/23/3955.png
3955,3956,23,images/23/3956.png
3956,3957,23,images/23/3957.png
3957,3958,23,images/23/3958.png
3958,3959,23,images/23/3959.png
3959,3960,23,images/23/3960.png
3960,3961,23,images/23/3961.png
3961,3962,23,images/23/3962.png
3962,3963,23,images/23/3963.png
3963,3964,23,images/23/3964.png
3964,3965,23,images/23/3965.png
3965,3966,23,images/23/3966.png
3966,3967,23,images/23/3967.png
3967,3968,23,images/23/3968.png
3968,3969,23,images/23/3969.png
3969,3970,23,images/23/3970.png
3970,3971,23,images/23/3971.png
3971,3972,23,images/23/3972.png
3972,3973,23,images/23/3973.png
3973,3974,23,images/23/3974.png
3974,3975,23,images/23/3975.png
3975,3976,23,images/23/3976.png
3976,3977,23,images/23/3977.png
3977,3978,23,images/23/3978.png
3978,3979,23,images/23/3979.png
3979,3980,23,images/23/3980.png
3980,3981,23,images/23/3981.png
3981,3982,23,images/23/3982.png
3982,3983,23,images/23/3983.png
3983,3984,23,images/23/3984.png
3984,3985,23,images/23/3985.png
3985,3986,23,images/23/3986.png
3986,3987,23,images/23/3987.png
3987,3988,23,images/23/3988.png
3988,3989,23,images/23/3989.png
3989,3990,23,images/23/3990.png
3990,3991,23,images/23/3991.png
3991,3992,23,images/23/3992.png
3992,3993,23,images/23/3993.png
3993,3994,23,images/23/3994.png
3994,3995,23,images/23/3995.png
3995,3996,23,images/23/3996.png
3996,3997,23,images/23/3997.png
3997,3998,23,images/23/3998.png
3998,3999,23,images/23/3999.png
3999,4000,23,images/23/4000.png
4000,4001,23,images/23/4001.png
4001,4002,23,images/23/4002.png
4002,4003,23,images/23/4003.png
4003,4004,23,images/23/4004.png
4004,4005,23,images/23/4005.png
4005,4006,23,images/23/4006.png
4006,4007,23,images/23/4007.png
4007,4008,23,images/23/4008.png
4008,4009,23,images/23/4009.png
4009,4010,23,images/23/4010.png
4010,4011,23,images/23/4011.png
4011,4012,23,images/23/4012.png
4012,4013,23,images/23/4013.png
4013,4014,23,images/23/4014.png
4014,4015,23,images/23/4015.png
4015,4016,23,images/23/4016.png
4016,4017,23,images/23/4017.png
4017,4018,23,images/23/4018.png
4018,4019,23,images/23/4019.png
4019,4020,23,images/23/4020.png
4020,4021,23,images/23/4021.png
4021,4022,23,images/23/4022.png
4022,4023,23,images/23/4023.png
4023,4024,23,images/23/4024.png
4024,4025,23,images/23/4025.png
4025,4026,23,images/23/4026.png
4026,4027,23,images/23/4027.png
4027,4028,23,images/23/4028.png
4028,4029,23,images/23/4029.png
4029,4030,23,images/23/4030.png
4030,4031,23,images/23/4031.png
4031,4032,23,images/23/4032.png
4032,4033,23,images/23/4033.png
4033,4034,23,images/23/4034.png
4034,4035,23,images/23/4035.png
4035,4036,23,images/23/4036.png
4036,4037,23,images/23/4037.png
4037,4038,23,images/23/4038.png
4038,4039,23,images/23/4039.png
4039,4040,23,images/23/4040.png
4040,4041,23,images/23/4041.png
4041,4042,23,images/23/4042.png
4042,4043,23,images/23/4043.png
4043,4044,23,images/23/4044.png
4044,4045,23,images/23/4045.png
4045,4046,23,images/23/4046.png
4046,4047,23,images/23/4047.png
4047,4048,23,images/23/4048.png
4048,4049,23,images/23/4049.png
4049,4050,23,images/23/4050.png
4050,4051,23,images/23/4051.png
4051,4052,23,images/23/4052.png
4052,4053,23,images/23/4053.png
4053,4054,23,images/23/4054.png
4054,4055,23,images/23/4055.png
4055,4056,23,images/23/4056.png
4056,4057,23,images/23/4057.png
4057,4058,23,images/23/4058.png
4058,4059,23,images/23/4059.png
4059,4060,23,images/23/4060.png
4060,4061,23,images/23/4061.png
4061,4062,23,images/23/4062.png
4062,4063,23,images/23/4063.png
4063,4064,23,images/23/4064.png
4064,4065,23,images/23/4065.png
4065,4066,23,images/23/4066.png
4066,4067,23,images/23/4067.png
4067,4068,23,images/23/4068.png
4068,4069,23,images/23/4069.png
4069,4070,23,images/23/4070.png
4070,4071,23,images/23/4071.png
4071,4072,23,images/23/4072.png
4072,4073,23,images/23/4073.png
4073,4074,23,images/23/4074.png
4074,4075,23,images/23/4075.png
4075,4076,23,images/23/4076.png
4076,4077,23,images/23/4077.png
4077,4078,23,images/23/4078.png
4078,4079,23,images/23/4079.png
4079,4080,23,images/23/4080.png
4080,4081,23,images/23/4081.png
4081,4082,23,images/23/4082.png
4082,4083,23,images/23/4083.png
4083,4084,23,images/23/4084.png
4084,4085,23,images/23/4085.png
4085,4086,23,images/23/4086.png
4086,4087,23,images/23/4087.png
4087,4088,23,images/23/4088.png
4088,4089,23,images/23/4089.png
4089,4090,23,images/23/4090.png
4090,4091,23,images/23/4091.png
4091,4092,23,images/23/4092.png
4092,4093,24,images/24/4093.png
4093,4094,24,images/24/4094.png
4094,4095,24,images/24/4095.png
4095,4096,24,images/24/4096.png
4096,4097,24,images/24/4097.png
4097,4098,24,images/24/4098.png
4098,4099,24,images/24/4099.png
4099,4100,24,images/24/4100.png
4100,4101,24,images/24/4101.png
4101,4102,24,images/24/4102.png
4102,4103,24,images/24/4103.png
4103,4104,24,images/24/4104.png
4104,4105,24,images/24/4105.png
4105,4106,24,images/24/4106.png
4106,4107,24,images/24/4107.png
4107,4108,24,images/24/4108.png
4108,4109,24,images/24/4109.png
4109,4110,24,images/24/4110.png
4110,4111,24,images/24/4111.png
4111,4112,24,images/24/4112.png
4112,4113,24,images/24/4113.png
4113,4114,24,images/24/4114.png
4114,4115,24,images/24/4115.png
4115,4116,24,images/24/4116.png
4116,4117,24,images/24/4117.png
4117,4118,24,images/24/4118.png
4118,4119,24,images/24/4119.png
4119,4120,24,images/24/4120.png
4120,4121,24,images/24/4121.png
4121,4122,24,images/24/4122.png
4122,4123,24,images/24/4123.png
4123,4124,24,images/24/4124.png
4124,4125,24,images/24/4125.png
4125,4126,24,images/24/4126.png
4126,4127,24,images/24/4127.png
4127,4128,24,images/24/4128.png
4128,4129,24,images/24/4129.png
4129,4130,24,images/24/4130.png
4130,4131,24,images/24/4131.png
4131,4132,24,images/24/4132.png
4132,4133,24,images/24/4133.png
4133,4134,24,images/24/4134.png
4134,4135,24,images/24/4135.png
4135,4136,24,images/24/4136.png
4136,4137,24,images/24/4137.png
4137,4138,24,images/24/4138.png
4138,4139,24,images/24/4139.png
4139,4140,24,images/24/4140.png
4140,4141,24,images/24/4141.png
4141,4142,24,images/24/4142.png
4142,4143,24,images/24/4143.png
4143,4144,24,images/24/4144.png
4144,4145,24,images/24/4145.png
4145,4146,24,images/24/4146.png
4146,4147,24,images/24/4147.png
4147,4148,24,images/24/4148.png
4148,4149,24,images/24/4149.png
4149,4150,24,images/24/4150.png
4150,4151,24,images/24/4151.png
4151,4152,24,images/24/4152.png
4152,4153,24,images/24/4153.png
4153,4154,24,images/24/4154.png
4154,4155,24,images/24/4155.png
4155,4156,24,images/24/4156.png
4156,4157,24,images/24/4157.png
4157,4158,24,images/24/4158.png
4158,4159,24,images/24/4159.png
4159,4160,24,images/24/4160.png
4160,4161,24,images/24/4161.png
4161,4162,24,images/24/4162.png
4162,4163,24,images/24/4163.png
4163,4164,24,images/24/4164.png
4164,4165,24,images/24/4165.png
4165,4166,24,images/24/4166.png
4166,4167,24,images/24/4167.png
4167,4168,24,images/24/4168.png
4168,4169,24,images/24/4169.png
4169,4170,24,images/24/4170.png
4170,4171,24,images/24/4171.png
4171,4172,24,images/24/4172.png
4172,4173,24,images/24/4173.png
4173,4174,24,images/24/4174.png
4174,4175,24,images/24/4175.png
4175,4176,24,images/24/4176.png
4176,4177,24,images/24/4177.png
4177,4178,24,images/24/4178.png
4178,4179,24,images/24/4179.png
4179,4180,24,images/24/4180.png
4180,4181,24,images/24/4181.png
4181,4182,24,images/24/4182.png
4182,4183,24,images/24/4183.png
4183,4184,24,images/24/4184.png
4184,4185,24,images/24/4185.png
4185,4186,24,images/24/4186.png
4186,4187,24,images/24/4187.png
4187,4188,24,images/24/4188.png
4188,4189,24,images/24/4189.png
4189,4190,24,images/24/4190.png
4190,4191,24,images/24/4191.png
4191,4192,24,images/24/4192.png
4192,4193,24,images/24/4193.png
4193,4194,24,images/24/4194.png
4194,4195,24,images/24/4195.png
4195,4196,24,images/24/4196.png
4196,4197,24,images/24/4197.png
4197,4198,24,images/24/4198.png
4198,4199,24,images/24/4199.png
4199,4200,24,images/24/4200.png
4200,4201,24,images/24/4201.png
4201,4202,24,images/24/4202.png
4202,4203,24,images/24/4203.png
4203,4204,24,images/24/4204.png
4204,4205,24,images/24/4205.png
4205,4206,24,images/24/4206.png
4206,4207,24,images/24/4207.png
4207,4208,24,images/24/4208.png
4208,4209,24,images/24/4209.png
4209,4210,24,images/24/4210.png
4210,4211,24,images/24/4211.png
4211,4212,24,images/24/4212.png
4212,4213,24,images/24/4213.png
4213,4214,24,images/24/4214.png
4214,4215,24,images/24/4215.png
4215,4216,24,images/24/4216.png
4216,4217,24,images/24/4217.png
4217,4218,24,images/24/4218.png
4218,4219,24,images/24/4219.png
4219,4220,24,images/24/4220.png
4220,4221,24,images/24/4221.png
4221,4222,24,images/24/4222.png
4222,4223,24,images/24/4223.png
4223,4224,24,images/24/4224.png
4224,4225,24,images/24/4225.png
4225,4226,24,images/24/4226.png
4226,4227,24,images/24/4227.png
4227,4228,24,images/24/4228.png
4228,4229,24,images/24/4229.png
4229,4230,24,images/24/4230.png
4230,4231,24,images/24/4231.png
4231,4232,24,images/24/4232.png
4232,4233,24,images/24/4233.png
4233,4234,24,images/24/4234.png
4234,4235,24,images/24/4235.png
4235,4236,24,images/24/4236.png
4236,4237,24,images/24/4237.png
4237,4238,24,images/24/4238.png
4238,4239,24,images/24/4239.png
4239,4240,24,images/24/4240.png
4240,4241,24,images/24/4241.png
4241,4242,24,images/24/4242.png
4242,4243,24,images/24/4243.png
4243,4244,24,images/24/4244.png
4244,4245,24,images/24/4245.png
4245,4246,24,images/24/4246.png
4246,4247,24,images/24/4247.png
4247,4248,24,images/24/4248.png
4248,4249,24,images/24/4249.png
4249,4250,24,images/24/4250.png
4250,4251,24,images/24/4251.png
4251,4252,24,images/24/4252.png
4252,4253,24,images/24/4253.png
4253,4254,24,images/24/4254.png
4254,4255,24,images/24/4255.png
4255,4256,24,images/24/4256.png
4256,4257,24,images/24/4257.png
4257,4258,24,images/24/4258.png
4258,4259,24,images/24/4259.png
4259,4260,24,images/24/4260.png
4260,4261,24,images/24/4261.png
4261,4262,24,images/24/4262.png
4262,4263,24,images/24/4263.png
4263,4264,24,images/24/4264.png
4264,4265,24,images/24/4265.png
4265,4266,24,images/24/4266.png
4266,4267,24,images/24/4267.png
4267,4268,24,images/24/4268.png
4268,4269,24,images/24/4269.png
4269,4270,24,images/24/4270.png
4270,4271,24,images/24/4271.png
4271,4272,24,images/24/4272.png
4272,4273,24,images/24/4273.png
4273,4274,24,images/24/4274.png
4274,4275,24,images/24/4275.png
4275,4276,24,images/24/4276.png
4276,4277,24,images/24/4277.png
4277,4278,24,images/24/4278.png
4278,4279,24,images/24/4279.png
4279,4280,24,images/24/4280.png
4280,4281,24,images/24/4281.png
4281,4282,24,images/24/4282.png
4282,4283,24,images/24/4283.png
4283,4284,24,images/24/4284.png
4284,4285,24,images/24/4285.png
4285,4286,24,images/24/4286.png
4286,4287,24,images/24/4287.png
4287,4288,24,images/24/4288.png
4288,4289,24,images/24/4289.png
4289,4290,24,images/24/4290.png
4290,4291,24,images/24/4291.png
4291,4292,24,images/24/4292.png
4292,4293,24,images/24/4293.png
4293,4294,24,images/24/4294.png
4294,4295,24,images/24/4295.png
4295,4296,24,images/24/4296.png
4296,4297,24,images/24/4297.png
4297,4298,24,images/24/4298.png
4298,4299,24,images/24/4299.png
4299,4300,24,images/24/4300.png
4300,4301,24,images/24/4301.png
4301,4302,24,images/24/4302.png
4302,4303,24,images/24/4303.png
4303,4304,24,images/24/4304.png
4304,4305,24,images/24/4305.png
4305,4306,24,images/24/4306.png
4306,4307,24,images/24/4307.png
4307,4308,24,images/24/4308.png
4308,4309,24,images/24/4309.png
4309,4310,24,images/24/4310.png
4310,4311,24,images/24/4311.png
4311,4312,24,images/24/4312.png
4312,4313,25,images/25/4313.png
4313,4314,25,images/25/4314.png
4314,4315,25,images/25/4315.png
4315,4316,25,images/25/4316.png
4316,4317,25,images/25/4317.png
4317,4318,25,images/25/4318.png
4318,4319,25,images/25/4319.png
4319,4320,25,images/25/4320.png
4320,4321,25,images/25/4321.png
4321,4322,25,images/25/4322.png
4322,4323,25,images/25/4323.png
4323,4324,25,images/25/4324.png
4324,4325,25,images/25/4325.png
4325,4326,25,images/25/4326.png
4326,4327,25,images/25/4327.png
4327,4328,25,images/25/4328.png
4328,4329,25,images/25/4329.png
4329,4330,25,images/25/4330.png
4330,4331,25,images/25/4331.png
4331,4332,25,images/25/4332.png
4332,4333,25,images/25/4333.png
4333,4334,25,images/25/4334.png
4334,4335,25,images/25/4335.png
4335,4336,25,images/25/4336.png
4336,4337,25,images/25/4337.png
4337,4338,25,images/25/4338.png
4338,4339,25,images/25/4339.png
4339,4340,25,images/25/4340.png
4340,4341,25,images/25/4341.png
4341,4342,25,images/25/4342.png
4342,4343,25,images/25/4343.png
4343,4344,25,images/25/4344.png
4344,4345,25,images/25/4345.png
4345,4346,25,images/25/4346.png
4346,4347,25,images/25/4347.png
4347,4348,25,images/25/4348.png
4348,4349,25,images/25/4349.png
4349,4350,25,images/25/4350.png
4350,4351,25,images/25/4351.png
4351,4352,25,images/25/4352.png
4352,4353,25,images/25/4353.png
4353,4354,25,images/25/4354.png
4354,4355,25,images/25/4355.png
4355,4356,25,images/25/4356.png
4356,4357,25,images/25/4357.png
4357,4358,25,images/25/4358.png
4358,4359,25,images/25/4359.png
4359,4360,25,images/25/4360.png
4360,4361,25,images/25/4361.png
4361,4362,25,images/25/4362.png
4362,4363,25,images/25/4363.png
4363,4364,25,images/25/4364.png
4364,4365,25,images/25/4365.png
4365,4366,25,images/25/4366.png
4366,4367,25,images/25/4367.png
4367,4368,25,images/25/4368.png
4368,4369,25,images/25/4369.png
4369,4370,25,images/25/4370.png
4370,4371,25,images/25/4371.png
4371,4372,25,images/25/4372.png
4372,4373,25,images/25/4373.png
4373,4374,25,images/25/4374.png
4374,4375,25,images/25/4375.png
4375,4376,25,images/25/4376.png
4376,4377,25,images/25/4377.png
4377,4378,25,images/25/4378.png
4378,4379,25,images/25/4379.png
4379,4380,25,images/25/4380.png
4380,4381,25,images/25/4381.png
4381,4382,25,images/25/4382.png
4382,4383,25,images/25/4383.png
4383,4384,25,images/25/4384.png
4384,4385,25,images/25/4385.png
4385,4386,25,images/25/4386.png
4386,4387,25,images/25/4387.png
4387,4388,25,images/25/4388.png
4388,4389,25,images/25/4389.png
4389,4390,25,images/25/4390.png
4390,4391,25,images/25/4391.png
4391,4392,25,images/25/4392.png
4392,4393,25,images/25/4393.png
4393,4394,25,images/25/4394.png
4394,4395,25,images/25/4395.png
4395,4396,25,images/25/4396.png
4396,4397,25,images/25/4397.png
4397,4398,25,images/25/4398.png
4398,4399,25,images/25/4399.png
4399,4400,25,images/25/4400.png
4400,4401,25,images/25/4401.png
4401,4402,25,images/25/4402.png
4402,4403,25,images/25/4403.png
4403,4404,25,images/25/4404.png
4404,4405,25,images/25/4405.png
4405,4406,25,images/25/4406.png
4406,4407,25,images/25/4407.png
4407,4408,25,images/25/4408.png
4408,4409,25,images/25/4409.png
4409,4410,25,images/25/4410.png
4410,4411,25,images/25/4411.png
4411,4412,25,images/25/4412.png
4412,4413,25,images/25/4413.png
4413,4414,25,images/25/4414.png
4414,4415,25,images/25/4415.png
4415,4416,25,images/25/4416.png
4416,4417,25,images/25/4417.png
4417,4418,25,images/25/4418.png
4418,4419,25,images/25/4419.png
4419,4420,25,images/25/4420.png
4420,4421,25,images/25/4421.png
4421,4422,25,images/25/4422.png
4422,4423,25,images/25/4423.png
4423,4424,25,images/25/4424.png
4424,4425,25,images/25/4425.png
4425,4426,25,images/25/4426.png
4426,4427,25,images/25/4427.png
4427,4428,25,images/25/4428.png
4428,4429,25,images/25/4429.png
4429,4430,25,images/25/4430.png
4430,4431,25,images/25/4431.png
4431,4432,25,images/25/4432.png
4432,4433,25,images/25/4433.png
4433,4434,25,images/25/4434.png
4434,4435,25,images/25/4435.png
4435,4436,25,images/25/4436.png
4436,4437,25,images/25/4437.png
4437,4438,25,images/25/4438.png
4438,4439,25,images/25/4439.png
4439,4440,25,images/25/4440.png
4440,4441,25,images/25/4441.png
4441,4442,25,images/25/4442.png
4442,4443,25,images/25/4443.png
4443,4444,25,images/25/4444.png
4444,4445,25,images/25/4445.png
4445,4446,25,images/25/4446.png
4446,4447,25,images/25/4447.png
4447,4448,25,images/25/4448.png
4448,4449,25,images/25/4449.png
4449,4450,25,images/25/4450.png
4450,4451,25,images/25/4451.png
4451,4452,25,images/25/4452.png
4452,4453,25,images/25/4453.png
4453,4454,25,images/25/4454.png
4454,4455,25,images/25/4455.png
4455,4456,25,images/25/4456.png
4456,4457,25,images/25/4457.png
4457,4458,25,images/25/4458.png
4458,4459,25,images/25/4459.png
4459,4460,25,images/25/4460.png
4460,4461,25,images/25/4461.png
4461,4462,25,images/25/4462.png
4462,4463,25,images/25/4463.png
4463,4464,25,images/25/4464.png
4464,4465,25,images/25/4465.png
4465,4466,25,images/25/4466.png
4466,4467,25,images/25/4467.png
4467,4468,25,images/25/4468.png
4468,4469,25,images/25/4469.png
4469,4470,25,images/25/4470.png
4470,4471,25,images/25/4471.png
4471,4472,25,images/25/4472.png
4472,4473,25,images/25/4473.png
4473,4474,25,images/25/4474.png
4474,4475,25,images/25/4475.png
4475,4476,25,images/25/4476.png
4476,4477,25,images/25/4477.png
4477,4478,25,images/25/4478.png
4478,4479,25,images/25/4479.png
4479,4480,25,images/25/4480.png
4480,4481,25,images/25/4481.png
4481,4482,25,images/25/4482.png
4482,4483,25,images/25/4483.png
4483,4484,25,images/25/4484.png
4484,4485,25,images/25/4485.png
4485,4486,25,images/25/4486.png
4486,4487,25,images/25/4487.png
4487,4488,25,images/25/4488.png
4488,4489,25,images/25/4489.png
4489,4490,25,images/25/4490.png
4490,4491,25,images/25/4491.png
4491,4492,25,images/25/4492.png
4492,4493,25,images/25/4493.png
4493,4494,25,images/25/4494.png
4494,4495,25,images/25/4495.png
4495,4496,25,images/25/4496.png
4496,4497,25,images/25/4497.png
4497,4498,25,images/25/4498.png
4498,4499,25,images/25/4499.png
4499,4500,25,images/25/4500.png
4500,4501,25,images/25/4501.png
4501,4502,25,images/25/4502.png
4502,4503,25,images/25/4503.png
4503,4504,25,images/25/4504.png
4504,4505,25,images/25/4505.png
4505,4506,25,images/25/4506.png
4506,4507,25,images/25/4507.png
4507,4508,25,images/25/4508.png
4508,4509,25,images/25/4509.png
4509,4510,25,images/25/4510.png
4510,4511,25,images/25/4511.png
4511,4512,25,images/25/4512.png
4512,4513,25,images/25/4513.png
4513,4514,25,images/25/4514.png
4514,4515,25,images/25/4515.png
4515,4516,25,images/25/4516.png
4516,4517,25,images/25/4517.png
4517,4518,25,images/25/4518.png
4518,4519,25,images/25/4519.png
4519,4520,25,images/25/4520.png
4520,4521,25,images/25/4521.png
4521,4522,25,images/25/4522.png
4522,4523,25,images/25/4523.png
4523,4524,25,images/25/4524.png
4524,4525,25,images/25/4525.png
4525,4526,25,images/25/4526.png
4526,4527,25,images/25/4527.png
4527,4528,25,images/25/4528.png
4528,4529,25,images/25/4529.png
4529,4530,25,images/25/4530.png
4530,4531,25,images/25/4531.png
4531,4532,25,images/25/4532.png
4532,4533,25,images/25/4533.png
4533,4534,25,images/25/4534.png
4534,4535,25,images/25/4535.png
4535,4536,25,images/25/4536.png
4536,4537,25,images/25/4537.png
4537,4538,25,images/25/4538.png
4538,4539,25,images/25/4539.png
4539,4540,25,images/25/4540.png
4540,4541,25,images/25/4541.png
4541,4542,25,images/25/4542.png
4542,4543,25,images/25/4543.png
4543,4544,25,images/25/4544.png
4544,4545,25,images/25/4545.png
4545,4546,25,images/25/4546.png
4546,4547,25,images/25/4547.png
4547,4548,25,images/25/4548.png
4548,4549,25,images/25/4549.png
4549,4550,25,images/25/4550.png
4550,4551,25,images/25/4551.png
4551,4552,25,images/25/4552.png
4552,4553,25,images/25/4553.png
4553,4554,25,images/25/4554.png
4554,4555,25,images/25/4555.png
4555,4556,25,images/25/4556.png
4556,4557,25,images/25/4557.png
4557,4558,25,images/25/4558.png
4558,4559,25,images/25/4559.png
4559,4560,25,images/25/4560.png
4560,4561,25,images/25/4561.png
4561,4562,25,images/25/4562.png
4562,4563,25,images/25/4563.png
4563,4564,25,images/25/4564.png
4564,4565,25,images/25/4565.png
4565,4566,25,images/25/4566.png
4566,4567,25,images/25/4567.png
4567,4568,25,images/25/4568.png
4568,4569,25,images/25/4569.png
4569,4570,25,images/25/4570.png
4570,4571,25,images/25/4571.png
4571,4572,25,images/25/4572.png
4572,4573,25,images/25/4573.png
4573,4574,25,images/25/4574.png
4574,4575,25,images/25/4575.png
4575,4576,25,images/25/4576.png
4576,4577,25,images/25/4577.png
4577,4578,25,images/25/4578.png
4578,4579,25,images/25/4579.png
4579,4580,25,images/25/4580.png
4580,4581,25,images/25/4581.png
4581,4582,25,images/25/4582.png
4582,4583,25,images/25/4583.png
4583,4584,25,images/25/4584.png
4584,4585,25,images/25/4585.png
4585,4586,25,images/25/4586.png
4586,4587,25,images/25/4587.png
4587,4588,25,images/25/4588.png
4588,4589,25,images/25/4589.png
4589,4590,25,images/25/4590.png
4590,4591,25,images/25/4591.png
4591,4592,25,images/25/4592.png
4592,4593,25,images/25/4593.png
4593,4594,25,images/25/4594.png
4594,4595,25,images/25/4595.png
4595,4596,25,images/25/4596.png
4596,4597,25,images/25/4597.png
4597,4598,25,images/25/4598.png
4598,4599,25,images/25/4599.png
4599,4600,25,images/25/4600.png
4600,4601,25,images/25/4601.png
4601,4602,25,images/25/4602.png
4602,4603,25,images/25/4603.png
4603,4604,25,images/25/4604.png
4604,4605,25,images/25/4605.png
4605,4606,25,images/25/4606.png
4606,4607,25,images/25/4607.png
4607,4608,25,images/25/4608.png
4608,4609,25,images/25/4609.png
4609,4610,25,images/25/4610.png
4610,4611,25,images/25/4611.png
4611,4612,25,images/25/4612.png
4612,4613,25,images/25/4613.png
4613,4614,25,images/25/4614.png
4614,4615,25,images/25/4615.png
4615,4616,25,images/25/4616.png
4616,4617,25,images/25/4617.png
4617,4618,25,images/25/4618.png
4618,4619,25,images/25/4619.png
4619,4620,25,images/25/4620.png
4620,4621,25,images/25/4621.png
4621,4622,25,images/25/4622.png
4622,4623,25,images/25/4623.png
4623,4624,25,images/25/4624.png
4624,4625,25,images/25/4625.png
4625,4626,25,images/25/4626.png
4626,4627,25,images/25/4627.png
4627,4628,25,images/25/4628.png
4628,4629,25,images/25/4629.png
4629,4630,25,images/25/4630.png
4630,4631,25,images/25/4631.png
4631,4632,25,images/25/4632.png
4632,4633,25,images/25/4633.png
4633,4634,25,images/25/4634.png
4634,4635,25,images/25/4635.png
4635,4636,25,images/25/4636.png
4636,4637,25,images/25/4637.png
4637,4638,25,images/25/4638.png
4638,4639,25,images/25/4639.png
4639,4640,26,images/26/4640.png
4640,4641,26,images/26/4641.png
4641,4642,26,images/26/4642.png
4642,4643,26,images/26/4643.png
4643,4644,26,images/26/4644.png
4644,4645,26,images/26/4645.png
4645,4646,26,images/26/4646.png
4646,4647,26,images/26/4647.png
4647,4648,26,images/26/4648.png
4648,4649,26,images/26/4649.png
4649,4650,26,images/26/4650.png
4650,4651,26,images/26/4651.png
4651,4652,26,images/26/4652.png
4652,4653,26,images/26/4653.png
4653,4654,26,images/26/4654.png
4654,4655,26,images/26/4655.png
4655,4656,26,images/26/4656.png
4656,4657,26,images/26/4657.png
4657,4658,26,images/26/4658.png
4658,4659,26,images/26/4659.png
4659,4660,26,images/26/4660.png
4660,4661,26,images/26/4661.png
4661,4662,26,images/26/4662.png
4662,4663,26,images/26/4663.png
4663,4664,26,images/26/4664.png
4664,4665,26,images/26/4665.png
4665,4666,26,images/26/4666.png
4666,4667,26,images/26/4667.png
4667,4668,26,images/26/4668.png
4668,4669,26,images/26/4669.png
4669,4670,26,images/26/4670.png
4670,4671,26,images/26/4671.png
4671,4672,26,images/26/4672.png
4672,4673,26,images/26/4673.png
4673,4674,26,images/26/4674.png
4674,4675,26,images/26/4675.png
4675,4676,26,images/26/4676.png
4676,4677,26,images/26/4677.png
4677,4678,26,images/26/4678.png
4678,4679,26,images/26/4679.png
4679,4680,26,images/26/4680.png
4680,4681,26,images/26/4681.png
4681,4682,26,images/26/4682.png
4682,4683,26,images/26/4683.png
4683,4684,26,images/26/4684.png
4684,4685,26,images/26/4685.png
4685,4686,26,images/26/4686.png
4686,4687,26,images/26/4687.png
4687,4688,26,images/26/4688.png
4688,4689,26,images/26/4689.png
4689,4690,26,images/26/4690.png
4690,4691,26,images/26/4691.png
4691,4692,26,images/26/4692.png
4692,4693,26,images/26/4693.png
4693,4694,26,images/26/4694.png
4694,4695,26,images/26/4695.png
4695,4696,26,images/26/4696.png
4696,4697,26,images/26/4697.png
4697,4698,26,images/26/4698.png
4698,4699,26,images/26/4699.png
4699,4700,26,images/26/4700.png
4700,4701,26,images/26/4701.png
4701,4702,26,images/26/4702.png
4702,4703,26,images/26/4703.png
4703,4704,26,images/26/4704.png
4704,4705,26,images/26/4705.png
4705,4706,26,images/26/4706.png
4706,4707,26,images/26/4707.png
4707,4708,26,images/26/4708.png
4708,4709,26,images/26/4709.png
4709,4710,26,images/26/4710.png
4710,4711,26,images/26/4711.png
4711,4712,26,images/26/4712.png
4712,4713,26,images/26/4713.png
4713,4714,26,images/26/4714.png
4714,4715,26,images/26/4715.png
4715,4716,26,images/26/4716.png
4716,4717,26,images/26/4717.png
4717,4718,26,images/26/4718.png
4718,4719,26,images/26/4719.png
4719,4720,26,images/26/4720.png
4720,4721,26,images/26/4721.png
4721,4722,26,images/26/4722.png
4722,4723,26,images/26/4723.png
4723,4724,26,images/26/4724.png
4724,4725,26,images/26/4725.png
4725,4726,26,images/26/4726.png
4726,4727,26,images/26/4727.png
4727,4728,26,images/26/4728.png
4728,4729,26,images/26/4729.png
4729,4730,26,images/26/4730.png
4730,4731,26,images/26/4731.png
4731,4732,26,images/26/4732.png
4732,4733,26,images/26/4733.png
4733,4734,26,images/26/4734.png
4734,4735,26,images/26/4735.png
4735,4736,26,images/26/4736.png
4736,4737,26,images/26/4737.png
4737,4738,26,images/26/4738.png
4738,4739,26,images/26/4739.png
4739,4740,26,images/26/4740.png
4740,4741,26,images/26/4741.png
4741,4742,26,images/26/4742.png
4742,4743,26,images/26/4743.png
4743,4744,26,images/26/4744.png
4744,4745,26,images/26/4745.png
4745,4746,26,images/26/4746.png
4746,4747,26,images/26/4747.png
4747,4748,26,images/26/4748.png
4748,4749,26,images/26/4749.png
4749,4750,26,images/26/4750.png
4750,4751,26,images/26/4751.png
4751,4752,26,images/26/4752.png
4752,4753,26,images/26/4753.png
4753,4754,26,images/26/4754.png
4754,4755,26,images/26/4755.png
4755,4756,26,images/26/4756.png
4756,4757,26,images/26/4757.png
4757,4758,26,images/26/4758.png
4758,4759,26,images/26/4759.png
4759,4760,26,images/26/4760.png
4760,4761,26,images/26/4761.png
4761,4762,26,images/26/4762.png
4762,4763,26,images/26/4763.png
4763,4764,26,images/26/4764.png
4764,4765,26,images/26/4765.png
4765,4766,26,images/26/4766.png
4766,4767,26,images/26/4767.png
4767,4768,26,images/26/4768.png
4768,4769,26,images/26/4769.png
4769,4770,26,images/26/4770.png
4770,4771,26,images/26/4771.png
4771,4772,26,images/26/4772.png
4772,4773,26,images/26/4773.png
4773,4774,26,images/26/4774.png
4774,4775,26,images/26/4775.png
4775,4776,26,images/26/4776.png
4776,4777,26,images/26/4777.png
4777,4778,26,images/26/4778.png
4778,4779,26,images/26/4779.png
4779,4780,26,images/26/4780.png
4780,4781,26,images/26/4781.png
4781,4782,26,images/26/4782.png
4782,4783,26,images/26/4783.png
4783,4784,26,images/26/4784.png
4784,4785,26,images/26/4785.png
4785,4786,26,images/26/4786.png
4786,4787,26,images/26/4787.png
4787,4788,26,images/26/4788.png
4788,4789,26,images/26/4789.png
4789,4790,26,images/26/4790.png
4790,4791,26,images/26/4791.png
4791,4792,26,images/26/4792.png
4792,4793,26,images/26/4793.png
4793,4794,26,images/26/4794.png
4794,4795,26,images/26/4795.png
4795,4796,26,images/26/4796.png
4796,4797,26,images/26/4797.png
4797,4798,26,images/26/4798.png
4798,4799,26,images/26/4799.png
4799,4800,26,images/26/4800.png
4800,4801,26,images/26/4801.png
4801,4802,26,images/26/4802.png
4802,4803,26,images/26/4803.png
4803,4804,26,images/26/4804.png
4804,4805,26,images/26/4805.png
4805,4806,26,images/26/4806.png
4806,4807,26,images/26/4807.png
4807,4808,26,images/26/4808.png
4808,4809,26,images/26/4809.png
4809,4810,26,images/26/4810.png
4810,4811,26,images/26/4811.png
4811,4812,26,images/26/4812.png
4812,4813,26,images/26/4813.png
4813,4814,26,images/26/4814.png
4814,4815,26,images/26/4815.png
4815,4816,26,images/26/4816.png
4816,4817,26,images/26/4817.png
4817,4818,26,images/26/4818.png
4818,4819,26,images/26/4819.png
4819,4820,26,images/26/4820.png
4820,4821,26,images/26/4821.png
4821,4822,26,images/26/4822.png
4822,4823,26,images/26/4823.png
4823,4824,26,images/26/4824.png
4824,4825,27,images/27/4825.png
4825,4826,27,images/27/4826.png
4826,4827,27,images/27/4827.png
4827,4828,27,images/27/4828.png
4828,4829,27,images/27/4829.png
4829,4830,27,images/27/4830.png
4830,4831,27,images/27/4831.png
4831,4832,27,images/27/4832.png
4832,4833,27,images/27/4833.png
4833,4834,27,images/27/4834.png
4834,4835,27,images/27/4835.png
4835,4836,27,images/27/4836.png
4836,4837,27,images/27/4837.png
4837,4838,27,images/27/4838.png
4838,4839,27,images/27/4839.png
4839,4840,27,images/27/4840.png
4840,4841,27,images/27/4841.png
4841,4842,27,images/27/4842.png
4842,4843,27,images/27/4843.png
4843,4844,27,images/27/4844.png
4844,4845,27,images/27/4845.png
4845,4846,27,images/27/4846.png
4846,4847,27,images/27/4847.png
4847,4848,27,images/27/4848.png
4848,4849,27,images/27/4849.png
4849,4850,27,images/27/4850.png
4850,4851,27,images/27/4851.png
4851,4852,27,images/27/4852.png
4852,4853,27,images/27/4853.png
4853,4854,27,images/27/4854.png
4854,4855,27,images/27/4855.png
4855,4856,27,images/27/4856.png
4856,4857,27,images/27/4857.png
4857,4858,27,images/27/4858.png
4858,4859,27,images/27/4859.png
4859,4860,27,images/27/4860.png
4860,4861,27,images/27/4861.png
4861,4862,27,images/27/4862.png
4862,4863,27,images/27/4863.png
4863,4864,27,images/27/4864.png
4864,4865,27,images/27/4865.png
4865,4866,27,images/27/4866.png
4866,4867,27,images/27/4867.png
4867,4868,27,images/27/4868.png
4868,4869,27,images/27/4869.png
4869,4870,27,images/27/4870.png
4870,4871,27,images/27/4871.png
4871,4872,27,images/27/4872.png
4872,4873,27,images/27/4873.png
4873,4874,27,images/27/4874.png
4874,4875,27,images/27/4875.png
4875,4876,27,images/27/4876.png
4876,4877,27,images/27/4877.png
4877,4878,27,images/27/4878.png
4878,4879,27,images/27/4879.png
4879,4880,27,images/27/4880.png
4880,4881,27,images/27/4881.png
4881,4882,27,images/27/4882.png
4882,4883,27,images/27/4883.png
4883,4884,27,images/27/4884.png
4884,4885,27,images/27/4885.png
4885,4886,27,images/27/4886.png
4886,4887,27,images/27/4887.png
4887,4888,27,images/27/4888.png
4888,4889,27,images/27/4889.png
4889,4890,27,images/27/4890.png
4890,4891,27,images/27/4891.png
4891,4892,27,images/27/4892.png
4892,4893,27,images/27/4893.png
4893,4894,27,images/27/4894.png
4894,4895,27,images/27/4895.png
4895,4896,27,images/27/4896.png
4896,4897,27,images/27/4897.png
4897,4898,27,images/27/4898.png
4898,4899,27,images/27/4899.png
4899,4900,27,images/27/4900.png
4900,4901,27,images/27/4901.png
4901,4902,27,images/27/4902.png
4902,4903,27,images/27/4903.png
4903,4904,27,images/27/4904.png
4904,4905,27,images/27/4905.png
4905,4906,27,images/27/4906.png
4906,4907,27,images/27/4907.png
4907,4908,27,images/27/4908.png
4908,4909,27,images/27/4909.png
4909,4910,27,images/27/4910.png
4910,4911,27,images/27/4911.png
4911,4912,27,images/27/4912.png
4912,4913,27,images/27/4913.png
4913,4914,27,images/27/4914.png
4914,4915,27,images/27/4915.png
4915,4916,27,images/27/4916.png
4916,4917,27,images/27/4917.png
4917,4918,27,images/27/4918.png
4918,4919,27,images/27/4919.png
4919,4920,27,images/27/4920.png
4920,4921,27,images/27/4921.png
4921,4922,27,images/27/4922.png
4922,4923,27,images/27/4923.png
4923,4924,27,images/27/4924.png
4924,4925,27,images/27/4925.png
4925,4926,27,images/27/4926.png
4926,4927,27,images/27/4927.png
4927,4928,27,images/27/4928.png
4928,4929,27,images/27/4929.png
4929,4930,27,images/27/4930.png
4930,4931,27,images/27/4931.png
4931,4932,27,images/27/4932.png
4932,4933,27,images/27/4933.png
4933,4934,27,images/27/4934.png
4934,4935,27,images/27/4935.png
4935,4936,27,images/27/4936.png
4936,4937,27,images/27/4937.png
4937,4938,27,images/27/4938.png
4938,4939,27,images/27/4939.png
4939,4940,27,images/27/4940.png
4940,4941,27,images/27/4941.png
4941,4942,27,images/27/4942.png
4942,4943,27,images/27/4943.png
4943,4944,27,images/27/4944.png
4944,4945,27,images/27/4945.png
4945,4946,27,images/27/4946.png
4946,4947,27,images/27/4947.png
4947,4948,27,images/27/4948.png
4948,4949,27,images/27/4949.png
4949,4950,27,images/27/4950.png
4950,4951,27,images/27/4951.png
4951,4952,27,images/27/4952.png
4952,4953,27,images/27/4953.png
4953,4954,27,images/27/4954.png
4954,4955,27,images/27/4955.png
4955,4956,27,images/27/4956.png
4956,4957,27,images/27/4957.png
4957,4958,27,images/27/4958.png
4958,4959,27,images/27/4959.png
4959,4960,27,images/27/4960.png
4960,4961,27,images/27/4961.png
4961,4962,27,images/27/4962.png
4962,4963,27,images/27/4963.png
4963,4964,27,images/27/4964.png
4964,4965,27,images/27/4965.png
4965,4966,27,images/27/4966.png
4966,4967,27,images/27/4967.png
4967,4968,27,images/27/4968.png
4968,4969,27,images/27/4969.png
4969,4970,27,images/27/4970.png
4970,4971,27,images/27/4971.png
4971,4972,27,images/27/4972.png
4972,4973,27,images/27/4973.png
4973,4974,27,images/27/4974.png
4974,4975,27,images/27/4975.png
4975,4976,27,images/27/4976.png
4976,4977,27,images/27/4977.png
4977,4978,27,images/27/4978.png
4978,4979,27,images/27/4979.png
4979,4980,27,images/27/4980.png
4980,4981,27,images/27/4981.png
4981,4982,27,images/27/4982.png
4982,4983,27,images/27/4983.png
4983,4984,27,images/27/4984.png
4984,4985,27,images/27/4985.png
4985,4986,27,images/27/4986.png
4986,4987,27,images/27/4987.png
4987,4988,28,images/28/4988.png
4988,4989,28,images/28/4989.png
4989,4990,28,images/28/4990.png
4990,4991,28,images/28/4991.png
4991,4992,28,images/28/4992.png
4992,4993,28,images/28/4993.png
4993,4994,28,images/28/4994.png
4994,4995,28,images/28/4995.png
4995,4996,28,images/28/4996.png
4996,4997,28,images/28/4997.png
4997,4998,28,images/28/4998.png
4998,4999,28,images/28/4999.png
4999,5000,28,images/28/5000.png
5000,5001,28,images/28/5001.png
5001,5002,28,images/28/5002.png
5002,5003,28,images/28/5003.png
5003,5004,28,images/28/5004.png
5004,5005,28,images/28/5005.png
5005,5006,28,images/28/5006.png
5006,5007,28,images/28/5007.png
5007,5008,28,images/28/5008.png
5008,5009,28,images/28/5009.png
5009,5010,28,images/28/5010.png
5010,5011,28,images/28/5011.png
5011,5012,28,images/28/5012.png
5012,5013,28,images/28/5013.png
5013,5014,28,images/28/5014.png
5014,5015,28,images/28/5015.png
5015,5016,28,images/28/5016.png
5016,5017,29,images/29/5017.png
5017,5018,29,images/29/5018.png
5018,5019,29,images/29/5019.png
5019,5020,29,images/29/5020.png
5020,5021,29,images/29/5021.png
5021,5022,29,images/29/5022.png
5022,5023,29,images/29/5023.png
5023,5024,29,images/29/5024.png
5024,5025,29,images/29/5025.png
5025,5026,29,images/29/5026.png
5026,5027,29,images/29/5027.png
5027,5028,29,images/29/5028.png
5028,5029,29,images/29/5029.png
5029,5030,29,images/29/5030.png
5030,5031,29,images/29/5031.png
5031,5032,29,images/29/5032.png
5032,5033,29,images/29/5033.png
5033,5034,29,images/29/5034.png
5034,5035,29,images/29/5035.png
5035,5036,29,images/29/5036.png
5036,5037,29,images/29/5037.png
5037,5038,29,images/29/5038.png
5038,5039,29,images/29/5039.png
5039,5040,29,images/29/5040.png
5040,5041,29,images/29/5041.png
5041,5042,29,images/29/5042.png
5042,5043,29,images/29/5043.png
5043,5044,29,images/29/5044.png
5044,5045,29,images/29/5045.png
5045,5046,29,images/29/5046.png
5046,5047,29,images/29/5047.png
5047,5048,29,images/29/5048.png
5048,5049,29,images/29/5049.png
5049,5050,29,images/29/5050.png
5050,5051,29,images/29/5051.png
5051,5052,29,images/29/5052.png
5052,5053,29,images/29/5053.png
5053,5054,29,images/29/5054.png
5054,5055,29,images/29/5055.png
5055,5056,29,images/29/5056.png
5056,5057,29,images/29/5057.png
5057,5058,29,images/29/5058.png
5058,5059,29,images/29/5059.png
5059,5060,29,images/29/5060.png
5060,5061,29,images/29/5061.png
5061,5062,29,images/29/5062.png
5062,5063,29,images/29/5063.png
5063,5064,29,images/29/5064.png
5064,5065,29,images/29/5065.png
5065,5066,29,images/29/5066.png
5066,5067,29,images/29/5067.png
5067,5068,29,images/29/5068.png
5068,5069,29,images/29/5069.png
5069,5070,29,images/29/5070.png
5070,5071,29,images/29/5071.png
5071,5072,29,images/29/5072.png
5072,5073,29,images/29/5073.png
5073,5074,29,images/29/5074.png
5074,5075,29,images/29/5075.png
5075,5076,29,images/29/5076.png
5076,5077,29,images/29/5077.png
5077,5078,29,images/29/5078.png
5078,5079,29,images/29/5079.png
5079,5080,29,images/29/5080.png
5080,5081,29,images/29/5081.png
5081,5082,29,images/29/5082.png
5082,5083,29,images/29/5083.png
5083,5084,29,images/29/5084.png
5084,5085,29,images/29/5085.png
5085,5086,29,images/29/5086.png
5086,5087,29,images/29/5087.png
5087,5088,29,images/29/5088.png
5088,5089,29,images/29/5089.png
5089,5090,29,images/29/5090.png
5090,5091,29,images/29/5091.png
5091,5092,29,images/29/5092.png
5092,5093,29,images/29/5093.png
5093,5094,29,images/29/5094.png
5094,5095,29,images/29/5095.png
5095,5096,29,images/29/5096.png
5096,5097,29,images/29/5097.png
5097,5098,29,images/29/5098.png
5098,5099,29,images/29/5099.png
5099,5100,29,images/29/5100.png
5100,5101,29,images/29/5101.png
5101,5102,29,images/29/5102.png
5102,5103,29,images/29/5103.png
5103,5104,29,images/29/5104.png
5104,5105,29,images/29/5105.png
5105,5106,29,images/29/5106.png
5106,5107,29,images/29/5107.png
5107,5108,29,images/29/5108.png
5108,5109,29,images/29/5109.png
5109,5110,29,images/29/5110.png
5110,5111,29,images/29/5111.png
5111,5112,29,images/29/5112.png
5112,5113,30,images/30/5113.png
5113,5114,30,images/30/5114.png
5114,5115,30,images/30/5115.png
5115,5116,30,images/30/5116.png
5116,5117,30,images/30/5117.png
5117,5118,30,images/30/5118.png
5118,5119,30,images/30/5119.png
5119,5120,30,images/30/5120.png
5120,5121,30,images/30/5121.png
5121,5122,30,images/30/5122.png
5122,5123,30,images/30/5123.png
5123,5124,30,images/30/5124.png
5124,5125,30,images/30/5125.png
5125,5126,30,images/30/5126.png
5126,5127,30,images/30/5127.png
5127,5128,30,images/30/5128.png
5128,5129,30,images/30/5129.png
5129,5130,30,images/30/5130.png
5130,5131,30,images/30/5131.png
5131,5132,30,images/30/5132.png
5132,5133,30,images/30/5133.png
5133,5134,30,images/30/5134.png
5134,5135,30,images/30/5135.png
5135,5136,30,images/30/5136.png
5136,5137,30,images/30/5137.png
5137,5138,30,images/30/5138.png
5138,5139,30,images/30/5139.png
5139,5140,30,images/30/5140.png
5140,5141,30,images/30/5141.png
5141,5142,30,images/30/5142.png
5142,5143,30,images/30/5143.png
5143,5144,30,images/30/5144.png
5144,5145,30,images/30/5145.png
5145,5146,30,images/30/5146.png
5146,5147,30,images/30/5147.png
5147,5148,30,images/30/5148.png
5148,5149,30,images/30/5149.png
5149,5150,30,images/30/5150.png
5150,5151,30,images/30/5151.png
5151,5152,30,images/30/5152.png
5152,5153,30,images/30/5153.png
5153,5154,30,images/30/5154.png
5154,5155,30,images/30/5155.png
5155,5156,30,images/30/5156.png
5156,5157,30,images/30/5157.png
5157,5158,30,images/30/5158.png
5158,5159,30,images/30/5159.png
5159,5160,30,images/30/5160.png
5160,5161,30,images/30/5161.png
5161,5162,30,images/30/5162.png
5162,5163,30,images/30/5163.png
5163,5164,30,images/30/5164.png
5164,5165,30,images/30/5165.png
5165,5166,30,images/30/5166.png
5166,5167,30,images/30/5167.png
5167,5168,30,images/30/5168.png
5168,5169,30,images/30/5169.png
5169,5170,30,images/30/5170.png
5170,5171,30,images/30/5171.png
5171,5172,30,images/30/5172.png
5172,5173,30,images/30/5173.png
5173,5174,30,images/30/5174.png
5174,5175,30,images/30/5175.png
5175,5176,30,images/30/5176.png
5176,5177,30,images/30/5177.png
5177,5178,30,images/30/5178.png
5178,5179,30,images/30/5179.png
5179,5180,30,images/30/5180.png
5180,5181,30,images/30/5181.png
5181,5182,31,images/31/5182.png
5182,5183,31,images/31/5183.png
5183,5184,31,images/31/5184.png
5184,5185,31,images/31/5185.png
5185,5186,31,images/31/5186.png
5186,5187,31,images/31/5187.png
5187,5188,31,images/31/5188.png
5188,5189,31,images/31/5189.png
5189,5190,31,images/31/5190.png
5190,5191,31,images/31/5191.png
5191,5192,31,images/31/5192.png
5192,5193,31,images/31/5193.png
5193,5194,31,images/31/5194.png
5194,5195,31,images/31/5195.png
5195,5196,31,images/31/5196.png
5196,5197,31,images/31/5197.png
5197,5198,31,images/31/5198.png
5198,5199,31,images/31/5199.png
5199,5200,31,images/31/5200.png
5200,5201,31,images/31/5201.png
5201,5202,31,images/31/5202.png
5202,5203,31,images/31/5203.png
5203,5204,31,images/31/5204.png
5204,5205,31,images/31/5205.png
5205,5206,31,images/31/5206.png
5206,5207,31,images/31/5207.png
5207,5208,31,images/31/5208.png
5208,5209,31,images/31/5209.png
5209,5210,31,images/31/5210.png
5210,5211,31,images/31/5211.png
5211,5212,31,images/31/5212.png
5212,5213,31,images/31/5213.png
5213,5214,31,images/31/5214.png
5214,5215,31,images/31/5215.png
5215,5216,31,images/31/5216.png
5216,5217,31,images/31/5217.png
5217,5218,31,images/31/5218.png
5218,5219,31,images/31/5219.png
5219,5220,31,images/31/5220.png
5220,5221,31,images/31/5221.png
5221,5222,31,images/31/5222.png
5222,5223,31,images/31/5223.png
5223,5224,31,images/31/5224.png
5224,5225,31,images/31/5225.png
5225,5226,31,images/31/5226.png
5226,5227,31,images/31/5227.png
5227,5228,31,images/31/5228.png
5228,5229,31,images/31/5229.png
5229,5230,31,images/31/5230.png
5230,5231,31,images/31/5231.png
5231,5232,31,images/31/5232.png
5232,5233,31,images/31/5233.png
5233,5234,31,images/31/5234.png
5234,5235,31,images/31/5235.png
5235,5236,31,images/31/5236.png
5236,5237,31,images/31/5237.png
5237,5238,31,images/31/5238.png
5238,5239,31,images/31/5239.png
5239,5240,31,images/31/5240.png
5240,5241,31,images/31/5241.png
5241,5242,31,images/31/5242.png
5242,5243,31,images/31/5243.png
5243,5244,31,images/31/5244.png
5244,5245,31,images/31/5245.png
5245,5246,31,images/31/5246.png
5246,5247,31,images/31/5247.png
5247,5248,31,images/31/5248.png
5248,5249,31,images/31/5249.png
5249,5250,31,images/31/5250.png
5250,5251,31,images/31/5251.png
5251,5252,31,images/31/5252.png
5252,5253,31,images/31/5253.png
5253,5254,31,images/31/5254.png
5254,5255,31,images/31/5255.png
5255,5256,31,images/31/5256.png
5256,5257,31,images/31/5257.png
5257,5258,31,images/31/5258.png
5258,5259,31,images/31/5259.png
5259,5260,31,images/31/5260.png
5260,5261,31,images/31/5261.png
5261,5262,31,images/31/5262.png
5262,5263,31,images/31/5263.png
5263,5264,31,images/31/5264.png
5264,5265,31,images/31/5265.png
5265,5266,31,images/31/5266.png
5266,5267,31,images/31/5267.png
5267,5268,31,images/31/5268.png
5268,5269,31,images/31/5269.png
5269,5270,31,images/31/5270.png
5270,5271,31,images/31/5271.png
5271,5272,31,images/31/5272.png
5272,5273,31,images/31/5273.png
5273,5274,31,images/31/5274.png
5274,5275,31,images/31/5275.png
5275,5276,31,images/31/5276.png
5276,5277,31,images/31/5277.png
5277,5278,31,images/31/5278.png
5278,5279,31,images/31/5279.png
5279,5280,31,images/31/5280.png
5280,5281,31,images/31/5281.png
5281,5282,31,images/31/5282.png
5282,5283,31,images/31/5283.png
5283,5284,31,images/31/5284.png
5284,5285,31,images/31/5285.png
5285,5286,31,images/31/5286.png
5286,5287,31,images/31/5287.png
5287,5288,31,images/31/5288.png
5288,5289,31,images/31/5289.png
5289,5290,31,images/31/5290.png
5290,5291,31,images/31/5291.png
5291,5292,31,images/31/5292.png
5292,5293,31,images/31/5293.png
5293,5294,31,images/31/5294.png
5294,5295,31,images/31/5295.png
5295,5296,31,images/31/5296.png
5296,5297,31,images/31/5297.png
5297,5298,31,images/31/5298.png
5298,5299,31,images/31/5299.png
5299,5300,31,images/31/5300.png
5300,5301,31,images/31/5301.png
5301,5302,31,images/31/5302.png
5302,5303,31,images/31/5303.png
5303,5304,31,images/31/5304.png
5304,5305,31,images/31/5305.png
5305,5306,31,images/31/5306.png
5306,5307,31,images/31/5307.png
5307,5308,31,images/31/5308.png
5308,5309,31,images/31/5309.png
5309,5310,31,images/31/5310.png
5310,5311,31,images/31/5311.png
5311,5312,31,images/31/5312.png
5312,5313,31,images/31/5313.png
5313,5314,31,images/31/5314.png
5314,5315,31,images/31/5315.png
5315,5316,31,images/31/5316.png
5316,5317,31,images/31/5317.png
5317,5318,31,images/31/5318.png
5318,5319,31,images/31/5319.png
5319,5320,31,images/31/5320.png
5320,5321,31,images/31/5321.png
5321,5322,31,images/31/5322.png
5322,5323,31,images/31/5323.png
5323,5324,31,images/31/5324.png
5324,5325,31,images/31/5325.png
5325,5326,31,images/31/5326.png
5326,5327,31,images/31/5327.png
5327,5328,31,images/31/5328.png
5328,5329,31,images/31/5329.png
5329,5330,31,images/31/5330.png
5330,5331,31,images/31/5331.png
5331,5332,31,images/31/5332.png
5332,5333,31,images/31/5333.png
5333,5334,31,images/31/5334.png
5334,5335,31,images/31/5335.png
5335,5336,31,images/31/5336.png
5336,5337,31,images/31/5337.png
5337,5338,31,images/31/5338.png
5338,5339,31,images/31/5339.png
5339,5340,31,images/31/5340.png
5340,5341,31,images/31/5341.png
5341,5342,31,images/31/5342.png
5342,5343,31,images/31/5343.png
5343,5344,31,images/31/5344.png
5344,5345,31,images/31/5345.png
5345,5346,31,images/31/5346.png
5346,5347,31,images/31/5347.png
5347,5348,31,images/31/5348.png
5348,5349,31,images/31/5349.png
5349,5350,31,images/31/5350.png
5350,5351,31,images/31/5351.png
5351,5352,31,images/31/5352.png
5352,5353,31,images/31/5353.png
5353,5354,31,images/31/5354.png
5354,5355,31,images/31/5355.png
5355,5356,31,images/31/5356.png
5356,5357,31,images/31/5357.png
5357,5358,31,images/31/5358.png
5358,5359,31,images/31/5359.png
5359,5360,31,images/31/5360.png
5360,5361,31,images/31/5361.png
5361,5362,31,images/31/5362.png
5362,5363,31,images/31/5363.png
5363,5364,31,images/31/5364.png
5364,5365,31,images/31/5365.png
5365,5366,31,images/31/5366.png
5366,5367,31,images/31/5367.png
5367,5368,31,images/31/5368.png
5368,5369,31,images/31/5369.png
5369,5370,31,images/31/5370.png
5370,5371,31,images/31/5371.png
5371,5372,31,images/31/5372.png
5372,5373,31,images/31/5373.png
5373,5374,31,images/31/5374.png
5374,5375,31,images/31/5375.png
5375,5376,31,images/31/5376.png
5376,5377,31,images/31/5377.png
5377,5378,31,images/31/5378.png
5378,5379,31,images/31/5379.png
5379,5380,31,images/31/5380.png
5380,5381,31,images/31/5381.png
5381,5382,31,images/31/5382.png
5382,5383,31,images/31/5383.png
5383,5384,31,images/31/5384.png
5384,5385,31,images/31/5385.png
5385,5386,31,images/31/5386.png
5386,5387,31,images/31/5387.png
5387,5388,31,images/31/5388.png
5388,5389,31,images/31/5389.png
5389,5390,31,images/31/5390.png
5390,5391,31,images/31/5391.png
5391,5392,31,images/31/5392.png
5392,5393,31,images/31/5393.png
5393,5394,31,images/31/5394.png
5394,5395,31,images/31/5395.png
5395,5396,31,images/31/5396.png
5396,5397,31,images/31/5397.png
5397,5398,31,images/31/5398.png
5398,5399,31,images/31/5399.png
5399,5400,31,images/31/5400.png
5400,5401,31,images/31/5401.png
5401,5402,31,images/31/5402.png
5402,5403,31,images/31/5403.png
5403,5404,31,images/31/5404.png
5404,5405,31,images/31/5405.png
5405,5406,31,images/31/5406.png
5406,5407,31,images/31/5407.png
5407,5408,31,images/31/5408.png
5408,5409,31,images/31/5409.png
5409,5410,31,images/31/5410.png
5410,5411,31,images/31/5411.png
5411,5412,31,images/31/5412.png
5412,5413,31,images/31/5413.png
5413,5414,31,images/31/5414.png
5414,5415,31,images/31/5415.png
5415,5416,31,images/31/5416.png
5416,5417,31,images/31/5417.png
5417,5418,31,images/31/5418.png
5418,5419,31,images/31/5419.png
5419,5420,31,images/31/5420.png
5420,5421,31,images/31/5421.png
5421,5422,31,images/31/5422.png
5422,5423,31,images/31/5423.png
5423,5424,31,images/31/5424.png
5424,5425,31,images/31/5425.png
5425,5426,31,images/31/5426.png
5426,5427,31,images/31/5427.png
5427,5428,31,images/31/5428.png
5428,5429,31,images/31/5429.png
5429,5430,31,images/31/5430.png
5430,5431,31,images/31/5431.png
5431,5432,31,images/31/5432.png
5432,5433,31,images/31/5433.png
5433,5434,31,images/31/5434.png
5434,5435,31,images/31/5435.png
5435,5436,31,images/31/5436.png
5436,5437,32,images/32/5437.png
5437,5438,32,images/32/5438.png
5438,5439,32,images/32/5439.png
5439,5440,32,images/32/5440.png
5440,5441,32,images/32/5441.png
5441,5442,32,images/32/5442.png
5442,5443,32,images/32/5443.png
5443,5444,32,images/32/5444.png
5444,5445,32,images/32/5445.png
5445,5446,32,images/32/5446.png
5446,5447,32,images/32/5447.png
5447,5448,32,images/32/5448.png
5448,5449,32,images/32/5449.png
5449,5450,32,images/32/5450.png
5450,5451,32,images/32/5451.png
5451,5452,32,images/32/5452.png
5452,5453,32,images/32/5453.png
5453,5454,32,images/32/5454.png
5454,5455,32,images/32/5455.png
5455,5456,32,images/32/5456.png
5456,5457,32,images/32/5457.png
5457,5458,32,images/32/5458.png
5458,5459,32,images/32/5459.png
5459,5460,32,images/32/5460.png
5460,5461,32,images/32/5461.png
5461,5462,32,images/32/5462.png
5462,5463,32,images/32/5463.png
5463,5464,32,images/32/5464.png
5464,5465,32,images/32/5465.png
5465,5466,32,images/32/5466.png
5466,5467,32,images/32/5467.png
5467,5468,32,images/32/5468.png
5468,5469,32,images/32/5469.png
5469,5470,32,images/32/5470.png
5470,5471,32,images/32/5471.png
5471,5472,32,images/32/5472.png
5472,5473,32,images/32/5473.png
5473,5474,32,images/32/5474.png
5474,5475,32,images/32/5475.png
5475,5476,32,images/32/5476.png
5476,5477,32,images/32/5477.png
5477,5478,32,images/32/5478.png
5478,5479,32,images/32/5479.png
5479,5480,32,images/32/5480.png
5480,5481,32,images/32/5481.png
5481,5482,32,images/32/5482.png
5482,5483,32,images/32/5483.png
5483,5484,32,images/32/5484.png
5484,5485,32,images/32/5485.png
5485,5486,32,images/32/5486.png
5486,5487,32,images/32/5487.png
5487,5488,32,images/32/5488.png
5488,5489,32,images/32/5489.png
5489,5490,32,images/32/5490.png
5490,5491,32,images/32/5491.png
5491,5492,32,images/32/5492.png
5492,5493,32,images/32/5493.png
5493,5494,32,images/32/5494.png
5494,5495,32,images/32/5495.png
5495,5496,32,images/32/5496.png
5496,5497,32,images/32/5497.png
5497,5498,32,images/32/5498.png
5498,5499,32,images/32/5499.png
5499,5500,32,images/32/5500.png
5500,5501,32,images/32/5501.png
5501,5502,32,images/32/5502.png
5502,5503,32,images/32/5503.png
5503,5504,32,images/32/5504.png
5504,5505,32,images/32/5505.png
5505,5506,32,images/32/5506.png
5506,5507,32,images/32/5507.png
5507,5508,32,images/32/5508.png
5508,5509,32,images/32/5509.png
5509,5510,32,images/32/5510.png
5510,5511,32,images/32/5511.png
5511,5512,32,images/32/5512.png
5512,5513,32,images/32/5513.png
5513,5514,32,images/32/5514.png
5514,5515,32,images/32/5515.png
5515,5516,32,images/32/5516.png
5516,5517,32,images/32/5517.png
5517,5518,32,images/32/5518.png
5518,5519,32,images/32/5519.png
5519,5520,32,images/32/5520.png
5520,5521,32,images/32/5521.png
5521,5522,32,images/32/5522.png
5522,5523,32,images/32/5523.png
5523,5524,32,images/32/5524.png
5524,5525,32,images/32/5525.png
5525,5526,32,images/32/5526.png
5526,5527,32,images/32/5527.png
5527,5528,32,images/32/5528.png
5528,5529,32,images/32/5529.png
5529,5530,32,images/32/5530.png
5530,5531,32,images/32/5531.png
5531,5532,32,images/32/5532.png
5532,5533,32,images/32/5533.png
5533,5534,32,images/32/5534.png
5534,5535,32,images/32/5535.png
5535,5536,32,images/32/5536.png
5536,5537,32,images/32/5537.png
5537,5538,32,images/32/5538.png
5538,5539,32,images/32/5539.png
5539,5540,32,images/32/5540.png
5540,5541,32,images/32/5541.png
5541,5542,32,images/32/5542.png
5542,5543,32,images/32/5543.png
5543,5544,32,images/32/5544.png
5544,5545,32,images/32/5545.png
5545,5546,32,images/32/5546.png
5546,5547,32,images/32/5547.png
5547,5548,32,images/32/5548.png
5548,5549,32,images/32/5549.png
5549,5550,32,images/32/5550.png
5550,5551,32,images/32/5551.png
5551,5552,32,images/32/5552.png
5552,5553,32,images/32/5553.png
5553,5554,32,images/32/5554.png
5554,5555,32,images/32/5555.png
5555,5556,32,images/32/5556.png
5556,5557,32,images/32/5557.png
5557,5558,32,images/32/5558.png
5558,5559,32,images/32/5559.png
5559,5560,32,images/32/5560.png
5560,5561,32,images/32/5561.png
5561,5562,32,images/32/5562.png
5562,5563,32,images/32/5563.png
5563,5564,32,images/32/5564.png
5564,5565,32,images/32/5565.png
5565,5566,32,images/32/5566.png
5566,5567,32,images/32/5567.png
5567,5568,32,images/32/5568.png
5568,5569,32,images/32/5569.png
5569,5570,32,images/32/5570.png
5570,5571,32,images/32/5571.png
5571,5572,32,images/32/5572.png
5572,5573,32,images/32/5573.png
5573,5574,32,images/32/5574.png
5574,5575,32,images/32/5575.png
5575,5576,32,images/32/5576.png
5576,5577,32,images/32/5577.png
5577,5578,32,images/32/5578.png
5578,5579,32,images/32/5579.png
5579,5580,32,images/32/5580.png
5580,5581,32,images/32/5581.png
5581,5582,32,images/32/5582.png
5582,5583,32,images/32/5583.png
5583,5584,32,images/32/5584.png
5584,5585,32,images/32/5585.png
5585,5586,32,images/32/5586.png
5586,5587,32,images/32/5587.png
5587,5588,32,images/32/5588.png
5588,5589,32,images/32/5589.png
5589,5590,32,images/32/5590.png
5590,5591,32,images/32/5591.png
5591,5592,32,images/32/5592.png
5592,5593,32,images/32/5593.png
5593,5594,32,images/32/5594.png
5594,5595,32,images/32/5595.png
5595,5596,32,images/32/5596.png
5596,5597,32,images/32/5597.png
5597,5598,32,images/32/5598.png
5598,5599,32,images/32/5599.png
5599,5600,32,images/32/5600.png
5600,5601,32,images/32/5601.png
5601,5602,32,images/32/5602.png
5602,5603,32,images/32/5603.png
5603,5604,32,images/32/5604.png
5604,5605,32,images/32/5605.png
5605,5606,32,images/32/5606.png
5606,5607,32,images/32/5607.png
5607,5608,32,images/32/5608.png
5608,5609,32,images/32/5609.png
5609,5610,32,images/32/5610.png
5610,5611,32,images/32/5611.png
5611,5612,32,images/32/5612.png
5612,5613,32,images/32/5613.png
5613,5614,32,images/32/5614.png
5614,5615,32,images/32/5615.png
5615,5616,32,images/32/5616.png
5616,5617,32,images/32/5617.png
5617,5618,32,images/32/5618.png
5618,5619,32,images/32/5619.png
5619,5620,32,images/32/5620.png
5620,5621,32,images/32/5621.png
5621,5622,32,images/32/5622.png
5622,5623,32,images/32/5623.png
5623,5624,32,images/32/5624.png
5624,5625,32,images/32/5625.png
5625,5626,32,images/32/5626.png
5626,5627,32,images/32/5627.png
5627,5628,32,images/32/5628.png
5628,5629,32,images/32/5629.png
5629,5630,32,images/32/5630.png
5630,5631,32,images/32/5631.png
5631,5632,32,images/32/5632.png
5632,5633,32,images/32/5633.png
5633,5634,32,images/32/5634.png
5634,5635,32,images/32/5635.png
5635,5636,32,images/32/5636.png
5636,5637,32,images/32/5637.png
5637,5638,32,images/32/5638.png
5638,5639,32,images/32/5639.png
5639,5640,32,images/32/5640.png
5640,5641,32,images/32/5641.png
5641,5642,32,images/32/5642.png
5642,5643,32,images/32/5643.png
5643,5644,32,images/32/5644.png
5644,5645,32,images/32/5645.png
5645,5646,32,images/32/5646.png
5646,5647,32,images/32/5647.png
5647,5648,32,images/32/5648.png
5648,5649,32,images/32/5649.png
5649,5650,32,images/32/5650.png
5650,5651,32,images/32/5651.png
5651,5652,32,images/32/5652.png
5652,5653,32,images/32/5653.png
5653,5654,32,images/32/5654.png
5654,5655,32,images/32/5655.png
5655,5656,32,images/32/5656.png
5656,5657,32,images/32/5657.png
5657,5658,32,images/32/5658.png
5658,5659,32,images/32/5659.png
5659,5660,32,images/32/5660.png
5660,5661,32,images/32/5661.png
5661,5662,32,images/32/5662.png
5662,5663,32,images/32/5663.png
5663,5664,32,images/32/5664.png
5664,5665,32,images/32/5665.png
5665,5666,32,images/32/5666.png
5666,5667,32,images/32/5667.png
5667,5668,32,images/32/5668.png
5668,5669,33,images/33/5669.png
5669,5670,33,images/33/5670.png
5670,5671,33,images/33/5671.png
5671,5672,33,images/33/5672.png
5672,5673,33,images/33/5673.png
5673,5674,33,images/33/5674.png
5674,5675,33,images/33/5675.png
5675,5676,33,images/33/5676.png
5676,5677,33,images/33/5677.png
5677,5678,33,images/33/5678.png
5678,5679,33,images/33/5679.png
5679,5680,33,images/33/5680.png
5680,5681,33,images/33/5681.png
5681,5682,33,images/33/5682.png
5682,5683,33,images/33/5683.png
5683,5684,33,images/33/5684.png
5684,5685,33,images/33/5685.png
5685,5686,33,images/33/5686.png
5686,5687,33,images/33/5687.png
5687,5688,33,images/33/5688.png
5688,5689,33,images/33/5689.png
5689,5690,33,images/33/5690.png
5690,5691,33,images/33/5691.png
5691,5692,33,images/33/5692.png
5692,5693,33,images/33/5693.png
5693,5694,33,images/33/5694.png
5694,5695,33,images/33/5695.png
5695,5696,33,images/33/5696.png
5696,5697,33,images/33/5697.png
5697,5698,33,images/33/5698.png
5698,5699,33,images/33/5699.png
5699,5700,33,images/33/5700.png
5700,5701,33,images/33/5701.png
5701,5702,33,images/33/5702.png
5702,5703,33,images/33/5703.png
5703,5704,33,images/33/5704.png
5704,5705,33,images/33/5705.png
5705,5706,33,images/33/5706.png
5706,5707,33,images/33/5707.png
5707,5708,33,images/33/5708.png
5708,5709,33,images/33/5709.png
5709,5710,33,images/33/5710.png
5710,5711,33,images/33/5711.png
5711,5712,33,images/33/5712.png
5712,5713,33,images/33/5713.png
5713,5714,33,images/33/5714.png
5714,5715,33,images/33/5715.png
5715,5716,33,images/33/5716.png
5716,5717,33,images/33/5717.png
5717,5718,33,images/33/5718.png
5718,5719,33,images/33/5719.png
5719,5720,33,images/33/5720.png
5720,5721,33,images/33/5721.png
5721,5722,33,images/33/5722.png
5722,5723,33,images/33/5723.png
5723,5724,33,images/33/5724.png
5724,5725,33,images/33/5725.png
5725,5726,33,images/33/5726.png
5726,5727,33,images/33/5727.png
5727,5728,33,images/33/5728.png
5728,5729,33,images/33/5729.png
5729,5730,33,images/33/5730.png
5730,5731,33,images/33/5731.png
5731,5732,33,images/33/5732.png
5732,5733,33,images/33/5733.png
5733,5734,33,images/33/5734.png
5734,5735,33,images/33/5735.png
5735,5736,33,images/33/5736.png
5736,5737,33,images/33/5737.png
5737,5738,33,images/33/5738.png
5738,5739,33,images/33/5739.png
5739,5740,33,images/33/5740.png
5740,5741,33,images/33/5741.png
5741,5742,33,images/33/5742.png
5742,5743,33,images/33/5743.png
5743,5744,33,images/33/5744.png
5744,5745,33,images/33/5745.png
5745,5746,33,images/33/5746.png
5746,5747,33,images/33/5747.png
5747,5748,33,images/33/5748.png
5748,5749,33,images/33/5749.png
5749,5750,33,images/33/5750.png
5750,5751,33,images/33/5751.png
5751,5752,33,images/33/5752.png
5752,5753,33,images/33/5753.png
5753,5754,33,images/33/5754.png
5754,5755,33,images/33/5755.png
5755,5756,33,images/33/5756.png
5756,5757,33,images/33/5757.png
5757,5758,33,images/33/5758.png
5758,5759,33,images/33/5759.png
5759,5760,33,images/33/5760.png
5760,5761,33,images/33/5761.png
5761,5762,33,images/33/5762.png
5762,5763,33,images/33/5763.png
5763,5764,33,images/33/5764.png
5764,5765,33,images/33/5765.png
5765,5766,33,images/33/5766.png
5766,5767,33,images/33/5767.png
5767,5768,33,images/33/5768.png
5768,5769,33,images/33/5769.png
5769,5770,33,images/33/5770.png
5770,5771,33,images/33/5771.png
5771,5772,33,images/33/5772.png
5772,5773,33,images/33/5773.png
5773,5774,33,images/33/5774.png
5774,5775,33,images/33/5775.png
5775,5776,33,images/33/5776.png
5776,5777,33,images/33/5777.png
5777,5778,33,images/33/5778.png
5778,5779,33,images/33/5779.png
5779,5780,33,images/33/5780.png
5780,5781,33,images/33/5781.png
5781,5782,33,images/33/5782.png
5782,5783,33,images/33/5783.png
5783,5784,33,images/33/5784.png
5784,5785,33,images/33/5785.png
5785,5786,33,images/33/5786.png
5786,5787,33,images/33/5787.png
5787,5788,33,images/33/5788.png
5788,5789,33,images/33/5789.png
5789,5790,33,images/33/5790.png
5790,5791,33,images/33/5791.png
5791,5792,33,images/33/5792.png
5792,5793,33,images/33/5793.png
5793,5794,33,images/33/5794.png
5794,5795,33,images/33/5795.png
5795,5796,33,images/33/5796.png
5796,5797,33,images/33/5797.png
5797,5798,33,images/33/5798.png
5798,5799,33,images/33/5799.png
5799,5800,33,images/33/5800.png
5800,5801,33,images/33/5801.png
5801,5802,33,images/33/5802.png
5802,5803,33,images/33/5803.png
5803,5804,33,images/33/5804.png
5804,5805,33,images/33/5805.png
5805,5806,33,images/33/5806.png
5806,5807,33,images/33/5807.png
5807,5808,33,images/33/5808.png
5808,5809,33,images/33/5809.png
5809,5810,33,images/33/5810.png
5810,5811,33,images/33/5811.png
5811,5812,33,images/33/5812.png
5812,5813,33,images/33/5813.png
5813,5814,33,images/33/5814.png
5814,5815,33,images/33/5815.png
5815,5816,33,images/33/5816.png
5816,5817,33,images/33/5817.png
5817,5818,33,images/33/5818.png
5818,5819,33,images/33/5819.png
5819,5820,33,images/33/5820.png
5820,5821,33,images/33/5821.png
5821,5822,33,images/33/5822.png
5822,5823,33,images/33/5823.png
5823,5824,33,images/33/5824.png
5824,5825,33,images/33/5825.png
5825,5826,33,images/33/5826.png
5826,5827,33,images/33/5827.png
5827,5828,33,images/33/5828.png
5828,5829,33,images/33/5829.png
5829,5830,33,images/33/5830.png
5830,5831,33,images/33/5831.png
5831,5832,33,images/33/5832.png
5832,5833,33,images/33/5833.png
5833,5834,33,images/33/5834.png
5834,5835,33,images/33/5835.png
5835,5836,33,images/33/5836.png
5836,5837,33,images/33/5837.png
5837,5838,33,images/33/5838.png
5838,5839,33,images/33/5839.png
5839,5840,33,images/33/5840.png
5840,5841,33,images/33/5841.png
5841,5842,33,images/33/5842.png
5842,5843,33,images/33/5843.png
5843,5844,33,images/33/5844.png
5844,5845,33,images/33/5845.png
5845,5846,33,images/33/5846.png
5846,5847,33,images/33/5847.png
5847,5848,33,images/33/5848.png
5848,5849,33,images/33/5849.png
5849,5850,33,images/33/5850.png
5850,5851,33,images/33/5851.png
5851,5852,33,images/33/5852.png
5852,5853,33,images/33/5853.png
5853,5854,33,images/33/5854.png
5854,5855,33,images/33/5855.png
5855,5856,33,images/33/5856.png
5856,5857,33,images/33/5857.png
5857,5858,33,images/33/5858.png
5858,5859,33,images/33/5859.png
5859,5860,33,images/33/5860.png
5860,5861,33,images/33/5861.png
5861,5862,33,images/33/5862.png
5862,5863,33,images/33/5863.png
5863,5864,33,images/33/5864.png
5864,5865,33,images/33/5865.png
5865,5866,33,images/33/5866.png
5866,5867,33,images/33/5867.png
5867,5868,34,images/34/5868.png
5868,5869,34,images/34/5869.png
5869,5870,34,images/34/5870.png
5870,5871,34,images/34/5871.png
5871,5872,34,images/34/5872.png
5872,5873,34,images/34/5873.png
5873,5874,34,images/34/5874.png
5874,5875,34,images/34/5875.png
5875,5876,34,images/34/5876.png
5876,5877,34,images/34/5877.png
5877,5878,34,images/34/5878.png
5878,5879,34,images/34/5879.png
5879,5880,34,images/34/5880.png
5880,5881,34,images/34/5881.png
5881,5882,34,images/34/5882.png
5882,5883,34,images/34/5883.png
5883,5884,34,images/34/5884.png
5884,5885,34,images/34/5885.png
5885,5886,34,images/34/5886.png
5886,5887,34,images/34/5887.png
5887,5888,34,images/34/5888.png
5888,5889,34,images/34/5889.png
5889,5890,34,images/34/5890.png
5890,5891,34,images/34/5891.png
5891,5892,34,images/34/5892.png
5892,5893,34,images/34/5893.png
5893,5894,34,images/34/5894.png
5894,5895,34,images/34/5895.png
5895,5896,34,images/34/5896.png
5896,5897,34,images/34/5897.png
5897,5898,34,images/34/5898.png
5898,5899,34,images/34/5899.png
5899,5900,34,images/34/5900.png
5900,5901,34,images/34/5901.png
5901,5902,34,images/34/5902.png
5902,5903,34,images/34/5903.png
5903,5904,34,images/34/5904.png
5904,5905,34,images/34/5905.png
5905,5906,34,images/34/5906.png
5906,5907,34,images/34/5907.png
5907,5908,34,images/34/5908.png
5908,5909,34,images/34/5909.png
5909,5910,34,images/34/5910.png
5910,5911,34,images/34/5911.png
5911,5912,34,images/34/5912.png
5912,5913,34,images/34/5913.png
5913,5914,34,images/34/5914.png
5914,5915,34,images/34/5915.png
5915,5916,34,images/34/5916.png
5916,5917,34,images/34/5917.png
5917,5918,34,images/34/5918.png
5918,5919,34,images/34/5919.png
5919,5920,34,images/34/5920.png
5920,5921,34,images/34/5921.png
5921,5922,34,images/34/5922.png
5922,5923,34,images/34/5923.png
5923,5924,34,images/34/5924.png
5924,5925,34,images/34/5925.png
5925,5926,34,images/34/5926.png
5926,5927,34,images/34/5927.png
5927,5928,34,images/34/5928.png
5928,5929,34,images/34/5929.png
5929,5930,34,images/34/5930.png
5930,5931,34,images/34/5931.png
5931,5932,34,images/34/5932.png
5932,5933,34,images/34/5933.png
5933,5934,34,images/34/5934.png
5934,5935,34,images/34/5935.png
5935,5936,34,images/34/5936.png
5936,5937,34,images/34/5937.png
5937,5938,34,images/34/5938.png
5938,5939,34,images/34/5939.png
5939,5940,34,images/34/5940.png
5940,5941,34,images/34/5941.png
5941,5942,34,images/34/5942.png
5942,5943,34,images/34/5943.png
5943,5944,34,images/34/5944.png
5944,5945,34,images/34/5945.png
5945,5946,34,images/34/5946.png
5946,5947,34,images/34/5947.png
5947,5948,34,images/34/5948.png
5948,5949,34,images/34/5949.png
5949,5950,34,images/34/5950.png
5950,5951,34,images/34/5951.png
5951,5952,34,images/34/5952.png
5952,5953,34,images/34/5953.png
5953,5954,34,images/34/5954.png
5954,5955,34,images/34/5955.png
5955,5956,34,images/34/5956.png
5956,5957,34,images/34/5957.png
5957,5958,34,images/34/5958.png
5958,5959,34,images/34/5959.png
5959,5960,34,images/34/5960.png
5960,5961,34,images/34/5961.png
5961,5962,34,images/34/5962.png
5962,5963,34,images/34/5963.png
5963,5964,34,images/34/5964.png
5964,5965,34,images/34/5965.png
5965,5966,34,images/34/5966.png
5966,5967,34,images/34/5967.png
5967,5968,34,images/34/5968.png
5968,5969,34,images/34/5969.png
5969,5970,34,images/34/5970.png
5970,5971,34,images/34/5971.png
5971,5972,34,images/34/5972.png
5972,5973,34,images/34/5973.png
5973,5974,34,images/34/5974.png
5974,5975,34,images/34/5975.png
5975,5976,34,images/34/5976.png
5976,5977,34,images/34/5977.png
5977,5978,34,images/34/5978.png
5978,5979,34,images/34/5979.png
5979,5980,34,images/34/5980.png
5980,5981,34,images/34/5981.png
5981,5982,34,images/34/5982.png
5982,5983,34,images/34/5983.png
5983,5984,34,images/34/5984.png
5984,5985,34,images/34/5985.png
5985,5986,34,images/34/5986.png
5986,5987,34,images/34/5987.png
5987,5988,34,images/34/5988.png
5988,5989,34,images/34/5989.png
5989,5990,34,images/34/5990.png
5990,5991,34,images/34/5991.png
5991,5992,34,images/34/5992.png
5992,5993,34,images/34/5993.png
5993,5994,34,images/34/5994.png
5994,5995,34,images/34/5995.png
5995,5996,34,images/34/5996.png
5996,5997,34,images/34/5997.png
5997,5998,34,images/34/5998.png
5998,5999,34,images/34/5999.png
5999,6000,34,images/34/6000.png
6000,6001,34,images/34/6001.png
6001,6002,34,images/34/6002.png
6002,6003,34,images/34/6003.png
6003,6004,34,images/34/6004.png
6004,6005,34,images/34/6005.png
6005,6006,34,images/34/6006.png
6006,6007,34,images/34/6007.png
6007,6008,34,images/34/6008.png
6008,6009,34,images/34/6009.png
6009,6010,34,images/34/6010.png
6010,6011,34,images/34/6011.png
6011,6012,34,images/34/6012.png
6012,6013,34,images/34/6013.png
6013,6014,34,images/34/6014.png
6014,6015,34,images/34/6015.png
6015,6016,34,images/34/6016.png
6016,6017,34,images/34/6017.png
6017,6018,34,images/34/6018.png
6018,6019,34,images/34/6019.png
6019,6020,34,images/34/6020.png
6020,6021,34,images/34/6021.png
6021,6022,34,images/34/6022.png
6022,6023,34,images/34/6023.png
6023,6024,34,images/34/6024.png
6024,6025,34,images/34/6025.png
6025,6026,34,images/34/6026.png
6026,6027,34,images/34/6027.png
6027,6028,34,images/34/6028.png
6028,6029,34,images/34/6029.png
6029,6030,34,images/34/6030.png
6030,6031,34,images/34/6031.png
6031,6032,34,images/34/6032.png
6032,6033,34,images/34/6033.png
6033,6034,34,images/34/6034.png
6034,6035,34,images/34/6035.png
6035,6036,34,images/34/6036.png
6036,6037,34,images/34/6037.png
6037,6038,34,images/34/6038.png
6038,6039,34,images/34/6039.png
6039,6040,34,images/34/6040.png
6040,6041,34,images/34/6041.png
6041,6042,34,images/34/6042.png
6042,6043,34,images/34/6043.png
6043,6044,34,images/34/6044.png
6044,6045,34,images/34/6045.png
6045,6046,34,images/34/6046.png
6046,6047,34,images/34/6047.png
6047,6048,34,images/34/6048.png
6048,6049,34,images/34/6049.png
6049,6050,34,images/34/6050.png
6050,6051,34,images/34/6051.png
6051,6052,34,images/34/6052.png
6052,6053,34,images/34/6053.png
6053,6054,34,images/34/6054.png
6054,6055,34,images/34/6055.png
6055,6056,34,images/34/6056.png
6056,6057,34,images/34/6057.png
6057,6058,34,images/34/6058.png
6058,6059,34,images/34/6059.png
6059,6060,34,images/34/6060.png
6060,6061,34,images/34/6061.png
6061,6062,34,images/34/6062.png
6062,6063,34,images/34/6063.png
6063,6064,34,images/34/6064.png
6064,6065,34,images/34/6065.png
6065,6066,34,images/34/6066.png
6066,6067,34,images/34/6067.png
6067,6068,34,images/34/6068.png
6068,6069,34,images/34/6069.png
6069,6070,34,images/34/6070.png
6070,6071,34,images/34/6071.png
6071,6072,34,images/34/6072.png
6072,6073,34,images/34/6073.png
6073,6074,34,images/34/6074.png
6074,6075,34,images/34/6075.png
6075,6076,34,images/34/6076.png
6076,6077,34,images/34/6077.png
6077,6078,34,images/34/6078.png
6078,6079,34,images/34/6079.png
6079,6080,34,images/34/6080.png
6080,6081,34,images/34/6081.png
6081,6082,34,images/34/6082.png
6082,6083,34,images/34/6083.png
6083,6084,34,images/34/6084.png
6084,6085,34,images/34/6085.png
6085,6086,34,images/34/6086.png
6086,6087,34,images/34/6087.png
6087,6088,34,images/34/6088.png
6088,6089,34,images/34/6089.png
6089,6090,34,images/34/6090.png
6090,6091,34,images/34/6091.png
6091,6092,34,images/34/6092.png
6092,6093,34,images/34/6093.png
6093,6094,34,images/34/6094.png
6094,6095,34,images/34/6095.png
6095,6096,34,images/34/6096.png
6096,6097,34,images/34/6097.png
6097,6098,34,images/34/6098.png
6098,6099,34,images/34/6099.png
6099,6100,34,images/34/6100.png
6100,6101,34,images/34/6101.png
6101,6102,34,images/34/6102.png
6102,6103,34,images/34/6103.png
6103,6104,34,images/34/6104.png
6104,6105,34,images/34/6105.png
6105,6106,34,images/34/6106.png
6106,6107,34,images/34/6107.png
6107,6108,34,images/34/6108.png
6108,6109,34,images/34/6109.png
6109,6110,34,images/34/6110.png
6110,6111,34,images/34/6111.png
6111,6112,34,images/34/6112.png
6112,6113,34,images/34/6113.png
6113,6114,34,images/34/6114.png
6114,6115,34,images/34/6115.png
6115,6116,34,images/34/6116.png
6116,6117,34,images/34/6117.png
6117,6118,34,images/34/6118.png
6118,6119,34,images/34/6119.png
6119,6120,34,images/34/6120.png
6120,6121,34,images/34/6121.png
6121,6122,34,images/34/6122.png
6122,6123,34,images/34/6123.png
6123,6124,34,images/34/6124.png
6124,6125,34,images/34/6125.png
6125,6126,34,images/34/6126.png
6126,6127,34,images/34/6127.png
6127,6128,34,images/34/6128.png
6128,6129,34,images/34/6129.png
6129,6130,34,images/34/6130.png
6130,6131,34,images/34/6131.png
6131,6132,34,images/34/6132.png
6132,6133,34,images/34/6133.png
6133,6134,34,images/34/6134.png
6134,6135,34,images/34/6135.png
6135,6136,34,images/34/6136.png
6136,6137,34,images/34/6137.png
6137,6138,34,images/34/6138.png
6138,6139,34,images/34/6139.png
6139,6140,34,images/34/6140.png
6140,6141,34,images/34/6141.png
6141,6142,34,images/34/6142.png
6142,6143,34,images/34/6143.png
6143,6144,34,images/34/6144.png
6144,6145,34,images/34/6145.png
6145,6146,34,images/34/6146.png
6146,6147,34,images/34/6147.png
6147,6148,34,images/34/6148.png
6148,6149,34,images/34/6149.png
6149,6150,34,images/34/6150.png
6150,6151,34,images/34/6151.png
6151,6152,34,images/34/6152.png
6152,6153,34,images/34/6153.png
6153,6154,34,images/34/6154.png
6154,6155,34,images/34/6155.png
6155,6156,34,images/34/6156.png
6156,6157,34,images/34/6157.png
6157,6158,34,images/34/6158.png
6158,6159,34,images/34/6159.png
6159,6160,34,images/34/6160.png
6160,6161,34,images/34/6161.png
6161,6162,34,images/34/6162.png
6162,6163,34,images/34/6163.png
6163,6164,34,images/34/6164.png
6164,6165,34,images/34/6165.png
6165,6166,34,images/34/6166.png
6166,6167,34,images/34/6167.png
6167,6168,34,images/34/6168.png
6168,6169,34,images/34/6169.png
6169,6170,34,images/34/6170.png
6170,6171,34,images/34/6171.png
6171,6172,34,images/34/6172.png
6172,6173,34,images/34/6173.png
6173,6174,34,images/34/6174.png
6174,6175,34,images/34/6175.png
6175,6176,34,images/34/6176.png
6176,6177,34,images/34/6177.png
6177,6178,34,images/34/6178.png
6178,6179,34,images/34/6179.png
6179,6180,34,images/34/6180.png
6180,6181,34,images/34/6181.png
6181,6182,34,images/34/6182.png
6182,6183,34,images/34/6183.png
6183,6184,34,images/34/6184.png
6184,6185,35,images/35/6185.png
6185,6186,35,images/35/6186.png
6186,6187,35,images/35/6187.png
6187,6188,35,images/35/6188.png
6188,6189,35,images/35/6189.png
6189,6190,35,images/35/6190.png
6190,6191,35,images/35/6191.png
6191,6192,35,images/35/6192.png
6192,6193,35,images/35/6193.png
6193,6194,35,images/35/6194.png
6194,6195,35,images/35/6195.png
6195,6196,35,images/35/6196.png
6196,6197,35,images/35/6197.png
6197,6198,35,images/35/6198.png
6198,6199,35,images/35/6199.png
6199,6200,35,images/35/6200.png
6200,6201,35,images/35/6201.png
6201,6202,35,images/35/6202.png
6202,6203,35,images/35/6203.png
6203,6204,35,images/35/6204.png
6204,6205,35,images/35/6205.png
6205,6206,35,images/35/6206.png
6206,6207,35,images/35/6207.png
6207,6208,35,images/35/6208.png
6208,6209,35,images/35/6209.png
6209,6210,35,images/35/6210.png
6210,6211,35,images/35/6211.png
6211,6212,35,images/35/6212.png
6212,6213,35,images/35/6213.png
6213,6214,35,images/35/6214.png
6214,6215,35,images/35/6215.png
6215,6216,35,images/35/6216.png
6216,6217,35,images/35/6217.png
6217,6218,35,images/35/6218.png
6218,6219,35,images/35/6219.png
6219,6220,35,images/35/6220.png
6220,6221,35,images/35/6221.png
6221,6222,35,images/35/6222.png
6222,6223,35,images/35/6223.png
6223,6224,35,images/35/6224.png
6224,6225,35,images/35/6225.png
6225,6226,35,images/35/6226.png
6226,6227,35,images/35/6227.png
6227,6228,35,images/35/6228.png
6228,6229,35,images/35/6229.png
6229,6230,35,images/35/6230.png
6230,6231,35,images/35/6231.png
6231,6232,35,images/35/6232.png
6232,6233,35,images/35/6233.png
6233,6234,35,images/35/6234.png
6234,6235,35,images/35/6235.png
6235,6236,35,images/35/6236.png
6236,6237,35,images/35/6237.png
6237,6238,35,images/35/6238.png
6238,6239,35,images/35/6239.png
6239,6240,35,images/35/6240.png
6240,6241,35,images/35/6241.png
6241,6242,35,images/35/6242.png
6242,6243,35,images/35/6243.png
6243,6244,35,images/35/6244.png
6244,6245,35,images/35/6245.png
6245,6246,35,images/35/6246.png
6246,6247,35,images/35/6247.png
6247,6248,35,images/35/6248.png
6248,6249,35,images/35/6249.png
6249,6250,35,images/35/6250.png
6250,6251,35,images/35/6251.png
6251,6252,35,images/35/6252.png
6252,6253,35,images/35/6253.png
6253,6254,35,images/35/6254.png
6254,6255,35,images/35/6255.png
6255,6256,35,images/35/6256.png
6256,6257,35,images/35/6257.png
6257,6258,35,images/35/6258.png
6258,6259,35,images/35/6259.png
6259,6260,35,images/35/6260.png
6260,6261,35,images/35/6261.png
6261,6262,35,images/35/6262.png
6262,6263,35,images/35/6263.png
6263,6264,35,images/35/6264.png
6264,6265,35,images/35/6265.png
6265,6266,35,images/35/6266.png
6266,6267,35,images/35/6267.png
6267,6268,35,images/35/6268.png
6268,6269,35,images/35/6269.png
6269,6270,35,images/35/6270.png
6270,6271,35,images/35/6271.png
6271,6272,35,images/35/6272.png
6272,6273,35,images/35/6273.png
6273,6274,35,images/35/6274.png
6274,6275,35,images/35/6275.png
6275,6276,35,images/35/6276.png
6276,6277,35,images/35/6277.png
6277,6278,35,images/35/6278.png
6278,6279,35,images/35/6279.png
6279,6280,35,images/35/6280.png
6280,6281,35,images/35/6281.png
6281,6282,35,images/35/6282.png
6282,6283,35,images/35/6283.png
6283,6284,35,images/35/6284.png
6284,6285,35,images/35/6285.png
6285,6286,35,images/35/6286.png
6286,6287,35,images/35/6287.png
6287,6288,35,images/35/6288.png
6288,6289,35,images/35/6289.png
6289,6290,35,images/35/6290.png
6290,6291,35,images/35/6291.png
6291,6292,35,images/35/6292.png
6292,6293,35,images/35/6293.png
6293,6294,35,images/35/6294.png
6294,6295,35,images/35/6295.png
6295,6296,35,images/35/6296.png
6296,6297,35,images/35/6297.png
6297,6298,35,images/35/6298.png
6298,6299,35,images/35/6299.png
6299,6300,35,images/35/6300.png
6300,6301,35,images/35/6301.png
6301,6302,35,images/35/6302.png
6302,6303,35,images/35/6303.png
6303,6304,35,images/35/6304.png
6304,6305,35,images/35/6305.png
6305,6306,35,images/35/6306.png
6306,6307,35,images/35/6307.png
6307,6308,35,images/35/6308.png
6308,6309,35,images/35/6309.png
6309,6310,35,images/35/6310.png
6310,6311,35,images/35/6311.png
6311,6312,35,images/35/6312.png
6312,6313,35,images/35/6313.png
6313,6314,35,images/35/6314.png
6314,6315,35,images/35/6315.png
6315,6316,35,images/35/6316.png
6316,6317,35,images/35/6317.png
6317,6318,35,images/35/6318.png
6318,6319,35,images/35/6319.png
6319,6320,35,images/35/6320.png
6320,6321,35,images/35/6321.png
6321,6322,35,images/35/6322.png
6322,6323,35,images/35/6323.png
6323,6324,35,images/35/6324.png
6324,6325,35,images/35/6325.png
6325,6326,35,images/35/6326.png
6326,6327,35,images/35/6327.png
6327,6328,35,images/35/6328.png
6328,6329,35,images/35/6329.png
6329,6330,35,images/35/6330.png
6330,6331,35,images/35/6331.png
6331,6332,35,images/35/6332.png
6332,6333,35,images/35/6333.png
6333,6334,35,images/35/6334.png
6334,6335,35,images/35/6335.png
6335,6336,35,images/35/6336.png
6336,6337,35,images/35/6337.png
6337,6338,35,images/35/6338.png
6338,6339,35,images/35/6339.png
6339,6340,35,images/35/6340.png
6340,6341,35,images/35/6341.png
6341,6342,35,images/35/6342.png
6342,6343,35,images/35/6343.png
6343,6344,35,images/35/6344.png
6344,6345,35,images/35/6345.png
6345,6346,35,images/35/6346.png
6346,6347,35,images/35/6347.png
6347,6348,35,images/35/6348.png
6348,6349,35,images/35/6349.png
6349,6350,35,images/35/6350.png
6350,6351,35,images/35/6351.png
6351,6352,35,images/35/6352.png
6352,6353,35,images/35/6353.png
6353,6354,35,images/35/6354.png
6354,6355,35,images/35/6355.png
6355,6356,35,images/35/6356.png
6356,6357,35,images/35/6357.png
6357,6358,35,images/35/6358.png
6358,6359,35,images/35/6359.png
6359,6360,35,images/35/6360.png
6360,6361,35,images/35/6361.png
6361,6362,35,images/35/6362.png
6362,6363,35,images/35/6363.png
6363,6364,35,images/35/6364.png
6364,6365,35,images/35/6365.png
6365,6366,35,images/35/6366.png
6366,6367,35,images/35/6367.png
6367,6368,35,images/35/6368.png
6368,6369,35,images/35/6369.png
6369,6370,35,images/35/6370.png
6370,6371,36,images/36/6371.png
6371,6372,36,images/36/6372.png
6372,6373,36,images/36/6373.png
6373,6374,36,images/36/6374.png
6374,6375,36,images/36/6375.png
6375,6376,36,images/36/6376.png
6376,6377,36,images/36/6377.png
6377,6378,36,images/36/6378.png
6378,6379,36,images/36/6379.png
6379,6380,36,images/36/6380.png
6380,6381,36,images/36/6381.png
6381,6382,36,images/36/6382.png
6382,6383,36,images/36/6383.png
6383,6384,36,images/36/6384.png
6384,6385,36,images/36/6385.png
6385,6386,36,images/36/6386.png
6386,6387,36,images/36/6387.png
6387,6388,36,images/36/6388.png
6388,6389,36,images/36/6389.png
6389,6390,36,images/36/6390.png
6390,6391,36,images/36/6391.png
6391,6392,36,images/36/6392.png
6392,6393,36,images/36/6393.png
6393,6394,36,images/36/6394.png
6394,6395,36,images/36/6395.png
6395,6396,36,images/36/6396.png
6396,6397,36,images/36/6397.png
6397,6398,36,images/36/6398.png
6398,6399,36,images/36/6399.png
6399,6400,36,images/36/6400.png
6400,6401,36,images/36/6401.png
6401,6402,36,images/36/6402.png
6402,6403,36,images/36/6403.png
6403,6404,36,images/36/6404.png
6404,6405,36,images/36/6405.png
6405,6406,36,images/36/6406.png
6406,6407,36,images/36/6407.png
6407,6408,36,images/36/6408.png
6408,6409,36,images/36/6409.png
6409,6410,36,images/36/6410.png
6410,6411,36,images/36/6411.png
6411,6412,36,images/36/6412.png
6412,6413,36,images/36/6413.png
6413,6414,36,images/36/6414.png
6414,6415,36,images/36/6415.png
6415,6416,36,images/36/6416.png
6416,6417,36,images/36/6417.png
6417,6418,36,images/36/6418.png
6418,6419,36,images/36/6419.png
6419,6420,36,images/36/6420.png
6420,6421,36,images/36/6421.png
6421,6422,36,images/36/6422.png
6422,6423,36,images/36/6423.png
6423,6424,36,images/36/6424.png
6424,6425,36,images/36/6425.png
6425,6426,36,images/36/6426.png
6426,6427,36,images/36/6427.png
6427,6428,36,images/36/6428.png
6428,6429,36,images/36/6429.png
6429,6430,36,images/36/6430.png
6430,6431,36,images/36/6431.png
6431,6432,36,images/36/6432.png
6432,6433,36,images/36/6433.png
6433,6434,36,images/36/6434.png
6434,6435,36,images/36/6435.png
6435,6436,36,images/36/6436.png
6436,6437,36,images/36/6437.png
6437,6438,36,images/36/6438.png
6438,6439,36,images/36/6439.png
6439,6440,36,images/36/6440.png
6440,6441,36,images/36/6441.png
6441,6442,36,images/36/6442.png
6442,6443,36,images/36/6443.png
6443,6444,36,images/36/6444.png
6444,6445,36,images/36/6445.png
6445,6446,36,images/36/6446.png
6446,6447,36,images/36/6447.png
6447,6448,36,images/36/6448.png
6448,6449,36,images/36/6449.png
6449,6450,36,images/36/6450.png
6450,6451,36,images/36/6451.png
6451,6452,36,images/36/6452.png
6452,6453,36,images/36/6453.png
6453,6454,36,images/36/6454.png
6454,6455,36,images/36/6455.png
6455,6456,36,images/36/6456.png
6456,6457,36,images/36/6457.png
6457,6458,36,images/36/6458.png
6458,6459,36,images/36/6459.png
6459,6460,36,images/36/6460.png
6460,6461,36,images/36/6461.png
6461,6462,36,images/36/6462.png
6462,6463,36,images/36/6463.png
6463,6464,36,images/36/6464.png
6464,6465,36,images/36/6465.png
6465,6466,36,images/36/6466.png
6466,6467,36,images/36/6467.png
6467,6468,36,images/36/6468.png
6468,6469,36,images/36/6469.png
6469,6470,36,images/36/6470.png
6470,6471,36,images/36/6471.png
6471,6472,36,images/36/6472.png
6472,6473,36,images/36/6473.png
6473,6474,36,images/36/6474.png
6474,6475,36,images/36/6475.png
6475,6476,36,images/36/6476.png
6476,6477,36,images/36/6477.png
6477,6478,36,images/36/6478.png
6478,6479,36,images/36/6479.png
6479,6480,36,images/36/6480.png
6480,6481,36,images/36/6481.png
6481,6482,36,images/36/6482.png
6482,6483,36,images/36/6483.png
6483,6484,36,images/36/6484.png
6484,6485,36,images/36/6485.png
6485,6486,36,images/36/6486.png
6486,6487,36,images/36/6487.png
6487,6488,36,images/36/6488.png
6488,6489,36,images/36/6489.png
6489,6490,36,images/36/6490.png
6490,6491,36,images/36/6491.png
6491,6492,36,images/36/6492.png
6492,6493,36,images/36/6493.png
6493,6494,36,images/36/6494.png
6494,6495,36,images/36/6495.png
6495,6496,36,images/36/6496.png
6496,6497,36,images/36/6497.png
6497,6498,36,images/36/6498.png
6498,6499,36,images/36/6499.png
6499,6500,36,images/36/6500.png
6500,6501,36,images/36/6501.png
6501,6502,36,images/36/6502.png
6502,6503,36,images/36/6503.png
6503,6504,36,images/36/6504.png
6504,6505,36,images/36/6505.png
6505,6506,36,images/36/6506.png
6506,6507,36,images/36/6507.png
6507,6508,36,images/36/6508.png
6508,6509,36,images/36/6509.png
6509,6510,36,images/36/6510.png
6510,6511,36,images/36/6511.png
6511,6512,36,images/36/6512.png
6512,6513,36,images/36/6513.png
6513,6514,36,images/36/6514.png
6514,6515,36,images/36/6515.png
6515,6516,36,images/36/6516.png
6516,6517,36,images/36/6517.png
6517,6518,36,images/36/6518.png
6518,6519,36,images/36/6519.png
6519,6520,36,images/36/6520.png
6520,6521,36,images/36/6521.png
6521,6522,36,images/36/6522.png
6522,6523,36,images/36/6523.png
6523,6524,36,images/36/6524.png
6524,6525,36,images/36/6525.png
6525,6526,36,images/36/6526.png
6526,6527,36,images/36/6527.png
6527,6528,36,images/36/6528.png
6528,6529,36,images/36/6529.png
6529,6530,36,images/36/6530.png
6530,6531,36,images/36/6531.png
6531,6532,36,images/36/6532.png
6532,6533,36,images/36/6533.png
6533,6534,36,images/36/6534.png
6534,6535,36,images/36/6535.png
6535,6536,36,images/36/6536.png
6536,6537,36,images/36/6537.png
6537,6538,36,images/36/6538.png
6538,6539,36,images/36/6539.png
6539,6540,36,images/36/6540.png
6540,6541,36,images/36/6541.png
6541,6542,36,images/36/6542.png
6542,6543,36,images/36/6543.png
6543,6544,36,images/36/6544.png
6544,6545,36,images/36/6545.png
6545,6546,36,images/36/6546.png
6546,6547,36,images/36/6547.png
6547,6548,36,images/36/6548.png
6548,6549,36,images/36/6549.png
6549,6550,36,images/36/6550.png
6550,6551,36,images/36/6551.png
6551,6552,36,images/36/6552.png
6552,6553,36,images/36/6553.png
6553,6554,36,images/36/6554.png
6554,6555,36,images/36/6555.png
6555,6556,36,images/36/6556.png
6556,6557,36,images/36/6557.png
6557,6558,36,images/36/6558.png
6558,6559,36,images/36/6559.png
6559,6560,36,images/36/6560.png
6560,6561,36,images/36/6561.png
6561,6562,36,images/36/6562.png
6562,6563,36,images/36/6563.png
6563,6564,36,images/36/6564.png
6564,6565,36,images/36/6565.png
6565,6566,36,images/36/6566.png
6566,6567,36,images/36/6567.png
6567,6568,36,images/36/6568.png
6568,6569,36,images/36/6569.png
6569,6570,36,images/36/6570.png
6570,6571,36,images/36/6571.png
6571,6572,36,images/36/6572.png
6572,6573,36,images/36/6573.png
6573,6574,36,images/36/6574.png
6574,6575,37,images/37/6575.png
6575,6576,37,images/37/6576.png
6576,6577,37,images/37/6577.png
6577,6578,37,images/37/6578.png
6578,6579,37,images/37/6579.png
6579,6580,37,images/37/6580.png
6580,6581,37,images/37/6581.png
6581,6582,37,images/37/6582.png
6582,6583,37,images/37/6583.png
6583,6584,37,images/37/6584.png
6584,6585,37,images/37/6585.png
6585,6586,37,images/37/6586.png
6586,6587,37,images/37/6587.png
6587,6588,37,images/37/6588.png
6588,6589,37,images/37/6589.png
6589,6590,37,images/37/6590.png
6590,6591,37,images/37/6591.png
6591,6592,37,images/37/6592.png
6592,6593,37,images/37/6593.png
6593,6594,37,images/37/6594.png
6594,6595,37,images/37/6595.png
6595,6596,37,images/37/6596.png
6596,6597,37,images/37/6597.png
6597,6598,37,images/37/6598.png
6598,6599,37,images/37/6599.png
6599,6600,37,images/37/6600.png
6600,6601,37,images/37/6601.png
6601,6602,37,images/37/6602.png
6602,6603,37,images/37/6603.png
6603,6604,37,images/37/6604.png
6604,6605,37,images/37/6605.png
6605,6606,37,images/37/6606.png
6606,6607,37,images/37/6607.png
6607,6608,37,images/37/6608.png
6608,6609,37,images/37/6609.png
6609,6610,37,images/37/6610.png
6610,6611,37,images/37/6611.png
6611,6612,37,images/37/6612.png
6612,6613,37,images/37/6613.png
6613,6614,37,images/37/6614.png
6614,6615,37,images/37/6615.png
6615,6616,37,images/37/6616.png
6616,6617,37,images/37/6617.png
6617,6618,37,images/37/6618.png
6618,6619,37,images/37/6619.png
6619,6620,37,images/37/6620.png
6620,6621,37,images/37/6621.png
6621,6622,37,images/37/6622.png
6622,6623,37,images/37/6623.png
6623,6624,37,images/37/6624.png
6624,6625,37,images/37/6625.png
6625,6626,37,images/37/6626.png
6626,6627,37,images/37/6627.png
6627,6628,37,images/37/6628.png
6628,6629,37,images/37/6629.png
6629,6630,37,images/37/6630.png
6630,6631,37,images/37/6631.png
6631,6632,37,images/37/6632.png
6632,6633,37,images/37/6633.png
6633,6634,37,images/37/6634.png
6634,6635,37,images/37/6635.png
6635,6636,37,images/37/6636.png
6636,6637,37,images/37/6637.png
6637,6638,37,images/37/6638.png
6638,6639,37,images/37/6639.png
6639,6640,37,images/37/6640.png
6640,6641,37,images/37/6641.png
6641,6642,37,images/37/6642.png
6642,6643,37,images/37/6643.png
6643,6644,37,images/37/6644.png
6644,6645,37,images/37/6645.png
6645,6646,37,images/37/6646.png
6646,6647,37,images/37/6647.png
6647,6648,37,images/37/6648.png
6648,6649,37,images/37/6649.png
6649,6650,37,images/37/6650.png
6650,6651,37,images/37/6651.png
6651,6652,37,images/37/6652.png
6652,6653,37,images/37/6653.png
6653,6654,37,images/37/6654.png
6654,6655,37,images/37/6655.png
6655,6656,37,images/37/6656.png
6656,6657,37,images/37/6657.png
6657,6658,37,images/37/6658.png
6658,6659,37,images/37/6659.png
6659,6660,37,images/37/6660.png
6660,6661,37,images/37/6661.png
6661,6662,37,images/37/6662.png
6662,6663,37,images/37/6663.png
6663,6664,37,images/37/6664.png
6664,6665,37,images/37/6665.png
6665,6666,37,images/37/6666.png
6666,6667,37,images/37/6667.png
6667,6668,37,images/37/6668.png
6668,6669,37,images/37/6669.png
6669,6670,37,images/37/6670.png
6670,6671,37,images/37/6671.png
6671,6672,37,images/37/6672.png
6672,6673,37,images/37/6673.png
6673,6674,37,images/37/6674.png
6674,6675,37,images/37/6675.png
6675,6676,37,images/37/6676.png
6676,6677,37,images/37/6677.png
6677,6678,37,images/37/6678.png
6678,6679,37,images/37/6679.png
6679,6680,37,images/37/6680.png
6680,6681,37,images/37/6681.png
6681,6682,37,images/37/6682.png
6682,6683,37,images/37/6683.png
6683,6684,37,images/37/6684.png
6684,6685,37,images/37/6685.png
6685,6686,37,images/37/6686.png
6686,6687,37,images/37/6687.png
6687,6688,37,images/37/6688.png
6688,6689,37,images/37/6689.png
6689,6690,37,images/37/6690.png
6690,6691,37,images/37/6691.png
6691,6692,37,images/37/6692.png
6692,6693,37,images/37/6693.png
6693,6694,37,images/37/6694.png
6694,6695,37,images/37/6695.png
6695,6696,37,images/37/6696.png
6696,6697,37,images/37/6697.png
6697,6698,37,images/37/6698.png
6698,6699,37,images/37/6699.png
6699,6700,37,images/37/6700.png
6700,6701,37,images/37/6701.png
6701,6702,37,images/37/6702.png
6702,6703,37,images/37/6703.png
6703,6704,37,images/37/6704.png
6704,6705,37,images/37/6705.png
6705,6706,37,images/37/6706.png
6706,6707,37,images/37/6707.png
6707,6708,37,images/37/6708.png
6708,6709,37,images/37/6709.png
6709,6710,37,images/37/6710.png
6710,6711,37,images/37/6711.png
6711,6712,37,images/37/6712.png
6712,6713,37,images/37/6713.png
6713,6714,37,images/37/6714.png
6714,6715,37,images/37/6715.png
6715,6716,37,images/37/6716.png
6716,6717,37,images/37/6717.png
6717,6718,37,images/37/6718.png
6718,6719,37,images/37/6719.png
6719,6720,37,images/37/6720.png
6720,6721,37,images/37/6721.png
6721,6722,37,images/37/6722.png
6722,6723,37,images/37/6723.png
6723,6724,37,images/37/6724.png
6724,6725,37,images/37/6725.png
6725,6726,37,images/37/6726.png
6726,6727,37,images/37/6727.png
6727,6728,37,images/37/6728.png
6728,6729,37,images/37/6729.png
6729,6730,37,images/37/6730.png
6730,6731,37,images/37/6731.png
6731,6732,37,images/37/6732.png
6732,6733,37,images/37/6733.png
6733,6734,37,images/37/6734.png
6734,6735,37,images/37/6735.png
6735,6736,37,images/37/6736.png
6736,6737,37,images/37/6737.png
6737,6738,37,images/37/6738.png
6738,6739,37,images/37/6739.png
6739,6740,37,images/37/6740.png
6740,6741,37,images/37/6741.png
6741,6742,37,images/37/6742.png
6742,6743,37,images/37/6743.png
6743,6744,37,images/37/6744.png
6744,6745,37,images/37/6745.png
6745,6746,37,images/37/6746.png
6746,6747,37,images/37/6747.png
6747,6748,37,images/37/6748.png
6748,6749,37,images/37/6749.png
6749,6750,37,images/37/6750.png
6750,6751,37,images/37/6751.png
6751,6752,37,images/37/6752.png
6752,6753,37,images/37/6753.png
6753,6754,37,images/37/6754.png
6754,6755,37,images/37/6755.png
6755,6756,37,images/37/6756.png
6756,6757,37,images/37/6757.png
6757,6758,37,images/37/6758.png
6758,6759,37,images/37/6759.png
6759,6760,37,images/37/6760.png
6760,6761,37,images/37/6761.png
6761,6762,37,images/37/6762.png
6762,6763,37,images/37/6763.png
6763,6764,37,images/37/6764.png
6764,6765,37,images/37/6765.png
6765,6766,37,images/37/6766.png
6766,6767,37,images/37/6767.png
6767,6768,37,images/37/6768.png
6768,6769,37,images/37/6769.png
6769,6770,37,images/37/6770.png
6770,6771,37,images/37/6771.png
6771,6772,37,images/37/6772.png
6772,6773,37,images/37/6773.png
6773,6774,37,images/37/6774.png
6774,6775,37,images/37/6775.png
6775,6776,37,images/37/6776.png
6776,6777,37,images/37/6777.png
6777,6778,37,images/37/6778.png
6778,6779,37,images/37/6779.png
6779,6780,37,images/37/6780.png
6780,6781,37,images/37/6781.png
6781,6782,37,images/37/6782.png
6782,6783,37,images/37/6783.png
6783,6784,37,images/37/6784.png
6784,6785,37,images/37/6785.png
6785,6786,37,images/37/6786.png
6786,6787,37,images/37/6787.png
6787,6788,37,images/37/6788.png
6788,6789,37,images/37/6789.png
6789,6790,37,images/37/6790.png
6790,6791,37,images/37/6791.png
6791,6792,37,images/37/6792.png
6792,6793,37,images/37/6793.png
6793,6794,37,images/37/6794.png
6794,6795,37,images/37/6795.png
6795,6796,37,images/37/6796.png
6796,6797,37,images/37/6797.png
6797,6798,37,images/37/6798.png
6798,6799,37,images/37/6799.png
6799,6800,37,images/37/6800.png
6800,6801,37,images/37/6801.png
6801,6802,37,images/37/6802.png
6802,6803,37,images/37/6803.png
6803,6804,37,images/37/6804.png
6804,6805,37,images/37/6805.png
6805,6806,37,images/37/6806.png
6806,6807,37,images/37/6807.png
6807,6808,37,images/37/6808.png
6808,6809,37,images/37/6809.png
6809,6810,37,images/37/6810.png
6810,6811,37,images/37/6811.png
6811,6812,37,images/37/6812.png
6812,6813,37,images/37/6813.png
6813,6814,37,images/37/6814.png
6814,6815,37,images/37/6815.png
6815,6816,37,images/37/6816.png
6816,6817,37,images/37/6817.png
6817,6818,37,images/37/6818.png
6818,6819,37,images/37/6819.png
6819,6820,37,images/37/6820.png
6820,6821,37,images/37/6821.png
6821,6822,37,images/37/6822.png
6822,6823,37,images/37/6823.png
6823,6824,37,images/37/6824.png
6824,6825,37,images/37/6825.png
6825,6826,37,images/37/6826.png
6826,6827,37,images/37/6827.png
6827,6828,37,images/37/6828.png
6828,6829,37,images/37/6829.png
6829,6830,37,images/37/6830.png
6830,6831,37,images/37/6831.png
6831,6832,37,images/37/6832.png
6832,6833,37,images/37/6833.png
6833,6834,37,images/37/6834.png
6834,6835,37,images/37/6835.png
6835,6836,37,images/37/6836.png
6836,6837,37,images/37/6837.png
6837,6838,37,images/37/6838.png
6838,6839,37,images/37/6839.png
6839,6840,37,images/37/6840.png
6840,6841,37,images/37/6841.png
6841,6842,37,images/37/6842.png
6842,6843,37,images/37/6843.png
6843,6844,37,images/37/6844.png
6844,6845,37,images/37/6845.png
6845,6846,37,images/37/6846.png
6846,6847,37,images/37/6847.png
6847,6848,37,images/37/6848.png
6848,6849,37,images/37/6849.png
6849,6850,37,images/37/6850.png
6850,6851,37,images/37/6851.png
6851,6852,37,images/37/6852.png
6852,6853,37,images/37/6853.png
6853,6854,37,images/37/6854.png
6854,6855,37,images/37/6855.png
6855,6856,37,images/37/6856.png
6856,6857,37,images/37/6857.png
6857,6858,37,images/37/6858.png
6858,6859,37,images/37/6859.png
6859,6860,37,images/37/6860.png
6860,6861,37,images/37/6861.png
6861,6862,37,images/37/6862.png
6862,6863,37,images/37/6863.png
6863,6864,37,images/37/6864.png
6864,6865,37,images/37/6865.png
6865,6866,37,images/37/6866.png
6866,6867,37,images/37/6867.png
6867,6868,37,images/37/6868.png
6868,6869,37,images/37/6869.png
6869,6870,37,images/37/6870.png
6870,6871,37,images/37/6871.png
6871,6872,37,images/37/6872.png
6872,6873,37,images/37/6873.png
6873,6874,37,images/37/6874.png
6874,6875,37,images/37/6875.png
6875,6876,37,images/37/6876.png
6876,6877,37,images/37/6877.png
6877,6878,37,images/37/6878.png
6878,6879,37,images/37/6879.png
6879,6880,37,images/37/6880.png
6880,6881,37,images/37/6881.png
6881,6882,37,images/37/6882.png
6882,6883,37,images/37/6883.png
6883,6884,37,images/37/6884.png
6884,6885,37,images/37/6885.png
6885,6886,37,images/37/6886.png
6886,6887,37,images/37/6887.png
6887,6888,37,images/37/6888.png
6888,6889,37,images/37/6889.png
6889,6890,37,images/37/6890.png
6890,6891,37,images/37/6891.png
6891,6892,37,images/37/6892.png
6892,6893,37,images/37/6893.png
6893,6894,37,images/37/6894.png
6894,6895,37,images/37/6895.png
6895,6896,37,images/37/6896.png
6896,6897,37,images/37/6897.png
6897,6898,37,images/37/6898.png
6898,6899,37,images/37/6899.png
6899,6900,37,images/37/6900.png
6900,6901,37,images/37/6901.png
6901,6902,37,images/37/6902.png
6902,6903,37,images/37/6903.png
6903,6904,37,images/37/6904.png
6904,6905,37,images/37/6905.png
6905,6906,37,images/37/6906.png
6906,6907,37,images/37/6907.png
6907,6908,37,images/37/6908.png
6908,6909,37,images/37/6909.png
6909,6910,37,images/37/6910.png
6910,6911,37,images/37/6911.png
6911,6912,37,images/37/6912.png
6912,6913,37,images/37/6913.png
6913,6914,37,images/37/6914.png
6914,6915,37,images/37/6915.png
6915,6916,37,images/37/6916.png
6916,6917,37,images/37/6917.png
6917,6918,37,images/37/6918.png
6918,6919,37,images/37/6919.png
6919,6920,37,images/37/6920.png
6920,6921,37,images/37/6921.png
6921,6922,37,images/37/6922.png
6922,6923,37,images/37/6923.png
6923,6924,37,images/37/6924.png
6924,6925,37,images/37/6925.png
6925,6926,37,images/37/6926.png
6926,6927,37,images/37/6927.png
6927,6928,37,images/37/6928.png
6928,6929,37,images/37/6929.png
6929,6930,37,images/37/6930.png
6930,6931,37,images/37/6931.png
6931,6932,37,images/37/6932.png
6932,6933,37,images/37/6933.png
6933,6934,37,images/37/6934.png
6934,6935,37,images/37/6935.png
6935,6936,37,images/37/6936.png
6936,6937,37,images/37/6937.png
6937,6938,37,images/37/6938.png
6938,6939,37,images/37/6939.png
6939,6940,37,images/37/6940.png
6940,6941,37,images/37/6941.png
6941,6942,37,images/37/6942.png
6942,6943,37,images/37/6943.png
6943,6944,37,images/37/6944.png
6944,6945,37,images/37/6945.png
6945,6946,37,images/37/6946.png
6946,6947,37,images/37/6947.png
6947,6948,37,images/37/6948.png
6948,6949,37,images/37/6949.png
6949,6950,37,images/37/6950.png
6950,6951,37,images/37/6951.png
6951,6952,37,images/37/6952.png
6952,6953,37,images/37/6953.png
6953,6954,37,images/37/6954.png
6954,6955,37,images/37/6955.png
6955,6956,37,images/37/6956.png
6956,6957,37,images/37/6957.png
6957,6958,37,images/37/6958.png
6958,6959,37,images/37/6959.png
6959,6960,37,images/37/6960.png
6960,6961,37,images/37/6961.png
6961,6962,37,images/37/6962.png
6962,6963,37,images/37/6963.png
6963,6964,37,images/37/6964.png
6964,6965,37,images/37/6965.png
6965,6966,37,images/37/6966.png
6966,6967,37,images/37/6967.png
6967,6968,37,images/37/6968.png
6968,6969,37,images/37/6969.png
6969,6970,37,images/37/6970.png
6970,6971,37,images/37/6971.png
6971,6972,37,images/37/6972.png
6972,6973,37,images/37/6973.png
6973,6974,37,images/37/6974.png
6974,6975,37,images/37/6975.png
6975,6976,37,images/37/6976.png
6976,6977,37,images/37/6977.png
6977,6978,37,images/37/6978.png
6978,6979,37,images/37/6979.png
6979,6980,37,images/37/6980.png
6980,6981,37,images/37/6981.png
6981,6982,37,images/37/6982.png
6982,6983,37,images/37/6983.png
6983,6984,37,images/37/6984.png
6984,6985,37,images/37/6985.png
6985,6986,37,images/37/6986.png
6986,6987,37,images/37/6987.png
6987,6988,37,images/37/6988.png
6988,6989,37,images/37/6989.png
6989,6990,37,images/37/6990.png
6990,6991,37,images/37/6991.png
6991,6992,37,images/37/6992.png
6992,6993,37,images/37/6993.png
6993,6994,37,images/37/6994.png
6994,6995,37,images/37/6995.png
6995,6996,37,images/37/6996.png
6996,6997,37,images/37/6997.png
6997,6998,37,images/37/6998.png
6998,6999,37,images/37/6999.png
6999,7000,37,images/37/7000.png
7000,7001,37,images/37/7001.png
7001,7002,37,images/37/7002.png
7002,7003,37,images/37/7003.png
7003,7004,37,images/37/7004.png
7004,7005,37,images/37/7005.png
7005,7006,37,images/37/7006.png
7006,7007,37,images/37/7007.png
7007,7008,37,images/37/7008.png
7008,7009,37,images/37/7009.png
7009,7010,37,images/37/7010.png
7010,7011,37,images/37/7011.png
7011,7012,37,images/37/7012.png
7012,7013,37,images/37/7013.png
7013,7014,37,images/37/7014.png
7014,7015,37,images/37/7015.png
7015,7016,37,images/37/7016.png
7016,7017,37,images/37/7017.png
7017,7018,37,images/37/7018.png
7018,7019,37,images/37/7019.png
7019,7020,37,images/37/7020.png
7020,7021,37,images/37/7021.png
7021,7022,37,images/37/7022.png
7022,7023,37,images/37/7023.png
7023,7024,37,images/37/7024.png
7024,7025,37,images/37/7025.png
7025,7026,37,images/37/7026.png
7026,7027,37,images/37/7027.png
7027,7028,37,images/37/7028.png
7028,7029,37,images/37/7029.png
7029,7030,37,images/37/7030.png
7030,7031,37,images/37/7031.png
7031,7032,37,images/37/7032.png
7032,7033,37,images/37/7033.png
7033,7034,37,images/37/7034.png
7034,7035,37,images/37/7035.png
7035,7036,37,images/37/7036.png
7036,7037,37,images/37/7037.png
7037,7038,37,images/37/7038.png
7038,7039,37,images/37/7039.png
7039,7040,37,images/37/7040.png
7040,7041,37,images/37/7041.png
7041,7042,37,images/37/7042.png
7042,7043,37,images/37/7043.png
7043,7044,37,images/37/7044.png
7044,7045,37,images/37/7045.png
7045,7046,37,images/37/7046.png
7046,7047,37,images/37/7047.png
7047,7048,37,images/37/7048.png
7048,7049,37,images/37/7049.png
7049,7050,37,images/37/7050.png
7050,7051,37,images/37/7051.png
7051,7052,37,images/37/7052.png
7052,7053,37,images/37/7053.png
7053,7054,37,images/37/7054.png
7054,7055,37,images/37/7055.png
7055,7056,37,images/37/7056.png
7056,7057,37,images/37/7057.png
7057,7058,37,images/37/7058.png
7058,7059,37,images/37/7059.png
7059,7060,37,images/37/7060.png
7060,7061,37,images/37/7061.png
7061,7062,37,images/37/7062.png
7062,7063,37,images/37/7063.png
7063,7064,37,images/37/7064.png
7064,7065,37,images/37/7065.png
7065,7066,37,images/37/7066.png
7066,7067,37,images/37/7067.png
7067,7068,37,images/37/7068.png
7068,7069,37,images/37/7069.png
7069,7070,37,images/37/7070.png
7070,7071,37,images/37/7071.png
7071,7072,37,images/37/7072.png
7072,7073,37,images/37/7073.png
7073,7074,37,images/37/7074.png
7074,7075,37,images/37/7075.png
7075,7076,37,images/37/7076.png
7076,7077,37,images/37/7077.png
7077,7078,37,images/37/7078.png
7078,7079,37,images/37/7079.png
7079,7080,37,images/37/7080.png
7080,7081,37,images/37/7081.png
7081,7082,37,images/37/7082.png
7082,7083,37,images/37/7083.png
7083,7084,37,images/37/7084.png
7084,7085,37,images/37/7085.png
7085,7086,37,images/37/7086.png
7086,7087,37,images/37/7087.png
7087,7088,37,images/37/7088.png
7088,7089,37,images/37/7089.png
7089,7090,37,images/37/7090.png
7090,7091,37,images/37/7091.png
7091,7092,37,images/37/7092.png
7092,7093,37,images/37/7093.png
7093,7094,37,images/37/7094.png
7094,7095,37,images/37/7095.png
7095,7096,37,images/37/7096.png
7096,7097,37,images/37/7097.png
7097,7098,37,images/37/7098.png
7098,7099,37,images/37/7099.png
7099,7100,37,images/37/7100.png
7100,7101,37,images/37/7101.png
7101,7102,37,images/37/7102.png
7102,7103,37,images/37/7103.png
7103,7104,37,images/37/7104.png
7104,7105,37,images/37/7105.png
7105,7106,37,images/37/7106.png
7106,7107,37,images/37/7107.png
7107,7108,37,images/37/7108.png
7108,7109,37,images/37/7109.png
7109,7110,37,images/37/7110.png
7110,7111,37,images/37/7111.png
7111,7112,37,images/37/7112.png
7112,7113,37,images/37/7113.png
7113,7114,37,images/37/7114.png
7114,7115,37,images/37/7115.png
7115,7116,37,images/37/7116.png
7116,7117,37,images/37/7117.png
7117,7118,37,images/37/7118.png
7118,7119,37,images/37/7119.png
7119,7120,37,images/37/7120.png
7120,7121,37,images/37/7121.png
7121,7122,37,images/37/7122.png
7122,7123,37,images/37/7123.png
7123,7124,37,images/37/7124.png
7124,7125,37,images/37/7125.png
7125,7126,38,images/38/7126.png
7126,7127,38,images/38/7127.png
7127,7128,38,images/38/7128.png
7128,7129,38,images/38/7129.png
7129,7130,38,images/38/7130.png
7130,7131,38,images/38/7131.png
7131,7132,38,images/38/7132.png
7132,7133,38,images/38/7133.png
7133,7134,38,images/38/7134.png
7134,7135,38,images/38/7135.png
7135,7136,38,images/38/7136.png
7136,7137,38,images/38/7137.png
7137,7138,38,images/38/7138.png
7138,7139,38,images/38/7139.png
7139,7140,38,images/38/7140.png
7140,7141,38,images/38/7141.png
7141,7142,38,images/38/7142.png
7142,7143,38,images/38/7143.png
7143,7144,38,images/38/7144.png
7144,7145,38,images/38/7145.png
7145,7146,38,images/38/7146.png
7146,7147,38,images/38/7147.png
7147,7148,38,images/38/7148.png
7148,7149,38,images/38/7149.png
7149,7150,38,images/38/7150.png
7150,7151,38,images/38/7151.png
7151,7152,38,images/38/7152.png
7152,7153,38,images/38/7153.png
7153,7154,38,images/38/7154.png
7154,7155,38,images/38/7155.png
7155,7156,38,images/38/7156.png
7156,7157,38,images/38/7157.png
7157,7158,38,images/38/7158.png
7158,7159,38,images/38/7159.png
7159,7160,38,images/38/7160.png
7160,7161,38,images/38/7161.png
7161,7162,38,images/38/7162.png
7162,7163,38,images/38/7163.png
7163,7164,38,images/38/7164.png
7164,7165,38,images/38/7165.png
7165,7166,38,images/38/7166.png
7166,7167,38,images/38/7167.png
7167,7168,38,images/38/7168.png
7168,7169,38,images/38/7169.png
7169,7170,38,images/38/7170.png
7170,7171,38,images/38/7171.png
7171,7172,38,images/38/7172.png
7172,7173,38,images/38/7173.png
7173,7174,38,images/38/7174.png
7174,7175,38,images/38/7175.png
7175,7176,38,images/38/7176.png
7176,7177,38,images/38/7177.png
7177,7178,38,images/38/7178.png
7178,7179,38,images/38/7179.png
7179,7180,38,images/38/7180.png
7180,7181,38,images/38/7181.png
7181,7182,38,images/38/7182.png
7182,7183,38,images/38/7183.png
7183,7184,38,images/38/7184.png
7184,7185,38,images/38/7185.png
7185,7186,38,images/38/7186.png
7186,7187,38,images/38/7187.png
7187,7188,38,images/38/7188.png
7188,7189,38,images/38/7189.png
7189,7190,38,images/38/7190.png
7190,7191,38,images/38/7191.png
7191,7192,38,images/38/7192.png
7192,7193,38,images/38/7193.png
7193,7194,38,images/38/7194.png
7194,7195,38,images/38/7195.png
7195,7196,38,images/38/7196.png
7196,7197,38,images/38/7197.png
7197,7198,38,images/38/7198.png
7198,7199,38,images/38/7199.png
7199,7200,38,images/38/7200.png
7200,7201,38,images/38/7201.png
7201,7202,38,images/38/7202.png
7202,7203,38,images/38/7203.png
7203,7204,38,images/38/7204.png
7204,7205,38,images/38/7205.png
7205,7206,38,images/38/7206.png
7206,7207,38,images/38/7207.png
7207,7208,38,images/38/7208.png
7208,7209,38,images/38/7209.png
7209,7210,38,images/38/7210.png
7210,7211,38,images/38/7211.png
7211,7212,38,images/38/7212.png
7212,7213,38,images/38/7213.png
7213,7214,38,images/38/7214.png
7214,7215,38,images/38/7215.png
7215,7216,38,images/38/7216.png
7216,7217,38,images/38/7217.png
7217,7218,38,images/38/7218.png
7218,7219,38,images/38/7219.png
7219,7220,38,images/38/7220.png
7220,7221,38,images/38/7221.png
7221,7222,38,images/38/7222.png
7222,7223,38,images/38/7223.png
7223,7224,38,images/38/7224.png
7224,7225,38,images/38/7225.png
7225,7226,38,images/38/7226.png
7226,7227,38,images/38/7227.png
7227,7228,38,images/38/7228.png
7228,7229,38,images/38/7229.png
7229,7230,38,images/38/7230.png
7230,7231,38,images/38/7231.png
7231,7232,38,images/38/7232.png
7232,7233,38,images/38/7233.png
7233,7234,38,images/38/7234.png
7234,7235,38,images/38/7235.png
7235,7236,38,images/38/7236.png
7236,7237,38,images/38/7237.png
7237,7238,38,images/38/7238.png
7238,7239,38,images/38/7239.png
7239,7240,38,images/38/7240.png
7240,7241,38,images/38/7241.png
7241,7242,38,images/38/7242.png
7242,7243,38,images/38/7243.png
7243,7244,38,images/38/7244.png
7244,7245,38,images/38/7245.png
7245,7246,38,images/38/7246.png
7246,7247,38,images/38/7247.png
7247,7248,38,images/38/7248.png
7248,7249,38,images/38/7249.png
7249,7250,38,images/38/7250.png
7250,7251,38,images/38/7251.png
7251,7252,38,images/38/7252.png
7252,7253,38,images/38/7253.png
7253,7254,38,images/38/7254.png
7254,7255,38,images/38/7255.png
7255,7256,38,images/38/7256.png
7256,7257,38,images/38/7257.png
7257,7258,38,images/38/7258.png
7258,7259,38,images/38/7259.png
7259,7260,38,images/38/7260.png
7260,7261,38,images/38/7261.png
7261,7262,38,images/38/7262.png
7262,7263,38,images/38/7263.png
7263,7264,38,images/38/7264.png
7264,7265,38,images/38/7265.png
7265,7266,38,images/38/7266.png
7266,7267,38,images/38/7267.png
7267,7268,38,images/38/7268.png
7268,7269,38,images/38/7269.png
7269,7270,38,images/38/7270.png
7270,7271,38,images/38/7271.png
7271,7272,38,images/38/7272.png
7272,7273,38,images/38/7273.png
7273,7274,38,images/38/7274.png
7274,7275,38,images/38/7275.png
7275,7276,38,images/38/7276.png
7276,7277,38,images/38/7277.png
7277,7278,38,images/38/7278.png
7278,7279,38,images/38/7279.png
7279,7280,38,images/38/7280.png
7280,7281,38,images/38/7281.png
7281,7282,38,images/38/7282.png
7282,7283,38,images/38/7283.png
7283,7284,38,images/38/7284.png
7284,7285,38,images/38/7285.png
7285,7286,38,images/38/7286.png
7286,7287,38,images/38/7287.png
7287,7288,38,images/38/7288.png
7288,7289,38,images/38/7289.png
7289,7290,38,images/38/7290.png
7290,7291,38,images/38/7291.png
7291,7292,38,images/38/7292.png
7292,7293,38,images/38/7293.png
7293,7294,38,images/38/7294.png
7294,7295,38,images/38/7295.png
7295,7296,38,images/38/7296.png
7296,7297,38,images/38/7297.png
7297,7298,38,images/38/7298.png
7298,7299,38,images/38/7299.png
7299,7300,38,images/38/7300.png
7300,7301,38,images/38/7301.png
7301,7302,38,images/38/7302.png
7302,7303,38,images/38/7303.png
7303,7304,38,images/38/7304.png
7304,7305,38,images/38/7305.png
7305,7306,38,images/38/7306.png
7306,7307,38,images/38/7307.png
7307,7308,38,images/38/7308.png
7308,7309,38,images/38/7309.png
7309,7310,38,images/38/7310.png
7310,7311,38,images/38/7311.png
7311,7312,38,images/38/7312.png
7312,7313,38,images/38/7313.png
7313,7314,38,images/38/7314.png
7314,7315,38,images/38/7315.png
7315,7316,38,images/38/7316.png
7316,7317,38,images/38/7317.png
7317,7318,38,images/38/7318.png
7318,7319,38,images/38/7319.png
7319,7320,38,images/38/7320.png
7320,7321,38,images/38/7321.png
7321,7322,38,images/38/7322.png
7322,7323,38,images/38/7323.png
7323,7324,39,images/39/7324.png
7324,7325,39,images/39/7325.png
7325,7326,39,images/39/7326.png
7326,7327,39,images/39/7327.png
7327,7328,39,images/39/7328.png
7328,7329,39,images/39/7329.png
7329,7330,39,images/39/7330.png
7330,7331,39,images/39/7331.png
7331,7332,39,images/39/7332.png
7332,7333,39,images/39/7333.png
7333,7334,39,images/39/7334.png
7334,7335,39,images/39/7335.png
7335,7336,39,images/39/7336.png
7336,7337,39,images/39/7337.png
7337,7338,39,images/39/7338.png
7338,7339,39,images/39/7339.png
7339,7340,39,images/39/7340.png
7340,7341,39,images/39/7341.png
7341,7342,39,images/39/7342.png
7342,7343,39,images/39/7343.png
7343,7344,39,images/39/7344.png
7344,7345,39,images/39/7345.png
7345,7346,39,images/39/7346.png
7346,7347,39,images/39/7347.png
7347,7348,39,images/39/7348.png
7348,7349,39,images/39/7349.png
7349,7350,39,images/39/7350.png
7350,7351,39,images/39/7351.png
7351,7352,39,images/39/7352.png
7352,7353,39,images/39/7353.png
7353,7354,39,images/39/7354.png
7354,7355,39,images/39/7355.png
7355,7356,39,images/39/7356.png
7356,7357,39,images/39/7357.png
7357,7358,39,images/39/7358.png
7358,7359,39,images/39/7359.png
7359,7360,39,images/39/7360.png
7360,7361,39,images/39/7361.png
7361,7362,39,images/39/7362.png
7362,7363,39,images/39/7363.png
7363,7364,39,images/39/7364.png
7364,7365,39,images/39/7365.png
7365,7366,39,images/39/7366.png
7366,7367,39,images/39/7367.png
7367,7368,39,images/39/7368.png
7368,7369,39,images/39/7369.png
7369,7370,39,images/39/7370.png
7370,7371,39,images/39/7371.png
7371,7372,39,images/39/7372.png
7372,7373,39,images/39/7373.png
7373,7374,39,images/39/7374.png
7374,7375,39,images/39/7375.png
7375,7376,39,images/39/7376.png
7376,7377,39,images/39/7377.png
7377,7378,39,images/39/7378.png
7378,7379,39,images/39/7379.png
7379,7380,39,images/39/7380.png
7380,7381,39,images/39/7381.png
7381,7382,39,images/39/7382.png
7382,7383,39,images/39/7383.png
7383,7384,39,images/39/7384.png
7384,7385,39,images/39/7385.png
7385,7386,39,images/39/7386.png
7386,7387,39,images/39/7387.png
7387,7388,39,images/39/7388.png
7388,7389,39,images/39/7389.png
7389,7390,39,images/39/7390.png
7390,7391,39,images/39/7391.png
7391,7392,39,images/39/7392.png
7392,7393,39,images/39/7393.png
7393,7394,39,images/39/7394.png
7394,7395,39,images/39/7395.png
7395,7396,39,images/39/7396.png
7396,7397,39,images/39/7397.png
7397,7398,39,images/39/7398.png
7398,7399,39,images/39/7399.png
7399,7400,39,images/39/7400.png
7400,7401,39,images/39/7401.png
7401,7402,39,images/39/7402.png
7402,7403,39,images/39/7403.png
7403,7404,39,images/39/7404.png
7404,7405,39,images/39/7405.png
7405,7406,39,images/39/7406.png
7406,7407,39,images/39/7407.png
7407,7408,39,images/39/7408.png
7408,7409,39,images/39/7409.png
7409,7410,39,images/39/7410.png
7410,7411,39,images/39/7411.png
7411,7412,39,images/39/7412.png
7412,7413,39,images/39/7413.png
7413,7414,39,images/39/7414.png
7414,7415,39,images/39/7415.png
7415,7416,39,images/39/7416.png
7416,7417,39,images/39/7417.png
7417,7418,39,images/39/7418.png
7418,7419,39,images/39/7419.png
7419,7420,39,images/39/7420.png
7420,7421,39,images/39/7421.png
7421,7422,39,images/39/7422.png
7422,7423,39,images/39/7423.png
7423,7424,39,images/39/7424.png
7424,7425,39,images/39/7425.png
7425,7426,39,images/39/7426.png
7426,7427,39,images/39/7427.png
7427,7428,39,images/39/7428.png
7428,7429,39,images/39/7429.png
7429,7430,39,images/39/7430.png
7430,7431,39,images/39/7431.png
7431,7432,39,images/39/7432.png
7432,7433,39,images/39/7433.png
7433,7434,39,images/39/7434.png
7434,7435,39,images/39/7435.png
7435,7436,39,images/39/7436.png
7436,7437,39,images/39/7437.png
7437,7438,39,images/39/7438.png
7438,7439,39,images/39/7439.png
7439,7440,39,images/39/7440.png
7440,7441,39,images/39/7441.png
7441,7442,39,images/39/7442.png
7442,7443,39,images/39/7443.png
7443,7444,39,images/39/7444.png
7444,7445,39,images/39/7445.png
7445,7446,39,images/39/7446.png
7446,7447,39,images/39/7447.png
7447,7448,39,images/39/7448.png
7448,7449,39,images/39/7449.png
7449,7450,39,images/39/7450.png
7450,7451,39,images/39/7451.png
7451,7452,39,images/39/7452.png
7452,7453,39,images/39/7453.png
7453,7454,39,images/39/7454.png
7454,7455,39,images/39/7455.png
7455,7456,39,images/39/7456.png
7456,7457,39,images/39/7457.png
7457,7458,39,images/39/7458.png
7458,7459,39,images/39/7459.png
7459,7460,39,images/39/7460.png
7460,7461,39,images/39/7461.png
7461,7462,39,images/39/7462.png
7462,7463,39,images/39/7463.png
7463,7464,39,images/39/7464.png
7464,7465,39,images/39/7465.png
7465,7466,39,images/39/7466.png
7466,7467,39,images/39/7467.png
7467,7468,39,images/39/7468.png
7468,7469,39,images/39/7469.png
7469,7470,39,images/39/7470.png
7470,7471,39,images/39/7471.png
7471,7472,39,images/39/7472.png
7472,7473,39,images/39/7473.png
7473,7474,39,images/39/7474.png
7474,7475,39,images/39/7475.png
7475,7476,39,images/39/7476.png
7476,7477,39,images/39/7477.png
7477,7478,39,images/39/7478.png
7478,7479,39,images/39/7479.png
7479,7480,39,images/39/7480.png
7480,7481,39,images/39/7481.png
7481,7482,39,images/39/7482.png
7482,7483,39,images/39/7483.png
7483,7484,39,images/39/7484.png
7484,7485,39,images/39/7485.png
7485,7486,39,images/39/7486.png
7486,7487,39,images/39/7487.png
7487,7488,39,images/39/7488.png
7488,7489,39,images/39/7489.png
7489,7490,39,images/39/7490.png
7490,7491,39,images/39/7491.png
7491,7492,39,images/39/7492.png
7492,7493,39,images/39/7493.png
7493,7494,39,images/39/7494.png
7494,7495,39,images/39/7495.png
7495,7496,39,images/39/7496.png
7496,7497,39,images/39/7497.png
7497,7498,39,images/39/7498.png
7498,7499,39,images/39/7499.png
7499,7500,39,images/39/7500.png
7500,7501,39,images/39/7501.png
7501,7502,39,images/39/7502.png
7502,7503,39,images/39/7503.png
7503,7504,39,images/39/7504.png
7504,7505,39,images/39/7505.png
7505,7506,39,images/39/7506.png
7506,7507,39,images/39/7507.png
7507,7508,39,images/39/7508.png
7508,7509,39,images/39/7509.png
7509,7510,39,images/39/7510.png
7510,7511,39,images/39/7511.png
7511,7512,39,images/39/7512.png
7512,7513,39,images/39/7513.png
7513,7514,39,images/39/7514.png
7514,7515,39,images/39/7515.png
7515,7516,39,images/39/7516.png
7516,7517,39,images/39/7517.png
7517,7518,39,images/39/7518.png
7518,7519,39,images/39/7519.png
7519,7520,39,images/39/7520.png
7520,7521,39,images/39/7521.png
7521,7522,39,images/39/7522.png
7522,7523,39,images/39/7523.png
7523,7524,39,images/39/7524.png
7524,7525,39,images/39/7525.png
7525,7526,39,images/39/7526.png
7526,7527,39,images/39/7527.png
7527,7528,39,images/39/7528.png
7528,7529,39,images/39/7529.png
7529,7530,39,images/39/7530.png
7530,7531,39,images/39/7531.png
7531,7532,39,images/39/7532.png
7532,7533,39,images/39/7533.png
7533,7534,39,images/39/7534.png
7534,7535,39,images/39/7535.png
7535,7536,39,images/39/7536.png
7536,7537,39,images/39/7537.png
7537,7538,39,images/39/7538.png
7538,7539,39,images/39/7539.png
7539,7540,39,images/39/7540.png
7540,7541,39,images/39/7541.png
7541,7542,39,images/39/7542.png
7542,7543,39,images/39/7543.png
7543,7544,39,images/39/7544.png
7544,7545,39,images/39/7545.png
7545,7546,39,images/39/7546.png
7546,7547,39,images/39/7547.png
7547,7548,39,images/39/7548.png
7548,7549,39,images/39/7549.png
7549,7550,39,images/39/7550.png
7550,7551,39,images/39/7551.png
7551,7552,39,images/39/7552.png
7552,7553,39,images/39/7553.png
7553,7554,39,images/39/7554.png
7554,7555,39,images/39/7555.png
7555,7556,39,images/39/7556.png
7556,7557,39,images/39/7557.png
7557,7558,39,images/39/7558.png
7558,7559,39,images/39/7559.png
7559,7560,39,images/39/7560.png
7560,7561,39,images/39/7561.png
7561,7562,39,images/39/7562.png
7562,7563,39,images/39/7563.png
7563,7564,39,images/39/7564.png
7564,7565,39,images/39/7565.png
7565,7566,39,images/39/7566.png
7566,7567,39,images/39/7567.png
7567,7568,39,images/39/7568.png
7568,7569,39,images/39/7569.png
7569,7570,39,images/39/7570.png
7570,7571,39,images/39/7571.png
7571,7572,39,images/39/7572.png
7572,7573,39,images/39/7573.png
7573,7574,39,images/39/7574.png
7574,7575,39,images/39/7575.png
7575,7576,39,images/39/7576.png
7576,7577,39,images/39/7577.png
7577,7578,39,images/39/7578.png
7578,7579,39,images/39/7579.png
7579,7580,39,images/39/7580.png
7580,7581,39,images/39/7581.png
7581,7582,39,images/39/7582.png
7582,7583,39,images/39/7583.png
7583,7584,39,images/39/7584.png
7584,7585,39,images/39/7585.png
7585,7586,39,images/39/7586.png
7586,7587,39,images/39/7587.png
7587,7588,39,images/39/7588.png
7588,7589,39,images/39/7589.png
7589,7590,39,images/39/7590.png
7590,7591,39,images/39/7591.png
7591,7592,39,images/39/7592.png
7592,7593,39,images/39/7593.png
7593,7594,39,images/39/7594.png
7594,7595,39,images/39/7595.png
7595,7596,39,images/39/7596.png
7596,7597,39,images/39/7597.png
7597,7598,39,images/39/7598.png
7598,7599,39,images/39/7599.png
7599,7600,39,images/39/7600.png
7600,7601,39,images/39/7601.png
7601,7602,39,images/39/7602.png
7602,7603,39,images/39/7603.png
7603,7604,39,images/39/7604.png
7604,7605,39,images/39/7605.png
7605,7606,39,images/39/7606.png
7606,7607,39,images/39/7607.png
7607,7608,39,images/39/7608.png
7608,7609,39,images/39/7609.png
7609,7610,39,images/39/7610.png
7610,7611,39,images/39/7611.png
7611,7612,39,images/39/7612.png
7612,7613,39,images/39/7613.png
7613,7614,39,images/39/7614.png
7614,7615,39,images/39/7615.png
7615,7616,39,images/39/7616.png
7616,7617,39,images/39/7617.png
7617,7618,39,images/39/7618.png
7618,7619,39,images/39/7619.png
7619,7620,39,images/39/7620.png
7620,7621,39,images/39/7621.png
7621,7622,39,images/39/7622.png
7622,7623,39,images/39/7623.png
7623,7624,39,images/39/7624.png
7624,7625,39,images/39/7625.png
7625,7626,39,images/39/7626.png
7626,7627,39,images/39/7627.png
7627,7628,39,images/39/7628.png
7628,7629,39,images/39/7629.png
7629,7630,39,images/39/7630.png
7630,7631,39,images/39/7631.png
7631,7632,39,images/39/7632.png
7632,7633,39,images/39/7633.png
7633,7634,39,images/39/7634.png
7634,7635,39,images/39/7635.png
7635,7636,39,images/39/7636.png
7636,7637,39,images/39/7637.png
7637,7638,39,images/39/7638.png
7638,7639,39,images/39/7639.png
7639,7640,39,images/39/7640.png
7640,7641,39,images/39/7641.png
7641,7642,39,images/39/7642.png
7642,7643,39,images/39/7643.png
7643,7644,39,images/39/7644.png
7644,7645,39,images/39/7645.png
7645,7646,39,images/39/7646.png
7646,7647,39,images/39/7647.png
7647,7648,39,images/39/7648.png
7648,7649,39,images/39/7649.png
7649,7650,39,images/39/7650.png
7650,7651,39,images/39/7651.png
7651,7652,39,images/39/7652.png
7652,7653,39,images/39/7653.png
7653,7654,39,images/39/7654.png
7654,7655,39,images/39/7655.png
7655,7656,39,images/39/7656.png
7656,7657,39,images/39/7657.png
7657,7658,39,images/39/7658.png
7658,7659,39,images/39/7659.png
7659,7660,40,images/40/7660.png
7660,7661,40,images/40/7661.png
7661,7662,40,images/40/7662.png
7662,7663,40,images/40/7663.png
7663,7664,40,images/40/7664.png
7664,7665,40,images/40/7665.png
7665,7666,40,images/40/7666.png
7666,7667,40,images/40/7667.png
7667,7668,40,images/40/7668.png
7668,7669,40,images/40/7669.png
7669,7670,40,images/40/7670.png
7670,7671,40,images/40/7671.png
7671,7672,40,images/40/7672.png
7672,7673,40,images/40/7673.png
7673,7674,40,images/40/7674.png
7674,7675,40,images/40/7675.png
7675,7676,40,images/40/7676.png
7676,7677,40,images/40/7677.png
7677,7678,40,images/40/7678.png
7678,7679,40,images/40/7679.png
7679,7680,40,images/40/7680.png
7680,7681,40,images/40/7681.png
7681,7682,40,images/40/7682.png
7682,7683,40,images/40/7683.png
7683,7684,40,images/40/7684.png
7684,7685,40,images/40/7685.png
7685,7686,40,images/40/7686.png
7686,7687,40,images/40/7687.png
7687,7688,40,images/40/7688.png
7688,7689,40,images/40/7689.png
7689,7690,40,images/40/7690.png
7690,7691,40,images/40/7691.png
7691,7692,40,images/40/7692.png
7692,7693,40,images/40/7693.png
7693,7694,40,images/40/7694.png
7694,7695,40,images/40/7695.png
7695,7696,40,images/40/7696.png
7696,7697,40,images/40/7697.png
7697,7698,40,images/40/7698.png
7698,7699,40,images/40/7699.png
7699,7700,40,images/40/7700.png
7700,7701,40,images/40/7701.png
7701,7702,40,images/40/7702.png
7702,7703,40,images/40/7703.png
7703,7704,40,images/40/7704.png
7704,7705,40,images/40/7705.png
7705,7706,40,images/40/7706.png
7706,7707,40,images/40/7707.png
7707,7708,40,images/40/7708.png
7708,7709,40,images/40/7709.png
7709,7710,40,images/40/7710.png
7710,7711,40,images/40/7711.png
7711,7712,40,images/40/7712.png
7712,7713,40,images/40/7713.png
7713,7714,40,images/40/7714.png
7714,7715,40,images/40/7715.png
7715,7716,40,images/40/7716.png
7716,7717,40,images/40/7717.png
7717,7718,40,images/40/7718.png
7718,7719,40,images/40/7719.png
7719,7720,40,images/40/7720.png
7720,7721,40,images/40/7721.png
7721,7722,40,images/40/7722.png
7722,7723,40,images/40/7723.png
7723,7724,40,images/40/7724.png
7724,7725,40,images/40/7725.png
7725,7726,40,images/40/7726.png
7726,7727,40,images/40/7727.png
7727,7728,40,images/40/7728.png
7728,7729,40,images/40/7729.png
7729,7730,40,images/40/7730.png
7730,7731,40,images/40/7731.png
7731,7732,41,images/41/7732.png
7732,7733,41,images/41/7733.png
7733,7734,41,images/41/7734.png
7734,7735,41,images/41/7735.png
7735,7736,41,images/41/7736.png
7736,7737,41,images/41/7737.png
7737,7738,41,images/41/7738.png
7738,7739,41,images/41/7739.png
7739,7740,41,images/41/7740.png
7740,7741,41,images/41/7741.png
7741,7742,41,images/41/7742.png
7742,7743,41,images/41/7743.png
7743,7744,41,images/41/7744.png
7744,7745,41,images/41/7745.png
7745,7746,41,images/41/7746.png
7746,7747,41,images/41/7747.png
7747,7748,41,images/41/7748.png
7748,7749,41,images/41/7749.png
7749,7750,41,images/41/7750.png
7750,7751,41,images/41/7751.png
7751,7752,41,images/41/7752.png
7752,7753,41,images/41/7753.png
7753,7754,41,images/41/7754.png
7754,7755,41,images/41/7755.png
7755,7756,41,images/41/7756.png
7756,7757,41,images/41/7757.png
7757,7758,41,images/41/7758.png
7758,7759,41,images/41/7759.png
7759,7760,41,images/41/7760.png
7760,7761,41,images/41/7761.png
7761,7762,41,images/41/7762.png
7762,7763,41,images/41/7763.png
7763,7764,41,images/41/7764.png
7764,7765,41,images/41/7765.png
7765,7766,41,images/41/7766.png
7766,7767,41,images/41/7767.png
7767,7768,41,images/41/7768.png
7768,7769,41,images/41/7769.png
7769,7770,41,images/41/7770.png
7770,7771,41,images/41/7771.png
7771,7772,41,images/41/7772.png
7772,7773,41,images/41/7773.png
7773,7774,41,images/41/7774.png
7774,7775,41,images/41/7775.png
7775,7776,41,images/41/7776.png
7776,7777,41,images/41/7777.png
7777,7778,41,images/41/7778.png
7778,7779,41,images/41/7779.png
7779,7780,41,images/41/7780.png
7780,7781,41,images/41/7781.png
7781,7782,41,images/41/7782.png
7782,7783,41,images/41/7783.png
7783,7784,41,images/41/7784.png
7784,7785,41,images/41/7785.png
7785,7786,41,images/41/7786.png
7786,7787,41,images/41/7787.png
7787,7788,41,images/41/7788.png
7788,7789,41,images/41/7789.png
7789,7790,41,images/41/7790.png
7790,7791,41,images/41/7791.png
7791,7792,41,images/41/7792.png
7792,7793,41,images/41/7793.png
7793,7794,41,images/41/7794.png
7794,7795,41,images/41/7795.png
7795,7796,41,images/41/7796.png
7796,7797,41,images/41/7797.png
7797,7798,41,images/41/7798.png
7798,7799,41,images/41/7799.png
7799,7800,41,images/41/7800.png
7800,7801,41,images/41/7801.png
7801,7802,41,images/41/7802.png
7802,7803,41,images/41/7803.png
7803,7804,41,images/41/7804.png
7804,7805,41,images/41/7805.png
7805,7806,41,images/41/7806.png
7806,7807,41,images/41/7807.png
7807,7808,41,images/41/7808.png
7808,7809,41,images/41/7809.png
7809,7810,41,images/41/7810.png
7810,7811,41,images/41/7811.png
7811,7812,41,images/41/7812.png
7812,7813,41,images/41/7813.png
7813,7814,41,images/41/7814.png
7814,7815,41,images/41/7815.png
7815,7816,41,images/41/7816.png
7816,7817,41,images/41/7817.png
7817,7818,41,images/41/7818.png
7818,7819,41,images/41/7819.png
7819,7820,41,images/41/7820.png
7820,7821,41,images/41/7821.png
7821,7822,41,images/41/7822.png
7822,7823,41,images/41/7823.png
7823,7824,41,images/41/7824.png
7824,7825,41,images/41/7825.png
7825,7826,41,images/41/7826.png
7826,7827,41,images/41/7827.png
7827,7828,41,images/41/7828.png
7828,7829,41,images/41/7829.png
7829,7830,41,images/41/7830.png
7830,7831,41,images/41/7831.png
7831,7832,41,images/41/7832.png
7832,7833,41,images/41/7833.png
7833,7834,41,images/41/7834.png
7834,7835,41,images/41/7835.png
7835,7836,41,images/41/7836.png
7836,7837,41,images/41/7837.png
7837,7838,41,images/41/7838.png
7838,7839,41,images/41/7839.png
7839,7840,41,images/41/7840.png
7840,7841,41,images/41/7841.png
7841,7842,41,images/41/7842.png
7842,7843,41,images/41/7843.png
7843,7844,41,images/41/7844.png
7844,7845,41,images/41/7845.png
7845,7846,41,images/41/7846.png
7846,7847,41,images/41/7847.png
7847,7848,41,images/41/7848.png
7848,7849,41,images/41/7849.png
7849,7850,41,images/41/7850.png
7850,7851,41,images/41/7851.png
7851,7852,41,images/41/7852.png
7852,7853,41,images/41/7853.png
7853,7854,41,images/41/7854.png
7854,7855,41,images/41/7855.png
7855,7856,41,images/41/7856.png
7856,7857,41,images/41/7857.png
7857,7858,41,images/41/7858.png
7858,7859,41,images/41/7859.png
7859,7860,41,images/41/7860.png
7860,7861,41,images/41/7861.png
7861,7862,41,images/41/7862.png
7862,7863,41,images/41/7863.png
7863,7864,41,images/41/7864.png
7864,7865,41,images/41/7865.png
7865,7866,41,images/41/7866.png
7866,7867,41,images/41/7867.png
7867,7868,41,images/41/7868.png
7868,7869,41,images/41/7869.png
7869,7870,41,images/41/7870.png
7870,7871,41,images/41/7871.png
7871,7872,41,images/41/7872.png
7872,7873,41,images/41/7873.png
7873,7874,41,images/41/7874.png
7874,7875,41,images/41/7875.png
7875,7876,41,images/41/7876.png
7876,7877,41,images/41/7877.png
7877,7878,41,images/41/7878.png
7878,7879,41,images/41/7879.png
7879,7880,41,images/41/7880.png
7880,7881,41,images/41/7881.png
7881,7882,41,images/41/7882.png
7882,7883,41,images/41/7883.png
7883,7884,41,images/41/7884.png
7884,7885,41,images/41/7885.png
7885,7886,41,images/41/7886.png
7886,7887,41,images/41/7887.png
7887,7888,41,images/41/7888.png
7888,7889,41,images/41/7889.png
7889,7890,41,images/41/7890.png
7890,7891,41,images/41/7891.png
7891,7892,41,images/41/7892.png
7892,7893,41,images/41/7893.png
7893,7894,41,images/41/7894.png
7894,7895,41,images/41/7895.png
7895,7896,41,images/41/7896.png
7896,7897,41,images/41/7897.png
7897,7898,41,images/41/7898.png
7898,7899,41,images/41/7899.png
7899,7900,41,images/41/7900.png
7900,7901,41,images/41/7901.png
7901,7902,41,images/41/7902.png
7902,7903,41,images/41/7903.png
7903,7904,41,images/41/7904.png
7904,7905,41,images/41/7905.png
7905,7906,41,images/41/7906.png
7906,7907,41,images/41/7907.png
7907,7908,41,images/41/7908.png
7908,7909,41,images/41/7909.png
7909,7910,41,images/41/7910.png
7910,7911,41,images/41/7911.png
7911,7912,41,images/41/7912.png
7912,7913,41,images/41/7913.png
7913,7914,41,images/41/7914.png
7914,7915,41,images/41/7915.png
7915,7916,41,images/41/7916.png
7916,7917,41,images/41/7917.png
7917,7918,41,images/41/7918.png
7918,7919,41,images/41/7919.png
7919,7920,41,images/41/7920.png
7920,7921,41,images/41/7921.png
7921,7922,41,images/41/7922.png
7922,7923,41,images/41/7923.png
7923,7924,41,images/41/7924.png
7924,7925,41,images/41/7925.png
7925,7926,41,images/41/7926.png
7926,7927,41,images/41/7927.png
7927,7928,41,images/41/7928.png
7928,7929,41,images/41/7929.png
7929,7930,41,images/41/7930.png
7930,7931,41,images/41/7931.png
7931,7932,41,images/41/7932.png
7932,7933,41,images/41/7933.png
7933,7934,41,images/41/7934.png
7934,7935,41,images/41/7935.png
7935,7936,41,images/41/7936.png
7936,7937,41,images/41/7937.png
7937,7938,41,images/41/7938.png
7938,7939,41,images/41/7939.png
7939,7940,41,images/41/7940.png
7940,7941,41,images/41/7941.png
7941,7942,41,images/41/7942.png
7942,7943,41,images/41/7943.png
7943,7944,41,images/41/7944.png
7944,7945,41,images/41/7945.png
7945,7946,41,images/41/7946.png
7946,7947,41,images/41/7947.png
7947,7948,41,images/41/7948.png
7948,7949,41,images/41/7949.png
7949,7950,41,images/41/7950.png
7950,7951,41,images/41/7951.png
7951,7952,41,images/41/7952.png
7952,7953,41,images/41/7953.png
7953,7954,41,images/41/7954.png
7954,7955,41,images/41/7955.png
7955,7956,41,images/41/7956.png
7956,7957,41,images/41/7957.png
7957,7958,41,images/41/7958.png
7958,7959,41,images/41/7959.png
7959,7960,41,images/41/7960.png
7960,7961,41,images/41/7961.png
7961,7962,41,images/41/7962.png
7962,7963,41,images/41/7963.png
7963,7964,41,images/41/7964.png
7964,7965,41,images/41/7965.png
7965,7966,41,images/41/7966.png
7966,7967,41,images/41/7967.png
7967,7968,41,images/41/7968.png
7968,7969,41,images/41/7969.png
7969,7970,41,images/41/7970.png
7970,7971,41,images/41/7971.png
7971,7972,41,images/41/7972.png
7972,7973,41,images/41/7973.png
7973,7974,41,images/41/7974.png
7974,7975,41,images/41/7975.png
7975,7976,41,images/41/7976.png
7976,7977,41,images/41/7977.png
7977,7978,41,images/41/7978.png
7978,7979,41,images/41/7979.png
7979,7980,41,images/41/7980.png
7980,7981,41,images/41/7981.png
7981,7982,41,images/41/7982.png
7982,7983,41,images/41/7983.png
7983,7984,41,images/41/7984.png
7984,7985,41,images/41/7985.png
7985,7986,41,images/41/7986.png
7986,7987,41,images/41/7987.png
7987,7988,41,images/41/7988.png
7988,7989,41,images/41/7989.png
7989,7990,41,images/41/7990.png
7990,7991,41,images/41/7991.png
7991,7992,41,images/41/7992.png
7992,7993,41,images/41/7993.png
7993,7994,41,images/41/7994.png
7994,7995,41,images/41/7995.png
7995,7996,41,images/41/7996.png
7996,7997,41,images/41/7997.png
7997,7998,41,images/41/7998.png
7998,7999,41,images/41/7999.png
7999,8000,41,images/41/8000.png
8000,8001,41,images/41/8001.png
8001,8002,41,images/41/8002.png
8002,8003,41,images/41/8003.png
8003,8004,41,images/41/8004.png
8004,8005,41,images/41/8005.png
8005,8006,41,images/41/8006.png
8006,8007,41,images/41/8007.png
8007,8008,41,images/41/8008.png
8008,8009,41,images/41/8009.png
8009,8010,41,images/41/8010.png
8010,8011,41,images/41/8011.png
8011,8012,41,images/41/8012.png
8012,8013,41,images/41/8013.png
8013,8014,41,images/41/8014.png
8014,8015,41,images/41/8015.png
8015,8016,41,images/41/8016.png
8016,8017,41,images/41/8017.png
8017,8018,41,images/41/8018.png
8018,8019,41,images/41/8019.png
8019,8020,41,images/41/8020.png
8020,8021,41,images/41/8021.png
8021,8022,41,images/41/8022.png
8022,8023,41,images/41/8023.png
8023,8024,41,images/41/8024.png
8024,8025,41,images/41/8025.png
8025,8026,41,images/41/8026.png
8026,8027,41,images/41/8027.png
8027,8028,41,images/41/8028.png
8028,8029,41,images/41/8029.png
8029,8030,41,images/41/8030.png
8030,8031,41,images/41/8031.png
8031,8032,41,images/41/8032.png
8032,8033,41,images/41/8033.png
8033,8034,41,images/41/8034.png
8034,8035,41,images/41/8035.png
8035,8036,41,images/41/8036.png
8036,8037,41,images/41/8037.png
8037,8038,41,images/41/8038.png
8038,8039,41,images/41/8039.png
8039,8040,41,images/41/8040.png
8040,8041,41,images/41/8041.png
8041,8042,41,images/41/8042.png
8042,8043,41,images/41/8043.png
8043,8044,41,images/41/8044.png
8044,8045,41,images/41/8045.png
8045,8046,41,images/41/8046.png
8046,8047,41,images/41/8047.png
8047,8048,41,images/41/8048.png
8048,8049,41,images/41/8049.png
8049,8050,41,images/41/8050.png
8050,8051,41,images/41/8051.png
8051,8052,41,images/41/8052.png
8052,8053,41,images/41/8053.png
8053,8054,41,images/41/8054.png
8054,8055,41,images/41/8055.png
8055,8056,41,images/41/8056.png
8056,8057,41,images/41/8057.png
8057,8058,41,images/41/8058.png
8058,8059,41,images/41/8059.png
8059,8060,41,images/41/8060.png
8060,8061,41,images/41/8061.png
8061,8062,41,images/41/8062.png
8062,8063,41,images/41/8063.png
8063,8064,41,images/41/8064.png
8064,8065,41,images/41/8065.png
8065,8066,41,images/41/8066.png
8066,8067,41,images/41/8067.png
8067,8068,41,images/41/8068.png
8068,8069,41,images/41/8069.png
8069,8070,41,images/41/8070.png
8070,8071,41,images/41/8071.png
8071,8072,41,images/41/8072.png
8072,8073,41,images/41/8073.png
8073,8074,41,images/41/8074.png
8074,8075,41,images/41/8075.png
8075,8076,41,images/41/8076.png
8076,8077,41,images/41/8077.png
8077,8078,41,images/41/8078.png
8078,8079,41,images/41/8079.png
8079,8080,41,images/41/8080.png
8080,8081,41,images/41/8081.png
8081,8082,41,images/41/8082.png
8082,8083,41,images/41/8083.png
8083,8084,41,images/41/8084.png
8084,8085,41,images/41/8085.png
8085,8086,41,images/41/8086.png
8086,8087,41,images/41/8087.png
8087,8088,41,images/41/8088.png
8088,8089,41,images/41/8089.png
8089,8090,41,images/41/8090.png
8090,8091,41,images/41/8091.png
8091,8092,41,images/41/8092.png
8092,8093,41,images/41/8093.png
8093,8094,41,images/41/8094.png
8094,8095,41,images/41/8095.png
8095,8096,41,images/41/8096.png
8096,8097,41,images/41/8097.png
8097,8098,41,images/41/8098.png
8098,8099,41,images/41/8099.png
8099,8100,41,images/41/8100.png
8100,8101,41,images/41/8101.png
8101,8102,41,images/41/8102.png
8102,8103,41,images/41/8103.png
8103,8104,41,images/41/8104.png
8104,8105,41,images/41/8105.png
8105,8106,41,images/41/8106.png
8106,8107,41,images/41/8107.png
8107,8108,41,images/41/8108.png
8108,8109,41,images/41/8109.png
8109,8110,41,images/41/8110.png
8110,8111,41,images/41/8111.png
8111,8112,41,images/41/8112.png
8112,8113,41,images/41/8113.png
8113,8114,41,images/41/8114.png
8114,8115,41,images/41/8115.png
8115,8116,41,images/41/8116.png
8116,8117,41,images/41/8117.png
8117,8118,41,images/41/8118.png
8118,8119,41,images/41/8119.png
8119,8120,41,images/41/8120.png
8120,8121,41,images/41/8121.png
8121,8122,41,images/41/8122.png
8122,8123,41,images/41/8123.png
8123,8124,41,images/41/8124.png
8124,8125,41,images/41/8125.png
8125,8126,41,images/41/8126.png
8126,8127,41,images/41/8127.png
8127,8128,41,images/41/8128.png
8128,8129,41,images/41/8129.png
8129,8130,41,images/41/8130.png
8130,8131,41,images/41/8131.png
8131,8132,41,images/41/8132.png
8132,8133,41,images/41/8133.png
8133,8134,41,images/41/8134.png
8134,8135,41,images/41/8135.png
8135,8136,41,images/41/8136.png
8136,8137,41,images/41/8137.png
8137,8138,41,images/41/8138.png
8138,8139,41,images/41/8139.png
8139,8140,41,images/41/8140.png
8140,8141,41,images/41/8141.png
8141,8142,41,images/41/8142.png
8142,8143,41,images/41/8143.png
8143,8144,41,images/41/8144.png
8144,8145,41,images/41/8145.png
8145,8146,41,images/41/8146.png
8146,8147,41,images/41/8147.png
8147,8148,41,images/41/8148.png
8148,8149,41,images/41/8149.png
8149,8150,41,images/41/8150.png
8150,8151,41,images/41/8151.png
8151,8152,41,images/41/8152.png
8152,8153,41,images/41/8153.png
8153,8154,41,images/41/8154.png
8154,8155,41,images/41/8155.png
8155,8156,41,images/41/8156.png
8156,8157,41,images/41/8157.png
8157,8158,41,images/41/8158.png
8158,8159,41,images/41/8159.png
8159,8160,41,images/41/8160.png
8160,8161,41,images/41/8161.png
8161,8162,41,images/41/8162.png
8162,8163,41,images/41/8163.png
8163,8164,41,images/41/8164.png
8164,8165,41,images/41/8165.png
8165,8166,41,images/41/8166.png
8166,8167,41,images/41/8167.png
8167,8168,41,images/41/8168.png
8168,8169,41,images/41/8169.png
8169,8170,41,images/41/8170.png
8170,8171,41,images/41/8171.png
8171,8172,41,images/41/8172.png
8172,8173,41,images/41/8173.png
8173,8174,41,images/41/8174.png
8174,8175,41,images/41/8175.png
8175,8176,41,images/41/8176.png
8176,8177,41,images/41/8177.png
8177,8178,41,images/41/8178.png
8178,8179,41,images/41/8179.png
8179,8180,41,images/41/8180.png
8180,8181,41,images/41/8181.png
8181,8182,41,images/41/8182.png
8182,8183,41,images/41/8183.png
8183,8184,41,images/41/8184.png
8184,8185,41,images/41/8185.png
8185,8186,41,images/41/8186.png
8186,8187,41,images/41/8187.png
8187,8188,41,images/41/8188.png
8188,8189,41,images/41/8189.png
8189,8190,41,images/41/8190.png
8190,8191,41,images/41/8191.png
8191,8192,41,images/41/8192.png
8192,8193,41,images/41/8193.png
8193,8194,41,images/41/8194.png
8194,8195,41,images/41/8195.png
8195,8196,41,images/41/8196.png
8196,8197,41,images/41/8197.png
8197,8198,41,images/41/8198.png
8198,8199,41,images/41/8199.png
8199,8200,41,images/41/8200.png
8200,8201,41,images/41/8201.png
8201,8202,41,images/41/8202.png
8202,8203,41,images/41/8203.png
8203,8204,41,images/41/8204.png
8204,8205,41,images/41/8205.png
8205,8206,41,images/41/8206.png
8206,8207,41,images/41/8207.png
8207,8208,41,images/41/8208.png
8208,8209,41,images/41/8209.png
8209,8210,41,images/41/8210.png
8210,8211,41,images/41/8211.png
8211,8212,41,images/41/8212.png
8212,8213,41,images/41/8213.png
8213,8214,41,images/41/8214.png
8214,8215,41,images/41/8215.png
8215,8216,41,images/41/8216.png
8216,8217,41,images/41/8217.png
8217,8218,41,images/41/8218.png
8218,8219,41,images/41/8219.png
8219,8220,41,images/41/8220.png
8220,8221,41,images/41/8221.png
8221,8222,41,images/41/8222.png
8222,8223,41,images/41/8223.png
8223,8224,41,images/41/8224.png
8224,8225,41,images/41/8225.png
8225,8226,41,images/41/8226.png
8226,8227,41,images/41/8227.png
8227,8228,41,images/41/8228.png
8228,8229,41,images/41/8229.png
8229,8230,41,images/41/8230.png
8230,8231,41,images/41/8231.png
8231,8232,41,images/41/8232.png
8232,8233,41,images/41/8233.png
8233,8234,41,images/41/8234.png
8234,8235,41,images/41/8235.png
8235,8236,41,images/41/8236.png
8236,8237,41,images/41/8237.png
8237,8238,41,images/41/8238.png
8238,8239,41,images/41/8239.png
8239,8240,41,images/41/8240.png
8240,8241,41,images/41/8241.png
8241,8242,41,images/41/8242.png
8242,8243,41,images/41/8243.png
8243,8244,41,images/41/8244.png
8244,8245,41,images/41/8245.png
8245,8246,41,images/41/8246.png
8246,8247,41,images/41/8247.png
8247,8248,41,images/41/8248.png
8248,8249,41,images/41/8249.png
8249,8250,41,images/41/8250.png
8250,8251,41,images/41/8251.png
8251,8252,41,images/41/8252.png
8252,8253,41,images/41/8253.png
8253,8254,41,images/41/8254.png
8254,8255,41,images/41/8255.png
8255,8256,41,images/41/8256.png
8256,8257,41,images/41/8257.png
8257,8258,41,images/41/8258.png
8258,8259,41,images/41/8259.png
8259,8260,41,images/41/8260.png
8260,8261,41,images/41/8261.png
8261,8262,41,images/41/8262.png
8262,8263,41,images/41/8263.png
8263,8264,41,images/41/8264.png
8264,8265,41,images/41/8265.png
8265,8266,41,images/41/8266.png
8266,8267,41,images/41/8267.png
8267,8268,41,images/41/8268.png
8268,8269,41,images/41/8269.png
8269,8270,41,images/41/8270.png
8270,8271,41,images/41/8271.png
8271,8272,41,images/41/8272.png
8272,8273,41,images/41/8273.png
8273,8274,41,images/41/8274.png
8274,8275,41,images/41/8275.png
8275,8276,41,images/41/8276.png
8276,8277,41,images/41/8277.png
8277,8278,41,images/41/8278.png
8278,8279,41,images/41/8279.png
8279,8280,41,images/41/8280.png
8280,8281,41,images/41/8281.png
8281,8282,41,images/41/8282.png
8282,8283,41,images/41/8283.png
8283,8284,41,images/41/8284.png
8284,8285,41,images/41/8285.png
8285,8286,41,images/41/8286.png
8286,8287,41,images/41/8287.png
8287,8288,41,images/41/8288.png
8288,8289,41,images/41/8289.png
8289,8290,41,images/41/8290.png
8290,8291,41,images/41/8291.png
8291,8292,41,images/41/8292.png
8292,8293,41,images/41/8293.png
8293,8294,41,images/41/8294.png
8294,8295,41,images/41/8295.png
8295,8296,41,images/41/8296.png
8296,8297,41,images/41/8297.png
8297,8298,41,images/41/8298.png
8298,8299,41,images/41/8299.png
8299,8300,41,images/41/8300.png
8300,8301,41,images/41/8301.png
8301,8302,41,images/41/8302.png
8302,8303,41,images/41/8303.png
8303,8304,41,images/41/8304.png
8304,8305,41,images/41/8305.png
8305,8306,41,images/41/8306.png
8306,8307,41,images/41/8307.png
8307,8308,41,images/41/8308.png
8308,8309,41,images/41/8309.png
8309,8310,41,images/41/8310.png
8310,8311,41,images/41/8311.png
8311,8312,42,images/42/8312.png
8312,8313,42,images/42/8313.png
8313,8314,42,images/42/8314.png
8314,8315,42,images/42/8315.png
8315,8316,42,images/42/8316.png
8316,8317,42,images/42/8317.png
8317,8318,42,images/42/8318.png
8318,8319,42,images/42/8319.png
8319,8320,42,images/42/8320.png
8320,8321,42,images/42/8321.png
8321,8322,42,images/42/8322.png
8322,8323,42,images/42/8323.png
8323,8324,42,images/42/8324.png
8324,8325,42,images/42/8325.png
8325,8326,42,images/42/8326.png
8326,8327,42,images/42/8327.png
8327,8328,42,images/42/8328.png
8328,8329,42,images/42/8329.png
8329,8330,42,images/42/8330.png
8330,8331,42,images/42/8331.png
8331,8332,42,images/42/8332.png
8332,8333,42,images/42/8333.png
8333,8334,42,images/42/8334.png
8334,8335,42,images/42/8335.png
8335,8336,42,images/42/8336.png
8336,8337,42,images/42/8337.png
8337,8338,42,images/42/8338.png
8338,8339,42,images/42/8339.png
8339,8340,42,images/42/8340.png
8340,8341,42,images/42/8341.png
8341,8342,42,images/42/8342.png
8342,8343,42,images/42/8343.png
8343,8344,42,images/42/8344.png
8344,8345,42,images/42/8345.png
8345,8346,42,images/42/8346.png
8346,8347,42,images/42/8347.png
8347,8348,42,images/42/8348.png
8348,8349,42,images/42/8349.png
8349,8350,42,images/42/8350.png
8350,8351,42,images/42/8351.png
8351,8352,42,images/42/8352.png
8352,8353,42,images/42/8353.png
8353,8354,42,images/42/8354.png
8354,8355,42,images/42/8355.png
8355,8356,42,images/42/8356.png
8356,8357,42,images/42/8357.png
8357,8358,42,images/42/8358.png
8358,8359,42,images/42/8359.png
8359,8360,42,images/42/8360.png
8360,8361,42,images/42/8361.png
8361,8362,42,images/42/8362.png
8362,8363,42,images/42/8363.png
8363,8364,42,images/42/8364.png
8364,8365,42,images/42/8365.png
8365,8366,42,images/42/8366.png
8366,8367,42,images/42/8367.png
8367,8368,42,images/42/8368.png
8368,8369,42,images/42/8369.png
8369,8370,42,images/42/8370.png
8370,8371,42,images/42/8371.png
8371,8372,42,images/42/8372.png
8372,8373,42,images/42/8373.png
8373,8374,42,images/42/8374.png
8374,8375,42,images/42/8375.png
8375,8376,42,images/42/8376.png
8376,8377,42,images/42/8377.png
8377,8378,42,images/42/8378.png
8378,8379,42,images/42/8379.png
8379,8380,42,images/42/8380.png
8380,8381,42,images/42/8381.png
8381,8382,42,images/42/8382.png
8382,8383,42,images/42/8383.png
8383,8384,42,images/42/8384.png
8384,8385,42,images/42/8385.png
8385,8386,42,images/42/8386.png
8386,8387,42,images/42/8387.png
8387,8388,42,images/42/8388.png
8388,8389,42,images/42/8389.png
8389,8390,43,images/43/8390.png
8390,8391,43,images/43/8391.png
8391,8392,43,images/43/8392.png
8392,8393,43,images/43/8393.png
8393,8394,43,images/43/8394.png
8394,8395,43,images/43/8395.png
8395,8396,43,images/43/8396.png
8396,8397,43,images/43/8397.png
8397,8398,43,images/43/8398.png
8398,8399,43,images/43/8399.png
8399,8400,43,images/43/8400.png
8400,8401,43,images/43/8401.png
8401,8402,43,images/43/8402.png
8402,8403,43,images/43/8403.png
8403,8404,43,images/43/8404.png
8404,8405,43,images/43/8405.png
8405,8406,43,images/43/8406.png
8406,8407,43,images/43/8407.png
8407,8408,43,images/43/8408.png
8408,8409,43,images/43/8409.png
8409,8410,43,images/43/8410.png
8410,8411,43,images/43/8411.png
8411,8412,43,images/43/8412.png
8412,8413,43,images/43/8413.png
8413,8414,43,images/43/8414.png
8414,8415,43,images/43/8415.png
8415,8416,43,images/43/8416.png
8416,8417,43,images/43/8417.png
8417,8418,43,images/43/8418.png
8418,8419,43,images/43/8419.png
8419,8420,43,images/43/8420.png
8420,8421,43,images/43/8421.png
8421,8422,43,images/43/8422.png
8422,8423,43,images/43/8423.png
8423,8424,43,images/43/8424.png
8424,8425,43,images/43/8425.png
8425,8426,43,images/43/8426.png
8426,8427,43,images/43/8427.png
8427,8428,43,images/43/8428.png
8428,8429,43,images/43/8429.png
8429,8430,43,images/43/8430.png
8430,8431,43,images/43/8431.png
8431,8432,43,images/43/8432.png
8432,8433,43,images/43/8433.png
8433,8434,43,images/43/8434.png
8434,8435,43,images/43/8435.png
8435,8436,43,images/43/8436.png
8436,8437,43,images/43/8437.png
8437,8438,43,images/43/8438.png
8438,8439,43,images/43/8439.png
8439,8440,43,images/43/8440.png
8440,8441,43,images/43/8441.png
8441,8442,43,images/43/8442.png
8442,8443,43,images/43/8443.png
8443,8444,43,images/43/8444.png
8444,8445,43,images/43/8445.png
8445,8446,43,images/43/8446.png
8446,8447,43,images/43/8447.png
8447,8448,43,images/43/8448.png
8448,8449,43,images/43/8449.png
8449,8450,43,images/43/8450.png
8450,8451,43,images/43/8451.png
8451,8452,43,images/43/8452.png
8452,8453,43,images/43/8453.png
8453,8454,43,images/43/8454.png
8454,8455,43,images/43/8455.png
8455,8456,43,images/43/8456.png
8456,8457,43,images/43/8457.png
8457,8458,43,images/43/8458.png
8458,8459,43,images/43/8459.png
8459,8460,43,images/43/8460.png
8460,8461,43,images/43/8461.png
8461,8462,43,images/43/8462.png
8462,8463,43,images/43/8463.png
8463,8464,43,images/43/8464.png
8464,8465,43,images/43/8465.png
8465,8466,43,images/43/8466.png
8466,8467,43,images/43/8467.png
8467,8468,43,images/43/8468.png
8468,8469,43,images/43/8469.png
8469,8470,43,images/43/8470.png
8470,8471,43,images/43/8471.png
8471,8472,43,images/43/8472.png
8472,8473,43,images/43/8473.png
8473,8474,43,images/43/8474.png
8474,8475,43,images/43/8475.png
8475,8476,43,images/43/8476.png
8476,8477,43,images/43/8477.png
8477,8478,43,images/43/8478.png
8478,8479,43,images/43/8479.png
8479,8480,43,images/43/8480.png
8480,8481,43,images/43/8481.png
8481,8482,43,images/43/8482.png
8482,8483,43,images/43/8483.png
8483,8484,43,images/43/8484.png
8484,8485,43,images/43/8485.png
8485,8486,43,images/43/8486.png
8486,8487,43,images/43/8487.png
8487,8488,43,images/43/8488.png
8488,8489,43,images/43/8489.png
8489,8490,43,images/43/8490.png
8490,8491,43,images/43/8491.png
8491,8492,43,images/43/8492.png
8492,8493,43,images/43/8493.png
8493,8494,43,images/43/8494.png
8494,8495,43,images/43/8495.png
8495,8496,43,images/43/8496.png
8496,8497,43,images/43/8497.png
8497,8498,43,images/43/8498.png
8498,8499,43,images/43/8499.png
8499,8500,43,images/43/8500.png
8500,8501,43,images/43/8501.png
8501,8502,43,images/43/8502.png
8502,8503,43,images/43/8503.png
8503,8504,43,images/43/8504.png
8504,8505,43,images/43/8505.png
8505,8506,43,images/43/8506.png
8506,8507,43,images/43/8507.png
8507,8508,43,images/43/8508.png
8508,8509,43,images/43/8509.png
8509,8510,43,images/43/8510.png
8510,8511,43,images/43/8511.png
8511,8512,43,images/43/8512.png
8512,8513,43,images/43/8513.png
8513,8514,43,images/43/8514.png
8514,8515,43,images/43/8515.png
8515,8516,43,images/43/8516.png
8516,8517,43,images/43/8517.png
8517,8518,43,images/43/8518.png
8518,8519,43,images/43/8519.png
8519,8520,43,images/43/8520.png
8520,8521,43,images/43/8521.png
8521,8522,43,images/43/8522.png
8522,8523,43,images/43/8523.png
8523,8524,43,images/43/8524.png
8524,8525,43,images/43/8525.png
8525,8526,43,images/43/8526.png
8526,8527,43,images/43/8527.png
8527,8528,43,images/43/8528.png
8528,8529,43,images/43/8529.png
8529,8530,43,images/43/8530.png
8530,8531,43,images/43/8531.png
8531,8532,43,images/43/8532.png
8532,8533,43,images/43/8533.png
8533,8534,43,images/43/8534.png
8534,8535,43,images/43/8535.png
8535,8536,43,images/43/8536.png
8536,8537,43,images/43/8537.png
8537,8538,43,images/43/8538.png
8538,8539,43,images/43/8539.png
8539,8540,43,images/43/8540.png
8540,8541,43,images/43/8541.png
8541,8542,43,images/43/8542.png
8542,8543,43,images/43/8543.png
8543,8544,43,images/43/8544.png
8544,8545,43,images/43/8545.png
8545,8546,43,images/43/8546.png
8546,8547,43,images/43/8547.png
8547,8548,43,images/43/8548.png
8548,8549,43,images/43/8549.png
8549,8550,43,images/43/8550.png
8550,8551,43,images/43/8551.png
8551,8552,43,images/43/8552.png
8552,8553,43,images/43/8553.png
8553,8554,43,images/43/8554.png
8554,8555,43,images/43/8555.png
8555,8556,43,images/43/8556.png
8556,8557,43,images/43/8557.png
8557,8558,43,images/43/8558.png
8558,8559,43,images/43/8559.png
8559,8560,43,images/43/8560.png
8560,8561,43,images/43/8561.png
8561,8562,44,images/44/8562.png
8562,8563,44,images/44/8563.png
8563,8564,44,images/44/8564.png
8564,8565,44,images/44/8565.png
8565,8566,44,images/44/8566.png
8566,8567,44,images/44/8567.png
8567,8568,44,images/44/8568.png
8568,8569,44,images/44/8569.png
8569,8570,44,images/44/8570.png
8570,8571,44,images/44/8571.png
8571,8572,44,images/44/8572.png
8572,8573,44,images/44/8573.png
8573,8574,44,images/44/8574.png
8574,8575,44,images/44/8575.png
8575,8576,44,images/44/8576.png
8576,8577,44,images/44/8577.png
8577,8578,44,images/44/8578.png
8578,8579,44,images/44/8579.png
8579,8580,44,images/44/8580.png
8580,8581,44,images/44/8581.png
8581,8582,44,images/44/8582.png
8582,8583,44,images/44/8583.png
8583,8584,44,images/44/8584.png
8584,8585,44,images/44/8585.png
8585,8586,44,images/44/8586.png
8586,8587,44,images/44/8587.png
8587,8588,44,images/44/8588.png
8588,8589,44,images/44/8589.png
8589,8590,44,images/44/8590.png
8590,8591,44,images/44/8591.png
8591,8592,44,images/44/8592.png
8592,8593,44,images/44/8593.png
8593,8594,44,images/44/8594.png
8594,8595,44,images/44/8595.png
8595,8596,45,images/45/8596.png
8596,8597,45,images/45/8597.png
8597,8598,45,images/45/8598.png
8598,8599,45,images/45/8599.png
8599,8600,45,images/45/8600.png
8600,8601,45,images/45/8601.png
8601,8602,45,images/45/8602.png
8602,8603,45,images/45/8603.png
8603,8604,45,images/45/8604.png
8604,8605,45,images/45/8605.png
8605,8606,45,images/45/8606.png
8606,8607,45,images/45/8607.png
8607,8608,46,images/46/8608.png
8608,8609,46,images/46/8609.png
8609,8610,46,images/46/8610.png
8610,8611,46,images/46/8611.png
8611,8612,46,images/46/8612.png
8612,8613,46,images/46/8613.png
8613,8614,46,images/46/8614.png
8614,8615,46,images/46/8615.png
8615,8616,46,images/46/8616.png
8616,8617,46,images/46/8617.png
8617,8618,46,images/46/8618.png
8618,8619,46,images/46/8619.png
8619,8620,46,images/46/8620.png
8620,8621,46,images/46/8621.png
8621,8622,46,images/46/8622.png
8622,8623,46,images/46/8623.png
8623,8624,46,images/46/8624.png
8624,8625,46,images/46/8625.png
8625,8626,46,images/46/8626.png
8626,8627,46,images/46/8627.png
8627,8628,46,images/46/8628.png
8628,8629,46,images/46/8629.png
8629,8630,46,images/46/8630.png
8630,8631,46,images/46/8631.png
8631,8632,46,images/46/8632.png
8632,8633,46,images/46/8633.png
8633,8634,46,images/46/8634.png
8634,8635,46,images/46/8635.png
8635,8636,46,images/46/8636.png
8636,8637,46,images/46/8637.png
8637,8638,46,images/46/8638.png
8638,8639,46,images/46/8639.png
8639,8640,46,images/46/8640.png
8640,8641,46,images/46/8641.png
8641,8642,46,images/46/8642.png
8642,8643,46,images/46/8643.png
8643,8644,46,images/46/8644.png
8644,8645,46,images/46/8645.png
8645,8646,46,images/46/8646.png
8646,8647,46,images/46/8647.png
8647,8648,46,images/46/8648.png
8648,8649,46,images/46/8649.png
8649,8650,46,images/46/8650.png
8650,8651,46,images/46/8651.png
8651,8652,46,images/46/8652.png
8652,8653,46,images/46/8653.png
8653,8654,46,images/46/8654.png
8654,8655,46,images/46/8655.png
8655,8656,46,images/46/8656.png
8656,8657,46,images/46/8657.png
8657,8658,46,images/46/8658.png
8658,8659,46,images/46/8659.png
8659,8660,46,images/46/8660.png
8660,8661,46,images/46/8661.png
8661,8662,46,images/46/8662.png
8662,8663,46,images/46/8663.png
8663,8664,46,images/46/8664.png
8664,8665,46,images/46/8665.png
8665,8666,46,images/46/8666.png
8666,8667,46,images/46/8667.png
8667,8668,46,images/46/8668.png
8668,8669,46,images/46/8669.png
8669,8670,46,images/46/8670.png
8670,8671,46,images/46/8671.png
8671,8672,46,images/46/8672.png
8672,8673,46,images/46/8673.png
8673,8674,46,images/46/8674.png
8674,8675,46,images/46/8675.png
8675,8676,46,images/46/8676.png
8676,8677,46,images/46/8677.png
8677,8678,46,images/46/8678.png
8678,8679,46,images/46/8679.png
8679,8680,46,images/46/8680.png
8680,8681,46,images/46/8681.png
8681,8682,46,images/46/8682.png
8682,8683,46,images/46/8683.png
8683,8684,46,images/46/8684.png
8684,8685,46,images/46/8685.png
8685,8686,46,images/46/8686.png
8686,8687,46,images/46/8687.png
8687,8688,46,images/46/8688.png
8688,8689,46,images/46/8689.png
8689,8690,46,images/46/8690.png
8690,8691,46,images/46/8691.png
8691,8692,46,images/46/8692.png
8692,8693,46,images/46/8693.png
8693,8694,46,images/46/8694.png
8694,8695,46,images/46/8695.png
8695,8696,46,images/46/8696.png
8696,8697,46,images/46/8697.png
8697,8698,46,images/46/8698.png
8698,8699,46,images/46/8699.png
8699,8700,46,images/46/8700.png
8700,8701,46,images/46/8701.png
8701,8702,46,images/46/8702.png
8702,8703,46,images/46/8703.png
8703,8704,46,images/46/8704.png
8704,8705,46,images/46/8705.png
8705,8706,46,images/46/8706.png
8706,8707,46,images/46/8707.png
8707,8708,46,images/46/8708.png
8708,8709,46,images/46/8709.png
8709,8710,46,images/46/8710.png
8710,8711,46,images/46/8711.png
8711,8712,46,images/46/8712.png
8712,8713,46,images/46/8713.png
8713,8714,46,images/46/8714.png
8714,8715,46,images/46/8715.png
8715,8716,46,images/46/8716.png
8716,8717,46,images/46/8717.png
8717,8718,46,images/46/8718.png
8718,8719,46,images/46/8719.png
8719,8720,46,images/46/8720.png
8720,8721,46,images/46/8721.png
8721,8722,46,images/46/8722.png
8722,8723,46,images/46/8723.png
8723,8724,46,images/46/8724.png
8724,8725,46,images/46/8725.png
8725,8726,46,images/46/8726.png
8726,8727,46,images/46/8727.png
8727,8728,46,images/46/8728.png
8728,8729,46,images/46/8729.png
8729,8730,46,images/46/8730.png
8730,8731,46,images/46/8731.png
8731,8732,46,images/46/8732.png
8732,8733,46,images/46/8733.png
8733,8734,46,images/46/8734.png
8734,8735,46,images/46/8735.png
8735,8736,46,images/46/8736.png
8736,8737,46,images/46/8737.png
8737,8738,46,images/46/8738.png
8738,8739,46,images/46/8739.png
8739,8740,46,images/46/8740.png
8740,8741,46,images/46/8741.png
8741,8742,46,images/46/8742.png
8742,8743,46,images/46/8743.png
8743,8744,46,images/46/8744.png
8744,8745,46,images/46/8745.png
8745,8746,46,images/46/8746.png
8746,8747,46,images/46/8747.png
8747,8748,46,images/46/8748.png
8748,8749,46,images/46/8749.png
8749,8750,46,images/46/8750.png
8750,8751,46,images/46/8751.png
8751,8752,46,images/46/8752.png
8752,8753,46,images/46/8753.png
8753,8754,46,images/46/8754.png
8754,8755,46,images/46/8755.png
8755,8756,46,images/46/8756.png
8756,8757,46,images/46/8757.png
8757,8758,46,images/46/8758.png
8758,8759,46,images/46/8759.png
8759,8760,46,images/46/8760.png
8760,8761,46,images/46/8761.png
8761,8762,46,images/46/8762.png
8762,8763,46,images/46/8763.png
8763,8764,46,images/46/8764.png
8764,8765,46,images/46/8765.png
8765,8766,46,images/46/8766.png
8766,8767,46,images/46/8767.png
8767,8768,46,images/46/8768.png
8768,8769,46,images/46/8769.png
8769,8770,46,images/46/8770.png
8770,8771,46,images/46/8771.png
8771,8772,46,images/46/8772.png
8772,8773,46,images/46/8773.png
8773,8774,46,images/46/8774.png
8774,8775,46,images/46/8775.png
8775,8776,46,images/46/8776.png
8776,8777,46,images/46/8777.png
8777,8778,46,images/46/8778.png
8778,8779,46,images/46/8779.png
8779,8780,46,images/46/8780.png
8780,8781,46,images/46/8781.png
8781,8782,46,images/46/8782.png
8782,8783,46,images/46/8783.png
8783,8784,46,images/46/8784.png
8784,8785,46,images/46/8785.png
8785,8786,46,images/46/8786.png
8786,8787,46,images/46/8787.png
8787,8788,46,images/46/8788.png
8788,8789,46,images/46/8789.png
8789,8790,46,images/46/8790.png
8790,8791,46,images/46/8791.png
8791,8792,46,images/46/8792.png
8792,8793,46,images/46/8793.png
8793,8794,46,images/46/8794.png
8794,8795,46,images/46/8795.png
8795,8796,46,images/46/8796.png
8796,8797,46,images/46/8797.png
8797,8798,46,images/46/8798.png
8798,8799,46,images/46/8799.png
8799,8800,46,images/46/8800.png
8800,8801,46,images/46/8801.png
8801,8802,46,images/46/8802.png
8802,8803,46,images/46/8803.png
8803,8804,46,images/46/8804.png
8804,8805,46,images/46/8805.png
8805,8806,46,images/46/8806.png
8806,8807,46,images/46/8807.png
8807,8808,46,images/46/8808.png
8808,8809,46,images/46/8809.png
8809,8810,46,images/46/8810.png
8810,8811,46,images/46/8811.png
8811,8812,46,images/46/8812.png
8812,8813,46,images/46/8813.png
8813,8814,46,images/46/8814.png
8814,8815,46,images/46/8815.png
8815,8816,46,images/46/8816.png
8816,8817,46,images/46/8817.png
8817,8818,46,images/46/8818.png
8818,8819,46,images/46/8819.png
8819,8820,46,images/46/8820.png
8820,8821,46,images/46/8821.png
8821,8822,46,images/46/8822.png
8822,8823,46,images/46/8823.png
8823,8824,46,images/46/8824.png
8824,8825,46,images/46/8825.png
8825,8826,46,images/46/8826.png
8826,8827,46,images/46/8827.png
8827,8828,46,images/46/8828.png
8828,8829,46,images/46/8829.png
8829,8830,46,images/46/8830.png
8830,8831,46,images/46/8831.png
8831,8832,46,images/46/8832.png
8832,8833,46,images/46/8833.png
8833,8834,46,images/46/8834.png
8834,8835,46,images/46/8835.png
8835,8836,46,images/46/8836.png
8836,8837,46,images/46/8837.png
8837,8838,46,images/46/8838.png
8838,8839,46,images/46/8839.png
8839,8840,46,images/46/8840.png
8840,8841,46,images/46/8841.png
8841,8842,46,images/46/8842.png
8842,8843,46,images/46/8843.png
8843,8844,46,images/46/8844.png
8844,8845,46,images/46/8845.png
8845,8846,46,images/46/8846.png
8846,8847,46,images/46/8847.png
8847,8848,46,images/46/8848.png
8848,8849,46,images/46/8849.png
8849,8850,46,images/46/8850.png
8850,8851,46,images/46/8851.png
8851,8852,46,images/46/8852.png
8852,8853,46,images/46/8853.png
8853,8854,46,images/46/8854.png
8854,8855,46,images/46/8855.png
8855,8856,46,images/46/8856.png
8856,8857,46,images/46/8857.png
8857,8858,46,images/46/8858.png
8858,8859,46,images/46/8859.png
8859,8860,46,images/46/8860.png
8860,8861,46,images/46/8861.png
8861,8862,46,images/46/8862.png
8862,8863,46,images/46/8863.png
8863,8864,46,images/46/8864.png
8864,8865,46,images/46/8865.png
8865,8866,46,images/46/8866.png
8866,8867,46,images/46/8867.png
8867,8868,46,images/46/8868.png
8868,8869,46,images/46/8869.png
8869,8870,46,images/46/8870.png
8870,8871,46,images/46/8871.png
8871,8872,46,images/46/8872.png
8872,8873,46,images/46/8873.png
8873,8874,46,images/46/8874.png
8874,8875,46,images/46/8875.png
8875,8876,46,images/46/8876.png
8876,8877,46,images/46/8877.png
8877,8878,46,images/46/8878.png
8878,8879,46,images/46/8879.png
8879,8880,46,images/46/8880.png
8880,8881,46,images/46/8881.png
8881,8882,46,images/46/8882.png
8882,8883,46,images/46/8883.png
8883,8884,46,images/46/8884.png
8884,8885,46,images/46/8885.png
8885,8886,46,images/46/8886.png
8886,8887,46,images/46/8887.png
8887,8888,46,images/46/8888.png
8888,8889,46,images/46/8889.png
8889,8890,46,images/46/8890.png
8890,8891,46,images/46/8891.png
8891,8892,46,images/46/8892.png
8892,8893,46,images/46/8893.png
8893,8894,46,images/46/8894.png
8894,8895,46,images/46/8895.png
8895,8896,46,images/46/8896.png
8896,8897,46,images/46/8897.png
8897,8898,46,images/46/8898.png
8898,8899,46,images/46/8899.png
8899,8900,46,images/46/8900.png
8900,8901,46,images/46/8901.png
8901,8902,46,images/46/8902.png
8902,8903,46,images/46/8903.png
8903,8904,46,images/46/8904.png
8904,8905,46,images/46/8905.png
8905,8906,46,images/46/8906.png
8906,8907,46,images/46/8907.png
8907,8908,46,images/46/8908.png
8908,8909,46,images/46/8909.png
8909,8910,47,images/47/8910.png
8910,8911,47,images/47/8911.png
8911,8912,47,images/47/8912.png
8912,8913,47,images/47/8913.png
8913,8914,47,images/47/8914.png
8914,8915,47,images/47/8915.png
8915,8916,47,images/47/8916.png
8916,8917,47,images/47/8917.png
8917,8918,47,images/47/8918.png
8918,8919,47,images/47/8919.png
8919,8920,47,images/47/8920.png
8920,8921,47,images/47/8921.png
8921,8922,47,images/47/8922.png
8922,8923,47,images/47/8923.png
8923,8924,47,images/47/8924.png
8924,8925,47,images/47/8925.png
8925,8926,47,images/47/8926.png
8926,8927,47,images/47/8927.png
8927,8928,47,images/47/8928.png
8928,8929,47,images/47/8929.png
8929,8930,47,images/47/8930.png
8930,8931,47,images/47/8931.png
8931,8932,47,images/47/8932.png
8932,8933,47,images/47/8933.png
8933,8934,47,images/47/8934.png
8934,8935,47,images/47/8935.png
8935,8936,47,images/47/8936.png
8936,8937,47,images/47/8937.png
8937,8938,47,images/47/8938.png
8938,8939,47,images/47/8939.png
8939,8940,47,images/47/8940.png
8940,8941,47,images/47/8941.png
8941,8942,47,images/47/8942.png
8942,8943,47,images/47/8943.png
8943,8944,47,images/47/8944.png
8944,8945,47,images/47/8945.png
8945,8946,47,images/47/8946.png
8946,8947,47,images/47/8947.png
8947,8948,47,images/47/8948.png
8948,8949,47,images/47/8949.png
8949,8950,47,images/47/8950.png
8950,8951,47,images/47/8951.png
8951,8952,47,images/47/8952.png
8952,8953,47,images/47/8953.png
8953,8954,47,images/47/8954.png
8954,8955,47,images/47/8955.png
8955,8956,47,images/47/8956.png
8956,8957,47,images/47/8957.png
8957,8958,47,images/47/8958.png
8958,8959,47,images/47/8959.png
8959,8960,47,images/47/8960.png
8960,8961,47,images/47/8961.png
8961,8962,47,images/47/8962.png
8962,8963,47,images/47/8963.png
8963,8964,47,images/47/8964.png
8964,8965,47,images/47/8965.png
8965,8966,47,images/47/8966.png
8966,8967,47,images/47/8967.png
8967,8968,47,images/47/8968.png
8968,8969,47,images/47/8969.png
8969,8970,47,images/47/8970.png
8970,8971,47,images/47/8971.png
8971,8972,47,images/47/8972.png
8972,8973,47,images/47/8973.png
8973,8974,47,images/47/8974.png
8974,8975,47,images/47/8975.png
8975,8976,47,images/47/8976.png
8976,8977,47,images/47/8977.png
8977,8978,47,images/47/8978.png
8978,8979,47,images/47/8979.png
8979,8980,47,images/47/8980.png
8980,8981,47,images/47/8981.png
8981,8982,47,images/47/8982.png
8982,8983,47,images/47/8983.png
8983,8984,47,images/47/8984.png
8984,8985,47,images/47/8985.png
8985,8986,47,images/47/8986.png
8986,8987,47,images/47/8987.png
8987,8988,47,images/47/8988.png
8988,8989,47,images/47/8989.png
8989,8990,47,images/47/8990.png
8990,8991,47,images/47/8991.png
8991,8992,47,images/47/8992.png
8992,8993,47,images/47/8993.png
8993,8994,47,images/47/8994.png
8994,8995,47,images/47/8995.png
8995,8996,47,images/47/8996.png
8996,8997,47,images/47/8997.png
8997,8998,47,images/47/8998.png
8998,8999,47,images/47/8999.png
8999,9000,47,images/47/9000.png
9000,9001,47,images/47/9001.png
9001,9002,47,images/47/9002.png
9002,9003,47,images/47/9003.png
9003,9004,47,images/47/9004.png
9004,9005,47,images/47/9005.png
9005,9006,47,images/47/9006.png
9006,9007,47,images/47/9007.png
9007,9008,47,images/47/9008.png
9008,9009,47,images/47/9009.png
9009,9010,47,images/47/9010.png
9010,9011,47,images/47/9011.png
9011,9012,47,images/47/9012.png
9012,9013,47,images/47/9013.png
9013,9014,47,images/47/9014.png
9014,9015,47,images/47/9015.png
9015,9016,47,images/47/9016.png
9016,9017,47,images/47/9017.png
9017,9018,47,images/47/9018.png
9018,9019,47,images/47/9019.png
9019,9020,47,images/47/9020.png
9020,9021,47,images/47/9021.png
9021,9022,47,images/47/9022.png
9022,9023,47,images/47/9023.png
9023,9024,47,images/47/9024.png
9024,9025,47,images/47/9025.png
9025,9026,47,images/47/9026.png
9026,9027,47,images/47/9027.png
9027,9028,47,images/47/9028.png
9028,9029,47,images/47/9029.png
9029,9030,47,images/47/9030.png
9030,9031,47,images/47/9031.png
9031,9032,47,images/47/9032.png
9032,9033,47,images/47/9033.png
9033,9034,47,images/47/9034.png
9034,9035,47,images/47/9035.png
9035,9036,47,images/47/9036.png
9036,9037,47,images/47/9037.png
9037,9038,47,images/47/9038.png
9038,9039,47,images/47/9039.png
9039,9040,47,images/47/9040.png
9040,9041,47,images/47/9041.png
9041,9042,47,images/47/9042.png
9042,9043,47,images/47/9043.png
9043,9044,47,images/47/9044.png
9044,9045,47,images/47/9045.png
9045,9046,47,images/47/9046.png
9046,9047,47,images/47/9047.png
9047,9048,47,images/47/9048.png
9048,9049,47,images/47/9049.png
9049,9050,47,images/47/9050.png
9050,9051,47,images/47/9051.png
9051,9052,47,images/47/9052.png
9052,9053,47,images/47/9053.png
9053,9054,47,images/47/9054.png
9054,9055,47,images/47/9055.png
9055,9056,47,images/47/9056.png
9056,9057,47,images/47/9057.png
9057,9058,47,images/47/9058.png
9058,9059,47,images/47/9059.png
9059,9060,47,images/47/9060.png
9060,9061,47,images/47/9061.png
9061,9062,47,images/47/9062.png
9062,9063,47,images/47/9063.png
9063,9064,47,images/47/9064.png
9064,9065,47,images/47/9065.png
9065,9066,47,images/47/9066.png
9066,9067,47,images/47/9067.png
9067,9068,47,images/47/9068.png
9068,9069,47,images/47/9069.png
9069,9070,47,images/47/9070.png
9070,9071,47,images/47/9071.png
9071,9072,47,images/47/9072.png
9072,9073,47,images/47/9073.png
9073,9074,47,images/47/9074.png
9074,9075,47,images/47/9075.png
9075,9076,47,images/47/9076.png
9076,9077,47,images/47/9077.png
9077,9078,47,images/47/9078.png
9078,9079,47,images/47/9079.png
9079,9080,47,images/47/9080.png
9080,9081,47,images/47/9081.png
9081,9082,47,images/47/9082.png
9082,9083,47,images/47/9083.png
9083,9084,47,images/47/9084.png
9084,9085,47,images/47/9085.png
9085,9086,47,images/47/9086.png
9086,9087,47,images/47/9087.png
9087,9088,47,images/47/9088.png
9088,9089,47,images/47/9089.png
9089,9090,47,images/47/9090.png
9090,9091,47,images/47/9091.png
9091,9092,47,images/47/9092.png
9092,9093,47,images/47/9093.png
9093,9094,47,images/47/9094.png
9094,9095,47,images/47/9095.png
9095,9096,47,images/47/9096.png
9096,9097,47,images/47/9097.png
9097,9098,47,images/47/9098.png
9098,9099,47,images/47/9099.png
9099,9100,47,images/47/9100.png
9100,9101,47,images/47/9101.png
9101,9102,47,images/47/9102.png
9102,9103,47,images/47/9103.png
9103,9104,47,images/47/9104.png
9104,9105,47,images/47/9105.png
9105,9106,47,images/47/9106.png
9106,9107,47,images/47/9107.png
9107,9108,47,images/47/9108.png
9108,9109,47,images/47/9109.png
9109,9110,47,images/47/9110.png
9110,9111,47,images/47/9111.png
9111,9112,47,images/47/9112.png
9112,9113,47,images/47/9113.png
9113,9114,47,images/47/9114.png
9114,9115,47,images/47/9115.png
9115,9116,47,images/47/9116.png
9116,9117,47,images/47/9117.png
9117,9118,47,images/47/9118.png
9118,9119,47,images/47/9119.png
9119,9120,47,images/47/9120.png
9120,9121,47,images/47/9121.png
9121,9122,47,images/47/9122.png
9122,9123,47,images/47/9123.png
9123,9124,47,images/47/9124.png
9124,9125,47,images/47/9125.png
9125,9126,47,images/47/9126.png
9126,9127,47,images/47/9127.png
9127,9128,47,images/47/9128.png
9128,9129,47,images/47/9129.png
9129,9130,47,images/47/9130.png
9130,9131,47,images/47/9131.png
9131,9132,47,images/47/9132.png
9132,9133,47,images/47/9133.png
9133,9134,47,images/47/9134.png
9134,9135,47,images/47/9135.png
9135,9136,47,images/47/9136.png
9136,9137,47,images/47/9137.png
9137,9138,47,images/47/9138.png
9138,9139,47,images/47/9139.png
9139,9140,47,images/47/9140.png
9140,9141,47,images/47/9141.png
9141,9142,47,images/47/9142.png
9142,9143,47,images/47/9143.png
9143,9144,47,images/47/9144.png
9144,9145,47,images/47/9145.png
9145,9146,47,images/47/9146.png
9146,9147,47,images/47/9147.png
9147,9148,47,images/47/9148.png
9148,9149,47,images/47/9149.png
9149,9150,47,images/47/9150.png
9150,9151,47,images/47/9151.png
9151,9152,47,images/47/9152.png
9152,9153,47,images/47/9153.png
9153,9154,47,images/47/9154.png
9154,9155,47,images/47/9155.png
9155,9156,47,images/47/9156.png
9156,9157,47,images/47/9157.png
9157,9158,47,images/47/9158.png
9158,9159,47,images/47/9159.png
9159,9160,47,images/47/9160.png
9160,9161,47,images/47/9161.png
9161,9162,47,images/47/9162.png
9162,9163,47,images/47/9163.png
9163,9164,47,images/47/9164.png
9164,9165,47,images/47/9165.png
9165,9166,47,images/47/9166.png
9166,9167,47,images/47/9167.png
9167,9168,47,images/47/9168.png
9168,9169,47,images/47/9169.png
9169,9170,47,images/47/9170.png
9170,9171,47,images/47/9171.png
9171,9172,47,images/47/9172.png
9172,9173,47,images/47/9173.png
9173,9174,47,images/47/9174.png
9174,9175,47,images/47/9175.png
9175,9176,47,images/47/9176.png
9176,9177,47,images/47/9177.png
9177,9178,47,images/47/9178.png
9178,9179,47,images/47/9179.png
9179,9180,47,images/47/9180.png
9180,9181,47,images/47/9181.png
9181,9182,47,images/47/9182.png
9182,9183,47,images/47/9183.png
9183,9184,47,images/47/9184.png
9184,9185,47,images/47/9185.png
9185,9186,47,images/47/9186.png
9186,9187,47,images/47/9187.png
9187,9188,47,images/47/9188.png
9188,9189,47,images/47/9189.png
9189,9190,47,images/47/9190.png
9190,9191,47,images/47/9191.png
9191,9192,47,images/47/9192.png
9192,9193,47,images/47/9193.png
9193,9194,47,images/47/9194.png
9194,9195,47,images/47/9195.png
9195,9196,47,images/47/9196.png
9196,9197,47,images/47/9197.png
9197,9198,47,images/47/9198.png
9198,9199,47,images/47/9199.png
9199,9200,47,images/47/9200.png
9200,9201,47,images/47/9201.png
9201,9202,47,images/47/9202.png
9202,9203,47,images/47/9203.png
9203,9204,47,images/47/9204.png
9204,9205,47,images/47/9205.png
9205,9206,47,images/47/9206.png
9206,9207,47,images/47/9207.png
9207,9208,47,images/47/9208.png
9208,9209,47,images/47/9209.png
9209,9210,47,images/47/9210.png
9210,9211,47,images/47/9211.png
9211,9212,47,images/47/9212.png
9212,9213,47,images/47/9213.png
9213,9214,47,images/47/9214.png
9214,9215,47,images/47/9215.png
9215,9216,47,images/47/9216.png
9216,9217,47,images/47/9217.png
9217,9218,47,images/47/9218.png
9218,9219,47,images/47/9219.png
9219,9220,47,images/47/9220.png
9220,9221,47,images/47/9221.png
9221,9222,47,images/47/9222.png
9222,9223,47,images/47/9223.png
9223,9224,47,images/47/9224.png
9224,9225,47,images/47/9225.png
9225,9226,47,images/47/9226.png
9226,9227,47,images/47/9227.png
9227,9228,47,images/47/9228.png
9228,9229,47,images/47/9229.png
9229,9230,47,images/47/9230.png
9230,9231,47,images/47/9231.png
9231,9232,47,images/47/9232.png
9232,9233,47,images/47/9233.png
9233,9234,47,images/47/9234.png
9234,9235,47,images/47/9235.png
9235,9236,47,images/47/9236.png
9236,9237,47,images/47/9237.png
9237,9238,47,images/47/9238.png
9238,9239,47,images/47/9239.png
9239,9240,47,images/47/9240.png
9240,9241,47,images/47/9241.png
9241,9242,47,images/47/9242.png
9242,9243,47,images/47/9243.png
9243,9244,47,images/47/9244.png
9244,9245,47,images/47/9245.png
9245,9246,47,images/47/9246.png
9246,9247,47,images/47/9247.png
9247,9248,47,images/47/9248.png
9248,9249,47,images/47/9249.png
9249,9250,47,images/47/9250.png
9250,9251,47,images/47/9251.png
9251,9252,47,images/47/9252.png
9252,9253,47,images/47/9253.png
9253,9254,47,images/47/9254.png
9254,9255,47,images/47/9255.png
9255,9256,47,images/47/9256.png
9256,9257,47,images/47/9257.png
9257,9258,47,images/47/9258.png
9258,9259,47,images/47/9259.png
9259,9260,47,images/47/9260.png
9260,9261,47,images/47/9261.png
9261,9262,47,images/47/9262.png
9262,9263,47,images/47/9263.png
9263,9264,47,images/47/9264.png
9264,9265,47,images/47/9265.png
9265,9266,47,images/47/9266.png
9266,9267,47,images/47/9267.png
9267,9268,47,images/47/9268.png
9268,9269,47,images/47/9269.png
9269,9270,47,images/47/9270.png
9270,9271,47,images/47/9271.png
9271,9272,47,images/47/9272.png
9272,9273,47,images/47/9273.png
9273,9274,47,images/47/9274.png
9274,9275,47,images/47/9275.png
9275,9276,47,images/47/9276.png
9276,9277,47,images/47/9277.png
9277,9278,47,images/47/9278.png
9278,9279,47,images/47/9279.png
9279,9280,47,images/47/9280.png
9280,9281,47,images/47/9281.png
9281,9282,47,images/47/9282.png
9282,9283,47,images/47/9283.png
9283,9284,47,images/47/9284.png
9284,9285,47,images/47/9285.png
9285,9286,47,images/47/9286.png
9286,9287,47,images/47/9287.png
9287,9288,47,images/47/9288.png
9288,9289,47,images/47/9289.png
9289,9290,47,images/47/9290.png
9290,9291,47,images/47/9291.png
9291,9292,47,images/47/9292.png
9292,9293,47,images/47/9293.png
9293,9294,47,images/47/9294.png
9294,9295,47,images/47/9295.png
9295,9296,47,images/47/9296.png
9296,9297,47,images/47/9297.png
9297,9298,47,images/47/9298.png
9298,9299,47,images/47/9299.png
9299,9300,47,images/47/9300.png
9300,9301,47,images/47/9301.png
9301,9302,47,images/47/9302.png
9302,9303,47,images/47/9303.png
9303,9304,47,images/47/9304.png
9304,9305,47,images/47/9305.png
9305,9306,47,images/47/9306.png
9306,9307,47,images/47/9307.png
9307,9308,47,images/47/9308.png
9308,9309,47,images/47/9309.png
9309,9310,47,images/47/9310.png
9310,9311,47,images/47/9311.png
9311,9312,47,images/47/9312.png
9312,9313,47,images/47/9313.png
9313,9314,47,images/47/9314.png
9314,9315,47,images/47/9315.png
9315,9316,48,images/48/9316.png
9316,9317,48,images/48/9317.png
9317,9318,48,images/48/9318.png
9318,9319,48,images/48/9319.png
9319,9320,48,images/48/9320.png
9320,9321,48,images/48/9321.png
9321,9322,48,images/48/9322.png
9322,9323,48,images/48/9323.png
9323,9324,48,images/48/9324.png
9324,9325,48,images/48/9325.png
9325,9326,48,images/48/9326.png
9326,9327,48,images/48/9327.png
9327,9328,48,images/48/9328.png
9328,9329,48,images/48/9329.png
9329,9330,48,images/48/9330.png
9330,9331,48,images/48/9331.png
9331,9332,48,images/48/9332.png
9332,9333,48,images/48/9333.png
9333,9334,48,images/48/9334.png
9334,9335,48,images/48/9335.png
9335,9336,48,images/48/9336.png
9336,9337,48,images/48/9337.png
9337,9338,48,images/48/9338.png
9338,9339,48,images/48/9339.png
9339,9340,48,images/48/9340.png
9340,9341,48,images/48/9341.png
9341,9342,48,images/48/9342.png
9342,9343,48,images/48/9343.png
9343,9344,48,images/48/9344.png
9344,9345,48,images/48/9345.png
9345,9346,48,images/48/9346.png
9346,9347,48,images/48/9347.png
9347,9348,48,images/48/9348.png
9348,9349,48,images/48/9349.png
9349,9350,48,images/48/9350.png
9350,9351,48,images/48/9351.png
9351,9352,48,images/48/9352.png
9352,9353,48,images/48/9353.png
9353,9354,49,images/49/9354.png
9354,9355,49,images/49/9355.png
9355,9356,49,images/49/9356.png
9356,9357,49,images/49/9357.png
9357,9358,49,images/49/9358.png
9358,9359,49,images/49/9359.png
9359,9360,49,images/49/9360.png
9360,9361,49,images/49/9361.png
9361,9362,49,images/49/9362.png
9362,9363,49,images/49/9363.png
9363,9364,49,images/49/9364.png
9364,9365,49,images/49/9365.png
9365,9366,49,images/49/9366.png
9366,9367,49,images/49/9367.png
9367,9368,49,images/49/9368.png
9368,9369,49,images/49/9369.png
9369,9370,49,images/49/9370.png
9370,9371,49,images/49/9371.png
9371,9372,49,images/49/9372.png
9372,9373,49,images/49/9373.png
9373,9374,49,images/49/9374.png
9374,9375,49,images/49/9375.png
9375,9376,49,images/49/9376.png
9376,9377,49,images/49/9377.png
9377,9378,49,images/49/9378.png
9378,9379,49,images/49/9379.png
9379,9380,49,images/49/9380.png
9380,9381,49,images/49/9381.png
9381,9382,49,images/49/9382.png
9382,9383,49,images/49/9383.png
9383,9384,49,images/49/9384.png
9384,9385,49,images/49/9385.png
9385,9386,49,images/49/9386.png
9386,9387,49,images/49/9387.png
9387,9388,49,images/49/9388.png
9388,9389,49,images/49/9389.png
9389,9390,49,images/49/9390.png
9390,9391,49,images/49/9391.png
9391,9392,49,images/49/9392.png
9392,9393,49,images/49/9393.png
9393,9394,49,images/49/9394.png
9394,9395,49,images/49/9395.png
9395,9396,49,images/49/9396.png
9396,9397,49,images/49/9397.png
9397,9398,49,images/49/9398.png
9398,9399,49,images/49/9399.png
9399,9400,49,images/49/9400.png
9400,9401,49,images/49/9401.png
9401,9402,49,images/49/9402.png
9402,9403,49,images/49/9403.png
9403,9404,49,images/49/9404.png
9404,9405,49,images/49/9405.png
9405,9406,49,images/49/9406.png
9406,9407,49,images/49/9407.png
9407,9408,49,images/49/9408.png
9408,9409,49,images/49/9409.png
9409,9410,49,images/49/9410.png
9410,9411,49,images/49/9411.png
9411,9412,49,images/49/9412.png
9412,9413,49,images/49/9413.png
9413,9414,49,images/49/9414.png
9414,9415,49,images/49/9415.png
9415,9416,49,images/49/9416.png
9416,9417,50,images/50/9417.png
9417,9418,50,images/50/9418.png
9418,9419,50,images/50/9419.png
9419,9420,50,images/50/9420.png
9420,9421,50,images/50/9421.png
9421,9422,50,images/50/9422.png
9422,9423,50,images/50/9423.png
9423,9424,50,images/50/9424.png
9424,9425,50,images/50/9425.png
9425,9426,50,images/50/9426.png
9426,9427,50,images/50/9427.png
9427,9428,50,images/50/9428.png
9428,9429,50,images/50/9429.png
9429,9430,50,images/50/9430.png
9430,9431,50,images/50/9431.png
9431,9432,50,images/50/9432.png
9432,9433,50,images/50/9433.png
9433,9434,50,images/50/9434.png
9434,9435,50,images/50/9435.png
9435,9436,50,images/50/9436.png
9436,9437,50,images/50/9437.png
9437,9438,51,images/51/9438.png
9438,9439,51,images/51/9439.png
9439,9440,51,images/51/9440.png
9440,9441,51,images/51/9441.png
9441,9442,51,images/51/9442.png
9442,9443,51,images/51/9443.png
9443,9444,51,images/51/9444.png
9444,9445,51,images/51/9445.png
9445,9446,51,images/51/9446.png
9446,9447,51,images/51/9447.png
9447,9448,51,images/51/9448.png
9448,9449,51,images/51/9449.png
9449,9450,51,images/51/9450.png
9450,9451,51,images/51/9451.png
9451,9452,51,images/51/9452.png
9452,9453,51,images/51/9453.png
9453,9454,51,images/51/9454.png
9454,9455,51,images/51/9455.png
9455,9456,51,images/51/9456.png
9456,9457,51,images/51/9457.png
9457,9458,51,images/51/9458.png
9458,9459,51,images/51/9459.png
9459,9460,51,images/51/9460.png
9460,9461,51,images/51/9461.png
9461,9462,51,images/51/9462.png
9462,9463,51,images/51/9463.png
9463,9464,51,images/51/9464.png
9464,9465,51,images/51/9465.png
9465,9466,51,images/51/9466.png
9466,9467,51,images/51/9467.png
9467,9468,51,images/51/9468.png
9468,9469,51,images/51/9469.png
9469,9470,51,images/51/9470.png
9470,9471,51,images/51/9471.png
9471,9472,51,images/51/9472.png
9472,9473,51,images/51/9473.png
9473,9474,51,images/51/9474.png
9474,9475,51,images/51/9475.png
9475,9476,51,images/51/9476.png
9476,9477,51,images/51/9477.png
9477,9478,51,images/51/9478.png
9478,9479,51,images/51/9479.png
9479,9480,51,images/51/9480.png
9480,9481,51,images/51/9481.png
9481,9482,51,images/51/9482.png
9482,9483,51,images/51/9483.png
9483,9484,51,images/51/9484.png
9484,9485,51,images/51/9485.png
9485,9486,51,images/51/9486.png
9486,9487,51,images/51/9487.png
9487,9488,51,images/51/9488.png
9488,9489,51,images/51/9489.png
9489,9490,51,images/51/9490.png
9490,9491,51,images/51/9491.png
9491,9492,51,images/51/9492.png
9492,9493,51,images/51/9493.png
9493,9494,51,images/51/9494.png
9494,9495,51,images/51/9495.png
9495,9496,51,images/51/9496.png
9496,9497,51,images/51/9497.png
9497,9498,51,images/51/9498.png
9498,9499,51,images/51/9499.png
9499,9500,51,images/51/9500.png
9500,9501,51,images/51/9501.png
9501,9502,51,images/51/9502.png
9502,9503,51,images/51/9503.png
9503,9504,51,images/51/9504.png
9504,9505,51,images/51/9505.png
9505,9506,51,images/51/9506.png
9506,9507,51,images/51/9507.png
9507,9508,51,images/51/9508.png
9508,9509,51,images/51/9509.png
9509,9510,51,images/51/9510.png
9510,9511,51,images/51/9511.png
9511,9512,51,images/51/9512.png
9512,9513,51,images/51/9513.png
9513,9514,51,images/51/9514.png
9514,9515,51,images/51/9515.png
9515,9516,51,images/51/9516.png
9516,9517,51,images/51/9517.png
9517,9518,51,images/51/9518.png
9518,9519,51,images/51/9519.png
9519,9520,51,images/51/9520.png
9520,9521,51,images/51/9521.png
9521,9522,51,images/51/9522.png
9522,9523,51,images/51/9523.png
9523,9524,51,images/51/9524.png
9524,9525,51,images/51/9525.png
9525,9526,51,images/51/9526.png
9526,9527,51,images/51/9527.png
9527,9528,51,images/51/9528.png
9528,9529,51,images/51/9529.png
9529,9530,51,images/51/9530.png
9530,9531,51,images/51/9531.png
9531,9532,51,images/51/9532.png
9532,9533,51,images/51/9533.png
9533,9534,51,images/51/9534.png
9534,9535,51,images/51/9535.png
9535,9536,51,images/51/9536.png
9536,9537,51,images/51/9537.png
9537,9538,51,images/51/9538.png
9538,9539,51,images/51/9539.png
9539,9540,51,images/51/9540.png
9540,9541,51,images/51/9541.png
9541,9542,51,images/51/9542.png
9542,9543,51,images/51/9543.png
9543,9544,51,images/51/9544.png
9544,9545,51,images/51/9545.png
9545,9546,51,images/51/9546.png
9546,9547,51,images/51/9547.png
9547,9548,51,images/51/9548.png
9548,9549,51,images/51/9549.png
9549,9550,51,images/51/9550.png
9550,9551,51,images/51/9551.png
9551,9552,51,images/51/9552.png
9552,9553,51,images/51/9553.png
9553,9554,51,images/51/9554.png
9554,9555,51,images/51/9555.png
9555,9556,51,images/51/9556.png
9556,9557,51,images/51/9557.png
9557,9558,51,images/51/9558.png
9558,9559,51,images/51/9559.png
9559,9560,51,images/51/9560.png
9560,9561,51,images/51/9561.png
9561,9562,51,images/51/9562.png
9562,9563,51,images/51/9563.png
9563,9564,51,images/51/9564.png
9564,9565,51,images/51/9565.png
9565,9566,51,images/51/9566.png
9566,9567,51,images/51/9567.png
9567,9568,51,images/51/9568.png
9568,9569,51,images/51/9569.png
9569,9570,51,images/51/9570.png
9570,9571,51,images/51/9571.png
9571,9572,51,images/51/9572.png
9572,9573,51,images/51/9573.png
9573,9574,51,images/51/9574.png
9574,9575,51,images/51/9575.png
9575,9576,51,images/51/9576.png
9576,9577,51,images/51/9577.png
9577,9578,51,images/51/9578.png
9578,9579,51,images/51/9579.png
9579,9580,51,images/51/9580.png
9580,9581,51,images/51/9581.png
9581,9582,51,images/51/9582.png
9582,9583,51,images/51/9583.png
9583,9584,51,images/51/9584.png
9584,9585,51,images/51/9585.png
9585,9586,51,images/51/9586.png
9586,9587,51,images/51/9587.png
9587,9588,51,images/51/9588.png
9588,9589,51,images/51/9589.png
9589,9590,51,images/51/9590.png
9590,9591,51,images/51/9591.png
9591,9592,51,images/51/9592.png
9592,9593,51,images/51/9593.png
9593,9594,51,images/51/9594.png
9594,9595,51,images/51/9595.png
9595,9596,51,images/51/9596.png
9596,9597,51,images/51/9597.png
9597,9598,51,images/51/9598.png
9598,9599,51,images/51/9599.png
9599,9600,51,images/51/9600.png
9600,9601,51,images/51/9601.png
9601,9602,51,images/51/9602.png
9602,9603,51,images/51/9603.png
9603,9604,51,images/51/9604.png
9604,9605,51,images/51/9605.png
9605,9606,51,images/51/9606.png
9606,9607,51,images/51/9607.png
9607,9608,51,images/51/9608.png
9608,9609,51,images/51/9609.png
9609,9610,51,images/51/9610.png
9610,9611,51,images/51/9611.png
9611,9612,51,images/51/9612.png
9612,9613,51,images/51/9613.png
9613,9614,51,images/51/9614.png
9614,9615,51,images/51/9615.png
9615,9616,51,images/51/9616.png
9616,9617,51,images/51/9617.png
9617,9618,51,images/51/9618.png
9618,9619,51,images/51/9619.png
9619,9620,51,images/51/9620.png
9620,9621,51,images/51/9621.png
9621,9622,51,images/51/9622.png
9622,9623,51,images/51/9623.png
9623,9624,51,images/51/9624.png
9624,9625,52,images/52/9625.png
9625,9626,52,images/52/9626.png
9626,9627,52,images/52/9627.png
9627,9628,52,images/52/9628.png
9628,9629,52,images/52/9629.png
9629,9630,52,images/52/9630.png
9630,9631,52,images/52/9631.png
9631,9632,52,images/52/9632.png
9632,9633,52,images/52/9633.png
9633,9634,52,images/52/9634.png
9634,9635,52,images/52/9635.png
9635,9636,52,images/52/9636.png
9636,9637,52,images/52/9637.png
9637,9638,52,images/52/9638.png
9638,9639,53,images/53/9639.png
9639,9640,53,images/53/9640.png
9640,9641,53,images/53/9641.png
9641,9642,53,images/53/9642.png
9642,9643,53,images/53/9643.png
9643,9644,53,images/53/9644.png
9644,9645,53,images/53/9645.png
9645,9646,53,images/53/9646.png
9646,9647,53,images/53/9647.png
9647,9648,53,images/53/9648.png
9648,9649,53,images/53/9649.png
9649,9650,53,images/53/9650.png
9650,9651,53,images/53/9651.png
9651,9652,53,images/53/9652.png
9652,9653,53,images/53/9653.png
9653,9654,53,images/53/9654.png
9654,9655,53,images/53/9655.png
9655,9656,53,images/53/9656.png
9656,9657,53,images/53/9657.png
9657,9658,53,images/53/9658.png
9658,9659,53,images/53/9659.png
9659,9660,53,images/53/9660.png
9660,9661,53,images/53/9661.png
9661,9662,53,images/53/9662.png
9662,9663,53,images/53/9663.png
9663,9664,53,images/53/9664.png
9664,9665,53,images/53/9665.png
9665,9666,53,images/53/9666.png
9666,9667,54,images/54/9667.png
9667,9668,54,images/54/9668.png
9668,9669,54,images/54/9669.png
9669,9670,54,images/54/9670.png
9670,9671,54,images/54/9671.png
9671,9672,54,images/54/9672.png
9672,9673,54,images/54/9673.png
9673,9674,54,images/54/9674.png
9674,9675,54,images/54/9675.png
9675,9676,54,images/54/9676.png
9676,9677,54,images/54/9677.png
9677,9678,54,images/54/9678.png
9678,9679,54,images/54/9679.png
9679,9680,54,images/54/9680.png
9680,9681,54,images/54/9681.png
9681,9682,54,images/54/9682.png
9682,9683,54,images/54/9683.png
9683,9684,54,images/54/9684.png
9684,9685,54,images/54/9685.png
9685,9686,54,images/54/9686.png
9686,9687,54,images/54/9687.png
9687,9688,54,images/54/9688.png
9688,9689,54,images/54/9689.png
9689,9690,54,images/54/9690.png
9690,9691,54,images/54/9691.png
9691,9692,54,images/54/9692.png
9692,9693,54,images/54/9693.png
9693,9694,54,images/54/9694.png
9694,9695,54,images/54/9695.png
9695,9696,54,images/54/9696.png
9696,9697,54,images/54/9697.png
9697,9698,54,images/54/9698.png
9698,9699,54,images/54/9699.png
9699,9700,54,images/54/9700.png
9700,9701,54,images/54/9701.png
9701,9702,54,images/54/9702.png
9702,9703,54,images/54/9703.png
9703,9704,54,images/54/9704.png
9704,9705,54,images/54/9705.png
9705,9706,54,images/54/9706.png
9706,9707,54,images/54/9707.png
9707,9708,54,images/54/9708.png
9708,9709,54,images/54/9709.png
9709,9710,54,images/54/9710.png
9710,9711,54,images/54/9711.png
9711,9712,54,images/54/9712.png
9712,9713,54,images/54/9713.png
9713,9714,54,images/54/9714.png
9714,9715,54,images/54/9715.png
9715,9716,54,images/54/9716.png
9716,9717,54,images/54/9717.png
9717,9718,54,images/54/9718.png
9718,9719,54,images/54/9719.png
9719,9720,54,images/54/9720.png
9720,9721,54,images/54/9721.png
9721,9722,54,images/54/9722.png
9722,9723,54,images/54/9723.png
9723,9724,54,images/54/9724.png
9724,9725,54,images/54/9725.png
9725,9726,54,images/54/9726.png
9726,9727,54,images/54/9727.png
9727,9728,54,images/54/9728.png
9728,9729,54,images/54/9729.png
9729,9730,54,images/54/9730.png
9730,9731,54,images/54/9731.png
9731,9732,54,images/54/9732.png
9732,9733,54,images/54/9733.png
9733,9734,54,images/54/9734.png
9734,9735,54,images/54/9735.png
9735,9736,54,images/54/9736.png
9736,9737,54,images/54/9737.png
9737,9738,54,images/54/9738.png
9738,9739,54,images/54/9739.png
9739,9740,54,images/54/9740.png
9740,9741,54,images/54/9741.png
9741,9742,54,images/54/9742.png
9742,9743,54,images/54/9743.png
9743,9744,54,images/54/9744.png
9744,9745,54,images/54/9745.png
9745,9746,54,images/54/9746.png
9746,9747,54,images/54/9747.png
9747,9748,54,images/54/9748.png
9748,9749,54,images/54/9749.png
9749,9750,54,images/54/9750.png
9750,9751,54,images/54/9751.png
9751,9752,54,images/54/9752.png
9752,9753,54,images/54/9753.png
9753,9754,54,images/54/9754.png
9754,9755,54,images/54/9755.png
9755,9756,54,images/54/9756.png
9756,9757,54,images/54/9757.png
9757,9758,54,images/54/9758.png
9758,9759,54,images/54/9759.png
9759,9760,54,images/54/9760.png
9760,9761,54,images/54/9761.png
9761,9762,54,images/54/9762.png
9762,9763,54,images/54/9763.png
9763,9764,54,images/54/9764.png
9764,9765,54,images/54/9765.png
9765,9766,54,images/54/9766.png
9766,9767,54,images/54/9767.png
9767,9768,54,images/54/9768.png
9768,9769,54,images/54/9769.png
9769,9770,54,images/54/9770.png
9770,9771,54,images/54/9771.png
9771,9772,54,images/54/9772.png
9772,9773,54,images/54/9773.png
9773,9774,54,images/54/9774.png
9774,9775,54,images/54/9775.png
9775,9776,54,images/54/9776.png
9776,9777,54,images/54/9777.png
9777,9778,54,images/54/9778.png
9778,9779,54,images/54/9779.png
9779,9780,54,images/54/9780.png
9780,9781,54,images/54/9781.png
9781,9782,54,images/54/9782.png
9782,9783,54,images/54/9783.png
9783,9784,54,images/54/9784.png
9784,9785,54,images/54/9785.png
9785,9786,54,images/54/9786.png
9786,9787,54,images/54/9787.png
9787,9788,54,images/54/9788.png
9788,9789,54,images/54/9789.png
9789,9790,54,images/54/9790.png
9790,9791,54,images/54/9791.png
9791,9792,54,images/54/9792.png
9792,9793,54,images/54/9793.png
9793,9794,54,images/54/9794.png
9794,9795,54,images/54/9795.png
9795,9796,54,images/54/9796.png
9796,9797,54,images/54/9797.png
9797,9798,54,images/54/9798.png
9798,9799,54,images/54/9799.png
9799,9800,54,images/54/9800.png
9800,9801,54,images/54/9801.png
9801,9802,54,images/54/9802.png
9802,9803,54,images/54/9803.png
9803,9804,54,images/54/9804.png
9804,9805,54,images/54/9805.png
9805,9806,54,images/54/9806.png
9806,9807,54,images/54/9807.png
9807,9808,54,images/54/9808.png
9808,9809,54,images/54/9809.png
9809,9810,54,images/54/9810.png
9810,9811,54,images/54/9811.png
9811,9812,54,images/54/9812.png
9812,9813,54,images/54/9813.png
9813,9814,54,images/54/9814.png
9814,9815,54,images/54/9815.png
9815,9816,54,images/54/9816.png
9816,9817,54,images/54/9817.png
9817,9818,54,images/54/9818.png
9818,9819,54,images/54/9819.png
9819,9820,54,images/54/9820.png
9820,9821,54,images/54/9821.png
9821,9822,54,images/54/9822.png
9822,9823,54,images/54/9823.png
9823,9824,54,images/54/9824.png
9824,9825,54,images/54/9825.png
9825,9826,54,images/54/9826.png
9826,9827,54,images/54/9827.png
9827,9828,54,images/54/9828.png
9828,9829,54,images/54/9829.png
9829,9830,54,images/54/9830.png
9830,9831,54,images/54/9831.png
9831,9832,54,images/54/9832.png
9832,9833,54,images/54/9833.png
9833,9834,54,images/54/9834.png
9834,9835,55,images/55/9835.png
9835,9836,55,images/55/9836.png
9836,9837,55,images/55/9837.png
9837,9838,55,images/55/9838.png
9838,9839,55,images/55/9839.png
9839,9840,55,images/55/9840.png
9840,9841,55,images/55/9841.png
9841,9842,55,images/55/9842.png
9842,9843,55,images/55/9843.png
9843,9844,55,images/55/9844.png
9844,9845,55,images/55/9845.png
9845,9846,55,images/55/9846.png
9846,9847,55,images/55/9847.png
9847,9848,55,images/55/9848.png
9848,9849,55,images/55/9849.png
9849,9850,56,images/56/9850.png
9850,9851,56,images/56/9851.png
9851,9852,56,images/56/9852.png
9852,9853,56,images/56/9853.png
9853,9854,56,images/56/9854.png
9854,9855,56,images/56/9855.png
9855,9856,56,images/56/9856.png
9856,9857,56,images/56/9857.png
9857,9858,56,images/56/9858.png
9858,9859,56,images/56/9859.png
9859,9860,56,images/56/9860.png
9860,9861,56,images/56/9861.png
9861,9862,56,images/56/9862.png
9862,9863,56,images/56/9863.png
9863,9864,56,images/56/9864.png
9864,9865,56,images/56/9865.png
9865,9866,56,images/56/9866.png
9866,9867,56,images/56/9867.png
9867,9868,56,images/56/9868.png
9868,9869,56,images/56/9869.png
9869,9870,56,images/56/9870.png
9870,9871,56,images/56/9871.png
9871,9872,56,images/56/9872.png
9872,9873,56,images/56/9873.png
9873,9874,56,images/56/9874.png
9874,9875,56,images/56/9875.png
9875,9876,56,images/56/9876.png
9876,9877,56,images/56/9877.png
9877,9878,56,images/56/9878.png
9878,9879,56,images/56/9879.png
9879,9880,56,images/56/9880.png
9880,9881,56,images/56/9881.png
9881,9882,56,images/56/9882.png
9882,9883,56,images/56/9883.png
9883,9884,56,images/56/9884.png
9884,9885,56,images/56/9885.png
9885,9886,56,images/56/9886.png
9886,9887,56,images/56/9887.png
9887,9888,56,images/56/9888.png
9888,9889,56,images/56/9889.png
9889,9890,56,images/56/9890.png
9890,9891,56,images/56/9891.png
9891,9892,56,images/56/9892.png
9892,9893,56,images/56/9893.png
9893,9894,56,images/56/9894.png
9894,9895,56,images/56/9895.png
9895,9896,56,images/56/9896.png
9896,9897,56,images/56/9897.png
9897,9898,56,images/56/9898.png
9898,9899,56,images/56/9899.png
9899,9900,56,images/56/9900.png
9900,9901,56,images/56/9901.png
9901,9902,56,images/56/9902.png
9902,9903,56,images/56/9903.png
9903,9904,56,images/56/9904.png
9904,9905,56,images/56/9905.png
9905,9906,56,images/56/9906.png
9906,9907,56,images/56/9907.png
9907,9908,56,images/56/9908.png
9908,9909,56,images/56/9909.png
9909,9910,56,images/56/9910.png
9910,9911,56,images/56/9911.png
9911,9912,56,images/56/9912.png
9912,9913,56,images/56/9913.png
9913,9914,56,images/56/9914.png
9914,9915,56,images/56/9915.png
9915,9916,56,images/56/9916.png
9916,9917,56,images/56/9917.png
9917,9918,56,images/56/9918.png
9918,9919,56,images/56/9919.png
9919,9920,56,images/56/9920.png
9920,9921,56,images/56/9921.png
9921,9922,56,images/56/9922.png
9922,9923,56,images/56/9923.png
9923,9924,56,images/56/9924.png
9924,9925,56,images/56/9925.png
9925,9926,56,images/56/9926.png
9926,9927,56,images/56/9927.png
9927,9928,56,images/56/9928.png
9928,9929,56,images/56/9929.png
9929,9930,56,images/56/9930.png
9930,9931,56,images/56/9931.png
9931,9932,56,images/56/9932.png
9932,9933,56,images/56/9933.png
9933,9934,56,images/56/9934.png
9934,9935,56,images/56/9935.png
9935,9936,56,images/56/9936.png
9936,9937,56,images/56/9937.png
9937,9938,56,images/56/9938.png
9938,9939,56,images/56/9939.png
9939,9940,56,images/56/9940.png
9940,9941,56,images/56/9941.png
9941,9942,56,images/56/9942.png
9942,9943,56,images/56/9943.png
9943,9944,56,images/56/9944.png
9944,9945,56,images/56/9945.png
9945,9946,56,images/56/9946.png
9946,9947,56,images/56/9947.png
9947,9948,56,images/56/9948.png
9948,9949,56,images/56/9949.png
9949,9950,56,images/56/9950.png
9950,9951,56,images/56/9951.png
9951,9952,56,images/56/9952.png
9952,9953,56,images/56/9953.png
9953,9954,56,images/56/9954.png
9954,9955,56,images/56/9955.png
9955,9956,56,images/56/9956.png
9956,9957,56,images/56/9957.png
9957,9958,56,images/56/9958.png
9958,9959,56,images/56/9959.png
9959,9960,56,images/56/9960.png
9960,9961,56,images/56/9961.png
9961,9962,56,images/56/9962.png
9962,9963,56,images/56/9963.png
9963,9964,56,images/56/9964.png
9964,9965,56,images/56/9965.png
9965,9966,56,images/56/9966.png
9966,9967,56,images/56/9967.png
9967,9968,56,images/56/9968.png
9968,9969,56,images/56/9969.png
9969,9970,56,images/56/9970.png
9970,9971,56,images/56/9971.png
9971,9972,56,images/56/9972.png
9972,9973,56,images/56/9973.png
9973,9974,56,images/56/9974.png
9974,9975,56,images/56/9975.png
9975,9976,56,images/56/9976.png
9976,9977,56,images/56/9977.png
9977,9978,56,images/56/9978.png
9978,9979,56,images/56/9979.png
9979,9980,56,images/56/9980.png
9980,9981,56,images/56/9981.png
9981,9982,56,images/56/9982.png
9982,9983,56,images/56/9983.png
9983,9984,56,images/56/9984.png
9984,9985,56,images/56/9985.png
9985,9986,56,images/56/9986.png
9986,9987,56,images/56/9987.png
9987,9988,56,images/56/9988.png
9988,9989,56,images/56/9989.png
9989,9990,56,images/56/9990.png
9990,9991,56,images/56/9991.png
9991,9992,56,images/56/9992.png
9992,9993,56,images/56/9993.png
9993,9994,56,images/56/9994.png
9994,9995,56,images/56/9995.png
9995,9996,56,images/56/9996.png
9996,9997,56,images/56/9997.png
9997,9998,56,images/56/9998.png
9998,9999,56,images/56/9999.png
9999,10000,57,images/57/10000.png
10000,10001,57,images/57/10001.png
10001,10002,57,images/57/10002.png
10002,10003,57,images/57/10003.png
10003,10004,57,images/57/10004.png
10004,10005,57,images/57/10005.png
10005,10006,57,images/57/10006.png
10006,10007,57,images/57/10007.png
10007,10008,57,images/57/10008.png
10008,10009,57,images/57/10009.png
10009,10010,57,images/57/10010.png
10010,10011,57,images/57/10011.png
10011,10012,57,images/57/10012.png
10012,10013,57,images/57/10013.png
10013,10014,57,images/57/10014.png
10014,10015,57,images/57/10015.png
10015,10016,57,images/57/10016.png
10016,10017,57,images/57/10017.png
10017,10018,57,images/57/10018.png
10018,10019,57,images/57/10019.png
10019,10020,57,images/57/10020.png
10020,10021,57,images/57/10021.png
10021,10022,57,images/57/10022.png
10022,10023,57,images/57/10023.png
10023,10024,57,images/57/10024.png
10024,10025,57,images/57/10025.png
10025,10026,57,images/57/10026.png
10026,10027,57,images/57/10027.png
10027,10028,57,images/57/10028.png
10028,10029,57,images/57/10029.png
10029,10030,57,images/57/10030.png
10030,10031,57,images/57/10031.png
10031,10032,57,images/57/10032.png
10032,10033,57,images/57/10033.png
10033,10034,57,images/57/10034.png
10034,10035,57,images/57/10035.png
10035,10036,57,images/57/10036.png
10036,10037,57,images/57/10037.png
10037,10038,57,images/57/10038.png
10038,10039,57,images/57/10039.png
10039,10040,57,images/57/10040.png
10040,10041,57,images/57/10041.png
10041,10042,57,images/57/10042.png
10042,10043,57,images/57/10043.png
10043,10044,57,images/57/10044.png
10044,10045,57,images/57/10045.png
10045,10046,57,images/57/10046.png
10046,10047,57,images/57/10047.png
10047,10048,57,images/57/10048.png
10048,10049,57,images/57/10049.png
10049,10050,57,images/57/10050.png
10050,10051,57,images/57/10051.png
10051,10052,57,images/57/10052.png
10052,10053,57,images/57/10053.png
10053,10054,57,images/57/10054.png
10054,10055,57,images/57/10055.png
10055,10056,57,images/57/10056.png
10056,10057,57,images/57/10057.png
10057,10058,57,images/57/10058.png
10058,10059,57,images/57/10059.png
10059,10060,57,images/57/10060.png
10060,10061,57,images/57/10061.png
10061,10062,57,images/57/10062.png
10062,10063,57,images/57/10063.png
10063,10064,57,images/57/10064.png
10064,10065,57,images/57/10065.png
10065,10066,57,images/57/10066.png
10066,10067,57,images/57/10067.png
10067,10068,57,images/57/10068.png
10068,10069,57,images/57/10069.png
10069,10070,57,images/57/10070.png
10070,10071,57,images/57/10071.png
10071,10072,57,images/57/10072.png
10072,10073,57,images/57/10073.png
10073,10074,57,images/57/10074.png
10074,10075,57,images/57/10075.png
10075,10076,57,images/57/10076.png
10076,10077,57,images/57/10077.png
10077,10078,57,images/57/10078.png
10078,10079,57,images/57/10079.png
10079,10080,57,images/57/10080.png
10080,10081,57,images/57/10081.png
10081,10082,57,images/57/10082.png
10082,10083,57,images/57/10083.png
10083,10084,57,images/57/10084.png
10084,10085,57,images/57/10085.png
10085,10086,57,images/57/10086.png
10086,10087,57,images/57/10087.png
10087,10088,57,images/57/10088.png
10088,10089,57,images/57/10089.png
10089,10090,57,images/57/10090.png
10090,10091,57,images/57/10091.png
10091,10092,57,images/57/10092.png
10092,10093,57,images/57/10093.png
10093,10094,57,images/57/10094.png
10094,10095,57,images/57/10095.png
10095,10096,57,images/57/10096.png
10096,10097,57,images/57/10097.png
10097,10098,57,images/57/10098.png
10098,10099,57,images/57/10099.png
10099,10100,57,images/57/10100.png
10100,10101,57,images/57/10101.png
10101,10102,57,images/57/10102.png
10102,10103,57,images/57/10103.png
10103,10104,57,images/57/10104.png
10104,10105,57,images/57/10105.png
10105,10106,57,images/57/10106.png
10106,10107,57,images/57/10107.png
10107,10108,57,images/57/10108.png
10108,10109,57,images/57/10109.png
10109,10110,57,images/57/10110.png
10110,10111,57,images/57/10111.png
10111,10112,57,images/57/10112.png
10112,10113,57,images/57/10113.png
10113,10114,57,images/57/10114.png
10114,10115,57,images/57/10115.png
10115,10116,57,images/57/10116.png
10116,10117,57,images/57/10117.png
10117,10118,57,images/57/10118.png
10118,10119,58,images/58/10119.png
10119,10120,58,images/58/10120.png
10120,10121,58,images/58/10121.png
10121,10122,58,images/58/10122.png
10122,10123,58,images/58/10123.png
10123,10124,58,images/58/10124.png
10124,10125,58,images/58/10125.png
10125,10126,58,images/58/10126.png
10126,10127,58,images/58/10127.png
10127,10128,58,images/58/10128.png
10128,10129,58,images/58/10129.png
10129,10130,58,images/58/10130.png
10130,10131,58,images/58/10131.png
10131,10132,58,images/58/10132.png
10132,10133,58,images/58/10133.png
10133,10134,58,images/58/10134.png
10134,10135,58,images/58/10135.png
10135,10136,58,images/58/10136.png
10136,10137,58,images/58/10137.png
10137,10138,58,images/58/10138.png
10138,10139,58,images/58/10139.png
10139,10140,58,images/58/10140.png
10140,10141,58,images/58/10141.png
10141,10142,58,images/58/10142.png
10142,10143,58,images/58/10143.png
10143,10144,58,images/58/10144.png
10144,10145,58,images/58/10145.png
10145,10146,58,images/58/10146.png
10146,10147,58,images/58/10147.png
10147,10148,58,images/58/10148.png
10148,10149,58,images/58/10149.png
10149,10150,58,images/58/10150.png
10150,10151,58,images/58/10151.png
10151,10152,58,images/58/10152.png
10152,10153,58,images/58/10153.png
10153,10154,58,images/58/10154.png
10154,10155,58,images/58/10155.png
10155,10156,58,images/58/10156.png
10156,10157,58,images/58/10157.png
10157,10158,58,images/58/10158.png
10158,10159,58,images/58/10159.png
10159,10160,58,images/58/10160.png
10160,10161,58,images/58/10161.png
10161,10162,58,images/58/10162.png
10162,10163,58,images/58/10163.png
10163,10164,58,images/58/10164.png
10164,10165,58,images/58/10165.png
10165,10166,58,images/58/10166.png
10166,10167,58,images/58/10167.png
10167,10168,58,images/58/10168.png
10168,10169,58,images/58/10169.png
10169,10170,58,images/58/10170.png
10170,10171,58,images/58/10171.png
10171,10172,58,images/58/10172.png
10172,10173,58,images/58/10173.png
10173,10174,58,images/58/10174.png
10174,10175,58,images/58/10175.png
10175,10176,58,images/58/10176.png
10176,10177,58,images/58/10177.png
10177,10178,58,images/58/10178.png
10178,10179,58,images/58/10179.png
10179,10180,58,images/58/10180.png
10180,10181,58,images/58/10181.png
10181,10182,58,images/58/10182.png
10182,10183,58,images/58/10183.png
10183,10184,58,images/58/10184.png
10184,10185,58,images/58/10185.png
10185,10186,58,images/58/10186.png
10186,10187,58,images/58/10187.png
10187,10188,58,images/58/10188.png
10188,10189,58,images/58/10189.png
10189,10190,58,images/58/10190.png
10190,10191,58,images/58/10191.png
10191,10192,58,images/58/10192.png
10192,10193,58,images/58/10193.png
10193,10194,58,images/58/10194.png
10194,10195,58,images/58/10195.png
10195,10196,58,images/58/10196.png
10196,10197,58,images/58/10197.png
10197,10198,58,images/58/10198.png
10198,10199,58,images/58/10199.png
10199,10200,58,images/58/10200.png
10200,10201,58,images/58/10201.png
10201,10202,58,images/58/10202.png
10202,10203,58,images/58/10203.png
10203,10204,58,images/58/10204.png
10204,10205,58,images/58/10205.png
10205,10206,58,images/58/10206.png
10206,10207,58,images/58/10207.png
10207,10208,58,images/58/10208.png
10208,10209,58,images/58/10209.png
10209,10210,58,images/58/10210.png
10210,10211,58,images/58/10211.png
10211,10212,58,images/58/10212.png
10212,10213,58,images/58/10213.png
10213,10214,58,images/58/10214.png
10214,10215,58,images/58/10215.png
10215,10216,58,images/58/10216.png
10216,10217,58,images/58/10217.png
10217,10218,58,images/58/10218.png
10218,10219,58,images/58/10219.png
10219,10220,58,images/58/10220.png
10220,10221,58,images/58/10221.png
10221,10222,58,images/58/10222.png
10222,10223,58,images/58/10223.png
10223,10224,58,images/58/10224.png
10224,10225,58,images/58/10225.png
10225,10226,58,images/58/10226.png
10226,10227,58,images/58/10227.png
10227,10228,58,images/58/10228.png
10228,10229,58,images/58/10229.png
10229,10230,58,images/58/10230.png
10230,10231,58,images/58/10231.png
10231,10232,58,images/58/10232.png
10232,10233,58,images/58/10233.png
10233,10234,58,images/58/10234.png
10234,10235,58,images/58/10235.png
10235,10236,58,images/58/10236.png
10236,10237,58,images/58/10237.png
10237,10238,58,images/58/10238.png
10238,10239,58,images/58/10239.png
10239,10240,58,images/58/10240.png
10240,10241,58,images/58/10241.png
10241,10242,58,images/58/10242.png
10242,10243,58,images/58/10243.png
10243,10244,58,images/58/10244.png
10244,10245,58,images/58/10245.png
10245,10246,58,images/58/10246.png
10246,10247,58,images/58/10247.png
10247,10248,58,images/58/10248.png
10248,10249,58,images/58/10249.png
10249,10250,58,images/58/10250.png
10250,10251,58,images/58/10251.png
10251,10252,58,images/58/10252.png
10252,10253,58,images/58/10253.png
10253,10254,58,images/58/10254.png
10254,10255,58,images/58/10255.png
10255,10256,58,images/58/10256.png
10256,10257,58,images/58/10257.png
10257,10258,58,images/58/10258.png
10258,10259,58,images/58/10259.png
10259,10260,58,images/58/10260.png
10260,10261,58,images/58/10261.png
10261,10262,58,images/58/10262.png
10262,10263,58,images/58/10263.png
10263,10264,58,images/58/10264.png
10264,10265,58,images/58/10265.png
10265,10266,58,images/58/10266.png
10266,10267,58,images/58/10267.png
10267,10268,58,images/58/10268.png
10268,10269,58,images/58/10269.png
10269,10270,58,images/58/10270.png
10270,10271,58,images/58/10271.png
10271,10272,58,images/58/10272.png
10272,10273,58,images/58/10273.png
10273,10274,58,images/58/10274.png
10274,10275,58,images/58/10275.png
10275,10276,58,images/58/10276.png
10276,10277,58,images/58/10277.png
10277,10278,58,images/58/10278.png
10278,10279,58,images/58/10279.png
10279,10280,58,images/58/10280.png
10280,10281,58,images/58/10281.png
10281,10282,58,images/58/10282.png
10282,10283,58,images/58/10283.png
10283,10284,58,images/58/10284.png
10284,10285,58,images/58/10285.png
10285,10286,58,images/58/10286.png
10286,10287,58,images/58/10287.png
10287,10288,58,images/58/10288.png
10288,10289,58,images/58/10289.png
10289,10290,58,images/58/10290.png
10290,10291,58,images/58/10291.png
10291,10292,58,images/58/10292.png
10292,10293,58,images/58/10293.png
10293,10294,58,images/58/10294.png
10294,10295,58,images/58/10295.png
10295,10296,58,images/58/10296.png
10296,10297,58,images/58/10297.png
10297,10298,58,images/58/10298.png
10298,10299,58,images/58/10299.png
10299,10300,58,images/58/10300.png
10300,10301,58,images/58/10301.png
10301,10302,58,images/58/10302.png
10302,10303,58,images/58/10303.png
10303,10304,58,images/58/10304.png
10304,10305,58,images/58/10305.png
10305,10306,58,images/58/10306.png
10306,10307,58,images/58/10307.png
10307,10308,58,images/58/10308.png
10308,10309,58,images/58/10309.png
10309,10310,58,images/58/10310.png
10310,10311,58,images/58/10311.png
10311,10312,58,images/58/10312.png
10312,10313,58,images/58/10313.png
10313,10314,58,images/58/10314.png
10314,10315,58,images/58/10315.png
10315,10316,58,images/58/10316.png
10316,10317,59,images/59/10317.png
10317,10318,59,images/59/10318.png
10318,10319,59,images/59/10319.png
10319,10320,59,images/59/10320.png
10320,10321,59,images/59/10321.png
10321,10322,59,images/59/10322.png
10322,10323,59,images/59/10323.png
10323,10324,59,images/59/10324.png
10324,10325,59,images/59/10325.png
10325,10326,59,images/59/10326.png
10326,10327,59,images/59/10327.png
10327,10328,59,images/59/10328.png
10328,10329,59,images/59/10329.png
10329,10330,59,images/59/10330.png
10330,10331,59,images/59/10331.png
10331,10332,59,images/59/10332.png
10332,10333,59,images/59/10333.png
10333,10334,59,images/59/10334.png
10334,10335,59,images/59/10335.png
10335,10336,59,images/59/10336.png
10336,10337,59,images/59/10337.png
10337,10338,59,images/59/10338.png
10338,10339,59,images/59/10339.png
10339,10340,59,images/59/10340.png
10340,10341,59,images/59/10341.png
10341,10342,59,images/59/10342.png
10342,10343,59,images/59/10343.png
10343,10344,59,images/59/10344.png
10344,10345,59,images/59/10345.png
10345,10346,59,images/59/10346.png
10346,10347,59,images/59/10347.png
10347,10348,59,images/59/10348.png
10348,10349,59,images/59/10349.png
10349,10350,59,images/59/10350.png
10350,10351,59,images/59/10351.png
10351,10352,59,images/59/10352.png
10352,10353,59,images/59/10353.png
10353,10354,59,images/59/10354.png
10354,10355,59,images/59/10355.png
10355,10356,59,images/59/10356.png
10356,10357,59,images/59/10357.png
10357,10358,59,images/59/10358.png
10358,10359,59,images/59/10359.png
10359,10360,59,images/59/10360.png
10360,10361,59,images/59/10361.png
10361,10362,59,images/59/10362.png
10362,10363,59,images/59/10363.png
10363,10364,59,images/59/10364.png
10364,10365,59,images/59/10365.png
10365,10366,59,images/59/10366.png
10366,10367,59,images/59/10367.png
10367,10368,59,images/59/10368.png
10368,10369,59,images/59/10369.png
10369,10370,59,images/59/10370.png
10370,10371,59,images/59/10371.png
10371,10372,59,images/59/10372.png
10372,10373,59,images/59/10373.png
10373,10374,59,images/59/10374.png
10374,10375,59,images/59/10375.png
10375,10376,59,images/59/10376.png
10376,10377,59,images/59/10377.png
10377,10378,60,images/60/10378.png
10378,10379,60,images/60/10379.png
10379,10380,60,images/60/10380.png
10380,10381,60,images/60/10381.png
10381,10382,60,images/60/10382.png
10382,10383,60,images/60/10383.png
10383,10384,60,images/60/10384.png
10384,10385,60,images/60/10385.png
10385,10386,60,images/60/10386.png
10386,10387,60,images/60/10387.png
10387,10388,60,images/60/10388.png
10388,10389,60,images/60/10389.png
10389,10390,60,images/60/10390.png
10390,10391,60,images/60/10391.png
10391,10392,60,images/60/10392.png
10392,10393,60,images/60/10393.png
10393,10394,60,images/60/10394.png
10394,10395,60,images/60/10395.png
10395,10396,60,images/60/10396.png
10396,10397,60,images/60/10397.png
10397,10398,60,images/60/10398.png
10398,10399,60,images/60/10399.png
10399,10400,60,images/60/10400.png
10400,10401,60,images/60/10401.png
10401,10402,60,images/60/10402.png
10402,10403,60,images/60/10403.png
10403,10404,60,images/60/10404.png
10404,10405,60,images/60/10405.png
10405,10406,60,images/60/10406.png
10406,10407,60,images/60/10407.png
10407,10408,60,images/60/10408.png
10408,10409,60,images/60/10409.png
10409,10410,60,images/60/10410.png
10410,10411,60,images/60/10411.png
10411,10412,60,images/60/10412.png
10412,10413,60,images/60/10413.png
10413,10414,60,images/60/10414.png
10414,10415,60,images/60/10415.png
10415,10416,61,images/61/10416.png
10416,10417,61,images/61/10417.png
10417,10418,61,images/61/10418.png
10418,10419,61,images/61/10419.png
10419,10420,61,images/61/10420.png
10420,10421,61,images/61/10421.png
10421,10422,61,images/61/10422.png
10422,10423,61,images/61/10423.png
10423,10424,61,images/61/10424.png
10424,10425,61,images/61/10425.png
10425,10426,61,images/61/10426.png
10426,10427,61,images/61/10427.png
10427,10428,61,images/61/10428.png
10428,10429,61,images/61/10429.png
10429,10430,61,images/61/10430.png
10430,10431,61,images/61/10431.png
10431,10432,61,images/61/10432.png
10432,10433,61,images/61/10433.png
10433,10434,61,images/61/10434.png
10434,10435,61,images/61/10435.png
10435,10436,61,images/61/10436.png
10436,10437,61,images/61/10437.png
10437,10438,61,images/61/10438.png
10438,10439,61,images/61/10439.png
10439,10440,61,images/61/10440.png
10440,10441,61,images/61/10441.png
10441,10442,61,images/61/10442.png
10442,10443,61,images/61/10443.png
10443,10444,61,images/61/10444.png
10444,10445,61,images/61/10445.png
10445,10446,61,images/61/10446.png
10446,10447,61,images/61/10447.png
10447,10448,61,images/61/10448.png
10448,10449,61,images/61/10449.png
10449,10450,61,images/61/10450.png
10450,10451,61,images/61/10451.png
10451,10452,61,images/61/10452.png
10452,10453,61,images/61/10453.png
10453,10454,61,images/61/10454.png
10454,10455,61,images/61/10455.png
10455,10456,61,images/61/10456.png
10456,10457,61,images/61/10457.png
10457,10458,61,images/61/10458.png
10458,10459,61,images/61/10459.png
10459,10460,61,images/61/10460.png
10460,10461,61,images/61/10461.png
10461,10462,61,images/61/10462.png
10462,10463,61,images/61/10463.png
10463,10464,61,images/61/10464.png
10464,10465,61,images/61/10465.png
10465,10466,61,images/61/10466.png
10466,10467,61,images/61/10467.png
10467,10468,61,images/61/10468.png
10468,10469,61,images/61/10469.png
10469,10470,61,images/61/10470.png
10470,10471,61,images/61/10471.png
10471,10472,61,images/61/10472.png
10472,10473,61,images/61/10473.png
10473,10474,61,images/61/10474.png
10474,10475,61,images/61/10475.png
10475,10476,61,images/61/10476.png
10476,10477,61,images/61/10477.png
10477,10478,61,images/61/10478.png
10478,10479,61,images/61/10479.png
10479,10480,61,images/61/10480.png
10480,10481,61,images/61/10481.png
10481,10482,61,images/61/10482.png
10482,10483,61,images/61/10483.png
10483,10484,61,images/61/10484.png
10484,10485,61,images/61/10485.png
10485,10486,61,images/61/10486.png
10486,10487,61,images/61/10487.png
10487,10488,61,images/61/10488.png
10488,10489,61,images/61/10489.png
10489,10490,61,images/61/10490.png
10490,10491,61,images/61/10491.png
10491,10492,61,images/61/10492.png
10492,10493,61,images/61/10493.png
10493,10494,61,images/61/10494.png
10494,10495,61,images/61/10495.png
10495,10496,61,images/61/10496.png
10496,10497,61,images/61/10497.png
10497,10498,61,images/61/10498.png
10498,10499,61,images/61/10499.png
10499,10500,61,images/61/10500.png
10500,10501,61,images/61/10501.png
10501,10502,61,images/61/10502.png
10502,10503,61,images/61/10503.png
10503,10504,61,images/61/10504.png
10504,10505,61,images/61/10505.png
10505,10506,61,images/61/10506.png
10506,10507,61,images/61/10507.png
10507,10508,61,images/61/10508.png
10508,10509,61,images/61/10509.png
10509,10510,61,images/61/10510.png
10510,10511,61,images/61/10511.png
10511,10512,61,images/61/10512.png
10512,10513,61,images/61/10513.png
10513,10514,61,images/61/10514.png
10514,10515,61,images/61/10515.png
10515,10516,61,images/61/10516.png
10516,10517,61,images/61/10517.png
10517,10518,61,images/61/10518.png
10518,10519,61,images/61/10519.png
10519,10520,61,images/61/10520.png
10520,10521,61,images/61/10521.png
10521,10522,61,images/61/10522.png
10522,10523,61,images/61/10523.png
10523,10524,61,images/61/10524.png
10524,10525,61,images/61/10525.png
10525,10526,61,images/61/10526.png
10526,10527,61,images/61/10527.png
10527,10528,61,images/61/10528.png
10528,10529,61,images/61/10529.png
10529,10530,61,images/61/10530.png
10530,10531,61,images/61/10531.png
10531,10532,61,images/61/10532.png
10532,10533,61,images/61/10533.png
10533,10534,61,images/61/10534.png
10534,10535,61,images/61/10535.png
10535,10536,61,images/61/10536.png
10536,10537,61,images/61/10537.png
10537,10538,61,images/61/10538.png
10538,10539,61,images/61/10539.png
10539,10540,61,images/61/10540.png
10540,10541,61,images/61/10541.png
10541,10542,61,images/61/10542.png
10542,10543,61,images/61/10543.png
10543,10544,61,images/61/10544.png
10544,10545,61,images/61/10545.png
10545,10546,61,images/61/10546.png
10546,10547,61,images/61/10547.png
10547,10548,61,images/61/10548.png
10548,10549,61,images/61/10549.png
10549,10550,61,images/61/10550.png
10550,10551,61,images/61/10551.png
10551,10552,61,images/61/10552.png
10552,10553,61,images/61/10553.png
10553,10554,61,images/61/10554.png
10554,10555,61,images/61/10555.png
10555,10556,61,images/61/10556.png
10556,10557,61,images/61/10557.png
10557,10558,61,images/61/10558.png
10558,10559,61,images/61/10559.png
10559,10560,61,images/61/10560.png
10560,10561,61,images/61/10561.png
10561,10562,61,images/61/10562.png
10562,10563,61,images/61/10563.png
10563,10564,61,images/61/10564.png
10564,10565,61,images/61/10565.png
10565,10566,61,images/61/10566.png
10566,10567,61,images/61/10567.png
10567,10568,61,images/61/10568.png
10568,10569,61,images/61/10569.png
10569,10570,61,images/61/10570.png
10570,10571,61,images/61/10571.png
10571,10572,61,images/61/10572.png
10572,10573,61,images/61/10573.png
10573,10574,61,images/61/10574.png
10574,10575,62,images/62/10575.png
10575,10576,62,images/62/10576.png
10576,10577,62,images/62/10577.png
10577,10578,62,images/62/10578.png
10578,10579,62,images/62/10579.png
10579,10580,62,images/62/10580.png
10580,10581,62,images/62/10581.png
10581,10582,62,images/62/10582.png
10582,10583,62,images/62/10583.png
10583,10584,62,images/62/10584.png
10584,10585,62,images/62/10585.png
10585,10586,62,images/62/10586.png
10586,10587,62,images/62/10587.png
10587,10588,62,images/62/10588.png
10588,10589,62,images/62/10589.png
10589,10590,62,images/62/10590.png
10590,10591,62,images/62/10591.png
10591,10592,62,images/62/10592.png
10592,10593,62,images/62/10593.png
10593,10594,62,images/62/10594.png
10594,10595,62,images/62/10595.png
10595,10596,62,images/62/10596.png
10596,10597,62,images/62/10597.png
10597,10598,62,images/62/10598.png
10598,10599,62,images/62/10599.png
10599,10600,62,images/62/10600.png
10600,10601,62,images/62/10601.png
10601,10602,62,images/62/10602.png
10602,10603,62,images/62/10603.png
10603,10604,62,images/62/10604.png
10604,10605,62,images/62/10605.png
10605,10606,62,images/62/10606.png
10606,10607,62,images/62/10607.png
10607,10608,63,images/63/10608.png
10608,10609,63,images/63/10609.png
10609,10610,63,images/63/10610.png
10610,10611,63,images/63/10611.png
10611,10612,63,images/63/10612.png
10612,10613,63,images/63/10613.png
10613,10614,63,images/63/10614.png
10614,10615,63,images/63/10615.png
10615,10616,63,images/63/10616.png
10616,10617,63,images/63/10617.png
10617,10618,63,images/63/10618.png
10618,10619,63,images/63/10619.png
10619,10620,63,images/63/10620.png
10620,10621,63,images/63/10621.png
10621,10622,63,images/63/10622.png
10622,10623,63,images/63/10623.png
10623,10624,63,images/63/10624.png
10624,10625,63,images/63/10625.png
10625,10626,63,images/63/10626.png
10626,10627,63,images/63/10627.png
10627,10628,63,images/63/10628.png
10628,10629,63,images/63/10629.png
10629,10630,63,images/63/10630.png
10630,10631,63,images/63/10631.png
10631,10632,63,images/63/10632.png
10632,10633,63,images/63/10633.png
10633,10634,63,images/63/10634.png
10634,10635,63,images/63/10635.png
10635,10636,63,images/63/10636.png
10636,10637,63,images/63/10637.png
10637,10638,64,images/64/10638.png
10638,10639,64,images/64/10639.png
10639,10640,64,images/64/10640.png
10640,10641,64,images/64/10641.png
10641,10642,64,images/64/10642.png
10642,10643,64,images/64/10643.png
10643,10644,64,images/64/10644.png
10644,10645,64,images/64/10645.png
10645,10646,64,images/64/10646.png
10646,10647,64,images/64/10647.png
10647,10648,64,images/64/10648.png
10648,10649,64,images/64/10649.png
10649,10650,64,images/64/10650.png
10650,10651,64,images/64/10651.png
10651,10652,65,images/65/10652.png
10652,10653,65,images/65/10653.png
10653,10654,65,images/65/10654.png
10654,10655,65,images/65/10655.png
10655,10656,65,images/65/10656.png
10656,10657,65,images/65/10657.png
10657,10658,65,images/65/10658.png
10658,10659,65,images/65/10659.png
10659,10660,65,images/65/10660.png
10660,10661,65,images/65/10661.png
10661,10662,65,images/65/10662.png
10662,10663,65,images/65/10663.png
10663,10664,65,images/65/10664.png
10664,10665,65,images/65/10665.png
10665,10666,65,images/65/10666.png
10666,10667,65,images/65/10667.png
10667,10668,65,images/65/10668.png
10668,10669,65,images/65/10669.png
10669,10670,65,images/65/10670.png
10670,10671,65,images/65/10671.png
10671,10672,65,images/65/10672.png
10672,10673,65,images/65/10673.png
10673,10674,65,images/65/10674.png
10674,10675,65,images/65/10675.png
10675,10676,65,images/65/10676.png
10676,10677,65,images/65/10677.png
10677,10678,65,images/65/10678.png
10678,10679,65,images/65/10679.png
10679,10680,65,images/65/10680.png
10680,10681,65,images/65/10681.png
10681,10682,65,images/65/10682.png
10682,10683,65,images/65/10683.png
10683,10684,65,images/65/10684.png
10684,10685,65,images/65/10685.png
10685,10686,65,images/65/10686.png
10686,10687,65,images/65/10687.png
10687,10688,65,images/65/10688.png
10688,10689,65,images/65/10689.png
10689,10690,65,images/65/10690.png
10690,10691,65,images/65/10691.png
10691,10692,65,images/65/10692.png
10692,10693,65,images/65/10693.png
10693,10694,65,images/65/10694.png
10694,10695,65,images/65/10695.png
10695,10696,65,images/65/10696.png
10696,10697,65,images/65/10697.png
10697,10698,65,images/65/10698.png
10698,10699,65,images/65/10699.png
10699,10700,65,images/65/10700.png
10700,10701,65,images/65/10701.png
10701,10702,65,images/65/10702.png
10702,10703,65,images/65/10703.png
10703,10704,65,images/65/10704.png
10704,10705,65,images/65/10705.png
10705,10706,65,images/65/10706.png
10706,10707,65,images/65/10707.png
10707,10708,65,images/65/10708.png
10708,10709,65,images/65/10709.png
10709,10710,65,images/65/10710.png
10710,10711,65,images/65/10711.png
10711,10712,65,images/65/10712.png
10712,10713,65,images/65/10713.png
10713,10714,65,images/65/10714.png
10714,10715,65,images/65/10715.png
10715,10716,65,images/65/10716.png
10716,10717,65,images/65/10717.png
10717,10718,65,images/65/10718.png
10718,10719,65,images/65/10719.png
10719,10720,65,images/65/10720.png
10720,10721,65,images/65/10721.png
10721,10722,65,images/65/10722.png
10722,10723,65,images/65/10723.png
10723,10724,65,images/65/10724.png
10724,10725,65,images/65/10725.png
10725,10726,65,images/65/10726.png
10726,10727,65,images/65/10727.png
10727,10728,65,images/65/10728.png
10728,10729,65,images/65/10729.png
10729,10730,65,images/65/10730.png
10730,10731,65,images/65/10731.png
10731,10732,65,images/65/10732.png
10732,10733,65,images/65/10733.png
10733,10734,65,images/65/10734.png
10734,10735,65,images/65/10735.png
10735,10736,65,images/65/10736.png
10736,10737,65,images/65/10737.png
10737,10738,66,images/66/10738.png
10738,10739,66,images/66/10739.png
10739,10740,66,images/66/10740.png
10740,10741,66,images/66/10741.png
10741,10742,66,images/66/10742.png
10742,10743,66,images/66/10743.png
10743,10744,66,images/66/10744.png
10744,10745,66,images/66/10745.png
10745,10746,66,images/66/10746.png
10746,10747,66,images/66/10747.png
10747,10748,66,images/66/10748.png
10748,10749,66,images/66/10749.png
10749,10750,66,images/66/10750.png
10750,10751,66,images/66/10751.png
10751,10752,66,images/66/10752.png
10752,10753,66,images/66/10753.png
10753,10754,66,images/66/10754.png
10754,10755,66,images/66/10755.png
10755,10756,66,images/66/10756.png
10756,10757,66,images/66/10757.png
10757,10758,66,images/66/10758.png
10758,10759,66,images/66/10759.png
10759,10760,66,images/66/10760.png
10760,10761,66,images/66/10761.png
10761,10762,66,images/66/10762.png
10762,10763,66,images/66/10763.png
10763,10764,66,images/66/10764.png
10764,10765,66,images/66/10765.png
10765,10766,66,images/66/10766.png
10766,10767,66,images/66/10767.png
10767,10768,66,images/66/10768.png
10768,10769,66,images/66/10769.png
10769,10770,66,images/66/10770.png
10770,10771,66,images/66/10771.png
10771,10772,66,images/66/10772.png
10772,10773,66,images/66/10773.png
10773,10774,66,images/66/10774.png
10774,10775,66,images/66/10775.png
10775,10776,66,images/66/10776.png
10776,10777,66,images/66/10777.png
10777,10778,66,images/66/10778.png
10778,10779,66,images/66/10779.png
10779,10780,66,images/66/10780.png
10780,10781,66,images/66/10781.png
10781,10782,66,images/66/10782.png
10782,10783,66,images/66/10783.png
10783,10784,66,images/66/10784.png
10784,10785,66,images/66/10785.png
10785,10786,66,images/66/10786.png
10786,10787,66,images/66/10787.png
10787,10788,66,images/66/10788.png
10788,10789,66,images/66/10789.png
10789,10790,66,images/66/10790.png
10790,10791,66,images/66/10791.png
10791,10792,66,images/66/10792.png
10792,10793,66,images/66/10793.png
10793,10794,66,images/66/10794.png
10794,10795,66,images/66/10795.png
10795,10796,66,images/66/10796.png
10796,10797,66,images/66/10797.png
10797,10798,66,images/66/10798.png
10798,10799,66,images/66/10799.png
10799,10800,66,images/66/10800.png
10800,10801,66,images/66/10801.png
10801,10802,66,images/66/10802.png
10802,10803,66,images/66/10803.png
10803,10804,66,images/66/10804.png
10804,10805,66,images/66/10805.png
10805,10806,66,images/66/10806.png
10806,10807,66,images/66/10807.png
10807,10808,66,images/66/10808.png
10808,10809,66,images/66/10809.png
10809,10810,66,images/66/10810.png
10810,10811,66,images/66/10811.png
10811,10812,66,images/66/10812.png
10812,10813,66,images/66/10813.png
10813,10814,66,images/66/10814.png
10814,10815,66,images/66/10815.png
10815,10816,66,images/66/10816.png
10816,10817,67,images/67/10817.png
10817,10818,67,images/67/10818.png
10818,10819,67,images/67/10819.png
10819,10820,67,images/67/10820.png
10820,10821,67,images/67/10821.png
10821,10822,67,images/67/10822.png
10822,10823,67,images/67/10823.png
10823,10824,67,images/67/10824.png
10824,10825,67,images/67/10825.png
10825,10826,67,images/67/10826.png
10826,10827,67,images/67/10827.png
10827,10828,67,images/67/10828.png
10828,10829,67,images/67/10829.png
10829,10830,67,images/67/10830.png
10830,10831,67,images/67/10831.png
10831,10832,67,images/67/10832.png
10832,10833,67,images/67/10833.png
10833,10834,67,images/67/10834.png
10834,10835,67,images/67/10835.png
10835,10836,67,images/67/10836.png
10836,10837,67,images/67/10837.png
10837,10838,67,images/67/10838.png
10838,10839,67,images/67/10839.png
10839,10840,67,images/67/10840.png
10840,10841,67,images/67/10841.png
10841,10842,67,images/67/10842.png
10842,10843,67,images/67/10843.png
10843,10844,67,images/67/10844.png
10844,10845,67,images/67/10845.png
10845,10846,67,images/67/10846.png
10846,10847,67,images/67/10847.png
10847,10848,67,images/67/10848.png
10848,10849,67,images/67/10849.png
10849,10850,67,images/67/10850.png
10850,10851,67,images/67/10851.png
10851,10852,67,images/67/10852.png
10852,10853,67,images/67/10853.png
10853,10854,67,images/67/10854.png
10854,10855,67,images/67/10855.png
10855,10856,67,images/67/10856.png
10856,10857,67,images/67/10857.png
10857,10858,67,images/67/10858.png
10858,10859,67,images/67/10859.png
10859,10860,67,images/67/10860.png
10860,10861,67,images/67/10861.png
10861,10862,67,images/67/10862.png
10862,10863,67,images/67/10863.png
10863,10864,67,images/67/10864.png
10864,10865,67,images/67/10865.png
10865,10866,67,images/67/10866.png
10866,10867,67,images/67/10867.png
10867,10868,67,images/67/10868.png
10868,10869,67,images/67/10869.png
10869,10870,67,images/67/10870.png
10870,10871,67,images/67/10871.png
10871,10872,67,images/67/10872.png
10872,10873,67,images/67/10873.png
10873,10874,67,images/67/10874.png
10874,10875,67,images/67/10875.png
10875,10876,67,images/67/10876.png
10876,10877,67,images/67/10877.png
10877,10878,67,images/67/10878.png
10878,10879,67,images/67/10879.png
10879,10880,67,images/67/10880.png
10880,10881,67,images/67/10881.png
10881,10882,67,images/67/10882.png
10882,10883,67,images/67/10883.png
10883,10884,67,images/67/10884.png
10884,10885,67,images/67/10885.png
10885,10886,67,images/67/10886.png
10886,10887,67,images/67/10887.png
10887,10888,67,images/67/10888.png
10888,10889,67,images/67/10889.png
10889,10890,67,images/67/10890.png
10890,10891,67,images/67/10891.png
10891,10892,67,images/67/10892.png
10892,10893,67,images/67/10893.png
10893,10894,67,images/67/10894.png
10894,10895,67,images/67/10895.png
10895,10896,67,images/67/10896.png
10896,10897,67,images/67/10897.png
10897,10898,67,images/67/10898.png
10898,10899,67,images/67/10899.png
10899,10900,67,images/67/10900.png
10900,10901,67,images/67/10901.png
10901,10902,67,images/67/10902.png
10902,10903,67,images/67/10903.png
10903,10904,67,images/67/10904.png
10904,10905,67,images/67/10905.png
10905,10906,67,images/67/10906.png
10906,10907,67,images/67/10907.png
10907,10908,67,images/67/10908.png
10908,10909,67,images/67/10909.png
10909,10910,67,images/67/10910.png
10910,10911,67,images/67/10911.png
10911,10912,68,images/68/10912.png
10912,10913,68,images/68/10913.png
10913,10914,68,images/68/10914.png
10914,10915,68,images/68/10915.png
10915,10916,68,images/68/10916.png
10916,10917,68,images/68/10917.png
10917,10918,68,images/68/10918.png
10918,10919,68,images/68/10919.png
10919,10920,68,images/68/10920.png
10920,10921,68,images/68/10921.png
10921,10922,68,images/68/10922.png
10922,10923,68,images/68/10923.png
10923,10924,68,images/68/10924.png
10924,10925,68,images/68/10925.png
10925,10926,68,images/68/10926.png
10926,10927,68,images/68/10927.png
10927,10928,68,images/68/10928.png
10928,10929,68,images/68/10929.png
10929,10930,68,images/68/10930.png
10930,10931,68,images/68/10931.png
10931,10932,68,images/68/10932.png
10932,10933,68,images/68/10933.png
10933,10934,68,images/68/10934.png
10934,10935,68,images/68/10935.png
10935,10936,68,images/68/10936.png
10936,10937,68,images/68/10937.png
10937,10938,68,images/68/10938.png
10938,10939,68,images/68/10939.png
10939,10940,68,images/68/10940.png
10940,10941,68,images/68/10941.png
10941,10942,68,images/68/10942.png
10942,10943,68,images/68/10943.png
10943,10944,68,images/68/10944.png
10944,10945,68,images/68/10945.png
10945,10946,68,images/68/10946.png
10946,10947,68,images/68/10947.png
10947,10948,68,images/68/10948.png
10948,10949,68,images/68/10949.png
10949,10950,68,images/68/10950.png
10950,10951,68,images/68/10951.png
10951,10952,68,images/68/10952.png
10952,10953,68,images/68/10953.png
10953,10954,68,images/68/10954.png
10954,10955,68,images/68/10955.png
10955,10956,68,images/68/10956.png
10956,10957,68,images/68/10957.png
10957,10958,68,images/68/10958.png
10958,10959,68,images/68/10959.png
10959,10960,68,images/68/10960.png
10960,10961,68,images/68/10961.png
10961,10962,68,images/68/10962.png
10962,10963,68,images/68/10963.png
10963,10964,68,images/68/10964.png
10964,10965,68,images/68/10965.png
10965,10966,68,images/68/10966.png
10966,10967,68,images/68/10967.png
10967,10968,68,images/68/10968.png
10968,10969,68,images/68/10969.png
10969,10970,68,images/68/10970.png
10970,10971,68,images/68/10971.png
10971,10972,68,images/68/10972.png
10972,10973,68,images/68/10973.png
10973,10974,68,images/68/10974.png
10974,10975,68,images/68/10975.png
10975,10976,68,images/68/10976.png
10976,10977,68,images/68/10977.png
10977,10978,68,images/68/10978.png
10978,10979,68,images/68/10979.png
10979,10980,68,images/68/10980.png
10980,10981,68,images/68/10981.png
10981,10982,68,images/68/10982.png
10982,10983,68,images/68/10983.png
10983,10984,68,images/68/10984.png
10984,10985,68,images/68/10985.png
10985,10986,68,images/68/10986.png
10986,10987,68,images/68/10987.png
10987,10988,68,images/68/10988.png
10988,10989,68,images/68/10989.png
10989,10990,68,images/68/10990.png
10990,10991,68,images/68/10991.png
10991,10992,68,images/68/10992.png
10992,10993,68,images/68/10993.png
10993,10994,68,images/68/10994.png
10994,10995,68,images/68/10995.png
10995,10996,68,images/68/10996.png
10996,10997,68,images/68/10997.png
10997,10998,68,images/68/10998.png
10998,10999,68,images/68/10999.png
10999,11000,68,images/68/11000.png
11000,11001,68,images/68/11001.png
11001,11002,68,images/68/11002.png
11002,11003,68,images/68/11003.png
11003,11004,68,images/68/11004.png
11004,11005,68,images/68/11005.png
11005,11006,68,images/68/11006.png
11006,11007,68,images/68/11007.png
11007,11008,68,images/68/11008.png
11008,11009,68,images/68/11009.png
11009,11010,68,images/68/11010.png
11010,11011,68,images/68/11011.png
11011,11012,68,images/68/11012.png
11012,11013,68,images/68/11013.png
11013,11014,68,images/68/11014.png
11014,11015,68,images/68/11015.png
11015,11016,68,images/68/11016.png
11016,11017,68,images/68/11017.png
11017,11018,68,images/68/11018.png
11018,11019,68,images/68/11019.png
11019,11020,68,images/68/11020.png
11020,11021,69,images/69/11021.png
11021,11022,69,images/69/11022.png
11022,11023,69,images/69/11023.png
11023,11024,69,images/69/11024.png
11024,11025,69,images/69/11025.png
11025,11026,69,images/69/11026.png
11026,11027,69,images/69/11027.png
11027,11028,69,images/69/11028.png
11028,11029,69,images/69/11029.png
11029,11030,69,images/69/11030.png
11030,11031,69,images/69/11031.png
11031,11032,69,images/69/11032.png
11032,11033,69,images/69/11033.png
11033,11034,69,images/69/11034.png
11034,11035,69,images/69/11035.png
11035,11036,69,images/69/11036.png
11036,11037,69,images/69/11037.png
11037,11038,69,images/69/11038.png
11038,11039,69,images/69/11039.png
11039,11040,69,images/69/11040.png
11040,11041,69,images/69/11041.png
11041,11042,69,images/69/11042.png
11042,11043,69,images/69/11043.png
11043,11044,69,images/69/11044.png
11044,11045,69,images/69/11045.png
11045,11046,69,images/69/11046.png
11046,11047,69,images/69/11047.png
11047,11048,69,images/69/11048.png
11048,11049,69,images/69/11049.png
11049,11050,69,images/69/11050.png
11050,11051,69,images/69/11051.png
11051,11052,69,images/69/11052.png
11052,11053,69,images/69/11053.png
11053,11054,69,images/69/11054.png
11054,11055,69,images/69/11055.png
11055,11056,69,images/69/11056.png
11056,11057,69,images/69/11057.png
11057,11058,69,images/69/11058.png
11058,11059,69,images/69/11059.png
11059,11060,69,images/69/11060.png
11060,11061,69,images/69/11061.png
11061,11062,69,images/69/11062.png
11062,11063,69,images/69/11063.png
11063,11064,69,images/69/11064.png
11064,11065,69,images/69/11065.png
11065,11066,69,images/69/11066.png
11066,11067,69,images/69/11067.png
11067,11068,69,images/69/11068.png
11068,11069,69,images/69/11069.png
11069,11070,69,images/69/11070.png
11070,11071,69,images/69/11071.png
11071,11072,69,images/69/11072.png
11072,11073,69,images/69/11073.png
11073,11074,69,images/69/11074.png
11074,11075,69,images/69/11075.png
11075,11076,69,images/69/11076.png
11076,11077,69,images/69/11077.png
11077,11078,69,images/69/11078.png
11078,11079,69,images/69/11079.png
11079,11080,69,images/69/11080.png
11080,11081,69,images/69/11081.png
11081,11082,69,images/69/11082.png
11082,11083,69,images/69/11083.png
11083,11084,69,images/69/11084.png
11084,11085,69,images/69/11085.png
11085,11086,69,images/69/11086.png
11086,11087,69,images/69/11087.png
11087,11088,69,images/69/11088.png
11088,11089,69,images/69/11089.png
11089,11090,69,images/69/11090.png
11090,11091,69,images/69/11091.png
11091,11092,69,images/69/11092.png
11092,11093,69,images/69/11093.png
11093,11094,69,images/69/11094.png
11094,11095,69,images/69/11095.png
11095,11096,69,images/69/11096.png
11096,11097,69,images/69/11097.png
11097,11098,69,images/69/11098.png
11098,11099,69,images/69/11099.png
11099,11100,69,images/69/11100.png
11100,11101,69,images/69/11101.png
11101,11102,69,images/69/11102.png
11102,11103,69,images/69/11103.png
11103,11104,69,images/69/11104.png
11104,11105,69,images/69/11105.png
11105,11106,69,images/69/11106.png
11106,11107,69,images/69/11107.png
11107,11108,69,images/69/11108.png
11108,11109,69,images/69/11109.png
11109,11110,69,images/69/11110.png
11110,11111,69,images/69/11111.png
11111,11112,69,images/69/11112.png
11112,11113,69,images/69/11113.png
11113,11114,69,images/69/11114.png
11114,11115,69,images/69/11115.png
11115,11116,69,images/69/11116.png
11116,11117,69,images/69/11117.png
11117,11118,69,images/69/11118.png
11118,11119,69,images/69/11119.png
11119,11120,69,images/69/11120.png
11120,11121,69,images/69/11121.png
11121,11122,69,images/69/11122.png
11122,11123,69,images/69/11123.png
11123,11124,69,images/69/11124.png
11124,11125,69,images/69/11125.png
11125,11126,69,images/69/11126.png
11126,11127,69,images/69/11127.png
11127,11128,69,images/69/11128.png
11128,11129,69,images/69/11129.png
11129,11130,69,images/69/11130.png
11130,11131,69,images/69/11131.png
11131,11132,69,images/69/11132.png
11132,11133,69,images/69/11133.png
11133,11134,69,images/69/11134.png
11134,11135,69,images/69/11135.png
11135,11136,69,images/69/11136.png
11136,11137,69,images/69/11137.png
11137,11138,69,images/69/11138.png
11138,11139,69,images/69/11139.png
11139,11140,69,images/69/11140.png
11140,11141,69,images/69/11141.png
11141,11142,69,images/69/11142.png
11142,11143,69,images/69/11143.png
11143,11144,69,images/69/11144.png
11144,11145,69,images/69/11145.png
11145,11146,69,images/69/11146.png
11146,11147,69,images/69/11147.png
11147,11148,69,images/69/11148.png
11148,11149,69,images/69/11149.png
11149,11150,69,images/69/11150.png
11150,11151,69,images/69/11151.png
11151,11152,69,images/69/11152.png
11152,11153,69,images/69/11153.png
11153,11154,69,images/69/11154.png
11154,11155,69,images/69/11155.png
11155,11156,69,images/69/11156.png
11156,11157,69,images/69/11157.png
11157,11158,69,images/69/11158.png
11158,11159,69,images/69/11159.png
11159,11160,69,images/69/11160.png
11160,11161,69,images/69/11161.png
11161,11162,69,images/69/11162.png
11162,11163,69,images/69/11163.png
11163,11164,69,images/69/11164.png
11164,11165,69,images/69/11165.png
11165,11166,69,images/69/11166.png
11166,11167,69,images/69/11167.png
11167,11168,69,images/69/11168.png
11168,11169,69,images/69/11169.png
11169,11170,69,images/69/11170.png
11170,11171,69,images/69/11171.png
11171,11172,69,images/69/11172.png
11172,11173,69,images/69/11173.png
11173,11174,69,images/69/11174.png
11174,11175,69,images/69/11175.png
11175,11176,69,images/69/11176.png
11176,11177,69,images/69/11177.png
11177,11178,69,images/69/11178.png
11178,11179,69,images/69/11179.png
11179,11180,69,images/69/11180.png
11180,11181,69,images/69/11181.png
11181,11182,69,images/69/11182.png
11182,11183,69,images/69/11183.png
11183,11184,69,images/69/11184.png
11184,11185,69,images/69/11185.png
11185,11186,69,images/69/11186.png
11186,11187,69,images/69/11187.png
11187,11188,69,images/69/11188.png
11188,11189,69,images/69/11189.png
11189,11190,69,images/69/11190.png
11190,11191,69,images/69/11191.png
11191,11192,69,images/69/11192.png
11192,11193,69,images/69/11193.png
11193,11194,69,images/69/11194.png
11194,11195,69,images/69/11195.png
11195,11196,69,images/69/11196.png
11196,11197,69,images/69/11197.png
11197,11198,69,images/69/11198.png
11198,11199,69,images/69/11199.png
11199,11200,69,images/69/11200.png
11200,11201,69,images/69/11201.png
11201,11202,69,images/69/11202.png
11202,11203,69,images/69/11203.png
11203,11204,69,images/69/11204.png
11204,11205,69,images/69/11205.png
11205,11206,69,images/69/11206.png
11206,11207,69,images/69/11207.png
11207,11208,69,images/69/11208.png
11208,11209,69,images/69/11209.png
11209,11210,69,images/69/11210.png
11210,11211,69,images/69/11211.png
11211,11212,69,images/69/11212.png
11212,11213,69,images/69/11213.png
11213,11214,69,images/69/11214.png
11214,11215,69,images/69/11215.png
11215,11216,69,images/69/11216.png
11216,11217,69,images/69/11217.png
11217,11218,69,images/69/11218.png
11218,11219,69,images/69/11219.png
11219,11220,69,images/69/11220.png
11220,11221,69,images/69/11221.png
11221,11222,69,images/69/11222.png
11222,11223,69,images/69/11223.png
11223,11224,69,images/69/11224.png
11224,11225,69,images/69/11225.png
11225,11226,69,images/69/11226.png
11226,11227,69,images/69/11227.png
11227,11228,69,images/69/11228.png
11228,11229,69,images/69/11229.png
11229,11230,69,images/69/11230.png
11230,11231,69,images/69/11231.png
11231,11232,69,images/69/11232.png
11232,11233,69,images/69/11233.png
11233,11234,69,images/69/11234.png
11234,11235,69,images/69/11235.png
11235,11236,69,images/69/11236.png
11236,11237,69,images/69/11237.png
11237,11238,69,images/69/11238.png
11238,11239,69,images/69/11239.png
11239,11240,69,images/69/11240.png
11240,11241,69,images/69/11241.png
11241,11242,69,images/69/11242.png
11242,11243,69,images/69/11243.png
11243,11244,69,images/69/11244.png
11244,11245,69,images/69/11245.png
11245,11246,69,images/69/11246.png
11246,11247,69,images/69/11247.png
11247,11248,69,images/69/11248.png
11248,11249,69,images/69/11249.png
11249,11250,69,images/69/11250.png
11250,11251,69,images/69/11251.png
11251,11252,69,images/69/11252.png
11252,11253,69,images/69/11253.png
11253,11254,69,images/69/11254.png
11254,11255,69,images/69/11255.png
11255,11256,69,images/69/11256.png
11256,11257,69,images/69/11257.png
11257,11258,69,images/69/11258.png
11258,11259,69,images/69/11259.png
11259,11260,69,images/69/11260.png
11260,11261,69,images/69/11261.png
11261,11262,69,images/69/11262.png
11262,11263,69,images/69/11263.png
11263,11264,69,images/69/11264.png
11264,11265,69,images/69/11265.png
11265,11266,69,images/69/11266.png
11266,11267,69,images/69/11267.png
11267,11268,69,images/69/11268.png
11268,11269,69,images/69/11269.png
11269,11270,69,images/69/11270.png
11270,11271,69,images/69/11271.png
11271,11272,69,images/69/11272.png
11272,11273,69,images/69/11273.png
11273,11274,69,images/69/11274.png
11274,11275,69,images/69/11275.png
11275,11276,69,images/69/11276.png
11276,11277,69,images/69/11277.png
11277,11278,69,images/69/11278.png
11278,11279,69,images/69/11279.png
11279,11280,69,images/69/11280.png
11280,11281,69,images/69/11281.png
11281,11282,69,images/69/11282.png
11282,11283,69,images/69/11283.png
11283,11284,69,images/69/11284.png
11284,11285,69,images/69/11285.png
11285,11286,69,images/69/11286.png
11286,11287,69,images/69/11287.png
11287,11288,69,images/69/11288.png
11288,11289,69,images/69/11289.png
11289,11290,69,images/69/11290.png
11290,11291,69,images/69/11291.png
11291,11292,69,images/69/11292.png
11292,11293,69,images/69/11293.png
11293,11294,69,images/69/11294.png
11294,11295,69,images/69/11295.png
11295,11296,69,images/69/11296.png
11296,11297,69,images/69/11297.png
11297,11298,69,images/69/11298.png
11298,11299,69,images/69/11299.png
11299,11300,69,images/69/11300.png
11300,11301,69,images/69/11301.png
11301,11302,69,images/69/11302.png
11302,11303,69,images/69/11303.png
11303,11304,69,images/69/11304.png
11304,11305,69,images/69/11305.png
11305,11306,69,images/69/11306.png
11306,11307,69,images/69/11307.png
11307,11308,69,images/69/11308.png
11308,11309,69,images/69/11309.png
11309,11310,69,images/69/11310.png
11310,11311,69,images/69/11311.png
11311,11312,69,images/69/11312.png
11312,11313,69,images/69/11313.png
11313,11314,69,images/69/11314.png
11314,11315,69,images/69/11315.png
11315,11316,69,images/69/11316.png
11316,11317,69,images/69/11317.png
11317,11318,69,images/69/11318.png
11318,11319,69,images/69/11319.png
11319,11320,69,images/69/11320.png
11320,11321,69,images/69/11321.png
11321,11322,69,images/69/11322.png
11322,11323,69,images/69/11323.png
11323,11324,69,images/69/11324.png
11324,11325,69,images/69/11325.png
11325,11326,69,images/69/11326.png
11326,11327,69,images/69/11327.png
11327,11328,69,images/69/11328.png
11328,11329,69,images/69/11329.png
11329,11330,69,images/69/11330.png
11330,11331,69,images/69/11331.png
11331,11332,69,images/69/11332.png
11332,11333,69,images/69/11333.png
11333,11334,69,images/69/11334.png
11334,11335,69,images/69/11335.png
11335,11336,69,images/69/11336.png
11336,11337,69,images/69/11337.png
11337,11338,69,images/69/11338.png
11338,11339,69,images/69/11339.png
11339,11340,69,images/69/11340.png
11340,11341,69,images/69/11341.png
11341,11342,69,images/69/11342.png
11342,11343,69,images/69/11343.png
11343,11344,69,images/69/11344.png
11344,11345,69,images/69/11345.png
11345,11346,69,images/69/11346.png
11346,11347,69,images/69/11347.png
11347,11348,69,images/69/11348.png
11348,11349,69,images/69/11349.png
11349,11350,69,images/69/11350.png
11350,11351,69,images/69/11351.png
11351,11352,69,images/69/11352.png
11352,11353,69,images/69/11353.png
11353,11354,69,images/69/11354.png
11354,11355,69,images/69/11355.png
11355,11356,69,images/69/11356.png
11356,11357,69,images/69/11357.png
11357,11358,69,images/69/11358.png
11358,11359,69,images/69/11359.png
11359,11360,69,images/69/11360.png
11360,11361,69,images/69/11361.png
11361,11362,69,images/69/11362.png
11362,11363,69,images/69/11363.png
11363,11364,69,images/69/11364.png
11364,11365,69,images/69/11365.png
11365,11366,69,images/69/11366.png
11366,11367,69,images/69/11367.png
11367,11368,69,images/69/11368.png
11368,11369,69,images/69/11369.png
11369,11370,69,images/69/11370.png
11370,11371,69,images/69/11371.png
11371,11372,69,images/69/11372.png
11372,11373,69,images/69/11373.png
11373,11374,69,images/69/11374.png
11374,11375,69,images/69/11375.png
11375,11376,69,images/69/11376.png
11376,11377,69,images/69/11377.png
11377,11378,69,images/69/11378.png
11378,11379,69,images/69/11379.png
11379,11380,69,images/69/11380.png
11380,11381,69,images/69/11381.png
11381,11382,69,images/69/11382.png
11382,11383,69,images/69/11383.png
11383,11384,69,images/69/11384.png
11384,11385,69,images/69/11385.png
11385,11386,69,images/69/11386.png
11386,11387,69,images/69/11387.png
11387,11388,69,images/69/11388.png
11388,11389,69,images/69/11389.png
11389,11390,69,images/69/11390.png
11390,11391,69,images/69/11391.png
11391,11392,69,images/69/11392.png
11392,11393,69,images/69/11393.png
11393,11394,69,images/69/11394.png
11394,11395,69,images/69/11395.png
11395,11396,69,images/69/11396.png
11396,11397,69,images/69/11397.png
11397,11398,69,images/69/11398.png
11398,11399,69,images/69/11399.png
11399,11400,69,images/69/11400.png
11400,11401,69,images/69/11401.png
11401,11402,69,images/69/11402.png
11402,11403,69,images/69/11403.png
11403,11404,69,images/69/11404.png
11404,11405,69,images/69/11405.png
11405,11406,69,images/69/11406.png
11406,11407,69,images/69/11407.png
11407,11408,69,images/69/11408.png
11408,11409,69,images/69/11409.png
11409,11410,69,images/69/11410.png
11410,11411,69,images/69/11411.png
11411,11412,69,images/69/11412.png
11412,11413,69,images/69/11413.png
11413,11414,69,images/69/11414.png
11414,11415,69,images/69/11415.png
11415,11416,69,images/69/11416.png
11416,11417,69,images/69/11417.png
11417,11418,69,images/69/11418.png
11418,11419,69,images/69/11419.png
11419,11420,69,images/69/11420.png
11420,11421,69,images/69/11421.png
11421,11422,69,images/69/11422.png
11422,11423,69,images/69/11423.png
11423,11424,69,images/69/11424.png
11424,11425,69,images/69/11425.png
11425,11426,69,images/69/11426.png
11426,11427,69,images/69/11427.png
11427,11428,69,images/69/11428.png
11428,11429,69,images/69/11429.png
11429,11430,69,images/69/11430.png
11430,11431,69,images/69/11431.png
11431,11432,69,images/69/11432.png
11432,11433,69,images/69/11433.png
11433,11434,69,images/69/11434.png
11434,11435,69,images/69/11435.png
11435,11436,69,images/69/11436.png
11436,11437,69,images/69/11437.png
11437,11438,69,images/69/11438.png
11438,11439,69,images/69/11439.png
11439,11440,69,images/69/11440.png
11440,11441,69,images/69/11441.png
11441,11442,69,images/69/11442.png
11442,11443,69,images/69/11443.png
11443,11444,69,images/69/11444.png
11444,11445,69,images/69/11445.png
11445,11446,69,images/69/11446.png
11446,11447,69,images/69/11447.png
11447,11448,69,images/69/11448.png
11448,11449,69,images/69/11449.png
11449,11450,69,images/69/11450.png
11450,11451,69,images/69/11451.png
11451,11452,69,images/69/11452.png
11452,11453,69,images/69/11453.png
11453,11454,69,images/69/11454.png
11454,11455,69,images/69/11455.png
11455,11456,69,images/69/11456.png
11456,11457,70,images/70/11457.png
11457,11458,70,images/70/11458.png
11458,11459,70,images/70/11459.png
11459,11460,70,images/70/11460.png
11460,11461,70,images/70/11461.png
11461,11462,70,images/70/11462.png
11462,11463,70,images/70/11463.png
11463,11464,70,images/70/11464.png
11464,11465,70,images/70/11465.png
11465,11466,70,images/70/11466.png
11466,11467,70,images/70/11467.png
11467,11468,70,images/70/11468.png
11468,11469,70,images/70/11469.png
11469,11470,70,images/70/11470.png
11470,11471,70,images/70/11471.png
11471,11472,70,images/70/11472.png
11472,11473,70,images/70/11473.png
11473,11474,71,images/71/11474.png
11474,11475,71,images/71/11475.png
11475,11476,71,images/71/11476.png
11476,11477,71,images/71/11477.png
11477,11478,71,images/71/11478.png
11478,11479,71,images/71/11479.png
11479,11480,71,images/71/11480.png
11480,11481,71,images/71/11481.png
11481,11482,71,images/71/11482.png
11482,11483,71,images/71/11483.png
11483,11484,71,images/71/11484.png
11484,11485,71,images/71/11485.png
11485,11486,71,images/71/11486.png
11486,11487,71,images/71/11487.png
11487,11488,71,images/71/11488.png
11488,11489,71,images/71/11489.png
11489,11490,71,images/71/11490.png
11490,11491,71,images/71/11491.png
11491,11492,71,images/71/11492.png
11492,11493,71,images/71/11493.png
11493,11494,71,images/71/11494.png
11494,11495,71,images/71/11495.png
11495,11496,71,images/71/11496.png
11496,11497,71,images/71/11497.png
11497,11498,71,images/71/11498.png
11498,11499,71,images/71/11499.png
11499,11500,71,images/71/11500.png
11500,11501,71,images/71/11501.png
11501,11502,71,images/71/11502.png
11502,11503,71,images/71/11503.png
11503,11504,71,images/71/11504.png
11504,11505,71,images/71/11505.png
11505,11506,71,images/71/11506.png
11506,11507,71,images/71/11507.png
11507,11508,71,images/71/11508.png
11508,11509,71,images/71/11509.png
11509,11510,71,images/71/11510.png
11510,11511,71,images/71/11511.png
11511,11512,71,images/71/11512.png
11512,11513,71,images/71/11513.png
11513,11514,71,images/71/11514.png
11514,11515,71,images/71/11515.png
11515,11516,71,images/71/11516.png
11516,11517,71,images/71/11517.png
11517,11518,71,images/71/11518.png
11518,11519,71,images/71/11519.png
11519,11520,71,images/71/11520.png
11520,11521,71,images/71/11521.png
11521,11522,71,images/71/11522.png
11522,11523,71,images/71/11523.png
11523,11524,71,images/71/11524.png
11524,11525,71,images/71/11525.png
11525,11526,71,images/71/11526.png
11526,11527,71,images/71/11527.png
11527,11528,71,images/71/11528.png
11528,11529,71,images/71/11529.png
11529,11530,71,images/71/11530.png
11530,11531,71,images/71/11531.png
11531,11532,71,images/71/11532.png
11532,11533,71,images/71/11533.png
11533,11534,71,images/71/11534.png
11534,11535,71,images/71/11535.png
11535,11536,71,images/71/11536.png
11536,11537,71,images/71/11537.png
11537,11538,72,images/72/11538.png
11538,11539,72,images/72/11539.png
11539,11540,72,images/72/11540.png
11540,11541,72,images/72/11541.png
11541,11542,72,images/72/11542.png
11542,11543,72,images/72/11543.png
11543,11544,72,images/72/11544.png
11544,11545,72,images/72/11545.png
11545,11546,72,images/72/11546.png
11546,11547,72,images/72/11547.png
11547,11548,72,images/72/11548.png
11548,11549,72,images/72/11549.png
11549,11550,72,images/72/11550.png
11550,11551,72,images/72/11551.png
11551,11552,72,images/72/11552.png
11552,11553,72,images/72/11553.png
11553,11554,72,images/72/11554.png
11554,11555,72,images/72/11555.png
11555,11556,72,images/72/11556.png
11556,11557,72,images/72/11557.png
11557,11558,72,images/72/11558.png
11558,11559,72,images/72/11559.png
11559,11560,72,images/72/11560.png
11560,11561,72,images/72/11561.png
11561,11562,72,images/72/11562.png
11562,11563,72,images/72/11563.png
11563,11564,72,images/72/11564.png
11564,11565,72,images/72/11565.png
11565,11566,72,images/72/11566.png
11566,11567,72,images/72/11567.png
11567,11568,72,images/72/11568.png
11568,11569,72,images/72/11569.png
11569,11570,72,images/72/11570.png
11570,11571,72,images/72/11571.png
11571,11572,72,images/72/11572.png
11572,11573,72,images/72/11573.png
11573,11574,72,images/72/11574.png
11574,11575,72,images/72/11575.png
11575,11576,72,images/72/11576.png
11576,11577,72,images/72/11577.png
11577,11578,72,images/72/11578.png
11578,11579,72,images/72/11579.png
11579,11580,73,images/73/11580.png
11580,11581,73,images/73/11581.png
11581,11582,73,images/73/11582.png
11582,11583,73,images/73/11583.png
11583,11584,73,images/73/11584.png
11584,11585,73,images/73/11585.png
11585,11586,73,images/73/11586.png
11586,11587,73,images/73/11587.png
11587,11588,73,images/73/11588.png
11588,11589,73,images/73/11589.png
11589,11590,73,images/73/11590.png
11590,11591,73,images/73/11591.png
11591,11592,73,images/73/11592.png
11592,11593,73,images/73/11593.png
11593,11594,73,images/73/11594.png
11594,11595,73,images/73/11595.png
11595,11596,73,images/73/11596.png
11596,11597,73,images/73/11597.png
11597,11598,73,images/73/11598.png
11598,11599,73,images/73/11599.png
11599,11600,73,images/73/11600.png
11600,11601,73,images/73/11601.png
11601,11602,73,images/73/11602.png
11602,11603,73,images/73/11603.png
11603,11604,73,images/73/11604.png
11604,11605,73,images/73/11605.png
11605,11606,73,images/73/11606.png
11606,11607,73,images/73/11607.png
11607,11608,73,images/73/11608.png
11608,11609,73,images/73/11609.png
11609,11610,73,images/73/11610.png
11610,11611,73,images/73/11611.png
11611,11612,73,images/73/11612.png
11612,11613,73,images/73/11613.png
11613,11614,73,images/73/11614.png
11614,11615,73,images/73/11615.png
11615,11616,73,images/73/11616.png
11616,11617,73,images/73/11617.png
11617,11618,73,images/73/11618.png
11618,11619,73,images/73/11619.png
11619,11620,73,images/73/11620.png
11620,11621,73,images/73/11621.png
11621,11622,73,images/73/11622.png
11622,11623,73,images/73/11623.png
11623,11624,73,images/73/11624.png
11624,11625,73,images/73/11625.png
11625,11626,73,images/73/11626.png
11626,11627,73,images/73/11627.png
11627,11628,73,images/73/11628.png
11628,11629,73,images/73/11629.png
11629,11630,73,images/73/11630.png
11630,11631,73,images/73/11631.png
11631,11632,73,images/73/11632.png
11632,11633,73,images/73/11633.png
11633,11634,73,images/73/11634.png
11634,11635,73,images/73/11635.png
11635,11636,73,images/73/11636.png
11636,11637,73,images/73/11637.png
11637,11638,73,images/73/11638.png
11638,11639,73,images/73/11639.png
11639,11640,73,images/73/11640.png
11640,11641,73,images/73/11641.png
11641,11642,73,images/73/11642.png
11642,11643,73,images/73/11643.png
11643,11644,73,images/73/11644.png
11644,11645,73,images/73/11645.png
11645,11646,73,images/73/11646.png
11646,11647,73,images/73/11647.png
11647,11648,73,images/73/11648.png
11648,11649,73,images/73/11649.png
11649,11650,73,images/73/11650.png
11650,11651,73,images/73/11651.png
11651,11652,73,images/73/11652.png
11652,11653,73,images/73/11653.png
11653,11654,73,images/73/11654.png
11654,11655,73,images/73/11655.png
11655,11656,73,images/73/11656.png
11656,11657,73,images/73/11657.png
11657,11658,73,images/73/11658.png
11658,11659,73,images/73/11659.png
11659,11660,73,images/73/11660.png
11660,11661,73,images/73/11661.png
11661,11662,73,images/73/11662.png
11662,11663,73,images/73/11663.png
11663,11664,73,images/73/11664.png
11664,11665,73,images/73/11665.png
11665,11666,73,images/73/11666.png
11666,11667,73,images/73/11667.png
11667,11668,73,images/73/11668.png
11668,11669,73,images/73/11669.png
11669,11670,73,images/73/11670.png
11670,11671,73,images/73/11671.png
11671,11672,73,images/73/11672.png
11672,11673,73,images/73/11673.png
11673,11674,73,images/73/11674.png
11674,11675,73,images/73/11675.png
11675,11676,73,images/73/11676.png
11676,11677,73,images/73/11677.png
11677,11678,73,images/73/11678.png
11678,11679,73,images/73/11679.png
11679,11680,73,images/73/11680.png
11680,11681,73,images/73/11681.png
11681,11682,73,images/73/11682.png
11682,11683,73,images/73/11683.png
11683,11684,73,images/73/11684.png
11684,11685,73,images/73/11685.png
11685,11686,73,images/73/11686.png
11686,11687,73,images/73/11687.png
11687,11688,73,images/73/11688.png
11688,11689,73,images/73/11689.png
11689,11690,73,images/73/11690.png
11690,11691,73,images/73/11691.png
11691,11692,73,images/73/11692.png
11692,11693,73,images/73/11693.png
11693,11694,73,images/73/11694.png
11694,11695,73,images/73/11695.png
11695,11696,73,images/73/11696.png
11696,11697,73,images/73/11697.png
11697,11698,73,images/73/11698.png
11698,11699,73,images/73/11699.png
11699,11700,73,images/73/11700.png
11700,11701,73,images/73/11701.png
11701,11702,73,images/73/11702.png
11702,11703,73,images/73/11703.png
11703,11704,73,images/73/11704.png
11704,11705,73,images/73/11705.png
11705,11706,73,images/73/11706.png
11706,11707,73,images/73/11707.png
11707,11708,73,images/73/11708.png
11708,11709,73,images/73/11709.png
11709,11710,73,images/73/11710.png
11710,11711,73,images/73/11711.png
11711,11712,73,images/73/11712.png
11712,11713,73,images/73/11713.png
11713,11714,73,images/73/11714.png
11714,11715,73,images/73/11715.png
11715,11716,73,images/73/11716.png
11716,11717,73,images/73/11717.png
11717,11718,73,images/73/11718.png
11718,11719,73,images/73/11719.png
11719,11720,73,images/73/11720.png
11720,11721,73,images/73/11721.png
11721,11722,73,images/73/11722.png
11722,11723,73,images/73/11723.png
11723,11724,73,images/73/11724.png
11724,11725,73,images/73/11725.png
11725,11726,73,images/73/11726.png
11726,11727,73,images/73/11727.png
11727,11728,73,images/73/11728.png
11728,11729,73,images/73/11729.png
11729,11730,73,images/73/11730.png
11730,11731,73,images/73/11731.png
11731,11732,73,images/73/11732.png
11732,11733,73,images/73/11733.png
11733,11734,73,images/73/11734.png
11734,11735,73,images/73/11735.png
11735,11736,73,images/73/11736.png
11736,11737,73,images/73/11737.png
11737,11738,73,images/73/11738.png
11738,11739,73,images/73/11739.png
11739,11740,73,images/73/11740.png
11740,11741,73,images/73/11741.png
11741,11742,73,images/73/11742.png
11742,11743,73,images/73/11743.png
11743,11744,74,images/74/11744.png
11744,11745,74,images/74/11745.png
11745,11746,74,images/74/11746.png
11746,11747,74,images/74/11747.png
11747,11748,74,images/74/11748.png
11748,11749,74,images/74/11749.png
11749,11750,74,images/74/11750.png
11750,11751,74,images/74/11751.png
11751,11752,74,images/74/11752.png
11752,11753,74,images/74/11753.png
11753,11754,74,images/74/11754.png
11754,11755,74,images/74/11755.png
11755,11756,74,images/74/11756.png
11756,11757,74,images/74/11757.png
11757,11758,74,images/74/11758.png
11758,11759,74,images/74/11759.png
11759,11760,74,images/74/11760.png
11760,11761,74,images/74/11761.png
11761,11762,74,images/74/11762.png
11762,11763,74,images/74/11763.png
11763,11764,74,images/74/11764.png
11764,11765,74,images/74/11765.png
11765,11766,74,images/74/11766.png
11766,11767,74,images/74/11767.png
11767,11768,74,images/74/11768.png
11768,11769,74,images/74/11769.png
11769,11770,74,images/74/11770.png
11770,11771,74,images/74/11771.png
11771,11772,74,images/74/11772.png
11772,11773,74,images/74/11773.png
11773,11774,74,images/74/11774.png
11774,11775,74,images/74/11775.png
11775,11776,74,images/74/11776.png
11776,11777,74,images/74/11777.png
11777,11778,74,images/74/11778.png
11778,11779,74,images/74/11779.png
11779,11780,74,images/74/11780.png
11780,11781,74,images/74/11781.png
11781,11782,74,images/74/11782.png
11782,11783,74,images/74/11783.png
11783,11784,74,images/74/11784.png
11784,11785,74,images/74/11785.png
11785,11786,74,images/74/11786.png
11786,11787,74,images/74/11787.png
11787,11788,74,images/74/11788.png
11788,11789,74,images/74/11789.png
11789,11790,74,images/74/11790.png
11790,11791,74,images/74/11791.png
11791,11792,74,images/74/11792.png
11792,11793,74,images/74/11793.png
11793,11794,74,images/74/11794.png
11794,11795,74,images/74/11795.png
11795,11796,74,images/74/11796.png
11796,11797,74,images/74/11797.png
11797,11798,74,images/74/11798.png
11798,11799,74,images/74/11799.png
11799,11800,74,images/74/11800.png
11800,11801,74,images/74/11801.png
11801,11802,74,images/74/11802.png
11802,11803,74,images/74/11803.png
11803,11804,74,images/74/11804.png
11804,11805,74,images/74/11805.png
11805,11806,74,images/74/11806.png
11806,11807,74,images/74/11807.png
11807,11808,74,images/74/11808.png
11808,11809,74,images/74/11809.png
11809,11810,74,images/74/11810.png
11810,11811,74,images/74/11811.png
11811,11812,74,images/74/11812.png
11812,11813,74,images/74/11813.png
11813,11814,74,images/74/11814.png
11814,11815,74,images/74/11815.png
11815,11816,74,images/74/11816.png
11816,11817,74,images/74/11817.png
11817,11818,74,images/74/11818.png
11818,11819,74,images/74/11819.png
11819,11820,74,images/74/11820.png
11820,11821,74,images/74/11821.png
11821,11822,74,images/74/11822.png
11822,11823,74,images/74/11823.png
11823,11824,74,images/74/11824.png
11824,11825,74,images/74/11825.png
11825,11826,74,images/74/11826.png
11826,11827,74,images/74/11827.png
11827,11828,74,images/74/11828.png
11828,11829,74,images/74/11829.png
11829,11830,74,images/74/11830.png
11830,11831,74,images/74/11831.png
11831,11832,74,images/74/11832.png
11832,11833,74,images/74/11833.png
11833,11834,74,images/74/11834.png
11834,11835,74,images/74/11835.png
11835,11836,74,images/74/11836.png
11836,11837,74,images/74/11837.png
11837,11838,74,images/74/11838.png
11838,11839,74,images/74/11839.png
11839,11840,74,images/74/11840.png
11840,11841,74,images/74/11841.png
11841,11842,74,images/74/11842.png
11842,11843,74,images/74/11843.png
11843,11844,74,images/74/11844.png
11844,11845,74,images/74/11845.png
11845,11846,74,images/74/11846.png
11846,11847,74,images/74/11847.png
11847,11848,74,images/74/11848.png
11848,11849,74,images/74/11849.png
11849,11850,74,images/74/11850.png
11850,11851,74,images/74/11851.png
11851,11852,74,images/74/11852.png
11852,11853,74,images/74/11853.png
11853,11854,74,images/74/11854.png
11854,11855,74,images/74/11855.png
11855,11856,74,images/74/11856.png
11856,11857,74,images/74/11857.png
11857,11858,74,images/74/11858.png
11858,11859,74,images/74/11859.png
11859,11860,74,images/74/11860.png
11860,11861,74,images/74/11861.png
11861,11862,74,images/74/11862.png
11862,11863,74,images/74/11863.png
11863,11864,74,images/74/11864.png
11864,11865,74,images/74/11865.png
11865,11866,74,images/74/11866.png
11866,11867,74,images/74/11867.png
11867,11868,74,images/74/11868.png
11868,11869,74,images/74/11869.png
11869,11870,74,images/74/11870.png
11870,11871,74,images/74/11871.png
11871,11872,74,images/74/11872.png
11872,11873,74,images/74/11873.png
11873,11874,74,images/74/11874.png
11874,11875,74,images/74/11875.png
11875,11876,74,images/74/11876.png
11876,11877,74,images/74/11877.png
11877,11878,74,images/74/11878.png
11878,11879,74,images/74/11879.png
11879,11880,74,images/74/11880.png
11880,11881,74,images/74/11881.png
11881,11882,74,images/74/11882.png
11882,11883,74,images/74/11883.png
11883,11884,74,images/74/11884.png
11884,11885,74,images/74/11885.png
11885,11886,74,images/74/11886.png
11886,11887,74,images/74/11887.png
11887,11888,74,images/74/11888.png
11888,11889,74,images/74/11889.png
11889,11890,74,images/74/11890.png
11890,11891,74,images/74/11891.png
11891,11892,74,images/74/11892.png
11892,11893,74,images/74/11893.png
11893,11894,74,images/74/11894.png
11894,11895,74,images/74/11895.png
11895,11896,74,images/74/11896.png
11896,11897,74,images/74/11897.png
11897,11898,74,images/74/11898.png
11898,11899,75,images/75/11899.png
11899,11900,75,images/75/11900.png
11900,11901,75,images/75/11901.png
11901,11902,75,images/75/11902.png
11902,11903,75,images/75/11903.png
11903,11904,75,images/75/11904.png
11904,11905,75,images/75/11905.png
11905,11906,75,images/75/11906.png
11906,11907,75,images/75/11907.png
11907,11908,75,images/75/11908.png
11908,11909,75,images/75/11909.png
11909,11910,75,images/75/11910.png
11910,11911,75,images/75/11911.png
11911,11912,75,images/75/11912.png
11912,11913,75,images/75/11913.png
11913,11914,75,images/75/11914.png
11914,11915,75,images/75/11915.png
11915,11916,75,images/75/11916.png
11916,11917,75,images/75/11917.png
11917,11918,75,images/75/11918.png
11918,11919,75,images/75/11919.png
11919,11920,75,images/75/11920.png
11920,11921,75,images/75/11921.png
11921,11922,75,images/75/11922.png
11922,11923,75,images/75/11923.png
11923,11924,75,images/75/11924.png
11924,11925,75,images/75/11925.png
11925,11926,75,images/75/11926.png
11926,11927,75,images/75/11927.png
11927,11928,75,images/75/11928.png
11928,11929,75,images/75/11929.png
11929,11930,75,images/75/11930.png
11930,11931,75,images/75/11931.png
11931,11932,75,images/75/11932.png
11932,11933,75,images/75/11933.png
11933,11934,75,images/75/11934.png
11934,11935,75,images/75/11935.png
11935,11936,75,images/75/11936.png
11936,11937,75,images/75/11937.png
11937,11938,76,images/76/11938.png
11938,11939,76,images/76/11939.png
11939,11940,76,images/76/11940.png
11940,11941,76,images/76/11941.png
11941,11942,76,images/76/11942.png
11942,11943,76,images/76/11943.png
11943,11944,76,images/76/11944.png
11944,11945,76,images/76/11945.png
11945,11946,76,images/76/11946.png
11946,11947,76,images/76/11947.png
11947,11948,76,images/76/11948.png
11948,11949,76,images/76/11949.png
11949,11950,76,images/76/11950.png
11950,11951,76,images/76/11951.png
11951,11952,76,images/76/11952.png
11952,11953,76,images/76/11953.png
11953,11954,76,images/76/11954.png
11954,11955,76,images/76/11955.png
11955,11956,76,images/76/11956.png
11956,11957,76,images/76/11957.png
11957,11958,76,images/76/11958.png
11958,11959,76,images/76/11959.png
11959,11960,76,images/76/11960.png
11960,11961,76,images/76/11961.png
11961,11962,76,images/76/11962.png
11962,11963,76,images/76/11963.png
11963,11964,76,images/76/11964.png
11964,11965,76,images/76/11965.png
11965,11966,76,images/76/11966.png
11966,11967,76,images/76/11967.png
11967,11968,76,images/76/11968.png
11968,11969,76,images/76/11969.png
11969,11970,76,images/76/11970.png
11970,11971,76,images/76/11971.png
11971,11972,76,images/76/11972.png
11972,11973,76,images/76/11973.png
11973,11974,76,images/76/11974.png
11974,11975,76,images/76/11975.png
11975,11976,76,images/76/11976.png
11976,11977,76,images/76/11977.png
11977,11978,76,images/76/11978.png
11978,11979,76,images/76/11979.png
11979,11980,76,images/76/11980.png
11980,11981,76,images/76/11981.png
11981,11982,76,images/76/11982.png
11982,11983,76,images/76/11983.png
11983,11984,76,images/76/11984.png
11984,11985,76,images/76/11985.png
11985,11986,76,images/76/11986.png
11986,11987,76,images/76/11987.png
11987,11988,76,images/76/11988.png
11988,11989,76,images/76/11989.png
11989,11990,76,images/76/11990.png
11990,11991,76,images/76/11991.png
11991,11992,76,images/76/11992.png
11992,11993,76,images/76/11993.png
11993,11994,76,images/76/11994.png
11994,11995,76,images/76/11995.png
11995,11996,76,images/76/11996.png
11996,11997,76,images/76/11997.png
11997,11998,76,images/76/11998.png
11998,11999,76,images/76/11999.png
11999,12000,76,images/76/12000.png
12000,12001,76,images/76/12001.png
12001,12002,76,images/76/12002.png
12002,12003,76,images/76/12003.png
12003,12004,76,images/76/12004.png
12004,12005,76,images/76/12005.png
12005,12006,76,images/76/12006.png
12006,12007,76,images/76/12007.png
12007,12008,76,images/76/12008.png
12008,12009,76,images/76/12009.png
12009,12010,76,images/76/12010.png
12010,12011,76,images/76/12011.png
12011,12012,76,images/76/12012.png
12012,12013,76,images/76/12013.png
12013,12014,76,images/76/12014.png
12014,12015,76,images/76/12015.png
12015,12016,76,images/76/12016.png
12016,12017,76,images/76/12017.png
12017,12018,76,images/76/12018.png
12018,12019,76,images/76/12019.png
12019,12020,76,images/76/12020.png
12020,12021,76,images/76/12021.png
12021,12022,76,images/76/12022.png
12022,12023,76,images/76/12023.png
12023,12024,76,images/76/12024.png
12024,12025,76,images/76/12025.png
12025,12026,76,images/76/12026.png
12026,12027,76,images/76/12027.png
12027,12028,76,images/76/12028.png
12028,12029,76,images/76/12029.png
12029,12030,76,images/76/12030.png
12030,12031,76,images/76/12031.png
12031,12032,76,images/76/12032.png
12032,12033,76,images/76/12033.png
12033,12034,76,images/76/12034.png
12034,12035,76,images/76/12035.png
12035,12036,76,images/76/12036.png
12036,12037,76,images/76/12037.png
12037,12038,76,images/76/12038.png
12038,12039,76,images/76/12039.png
12039,12040,76,images/76/12040.png
12040,12041,76,images/76/12041.png
12041,12042,76,images/76/12042.png
12042,12043,76,images/76/12043.png
12043,12044,76,images/76/12044.png
12044,12045,76,images/76/12045.png
12045,12046,76,images/76/12046.png
12046,12047,76,images/76/12047.png
12047,12048,76,images/76/12048.png
12048,12049,76,images/76/12049.png
12049,12050,76,images/76/12050.png
12050,12051,76,images/76/12051.png
12051,12052,76,images/76/12052.png
12052,12053,76,images/76/12053.png
12053,12054,76,images/76/12054.png
12054,12055,76,images/76/12055.png
12055,12056,76,images/76/12056.png
12056,12057,76,images/76/12057.png
12057,12058,76,images/76/12058.png
12058,12059,76,images/76/12059.png
12059,12060,76,images/76/12060.png
12060,12061,76,images/76/12061.png
12061,12062,76,images/76/12062.png
12062,12063,76,images/76/12063.png
12063,12064,76,images/76/12064.png
12064,12065,76,images/76/12065.png
12065,12066,76,images/76/12066.png
12066,12067,76,images/76/12067.png
12067,12068,76,images/76/12068.png
12068,12069,76,images/76/12069.png
12069,12070,76,images/76/12070.png
12070,12071,76,images/76/12071.png
12071,12072,76,images/76/12072.png
12072,12073,76,images/76/12073.png
12073,12074,76,images/76/12074.png
12074,12075,76,images/76/12075.png
12075,12076,76,images/76/12076.png
12076,12077,76,images/76/12077.png
12077,12078,76,images/76/12078.png
12078,12079,76,images/76/12079.png
12079,12080,76,images/76/12080.png
12080,12081,76,images/76/12081.png
12081,12082,76,images/76/12082.png
12082,12083,76,images/76/12083.png
12083,12084,76,images/76/12084.png
12084,12085,76,images/76/12085.png
12085,12086,76,images/76/12086.png
12086,12087,76,images/76/12087.png
12087,12088,76,images/76/12088.png
12088,12089,76,images/76/12089.png
12089,12090,76,images/76/12090.png
12090,12091,76,images/76/12091.png
12091,12092,76,images/76/12092.png
12092,12093,76,images/76/12093.png
12093,12094,76,images/76/12094.png
12094,12095,76,images/76/12095.png
12095,12096,76,images/76/12096.png
12096,12097,76,images/76/12097.png
12097,12098,76,images/76/12098.png
12098,12099,76,images/76/12099.png
12099,12100,76,images/76/12100.png
12100,12101,76,images/76/12101.png
12101,12102,76,images/76/12102.png
12102,12103,76,images/76/12103.png
12103,12104,76,images/76/12104.png
12104,12105,76,images/76/12105.png
12105,12106,76,images/76/12106.png
12106,12107,76,images/76/12107.png
12107,12108,76,images/76/12108.png
12108,12109,76,images/76/12109.png
12109,12110,76,images/76/12110.png
12110,12111,76,images/76/12111.png
12111,12112,76,images/76/12112.png
12112,12113,76,images/76/12113.png
12113,12114,76,images/76/12114.png
12114,12115,76,images/76/12115.png
12115,12116,76,images/76/12116.png
12116,12117,76,images/76/12117.png
12117,12118,76,images/76/12118.png
12118,12119,76,images/76/12119.png
12119,12120,76,images/76/12120.png
12120,12121,76,images/76/12121.png
12121,12122,76,images/76/12122.png
12122,12123,76,images/76/12123.png
12123,12124,76,images/76/12124.png
12124,12125,76,images/76/12125.png
12125,12126,76,images/76/12126.png
12126,12127,76,images/76/12127.png
12127,12128,76,images/76/12128.png
12128,12129,76,images/76/12129.png
12129,12130,76,images/76/12130.png
12130,12131,76,images/76/12131.png
12131,12132,76,images/76/12132.png
12132,12133,76,images/76/12133.png
12133,12134,76,images/76/12134.png
12134,12135,76,images/76/12135.png
12135,12136,76,images/76/12136.png
12136,12137,76,images/76/12137.png
12137,12138,76,images/76/12138.png
12138,12139,76,images/76/12139.png
12139,12140,76,images/76/12140.png
12140,12141,76,images/76/12141.png
12141,12142,76,images/76/12142.png
12142,12143,76,images/76/12143.png
12143,12144,76,images/76/12144.png
12144,12145,76,images/76/12145.png
12145,12146,76,images/76/12146.png
12146,12147,76,images/76/12147.png
12147,12148,76,images/76/12148.png
12148,12149,76,images/76/12149.png
12149,12150,76,images/76/12150.png
12150,12151,76,images/76/12151.png
12151,12152,76,images/76/12152.png
12152,12153,76,images/76/12153.png
12153,12154,76,images/76/12154.png
12154,12155,76,images/76/12155.png
12155,12156,76,images/76/12156.png
12156,12157,76,images/76/12157.png
12157,12158,76,images/76/12158.png
12158,12159,76,images/76/12159.png
12159,12160,76,images/76/12160.png
12160,12161,76,images/76/12161.png
12161,12162,76,images/76/12162.png
12162,12163,76,images/76/12163.png
12163,12164,76,images/76/12164.png
12164,12165,76,images/76/12165.png
12165,12166,76,images/76/12166.png
12166,12167,76,images/76/12167.png
12167,12168,76,images/76/12168.png
12168,12169,76,images/76/12169.png
12169,12170,76,images/76/12170.png
12170,12171,76,images/76/12171.png
12171,12172,76,images/76/12172.png
12172,12173,76,images/76/12173.png
12173,12174,76,images/76/12174.png
12174,12175,76,images/76/12175.png
12175,12176,76,images/76/12176.png
12176,12177,76,images/76/12177.png
12177,12178,76,images/76/12178.png
12178,12179,76,images/76/12179.png
12179,12180,76,images/76/12180.png
12180,12181,76,images/76/12181.png
12181,12182,76,images/76/12182.png
12182,12183,76,images/76/12183.png
12183,12184,76,images/76/12184.png
12184,12185,76,images/76/12185.png
12185,12186,76,images/76/12186.png
12186,12187,76,images/76/12187.png
12187,12188,76,images/76/12188.png
12188,12189,76,images/76/12189.png
12189,12190,76,images/76/12190.png
12190,12191,76,images/76/12191.png
12191,12192,77,images/77/12192.png
12192,12193,77,images/77/12193.png
12193,12194,77,images/77/12194.png
12194,12195,77,images/77/12195.png
12195,12196,77,images/77/12196.png
12196,12197,77,images/77/12197.png
12197,12198,77,images/77/12198.png
12198,12199,77,images/77/12199.png
12199,12200,77,images/77/12200.png
12200,12201,77,images/77/12201.png
12201,12202,77,images/77/12202.png
12202,12203,77,images/77/12203.png
12203,12204,77,images/77/12204.png
12204,12205,77,images/77/12205.png
12205,12206,77,images/77/12206.png
12206,12207,77,images/77/12207.png
12207,12208,77,images/77/12208.png
12208,12209,77,images/77/12209.png
12209,12210,77,images/77/12210.png
12210,12211,77,images/77/12211.png
12211,12212,77,images/77/12212.png
12212,12213,77,images/77/12213.png
12213,12214,77,images/77/12214.png
12214,12215,77,images/77/12215.png
12215,12216,77,images/77/12216.png
12216,12217,77,images/77/12217.png
12217,12218,77,images/77/12218.png
12218,12219,77,images/77/12219.png
12219,12220,77,images/77/12220.png
12220,12221,77,images/77/12221.png
12221,12222,77,images/77/12222.png
12222,12223,77,images/77/12223.png
12223,12224,77,images/77/12224.png
12224,12225,77,images/77/12225.png
12225,12226,77,images/77/12226.png
12226,12227,77,images/77/12227.png
12227,12228,77,images/77/12228.png
12228,12229,78,images/78/12229.png
12229,12230,78,images/78/12230.png
12230,12231,78,images/78/12231.png
12231,12232,78,images/78/12232.png
12232,12233,78,images/78/12233.png
12233,12234,78,images/78/12234.png
12234,12235,78,images/78/12235.png
12235,12236,78,images/78/12236.png
12236,12237,78,images/78/12237.png
12237,12238,78,images/78/12238.png
12238,12239,78,images/78/12239.png
12239,12240,78,images/78/12240.png
12240,12241,78,images/78/12241.png
12241,12242,78,images/78/12242.png
12242,12243,78,images/78/12243.png
12243,12244,78,images/78/12244.png
12244,12245,78,images/78/12245.png
12245,12246,79,images/79/12246.png
12246,12247,79,images/79/12247.png
12247,12248,79,images/79/12248.png
12248,12249,79,images/79/12249.png
12249,12250,79,images/79/12250.png
12250,12251,79,images/79/12251.png
12251,12252,79,images/79/12252.png
12252,12253,79,images/79/12253.png
12253,12254,79,images/79/12254.png
12254,12255,79,images/79/12255.png
12255,12256,79,images/79/12256.png
12256,12257,79,images/79/12257.png
12257,12258,79,images/79/12258.png
12258,12259,79,images/79/12259.png
12259,12260,79,images/79/12260.png
12260,12261,79,images/79/12261.png
12261,12262,79,images/79/12262.png
12262,12263,79,images/79/12263.png
12263,12264,79,images/79/12264.png
12264,12265,79,images/79/12265.png
12265,12266,79,images/79/12266.png
12266,12267,79,images/79/12267.png
12267,12268,79,images/79/12268.png
12268,12269,79,images/79/12269.png
12269,12270,79,images/79/12270.png
12270,12271,79,images/79/12271.png
12271,12272,79,images/79/12272.png
12272,12273,79,images/79/12273.png
12273,12274,79,images/79/12274.png
12274,12275,79,images/79/12275.png
12275,12276,79,images/79/12276.png
12276,12277,79,images/79/12277.png
12277,12278,79,images/79/12278.png
12278,12279,79,images/79/12279.png
12279,12280,79,images/79/12280.png
12280,12281,79,images/79/12281.png
12281,12282,79,images/79/12282.png
12282,12283,79,images/79/12283.png
12283,12284,79,images/79/12284.png
12284,12285,79,images/79/12285.png
12285,12286,79,images/79/12286.png
12286,12287,79,images/79/12287.png
12287,12288,79,images/79/12288.png
12288,12289,79,images/79/12289.png
12289,12290,79,images/79/12290.png
12290,12291,79,images/79/12291.png
12291,12292,79,images/79/12292.png
12292,12293,79,images/79/12293.png
12293,12294,79,images/79/12294.png
12294,12295,79,images/79/12295.png
12295,12296,79,images/79/12296.png
12296,12297,79,images/79/12297.png
12297,12298,79,images/79/12298.png
12298,12299,79,images/79/12299.png
12299,12300,79,images/79/12300.png
12300,12301,79,images/79/12301.png
12301,12302,79,images/79/12302.png
12302,12303,79,images/79/12303.png
12303,12304,79,images/79/12304.png
12304,12305,79,images/79/12305.png
12305,12306,79,images/79/12306.png
12306,12307,79,images/79/12307.png
12307,12308,79,images/79/12308.png
12308,12309,79,images/79/12309.png
12309,12310,79,images/79/12310.png
12310,12311,79,images/79/12311.png
12311,12312,79,images/79/12312.png
12312,12313,79,images/79/12313.png
12313,12314,79,images/79/12314.png
12314,12315,79,images/79/12315.png
12315,12316,79,images/79/12316.png
12316,12317,79,images/79/12317.png
12317,12318,79,images/79/12318.png
12318,12319,79,images/79/12319.png
12319,12320,79,images/79/12320.png
12320,12321,79,images/79/12321.png
12321,12322,79,images/79/12322.png
12322,12323,79,images/79/12323.png
12323,12324,79,images/79/12324.png
12324,12325,79,images/79/12325.png
12325,12326,79,images/79/12326.png
12326,12327,79,images/79/12327.png
12327,12328,79,images/79/12328.png
12328,12329,79,images/79/12329.png
12329,12330,79,images/79/12330.png
12330,12331,79,images/79/12331.png
12331,12332,79,images/79/12332.png
12332,12333,79,images/79/12333.png
12333,12334,79,images/79/12334.png
12334,12335,79,images/79/12335.png
12335,12336,79,images/79/12336.png
12336,12337,79,images/79/12337.png
12337,12338,79,images/79/12338.png
12338,12339,79,images/79/12339.png
12339,12340,79,images/79/12340.png
12340,12341,79,images/79/12341.png
12341,12342,79,images/79/12342.png
12342,12343,79,images/79/12343.png
12343,12344,79,images/79/12344.png
12344,12345,79,images/79/12345.png
12345,12346,79,images/79/12346.png
12346,12347,79,images/79/12347.png
12347,12348,79,images/79/12348.png
12348,12349,79,images/79/12349.png
12349,12350,79,images/79/12350.png
12350,12351,79,images/79/12351.png
12351,12352,79,images/79/12352.png
12352,12353,79,images/79/12353.png
12353,12354,79,images/79/12354.png
12354,12355,79,images/79/12355.png
12355,12356,79,images/79/12356.png
12356,12357,79,images/79/12357.png
12357,12358,79,images/79/12358.png
12358,12359,79,images/79/12359.png
12359,12360,79,images/79/12360.png
12360,12361,79,images/79/12361.png
12361,12362,79,images/79/12362.png
12362,12363,79,images/79/12363.png
12363,12364,79,images/79/12364.png
12364,12365,79,images/79/12365.png
12365,12366,79,images/79/12366.png
12366,12367,79,images/79/12367.png
12367,12368,79,images/79/12368.png
12368,12369,79,images/79/12369.png
12369,12370,79,images/79/12370.png
12370,12371,79,images/79/12371.png
12371,12372,79,images/79/12372.png
12372,12373,79,images/79/12373.png
12373,12374,79,images/79/12374.png
12374,12375,79,images/79/12375.png
12375,12376,79,images/79/12376.png
12376,12377,79,images/79/12377.png
12377,12378,79,images/79/12378.png
12378,12379,79,images/79/12379.png
12379,12380,79,images/79/12380.png
12380,12381,79,images/79/12381.png
12381,12382,79,images/79/12382.png
12382,12383,79,images/79/12383.png
12383,12384,79,images/79/12384.png
12384,12385,79,images/79/12385.png
12385,12386,79,images/79/12386.png
12386,12387,79,images/79/12387.png
12387,12388,79,images/79/12388.png
12388,12389,79,images/79/12389.png
12389,12390,79,images/79/12390.png
12390,12391,79,images/79/12391.png
12391,12392,79,images/79/12392.png
12392,12393,79,images/79/12393.png
12393,12394,79,images/79/12394.png
12394,12395,80,images/80/12395.png
12395,12396,80,images/80/12396.png
12396,12397,80,images/80/12397.png
12397,12398,80,images/80/12398.png
12398,12399,80,images/80/12399.png
12399,12400,80,images/80/12400.png
12400,12401,80,images/80/12401.png
12401,12402,80,images/80/12402.png
12402,12403,80,images/80/12403.png
12403,12404,80,images/80/12404.png
12404,12405,80,images/80/12405.png
12405,12406,80,images/80/12406.png
12406,12407,80,images/80/12407.png
12407,12408,80,images/80/12408.png
12408,12409,80,images/80/12409.png
12409,12410,80,images/80/12410.png
12410,12411,80,images/80/12411.png
12411,12412,80,images/80/12412.png
12412,12413,80,images/80/12413.png
12413,12414,80,images/80/12414.png
12414,12415,81,images/81/12415.png
12415,12416,81,images/81/12416.png
12416,12417,81,images/81/12417.png
12417,12418,81,images/81/12418.png
12418,12419,81,images/81/12419.png
12419,12420,81,images/81/12420.png
12420,12421,81,images/81/12421.png
12421,12422,81,images/81/12422.png
12422,12423,81,images/81/12423.png
12423,12424,81,images/81/12424.png
12424,12425,81,images/81/12425.png
12425,12426,81,images/81/12426.png
12426,12427,81,images/81/12427.png
12427,12428,81,images/81/12428.png
12428,12429,81,images/81/12429.png
12429,12430,81,images/81/12430.png
12430,12431,81,images/81/12431.png
12431,12432,81,images/81/12432.png
12432,12433,81,images/81/12433.png
12433,12434,81,images/81/12434.png
12434,12435,81,images/81/12435.png
12435,12436,81,images/81/12436.png
12436,12437,81,images/81/12437.png
12437,12438,81,images/81/12438.png
12438,12439,81,images/81/12439.png
12439,12440,81,images/81/12440.png
12440,12441,81,images/81/12441.png
12441,12442,81,images/81/12442.png
12442,12443,81,images/81/12443.png
12443,12444,81,images/81/12444.png
12444,12445,81,images/81/12445.png
12445,12446,81,images/81/12446.png
12446,12447,81,images/81/12447.png
12447,12448,81,images/81/12448.png
12448,12449,81,images/81/12449.png
12449,12450,81,images/81/12450.png
12450,12451,81,images/81/12451.png
12451,12452,81,images/81/12452.png
12452,12453,81,images/81/12453.png
12453,12454,81,images/81/12454.png
12454,12455,81,images/81/12455.png
12455,12456,81,images/81/12456.png
12456,12457,81,images/81/12457.png
12457,12458,81,images/81/12458.png
12458,12459,81,images/81/12459.png
12459,12460,81,images/81/12460.png
12460,12461,81,images/81/12461.png
12461,12462,81,images/81/12462.png
12462,12463,81,images/81/12463.png
12463,12464,81,images/81/12464.png
12464,12465,81,images/81/12465.png
12465,12466,81,images/81/12466.png
12466,12467,81,images/81/12467.png
12467,12468,81,images/81/12468.png
12468,12469,81,images/81/12469.png
12469,12470,81,images/81/12470.png
12470,12471,81,images/81/12471.png
12471,12472,81,images/81/12472.png
12472,12473,81,images/81/12473.png
12473,12474,81,images/81/12474.png
12474,12475,81,images/81/12475.png
12475,12476,81,images/81/12476.png
12476,12477,81,images/81/12477.png
12477,12478,81,images/81/12478.png
12478,12479,81,images/81/12479.png
12479,12480,81,images/81/12480.png
12480,12481,81,images/81/12481.png
12481,12482,81,images/81/12482.png
12482,12483,81,images/81/12483.png
12483,12484,81,images/81/12484.png
12484,12485,81,images/81/12485.png
12485,12486,81,images/81/12486.png
12486,12487,81,images/81/12487.png
12487,12488,81,images/81/12488.png
12488,12489,81,images/81/12489.png
12489,12490,81,images/81/12490.png
12490,12491,81,images/81/12491.png
12491,12492,81,images/81/12492.png
12492,12493,81,images/81/12493.png
12493,12494,81,images/81/12494.png
12494,12495,81,images/81/12495.png
12495,12496,81,images/81/12496.png
12496,12497,81,images/81/12497.png
12497,12498,81,images/81/12498.png
12498,12499,81,images/81/12499.png
12499,12500,81,images/81/12500.png
12500,12501,81,images/81/12501.png
12501,12502,81,images/81/12502.png
12502,12503,81,images/81/12503.png
12503,12504,81,images/81/12504.png
12504,12505,81,images/81/12505.png
12505,12506,81,images/81/12506.png
12506,12507,81,images/81/12507.png
12507,12508,81,images/81/12508.png
12508,12509,81,images/81/12509.png
12509,12510,81,images/81/12510.png
12510,12511,81,images/81/12511.png
12511,12512,81,images/81/12512.png
12512,12513,81,images/81/12513.png
12513,12514,81,images/81/12514.png
12514,12515,81,images/81/12515.png
12515,12516,81,images/81/12516.png
12516,12517,81,images/81/12517.png
12517,12518,81,images/81/12518.png
12518,12519,81,images/81/12519.png
12519,12520,81,images/81/12520.png
12520,12521,81,images/81/12521.png
12521,12522,81,images/81/12522.png
12522,12523,81,images/81/12523.png
12523,12524,81,images/81/12524.png
12524,12525,81,images/81/12525.png
12525,12526,81,images/81/12526.png
12526,12527,81,images/81/12527.png
12527,12528,81,images/81/12528.png
12528,12529,81,images/81/12529.png
12529,12530,81,images/81/12530.png
12530,12531,81,images/81/12531.png
12531,12532,81,images/81/12532.png
12532,12533,82,images/82/12533.png
12533,12534,82,images/82/12534.png
12534,12535,82,images/82/12535.png
12535,12536,82,images/82/12536.png
12536,12537,82,images/82/12537.png
12537,12538,82,images/82/12538.png
12538,12539,82,images/82/12539.png
12539,12540,82,images/82/12540.png
12540,12541,82,images/82/12541.png
12541,12542,82,images/82/12542.png
12542,12543,82,images/82/12543.png
12543,12544,82,images/82/12544.png
12544,12545,82,images/82/12545.png
12545,12546,82,images/82/12546.png
12546,12547,83,images/83/12547.png
12547,12548,83,images/83/12548.png
12548,12549,83,images/83/12549.png
12549,12550,83,images/83/12550.png
12550,12551,83,images/83/12551.png
12551,12552,83,images/83/12552.png
12552,12553,83,images/83/12553.png
12553,12554,83,images/83/12554.png
12554,12555,83,images/83/12555.png
12555,12556,83,images/83/12556.png
12556,12557,83,images/83/12557.png
12557,12558,83,images/83/12558.png
12558,12559,83,images/83/12559.png
12559,12560,83,images/83/12560.png
12560,12561,83,images/83/12561.png
12561,12562,83,images/83/12562.png
12562,12563,83,images/83/12563.png
12563,12564,83,images/83/12564.png
12564,12565,83,images/83/12565.png
12565,12566,83,images/83/12566.png
12566,12567,83,images/83/12567.png
12567,12568,83,images/83/12568.png
12568,12569,83,images/83/12569.png
12569,12570,83,images/83/12570.png
12570,12571,83,images/83/12571.png
12571,12572,83,images/83/12572.png
12572,12573,83,images/83/12573.png
12573,12574,83,images/83/12574.png
12574,12575,83,images/83/12575.png
12575,12576,83,images/83/12576.png
12576,12577,83,images/83/12577.png
12577,12578,83,images/83/12578.png
12578,12579,83,images/83/12579.png
12579,12580,83,images/83/12580.png
12580,12581,83,images/83/12581.png
12581,12582,83,images/83/12582.png
12582,12583,83,images/83/12583.png
12583,12584,83,images/83/12584.png
12584,12585,83,images/83/12585.png
12585,12586,83,images/83/12586.png
12586,12587,83,images/83/12587.png
12587,12588,83,images/83/12588.png
12588,12589,83,images/83/12589.png
12589,12590,83,images/83/12590.png
12590,12591,83,images/83/12591.png
12591,12592,83,images/83/12592.png
12592,12593,83,images/83/12593.png
12593,12594,83,images/83/12594.png
12594,12595,83,images/83/12595.png
12595,12596,83,images/83/12596.png
12596,12597,83,images/83/12597.png
12597,12598,83,images/83/12598.png
12598,12599,83,images/83/12599.png
12599,12600,83,images/83/12600.png
12600,12601,83,images/83/12601.png
12601,12602,83,images/83/12602.png
12602,12603,83,images/83/12603.png
12603,12604,83,images/83/12604.png
12604,12605,83,images/83/12605.png
12605,12606,83,images/83/12606.png
12606,12607,83,images/83/12607.png
12607,12608,83,images/83/12608.png
12608,12609,83,images/83/12609.png
12609,12610,83,images/83/12610.png
12610,12611,83,images/83/12611.png
12611,12612,83,images/83/12612.png
12612,12613,83,images/83/12613.png
12613,12614,83,images/83/12614.png
12614,12615,83,images/83/12615.png
12615,12616,83,images/83/12616.png
12616,12617,83,images/83/12617.png
12617,12618,83,images/83/12618.png
12618,12619,83,images/83/12619.png
12619,12620,83,images/83/12620.png
12620,12621,83,images/83/12621.png
12621,12622,83,images/83/12622.png
12622,12623,83,images/83/12623.png
12623,12624,83,images/83/12624.png
12624,12625,83,images/83/12625.png
12625,12626,83,images/83/12626.png
12626,12627,83,images/83/12627.png
12627,12628,83,images/83/12628.png
12628,12629,83,images/83/12629.png
12629,12630,83,images/83/12630.png
12630,12631,83,images/83/12631.png
12631,12632,83,images/83/12632.png
12632,12633,83,images/83/12633.png
12633,12634,83,images/83/12634.png
12634,12635,83,images/83/12635.png
12635,12636,83,images/83/12636.png
12636,12637,83,images/83/12637.png
12637,12638,83,images/83/12638.png
12638,12639,83,images/83/12639.png
12639,12640,83,images/83/12640.png
12640,12641,83,images/83/12641.png
12641,12642,83,images/83/12642.png
12642,12643,83,images/83/12643.png
12643,12644,83,images/83/12644.png
12644,12645,83,images/83/12645.png
12645,12646,83,images/83/12646.png
12646,12647,83,images/83/12647.png
12647,12648,83,images/83/12648.png
12648,12649,83,images/83/12649.png
12649,12650,83,images/83/12650.png
12650,12651,83,images/83/12651.png
12651,12652,83,images/83/12652.png
12652,12653,83,images/83/12653.png
12653,12654,83,images/83/12654.png
12654,12655,83,images/83/12655.png
12655,12656,83,images/83/12656.png
12656,12657,83,images/83/12657.png
12657,12658,83,images/83/12658.png
12658,12659,83,images/83/12659.png
12659,12660,83,images/83/12660.png
12660,12661,83,images/83/12661.png
12661,12662,83,images/83/12662.png
12662,12663,83,images/83/12663.png
12663,12664,83,images/83/12664.png
12664,12665,83,images/83/12665.png
12665,12666,83,images/83/12666.png
12666,12667,84,images/84/12667.png
12667,12668,84,images/84/12668.png
12668,12669,84,images/84/12669.png
12669,12670,84,images/84/12670.png
12670,12671,84,images/84/12671.png
12671,12672,84,images/84/12672.png
12672,12673,84,images/84/12673.png
12673,12674,84,images/84/12674.png
12674,12675,84,images/84/12675.png
12675,12676,84,images/84/12676.png
12676,12677,84,images/84/12677.png
12677,12678,84,images/84/12678.png
12678,12679,84,images/84/12679.png
12679,12680,84,images/84/12680.png
12680,12681,84,images/84/12681.png
12681,12682,84,images/84/12682.png
12682,12683,84,images/84/12683.png
12683,12684,84,images/84/12684.png
12684,12685,84,images/84/12685.png
12685,12686,84,images/84/12686.png
12686,12687,84,images/84/12687.png
12687,12688,84,images/84/12688.png
12688,12689,84,images/84/12689.png
12689,12690,84,images/84/12690.png
12690,12691,84,images/84/12691.png
12691,12692,84,images/84/12692.png
12692,12693,84,images/84/12693.png
12693,12694,84,images/84/12694.png
12694,12695,84,images/84/12695.png
12695,12696,84,images/84/12696.png
12696,12697,84,images/84/12697.png
12697,12698,84,images/84/12698.png
12698,12699,84,images/84/12699.png
12699,12700,84,images/84/12700.png
12700,12701,84,images/84/12701.png
12701,12702,84,images/84/12702.png
12702,12703,84,images/84/12703.png
12703,12704,84,images/84/12704.png
12704,12705,84,images/84/12705.png
12705,12706,84,images/84/12706.png
12706,12707,84,images/84/12707.png
12707,12708,84,images/84/12708.png
12708,12709,84,images/84/12709.png
12709,12710,84,images/84/12710.png
12710,12711,84,images/84/12711.png
12711,12712,84,images/84/12712.png
12712,12713,84,images/84/12713.png
12713,12714,84,images/84/12714.png
12714,12715,84,images/84/12715.png
12715,12716,84,images/84/12716.png
12716,12717,84,images/84/12717.png
12717,12718,84,images/84/12718.png
12718,12719,84,images/84/12719.png
12719,12720,84,images/84/12720.png
12720,12721,84,images/84/12721.png
12721,12722,84,images/84/12722.png
12722,12723,84,images/84/12723.png
12723,12724,84,images/84/12724.png
12724,12725,84,images/84/12725.png
12725,12726,84,images/84/12726.png
12726,12727,84,images/84/12727.png
12727,12728,84,images/84/12728.png
12728,12729,84,images/84/12729.png
12729,12730,84,images/84/12730.png
12730,12731,84,images/84/12731.png
12731,12732,84,images/84/12732.png
12732,12733,84,images/84/12733.png
12733,12734,84,images/84/12734.png
12734,12735,84,images/84/12735.png
12735,12736,84,images/84/12736.png
12736,12737,84,images/84/12737.png
12737,12738,84,images/84/12738.png
12738,12739,84,images/84/12739.png
12739,12740,84,images/84/12740.png
12740,12741,84,images/84/12741.png
12741,12742,84,images/84/12742.png
12742,12743,84,images/84/12743.png
12743,12744,84,images/84/12744.png
12744,12745,84,images/84/12745.png
12745,12746,84,images/84/12746.png
12746,12747,84,images/84/12747.png
12747,12748,84,images/84/12748.png
12748,12749,84,images/84/12749.png
12749,12750,84,images/84/12750.png
12750,12751,84,images/84/12751.png
12751,12752,84,images/84/12752.png
12752,12753,84,images/84/12753.png
12753,12754,84,images/84/12754.png
12754,12755,84,images/84/12755.png
12755,12756,84,images/84/12756.png
12756,12757,84,images/84/12757.png
12757,12758,84,images/84/12758.png
12758,12759,84,images/84/12759.png
12759,12760,84,images/84/12760.png
12760,12761,84,images/84/12761.png
12761,12762,84,images/84/12762.png
12762,12763,84,images/84/12763.png
12763,12764,84,images/84/12764.png
12764,12765,84,images/84/12765.png
12765,12766,84,images/84/12766.png
12766,12767,84,images/84/12767.png
12767,12768,84,images/84/12768.png
12768,12769,84,images/84/12769.png
12769,12770,84,images/84/12770.png
12770,12771,84,images/84/12771.png
12771,12772,84,images/84/12772.png
12772,12773,84,images/84/12773.png
12773,12774,84,images/84/12774.png
12774,12775,84,images/84/12775.png
12775,12776,84,images/84/12776.png
12776,12777,84,images/84/12777.png
12777,12778,84,images/84/12778.png
12778,12779,84,images/84/12779.png
12779,12780,84,images/84/12780.png
12780,12781,84,images/84/12781.png
12781,12782,84,images/84/12782.png
12782,12783,84,images/84/12783.png
12783,12784,84,images/84/12784.png
12784,12785,84,images/84/12785.png
12785,12786,84,images/84/12786.png
12786,12787,84,images/84/12787.png
12787,12788,84,images/84/12788.png
12788,12789,84,images/84/12789.png
12789,12790,84,images/84/12790.png
12790,12791,84,images/84/12791.png
12791,12792,84,images/84/12792.png
12792,12793,84,images/84/12793.png
12793,12794,84,images/84/12794.png
12794,12795,84,images/84/12795.png
12795,12796,84,images/84/12796.png
12796,12797,84,images/84/12797.png
12797,12798,84,images/84/12798.png
12798,12799,84,images/84/12799.png
12799,12800,84,images/84/12800.png
12800,12801,84,images/84/12801.png
12801,12802,84,images/84/12802.png
12802,12803,84,images/84/12803.png
12803,12804,84,images/84/12804.png
12804,12805,84,images/84/12805.png
12805,12806,84,images/84/12806.png
12806,12807,84,images/84/12807.png
12807,12808,84,images/84/12808.png
12808,12809,84,images/84/12809.png
12809,12810,84,images/84/12810.png
12810,12811,84,images/84/12811.png
12811,12812,84,images/84/12812.png
12812,12813,84,images/84/12813.png
12813,12814,84,images/84/12814.png
12814,12815,84,images/84/12815.png
12815,12816,84,images/84/12816.png
12816,12817,84,images/84/12817.png
12817,12818,84,images/84/12818.png
12818,12819,84,images/84/12819.png
12819,12820,84,images/84/12820.png
12820,12821,84,images/84/12821.png
12821,12822,84,images/84/12822.png
12822,12823,84,images/84/12823.png
12823,12824,84,images/84/12824.png
12824,12825,84,images/84/12825.png
12825,12826,84,images/84/12826.png
12826,12827,84,images/84/12827.png
12827,12828,84,images/84/12828.png
12828,12829,84,images/84/12829.png
12829,12830,84,images/84/12830.png
12830,12831,84,images/84/12831.png
12831,12832,84,images/84/12832.png
12832,12833,84,images/84/12833.png
12833,12834,84,images/84/12834.png
12834,12835,84,images/84/12835.png
12835,12836,84,images/84/12836.png
12836,12837,84,images/84/12837.png
12837,12838,84,images/84/12838.png
12838,12839,84,images/84/12839.png
12839,12840,84,images/84/12840.png
12840,12841,84,images/84/12841.png
12841,12842,84,images/84/12842.png
12842,12843,84,images/84/12843.png
12843,12844,84,images/84/12844.png
12844,12845,84,images/84/12845.png
12845,12846,84,images/84/12846.png
12846,12847,84,images/84/12847.png
12847,12848,84,images/84/12848.png
12848,12849,84,images/84/12849.png
12849,12850,84,images/84/12850.png
12850,12851,84,images/84/12851.png
12851,12852,84,images/84/12852.png
12852,12853,84,images/84/12853.png
12853,12854,84,images/84/12854.png
12854,12855,84,images/84/12855.png
12855,12856,84,images/84/12856.png
12856,12857,85,images/85/12857.png
12857,12858,85,images/85/12858.png
12858,12859,85,images/85/12859.png
12859,12860,85,images/85/12860.png
12860,12861,85,images/85/12861.png
12861,12862,85,images/85/12862.png
12862,12863,85,images/85/12863.png
12863,12864,85,images/85/12864.png
12864,12865,85,images/85/12865.png
12865,12866,85,images/85/12866.png
12866,12867,85,images/85/12867.png
12867,12868,85,images/85/12868.png
12868,12869,85,images/85/12869.png
12869,12870,85,images/85/12870.png
12870,12871,85,images/85/12871.png
12871,12872,85,images/85/12872.png
12872,12873,85,images/85/12873.png
12873,12874,85,images/85/12874.png
12874,12875,85,images/85/12875.png
12875,12876,85,images/85/12876.png
12876,12877,85,images/85/12877.png
12877,12878,85,images/85/12878.png
12878,12879,85,images/85/12879.png
12879,12880,85,images/85/12880.png
12880,12881,85,images/85/12881.png
12881,12882,85,images/85/12882.png
12882,12883,85,images/85/12883.png
12883,12884,85,images/85/12884.png
12884,12885,85,images/85/12885.png
12885,12886,85,images/85/12886.png
12886,12887,85,images/85/12887.png
12887,12888,85,images/85/12888.png
12888,12889,85,images/85/12889.png
12889,12890,85,images/85/12890.png
12890,12891,85,images/85/12891.png
12891,12892,85,images/85/12892.png
12892,12893,85,images/85/12893.png
12893,12894,85,images/85/12894.png
12894,12895,85,images/85/12895.png
12895,12896,85,images/85/12896.png
12896,12897,85,images/85/12897.png
12897,12898,85,images/85/12898.png
12898,12899,85,images/85/12899.png
12899,12900,85,images/85/12900.png
12900,12901,85,images/85/12901.png
12901,12902,85,images/85/12902.png
12902,12903,85,images/85/12903.png
12903,12904,85,images/85/12904.png
12904,12905,85,images/85/12905.png
12905,12906,85,images/85/12906.png
12906,12907,85,images/85/12907.png
12907,12908,85,images/85/12908.png
12908,12909,85,images/85/12909.png
12909,12910,85,images/85/12910.png
12910,12911,85,images/85/12911.png
12911,12912,85,images/85/12912.png
12912,12913,85,images/85/12913.png
12913,12914,85,images/85/12914.png
12914,12915,85,images/85/12915.png
12915,12916,85,images/85/12916.png
12916,12917,85,images/85/12917.png
12917,12918,85,images/85/12918.png
12918,12919,85,images/85/12919.png
12919,12920,85,images/85/12920.png
12920,12921,85,images/85/12921.png
12921,12922,85,images/85/12922.png
12922,12923,85,images/85/12923.png
12923,12924,85,images/85/12924.png
12924,12925,85,images/85/12925.png
12925,12926,85,images/85/12926.png
12926,12927,85,images/85/12927.png
12927,12928,85,images/85/12928.png
12928,12929,85,images/85/12929.png
12929,12930,85,images/85/12930.png
12930,12931,85,images/85/12931.png
12931,12932,85,images/85/12932.png
12932,12933,85,images/85/12933.png
12933,12934,85,images/85/12934.png
12934,12935,85,images/85/12935.png
12935,12936,85,images/85/12936.png
12936,12937,85,images/85/12937.png
12937,12938,85,images/85/12938.png
12938,12939,85,images/85/12939.png
12939,12940,85,images/85/12940.png
12940,12941,85,images/85/12941.png
12941,12942,85,images/85/12942.png
12942,12943,85,images/85/12943.png
12943,12944,85,images/85/12944.png
12944,12945,85,images/85/12945.png
12945,12946,85,images/85/12946.png
12946,12947,85,images/85/12947.png
12947,12948,85,images/85/12948.png
12948,12949,85,images/85/12949.png
12949,12950,85,images/85/12950.png
12950,12951,85,images/85/12951.png
12951,12952,85,images/85/12952.png
12952,12953,85,images/85/12953.png
12953,12954,85,images/85/12954.png
12954,12955,85,images/85/12955.png
12955,12956,85,images/85/12956.png
12956,12957,85,images/85/12957.png
12957,12958,85,images/85/12958.png
12958,12959,85,images/85/12959.png
12959,12960,85,images/85/12960.png
12960,12961,85,images/85/12961.png
12961,12962,85,images/85/12962.png
12962,12963,85,images/85/12963.png
12963,12964,85,images/85/12964.png
12964,12965,85,images/85/12965.png
12965,12966,85,images/85/12966.png
12966,12967,85,images/85/12967.png
12967,12968,85,images/85/12968.png
12968,12969,85,images/85/12969.png
12969,12970,85,images/85/12970.png
12970,12971,85,images/85/12971.png
12971,12972,85,images/85/12972.png
12972,12973,85,images/85/12973.png
12973,12974,85,images/85/12974.png
12974,12975,85,images/85/12975.png
12975,12976,85,images/85/12976.png
12976,12977,85,images/85/12977.png
12977,12978,85,images/85/12978.png
12978,12979,85,images/85/12979.png
12979,12980,85,images/85/12980.png
12980,12981,85,images/85/12981.png
12981,12982,85,images/85/12982.png
12982,12983,85,images/85/12983.png
12983,12984,85,images/85/12984.png
12984,12985,85,images/85/12985.png
12985,12986,85,images/85/12986.png
12986,12987,85,images/85/12987.png
12987,12988,85,images/85/12988.png
12988,12989,85,images/85/12989.png
12989,12990,85,images/85/12990.png
12990,12991,85,images/85/12991.png
12991,12992,85,images/85/12992.png
12992,12993,85,images/85/12993.png
12993,12994,85,images/85/12994.png
12994,12995,85,images/85/12995.png
12995,12996,85,images/85/12996.png
12996,12997,85,images/85/12997.png
12997,12998,85,images/85/12998.png
12998,12999,85,images/85/12999.png
12999,13000,85,images/85/13000.png
13000,13001,85,images/85/13001.png
13001,13002,85,images/85/13002.png
13002,13003,85,images/85/13003.png
13003,13004,85,images/85/13004.png
13004,13005,85,images/85/13005.png
13005,13006,85,images/85/13006.png
13006,13007,85,images/85/13007.png
13007,13008,85,images/85/13008.png
13008,13009,85,images/85/13009.png
13009,13010,85,images/85/13010.png
13010,13011,85,images/85/13011.png
13011,13012,85,images/85/13012.png
13012,13013,85,images/85/13013.png
13013,13014,85,images/85/13014.png
13014,13015,85,images/85/13015.png
13015,13016,85,images/85/13016.png
13016,13017,85,images/85/13017.png
13017,13018,85,images/85/13018.png
13018,13019,85,images/85/13019.png
13019,13020,85,images/85/13020.png
13020,13021,85,images/85/13021.png
13021,13022,85,images/85/13022.png
13022,13023,85,images/85/13023.png
13023,13024,85,images/85/13024.png
13024,13025,85,images/85/13025.png
13025,13026,85,images/85/13026.png
13026,13027,85,images/85/13027.png
13027,13028,85,images/85/13028.png
13028,13029,85,images/85/13029.png
13029,13030,85,images/85/13030.png
13030,13031,85,images/85/13031.png
13031,13032,85,images/85/13032.png
13032,13033,85,images/85/13033.png
13033,13034,85,images/85/13034.png
13034,13035,85,images/85/13035.png
13035,13036,85,images/85/13036.png
13036,13037,85,images/85/13037.png
13037,13038,85,images/85/13038.png
13038,13039,85,images/85/13039.png
13039,13040,85,images/85/13040.png
13040,13041,85,images/85/13041.png
13041,13042,85,images/85/13042.png
13042,13043,85,images/85/13043.png
13043,13044,85,images/85/13044.png
13044,13045,85,images/85/13045.png
13045,13046,85,images/85/13046.png
13046,13047,85,images/85/13047.png
13047,13048,85,images/85/13048.png
13048,13049,85,images/85/13049.png
13049,13050,85,images/85/13050.png
13050,13051,85,images/85/13051.png
13051,13052,85,images/85/13052.png
13052,13053,85,images/85/13053.png
13053,13054,85,images/85/13054.png
13054,13055,85,images/85/13055.png
13055,13056,85,images/85/13056.png
13056,13057,85,images/85/13057.png
13057,13058,85,images/85/13058.png
13058,13059,85,images/85/13059.png
13059,13060,85,images/85/13060.png
13060,13061,85,images/85/13061.png
13061,13062,85,images/85/13062.png
13062,13063,85,images/85/13063.png
13063,13064,85,images/85/13064.png
13064,13065,85,images/85/13065.png
13065,13066,85,images/85/13066.png
13066,13067,85,images/85/13067.png
13067,13068,85,images/85/13068.png
13068,13069,85,images/85/13069.png
13069,13070,85,images/85/13070.png
13070,13071,85,images/85/13071.png
13071,13072,85,images/85/13072.png
13072,13073,85,images/85/13073.png
13073,13074,85,images/85/13074.png
13074,13075,85,images/85/13075.png
13075,13076,85,images/85/13076.png
13076,13077,85,images/85/13077.png
13077,13078,85,images/85/13078.png
13078,13079,85,images/85/13079.png
13079,13080,85,images/85/13080.png
13080,13081,85,images/85/13081.png
13081,13082,85,images/85/13082.png
13082,13083,85,images/85/13083.png
13083,13084,85,images/85/13084.png
13084,13085,85,images/85/13085.png
13085,13086,85,images/85/13086.png
13086,13087,85,images/85/13087.png
13087,13088,85,images/85/13088.png
13088,13089,85,images/85/13089.png
13089,13090,85,images/85/13090.png
13090,13091,85,images/85/13091.png
13091,13092,85,images/85/13092.png
13092,13093,85,images/85/13093.png
13093,13094,85,images/85/13094.png
13094,13095,85,images/85/13095.png
13095,13096,85,images/85/13096.png
13096,13097,85,images/85/13097.png
13097,13098,85,images/85/13098.png
13098,13099,85,images/85/13099.png
13099,13100,85,images/85/13100.png
13100,13101,85,images/85/13101.png
13101,13102,85,images/85/13102.png
13102,13103,85,images/85/13103.png
13103,13104,85,images/85/13104.png
13104,13105,85,images/85/13105.png
13105,13106,85,images/85/13106.png
13106,13107,85,images/85/13107.png
13107,13108,85,images/85/13108.png
13108,13109,85,images/85/13109.png
13109,13110,85,images/85/13110.png
13110,13111,85,images/85/13111.png
13111,13112,85,images/85/13112.png
13112,13113,85,images/85/13113.png
13113,13114,85,images/85/13114.png
13114,13115,85,images/85/13115.png
13115,13116,85,images/85/13116.png
13116,13117,85,images/85/13117.png
13117,13118,85,images/85/13118.png
13118,13119,85,images/85/13119.png
13119,13120,85,images/85/13120.png
13120,13121,85,images/85/13121.png
13121,13122,85,images/85/13122.png
13122,13123,85,images/85/13123.png
13123,13124,85,images/85/13124.png
13124,13125,85,images/85/13125.png
13125,13126,85,images/85/13126.png
13126,13127,85,images/85/13127.png
13127,13128,85,images/85/13128.png
13128,13129,85,images/85/13129.png
13129,13130,85,images/85/13130.png
13130,13131,85,images/85/13131.png
13131,13132,85,images/85/13132.png
13132,13133,85,images/85/13133.png
13133,13134,85,images/85/13134.png
13134,13135,85,images/85/13135.png
13135,13136,85,images/85/13136.png
13136,13137,85,images/85/13137.png
13137,13138,85,images/85/13138.png
13138,13139,85,images/85/13139.png
13139,13140,85,images/85/13140.png
13140,13141,85,images/85/13141.png
13141,13142,85,images/85/13142.png
13142,13143,85,images/85/13143.png
13143,13144,85,images/85/13144.png
13144,13145,85,images/85/13145.png
13145,13146,85,images/85/13146.png
13146,13147,85,images/85/13147.png
13147,13148,85,images/85/13148.png
13148,13149,85,images/85/13149.png
13149,13150,85,images/85/13150.png
13150,13151,85,images/85/13151.png
13151,13152,85,images/85/13152.png
13152,13153,85,images/85/13153.png
13153,13154,85,images/85/13154.png
13154,13155,85,images/85/13155.png
13155,13156,85,images/85/13156.png
13156,13157,85,images/85/13157.png
13157,13158,85,images/85/13158.png
13158,13159,85,images/85/13159.png
13159,13160,85,images/85/13160.png
13160,13161,85,images/85/13161.png
13161,13162,85,images/85/13162.png
13162,13163,85,images/85/13163.png
13163,13164,85,images/85/13164.png
13164,13165,86,images/86/13165.png
13165,13166,86,images/86/13166.png
13166,13167,86,images/86/13167.png
13167,13168,86,images/86/13168.png
13168,13169,86,images/86/13169.png
13169,13170,86,images/86/13170.png
13170,13171,86,images/86/13171.png
13171,13172,86,images/86/13172.png
13172,13173,86,images/86/13173.png
13173,13174,86,images/86/13174.png
13174,13175,86,images/86/13175.png
13175,13176,86,images/86/13176.png
13176,13177,86,images/86/13177.png
13177,13178,86,images/86/13178.png
13178,13179,86,images/86/13179.png
13179,13180,86,images/86/13180.png
13180,13181,86,images/86/13181.png
13181,13182,86,images/86/13182.png
13182,13183,86,images/86/13183.png
13183,13184,86,images/86/13184.png
13184,13185,86,images/86/13185.png
13185,13186,86,images/86/13186.png
13186,13187,86,images/86/13187.png
13187,13188,86,images/86/13188.png
13188,13189,86,images/86/13189.png
13189,13190,86,images/86/13190.png
13190,13191,86,images/86/13191.png
13191,13192,86,images/86/13192.png
13192,13193,86,images/86/13193.png
13193,13194,86,images/86/13194.png
13194,13195,86,images/86/13195.png
13195,13196,86,images/86/13196.png
13196,13197,86,images/86/13197.png
13197,13198,86,images/86/13198.png
13198,13199,86,images/86/13199.png
13199,13200,86,images/86/13200.png
13200,13201,86,images/86/13201.png
13201,13202,86,images/86/13202.png
13202,13203,86,images/86/13203.png
13203,13204,86,images/86/13204.png
13204,13205,86,images/86/13205.png
13205,13206,86,images/86/13206.png
13206,13207,86,images/86/13207.png
13207,13208,86,images/86/13208.png
13208,13209,86,images/86/13209.png
13209,13210,86,images/86/13210.png
13210,13211,86,images/86/13211.png
13211,13212,86,images/86/13212.png
13212,13213,86,images/86/13213.png
13213,13214,86,images/86/13214.png
13214,13215,86,images/86/13215.png
13215,13216,86,images/86/13216.png
13216,13217,86,images/86/13217.png
13217,13218,86,images/86/13218.png
13218,13219,86,images/86/13219.png
13219,13220,86,images/86/13220.png
13220,13221,86,images/86/13221.png
13221,13222,86,images/86/13222.png
13222,13223,86,images/86/13223.png
13223,13224,86,images/86/13224.png
13224,13225,86,images/86/13225.png
13225,13226,86,images/86/13226.png
13226,13227,86,images/86/13227.png
13227,13228,86,images/86/13228.png
13228,13229,86,images/86/13229.png
13229,13230,86,images/86/13230.png
13230,13231,86,images/86/13231.png
13231,13232,86,images/86/13232.png
13232,13233,86,images/86/13233.png
13233,13234,86,images/86/13234.png
13234,13235,86,images/86/13235.png
13235,13236,86,images/86/13236.png
13236,13237,86,images/86/13237.png
13237,13238,86,images/86/13238.png
13238,13239,86,images/86/13239.png
13239,13240,86,images/86/13240.png
13240,13241,86,images/86/13241.png
13241,13242,86,images/86/13242.png
13242,13243,86,images/86/13243.png
13243,13244,86,images/86/13244.png
13244,13245,86,images/86/13245.png
13245,13246,86,images/86/13246.png
13246,13247,86,images/86/13247.png
13247,13248,86,images/86/13248.png
13248,13249,86,images/86/13249.png
13249,13250,86,images/86/13250.png
13250,13251,86,images/86/13251.png
13251,13252,86,images/86/13252.png
13252,13253,86,images/86/13253.png
13253,13254,86,images/86/13254.png
13254,13255,86,images/86/13255.png
13255,13256,86,images/86/13256.png
13256,13257,86,images/86/13257.png
13257,13258,86,images/86/13258.png
13258,13259,86,images/86/13259.png
13259,13260,86,images/86/13260.png
13260,13261,86,images/86/13261.png
13261,13262,86,images/86/13262.png
13262,13263,86,images/86/13263.png
13263,13264,86,images/86/13264.png
13264,13265,86,images/86/13265.png
13265,13266,86,images/86/13266.png
13266,13267,86,images/86/13267.png
13267,13268,86,images/86/13268.png
13268,13269,86,images/86/13269.png
13269,13270,86,images/86/13270.png
13270,13271,86,images/86/13271.png
13271,13272,86,images/86/13272.png
13272,13273,86,images/86/13273.png
13273,13274,86,images/86/13274.png
13274,13275,86,images/86/13275.png
13275,13276,86,images/86/13276.png
13276,13277,86,images/86/13277.png
13277,13278,86,images/86/13278.png
13278,13279,86,images/86/13279.png
13279,13280,86,images/86/13280.png
13280,13281,86,images/86/13281.png
13281,13282,86,images/86/13282.png
13282,13283,86,images/86/13283.png
13283,13284,86,images/86/13284.png
13284,13285,86,images/86/13285.png
13285,13286,86,images/86/13286.png
13286,13287,86,images/86/13287.png
13287,13288,86,images/86/13288.png
13288,13289,86,images/86/13289.png
13289,13290,86,images/86/13290.png
13290,13291,86,images/86/13291.png
13291,13292,86,images/86/13292.png
13292,13293,86,images/86/13293.png
13293,13294,86,images/86/13294.png
13294,13295,86,images/86/13295.png
13295,13296,86,images/86/13296.png
13296,13297,86,images/86/13297.png
13297,13298,86,images/86/13298.png
13298,13299,86,images/86/13299.png
13299,13300,86,images/86/13300.png
13300,13301,86,images/86/13301.png
13301,13302,86,images/86/13302.png
13302,13303,86,images/86/13303.png
13303,13304,86,images/86/13304.png
13304,13305,86,images/86/13305.png
13305,13306,86,images/86/13306.png
13306,13307,86,images/86/13307.png
13307,13308,86,images/86/13308.png
13308,13309,86,images/86/13309.png
13309,13310,86,images/86/13310.png
13310,13311,86,images/86/13311.png
13311,13312,86,images/86/13312.png
13312,13313,86,images/86/13313.png
13313,13314,86,images/86/13314.png
13314,13315,86,images/86/13315.png
13315,13316,86,images/86/13316.png
13316,13317,86,images/86/13317.png
13317,13318,86,images/86/13318.png
13318,13319,86,images/86/13319.png
13319,13320,86,images/86/13320.png
13320,13321,86,images/86/13321.png
13321,13322,86,images/86/13322.png
13322,13323,86,images/86/13323.png
13323,13324,86,images/86/13324.png
13324,13325,86,images/86/13325.png
13325,13326,86,images/86/13326.png
13326,13327,86,images/86/13327.png
13327,13328,86,images/86/13328.png
13328,13329,86,images/86/13329.png
13329,13330,86,images/86/13330.png
13330,13331,86,images/86/13331.png
13331,13332,86,images/86/13332.png
13332,13333,86,images/86/13333.png
13333,13334,86,images/86/13334.png
13334,13335,86,images/86/13335.png
13335,13336,86,images/86/13336.png
13336,13337,86,images/86/13337.png
13337,13338,86,images/86/13338.png
13338,13339,86,images/86/13339.png
13339,13340,86,images/86/13340.png
13340,13341,86,images/86/13341.png
13341,13342,86,images/86/13342.png
13342,13343,86,images/86/13343.png
13343,13344,86,images/86/13344.png
13344,13345,86,images/86/13345.png
13345,13346,86,images/86/13346.png
13346,13347,86,images/86/13347.png
13347,13348,86,images/86/13348.png
13348,13349,86,images/86/13349.png
13349,13350,86,images/86/13350.png
13350,13351,86,images/86/13351.png
13351,13352,86,images/86/13352.png
13352,13353,86,images/86/13353.png
13353,13354,86,images/86/13354.png
13354,13355,86,images/86/13355.png
13355,13356,86,images/86/13356.png
13356,13357,86,images/86/13357.png
13357,13358,86,images/86/13358.png
13358,13359,86,images/86/13359.png
13359,13360,86,images/86/13360.png
13360,13361,86,images/86/13361.png
13361,13362,86,images/86/13362.png
13362,13363,86,images/86/13363.png
13363,13364,86,images/86/13364.png
13364,13365,86,images/86/13365.png
13365,13366,86,images/86/13366.png
13366,13367,86,images/86/13367.png
13367,13368,86,images/86/13368.png
13368,13369,86,images/86/13369.png
13369,13370,86,images/86/13370.png
13370,13371,86,images/86/13371.png
13371,13372,86,images/86/13372.png
13372,13373,86,images/86/13373.png
13373,13374,86,images/86/13374.png
13374,13375,86,images/86/13375.png
13375,13376,86,images/86/13376.png
13376,13377,86,images/86/13377.png
13377,13378,86,images/86/13378.png
13378,13379,86,images/86/13379.png
13379,13380,86,images/86/13380.png
13380,13381,86,images/86/13381.png
13381,13382,86,images/86/13382.png
13382,13383,86,images/86/13383.png
13383,13384,86,images/86/13384.png
13384,13385,86,images/86/13385.png
13385,13386,86,images/86/13386.png
13386,13387,86,images/86/13387.png
13387,13388,86,images/86/13388.png
13388,13389,86,images/86/13389.png
13389,13390,86,images/86/13390.png
13390,13391,86,images/86/13391.png
13391,13392,86,images/86/13392.png
13392,13393,86,images/86/13393.png
13393,13394,86,images/86/13394.png
13394,13395,86,images/86/13395.png
13395,13396,86,images/86/13396.png
13396,13397,86,images/86/13397.png
13397,13398,86,images/86/13398.png
13398,13399,86,images/86/13399.png
13399,13400,86,images/86/13400.png
13400,13401,86,images/86/13401.png
13401,13402,86,images/86/13402.png
13402,13403,86,images/86/13403.png
13403,13404,86,images/86/13404.png
13404,13405,86,images/86/13405.png
13405,13406,86,images/86/13406.png
13406,13407,86,images/86/13407.png
13407,13408,86,images/86/13408.png
13408,13409,86,images/86/13409.png
13409,13410,86,images/86/13410.png
13410,13411,86,images/86/13411.png
13411,13412,86,images/86/13412.png
13412,13413,86,images/86/13413.png
13413,13414,86,images/86/13414.png
13414,13415,86,images/86/13415.png
13415,13416,86,images/86/13416.png
13416,13417,86,images/86/13417.png
13417,13418,86,images/86/13418.png
13418,13419,86,images/86/13419.png
13419,13420,86,images/86/13420.png
13420,13421,86,images/86/13421.png
13421,13422,86,images/86/13422.png
13422,13423,86,images/86/13423.png
13423,13424,86,images/86/13424.png
13424,13425,86,images/86/13425.png
13425,13426,86,images/86/13426.png
13426,13427,86,images/86/13427.png
13427,13428,86,images/86/13428.png
13428,13429,86,images/86/13429.png
13429,13430,86,images/86/13430.png
13430,13431,86,images/86/13431.png
13431,13432,86,images/86/13432.png
13432,13433,86,images/86/13433.png
13433,13434,86,images/86/13434.png
13434,13435,86,images/86/13435.png
13435,13436,86,images/86/13436.png
13436,13437,86,images/86/13437.png
13437,13438,86,images/86/13438.png
13438,13439,86,images/86/13439.png
13439,13440,86,images/86/13440.png
13440,13441,86,images/86/13441.png
13441,13442,86,images/86/13442.png
13442,13443,86,images/86/13443.png
13443,13444,86,images/86/13444.png
13444,13445,86,images/86/13445.png
13445,13446,86,images/86/13446.png
13446,13447,86,images/86/13447.png
13447,13448,86,images/86/13448.png
13448,13449,86,images/86/13449.png
13449,13450,86,images/86/13450.png
13450,13451,86,images/86/13451.png
13451,13452,86,images/86/13452.png
13452,13453,86,images/86/13453.png
13453,13454,86,images/86/13454.png
13454,13455,86,images/86/13455.png
13455,13456,86,images/86/13456.png
13456,13457,86,images/86/13457.png
13457,13458,86,images/86/13458.png
13458,13459,86,images/86/13459.png
13459,13460,86,images/86/13460.png
13460,13461,86,images/86/13461.png
13461,13462,86,images/86/13462.png
13462,13463,86,images/86/13463.png
13463,13464,86,images/86/13464.png
13464,13465,86,images/86/13465.png
13465,13466,86,images/86/13466.png
13466,13467,86,images/86/13467.png
13467,13468,86,images/86/13468.png
13468,13469,86,images/86/13469.png
13469,13470,86,images/86/13470.png
13470,13471,86,images/86/13471.png
13471,13472,86,images/86/13472.png
13472,13473,86,images/86/13473.png
13473,13474,86,images/86/13474.png
13474,13475,86,images/86/13475.png
13475,13476,87,images/87/13476.png
13476,13477,87,images/87/13477.png
13477,13478,87,images/87/13478.png
13478,13479,87,images/87/13479.png
13479,13480,87,images/87/13480.png
13480,13481,87,images/87/13481.png
13481,13482,87,images/87/13482.png
13482,13483,87,images/87/13483.png
13483,13484,87,images/87/13484.png
13484,13485,87,images/87/13485.png
13485,13486,87,images/87/13486.png
13486,13487,87,images/87/13487.png
13487,13488,87,images/87/13488.png
13488,13489,87,images/87/13489.png
13489,13490,87,images/87/13490.png
13490,13491,87,images/87/13491.png
13491,13492,87,images/87/13492.png
13492,13493,87,images/87/13493.png
13493,13494,87,images/87/13494.png
13494,13495,87,images/87/13495.png
13495,13496,87,images/87/13496.png
13496,13497,87,images/87/13497.png
13497,13498,87,images/87/13498.png
13498,13499,87,images/87/13499.png
13499,13500,87,images/87/13500.png
13500,13501,87,images/87/13501.png
13501,13502,87,images/87/13502.png
13502,13503,87,images/87/13503.png
13503,13504,87,images/87/13504.png
13504,13505,87,images/87/13505.png
13505,13506,87,images/87/13506.png
13506,13507,87,images/87/13507.png
13507,13508,87,images/87/13508.png
13508,13509,87,images/87/13509.png
13509,13510,87,images/87/13510.png
13510,13511,87,images/87/13511.png
13511,13512,87,images/87/13512.png
13512,13513,87,images/87/13513.png
13513,13514,87,images/87/13514.png
13514,13515,87,images/87/13515.png
13515,13516,87,images/87/13516.png
13516,13517,87,images/87/13517.png
13517,13518,87,images/87/13518.png
13518,13519,87,images/87/13519.png
13519,13520,87,images/87/13520.png
13520,13521,87,images/87/13521.png
13521,13522,87,images/87/13522.png
13522,13523,87,images/87/13523.png
13523,13524,87,images/87/13524.png
13524,13525,87,images/87/13525.png
13525,13526,87,images/87/13526.png
13526,13527,87,images/87/13527.png
13527,13528,87,images/87/13528.png
13528,13529,87,images/87/13529.png
13529,13530,87,images/87/13530.png
13530,13531,87,images/87/13531.png
13531,13532,87,images/87/13532.png
13532,13533,87,images/87/13533.png
13533,13534,87,images/87/13534.png
13534,13535,87,images/87/13535.png
13535,13536,87,images/87/13536.png
13536,13537,87,images/87/13537.png
13537,13538,87,images/87/13538.png
13538,13539,87,images/87/13539.png
13539,13540,87,images/87/13540.png
13540,13541,87,images/87/13541.png
13541,13542,87,images/87/13542.png
13542,13543,87,images/87/13543.png
13543,13544,87,images/87/13544.png
13544,13545,87,images/87/13545.png
13545,13546,87,images/87/13546.png
13546,13547,87,images/87/13547.png
13547,13548,87,images/87/13548.png
13548,13549,88,images/88/13549.png
13549,13550,88,images/88/13550.png
13550,13551,88,images/88/13551.png
13551,13552,88,images/88/13552.png
13552,13553,88,images/88/13553.png
13553,13554,88,images/88/13554.png
13554,13555,88,images/88/13555.png
13555,13556,88,images/88/13556.png
13556,13557,88,images/88/13557.png
13557,13558,88,images/88/13558.png
13558,13559,88,images/88/13559.png
13559,13560,88,images/88/13560.png
13560,13561,88,images/88/13561.png
13561,13562,88,images/88/13562.png
13562,13563,88,images/88/13563.png
13563,13564,88,images/88/13564.png
13564,13565,88,images/88/13565.png
13565,13566,88,images/88/13566.png
13566,13567,88,images/88/13567.png
13567,13568,88,images/88/13568.png
13568,13569,88,images/88/13569.png
13569,13570,88,images/88/13570.png
13570,13571,88,images/88/13571.png
13571,13572,88,images/88/13572.png
13572,13573,88,images/88/13573.png
13573,13574,88,images/88/13574.png
13574,13575,88,images/88/13575.png
13575,13576,88,images/88/13576.png
13576,13577,88,images/88/13577.png
13577,13578,88,images/88/13578.png
13578,13579,88,images/88/13579.png
13579,13580,88,images/88/13580.png
13580,13581,88,images/88/13581.png
13581,13582,88,images/88/13582.png
13582,13583,88,images/88/13583.png
13583,13584,88,images/88/13584.png
13584,13585,88,images/88/13585.png
13585,13586,88,images/88/13586.png
13586,13587,88,images/88/13587.png
13587,13588,88,images/88/13588.png
13588,13589,88,images/88/13589.png
13589,13590,88,images/88/13590.png
13590,13591,88,images/88/13591.png
13591,13592,88,images/88/13592.png
13592,13593,88,images/88/13593.png
13593,13594,88,images/88/13594.png
13594,13595,88,images/88/13595.png
13595,13596,88,images/88/13596.png
13596,13597,88,images/88/13597.png
13597,13598,88,images/88/13598.png
13598,13599,88,images/88/13599.png
13599,13600,88,images/88/13600.png
13600,13601,88,images/88/13601.png
13601,13602,88,images/88/13602.png
13602,13603,88,images/88/13603.png
13603,13604,88,images/88/13604.png
13604,13605,88,images/88/13605.png
13605,13606,88,images/88/13606.png
13606,13607,88,images/88/13607.png
13607,13608,88,images/88/13608.png
13608,13609,88,images/88/13609.png
13609,13610,88,images/88/13610.png
13610,13611,88,images/88/13611.png
13611,13612,88,images/88/13612.png
13612,13613,88,images/88/13613.png
13613,13614,88,images/88/13614.png
13614,13615,88,images/88/13615.png
13615,13616,88,images/88/13616.png
13616,13617,88,images/88/13617.png
13617,13618,88,images/88/13618.png
13618,13619,88,images/88/13619.png
13619,13620,88,images/88/13620.png
13620,13621,88,images/88/13621.png
13621,13622,88,images/88/13622.png
13622,13623,88,images/88/13623.png
13623,13624,88,images/88/13624.png
13624,13625,88,images/88/13625.png
13625,13626,88,images/88/13626.png
13626,13627,88,images/88/13627.png
13627,13628,88,images/88/13628.png
13628,13629,88,images/88/13629.png
13629,13630,88,images/88/13630.png
13630,13631,88,images/88/13631.png
13631,13632,88,images/88/13632.png
13632,13633,88,images/88/13633.png
13633,13634,88,images/88/13634.png
13634,13635,88,images/88/13635.png
13635,13636,88,images/88/13636.png
13636,13637,88,images/88/13637.png
13637,13638,88,images/88/13638.png
13638,13639,88,images/88/13639.png
13639,13640,88,images/88/13640.png
13640,13641,88,images/88/13641.png
13641,13642,88,images/88/13642.png
13642,13643,88,images/88/13643.png
13643,13644,88,images/88/13644.png
13644,13645,88,images/88/13645.png
13645,13646,88,images/88/13646.png
13646,13647,88,images/88/13647.png
13647,13648,88,images/88/13648.png
13648,13649,88,images/88/13649.png
13649,13650,88,images/88/13650.png
13650,13651,88,images/88/13651.png
13651,13652,88,images/88/13652.png
13652,13653,88,images/88/13653.png
13653,13654,88,images/88/13654.png
13654,13655,88,images/88/13655.png
13655,13656,88,images/88/13656.png
13656,13657,88,images/88/13657.png
13657,13658,88,images/88/13658.png
13658,13659,88,images/88/13659.png
13659,13660,88,images/88/13660.png
13660,13661,88,images/88/13661.png
13661,13662,88,images/88/13662.png
13662,13663,88,images/88/13663.png
13663,13664,88,images/88/13664.png
13664,13665,88,images/88/13665.png
13665,13666,88,images/88/13666.png
13666,13667,88,images/88/13667.png
13667,13668,88,images/88/13668.png
13668,13669,88,images/88/13669.png
13669,13670,88,images/88/13670.png
13670,13671,88,images/88/13671.png
13671,13672,88,images/88/13672.png
13672,13673,88,images/88/13673.png
13673,13674,88,images/88/13674.png
13674,13675,88,images/88/13675.png
13675,13676,88,images/88/13676.png
13676,13677,88,images/88/13677.png
13677,13678,88,images/88/13678.png
13678,13679,88,images/88/13679.png
13679,13680,88,images/88/13680.png
13680,13681,88,images/88/13681.png
13681,13682,88,images/88/13682.png
13682,13683,88,images/88/13683.png
13683,13684,88,images/88/13684.png
13684,13685,88,images/88/13685.png
13685,13686,88,images/88/13686.png
13686,13687,88,images/88/13687.png
13687,13688,88,images/88/13688.png
13688,13689,88,images/88/13689.png
13689,13690,88,images/88/13690.png
13690,13691,88,images/88/13691.png
13691,13692,88,images/88/13692.png
13692,13693,88,images/88/13693.png
13693,13694,88,images/88/13694.png
13694,13695,88,images/88/13695.png
13695,13696,88,images/88/13696.png
13696,13697,88,images/88/13697.png
13697,13698,88,images/88/13698.png
13698,13699,88,images/88/13699.png
13699,13700,88,images/88/13700.png
13700,13701,88,images/88/13701.png
13701,13702,88,images/88/13702.png
13702,13703,88,images/88/13703.png
13703,13704,88,images/88/13704.png
13704,13705,88,images/88/13705.png
13705,13706,88,images/88/13706.png
13706,13707,88,images/88/13707.png
13707,13708,88,images/88/13708.png
13708,13709,88,images/88/13709.png
13709,13710,88,images/88/13710.png
13710,13711,88,images/88/13711.png
13711,13712,88,images/88/13712.png
13712,13713,88,images/88/13713.png
13713,13714,88,images/88/13714.png
13714,13715,88,images/88/13715.png
13715,13716,88,images/88/13716.png
13716,13717,88,images/88/13717.png
13717,13718,88,images/88/13718.png
13718,13719,88,images/88/13719.png
13719,13720,88,images/88/13720.png
13720,13721,88,images/88/13721.png
13721,13722,88,images/88/13722.png
13722,13723,88,images/88/13723.png
13723,13724,88,images/88/13724.png
13724,13725,88,images/88/13725.png
13725,13726,88,images/88/13726.png
13726,13727,88,images/88/13727.png
13727,13728,88,images/88/13728.png
13728,13729,88,images/88/13729.png
13729,13730,88,images/88/13730.png
13730,13731,88,images/88/13731.png
13731,13732,88,images/88/13732.png
13732,13733,88,images/88/13733.png
13733,13734,88,images/88/13734.png
13734,13735,88,images/88/13735.png
13735,13736,88,images/88/13736.png
13736,13737,88,images/88/13737.png
13737,13738,88,images/88/13738.png
13738,13739,88,images/88/13739.png
13739,13740,88,images/88/13740.png
13740,13741,88,images/88/13741.png
13741,13742,88,images/88/13742.png
13742,13743,88,images/88/13743.png
13743,13744,88,images/88/13744.png
13744,13745,88,images/88/13745.png
13745,13746,88,images/88/13746.png
13746,13747,88,images/88/13747.png
13747,13748,88,images/88/13748.png
13748,13749,88,images/88/13749.png
13749,13750,88,images/88/13750.png
13750,13751,88,images/88/13751.png
13751,13752,88,images/88/13752.png
13752,13753,88,images/88/13753.png
13753,13754,88,images/88/13754.png
13754,13755,88,images/88/13755.png
13755,13756,88,images/88/13756.png
13756,13757,88,images/88/13757.png
13757,13758,88,images/88/13758.png
13758,13759,88,images/88/13759.png
13759,13760,88,images/88/13760.png
13760,13761,88,images/88/13761.png
13761,13762,88,images/88/13762.png
13762,13763,88,images/88/13763.png
13763,13764,88,images/88/13764.png
13764,13765,88,images/88/13765.png
13765,13766,88,images/88/13766.png
13766,13767,88,images/88/13767.png
13767,13768,88,images/88/13768.png
13768,13769,88,images/88/13769.png
13769,13770,88,images/88/13770.png
13770,13771,88,images/88/13771.png
13771,13772,88,images/88/13772.png
13772,13773,88,images/88/13773.png
13773,13774,88,images/88/13774.png
13774,13775,88,images/88/13775.png
13775,13776,88,images/88/13776.png
13776,13777,88,images/88/13777.png
13777,13778,88,images/88/13778.png
13778,13779,88,images/88/13779.png
13779,13780,88,images/88/13780.png
13780,13781,88,images/88/13781.png
13781,13782,88,images/88/13782.png
13782,13783,88,images/88/13783.png
13783,13784,88,images/88/13784.png
13784,13785,88,images/88/13785.png
13785,13786,88,images/88/13786.png
13786,13787,88,images/88/13787.png
13787,13788,88,images/88/13788.png
13788,13789,88,images/88/13789.png
13789,13790,88,images/88/13790.png
13790,13791,88,images/88/13791.png
13791,13792,88,images/88/13792.png
13792,13793,88,images/88/13793.png
13793,13794,88,images/88/13794.png
13794,13795,88,images/88/13795.png
13795,13796,88,images/88/13796.png
13796,13797,88,images/88/13797.png
13797,13798,88,images/88/13798.png
13798,13799,88,images/88/13799.png
13799,13800,88,images/88/13800.png
13800,13801,88,images/88/13801.png
13801,13802,88,images/88/13802.png
13802,13803,88,images/88/13803.png
13803,13804,88,images/88/13804.png
13804,13805,88,images/88/13805.png
13805,13806,88,images/88/13806.png
13806,13807,88,images/88/13807.png
13807,13808,88,images/88/13808.png
13808,13809,88,images/88/13809.png
13809,13810,88,images/88/13810.png
13810,13811,88,images/88/13811.png
13811,13812,88,images/88/13812.png
13812,13813,88,images/88/13813.png
13813,13814,88,images/88/13814.png
13814,13815,88,images/88/13815.png
13815,13816,88,images/88/13816.png
13816,13817,88,images/88/13817.png
13817,13818,88,images/88/13818.png
13818,13819,88,images/88/13819.png
13819,13820,88,images/88/13820.png
13820,13821,88,images/88/13821.png
13821,13822,88,images/88/13822.png
13822,13823,88,images/88/13823.png
13823,13824,88,images/88/13824.png
13824,13825,88,images/88/13825.png
13825,13826,88,images/88/13826.png
13826,13827,88,images/88/13827.png
13827,13828,88,images/88/13828.png
13828,13829,88,images/88/13829.png
13829,13830,88,images/88/13830.png
13830,13831,88,images/88/13831.png
13831,13832,88,images/88/13832.png
13832,13833,88,images/88/13833.png
13833,13834,88,images/88/13834.png
13834,13835,88,images/88/13835.png
13835,13836,88,images/88/13836.png
13836,13837,88,images/88/13837.png
13837,13838,88,images/88/13838.png
13838,13839,88,images/88/13839.png
13839,13840,88,images/88/13840.png
13840,13841,88,images/88/13841.png
13841,13842,88,images/88/13842.png
13842,13843,88,images/88/13843.png
13843,13844,88,images/88/13844.png
13844,13845,88,images/88/13845.png
13845,13846,88,images/88/13846.png
13846,13847,88,images/88/13847.png
13847,13848,88,images/88/13848.png
13848,13849,88,images/88/13849.png
13849,13850,88,images/88/13850.png
13850,13851,88,images/88/13851.png
13851,13852,88,images/88/13852.png
13852,13853,88,images/88/13853.png
13853,13854,88,images/88/13854.png
13854,13855,88,images/88/13855.png
13855,13856,88,images/88/13856.png
13856,13857,88,images/88/13857.png
13857,13858,88,images/88/13858.png
13858,13859,88,images/88/13859.png
13859,13860,88,images/88/13860.png
13860,13861,88,images/88/13861.png
13861,13862,88,images/88/13862.png
13862,13863,88,images/88/13863.png
13863,13864,88,images/88/13864.png
13864,13865,88,images/88/13865.png
13865,13866,88,images/88/13866.png
13866,13867,89,images/89/13867.png
13867,13868,89,images/89/13868.png
13868,13869,89,images/89/13869.png
13869,13870,89,images/89/13870.png
13870,13871,89,images/89/13871.png
13871,13872,89,images/89/13872.png
13872,13873,89,images/89/13873.png
13873,13874,89,images/89/13874.png
13874,13875,89,images/89/13875.png
13875,13876,89,images/89/13876.png
13876,13877,89,images/89/13877.png
13877,13878,89,images/89/13878.png
13878,13879,89,images/89/13879.png
13879,13880,89,images/89/13880.png
13880,13881,89,images/89/13881.png
13881,13882,89,images/89/13882.png
13882,13883,89,images/89/13883.png
13883,13884,89,images/89/13884.png
13884,13885,89,images/89/13885.png
13885,13886,89,images/89/13886.png
13886,13887,89,images/89/13887.png
13887,13888,89,images/89/13888.png
13888,13889,89,images/89/13889.png
13889,13890,89,images/89/13890.png
13890,13891,89,images/89/13891.png
13891,13892,89,images/89/13892.png
13892,13893,89,images/89/13893.png
13893,13894,89,images/89/13894.png
13894,13895,89,images/89/13895.png
13895,13896,89,images/89/13896.png
13896,13897,89,images/89/13897.png
13897,13898,89,images/89/13898.png
13898,13899,89,images/89/13899.png
13899,13900,89,images/89/13900.png
13900,13901,89,images/89/13901.png
13901,13902,89,images/89/13902.png
13902,13903,89,images/89/13903.png
13903,13904,89,images/89/13904.png
13904,13905,89,images/89/13905.png
13905,13906,89,images/89/13906.png
13906,13907,89,images/89/13907.png
13907,13908,89,images/89/13908.png
13908,13909,89,images/89/13909.png
13909,13910,89,images/89/13910.png
13910,13911,89,images/89/13911.png
13911,13912,89,images/89/13912.png
13912,13913,89,images/89/13913.png
13913,13914,89,images/89/13914.png
13914,13915,89,images/89/13915.png
13915,13916,89,images/89/13916.png
13916,13917,89,images/89/13917.png
13917,13918,89,images/89/13918.png
13918,13919,89,images/89/13919.png
13919,13920,89,images/89/13920.png
13920,13921,89,images/89/13921.png
13921,13922,89,images/89/13922.png
13922,13923,89,images/89/13923.png
13923,13924,89,images/89/13924.png
13924,13925,89,images/89/13925.png
13925,13926,89,images/89/13926.png
13926,13927,89,images/89/13927.png
13927,13928,89,images/89/13928.png
13928,13929,89,images/89/13929.png
13929,13930,89,images/89/13930.png
13930,13931,89,images/89/13931.png
13931,13932,89,images/89/13932.png
13932,13933,89,images/89/13933.png
13933,13934,89,images/89/13934.png
13934,13935,89,images/89/13935.png
13935,13936,89,images/89/13936.png
13936,13937,89,images/89/13937.png
13937,13938,89,images/89/13938.png
13938,13939,89,images/89/13939.png
13939,13940,89,images/89/13940.png
13940,13941,89,images/89/13941.png
13941,13942,89,images/89/13942.png
13942,13943,89,images/89/13943.png
13943,13944,89,images/89/13944.png
13944,13945,89,images/89/13945.png
13945,13946,89,images/89/13946.png
13946,13947,89,images/89/13947.png
13947,13948,89,images/89/13948.png
13948,13949,89,images/89/13949.png
13949,13950,89,images/89/13950.png
13950,13951,89,images/89/13951.png
13951,13952,89,images/89/13952.png
13952,13953,89,images/89/13953.png
13953,13954,89,images/89/13954.png
13954,13955,89,images/89/13955.png
13955,13956,89,images/89/13956.png
13956,13957,89,images/89/13957.png
13957,13958,89,images/89/13958.png
13958,13959,89,images/89/13959.png
13959,13960,89,images/89/13960.png
13960,13961,89,images/89/13961.png
13961,13962,89,images/89/13962.png
13962,13963,89,images/89/13963.png
13963,13964,90,images/90/13964.png
13964,13965,90,images/90/13965.png
13965,13966,90,images/90/13966.png
13966,13967,90,images/90/13967.png
13967,13968,90,images/90/13968.png
13968,13969,90,images/90/13969.png
13969,13970,90,images/90/13970.png
13970,13971,90,images/90/13971.png
13971,13972,90,images/90/13972.png
13972,13973,90,images/90/13973.png
13973,13974,90,images/90/13974.png
13974,13975,90,images/90/13975.png
13975,13976,90,images/90/13976.png
13976,13977,90,images/90/13977.png
13977,13978,90,images/90/13978.png
13978,13979,90,images/90/13979.png
13979,13980,90,images/90/13980.png
13980,13981,90,images/90/13981.png
13981,13982,90,images/90/13982.png
13982,13983,90,images/90/13983.png
13983,13984,90,images/90/13984.png
13984,13985,90,images/90/13985.png
13985,13986,90,images/90/13986.png
13986,13987,90,images/90/13987.png
13987,13988,90,images/90/13988.png
13988,13989,90,images/90/13989.png
13989,13990,90,images/90/13990.png
13990,13991,90,images/90/13991.png
13991,13992,90,images/90/13992.png
13992,13993,90,images/90/13993.png
13993,13994,90,images/90/13994.png
13994,13995,90,images/90/13995.png
13995,13996,90,images/90/13996.png
13996,13997,90,images/90/13997.png
13997,13998,90,images/90/13998.png
13998,13999,90,images/90/13999.png
13999,14000,90,images/90/14000.png
14000,14001,90,images/90/14001.png
14001,14002,90,images/90/14002.png
14002,14003,90,images/90/14003.png
14003,14004,90,images/90/14004.png
14004,14005,90,images/90/14005.png
14005,14006,90,images/90/14006.png
14006,14007,90,images/90/14007.png
14007,14008,90,images/90/14008.png
14008,14009,90,images/90/14009.png
14009,14010,90,images/90/14010.png
14010,14011,90,images/90/14011.png
14011,14012,90,images/90/14012.png
14012,14013,90,images/90/14013.png
14013,14014,90,images/90/14014.png
14014,14015,90,images/90/14015.png
14015,14016,90,images/90/14016.png
14016,14017,90,images/90/14017.png
14017,14018,90,images/90/14018.png
14018,14019,90,images/90/14019.png
14019,14020,90,images/90/14020.png
14020,14021,90,images/90/14021.png
14021,14022,90,images/90/14022.png
14022,14023,90,images/90/14023.png
14023,14024,90,images/90/14024.png
14024,14025,90,images/90/14025.png
14025,14026,90,images/90/14026.png
14026,14027,90,images/90/14027.png
14027,14028,90,images/90/14028.png
14028,14029,90,images/90/14029.png
14029,14030,90,images/90/14030.png
14030,14031,90,images/90/14031.png
14031,14032,90,images/90/14032.png
14032,14033,90,images/90/14033.png
14033,14034,90,images/90/14034.png
14034,14035,90,images/90/14035.png
14035,14036,90,images/90/14036.png
14036,14037,90,images/90/14037.png
14037,14038,90,images/90/14038.png
14038,14039,90,images/90/14039.png
14039,14040,90,images/90/14040.png
14040,14041,90,images/90/14041.png
14041,14042,90,images/90/14042.png
14042,14043,90,images/90/14043.png
14043,14044,90,images/90/14044.png
14044,14045,90,images/90/14045.png
14045,14046,90,images/90/14046.png
14046,14047,90,images/90/14047.png
14047,14048,90,images/90/14048.png
14048,14049,90,images/90/14049.png
14049,14050,91,images/91/14050.png
14050,14051,91,images/91/14051.png
14051,14052,91,images/91/14052.png
14052,14053,91,images/91/14053.png
14053,14054,91,images/91/14054.png
14054,14055,91,images/91/14055.png
14055,14056,91,images/91/14056.png
14056,14057,91,images/91/14057.png
14057,14058,91,images/91/14058.png
14058,14059,91,images/91/14059.png
14059,14060,91,images/91/14060.png
14060,14061,91,images/91/14061.png
14061,14062,91,images/91/14062.png
14062,14063,91,images/91/14063.png
14063,14064,91,images/91/14064.png
14064,14065,91,images/91/14065.png
14065,14066,92,images/92/14066.png
14066,14067,92,images/92/14067.png
14067,14068,92,images/92/14068.png
14068,14069,92,images/92/14069.png
14069,14070,92,images/92/14070.png
14070,14071,92,images/92/14071.png
14071,14072,92,images/92/14072.png
14072,14073,92,images/92/14073.png
14073,14074,92,images/92/14074.png
14074,14075,92,images/92/14075.png
14075,14076,92,images/92/14076.png
14076,14077,92,images/92/14077.png
14077,14078,92,images/92/14078.png
14078,14079,92,images/92/14079.png
14079,14080,92,images/92/14080.png
14080,14081,92,images/92/14081.png
14081,14082,92,images/92/14082.png
14082,14083,92,images/92/14083.png
14083,14084,92,images/92/14084.png
14084,14085,92,images/92/14085.png
14085,14086,92,images/92/14086.png
14086,14087,92,images/92/14087.png
14087,14088,92,images/92/14088.png
14088,14089,92,images/92/14089.png
14089,14090,92,images/92/14090.png
14090,14091,92,images/92/14091.png
14091,14092,92,images/92/14092.png
14092,14093,92,images/92/14093.png
14093,14094,92,images/92/14094.png
14094,14095,92,images/92/14095.png
14095,14096,92,images/92/14096.png
14096,14097,92,images/92/14097.png
14097,14098,92,images/92/14098.png
14098,14099,92,images/92/14099.png
14099,14100,92,images/92/14100.png
14100,14101,92,images/92/14101.png
14101,14102,92,images/92/14102.png
14102,14103,92,images/92/14103.png
14103,14104,92,images/92/14104.png
14104,14105,92,images/92/14105.png
14105,14106,92,images/92/14106.png
14106,14107,92,images/92/14107.png
14107,14108,92,images/92/14108.png
14108,14109,92,images/92/14109.png
14109,14110,92,images/92/14110.png
14110,14111,92,images/92/14111.png
14111,14112,92,images/92/14112.png
14112,14113,92,images/92/14113.png
14113,14114,92,images/92/14114.png
14114,14115,92,images/92/14115.png
14115,14116,92,images/92/14116.png
14116,14117,93,images/93/14117.png
14117,14118,93,images/93/14118.png
14118,14119,93,images/93/14119.png
14119,14120,93,images/93/14120.png
14120,14121,93,images/93/14121.png
14121,14122,93,images/93/14122.png
14122,14123,93,images/93/14123.png
14123,14124,93,images/93/14124.png
14124,14125,93,images/93/14125.png
14125,14126,93,images/93/14126.png
14126,14127,93,images/93/14127.png
14127,14128,93,images/93/14128.png
14128,14129,93,images/93/14129.png
14129,14130,93,images/93/14130.png
14130,14131,93,images/93/14131.png
14131,14132,93,images/93/14132.png
14132,14133,93,images/93/14133.png
14133,14134,93,images/93/14134.png
14134,14135,93,images/93/14135.png
14135,14136,93,images/93/14136.png
14136,14137,93,images/93/14137.png
14137,14138,93,images/93/14138.png
14138,14139,93,images/93/14139.png
14139,14140,93,images/93/14140.png
14140,14141,93,images/93/14141.png
14141,14142,93,images/93/14142.png
14142,14143,93,images/93/14143.png
14143,14144,93,images/93/14144.png
14144,14145,93,images/93/14145.png
14145,14146,93,images/93/14146.png
14146,14147,93,images/93/14147.png
14147,14148,93,images/93/14148.png
14148,14149,93,images/93/14149.png
14149,14150,93,images/93/14150.png
14150,14151,93,images/93/14151.png
14151,14152,93,images/93/14152.png
14152,14153,93,images/93/14153.png
14153,14154,93,images/93/14154.png
14154,14155,93,images/93/14155.png
14155,14156,93,images/93/14156.png
14156,14157,93,images/93/14157.png
14157,14158,93,images/93/14158.png
14158,14159,93,images/93/14159.png
14159,14160,93,images/93/14160.png
14160,14161,93,images/93/14161.png
14161,14162,93,images/93/14162.png
14162,14163,93,images/93/14163.png
14163,14164,93,images/93/14164.png
14164,14165,93,images/93/14165.png
14165,14166,93,images/93/14166.png
14166,14167,93,images/93/14167.png
14167,14168,93,images/93/14168.png
14168,14169,93,images/93/14169.png
14169,14170,93,images/93/14170.png
14170,14171,93,images/93/14171.png
14171,14172,93,images/93/14172.png
14172,14173,93,images/93/14173.png
14173,14174,93,images/93/14174.png
14174,14175,93,images/93/14175.png
14175,14176,93,images/93/14176.png
14176,14177,93,images/93/14177.png
14177,14178,93,images/93/14178.png
14178,14179,93,images/93/14179.png
14179,14180,93,images/93/14180.png
14180,14181,93,images/93/14181.png
14181,14182,93,images/93/14182.png
14182,14183,93,images/93/14183.png
14183,14184,93,images/93/14184.png
14184,14185,93,images/93/14185.png
14185,14186,93,images/93/14186.png
14186,14187,93,images/93/14187.png
14187,14188,93,images/93/14188.png
14188,14189,93,images/93/14189.png
14189,14190,93,images/93/14190.png
14190,14191,93,images/93/14191.png
14191,14192,93,images/93/14192.png
14192,14193,93,images/93/14193.png
14193,14194,93,images/93/14194.png
14194,14195,93,images/93/14195.png
14195,14196,93,images/93/14196.png
14196,14197,93,images/93/14197.png
14197,14198,93,images/93/14198.png
14198,14199,93,images/93/14199.png
14199,14200,93,images/93/14200.png
14200,14201,93,images/93/14201.png
14201,14202,93,images/93/14202.png
14202,14203,93,images/93/14203.png
14203,14204,93,images/93/14204.png
14204,14205,93,images/93/14205.png
14205,14206,93,images/93/14206.png
14206,14207,93,images/93/14207.png
14207,14208,93,images/93/14208.png
14208,14209,93,images/93/14209.png
14209,14210,93,images/93/14210.png
14210,14211,93,images/93/14211.png
14211,14212,93,images/93/14212.png
14212,14213,93,images/93/14213.png
14213,14214,93,images/93/14214.png
14214,14215,94,images/94/14215.png
14215,14216,94,images/94/14216.png
14216,14217,94,images/94/14217.png
14217,14218,94,images/94/14218.png
14218,14219,94,images/94/14219.png
14219,14220,94,images/94/14220.png
14220,14221,94,images/94/14221.png
14221,14222,94,images/94/14222.png
14222,14223,94,images/94/14223.png
14223,14224,94,images/94/14224.png
14224,14225,94,images/94/14225.png
14225,14226,94,images/94/14226.png
14226,14227,94,images/94/14227.png
14227,14228,94,images/94/14228.png
14228,14229,94,images/94/14229.png
14229,14230,94,images/94/14230.png
14230,14231,94,images/94/14231.png
14231,14232,94,images/94/14232.png
14232,14233,94,images/94/14233.png
14233,14234,94,images/94/14234.png
14234,14235,94,images/94/14235.png
14235,14236,94,images/94/14236.png
14236,14237,94,images/94/14237.png
14237,14238,94,images/94/14238.png
14238,14239,94,images/94/14239.png
14239,14240,94,images/94/14240.png
14240,14241,94,images/94/14241.png
14241,14242,94,images/94/14242.png
14242,14243,94,images/94/14243.png
14243,14244,94,images/94/14244.png
14244,14245,94,images/94/14245.png
14245,14246,94,images/94/14246.png
14246,14247,94,images/94/14247.png
14247,14248,94,images/94/14248.png
14248,14249,94,images/94/14249.png
14249,14250,94,images/94/14250.png
14250,14251,94,images/94/14251.png
14251,14252,94,images/94/14252.png
14252,14253,94,images/94/14253.png
14253,14254,94,images/94/14254.png
14254,14255,94,images/94/14255.png
14255,14256,94,images/94/14256.png
14256,14257,95,images/95/14257.png
14257,14258,95,images/95/14258.png
14258,14259,95,images/95/14259.png
14259,14260,95,images/95/14260.png
14260,14261,95,images/95/14261.png
14261,14262,95,images/95/14262.png
14262,14263,95,images/95/14263.png
14263,14264,95,images/95/14264.png
14264,14265,95,images/95/14265.png
14265,14266,95,images/95/14266.png
14266,14267,95,images/95/14267.png
14267,14268,95,images/95/14268.png
14268,14269,95,images/95/14269.png
14269,14270,95,images/95/14270.png
14270,14271,95,images/95/14271.png
14271,14272,95,images/95/14272.png
14272,14273,95,images/95/14273.png
14273,14274,95,images/95/14274.png
14274,14275,95,images/95/14275.png
14275,14276,95,images/95/14276.png
14276,14277,95,images/95/14277.png
14277,14278,95,images/95/14278.png
14278,14279,95,images/95/14279.png
14279,14280,95,images/95/14280.png
14280,14281,95,images/95/14281.png
14281,14282,95,images/95/14282.png
14282,14283,95,images/95/14283.png
14283,14284,95,images/95/14284.png
14284,14285,95,images/95/14285.png
14285,14286,95,images/95/14286.png
14286,14287,95,images/95/14287.png
14287,14288,95,images/95/14288.png
14288,14289,95,images/95/14289.png
14289,14290,95,images/95/14290.png
14290,14291,95,images/95/14291.png
14291,14292,95,images/95/14292.png
14292,14293,95,images/95/14293.png
14293,14294,95,images/95/14294.png
14294,14295,95,images/95/14295.png
14295,14296,95,images/95/14296.png
14296,14297,95,images/95/14297.png
14297,14298,95,images/95/14298.png
14298,14299,95,images/95/14299.png
14299,14300,95,images/95/14300.png
14300,14301,95,images/95/14301.png
14301,14302,95,images/95/14302.png
14302,14303,95,images/95/14303.png
14303,14304,95,images/95/14304.png
14304,14305,95,images/95/14305.png
14305,14306,95,images/95/14306.png
14306,14307,95,images/95/14307.png
14307,14308,95,images/95/14308.png
14308,14309,95,images/95/14309.png
14309,14310,95,images/95/14310.png
14310,14311,95,images/95/14311.png
14311,14312,95,images/95/14312.png
14312,14313,95,images/95/14313.png
14313,14314,95,images/95/14314.png
14314,14315,95,images/95/14315.png
14315,14316,96,images/96/14316.png
14316,14317,96,images/96/14317.png
14317,14318,96,images/96/14318.png
14318,14319,96,images/96/14319.png
14319,14320,96,images/96/14320.png
14320,14321,96,images/96/14321.png
14321,14322,96,images/96/14322.png
14322,14323,96,images/96/14323.png
14323,14324,96,images/96/14324.png
14324,14325,96,images/96/14325.png
14325,14326,96,images/96/14326.png
14326,14327,96,images/96/14327.png
14327,14328,96,images/96/14328.png
14328,14329,96,images/96/14329.png
14329,14330,96,images/96/14330.png
14330,14331,96,images/96/14331.png
14331,14332,96,images/96/14332.png
14332,14333,96,images/96/14333.png
14333,14334,96,images/96/14334.png
14334,14335,96,images/96/14335.png
14335,14336,96,images/96/14336.png
14336,14337,96,images/96/14337.png
14337,14338,96,images/96/14338.png
14338,14339,96,images/96/14339.png
14339,14340,96,images/96/14340.png
14340,14341,96,images/96/14341.png
14341,14342,96,images/96/14342.png
14342,14343,96,images/96/14343.png
14343,14344,96,images/96/14344.png
14344,14345,96,images/96/14345.png
14345,14346,96,images/96/14346.png
14346,14347,96,images/96/14347.png
14347,14348,96,images/96/14348.png
14348,14349,96,images/96/14349.png
14349,14350,96,images/96/14350.png
14350,14351,96,images/96/14351.png
14351,14352,96,images/96/14352.png
14352,14353,96,images/96/14353.png
14353,14354,96,images/96/14354.png
14354,14355,96,images/96/14355.png
14355,14356,96,images/96/14356.png
14356,14357,96,images/96/14357.png
14357,14358,96,images/96/14358.png
14358,14359,96,images/96/14359.png
14359,14360,96,images/96/14360.png
14360,14361,96,images/96/14361.png
14361,14362,96,images/96/14362.png
14362,14363,96,images/96/14363.png
14363,14364,96,images/96/14364.png
14364,14365,96,images/96/14365.png
14365,14366,96,images/96/14366.png
14366,14367,96,images/96/14367.png
14367,14368,96,images/96/14368.png
14368,14369,96,images/96/14369.png
14369,14370,97,images/97/14370.png
14370,14371,97,images/97/14371.png
14371,14372,97,images/97/14372.png
14372,14373,97,images/97/14373.png
14373,14374,97,images/97/14374.png
14374,14375,97,images/97/14375.png
14375,14376,97,images/97/14376.png
14376,14377,97,images/97/14377.png
14377,14378,97,images/97/14378.png
14378,14379,97,images/97/14379.png
14379,14380,97,images/97/14380.png
14380,14381,97,images/97/14381.png
14381,14382,97,images/97/14382.png
14382,14383,97,images/97/14383.png
14383,14384,97,images/97/14384.png
14384,14385,97,images/97/14385.png
14385,14386,97,images/97/14386.png
14386,14387,97,images/97/14387.png
14387,14388,97,images/97/14388.png
14388,14389,97,images/97/14389.png
14389,14390,97,images/97/14390.png
14390,14391,97,images/97/14391.png
14391,14392,97,images/97/14392.png
14392,14393,97,images/97/14393.png
14393,14394,97,images/97/14394.png
14394,14395,97,images/97/14395.png
14395,14396,97,images/97/14396.png
14396,14397,97,images/97/14397.png
14397,14398,97,images/97/14398.png
14398,14399,97,images/97/14399.png
14399,14400,97,images/97/14400.png
14400,14401,97,images/97/14401.png
14401,14402,97,images/97/14402.png
14402,14403,97,images/97/14403.png
14403,14404,97,images/97/14404.png
14404,14405,97,images/97/14405.png
14405,14406,97,images/97/14406.png
14406,14407,97,images/97/14407.png
14407,14408,97,images/97/14408.png
14408,14409,97,images/97/14409.png
14409,14410,97,images/97/14410.png
14410,14411,97,images/97/14411.png
14411,14412,97,images/97/14412.png
14412,14413,97,images/97/14413.png
14413,14414,97,images/97/14414.png
14414,14415,97,images/97/14415.png
14415,14416,97,images/97/14416.png
14416,14417,97,images/97/14417.png
14417,14418,97,images/97/14418.png
14418,14419,97,images/97/14419.png
14419,14420,97,images/97/14420.png
14420,14421,97,images/97/14421.png
14421,14422,97,images/97/14422.png
14422,14423,97,images/97/14423.png
14423,14424,97,images/97/14424.png
14424,14425,97,images/97/14425.png
14425,14426,97,images/97/14426.png
14426,14427,97,images/97/14427.png
14427,14428,97,images/97/14428.png
14428,14429,97,images/97/14429.png
14429,14430,97,images/97/14430.png
14430,14431,97,images/97/14431.png
14431,14432,97,images/97/14432.png
14432,14433,97,images/97/14433.png
14433,14434,97,images/97/14434.png
14434,14435,97,images/97/14435.png
14435,14436,97,images/97/14436.png
14436,14437,97,images/97/14437.png
14437,14438,97,images/97/14438.png
14438,14439,97,images/97/14439.png
14439,14440,97,images/97/14440.png
14440,14441,97,images/97/14441.png
14441,14442,97,images/97/14442.png
14442,14443,97,images/97/14443.png
14443,14444,97,images/97/14444.png
14444,14445,97,images/97/14445.png
14445,14446,97,images/97/14446.png
14446,14447,97,images/97/14447.png
14447,14448,97,images/97/14448.png
14448,14449,97,images/97/14449.png
14449,14450,97,images/97/14450.png
14450,14451,97,images/97/14451.png
14451,14452,97,images/97/14452.png
14452,14453,97,images/97/14453.png
14453,14454,97,images/97/14454.png
14454,14455,97,images/97/14455.png
14455,14456,97,images/97/14456.png
14456,14457,97,images/97/14457.png
14457,14458,97,images/97/14458.png
14458,14459,97,images/97/14459.png
14459,14460,97,images/97/14460.png
14460,14461,97,images/97/14461.png
14461,14462,97,images/97/14462.png
14462,14463,97,images/97/14463.png
14463,14464,97,images/97/14464.png
14464,14465,97,images/97/14465.png
14465,14466,97,images/97/14466.png
14466,14467,97,images/97/14467.png
14467,14468,97,images/97/14468.png
14468,14469,97,images/97/14469.png
14469,14470,97,images/97/14470.png
14470,14471,97,images/97/14471.png
14471,14472,97,images/97/14472.png
14472,14473,97,images/97/14473.png
14473,14474,97,images/97/14474.png
14474,14475,97,images/97/14475.png
14475,14476,97,images/97/14476.png
14476,14477,97,images/97/14477.png
14477,14478,97,images/97/14478.png
14478,14479,97,images/97/14479.png
14479,14480,97,images/97/14480.png
14480,14481,97,images/97/14481.png
14481,14482,97,images/97/14482.png
14482,14483,97,images/97/14483.png
14483,14484,97,images/97/14484.png
14484,14485,97,images/97/14485.png
14485,14486,97,images/97/14486.png
14486,14487,97,images/97/14487.png
14487,14488,97,images/97/14488.png
14488,14489,97,images/97/14489.png
14489,14490,97,images/97/14490.png
14490,14491,97,images/97/14491.png
14491,14492,97,images/97/14492.png
14492,14493,97,images/97/14493.png
14493,14494,97,images/97/14494.png
14494,14495,97,images/97/14495.png
14495,14496,97,images/97/14496.png
14496,14497,97,images/97/14497.png
14497,14498,97,images/97/14498.png
14498,14499,97,images/97/14499.png
14499,14500,97,images/97/14500.png
14500,14501,97,images/97/14501.png
14501,14502,97,images/97/14502.png
14502,14503,97,images/97/14503.png
14503,14504,97,images/97/14504.png
14504,14505,97,images/97/14505.png
14505,14506,97,images/97/14506.png
14506,14507,97,images/97/14507.png
14507,14508,97,images/97/14508.png
14508,14509,97,images/97/14509.png
14509,14510,97,images/97/14510.png
14510,14511,97,images/97/14511.png
14511,14512,97,images/97/14512.png
14512,14513,97,images/97/14513.png
14513,14514,97,images/97/14514.png
14514,14515,97,images/97/14515.png
14515,14516,97,images/97/14516.png
14516,14517,97,images/97/14517.png
14517,14518,97,images/97/14518.png
14518,14519,97,images/97/14519.png
14519,14520,97,images/97/14520.png
14520,14521,97,images/97/14521.png
14521,14522,97,images/97/14522.png
14522,14523,97,images/97/14523.png
14523,14524,97,images/97/14524.png
14524,14525,97,images/97/14525.png
14525,14526,97,images/97/14526.png
14526,14527,97,images/97/14527.png
14527,14528,97,images/97/14528.png
14528,14529,97,images/97/14529.png
14529,14530,97,images/97/14530.png
14530,14531,97,images/97/14531.png
14531,14532,97,images/97/14532.png
14532,14533,97,images/97/14533.png
14533,14534,97,images/97/14534.png
14534,14535,97,images/97/14535.png
14535,14536,97,images/97/14536.png
14536,14537,97,images/97/14537.png
14537,14538,97,images/97/14538.png
14538,14539,97,images/97/14539.png
14539,14540,97,images/97/14540.png
14540,14541,97,images/97/14541.png
14541,14542,97,images/97/14542.png
14542,14543,97,images/97/14543.png
14543,14544,97,images/97/14544.png
14544,14545,97,images/97/14545.png
14545,14546,97,images/97/14546.png
14546,14547,97,images/97/14547.png
14547,14548,97,images/97/14548.png
14548,14549,97,images/97/14549.png
14549,14550,97,images/97/14550.png
14550,14551,97,images/97/14551.png
14551,14552,97,images/97/14552.png
14552,14553,97,images/97/14553.png
14553,14554,97,images/97/14554.png
14554,14555,97,images/97/14555.png
14555,14556,97,images/97/14556.png
14556,14557,97,images/97/14557.png
14557,14558,97,images/97/14558.png
14558,14559,97,images/97/14559.png
14559,14560,97,images/97/14560.png
14560,14561,97,images/97/14561.png
14561,14562,97,images/97/14562.png
14562,14563,97,images/97/14563.png
14563,14564,97,images/97/14564.png
14564,14565,97,images/97/14565.png
14565,14566,97,images/97/14566.png
14566,14567,97,images/97/14567.png
14567,14568,97,images/97/14568.png
14568,14569,97,images/97/14569.png
14569,14570,97,images/97/14570.png
14570,14571,97,images/97/14571.png
14571,14572,97,images/97/14572.png
14572,14573,97,images/97/14573.png
14573,14574,97,images/97/14574.png
14574,14575,97,images/97/14575.png
14575,14576,97,images/97/14576.png
14576,14577,97,images/97/14577.png
14577,14578,97,images/97/14578.png
14578,14579,97,images/97/14579.png
14579,14580,97,images/97/14580.png
14580,14581,97,images/97/14581.png
14581,14582,97,images/97/14582.png
14582,14583,97,images/97/14583.png
14583,14584,97,images/97/14584.png
14584,14585,97,images/97/14585.png
14585,14586,97,images/97/14586.png
14586,14587,97,images/97/14587.png
14587,14588,97,images/97/14588.png
14588,14589,97,images/97/14589.png
14589,14590,97,images/97/14590.png
14590,14591,97,images/97/14591.png
14591,14592,97,images/97/14592.png
14592,14593,97,images/97/14593.png
14593,14594,97,images/97/14594.png
14594,14595,97,images/97/14595.png
14595,14596,97,images/97/14596.png
14596,14597,97,images/97/14597.png
14597,14598,97,images/97/14598.png
14598,14599,97,images/97/14599.png
14599,14600,97,images/97/14600.png
14600,14601,97,images/97/14601.png
14601,14602,97,images/97/14602.png
14602,14603,97,images/97/14603.png
14603,14604,97,images/97/14604.png
14604,14605,97,images/97/14605.png
14605,14606,97,images/97/14606.png
14606,14607,97,images/97/14607.png
14607,14608,97,images/97/14608.png
14608,14609,97,images/97/14609.png
14609,14610,97,images/97/14610.png
14610,14611,98,images/98/14611.png
14611,14612,98,images/98/14612.png
14612,14613,98,images/98/14613.png
14613,14614,98,images/98/14614.png
14614,14615,98,images/98/14615.png
14615,14616,98,images/98/14616.png
14616,14617,98,images/98/14617.png
14617,14618,98,images/98/14618.png
14618,14619,98,images/98/14619.png
14619,14620,98,images/98/14620.png
14620,14621,98,images/98/14621.png
14621,14622,98,images/98/14622.png
14622,14623,98,images/98/14623.png
14623,14624,98,images/98/14624.png
14624,14625,98,images/98/14625.png
14625,14626,98,images/98/14626.png
14626,14627,98,images/98/14627.png
14627,14628,98,images/98/14628.png
14628,14629,98,images/98/14629.png
14629,14630,98,images/98/14630.png
14630,14631,98,images/98/14631.png
14631,14632,98,images/98/14632.png
14632,14633,98,images/98/14633.png
14633,14634,98,images/98/14634.png
14634,14635,98,images/98/14635.png
14635,14636,98,images/98/14636.png
14636,14637,98,images/98/14637.png
14637,14638,98,images/98/14638.png
14638,14639,98,images/98/14639.png
14639,14640,98,images/98/14640.png
14640,14641,98,images/98/14641.png
14641,14642,98,images/98/14642.png
14642,14643,98,images/98/14643.png
14643,14644,98,images/98/14644.png
14644,14645,98,images/98/14645.png
14645,14646,98,images/98/14646.png
14646,14647,98,images/98/14647.png
14647,14648,98,images/98/14648.png
14648,14649,98,images/98/14649.png
14649,14650,98,images/98/14650.png
14650,14651,99,images/99/14651.png
14651,14652,99,images/99/14652.png
14652,14653,99,images/99/14653.png
14653,14654,99,images/99/14654.png
14654,14655,99,images/99/14655.png
14655,14656,99,images/99/14656.png
14656,14657,99,images/99/14657.png
14657,14658,99,images/99/14658.png
14658,14659,99,images/99/14659.png
14659,14660,99,images/99/14660.png
14660,14661,99,images/99/14661.png
14661,14662,99,images/99/14662.png
14662,14663,99,images/99/14663.png
14663,14664,99,images/99/14664.png
14664,14665,99,images/99/14665.png
14665,14666,99,images/99/14666.png
14666,14667,99,images/99/14667.png
14667,14668,99,images/99/14668.png
14668,14669,99,images/99/14669.png
14669,14670,99,images/99/14670.png
14670,14671,99,images/99/14671.png
14671,14672,99,images/99/14672.png
14672,14673,99,images/99/14673.png
14673,14674,99,images/99/14674.png
14674,14675,99,images/99/14675.png
14675,14676,99,images/99/14676.png
14676,14677,99,images/99/14677.png
14677,14678,99,images/99/14678.png
14678,14679,99,images/99/14679.png
14679,14680,99,images/99/14680.png
14680,14681,99,images/99/14681.png
14681,14682,99,images/99/14682.png
14682,14683,99,images/99/14683.png
14683,14684,99,images/99/14684.png
14684,14685,99,images/99/14685.png
14685,14686,99,images/99/14686.png
