image_id,record_index,casia_identity,class_index,image_path,quality_condition,source_image_id,blur_parameter,assigned_class_index,noise_status,noise_seed
243,244,1,0,data\splits\pilot_100id\images\1\244.png,high,243,original,0,clean,42
21,22,1,0,data\splits\pilot_100id\images\1\22.png,high,21,original,0,clean,42
94,95,1,0,data\splits\pilot_100id\images\1\95.png,high,94,original,0,clean,42
221,222,1,0,data\splits\pilot_100id\images\1\222.png,high,221,original,0,clean,42
132,133,1,0,data\splits\pilot_100id\images\1\133.png,high,132,original,0,clean,42
200,201,1,0,data\splits\pilot_100id\images\1\201.png,high,200,original,0,clean,42
257,258,1,0,data\splits\pilot_100id\images\1\258.png,high,257,original,0,clean,42
182,183,1,0,data\splits\pilot_100id\images\1\183.png,high,182,original,0,clean,42
24,25,1,0,data\splits\pilot_100id\images\1\25.png,high,24,original,0,clean,42
45,46,1,0,data\splits\pilot_100id\images\1\46.png,high,45,original,0,clean,42
195,196,1,0,data\splits\pilot_100id\images\1\196.png,high,195,original,0,clean,42
237,238,1,0,data\splits\pilot_100id\images\1\238.png,high,237,original,0,clean,42
245,246,1,0,data\splits\pilot_100id\images\1\246.png,high,245,original,0,clean,42
232,233,1,0,data\splits\pilot_100id\images\1\233.png,high,232,original,0,clean,42
151,152,1,0,data\splits\pilot_100id\images\1\152.png,high,151,original,0,clean,42
83,84,1,0,data\splits\pilot_100id\images\1\84.png,high,83,original,0,clean,42
214,215,1,0,data\splits\pilot_100id\images\1\215.png,high,214,original,0,clean,42
30,31,1,0,data\splits\pilot_100id\images\1\31.png,high,30,original,0,clean,42
111,112,1,0,data\splits\pilot_100id\images\1\112.png,high,111,original,0,clean,42
39,40,1,0,data\splits\pilot_100id\images\1\40.png,high,39,original,0,clean,42
250,251,1,0,data\splits\pilot_100id\images\1\251.png,high,250,original,0,clean,42
34,35,1,0,data\splits\pilot_100id\images\1\35.png,high,34,original,0,clean,42
135,136,1,0,data\splits\pilot_100id\images\1\136.png,high,135,original,0,clean,42
167,168,1,0,data\splits\pilot_100id\images\1\168.png,high,167,original,0,clean,42
48,49,1,0,data\splits\pilot_100id\images\1\49.png,high,48,original,0,clean,42
293,294,2,1,data\splits\pilot_100id\images\2\294.png,high,293,original,1,clean,42
271,272,2,1,data\splits\pilot_100id\images\2\272.png,high,271,original,1,clean,42
318,319,2,1,data\splits\pilot_100id\images\2\319.png,high,318,original,1,clean,42
275,276,2,1,data\splits\pilot_100id\images\2\276.png,high,275,original,1,clean,42
324,325,2,1,data\splits\pilot_100id\images\2\325.png,high,324,original,1,clean,42
289,290,2,1,data\splits\pilot_100id\images\2\290.png,high,289,original,1,clean,42
281,282,2,1,data\splits\pilot_100id\images\2\282.png,high,281,original,1,clean,42
304,305,2,1,data\splits\pilot_100id\images\2\305.png,high,304,original,1,clean,42
315,316,2,1,data\splits\pilot_100id\images\2\316.png,high,315,original,1,clean,42
283,284,2,1,data\splits\pilot_100id\images\2\284.png,high,283,original,1,clean,42
302,303,2,1,data\splits\pilot_100id\images\2\303.png,high,302,original,1,clean,42
280,281,2,1,data\splits\pilot_100id\images\2\281.png,high,280,original,1,clean,42
330,331,2,1,data\splits\pilot_100id\images\2\331.png,high,330,original,1,clean,42
276,277,2,1,data\splits\pilot_100id\images\2\277.png,high,276,original,1,clean,42
339,340,2,1,data\splits\pilot_100id\images\2\340.png,high,339,original,1,clean,42
301,302,2,1,data\splits\pilot_100id\images\2\302.png,high,301,original,1,clean,42
328,329,2,1,data\splits\pilot_100id\images\2\329.png,high,328,original,1,clean,42
306,307,2,1,data\splits\pilot_100id\images\2\307.png,high,306,original,1,clean,42
327,328,2,1,data\splits\pilot_100id\images\2\328.png,high,327,original,1,clean,42
317,318,2,1,data\splits\pilot_100id\images\2\318.png,high,317,original,1,clean,42
287,288,2,1,data\splits\pilot_100id\images\2\288.png,high,287,original,1,clean,42
305,306,2,1,data\splits\pilot_100id\images\2\306.png,high,305,original,1,clean,42
313,314,2,1,data\splits\pilot_100id\images\2\314.png,high,313,original,1,clean,42
299,300,2,1,data\splits\pilot_100id\images\2\300.png,high,299,original,1,clean,42
278,279,2,1,data\splits\pilot_100id\images\2\279.png,high,278,original,1,clean,42
410,411,3,2,data\splits\pilot_100id\images\3\411.png,high,410,original,2,clean,42
558,559,3,2,data\splits\pilot_100id\images\3\559.png,high,558,original,2,clean,42
724,725,3,2,data\splits\pilot_100id\images\3\725.png,high,724,original,2,clean,42
373,374,3,2,data\splits\pilot_100id\images\3\374.png,high,373,original,2,clean,42
382,383,3,2,data\splits\pilot_100id\images\3\383.png,high,382,original,2,clean,42
417,418,3,2,data\splits\pilot_100id\images\3\418.png,high,417,original,2,clean,42
477,478,3,2,data\splits\pilot_100id\images\3\478.png,high,477,original,2,clean,42
671,672,3,2,data\splits\pilot_100id\images\3\672.png,high,671,original,2,clean,42
705,706,3,2,data\splits\pilot_100id\images\3\706.png,high,705,original,2,clean,42
605,606,3,2,data\splits\pilot_100id\images\3\606.png,high,605,original,2,clean,42
704,705,3,2,data\splits\pilot_100id\images\3\705.png,high,704,original,2,clean,42
418,419,3,2,data\splits\pilot_100id\images\3\419.png,high,418,original,2,clean,42
623,624,3,2,data\splits\pilot_100id\images\3\624.png,high,623,original,2,clean,42
726,727,3,2,data\splits\pilot_100id\images\3\727.png,high,726,original,2,clean,42
495,496,3,2,data\splits\pilot_100id\images\3\496.png,high,495,original,2,clean,42
595,596,3,2,data\splits\pilot_100id\images\3\596.png,high,595,original,2,clean,42
517,518,3,2,data\splits\pilot_100id\images\3\518.png,high,517,original,2,clean,42
691,692,3,2,data\splits\pilot_100id\images\3\692.png,high,691,original,2,clean,42
349,350,3,2,data\splits\pilot_100id\images\3\350.png,high,349,original,2,clean,42
535,536,3,2,data\splits\pilot_100id\images\3\536.png,high,535,original,2,clean,42
395,396,3,2,data\splits\pilot_100id\images\3\396.png,high,395,original,2,clean,42
739,740,3,2,data\splits\pilot_100id\images\3\740.png,high,739,original,2,clean,42
593,594,3,2,data\splits\pilot_100id\images\3\594.png,high,593,original,2,clean,42
572,573,3,2,data\splits\pilot_100id\images\3\573.png,high,572,original,2,clean,42
702,703,3,2,data\splits\pilot_100id\images\3\703.png,high,702,original,2,clean,42
748,749,4,3,data\splits\pilot_100id\images\4\749.png,high,748,original,3,clean,42
807,808,4,3,data\splits\pilot_100id\images\4\808.png,high,807,original,3,clean,42
762,763,4,3,data\splits\pilot_100id\images\4\763.png,high,762,original,3,clean,42
744,745,4,3,data\splits\pilot_100id\images\4\745.png,high,744,original,3,clean,42
772,773,4,3,data\splits\pilot_100id\images\4\773.png,high,772,original,3,clean,42
817,818,4,3,data\splits\pilot_100id\images\4\818.png,high,817,original,3,clean,42
754,755,4,3,data\splits\pilot_100id\images\4\755.png,high,754,original,3,clean,42
778,779,4,3,data\splits\pilot_100id\images\4\779.png,high,778,original,3,clean,42
756,757,4,3,data\splits\pilot_100id\images\4\757.png,high,756,original,3,clean,42
799,800,4,3,data\splits\pilot_100id\images\4\800.png,high,799,original,3,clean,42
809,810,4,3,data\splits\pilot_100id\images\4\810.png,high,809,original,3,clean,42
775,776,4,3,data\splits\pilot_100id\images\4\776.png,high,775,original,3,clean,42
753,754,4,3,data\splits\pilot_100id\images\4\754.png,high,753,original,3,clean,42
789,790,4,3,data\splits\pilot_100id\images\4\790.png,high,789,original,3,clean,42
749,750,4,3,data\splits\pilot_100id\images\4\750.png,high,749,original,3,clean,42
766,767,4,3,data\splits\pilot_100id\images\4\767.png,high,766,original,3,clean,42
801,802,4,3,data\splits\pilot_100id\images\4\802.png,high,801,original,3,clean,42
794,795,4,3,data\splits\pilot_100id\images\4\795.png,high,794,original,3,clean,42
777,778,4,3,data\splits\pilot_100id\images\4\778.png,high,777,original,3,clean,42
783,784,4,3,data\splits\pilot_100id\images\4\784.png,high,783,original,3,clean,42
814,815,4,3,data\splits\pilot_100id\images\4\815.png,high,814,original,3,clean,42
760,761,4,3,data\splits\pilot_100id\images\4\761.png,high,760,original,3,clean,42
779,780,4,3,data\splits\pilot_100id\images\4\780.png,high,779,original,3,clean,42
788,789,4,3,data\splits\pilot_100id\images\4\789.png,high,788,original,3,clean,42
805,806,4,3,data\splits\pilot_100id\images\4\806.png,high,805,original,3,clean,42
948,949,6,4,data\splits\pilot_100id\images\6\949.png,high,948,original,4,clean,42
947,948,6,4,data\splits\pilot_100id\images\6\948.png,high,947,original,4,clean,42
855,856,6,4,data\splits\pilot_100id\images\6\856.png,high,855,original,4,clean,42
869,870,6,4,data\splits\pilot_100id\images\6\870.png,high,869,original,4,clean,42
966,967,6,4,data\splits\pilot_100id\images\6\967.png,high,966,original,4,clean,42
909,910,6,4,data\splits\pilot_100id\images\6\910.png,high,909,original,4,clean,42
907,908,6,4,data\splits\pilot_100id\images\6\908.png,high,907,original,4,clean,42
958,959,6,4,data\splits\pilot_100id\images\6\959.png,high,958,original,4,clean,42
976,977,6,4,data\splits\pilot_100id\images\6\977.png,high,976,original,4,clean,42
928,929,6,4,data\splits\pilot_100id\images\6\929.png,high,928,original,4,clean,42
927,928,6,4,data\splits\pilot_100id\images\6\928.png,high,927,original,4,clean,42
888,889,6,4,data\splits\pilot_100id\images\6\889.png,high,888,original,4,clean,42
912,913,6,4,data\splits\pilot_100id\images\6\913.png,high,912,original,4,clean,42
910,911,6,4,data\splits\pilot_100id\images\6\911.png,high,910,original,4,clean,42
874,875,6,4,data\splits\pilot_100id\images\6\875.png,high,874,original,4,clean,42
885,886,6,4,data\splits\pilot_100id\images\6\886.png,high,885,original,4,clean,42
870,871,6,4,data\splits\pilot_100id\images\6\871.png,high,870,original,4,clean,42
862,863,6,4,data\splits\pilot_100id\images\6\863.png,high,862,original,4,clean,42
975,976,6,4,data\splits\pilot_100id\images\6\976.png,high,975,original,4,clean,42
899,900,6,4,data\splits\pilot_100id\images\6\900.png,high,899,original,4,clean,42
968,969,6,4,data\splits\pilot_100id\images\6\969.png,high,968,original,4,clean,42
847,848,6,4,data\splits\pilot_100id\images\6\848.png,high,847,original,4,clean,42
952,953,6,4,data\splits\pilot_100id\images\6\953.png,high,952,original,4,clean,42
879,880,6,4,data\splits\pilot_100id\images\6\880.png,high,879,original,4,clean,42
932,933,6,4,data\splits\pilot_100id\images\6\933.png,high,932,original,4,clean,42
1039,1040,8,5,data\splits\pilot_100id\images\8\1040.png,high,1039,original,5,clean,42
1012,1013,8,5,data\splits\pilot_100id\images\8\1013.png,high,1012,original,5,clean,42
1187,1188,8,5,data\splits\pilot_100id\images\8\1188.png,high,1187,original,5,clean,42
1092,1093,8,5,data\splits\pilot_100id\images\8\1093.png,high,1092,original,5,clean,42
1161,1162,8,5,data\splits\pilot_100id\images\8\1162.png,high,1161,original,5,clean,42
1184,1185,8,5,data\splits\pilot_100id\images\8\1185.png,high,1184,original,5,clean,42
1200,1201,8,5,data\splits\pilot_100id\images\8\1201.png,high,1200,original,5,clean,42
1110,1111,8,5,data\splits\pilot_100id\images\8\1111.png,high,1110,original,5,clean,42
1015,1016,8,5,data\splits\pilot_100id\images\8\1016.png,high,1015,original,5,clean,42
1240,1241,8,5,data\splits\pilot_100id\images\8\1241.png,high,1240,original,5,clean,42
1237,1238,8,5,data\splits\pilot_100id\images\8\1238.png,high,1237,original,5,clean,42
1219,1220,8,5,data\splits\pilot_100id\images\8\1220.png,high,1219,original,5,clean,42
1243,1244,8,5,data\splits\pilot_100id\images\8\1244.png,high,1243,original,5,clean,42
1179,1180,8,5,data\splits\pilot_100id\images\8\1180.png,high,1179,original,5,clean,42
1072,1073,8,5,data\splits\pilot_100id\images\8\1073.png,high,1072,original,5,clean,42
1228,1229,8,5,data\splits\pilot_100id\images\8\1229.png,high,1228,original,5,clean,42
1225,1226,8,5,data\splits\pilot_100id\images\8\1226.png,high,1225,original,5,clean,42
1021,1022,8,5,data\splits\pilot_100id\images\8\1022.png,high,1021,original,5,clean,42
1188,1189,8,5,data\splits\pilot_100id\images\8\1189.png,high,1188,original,5,clean,42
1030,1031,8,5,data\splits\pilot_100id\images\8\1031.png,high,1030,original,5,clean,42
1126,1127,8,5,data\splits\pilot_100id\images\8\1127.png,high,1126,original,5,clean,42
1025,1026,8,5,data\splits\pilot_100id\images\8\1026.png,high,1025,original,5,clean,42
1118,1119,8,5,data\splits\pilot_100id\images\8\1119.png,high,1118,original,5,clean,42
1073,1074,8,5,data\splits\pilot_100id\images\8\1074.png,high,1073,original,5,clean,42
1227,1228,8,5,data\splits\pilot_100id\images\8\1228.png,high,1227,original,5,clean,42
1358,1359,9,6,data\splits\pilot_100id\images\9\1359.png,high,1358,original,6,clean,42
1361,1362,9,6,data\splits\pilot_100id\images\9\1362.png,high,1361,original,6,clean,42
1394,1395,9,6,data\splits\pilot_100id\images\9\1395.png,high,1394,original,6,clean,42
1308,1309,9,6,data\splits\pilot_100id\images\9\1309.png,high,1308,original,6,clean,42
1347,1348,9,6,data\splits\pilot_100id\images\9\1348.png,high,1347,original,6,clean,42
1282,1283,9,6,data\splits\pilot_100id\images\9\1283.png,high,1282,original,6,clean,42
1354,1355,9,6,data\splits\pilot_100id\images\9\1355.png,high,1354,original,6,clean,42
1304,1305,9,6,data\splits\pilot_100id\images\9\1305.png,high,1304,original,6,clean,42
1353,1354,9,6,data\splits\pilot_100id\images\9\1354.png,high,1353,original,6,clean,42
1395,1396,9,6,data\splits\pilot_100id\images\9\1396.png,high,1395,original,6,clean,42
1272,1273,9,6,data\splits\pilot_100id\images\9\1273.png,high,1272,original,6,clean,42
1337,1338,9,6,data\splits\pilot_100id\images\9\1338.png,high,1337,original,6,clean,42
1268,1269,9,6,data\splits\pilot_100id\images\9\1269.png,high,1268,original,6,clean,42
1319,1320,9,6,data\splits\pilot_100id\images\9\1320.png,high,1319,original,6,clean,42
1277,1278,9,6,data\splits\pilot_100id\images\9\1278.png,high,1277,original,6,clean,42
1283,1284,9,6,data\splits\pilot_100id\images\9\1284.png,high,1283,original,6,clean,42
1381,1382,9,6,data\splits\pilot_100id\images\9\1382.png,high,1381,original,6,clean,42
1400,1401,9,6,data\splits\pilot_100id\images\9\1401.png,high,1400,original,6,clean,42
1351,1352,9,6,data\splits\pilot_100id\images\9\1352.png,high,1351,original,6,clean,42
1269,1270,9,6,data\splits\pilot_100id\images\9\1270.png,high,1269,original,6,clean,42
1328,1329,9,6,data\splits\pilot_100id\images\9\1329.png,high,1328,original,6,clean,42
1271,1272,9,6,data\splits\pilot_100id\images\9\1272.png,high,1271,original,6,clean,42
1265,1266,9,6,data\splits\pilot_100id\images\9\1266.png,high,1265,original,6,clean,42
1262,1263,9,6,data\splits\pilot_100id\images\9\1263.png,high,1262,original,6,clean,42
1284,1285,9,6,data\splits\pilot_100id\images\9\1285.png,high,1284,original,6,clean,42
1496,1497,10,7,data\splits\pilot_100id\images\10\1497.png,high,1496,original,7,clean,42
1466,1467,10,7,data\splits\pilot_100id\images\10\1467.png,high,1466,original,7,clean,42
1483,1484,10,7,data\splits\pilot_100id\images\10\1484.png,high,1483,original,7,clean,42
1458,1459,10,7,data\splits\pilot_100id\images\10\1459.png,high,1458,original,7,clean,42
1457,1458,10,7,data\splits\pilot_100id\images\10\1458.png,high,1457,original,7,clean,42
1452,1453,10,7,data\splits\pilot_100id\images\10\1453.png,high,1452,original,7,clean,42
1435,1436,10,7,data\splits\pilot_100id\images\10\1436.png,high,1435,original,7,clean,42
1493,1494,10,7,data\splits\pilot_100id\images\10\1494.png,high,1493,original,7,clean,42
1423,1424,10,7,data\splits\pilot_100id\images\10\1424.png,high,1423,original,7,clean,42
1413,1414,10,7,data\splits\pilot_100id\images\10\1414.png,high,1413,original,7,clean,42
1431,1432,10,7,data\splits\pilot_100id\images\10\1432.png,high,1431,original,7,clean,42
1443,1444,10,7,data\splits\pilot_100id\images\10\1444.png,high,1443,original,7,clean,42
1486,1487,10,7,data\splits\pilot_100id\images\10\1487.png,high,1486,original,7,clean,42
1446,1447,10,7,data\splits\pilot_100id\images\10\1447.png,high,1446,original,7,clean,42
1503,1504,10,7,data\splits\pilot_100id\images\10\1504.png,high,1503,original,7,clean,42
1417,1418,10,7,data\splits\pilot_100id\images\10\1418.png,high,1417,original,7,clean,42
1489,1490,10,7,data\splits\pilot_100id\images\10\1490.png,high,1489,original,7,clean,42
1490,1491,10,7,data\splits\pilot_100id\images\10\1491.png,high,1490,original,7,clean,42
1425,1426,10,7,data\splits\pilot_100id\images\10\1426.png,high,1425,original,7,clean,42
1444,1445,10,7,data\splits\pilot_100id\images\10\1445.png,high,1444,original,7,clean,42
1468,1469,10,7,data\splits\pilot_100id\images\10\1469.png,high,1468,original,7,clean,42
1501,1502,10,7,data\splits\pilot_100id\images\10\1502.png,high,1501,original,7,clean,42
1439,1440,10,7,data\splits\pilot_100id\images\10\1440.png,high,1439,original,7,clean,42
1455,1456,10,7,data\splits\pilot_100id\images\10\1456.png,high,1455,original,7,clean,42
1482,1483,10,7,data\splits\pilot_100id\images\10\1483.png,high,1482,original,7,clean,42
1665,1666,12,8,data\splits\pilot_100id\images\12\1666.png,high,1665,original,8,clean,42
1553,1554,12,8,data\splits\pilot_100id\images\12\1554.png,high,1553,original,8,clean,42
1615,1616,12,8,data\splits\pilot_100id\images\12\1616.png,high,1615,original,8,clean,42
1630,1631,12,8,data\splits\pilot_100id\images\12\1631.png,high,1630,original,8,clean,42
1590,1591,12,8,data\splits\pilot_100id\images\12\1591.png,high,1590,original,8,clean,42
1546,1547,12,8,data\splits\pilot_100id\images\12\1547.png,high,1546,original,8,clean,42
1632,1633,12,8,data\splits\pilot_100id\images\12\1633.png,high,1632,original,8,clean,42
1599,1600,12,8,data\splits\pilot_100id\images\12\1600.png,high,1599,original,8,clean,42
1600,1601,12,8,data\splits\pilot_100id\images\12\1601.png,high,1600,original,8,clean,42
1552,1553,12,8,data\splits\pilot_100id\images\12\1553.png,high,1552,original,8,clean,42
1585,1586,12,8,data\splits\pilot_100id\images\12\1586.png,high,1585,original,8,clean,42
1611,1612,12,8,data\splits\pilot_100id\images\12\1612.png,high,1611,original,8,clean,42
1627,1628,12,8,data\splits\pilot_100id\images\12\1628.png,high,1627,original,8,clean,42
1649,1650,12,8,data\splits\pilot_100id\images\12\1650.png,high,1649,original,8,clean,42
1664,1665,12,8,data\splits\pilot_100id\images\12\1665.png,high,1664,original,8,clean,42
1598,1599,12,8,data\splits\pilot_100id\images\12\1599.png,high,1598,original,8,clean,42
1561,1562,12,8,data\splits\pilot_100id\images\12\1562.png,high,1561,original,8,clean,42
1603,1604,12,8,data\splits\pilot_100id\images\12\1604.png,high,1603,original,8,clean,42
1658,1659,12,8,data\splits\pilot_100id\images\12\1659.png,high,1658,original,8,clean,42
1607,1608,12,8,data\splits\pilot_100id\images\12\1608.png,high,1607,original,8,clean,42
1545,1546,12,8,data\splits\pilot_100id\images\12\1546.png,high,1545,original,8,clean,42
1652,1653,12,8,data\splits\pilot_100id\images\12\1653.png,high,1652,original,8,clean,42
1643,1644,12,8,data\splits\pilot_100id\images\12\1644.png,high,1643,original,8,clean,42
1646,1647,12,8,data\splits\pilot_100id\images\12\1647.png,high,1646,original,8,clean,42
1589,1590,12,8,data\splits\pilot_100id\images\12\1590.png,high,1589,original,8,clean,42
1698,1699,13,9,data\splits\pilot_100id\images\13\1699.png,high,1698,original,9,clean,42
1676,1677,13,9,data\splits\pilot_100id\images\13\1677.png,high,1676,original,9,clean,42
1725,1726,13,9,data\splits\pilot_100id\images\13\1726.png,high,1725,original,9,clean,42
1680,1681,13,9,data\splits\pilot_100id\images\13\1681.png,high,1680,original,9,clean,42
1730,1731,13,9,data\splits\pilot_100id\images\13\1731.png,high,1730,original,9,clean,42
1694,1695,13,9,data\splits\pilot_100id\images\13\1695.png,high,1694,original,9,clean,42
1686,1687,13,9,data\splits\pilot_100id\images\13\1687.png,high,1686,original,9,clean,42
1709,1710,13,9,data\splits\pilot_100id\images\13\1710.png,high,1709,original,9,clean,42
1721,1722,13,9,data\splits\pilot_100id\images\13\1722.png,high,1721,original,9,clean,42
1688,1689,13,9,data\splits\pilot_100id\images\13\1689.png,high,1688,original,9,clean,42
1707,1708,13,9,data\splits\pilot_100id\images\13\1708.png,high,1707,original,9,clean,42
1685,1686,13,9,data\splits\pilot_100id\images\13\1686.png,high,1685,original,9,clean,42
1743,1744,13,9,data\splits\pilot_100id\images\13\1744.png,high,1743,original,9,clean,42
1681,1682,13,9,data\splits\pilot_100id\images\13\1682.png,high,1681,original,9,clean,42
1738,1739,13,9,data\splits\pilot_100id\images\13\1739.png,high,1738,original,9,clean,42
1706,1707,13,9,data\splits\pilot_100id\images\13\1707.png,high,1706,original,9,clean,42
1734,1735,13,9,data\splits\pilot_100id\images\13\1735.png,high,1734,original,9,clean,42
1711,1712,13,9,data\splits\pilot_100id\images\13\1712.png,high,1711,original,9,clean,42
1733,1734,13,9,data\splits\pilot_100id\images\13\1734.png,high,1733,original,9,clean,42
1723,1724,13,9,data\splits\pilot_100id\images\13\1724.png,high,1723,original,9,clean,42
1692,1693,13,9,data\splits\pilot_100id\images\13\1693.png,high,1692,original,9,clean,42
1710,1711,13,9,data\splits\pilot_100id\images\13\1711.png,high,1710,original,9,clean,42
1718,1719,13,9,data\splits\pilot_100id\images\13\1719.png,high,1718,original,9,clean,42
1704,1705,13,9,data\splits\pilot_100id\images\13\1705.png,high,1704,original,9,clean,42
1683,1684,13,9,data\splits\pilot_100id\images\13\1684.png,high,1683,original,9,clean,42
2031,2032,14,10,data\splits\pilot_100id\images\14\2032.png,high,2031,original,10,clean,42
2027,2028,14,10,data\splits\pilot_100id\images\14\2028.png,high,2027,original,10,clean,42
1779,1780,14,10,data\splits\pilot_100id\images\14\1780.png,high,1779,original,10,clean,42
1957,1958,14,10,data\splits\pilot_100id\images\14\1958.png,high,1957,original,10,clean,42
1839,1840,14,10,data\splits\pilot_100id\images\14\1840.png,high,1839,original,10,clean,42
1830,1831,14,10,data\splits\pilot_100id\images\14\1831.png,high,1830,original,10,clean,42
2137,2138,14,10,data\splits\pilot_100id\images\14\2138.png,high,2137,original,10,clean,42
1840,1841,14,10,data\splits\pilot_100id\images\14\1841.png,high,1840,original,10,clean,42
1971,1972,14,10,data\splits\pilot_100id\images\14\1972.png,high,1971,original,10,clean,42
1872,1873,14,10,data\splits\pilot_100id\images\14\1873.png,high,1872,original,10,clean,42
1755,1756,14,10,data\splits\pilot_100id\images\14\1756.png,high,1755,original,10,clean,42
2108,2109,14,10,data\splits\pilot_100id\images\14\2109.png,high,2108,original,10,clean,42
1802,1803,14,10,data\splits\pilot_100id\images\14\1803.png,high,1802,original,10,clean,42
1818,1819,14,10,data\splits\pilot_100id\images\14\1819.png,high,1818,original,10,clean,42
1878,1879,14,10,data\splits\pilot_100id\images\14\1879.png,high,1878,original,10,clean,42
1788,1789,14,10,data\splits\pilot_100id\images\14\1789.png,high,1788,original,10,clean,42
2001,2002,14,10,data\splits\pilot_100id\images\14\2002.png,high,2001,original,10,clean,42
2023,2024,14,10,data\splits\pilot_100id\images\14\2024.png,high,2023,original,10,clean,42
1978,1979,14,10,data\splits\pilot_100id\images\14\1979.png,high,1978,original,10,clean,42
1954,1955,14,10,data\splits\pilot_100id\images\14\1955.png,high,1954,original,10,clean,42
1823,1824,14,10,data\splits\pilot_100id\images\14\1824.png,high,1823,original,10,clean,42
1761,1762,14,10,data\splits\pilot_100id\images\14\1762.png,high,1761,original,10,clean,42
2139,2140,14,10,data\splits\pilot_100id\images\14\2140.png,high,2139,original,10,clean,42
2095,2096,14,10,data\splits\pilot_100id\images\14\2096.png,high,2095,original,10,clean,42
1746,1747,14,10,data\splits\pilot_100id\images\14\1747.png,high,1746,original,10,clean,42
2253,2254,16,11,data\splits\pilot_100id\images\16\2254.png,high,2253,original,11,clean,42
2223,2224,16,11,data\splits\pilot_100id\images\16\2224.png,high,2223,original,11,clean,42
2240,2241,16,11,data\splits\pilot_100id\images\16\2241.png,high,2240,original,11,clean,42
2215,2216,16,11,data\splits\pilot_100id\images\16\2216.png,high,2215,original,11,clean,42
2214,2215,16,11,data\splits\pilot_100id\images\16\2215.png,high,2214,original,11,clean,42
2209,2210,16,11,data\splits\pilot_100id\images\16\2210.png,high,2209,original,11,clean,42
2192,2193,16,11,data\splits\pilot_100id\images\16\2193.png,high,2192,original,11,clean,42
2250,2251,16,11,data\splits\pilot_100id\images\16\2251.png,high,2250,original,11,clean,42
2180,2181,16,11,data\splits\pilot_100id\images\16\2181.png,high,2180,original,11,clean,42
2170,2171,16,11,data\splits\pilot_100id\images\16\2171.png,high,2170,original,11,clean,42
2188,2189,16,11,data\splits\pilot_100id\images\16\2189.png,high,2188,original,11,clean,42
2200,2201,16,11,data\splits\pilot_100id\images\16\2201.png,high,2200,original,11,clean,42
2243,2244,16,11,data\splits\pilot_100id\images\16\2244.png,high,2243,original,11,clean,42
2203,2204,16,11,data\splits\pilot_100id\images\16\2204.png,high,2203,original,11,clean,42
2260,2261,16,11,data\splits\pilot_100id\images\16\2261.png,high,2260,original,11,clean,42
2174,2175,16,11,data\splits\pilot_100id\images\16\2175.png,high,2174,original,11,clean,42
2246,2247,16,11,data\splits\pilot_100id\images\16\2247.png,high,2246,original,11,clean,42
2247,2248,16,11,data\splits\pilot_100id\images\16\2248.png,high,2247,original,11,clean,42
2182,2183,16,11,data\splits\pilot_100id\images\16\2183.png,high,2182,original,11,clean,42
2201,2202,16,11,data\splits\pilot_100id\images\16\2202.png,high,2201,original,11,clean,42
2225,2226,16,11,data\splits\pilot_100id\images\16\2226.png,high,2225,original,11,clean,42
2258,2259,16,11,data\splits\pilot_100id\images\16\2259.png,high,2258,original,11,clean,42
2196,2197,16,11,data\splits\pilot_100id\images\16\2197.png,high,2196,original,11,clean,42
2212,2213,16,11,data\splits\pilot_100id\images\16\2213.png,high,2212,original,11,clean,42
2239,2240,16,11,data\splits\pilot_100id\images\16\2240.png,high,2239,original,11,clean,42
2287,2288,17,12,data\splits\pilot_100id\images\17\2288.png,high,2287,original,12,clean,42
2283,2284,17,12,data\splits\pilot_100id\images\17\2284.png,high,2283,original,12,clean,42
2274,2275,17,12,data\splits\pilot_100id\images\17\2275.png,high,2274,original,12,clean,42
2299,2300,17,12,data\splits\pilot_100id\images\17\2300.png,high,2299,original,12,clean,42
2305,2306,17,12,data\splits\pilot_100id\images\17\2306.png,high,2305,original,12,clean,42
2295,2296,17,12,data\splits\pilot_100id\images\17\2296.png,high,2295,original,12,clean,42
2276,2277,17,12,data\splits\pilot_100id\images\17\2277.png,high,2276,original,12,clean,42
2296,2297,17,12,data\splits\pilot_100id\images\17\2297.png,high,2296,original,12,clean,42
2294,2295,17,12,data\splits\pilot_100id\images\17\2295.png,high,2294,original,12,clean,42
2286,2287,17,12,data\splits\pilot_100id\images\17\2287.png,high,2286,original,12,clean,42
2278,2279,17,12,data\splits\pilot_100id\images\17\2279.png,high,2278,original,12,clean,42
2285,2286,17,12,data\splits\pilot_100id\images\17\2286.png,high,2285,original,12,clean,42
2282,2283,17,12,data\splits\pilot_100id\images\17\2283.png,high,2282,original,12,clean,42
2302,2303,17,12,data\splits\pilot_100id\images\17\2303.png,high,2302,original,12,clean,42
2279,2280,17,12,data\splits\pilot_100id\images\17\2280.png,high,2279,original,12,clean,42
2289,2290,17,12,data\splits\pilot_100id\images\17\2290.png,high,2289,original,12,clean,42
2270,2271,17,12,data\splits\pilot_100id\images\17\2271.png,high,2270,original,12,clean,42
2301,2302,17,12,data\splits\pilot_100id\images\17\2302.png,high,2301,original,12,clean,42
2275,2276,17,12,data\splits\pilot_100id\images\17\2276.png,high,2275,original,12,clean,42
2281,2282,17,12,data\splits\pilot_100id\images\17\2282.png,high,2281,original,12,clean,42
2271,2272,17,12,data\splits\pilot_100id\images\17\2272.png,high,2271,original,12,clean,42
2297,2298,17,12,data\splits\pilot_100id\images\17\2298.png,high,2297,original,12,clean,42
2291,2292,17,12,data\splits\pilot_100id\images\17\2292.png,high,2291,original,12,clean,42
2272,2273,17,12,data\splits\pilot_100id\images\17\2273.png,high,2272,original,12,clean,42
2306,2307,17,12,data\splits\pilot_100id\images\17\2307.png,high,2306,original,12,clean,42
2377,2378,18,13,data\splits\pilot_100id\images\18\2378.png,high,2377,original,13,clean,42
2525,2526,18,13,data\splits\pilot_100id\images\18\2526.png,high,2525,original,13,clean,42
2565,2566,18,13,data\splits\pilot_100id\images\18\2566.png,high,2565,original,13,clean,42
2340,2341,18,13,data\splits\pilot_100id\images\18\2341.png,high,2340,original,13,clean,42
2349,2350,18,13,data\splits\pilot_100id\images\18\2350.png,high,2349,original,13,clean,42
2384,2385,18,13,data\splits\pilot_100id\images\18\2385.png,high,2384,original,13,clean,42
2444,2445,18,13,data\splits\pilot_100id\images\18\2445.png,high,2444,original,13,clean,42
2640,2641,18,13,data\splits\pilot_100id\images\18\2641.png,high,2640,original,13,clean,42
2552,2553,18,13,data\splits\pilot_100id\images\18\2553.png,high,2552,original,13,clean,42
2573,2574,18,13,data\splits\pilot_100id\images\18\2574.png,high,2573,original,13,clean,42
2673,2674,18,13,data\splits\pilot_100id\images\18\2674.png,high,2673,original,13,clean,42
2385,2386,18,13,data\splits\pilot_100id\images\18\2386.png,high,2385,original,13,clean,42
2591,2592,18,13,data\splits\pilot_100id\images\18\2592.png,high,2591,original,13,clean,42
2695,2696,18,13,data\splits\pilot_100id\images\18\2696.png,high,2695,original,13,clean,42
2462,2463,18,13,data\splits\pilot_100id\images\18\2463.png,high,2462,original,13,clean,42
2491,2492,18,13,data\splits\pilot_100id\images\18\2492.png,high,2491,original,13,clean,42
2484,2485,18,13,data\splits\pilot_100id\images\18\2485.png,high,2484,original,13,clean,42
2538,2539,18,13,data\splits\pilot_100id\images\18\2539.png,high,2538,original,13,clean,42
2316,2317,18,13,data\splits\pilot_100id\images\18\2317.png,high,2316,original,13,clean,42
2502,2503,18,13,data\splits\pilot_100id\images\18\2503.png,high,2502,original,13,clean,42
2362,2363,18,13,data\splits\pilot_100id\images\18\2363.png,high,2362,original,13,clean,42
2708,2709,18,13,data\splits\pilot_100id\images\18\2709.png,high,2708,original,13,clean,42
2592,2593,18,13,data\splits\pilot_100id\images\18\2593.png,high,2592,original,13,clean,42
2541,2542,18,13,data\splits\pilot_100id\images\18\2542.png,high,2541,original,13,clean,42
2587,2588,18,13,data\splits\pilot_100id\images\18\2588.png,high,2587,original,13,clean,42
2797,2798,19,14,data\splits\pilot_100id\images\19\2798.png,high,2797,original,14,clean,42
2799,2800,19,14,data\splits\pilot_100id\images\19\2800.png,high,2799,original,14,clean,42
2810,2811,19,14,data\splits\pilot_100id\images\19\2811.png,high,2810,original,14,clean,42
2828,2829,19,14,data\splits\pilot_100id\images\19\2829.png,high,2828,original,14,clean,42
2742,2743,19,14,data\splits\pilot_100id\images\19\2743.png,high,2742,original,14,clean,42
2827,2828,19,14,data\splits\pilot_100id\images\19\2828.png,high,2827,original,14,clean,42
2791,2792,19,14,data\splits\pilot_100id\images\19\2792.png,high,2791,original,14,clean,42
2794,2795,19,14,data\splits\pilot_100id\images\19\2795.png,high,2794,original,14,clean,42
2731,2732,19,14,data\splits\pilot_100id\images\19\2732.png,high,2731,original,14,clean,42
2728,2729,19,14,data\splits\pilot_100id\images\19\2729.png,high,2728,original,14,clean,42
2732,2733,19,14,data\splits\pilot_100id\images\19\2733.png,high,2732,original,14,clean,42
2725,2726,19,14,data\splits\pilot_100id\images\19\2726.png,high,2725,original,14,clean,42
2722,2723,19,14,data\splits\pilot_100id\images\19\2723.png,high,2722,original,14,clean,42
2755,2756,19,14,data\splits\pilot_100id\images\19\2756.png,high,2755,original,14,clean,42
2764,2765,19,14,data\splits\pilot_100id\images\19\2765.png,high,2764,original,14,clean,42
2782,2783,19,14,data\splits\pilot_100id\images\19\2783.png,high,2782,original,14,clean,42
2822,2823,19,14,data\splits\pilot_100id\images\19\2823.png,high,2822,original,14,clean,42
2849,2850,19,14,data\splits\pilot_100id\images\19\2850.png,high,2849,original,14,clean,42
2778,2779,19,14,data\splits\pilot_100id\images\19\2779.png,high,2778,original,14,clean,42
2809,2810,19,14,data\splits\pilot_100id\images\19\2810.png,high,2809,original,14,clean,42
2788,2789,19,14,data\splits\pilot_100id\images\19\2789.png,high,2788,original,14,clean,42
2836,2837,19,14,data\splits\pilot_100id\images\19\2837.png,high,2836,original,14,clean,42
2744,2745,19,14,data\splits\pilot_100id\images\19\2745.png,high,2744,original,14,clean,42
2779,2780,19,14,data\splits\pilot_100id\images\19\2780.png,high,2779,original,14,clean,42
2768,2769,19,14,data\splits\pilot_100id\images\19\2769.png,high,2768,original,14,clean,42
2866,2867,20,15,data\splits\pilot_100id\images\20\2867.png,high,2866,original,15,clean,42
2871,2872,20,15,data\splits\pilot_100id\images\20\2872.png,high,2871,original,15,clean,42
2900,2901,20,15,data\splits\pilot_100id\images\20\2901.png,high,2900,original,15,clean,42
2879,2880,20,15,data\splits\pilot_100id\images\20\2880.png,high,2879,original,15,clean,42
2910,2911,20,15,data\splits\pilot_100id\images\20\2911.png,high,2910,original,15,clean,42
2918,2919,20,15,data\splits\pilot_100id\images\20\2919.png,high,2918,original,15,clean,42
2903,2904,20,15,data\splits\pilot_100id\images\20\2904.png,high,2903,original,15,clean,42
2891,2892,20,15,data\splits\pilot_100id\images\20\2892.png,high,2891,original,15,clean,42
2912,2913,20,15,data\splits\pilot_100id\images\20\2913.png,high,2912,original,15,clean,42
2878,2879,20,15,data\splits\pilot_100id\images\20\2879.png,high,2878,original,15,clean,42
2914,2915,20,15,data\splits\pilot_100id\images\20\2915.png,high,2914,original,15,clean,42
2869,2870,20,15,data\splits\pilot_100id\images\20\2870.png,high,2869,original,15,clean,42
2902,2903,20,15,data\splits\pilot_100id\images\20\2903.png,high,2902,original,15,clean,42
2897,2898,20,15,data\splits\pilot_100id\images\20\2898.png,high,2897,original,15,clean,42
2874,2875,20,15,data\splits\pilot_100id\images\20\2875.png,high,2874,original,15,clean,42
2883,2884,20,15,data\splits\pilot_100id\images\20\2884.png,high,2883,original,15,clean,42
2872,2873,20,15,data\splits\pilot_100id\images\20\2873.png,high,2872,original,15,clean,42
2870,2871,20,15,data\splits\pilot_100id\images\20\2871.png,high,2870,original,15,clean,42
2907,2908,20,15,data\splits\pilot_100id\images\20\2908.png,high,2907,original,15,clean,42
2885,2886,20,15,data\splits\pilot_100id\images\20\2886.png,high,2885,original,15,clean,42
2896,2897,20,15,data\splits\pilot_100id\images\20\2897.png,high,2896,original,15,clean,42
2915,2916,20,15,data\splits\pilot_100id\images\20\2916.png,high,2915,original,15,clean,42
2916,2917,20,15,data\splits\pilot_100id\images\20\2917.png,high,2916,original,15,clean,42
2920,2921,20,15,data\splits\pilot_100id\images\20\2921.png,high,2920,original,15,clean,42
2881,2882,20,15,data\splits\pilot_100id\images\20\2882.png,high,2881,original,15,clean,42
3096,3097,21,16,data\splits\pilot_100id\images\21\3097.png,high,3096,original,16,clean,42
3061,3062,21,16,data\splits\pilot_100id\images\21\3062.png,high,3061,original,16,clean,42
3050,3051,21,16,data\splits\pilot_100id\images\21\3051.png,high,3050,original,16,clean,42
3018,3019,21,16,data\splits\pilot_100id\images\21\3019.png,high,3018,original,16,clean,42
2996,2997,21,16,data\splits\pilot_100id\images\21\2997.png,high,2996,original,16,clean,42
2957,2958,21,16,data\splits\pilot_100id\images\21\2958.png,high,2957,original,16,clean,42
3303,3304,21,16,data\splits\pilot_100id\images\21\3304.png,high,3303,original,16,clean,42
3147,3148,21,16,data\splits\pilot_100id\images\21\3148.png,high,3147,original,16,clean,42
3265,3266,21,16,data\splits\pilot_100id\images\21\3266.png,high,3265,original,16,clean,42
3151,3152,21,16,data\splits\pilot_100id\images\21\3152.png,high,3151,original,16,clean,42
3056,3057,21,16,data\splits\pilot_100id\images\21\3057.png,high,3056,original,16,clean,42
3146,3147,21,16,data\splits\pilot_100id\images\21\3147.png,high,3146,original,16,clean,42
3210,3211,21,16,data\splits\pilot_100id\images\21\3211.png,high,3210,original,16,clean,42
3255,3256,21,16,data\splits\pilot_100id\images\21\3256.png,high,3255,original,16,clean,42
3081,3082,21,16,data\splits\pilot_100id\images\21\3082.png,high,3081,original,16,clean,42
3014,3015,21,16,data\splits\pilot_100id\images\21\3015.png,high,3014,original,16,clean,42
3281,3282,21,16,data\splits\pilot_100id\images\21\3282.png,high,3281,original,16,clean,42
3002,3003,21,16,data\splits\pilot_100id\images\21\3003.png,high,3002,original,16,clean,42
2933,2934,21,16,data\splits\pilot_100id\images\21\2934.png,high,2933,original,16,clean,42
3001,3002,21,16,data\splits\pilot_100id\images\21\3002.png,high,3001,original,16,clean,42
3236,3237,21,16,data\splits\pilot_100id\images\21\3237.png,high,3236,original,16,clean,42
3162,3163,21,16,data\splits\pilot_100id\images\21\3163.png,high,3162,original,16,clean,42
2954,2955,21,16,data\splits\pilot_100id\images\21\2955.png,high,2954,original,16,clean,42
2997,2998,21,16,data\splits\pilot_100id\images\21\2998.png,high,2997,original,16,clean,42
3127,3128,21,16,data\splits\pilot_100id\images\21\3128.png,high,3127,original,16,clean,42
3363,3364,22,17,data\splits\pilot_100id\images\22\3364.png,high,3363,original,17,clean,42
3449,3450,22,17,data\splits\pilot_100id\images\22\3450.png,high,3449,original,17,clean,42
3412,3413,22,17,data\splits\pilot_100id\images\22\3413.png,high,3412,original,17,clean,42
3460,3461,22,17,data\splits\pilot_100id\images\22\3461.png,high,3460,original,17,clean,42
3529,3530,22,17,data\splits\pilot_100id\images\22\3530.png,high,3529,original,17,clean,42
3470,3471,22,17,data\splits\pilot_100id\images\22\3471.png,high,3470,original,17,clean,42
3542,3543,22,17,data\splits\pilot_100id\images\22\3543.png,high,3542,original,17,clean,42
3378,3379,22,17,data\splits\pilot_100id\images\22\3379.png,high,3378,original,17,clean,42
3491,3492,22,17,data\splits\pilot_100id\images\22\3492.png,high,3491,original,17,clean,42
3580,3581,22,17,data\splits\pilot_100id\images\22\3581.png,high,3580,original,17,clean,42
3516,3517,22,17,data\splits\pilot_100id\images\22\3517.png,high,3516,original,17,clean,42
3602,3603,22,17,data\splits\pilot_100id\images\22\3603.png,high,3602,original,17,clean,42
3560,3561,22,17,data\splits\pilot_100id\images\22\3561.png,high,3560,original,17,clean,42
3415,3416,22,17,data\splits\pilot_100id\images\22\3416.png,high,3415,original,17,clean,42
3498,3499,22,17,data\splits\pilot_100id\images\22\3499.png,high,3498,original,17,clean,42
3527,3528,22,17,data\splits\pilot_100id\images\22\3528.png,high,3527,original,17,clean,42
3559,3560,22,17,data\splits\pilot_100id\images\22\3560.png,high,3559,original,17,clean,42
3479,3480,22,17,data\splits\pilot_100id\images\22\3480.png,high,3479,original,17,clean,42
3437,3438,22,17,data\splits\pilot_100id\images\22\3438.png,high,3437,original,17,clean,42
3393,3394,22,17,data\splits\pilot_100id\images\22\3394.png,high,3393,original,17,clean,42
3554,3555,22,17,data\splits\pilot_100id\images\22\3555.png,high,3554,original,17,clean,42
3600,3601,22,17,data\splits\pilot_100id\images\22\3601.png,high,3600,original,17,clean,42
3379,3380,22,17,data\splits\pilot_100id\images\22\3380.png,high,3379,original,17,clean,42
3375,3376,22,17,data\splits\pilot_100id\images\22\3376.png,high,3375,original,17,clean,42
3518,3519,22,17,data\splits\pilot_100id\images\22\3519.png,high,3518,original,17,clean,42
3677,3678,23,18,data\splits\pilot_100id\images\23\3678.png,high,3677,original,18,clean,42
3849,3850,23,18,data\splits\pilot_100id\images\23\3850.png,high,3849,original,18,clean,42
4042,4043,23,18,data\splits\pilot_100id\images\23\4043.png,high,4042,original,18,clean,42
3684,3685,23,18,data\splits\pilot_100id\images\23\3685.png,high,3684,original,18,clean,42
4007,4008,23,18,data\splits\pilot_100id\images\23\4008.png,high,4007,original,18,clean,42
4083,4084,23,18,data\splits\pilot_100id\images\23\4084.png,high,4083,original,18,clean,42
3804,3805,23,18,data\splits\pilot_100id\images\23\3805.png,high,3804,original,18,clean,42
3668,3669,23,18,data\splits\pilot_100id\images\23\3669.png,high,3668,original,18,clean,42
3689,3690,23,18,data\splits\pilot_100id\images\23\3690.png,high,3689,original,18,clean,42
3912,3913,23,18,data\splits\pilot_100id\images\23\3913.png,high,3912,original,18,clean,42
3614,3615,23,18,data\splits\pilot_100id\images\23\3615.png,high,3614,original,18,clean,42
3673,3674,23,18,data\splits\pilot_100id\images\23\3674.png,high,3673,original,18,clean,42
4054,4055,23,18,data\splits\pilot_100id\images\23\4055.png,high,4054,original,18,clean,42
3980,3981,23,18,data\splits\pilot_100id\images\23\3981.png,high,3980,original,18,clean,42
3877,3878,23,18,data\splits\pilot_100id\images\23\3878.png,high,3877,original,18,clean,42
3970,3971,23,18,data\splits\pilot_100id\images\23\3971.png,high,3970,original,18,clean,42
4039,4040,23,18,data\splits\pilot_100id\images\23\4040.png,high,4039,original,18,clean,42
3635,3636,23,18,data\splits\pilot_100id\images\23\3636.png,high,3635,original,18,clean,42
3758,3759,23,18,data\splits\pilot_100id\images\23\3759.png,high,3758,original,18,clean,42
4047,4048,23,18,data\splits\pilot_100id\images\23\4048.png,high,4047,original,18,clean,42
3855,3856,23,18,data\splits\pilot_100id\images\23\3856.png,high,3855,original,18,clean,42
3830,3831,23,18,data\splits\pilot_100id\images\23\3831.png,high,3830,original,18,clean,42
3698,3699,23,18,data\splits\pilot_100id\images\23\3699.png,high,3698,original,18,clean,42
3916,3917,23,18,data\splits\pilot_100id\images\23\3917.png,high,3916,original,18,clean,42
4046,4047,23,18,data\splits\pilot_100id\images\23\4047.png,high,4046,original,18,clean,42
4224,4225,24,19,data\splits\pilot_100id\images\24\4225.png,high,4224,original,19,clean,42
4240,4241,24,19,data\splits\pilot_100id\images\24\4241.png,high,4240,original,19,clean,42
4185,4186,24,19,data\splits\pilot_100id\images\24\4186.png,high,4185,original,19,clean,42
4272,4273,24,19,data\splits\pilot_100id\images\24\4273.png,high,4272,original,19,clean,42
4107,4108,24,19,data\splits\pilot_100id\images\24\4108.png,high,4107,original,19,clean,42
4207,4208,24,19,data\splits\pilot_100id\images\24\4208.png,high,4207,original,19,clean,42
4264,4265,24,19,data\splits\pilot_100id\images\24\4265.png,high,4264,original,19,clean,42
4301,4302,24,19,data\splits\pilot_100id\images\24\4302.png,high,4301,original,19,clean,42
4167,4168,24,19,data\splits\pilot_100id\images\24\4168.png,high,4167,original,19,clean,42
4234,4235,24,19,data\splits\pilot_100id\images\24\4235.png,high,4234,original,19,clean,42
4192,4193,24,19,data\splits\pilot_100id\images\24\4193.png,high,4192,original,19,clean,42
4122,4123,24,19,data\splits\pilot_100id\images\24\4123.png,high,4122,original,19,clean,42
4282,4283,24,19,data\splits\pilot_100id\images\24\4283.png,high,4282,original,19,clean,42
4101,4102,24,19,data\splits\pilot_100id\images\24\4102.png,high,4101,original,19,clean,42
4159,4160,24,19,data\splits\pilot_100id\images\24\4160.png,high,4159,original,19,clean,42
4310,4311,24,19,data\splits\pilot_100id\images\24\4311.png,high,4310,original,19,clean,42
4267,4268,24,19,data\splits\pilot_100id\images\24\4268.png,high,4267,original,19,clean,42
4110,4111,24,19,data\splits\pilot_100id\images\24\4111.png,high,4110,original,19,clean,42
4289,4290,24,19,data\splits\pilot_100id\images\24\4290.png,high,4289,original,19,clean,42
4158,4159,24,19,data\splits\pilot_100id\images\24\4159.png,high,4158,original,19,clean,42
4281,4282,24,19,data\splits\pilot_100id\images\24\4282.png,high,4281,original,19,clean,42
4188,4189,24,19,data\splits\pilot_100id\images\24\4189.png,high,4188,original,19,clean,42
4302,4303,24,19,data\splits\pilot_100id\images\24\4303.png,high,4302,original,19,clean,42
4117,4118,24,19,data\splits\pilot_100id\images\24\4118.png,high,4117,original,19,clean,42
4219,4220,24,19,data\splits\pilot_100id\images\24\4220.png,high,4219,original,19,clean,42
4543,4544,25,20,data\splits\pilot_100id\images\25\4544.png,high,4543,original,20,clean,42
4422,4423,25,20,data\splits\pilot_100id\images\25\4423.png,high,4422,original,20,clean,42
4562,4563,25,20,data\splits\pilot_100id\images\25\4563.png,high,4562,original,20,clean,42
4321,4322,25,20,data\splits\pilot_100id\images\25\4322.png,high,4321,original,20,clean,42
4405,4406,25,20,data\splits\pilot_100id\images\25\4406.png,high,4405,original,20,clean,42
4532,4533,25,20,data\splits\pilot_100id\images\25\4533.png,high,4532,original,20,clean,42
4587,4588,25,20,data\splits\pilot_100id\images\25\4588.png,high,4587,original,20,clean,42
4511,4512,25,20,data\splits\pilot_100id\images\25\4512.png,high,4511,original,20,clean,42
4516,4517,25,20,data\splits\pilot_100id\images\25\4517.png,high,4516,original,20,clean,42
4413,4414,25,20,data\splits\pilot_100id\images\25\4414.png,high,4413,original,20,clean,42
4493,4494,25,20,data\splits\pilot_100id\images\25\4494.png,high,4493,original,20,clean,42
4623,4624,25,20,data\splits\pilot_100id\images\25\4624.png,high,4623,original,20,clean,42
4631,4632,25,20,data\splits\pilot_100id\images\25\4632.png,high,4631,original,20,clean,42
4451,4452,25,20,data\splits\pilot_100id\images\25\4452.png,high,4451,original,20,clean,42
4578,4579,25,20,data\splits\pilot_100id\images\25\4579.png,high,4578,original,20,clean,42
4465,4466,25,20,data\splits\pilot_100id\images\25\4466.png,high,4465,original,20,clean,42
4458,4459,25,20,data\splits\pilot_100id\images\25\4459.png,high,4458,original,20,clean,42
4456,4457,25,20,data\splits\pilot_100id\images\25\4457.png,high,4456,original,20,clean,42
4337,4338,25,20,data\splits\pilot_100id\images\25\4338.png,high,4337,original,20,clean,42
4317,4318,25,20,data\splits\pilot_100id\images\25\4318.png,high,4317,original,20,clean,42
4394,4395,25,20,data\splits\pilot_100id\images\25\4395.png,high,4394,original,20,clean,42
4491,4492,25,20,data\splits\pilot_100id\images\25\4492.png,high,4491,original,20,clean,42
4358,4359,25,20,data\splits\pilot_100id\images\25\4359.png,high,4358,original,20,clean,42
4584,4585,25,20,data\splits\pilot_100id\images\25\4585.png,high,4584,original,20,clean,42
4406,4407,25,20,data\splits\pilot_100id\images\25\4407.png,high,4406,original,20,clean,42
4658,4659,26,21,data\splits\pilot_100id\images\26\4659.png,high,4658,original,21,clean,42
4681,4682,26,21,data\splits\pilot_100id\images\26\4682.png,high,4681,original,21,clean,42
4795,4796,26,21,data\splits\pilot_100id\images\26\4796.png,high,4795,original,21,clean,42
4750,4751,26,21,data\splits\pilot_100id\images\26\4751.png,high,4750,original,21,clean,42
4787,4788,26,21,data\splits\pilot_100id\images\26\4788.png,high,4787,original,21,clean,42
4654,4655,26,21,data\splits\pilot_100id\images\26\4655.png,high,4654,original,21,clean,42
4663,4664,26,21,data\splits\pilot_100id\images\26\4664.png,high,4663,original,21,clean,42
4707,4708,26,21,data\splits\pilot_100id\images\26\4708.png,high,4707,original,21,clean,42
4756,4757,26,21,data\splits\pilot_100id\images\26\4757.png,high,4756,original,21,clean,42
4737,4738,26,21,data\splits\pilot_100id\images\26\4738.png,high,4737,original,21,clean,42
4736,4737,26,21,data\splits\pilot_100id\images\26\4737.png,high,4736,original,21,clean,42
4802,4803,26,21,data\splits\pilot_100id\images\26\4803.png,high,4802,original,21,clean,42
4708,4709,26,21,data\splits\pilot_100id\images\26\4709.png,high,4708,original,21,clean,42
4814,4815,26,21,data\splits\pilot_100id\images\26\4815.png,high,4814,original,21,clean,42
4684,4685,26,21,data\splits\pilot_100id\images\26\4685.png,high,4684,original,21,clean,42
4655,4656,26,21,data\splits\pilot_100id\images\26\4656.png,high,4655,original,21,clean,42
4690,4691,26,21,data\splits\pilot_100id\images\26\4691.png,high,4690,original,21,clean,42
4674,4675,26,21,data\splits\pilot_100id\images\26\4675.png,high,4674,original,21,clean,42
4721,4722,26,21,data\splits\pilot_100id\images\26\4722.png,high,4721,original,21,clean,42
4695,4696,26,21,data\splits\pilot_100id\images\26\4696.png,high,4695,original,21,clean,42
4804,4805,26,21,data\splits\pilot_100id\images\26\4805.png,high,4804,original,21,clean,42
4763,4764,26,21,data\splits\pilot_100id\images\26\4764.png,high,4763,original,21,clean,42
4785,4786,26,21,data\splits\pilot_100id\images\26\4786.png,high,4785,original,21,clean,42
4669,4670,26,21,data\splits\pilot_100id\images\26\4670.png,high,4669,original,21,clean,42
4648,4649,26,21,data\splits\pilot_100id\images\26\4649.png,high,4648,original,21,clean,42
4959,4960,27,22,data\splits\pilot_100id\images\27\4960.png,high,4959,original,22,clean,42
4939,4940,27,22,data\splits\pilot_100id\images\27\4940.png,high,4939,original,22,clean,42
4955,4956,27,22,data\splits\pilot_100id\images\27\4956.png,high,4955,original,22,clean,42
4879,4880,27,22,data\splits\pilot_100id\images\27\4880.png,high,4879,original,22,clean,42
4919,4920,27,22,data\splits\pilot_100id\images\27\4920.png,high,4919,original,22,clean,42
4853,4854,27,22,data\splits\pilot_100id\images\27\4854.png,high,4853,original,22,clean,42
4980,4981,27,22,data\splits\pilot_100id\images\27\4981.png,high,4980,original,22,clean,42
4875,4876,27,22,data\splits\pilot_100id\images\27\4876.png,high,4875,original,22,clean,42
4925,4926,27,22,data\splits\pilot_100id\images\27\4926.png,high,4925,original,22,clean,42
4969,4970,27,22,data\splits\pilot_100id\images\27\4970.png,high,4969,original,22,clean,42
4843,4844,27,22,data\splits\pilot_100id\images\27\4844.png,high,4843,original,22,clean,42
4909,4910,27,22,data\splits\pilot_100id\images\27\4910.png,high,4909,original,22,clean,42
4839,4840,27,22,data\splits\pilot_100id\images\27\4840.png,high,4839,original,22,clean,42
4890,4891,27,22,data\splits\pilot_100id\images\27\4891.png,high,4890,original,22,clean,42
4848,4849,27,22,data\splits\pilot_100id\images\27\4849.png,high,4848,original,22,clean,42
4854,4855,27,22,data\splits\pilot_100id\images\27\4855.png,high,4854,original,22,clean,42
4956,4957,27,22,data\splits\pilot_100id\images\27\4957.png,high,4956,original,22,clean,42
4929,4930,27,22,data\splits\pilot_100id\images\27\4930.png,high,4929,original,22,clean,42
4975,4976,27,22,data\splits\pilot_100id\images\27\4976.png,high,4975,original,22,clean,42
4840,4841,27,22,data\splits\pilot_100id\images\27\4841.png,high,4840,original,22,clean,42
4899,4900,27,22,data\splits\pilot_100id\images\27\4900.png,high,4899,original,22,clean,42
4842,4843,27,22,data\splits\pilot_100id\images\27\4843.png,high,4842,original,22,clean,42
4836,4837,27,22,data\splits\pilot_100id\images\27\4837.png,high,4836,original,22,clean,42
4833,4834,27,22,data\splits\pilot_100id\images\27\4834.png,high,4833,original,22,clean,42
4855,4856,27,22,data\splits\pilot_100id\images\27\4856.png,high,4855,original,22,clean,42
5096,5097,29,23,data\splits\pilot_100id\images\29\5097.png,high,5096,original,23,clean,42
5093,5094,29,23,data\splits\pilot_100id\images\29\5094.png,high,5093,original,23,clean,42
5089,5090,29,23,data\splits\pilot_100id\images\29\5090.png,high,5089,original,23,clean,42
5110,5111,29,23,data\splits\pilot_100id\images\29\5111.png,high,5110,original,23,clean,42
5049,5050,29,23,data\splits\pilot_100id\images\29\5050.png,high,5049,original,23,clean,42
5095,5096,29,23,data\splits\pilot_100id\images\29\5096.png,high,5095,original,23,clean,42
5085,5086,29,23,data\splits\pilot_100id\images\29\5086.png,high,5085,original,23,clean,42
5058,5059,29,23,data\splits\pilot_100id\images\29\5059.png,high,5058,original,23,clean,42
5016,5017,29,23,data\splits\pilot_100id\images\29\5017.png,high,5016,original,23,clean,42
5026,5027,29,23,data\splits\pilot_100id\images\29\5027.png,high,5026,original,23,clean,42
5080,5081,29,23,data\splits\pilot_100id\images\29\5081.png,high,5080,original,23,clean,42
5046,5047,29,23,data\splits\pilot_100id\images\29\5047.png,high,5046,original,23,clean,42
5034,5035,29,23,data\splits\pilot_100id\images\29\5035.png,high,5034,original,23,clean,42
5020,5021,29,23,data\splits\pilot_100id\images\29\5021.png,high,5020,original,23,clean,42
5047,5048,29,23,data\splits\pilot_100id\images\29\5048.png,high,5047,original,23,clean,42
5042,5043,29,23,data\splits\pilot_100id\images\29\5043.png,high,5042,original,23,clean,42
5028,5029,29,23,data\splits\pilot_100id\images\29\5029.png,high,5028,original,23,clean,42
5038,5039,29,23,data\splits\pilot_100id\images\29\5039.png,high,5038,original,23,clean,42
5069,5070,29,23,data\splits\pilot_100id\images\29\5070.png,high,5069,original,23,clean,42
5101,5102,29,23,data\splits\pilot_100id\images\29\5102.png,high,5101,original,23,clean,42
5056,5057,29,23,data\splits\pilot_100id\images\29\5057.png,high,5056,original,23,clean,42
5083,5084,29,23,data\splits\pilot_100id\images\29\5084.png,high,5083,original,23,clean,42
5031,5032,29,23,data\splits\pilot_100id\images\29\5032.png,high,5031,original,23,clean,42
5084,5085,29,23,data\splits\pilot_100id\images\29\5085.png,high,5084,original,23,clean,42
5104,5105,29,23,data\splits\pilot_100id\images\29\5105.png,high,5104,original,23,clean,42
5134,5135,30,24,data\splits\pilot_100id\images\30\5135.png,high,5134,original,24,clean,42
5112,5113,30,24,data\splits\pilot_100id\images\30\5113.png,high,5112,original,24,clean,42
5159,5160,30,24,data\splits\pilot_100id\images\30\5160.png,high,5159,original,24,clean,42
5116,5117,30,24,data\splits\pilot_100id\images\30\5117.png,high,5116,original,24,clean,42
5165,5166,30,24,data\splits\pilot_100id\images\30\5166.png,high,5165,original,24,clean,42
5130,5131,30,24,data\splits\pilot_100id\images\30\5131.png,high,5130,original,24,clean,42
5122,5123,30,24,data\splits\pilot_100id\images\30\5123.png,high,5122,original,24,clean,42
5145,5146,30,24,data\splits\pilot_100id\images\30\5146.png,high,5145,original,24,clean,42
5156,5157,30,24,data\splits\pilot_100id\images\30\5157.png,high,5156,original,24,clean,42
5124,5125,30,24,data\splits\pilot_100id\images\30\5125.png,high,5124,original,24,clean,42
5143,5144,30,24,data\splits\pilot_100id\images\30\5144.png,high,5143,original,24,clean,42
5121,5122,30,24,data\splits\pilot_100id\images\30\5122.png,high,5121,original,24,clean,42
5171,5172,30,24,data\splits\pilot_100id\images\30\5172.png,high,5171,original,24,clean,42
5117,5118,30,24,data\splits\pilot_100id\images\30\5118.png,high,5117,original,24,clean,42
5180,5181,30,24,data\splits\pilot_100id\images\30\5181.png,high,5180,original,24,clean,42
5142,5143,30,24,data\splits\pilot_100id\images\30\5143.png,high,5142,original,24,clean,42
5169,5170,30,24,data\splits\pilot_100id\images\30\5170.png,high,5169,original,24,clean,42
5147,5148,30,24,data\splits\pilot_100id\images\30\5148.png,high,5147,original,24,clean,42
5168,5169,30,24,data\splits\pilot_100id\images\30\5169.png,high,5168,original,24,clean,42
5158,5159,30,24,data\splits\pilot_100id\images\30\5159.png,high,5158,original,24,clean,42
5128,5129,30,24,data\splits\pilot_100id\images\30\5129.png,high,5128,original,24,clean,42
5146,5147,30,24,data\splits\pilot_100id\images\30\5147.png,high,5146,original,24,clean,42
5154,5155,30,24,data\splits\pilot_100id\images\30\5155.png,high,5154,original,24,clean,42
5140,5141,30,24,data\splits\pilot_100id\images\30\5141.png,high,5140,original,24,clean,42
5119,5120,30,24,data\splits\pilot_100id\images\30\5120.png,high,5119,original,24,clean,42
5371,5372,31,25,data\splits\pilot_100id\images\31\5372.png,high,5371,original,25,clean,42
5187,5188,31,25,data\splits\pilot_100id\images\31\5188.png,high,5187,original,25,clean,42
5260,5261,31,25,data\splits\pilot_100id\images\31\5261.png,high,5260,original,25,clean,42
5386,5387,31,25,data\splits\pilot_100id\images\31\5387.png,high,5386,original,25,clean,42
5298,5299,31,25,data\splits\pilot_100id\images\31\5299.png,high,5298,original,25,clean,42
5366,5367,31,25,data\splits\pilot_100id\images\31\5367.png,high,5366,original,25,clean,42
5382,5383,31,25,data\splits\pilot_100id\images\31\5383.png,high,5382,original,25,clean,42
5348,5349,31,25,data\splits\pilot_100id\images\31\5349.png,high,5348,original,25,clean,42
5190,5191,31,25,data\splits\pilot_100id\images\31\5191.png,high,5190,original,25,clean,42
5211,5212,31,25,data\splits\pilot_100id\images\31\5212.png,high,5211,original,25,clean,42
5361,5362,31,25,data\splits\pilot_100id\images\31\5362.png,high,5361,original,25,clean,42
5402,5403,31,25,data\splits\pilot_100id\images\31\5403.png,high,5402,original,25,clean,42
5410,5411,31,25,data\splits\pilot_100id\images\31\5411.png,high,5410,original,25,clean,42
5397,5398,31,25,data\splits\pilot_100id\images\31\5398.png,high,5397,original,25,clean,42
5317,5318,31,25,data\splits\pilot_100id\images\31\5318.png,high,5317,original,25,clean,42
5249,5250,31,25,data\splits\pilot_100id\images\31\5250.png,high,5249,original,25,clean,42
5379,5380,31,25,data\splits\pilot_100id\images\31\5380.png,high,5379,original,25,clean,42
5196,5197,31,25,data\splits\pilot_100id\images\31\5197.png,high,5196,original,25,clean,42
5277,5278,31,25,data\splits\pilot_100id\images\31\5278.png,high,5277,original,25,clean,42
5205,5206,31,25,data\splits\pilot_100id\images\31\5206.png,high,5205,original,25,clean,42
5415,5416,31,25,data\splits\pilot_100id\images\31\5416.png,high,5415,original,25,clean,42
5200,5201,31,25,data\splits\pilot_100id\images\31\5201.png,high,5200,original,25,clean,42
5301,5302,31,25,data\splits\pilot_100id\images\31\5302.png,high,5301,original,25,clean,42
5333,5334,31,25,data\splits\pilot_100id\images\31\5334.png,high,5333,original,25,clean,42
5214,5215,31,25,data\splits\pilot_100id\images\31\5215.png,high,5214,original,25,clean,42
5655,5656,32,26,data\splits\pilot_100id\images\32\5656.png,high,5655,original,26,clean,42
5502,5503,32,26,data\splits\pilot_100id\images\32\5503.png,high,5502,original,26,clean,42
5445,5446,32,26,data\splits\pilot_100id\images\32\5446.png,high,5445,original,26,clean,42
5606,5607,32,26,data\splits\pilot_100id\images\32\5607.png,high,5606,original,26,clean,42
5451,5452,32,26,data\splits\pilot_100id\images\32\5452.png,high,5451,original,26,clean,42
5637,5638,32,26,data\splits\pilot_100id\images\32\5638.png,high,5637,original,26,clean,42
5461,5462,32,26,data\splits\pilot_100id\images\32\5462.png,high,5461,original,26,clean,42
5633,5634,32,26,data\splits\pilot_100id\images\32\5634.png,high,5633,original,26,clean,42
5590,5591,32,26,data\splits\pilot_100id\images\32\5591.png,high,5590,original,26,clean,42
5562,5563,32,26,data\splits\pilot_100id\images\32\5563.png,high,5562,original,26,clean,42
5652,5653,32,26,data\splits\pilot_100id\images\32\5653.png,high,5652,original,26,clean,42
5455,5456,32,26,data\splits\pilot_100id\images\32\5456.png,high,5455,original,26,clean,42
5532,5533,32,26,data\splits\pilot_100id\images\32\5533.png,high,5532,original,26,clean,42
5614,5615,32,26,data\splits\pilot_100id\images\32\5615.png,high,5614,original,26,clean,42
5611,5612,32,26,data\splits\pilot_100id\images\32\5612.png,high,5611,original,26,clean,42
5573,5574,32,26,data\splits\pilot_100id\images\32\5574.png,high,5573,original,26,clean,42
5582,5583,32,26,data\splits\pilot_100id\images\32\5583.png,high,5582,original,26,clean,42
5466,5467,32,26,data\splits\pilot_100id\images\32\5467.png,high,5466,original,26,clean,42
5663,5664,32,26,data\splits\pilot_100id\images\32\5664.png,high,5663,original,26,clean,42
5621,5622,32,26,data\splits\pilot_100id\images\32\5622.png,high,5621,original,26,clean,42
5544,5545,32,26,data\splits\pilot_100id\images\32\5545.png,high,5544,original,26,clean,42
5598,5599,32,26,data\splits\pilot_100id\images\32\5599.png,high,5598,original,26,clean,42
5642,5643,32,26,data\splits\pilot_100id\images\32\5643.png,high,5642,original,26,clean,42
5617,5618,32,26,data\splits\pilot_100id\images\32\5618.png,high,5617,original,26,clean,42
5561,5562,32,26,data\splits\pilot_100id\images\32\5562.png,high,5561,original,26,clean,42
5750,5751,33,27,data\splits\pilot_100id\images\33\5751.png,high,5750,original,27,clean,42
5683,5684,33,27,data\splits\pilot_100id\images\33\5684.png,high,5683,original,27,clean,42
5779,5780,33,27,data\splits\pilot_100id\images\33\5780.png,high,5779,original,27,clean,42
5845,5846,33,27,data\splits\pilot_100id\images\33\5846.png,high,5845,original,27,clean,42
5744,5745,33,27,data\splits\pilot_100id\images\33\5745.png,high,5744,original,27,clean,42
5831,5832,33,27,data\splits\pilot_100id\images\33\5832.png,high,5831,original,27,clean,42
5736,5737,33,27,data\splits\pilot_100id\images\33\5737.png,high,5736,original,27,clean,42
5735,5736,33,27,data\splits\pilot_100id\images\33\5736.png,high,5735,original,27,clean,42
5788,5789,33,27,data\splits\pilot_100id\images\33\5789.png,high,5788,original,27,clean,42
5841,5842,33,27,data\splits\pilot_100id\images\33\5842.png,high,5841,original,27,clean,42
5844,5845,33,27,data\splits\pilot_100id\images\33\5845.png,high,5844,original,27,clean,42
5816,5817,33,27,data\splits\pilot_100id\images\33\5817.png,high,5816,original,27,clean,42
5733,5734,33,27,data\splits\pilot_100id\images\33\5734.png,high,5733,original,27,clean,42
5698,5699,33,27,data\splits\pilot_100id\images\33\5699.png,high,5698,original,27,clean,42
5754,5755,33,27,data\splits\pilot_100id\images\33\5755.png,high,5754,original,27,clean,42
5753,5754,33,27,data\splits\pilot_100id\images\33\5754.png,high,5753,original,27,clean,42
5723,5724,33,27,data\splits\pilot_100id\images\33\5724.png,high,5723,original,27,clean,42
5728,5729,33,27,data\splits\pilot_100id\images\33\5729.png,high,5728,original,27,clean,42
5758,5759,33,27,data\splits\pilot_100id\images\33\5759.png,high,5758,original,27,clean,42
5827,5828,33,27,data\splits\pilot_100id\images\33\5828.png,high,5827,original,27,clean,42
5684,5685,33,27,data\splits\pilot_100id\images\33\5685.png,high,5684,original,27,clean,42
5792,5793,33,27,data\splits\pilot_100id\images\33\5793.png,high,5792,original,27,clean,42
5764,5765,33,27,data\splits\pilot_100id\images\33\5765.png,high,5764,original,27,clean,42
5840,5841,33,27,data\splits\pilot_100id\images\33\5841.png,high,5840,original,27,clean,42
5734,5735,33,27,data\splits\pilot_100id\images\33\5735.png,high,5734,original,27,clean,42
5940,5941,34,28,data\splits\pilot_100id\images\34\5941.png,high,5940,original,28,clean,42
6147,6148,34,28,data\splits\pilot_100id\images\34\6148.png,high,6147,original,28,clean,42
5892,5893,34,28,data\splits\pilot_100id\images\34\5893.png,high,5892,original,28,clean,42
6122,6123,34,28,data\splits\pilot_100id\images\34\6123.png,high,6122,original,28,clean,42
5876,5877,34,28,data\splits\pilot_100id\images\34\5877.png,high,5876,original,28,clean,42
5968,5969,34,28,data\splits\pilot_100id\images\34\5969.png,high,5968,original,28,clean,42
6043,6044,34,28,data\splits\pilot_100id\images\34\6044.png,high,6043,original,28,clean,42
6053,6054,34,28,data\splits\pilot_100id\images\34\6054.png,high,6053,original,28,clean,42
5930,5931,34,28,data\splits\pilot_100id\images\34\5931.png,high,5930,original,28,clean,42
5983,5984,34,28,data\splits\pilot_100id\images\34\5984.png,high,5983,original,28,clean,42
6106,6107,34,28,data\splits\pilot_100id\images\34\6107.png,high,6106,original,28,clean,42
5942,5943,34,28,data\splits\pilot_100id\images\34\5943.png,high,5942,original,28,clean,42
6031,6032,34,28,data\splits\pilot_100id\images\34\6032.png,high,6031,original,28,clean,42
6040,6041,34,28,data\splits\pilot_100id\images\34\6041.png,high,6040,original,28,clean,42
6077,6078,34,28,data\splits\pilot_100id\images\34\6078.png,high,6077,original,28,clean,42
5951,5952,34,28,data\splits\pilot_100id\images\34\5952.png,high,5951,original,28,clean,42
6052,6053,34,28,data\splits\pilot_100id\images\34\6053.png,high,6052,original,28,clean,42
5999,6000,34,28,data\splits\pilot_100id\images\34\6000.png,high,5999,original,28,clean,42
6179,6180,34,28,data\splits\pilot_100id\images\34\6180.png,high,6179,original,28,clean,42
6112,6113,34,28,data\splits\pilot_100id\images\34\6113.png,high,6112,original,28,clean,42
6069,6070,34,28,data\splits\pilot_100id\images\34\6070.png,high,6069,original,28,clean,42
6044,6045,34,28,data\splits\pilot_100id\images\34\6045.png,high,6044,original,28,clean,42
6064,6065,34,28,data\splits\pilot_100id\images\34\6065.png,high,6064,original,28,clean,42
5975,5976,34,28,data\splits\pilot_100id\images\34\5976.png,high,5975,original,28,clean,42
5909,5910,34,28,data\splits\pilot_100id\images\34\5910.png,high,5909,original,28,clean,42
6297,6298,35,29,data\splits\pilot_100id\images\35\6298.png,high,6297,original,29,clean,42
6348,6349,35,29,data\splits\pilot_100id\images\35\6349.png,high,6348,original,29,clean,42
6353,6354,35,29,data\splits\pilot_100id\images\35\6354.png,high,6353,original,29,clean,42
6285,6286,35,29,data\splits\pilot_100id\images\35\6286.png,high,6285,original,29,clean,42
6284,6285,35,29,data\splits\pilot_100id\images\35\6285.png,high,6284,original,29,clean,42
6199,6200,35,29,data\splits\pilot_100id\images\35\6200.png,high,6199,original,29,clean,42
6361,6362,35,29,data\splits\pilot_100id\images\35\6362.png,high,6361,original,29,clean,42
6219,6220,35,29,data\splits\pilot_100id\images\35\6220.png,high,6219,original,29,clean,42
6303,6304,35,29,data\splits\pilot_100id\images\35\6304.png,high,6303,original,29,clean,42
6336,6337,35,29,data\splits\pilot_100id\images\35\6337.png,high,6336,original,29,clean,42
6208,6209,35,29,data\splits\pilot_100id\images\35\6209.png,high,6208,original,29,clean,42
6260,6261,35,29,data\splits\pilot_100id\images\35\6261.png,high,6260,original,29,clean,42
6340,6341,35,29,data\splits\pilot_100id\images\35\6341.png,high,6340,original,29,clean,42
6302,6303,35,29,data\splits\pilot_100id\images\35\6303.png,high,6302,original,29,clean,42
6252,6253,35,29,data\splits\pilot_100id\images\35\6253.png,high,6252,original,29,clean,42
6200,6201,35,29,data\splits\pilot_100id\images\35\6201.png,high,6200,original,29,clean,42
6306,6307,35,29,data\splits\pilot_100id\images\35\6307.png,high,6306,original,29,clean,42
6214,6215,35,29,data\splits\pilot_100id\images\35\6215.png,high,6214,original,29,clean,42
6320,6321,35,29,data\splits\pilot_100id\images\35\6321.png,high,6320,original,29,clean,42
6203,6204,35,29,data\splits\pilot_100id\images\35\6204.png,high,6203,original,29,clean,42
6259,6260,35,29,data\splits\pilot_100id\images\35\6260.png,high,6259,original,29,clean,42
6299,6300,35,29,data\splits\pilot_100id\images\35\6300.png,high,6299,original,29,clean,42
6310,6311,35,29,data\splits\pilot_100id\images\35\6311.png,high,6310,original,29,clean,42
6331,6332,35,29,data\splits\pilot_100id\images\35\6332.png,high,6331,original,29,clean,42
6253,6254,35,29,data\splits\pilot_100id\images\35\6254.png,high,6253,original,29,clean,42
6385,6386,36,30,data\splits\pilot_100id\images\36\6386.png,high,6385,original,30,clean,42
6379,6380,36,30,data\splits\pilot_100id\images\36\6380.png,high,6379,original,30,clean,42
6485,6486,36,30,data\splits\pilot_100id\images\36\6486.png,high,6485,original,30,clean,42
6448,6449,36,30,data\splits\pilot_100id\images\36\6449.png,high,6448,original,30,clean,42
6436,6437,36,30,data\splits\pilot_100id\images\36\6437.png,high,6436,original,30,clean,42
6415,6416,36,30,data\splits\pilot_100id\images\36\6416.png,high,6415,original,30,clean,42
6502,6503,36,30,data\splits\pilot_100id\images\36\6503.png,high,6502,original,30,clean,42
6531,6532,36,30,data\splits\pilot_100id\images\36\6532.png,high,6531,original,30,clean,42
6571,6572,36,30,data\splits\pilot_100id\images\36\6572.png,high,6571,original,30,clean,42
6551,6552,36,30,data\splits\pilot_100id\images\36\6552.png,high,6551,original,30,clean,42
6439,6440,36,30,data\splits\pilot_100id\images\36\6440.png,high,6439,original,30,clean,42
6533,6534,36,30,data\splits\pilot_100id\images\36\6534.png,high,6533,original,30,clean,42
6537,6538,36,30,data\splits\pilot_100id\images\36\6538.png,high,6537,original,30,clean,42
6522,6523,36,30,data\splits\pilot_100id\images\36\6523.png,high,6522,original,30,clean,42
6426,6427,36,30,data\splits\pilot_100id\images\36\6427.png,high,6426,original,30,clean,42
6561,6562,36,30,data\splits\pilot_100id\images\36\6562.png,high,6561,original,30,clean,42
6388,6389,36,30,data\splits\pilot_100id\images\36\6389.png,high,6388,original,30,clean,42
6449,6450,36,30,data\splits\pilot_100id\images\36\6450.png,high,6449,original,30,clean,42
6425,6426,36,30,data\splits\pilot_100id\images\36\6426.png,high,6425,original,30,clean,42
6516,6517,36,30,data\splits\pilot_100id\images\36\6517.png,high,6516,original,30,clean,42
6547,6548,36,30,data\splits\pilot_100id\images\36\6548.png,high,6547,original,30,clean,42
6467,6468,36,30,data\splits\pilot_100id\images\36\6468.png,high,6467,original,30,clean,42
6465,6466,36,30,data\splits\pilot_100id\images\36\6466.png,high,6465,original,30,clean,42
6400,6401,36,30,data\splits\pilot_100id\images\36\6401.png,high,6400,original,30,clean,42
6497,6498,36,30,data\splits\pilot_100id\images\36\6498.png,high,6497,original,30,clean,42
7120,7121,37,31,data\splits\pilot_100id\images\37\7121.png,high,7120,original,31,clean,42
6655,6656,37,31,data\splits\pilot_100id\images\37\6656.png,high,6655,original,31,clean,42
6714,6715,37,31,data\splits\pilot_100id\images\37\6715.png,high,6714,original,31,clean,42
6653,6654,37,31,data\splits\pilot_100id\images\37\6654.png,high,6653,original,31,clean,42
6845,6846,37,31,data\splits\pilot_100id\images\37\6846.png,high,6845,original,31,clean,42
6803,6804,37,31,data\splits\pilot_100id\images\37\6804.png,high,6803,original,31,clean,42
7003,7004,37,31,data\splits\pilot_100id\images\37\7004.png,high,7003,original,31,clean,42
6974,6975,37,31,data\splits\pilot_100id\images\37\6975.png,high,6974,original,31,clean,42
6656,6657,37,31,data\splits\pilot_100id\images\37\6657.png,high,6656,original,31,clean,42
6879,6880,37,31,data\splits\pilot_100id\images\37\6880.png,high,6879,original,31,clean,42
6759,6760,37,31,data\splits\pilot_100id\images\37\6760.png,high,6759,original,31,clean,42
6584,6585,37,31,data\splits\pilot_100id\images\37\6585.png,high,6584,original,31,clean,42
6657,6658,37,31,data\splits\pilot_100id\images\37\6658.png,high,6657,original,31,clean,42
6796,6797,37,31,data\splits\pilot_100id\images\37\6797.png,high,6796,original,31,clean,42
6839,6840,37,31,data\splits\pilot_100id\images\37\6840.png,high,6839,original,31,clean,42
6658,6659,37,31,data\splits\pilot_100id\images\37\6659.png,high,6658,original,31,clean,42
7096,7097,37,31,data\splits\pilot_100id\images\37\7097.png,high,7096,original,31,clean,42
6580,6581,37,31,data\splits\pilot_100id\images\37\6581.png,high,6580,original,31,clean,42
6849,6850,37,31,data\splits\pilot_100id\images\37\6850.png,high,6849,original,31,clean,42
6982,6983,37,31,data\splits\pilot_100id\images\37\6983.png,high,6982,original,31,clean,42
7005,7006,37,31,data\splits\pilot_100id\images\37\7006.png,high,7005,original,31,clean,42
6729,6730,37,31,data\splits\pilot_100id\images\37\6730.png,high,6729,original,31,clean,42
6705,6706,37,31,data\splits\pilot_100id\images\37\6706.png,high,6705,original,31,clean,42
6683,6684,37,31,data\splits\pilot_100id\images\37\6684.png,high,6683,original,31,clean,42
6647,6648,37,31,data\splits\pilot_100id\images\37\6648.png,high,6647,original,31,clean,42
7190,7191,38,32,data\splits\pilot_100id\images\38\7191.png,high,7190,original,32,clean,42
7239,7240,38,32,data\splits\pilot_100id\images\38\7240.png,high,7239,original,32,clean,42
7141,7142,38,32,data\splits\pilot_100id\images\38\7142.png,high,7141,original,32,clean,42
7266,7267,38,32,data\splits\pilot_100id\images\38\7267.png,high,7266,original,32,clean,42
7281,7282,38,32,data\splits\pilot_100id\images\38\7282.png,high,7281,original,32,clean,42
7251,7252,38,32,data\splits\pilot_100id\images\38\7252.png,high,7251,original,32,clean,42
7265,7266,38,32,data\splits\pilot_100id\images\38\7266.png,high,7265,original,32,clean,42
7155,7156,38,32,data\splits\pilot_100id\images\38\7156.png,high,7155,original,32,clean,42
7143,7144,38,32,data\splits\pilot_100id\images\38\7144.png,high,7143,original,32,clean,42
7292,7293,38,32,data\splits\pilot_100id\images\38\7293.png,high,7292,original,32,clean,42
7283,7284,38,32,data\splits\pilot_100id\images\38\7284.png,high,7283,original,32,clean,42
7140,7141,38,32,data\splits\pilot_100id\images\38\7141.png,high,7140,original,32,clean,42
7180,7181,38,32,data\splits\pilot_100id\images\38\7181.png,high,7180,original,32,clean,42
7181,7182,38,32,data\splits\pilot_100id\images\38\7182.png,high,7181,original,32,clean,42
7240,7241,38,32,data\splits\pilot_100id\images\38\7241.png,high,7240,original,32,clean,42
7170,7171,38,32,data\splits\pilot_100id\images\38\7171.png,high,7170,original,32,clean,42
7249,7250,38,32,data\splits\pilot_100id\images\38\7250.png,high,7249,original,32,clean,42
7134,7135,38,32,data\splits\pilot_100id\images\38\7135.png,high,7134,original,32,clean,42
7272,7273,38,32,data\splits\pilot_100id\images\38\7273.png,high,7272,original,32,clean,42
7210,7211,38,32,data\splits\pilot_100id\images\38\7211.png,high,7210,original,32,clean,42
7238,7239,38,32,data\splits\pilot_100id\images\38\7239.png,high,7238,original,32,clean,42
7286,7287,38,32,data\splits\pilot_100id\images\38\7287.png,high,7286,original,32,clean,42
7185,7186,38,32,data\splits\pilot_100id\images\38\7186.png,high,7185,original,32,clean,42
7312,7313,38,32,data\splits\pilot_100id\images\38\7313.png,high,7312,original,32,clean,42
7198,7199,38,32,data\splits\pilot_100id\images\38\7199.png,high,7198,original,32,clean,42
7395,7396,39,33,data\splits\pilot_100id\images\39\7396.png,high,7395,original,33,clean,42
7433,7434,39,33,data\splits\pilot_100id\images\39\7434.png,high,7433,original,33,clean,42
7621,7622,39,33,data\splits\pilot_100id\images\39\7622.png,high,7621,original,33,clean,42
7431,7432,39,33,data\splits\pilot_100id\images\39\7432.png,high,7431,original,33,clean,42
7600,7601,39,33,data\splits\pilot_100id\images\39\7601.png,high,7600,original,33,clean,42
7365,7366,39,33,data\splits\pilot_100id\images\39\7366.png,high,7365,original,33,clean,42
7552,7553,39,33,data\splits\pilot_100id\images\39\7553.png,high,7552,original,33,clean,42
7606,7607,39,33,data\splits\pilot_100id\images\39\7607.png,high,7606,original,33,clean,42
7625,7626,39,33,data\splits\pilot_100id\images\39\7626.png,high,7625,original,33,clean,42
7463,7464,39,33,data\splits\pilot_100id\images\39\7464.png,high,7463,original,33,clean,42
7520,7521,39,33,data\splits\pilot_100id\images\39\7521.png,high,7520,original,33,clean,42
7348,7349,39,33,data\splits\pilot_100id\images\39\7349.png,high,7348,original,33,clean,42
7332,7333,39,33,data\splits\pilot_100id\images\39\7333.png,high,7332,original,33,clean,42
7401,7402,39,33,data\splits\pilot_100id\images\39\7402.png,high,7401,original,33,clean,42
7417,7418,39,33,data\splits\pilot_100id\images\39\7418.png,high,7417,original,33,clean,42
7517,7518,39,33,data\splits\pilot_100id\images\39\7518.png,high,7517,original,33,clean,42
7481,7482,39,33,data\splits\pilot_100id\images\39\7482.png,high,7481,original,33,clean,42
7476,7477,39,33,data\splits\pilot_100id\images\39\7477.png,high,7476,original,33,clean,42
7424,7425,39,33,data\splits\pilot_100id\images\39\7425.png,high,7424,original,33,clean,42
7396,7397,39,33,data\splits\pilot_100id\images\39\7397.png,high,7396,original,33,clean,42
7578,7579,39,33,data\splits\pilot_100id\images\39\7579.png,high,7578,original,33,clean,42
7455,7456,39,33,data\splits\pilot_100id\images\39\7456.png,high,7455,original,33,clean,42
7398,7399,39,33,data\splits\pilot_100id\images\39\7399.png,high,7398,original,33,clean,42
7649,7650,39,33,data\splits\pilot_100id\images\39\7650.png,high,7649,original,33,clean,42
7380,7381,39,33,data\splits\pilot_100id\images\39\7381.png,high,7380,original,33,clean,42
7663,7664,40,34,data\splits\pilot_100id\images\40\7664.png,high,7663,original,34,clean,42
7721,7722,40,34,data\splits\pilot_100id\images\40\7722.png,high,7721,original,34,clean,42
7677,7678,40,34,data\splits\pilot_100id\images\40\7678.png,high,7677,original,34,clean,42
7659,7660,40,34,data\splits\pilot_100id\images\40\7660.png,high,7659,original,34,clean,42
7687,7688,40,34,data\splits\pilot_100id\images\40\7688.png,high,7687,original,34,clean,42
7709,7710,40,34,data\splits\pilot_100id\images\40\7710.png,high,7709,original,34,clean,42
7669,7670,40,34,data\splits\pilot_100id\images\40\7670.png,high,7669,original,34,clean,42
7693,7694,40,34,data\splits\pilot_100id\images\40\7694.png,high,7693,original,34,clean,42
7671,7672,40,34,data\splits\pilot_100id\images\40\7672.png,high,7671,original,34,clean,42
7713,7714,40,34,data\splits\pilot_100id\images\40\7714.png,high,7713,original,34,clean,42
7706,7707,40,34,data\splits\pilot_100id\images\40\7707.png,high,7706,original,34,clean,42
7690,7691,40,34,data\splits\pilot_100id\images\40\7691.png,high,7690,original,34,clean,42
7668,7669,40,34,data\splits\pilot_100id\images\40\7669.png,high,7668,original,34,clean,42
7704,7705,40,34,data\splits\pilot_100id\images\40\7705.png,high,7704,original,34,clean,42
7664,7665,40,34,data\splits\pilot_100id\images\40\7665.png,high,7664,original,34,clean,42
7681,7682,40,34,data\splits\pilot_100id\images\40\7682.png,high,7681,original,34,clean,42
7715,7716,40,34,data\splits\pilot_100id\images\40\7716.png,high,7715,original,34,clean,42
7708,7709,40,34,data\splits\pilot_100id\images\40\7709.png,high,7708,original,34,clean,42
7692,7693,40,34,data\splits\pilot_100id\images\40\7693.png,high,7692,original,34,clean,42
7698,7699,40,34,data\splits\pilot_100id\images\40\7699.png,high,7698,original,34,clean,42
7718,7719,40,34,data\splits\pilot_100id\images\40\7719.png,high,7718,original,34,clean,42
7675,7676,40,34,data\splits\pilot_100id\images\40\7676.png,high,7675,original,34,clean,42
7694,7695,40,34,data\splits\pilot_100id\images\40\7695.png,high,7694,original,34,clean,42
7703,7704,40,34,data\splits\pilot_100id\images\40\7704.png,high,7703,original,34,clean,42
7728,7729,40,34,data\splits\pilot_100id\images\40\7729.png,high,7728,original,34,clean,42
8306,8307,41,35,data\splits\pilot_100id\images\41\8307.png,high,8306,original,35,clean,42
8008,8009,41,35,data\splits\pilot_100id\images\41\8009.png,high,8008,original,35,clean,42
7835,7836,41,35,data\splits\pilot_100id\images\41\7836.png,high,7835,original,35,clean,42
7908,7909,41,35,data\splits\pilot_100id\images\41\7909.png,high,7908,original,35,clean,42
8187,8188,41,35,data\splits\pilot_100id\images\41\8188.png,high,8187,original,35,clean,42
8018,8019,41,35,data\splits\pilot_100id\images\41\8019.png,high,8018,original,35,clean,42
8259,8260,41,35,data\splits\pilot_100id\images\41\8260.png,high,8259,original,35,clean,42
8174,8175,41,35,data\splits\pilot_100id\images\41\8175.png,high,8174,original,35,clean,42
7898,7899,41,35,data\splits\pilot_100id\images\41\7899.png,high,7898,original,35,clean,42
7979,7980,41,35,data\splits\pilot_100id\images\41\7980.png,high,7979,original,35,clean,42
8269,8270,41,35,data\splits\pilot_100id\images\41\8270.png,high,8269,original,35,clean,42
7912,7913,41,35,data\splits\pilot_100id\images\41\7913.png,high,7912,original,35,clean,42
7862,7863,41,35,data\splits\pilot_100id\images\41\7863.png,high,7862,original,35,clean,42
7913,7914,41,35,data\splits\pilot_100id\images\41\7914.png,high,7913,original,35,clean,42
8145,8146,41,35,data\splits\pilot_100id\images\41\8146.png,high,8145,original,35,clean,42
7841,7842,41,35,data\splits\pilot_100id\images\41\7842.png,high,7841,original,35,clean,42
7935,7936,41,35,data\splits\pilot_100id\images\41\7936.png,high,7935,original,35,clean,42
8170,8171,41,35,data\splits\pilot_100id\images\41\8171.png,high,8170,original,35,clean,42
7817,7818,41,35,data\splits\pilot_100id\images\41\7818.png,high,7817,original,35,clean,42
8147,8148,41,35,data\splits\pilot_100id\images\41\8148.png,high,8147,original,35,clean,42
8272,8273,41,35,data\splits\pilot_100id\images\41\8273.png,high,8272,original,35,clean,42
7832,7833,41,35,data\splits\pilot_100id\images\41\7833.png,high,7832,original,35,clean,42
7733,7734,41,35,data\splits\pilot_100id\images\41\7734.png,high,7733,original,35,clean,42
8282,8283,41,35,data\splits\pilot_100id\images\41\8283.png,high,8282,original,35,clean,42
7801,7802,41,35,data\splits\pilot_100id\images\41\7802.png,high,7801,original,35,clean,42
8344,8345,42,36,data\splits\pilot_100id\images\42\8345.png,high,8344,original,36,clean,42
8311,8312,42,36,data\splits\pilot_100id\images\42\8312.png,high,8311,original,36,clean,42
8345,8346,42,36,data\splits\pilot_100id\images\42\8346.png,high,8345,original,36,clean,42
8323,8324,42,36,data\splits\pilot_100id\images\42\8324.png,high,8323,original,36,clean,42
8321,8322,42,36,data\splits\pilot_100id\images\42\8322.png,high,8321,original,36,clean,42
8388,8389,42,36,data\splits\pilot_100id\images\42\8389.png,high,8388,original,36,clean,42
8341,8342,42,36,data\splits\pilot_100id\images\42\8342.png,high,8341,original,36,clean,42
8315,8316,42,36,data\splits\pilot_100id\images\42\8316.png,high,8315,original,36,clean,42
8360,8361,42,36,data\splits\pilot_100id\images\42\8361.png,high,8360,original,36,clean,42
8377,8378,42,36,data\splits\pilot_100id\images\42\8378.png,high,8377,original,36,clean,42
8372,8373,42,36,data\splits\pilot_100id\images\42\8373.png,high,8372,original,36,clean,42
8333,8334,42,36,data\splits\pilot_100id\images\42\8334.png,high,8333,original,36,clean,42
8383,8384,42,36,data\splits\pilot_100id\images\42\8384.png,high,8383,original,36,clean,42
8365,8366,42,36,data\splits\pilot_100id\images\42\8366.png,high,8365,original,36,clean,42
8329,8330,42,36,data\splits\pilot_100id\images\42\8330.png,high,8329,original,36,clean,42
8355,8356,42,36,data\splits\pilot_100id\images\42\8356.png,high,8355,original,36,clean,42
8342,8343,42,36,data\splits\pilot_100id\images\42\8343.png,high,8342,original,36,clean,42
8369,8370,42,36,data\splits\pilot_100id\images\42\8370.png,high,8369,original,36,clean,42
8320,8321,42,36,data\splits\pilot_100id\images\42\8321.png,high,8320,original,36,clean,42
8316,8317,42,36,data\splits\pilot_100id\images\42\8317.png,high,8316,original,36,clean,42
8346,8347,42,36,data\splits\pilot_100id\images\42\8347.png,high,8346,original,36,clean,42
8350,8351,42,36,data\splits\pilot_100id\images\42\8351.png,high,8350,original,36,clean,42
8378,8379,42,36,data\splits\pilot_100id\images\42\8379.png,high,8378,original,36,clean,42
8364,8365,42,36,data\splits\pilot_100id\images\42\8365.png,high,8364,original,36,clean,42
8351,8352,42,36,data\splits\pilot_100id\images\42\8352.png,high,8351,original,36,clean,42
8465,8466,43,37,data\splits\pilot_100id\images\43\8466.png,high,8465,original,37,clean,42
8527,8528,43,37,data\splits\pilot_100id\images\43\8528.png,high,8527,original,37,clean,42
8541,8542,43,37,data\splits\pilot_100id\images\43\8542.png,high,8541,original,37,clean,42
8449,8450,43,37,data\splits\pilot_100id\images\43\8450.png,high,8449,original,37,clean,42
8545,8546,43,37,data\splits\pilot_100id\images\43\8546.png,high,8545,original,37,clean,42
8554,8555,43,37,data\splits\pilot_100id\images\43\8555.png,high,8554,original,37,clean,42
8474,8475,43,37,data\splits\pilot_100id\images\43\8475.png,high,8474,original,37,clean,42
8531,8532,43,37,data\splits\pilot_100id\images\43\8532.png,high,8531,original,37,clean,42
8503,8504,43,37,data\splits\pilot_100id\images\43\8504.png,high,8503,original,37,clean,42
8420,8421,43,37,data\splits\pilot_100id\images\43\8421.png,high,8420,original,37,clean,42
8512,8513,43,37,data\splits\pilot_100id\images\43\8513.png,high,8512,original,37,clean,42
8498,8499,43,37,data\splits\pilot_100id\images\43\8499.png,high,8498,original,37,clean,42
8430,8431,43,37,data\splits\pilot_100id\images\43\8431.png,high,8430,original,37,clean,42
8479,8480,43,37,data\splits\pilot_100id\images\43\8480.png,high,8479,original,37,clean,42
8535,8536,43,37,data\splits\pilot_100id\images\43\8536.png,high,8535,original,37,clean,42
8404,8405,43,37,data\splits\pilot_100id\images\43\8405.png,high,8404,original,37,clean,42
8525,8526,43,37,data\splits\pilot_100id\images\43\8526.png,high,8525,original,37,clean,42
8413,8414,43,37,data\splits\pilot_100id\images\43\8414.png,high,8413,original,37,clean,42
8464,8465,43,37,data\splits\pilot_100id\images\43\8465.png,high,8464,original,37,clean,42
8534,8535,43,37,data\splits\pilot_100id\images\43\8535.png,high,8534,original,37,clean,42
8418,8419,43,37,data\splits\pilot_100id\images\43\8419.png,high,8418,original,37,clean,42
8419,8420,43,37,data\splits\pilot_100id\images\43\8420.png,high,8419,original,37,clean,42
8444,8445,43,37,data\splits\pilot_100id\images\43\8445.png,high,8444,original,37,clean,42
8502,8503,43,37,data\splits\pilot_100id\images\43\8503.png,high,8502,original,37,clean,42
8557,8558,43,37,data\splits\pilot_100id\images\43\8558.png,high,8557,original,37,clean,42
8576,8577,44,38,data\splits\pilot_100id\images\44\8577.png,high,8576,original,38,clean,42
8580,8581,44,38,data\splits\pilot_100id\images\44\8581.png,high,8580,original,38,clean,42
8588,8589,44,38,data\splits\pilot_100id\images\44\8589.png,high,8588,original,38,clean,42
8587,8588,44,38,data\splits\pilot_100id\images\44\8588.png,high,8587,original,38,clean,42
8569,8570,44,38,data\splits\pilot_100id\images\44\8570.png,high,8569,original,38,clean,42
8585,8586,44,38,data\splits\pilot_100id\images\44\8586.png,high,8585,original,38,clean,42
8582,8583,44,38,data\splits\pilot_100id\images\44\8583.png,high,8582,original,38,clean,42
8573,8574,44,38,data\splits\pilot_100id\images\44\8574.png,high,8573,original,38,clean,42
8593,8594,44,38,data\splits\pilot_100id\images\44\8594.png,high,8593,original,38,clean,42
8570,8571,44,38,data\splits\pilot_100id\images\44\8571.png,high,8570,original,38,clean,42
8561,8562,44,38,data\splits\pilot_100id\images\44\8562.png,high,8561,original,38,clean,42
8565,8566,44,38,data\splits\pilot_100id\images\44\8566.png,high,8565,original,38,clean,42
8577,8578,44,38,data\splits\pilot_100id\images\44\8578.png,high,8577,original,38,clean,42
8578,8579,44,38,data\splits\pilot_100id\images\44\8579.png,high,8578,original,38,clean,42
8566,8567,44,38,data\splits\pilot_100id\images\44\8567.png,high,8566,original,38,clean,42
8574,8575,44,38,data\splits\pilot_100id\images\44\8575.png,high,8574,original,38,clean,42
8572,8573,44,38,data\splits\pilot_100id\images\44\8573.png,high,8572,original,38,clean,42
8562,8563,44,38,data\splits\pilot_100id\images\44\8563.png,high,8562,original,38,clean,42
8563,8564,44,38,data\splits\pilot_100id\images\44\8564.png,high,8563,original,38,clean,42
8591,8592,44,38,data\splits\pilot_100id\images\44\8592.png,high,8591,original,38,clean,42
8564,8565,44,38,data\splits\pilot_100id\images\44\8565.png,high,8564,original,38,clean,42
8590,8591,44,38,data\splits\pilot_100id\images\44\8591.png,high,8590,original,38,clean,42
8584,8585,44,38,data\splits\pilot_100id\images\44\8585.png,high,8584,original,38,clean,42
8592,8593,44,38,data\splits\pilot_100id\images\44\8593.png,high,8592,original,38,clean,42
8583,8584,44,38,data\splits\pilot_100id\images\44\8584.png,high,8583,original,38,clean,42
8786,8787,46,39,data\splits\pilot_100id\images\46\8787.png,high,8786,original,39,clean,42
8835,8836,46,39,data\splits\pilot_100id\images\46\8836.png,high,8835,original,39,clean,42
8718,8719,46,39,data\splits\pilot_100id\images\46\8719.png,high,8718,original,39,clean,42
8853,8854,46,39,data\splits\pilot_100id\images\46\8854.png,high,8853,original,39,clean,42
8667,8668,46,39,data\splits\pilot_100id\images\46\8668.png,high,8667,original,39,clean,42
8616,8617,46,39,data\splits\pilot_100id\images\46\8617.png,high,8616,original,39,clean,42
8726,8727,46,39,data\splits\pilot_100id\images\46\8727.png,high,8726,original,39,clean,42
8830,8831,46,39,data\splits\pilot_100id\images\46\8831.png,high,8830,original,39,clean,42
8874,8875,46,39,data\splits\pilot_100id\images\46\8875.png,high,8874,original,39,clean,42
8640,8641,46,39,data\splits\pilot_100id\images\46\8641.png,high,8640,original,39,clean,42
8612,8613,46,39,data\splits\pilot_100id\images\46\8613.png,high,8612,original,39,clean,42
8708,8709,46,39,data\splits\pilot_100id\images\46\8709.png,high,8708,original,39,clean,42
8652,8653,46,39,data\splits\pilot_100id\images\46\8653.png,high,8652,original,39,clean,42
8782,8783,46,39,data\splits\pilot_100id\images\46\8783.png,high,8782,original,39,clean,42
8725,8726,46,39,data\splits\pilot_100id\images\46\8726.png,high,8725,original,39,clean,42
8653,8654,46,39,data\splits\pilot_100id\images\46\8654.png,high,8653,original,39,clean,42
8732,8733,46,39,data\splits\pilot_100id\images\46\8733.png,high,8732,original,39,clean,42
8799,8800,46,39,data\splits\pilot_100id\images\46\8800.png,high,8799,original,39,clean,42
8891,8892,46,39,data\splits\pilot_100id\images\46\8892.png,high,8891,original,39,clean,42
8885,8886,46,39,data\splits\pilot_100id\images\46\8886.png,high,8885,original,39,clean,42
8759,8760,46,39,data\splits\pilot_100id\images\46\8760.png,high,8759,original,39,clean,42
8875,8876,46,39,data\splits\pilot_100id\images\46\8876.png,high,8875,original,39,clean,42
8878,8879,46,39,data\splits\pilot_100id\images\46\8879.png,high,8878,original,39,clean,42
8632,8633,46,39,data\splits\pilot_100id\images\46\8633.png,high,8632,original,39,clean,42
8753,8754,46,39,data\splits\pilot_100id\images\46\8754.png,high,8753,original,39,clean,42
8979,8980,47,40,data\splits\pilot_100id\images\47\8980.png,high,8979,original,40,clean,42
9127,9128,47,40,data\splits\pilot_100id\images\47\9128.png,high,9127,original,40,clean,42
9167,9168,47,40,data\splits\pilot_100id\images\47\9168.png,high,9167,original,40,clean,42
8942,8943,47,40,data\splits\pilot_100id\images\47\8943.png,high,8942,original,40,clean,42
8951,8952,47,40,data\splits\pilot_100id\images\47\8952.png,high,8951,original,40,clean,42
8986,8987,47,40,data\splits\pilot_100id\images\47\8987.png,high,8986,original,40,clean,42
9046,9047,47,40,data\splits\pilot_100id\images\47\9047.png,high,9046,original,40,clean,42
9242,9243,47,40,data\splits\pilot_100id\images\47\9243.png,high,9242,original,40,clean,42
9154,9155,47,40,data\splits\pilot_100id\images\47\9155.png,high,9154,original,40,clean,42
9175,9176,47,40,data\splits\pilot_100id\images\47\9176.png,high,9175,original,40,clean,42
9275,9276,47,40,data\splits\pilot_100id\images\47\9276.png,high,9275,original,40,clean,42
8987,8988,47,40,data\splits\pilot_100id\images\47\8988.png,high,8987,original,40,clean,42
9193,9194,47,40,data\splits\pilot_100id\images\47\9194.png,high,9193,original,40,clean,42
9297,9298,47,40,data\splits\pilot_100id\images\47\9298.png,high,9297,original,40,clean,42
9064,9065,47,40,data\splits\pilot_100id\images\47\9065.png,high,9064,original,40,clean,42
9093,9094,47,40,data\splits\pilot_100id\images\47\9094.png,high,9093,original,40,clean,42
9086,9087,47,40,data\splits\pilot_100id\images\47\9087.png,high,9086,original,40,clean,42
9140,9141,47,40,data\splits\pilot_100id\images\47\9141.png,high,9140,original,40,clean,42
8918,8919,47,40,data\splits\pilot_100id\images\47\8919.png,high,8918,original,40,clean,42
9104,9105,47,40,data\splits\pilot_100id\images\47\9105.png,high,9104,original,40,clean,42
8964,8965,47,40,data\splits\pilot_100id\images\47\8965.png,high,8964,original,40,clean,42
9310,9311,47,40,data\splits\pilot_100id\images\47\9311.png,high,9310,original,40,clean,42
9194,9195,47,40,data\splits\pilot_100id\images\47\9195.png,high,9194,original,40,clean,42
9143,9144,47,40,data\splits\pilot_100id\images\47\9144.png,high,9143,original,40,clean,42
9189,9190,47,40,data\splits\pilot_100id\images\47\9190.png,high,9189,original,40,clean,42
9348,9349,48,41,data\splits\pilot_100id\images\48\9349.png,high,9348,original,41,clean,42
9351,9352,48,41,data\splits\pilot_100id\images\48\9352.png,high,9351,original,41,clean,42
9319,9320,48,41,data\splits\pilot_100id\images\48\9320.png,high,9319,original,41,clean,42
9328,9329,48,41,data\splits\pilot_100id\images\48\9329.png,high,9328,original,41,clean,42
9345,9346,48,41,data\splits\pilot_100id\images\48\9346.png,high,9345,original,41,clean,42
9341,9342,48,41,data\splits\pilot_100id\images\48\9342.png,high,9341,original,41,clean,42
9321,9322,48,41,data\splits\pilot_100id\images\48\9322.png,high,9321,original,41,clean,42
9342,9343,48,41,data\splits\pilot_100id\images\48\9343.png,high,9342,original,41,clean,42
9339,9340,48,41,data\splits\pilot_100id\images\48\9340.png,high,9339,original,41,clean,42
9330,9331,48,41,data\splits\pilot_100id\images\48\9331.png,high,9330,original,41,clean,42
9332,9333,48,41,data\splits\pilot_100id\images\48\9333.png,high,9332,original,41,clean,42
9323,9324,48,41,data\splits\pilot_100id\images\48\9324.png,high,9323,original,41,clean,42
9331,9332,48,41,data\splits\pilot_100id\images\48\9332.png,high,9331,original,41,clean,42
9327,9328,48,41,data\splits\pilot_100id\images\48\9328.png,high,9327,original,41,clean,42
9334,9335,48,41,data\splits\pilot_100id\images\48\9335.png,high,9334,original,41,clean,42
9324,9325,48,41,data\splits\pilot_100id\images\48\9325.png,high,9324,original,41,clean,42
9347,9348,48,41,data\splits\pilot_100id\images\48\9348.png,high,9347,original,41,clean,42
9315,9316,48,41,data\splits\pilot_100id\images\48\9316.png,high,9315,original,41,clean,42
9340,9341,48,41,data\splits\pilot_100id\images\48\9341.png,high,9340,original,41,clean,42
9320,9321,48,41,data\splits\pilot_100id\images\48\9321.png,high,9320,original,41,clean,42
9326,9327,48,41,data\splits\pilot_100id\images\48\9327.png,high,9326,original,41,clean,42
9316,9317,48,41,data\splits\pilot_100id\images\48\9317.png,high,9316,original,41,clean,42
9352,9353,48,41,data\splits\pilot_100id\images\48\9353.png,high,9352,original,41,clean,42
9336,9337,48,41,data\splits\pilot_100id\images\48\9337.png,high,9336,original,41,clean,42
9317,9318,48,41,data\splits\pilot_100id\images\48\9318.png,high,9317,original,41,clean,42
9414,9415,49,42,data\splits\pilot_100id\images\49\9415.png,high,9414,original,42,clean,42
9410,9411,49,42,data\splits\pilot_100id\images\49\9411.png,high,9410,original,42,clean,42
9353,9354,49,42,data\splits\pilot_100id\images\49\9354.png,high,9353,original,42,clean,42
9396,9397,49,42,data\splits\pilot_100id\images\49\9397.png,high,9396,original,42,clean,42
9358,9359,49,42,data\splits\pilot_100id\images\49\9359.png,high,9358,original,42,clean,42
9389,9390,49,42,data\splits\pilot_100id\images\49\9390.png,high,9389,original,42,clean,42
9369,9370,49,42,data\splits\pilot_100id\images\49\9370.png,high,9369,original,42,clean,42
9365,9366,49,42,data\splits\pilot_100id\images\49\9366.png,high,9365,original,42,clean,42
9378,9379,49,42,data\splits\pilot_100id\images\49\9379.png,high,9378,original,42,clean,42
9413,9414,49,42,data\splits\pilot_100id\images\49\9414.png,high,9413,original,42,clean,42
9408,9409,49,42,data\splits\pilot_100id\images\49\9409.png,high,9408,original,42,clean,42
9362,9363,49,42,data\splits\pilot_100id\images\49\9363.png,high,9362,original,42,clean,42
9393,9394,49,42,data\splits\pilot_100id\images\49\9394.png,high,9393,original,42,clean,42
9366,9367,49,42,data\splits\pilot_100id\images\49\9367.png,high,9366,original,42,clean,42
9387,9388,49,42,data\splits\pilot_100id\images\49\9388.png,high,9387,original,42,clean,42
9402,9403,49,42,data\splits\pilot_100id\images\49\9403.png,high,9402,original,42,clean,42
9356,9357,49,42,data\splits\pilot_100id\images\49\9357.png,high,9356,original,42,clean,42
9370,9371,49,42,data\splits\pilot_100id\images\49\9371.png,high,9370,original,42,clean,42
9401,9402,49,42,data\splits\pilot_100id\images\49\9402.png,high,9401,original,42,clean,42
9361,9362,49,42,data\splits\pilot_100id\images\49\9362.png,high,9361,original,42,clean,42
9359,9360,49,42,data\splits\pilot_100id\images\49\9360.png,high,9359,original,42,clean,42
9386,9387,49,42,data\splits\pilot_100id\images\49\9387.png,high,9386,original,42,clean,42
9357,9358,49,42,data\splits\pilot_100id\images\49\9358.png,high,9357,original,42,clean,42
9399,9400,49,42,data\splits\pilot_100id\images\49\9400.png,high,9399,original,42,clean,42
9372,9373,49,42,data\splits\pilot_100id\images\49\9373.png,high,9372,original,42,clean,42
9622,9623,51,43,data\splits\pilot_100id\images\51\9623.png,high,9622,original,43,clean,42
9515,9516,51,43,data\splits\pilot_100id\images\51\9516.png,high,9515,original,43,clean,42
9492,9493,51,43,data\splits\pilot_100id\images\51\9493.png,high,9492,original,43,clean,42
9574,9575,51,43,data\splits\pilot_100id\images\51\9575.png,high,9574,original,43,clean,42
9598,9599,51,43,data\splits\pilot_100id\images\51\9599.png,high,9598,original,43,clean,42
9452,9453,51,43,data\splits\pilot_100id\images\51\9453.png,high,9452,original,43,clean,42
9512,9513,51,43,data\splits\pilot_100id\images\51\9513.png,high,9512,original,43,clean,42
9591,9592,51,43,data\splits\pilot_100id\images\51\9592.png,high,9591,original,43,clean,42
9559,9560,51,43,data\splits\pilot_100id\images\51\9560.png,high,9559,original,43,clean,42
9612,9613,51,43,data\splits\pilot_100id\images\51\9613.png,high,9612,original,43,clean,42
9595,9596,51,43,data\splits\pilot_100id\images\51\9596.png,high,9595,original,43,clean,42
9479,9480,51,43,data\splits\pilot_100id\images\51\9480.png,high,9479,original,43,clean,42
9602,9603,51,43,data\splits\pilot_100id\images\51\9603.png,high,9602,original,43,clean,42
9467,9468,51,43,data\splits\pilot_100id\images\51\9468.png,high,9467,original,43,clean,42
9488,9489,51,43,data\splits\pilot_100id\images\51\9489.png,high,9488,original,43,clean,42
9453,9454,51,43,data\splits\pilot_100id\images\51\9454.png,high,9453,original,43,clean,42
9603,9604,51,43,data\splits\pilot_100id\images\51\9604.png,high,9603,original,43,clean,42
9614,9615,51,43,data\splits\pilot_100id\images\51\9615.png,high,9614,original,43,clean,42
9522,9523,51,43,data\splits\pilot_100id\images\51\9523.png,high,9522,original,43,clean,42
9456,9457,51,43,data\splits\pilot_100id\images\51\9457.png,high,9456,original,43,clean,42
9561,9562,51,43,data\splits\pilot_100id\images\51\9562.png,high,9561,original,43,clean,42
9555,9556,51,43,data\splits\pilot_100id\images\51\9556.png,high,9555,original,43,clean,42
9442,9443,51,43,data\splits\pilot_100id\images\51\9443.png,high,9442,original,43,clean,42
9585,9586,51,43,data\splits\pilot_100id\images\51\9586.png,high,9585,original,43,clean,42
9461,9462,51,43,data\splits\pilot_100id\images\51\9462.png,high,9461,original,43,clean,42
9803,9804,54,44,data\splits\pilot_100id\images\54\9804.png,high,9803,original,44,clean,42
9696,9697,54,44,data\splits\pilot_100id\images\54\9697.png,high,9696,original,44,clean,42
9785,9786,54,44,data\splits\pilot_100id\images\54\9786.png,high,9785,original,44,clean,42
9695,9696,54,44,data\splits\pilot_100id\images\54\9696.png,high,9695,original,44,clean,42
9808,9809,54,44,data\splits\pilot_100id\images\54\9809.png,high,9808,original,44,clean,42
9827,9828,54,44,data\splits\pilot_100id\images\54\9828.png,high,9827,original,44,clean,42
9830,9831,54,44,data\splits\pilot_100id\images\54\9831.png,high,9830,original,44,clean,42
9717,9718,54,44,data\splits\pilot_100id\images\54\9718.png,high,9717,original,44,clean,42
9771,9772,54,44,data\splits\pilot_100id\images\54\9772.png,high,9771,original,44,clean,42
9726,9727,54,44,data\splits\pilot_100id\images\54\9727.png,high,9726,original,44,clean,42
9681,9682,54,44,data\splits\pilot_100id\images\54\9682.png,high,9681,original,44,clean,42
9822,9823,54,44,data\splits\pilot_100id\images\54\9823.png,high,9822,original,44,clean,42
9799,9800,54,44,data\splits\pilot_100id\images\54\9800.png,high,9799,original,44,clean,42
9711,9712,54,44,data\splits\pilot_100id\images\54\9712.png,high,9711,original,44,clean,42
9734,9735,54,44,data\splits\pilot_100id\images\54\9735.png,high,9734,original,44,clean,42
9751,9752,54,44,data\splits\pilot_100id\images\54\9752.png,high,9751,original,44,clean,42
9690,9691,54,44,data\splits\pilot_100id\images\54\9691.png,high,9690,original,44,clean,42
9775,9776,54,44,data\splits\pilot_100id\images\54\9776.png,high,9775,original,44,clean,42
9741,9742,54,44,data\splits\pilot_100id\images\54\9742.png,high,9741,original,44,clean,42
9774,9775,54,44,data\splits\pilot_100id\images\54\9775.png,high,9774,original,44,clean,42
9685,9686,54,44,data\splits\pilot_100id\images\54\9686.png,high,9685,original,44,clean,42
9682,9683,54,44,data\splits\pilot_100id\images\54\9683.png,high,9682,original,44,clean,42
9697,9698,54,44,data\splits\pilot_100id\images\54\9698.png,high,9697,original,44,clean,42
9684,9685,54,44,data\splits\pilot_100id\images\54\9685.png,high,9684,original,44,clean,42
9678,9679,54,44,data\splits\pilot_100id\images\54\9679.png,high,9678,original,44,clean,42
9922,9923,56,45,data\splits\pilot_100id\images\56\9923.png,high,9922,original,45,clean,42
9867,9868,56,45,data\splits\pilot_100id\images\56\9868.png,high,9867,original,45,clean,42
9967,9968,56,45,data\splits\pilot_100id\images\56\9968.png,high,9967,original,45,clean,42
9927,9928,56,45,data\splits\pilot_100id\images\56\9928.png,high,9927,original,45,clean,42
9925,9926,56,45,data\splits\pilot_100id\images\56\9926.png,high,9925,original,45,clean,42
9880,9881,56,45,data\splits\pilot_100id\images\56\9881.png,high,9880,original,45,clean,42
9913,9914,56,45,data\splits\pilot_100id\images\56\9914.png,high,9913,original,45,clean,42
9990,9991,56,45,data\splits\pilot_100id\images\56\9991.png,high,9990,original,45,clean,42
9917,9918,56,45,data\splits\pilot_100id\images\56\9918.png,high,9917,original,45,clean,42
9931,9932,56,45,data\splits\pilot_100id\images\56\9932.png,high,9931,original,45,clean,42
9959,9960,56,45,data\splits\pilot_100id\images\56\9960.png,high,9959,original,45,clean,42
9861,9862,56,45,data\splits\pilot_100id\images\56\9862.png,high,9861,original,45,clean,42
9885,9886,56,45,data\splits\pilot_100id\images\56\9886.png,high,9885,original,45,clean,42
9858,9859,56,45,data\splits\pilot_100id\images\56\9859.png,high,9858,original,45,clean,42
9868,9869,56,45,data\splits\pilot_100id\images\56\9869.png,high,9868,original,45,clean,42
9905,9906,56,45,data\splits\pilot_100id\images\56\9906.png,high,9905,original,45,clean,42
9953,9954,56,45,data\splits\pilot_100id\images\56\9954.png,high,9953,original,45,clean,42
9918,9919,56,45,data\splits\pilot_100id\images\56\9919.png,high,9918,original,45,clean,42
9904,9905,56,45,data\splits\pilot_100id\images\56\9905.png,high,9904,original,45,clean,42
9981,9982,56,45,data\splits\pilot_100id\images\56\9982.png,high,9981,original,45,clean,42
9878,9879,56,45,data\splits\pilot_100id\images\56\9879.png,high,9878,original,45,clean,42
9976,9977,56,45,data\splits\pilot_100id\images\56\9977.png,high,9976,original,45,clean,42
9875,9876,56,45,data\splits\pilot_100id\images\56\9876.png,high,9875,original,45,clean,42
9977,9978,56,45,data\splits\pilot_100id\images\56\9978.png,high,9977,original,45,clean,42
9980,9981,56,45,data\splits\pilot_100id\images\56\9981.png,high,9980,original,45,clean,42
10055,10056,57,46,data\splits\pilot_100id\images\57\10056.png,high,10055,original,46,clean,42
10088,10089,57,46,data\splits\pilot_100id\images\57\10089.png,high,10088,original,46,clean,42
10003,10004,57,46,data\splits\pilot_100id\images\57\10004.png,high,10003,original,46,clean,42
10044,10045,57,46,data\splits\pilot_100id\images\57\10045.png,high,10044,original,46,clean,42
10025,10026,57,46,data\splits\pilot_100id\images\57\10026.png,high,10025,original,46,clean,42
10116,10117,57,46,data\splits\pilot_100id\images\57\10117.png,high,10116,original,46,clean,42
10068,10069,57,46,data\splits\pilot_100id\images\57\10069.png,high,10068,original,46,clean,42
10009,10010,57,46,data\splits\pilot_100id\images\57\10010.png,high,10009,original,46,clean,42
10089,10090,57,46,data\splits\pilot_100id\images\57\10090.png,high,10089,original,46,clean,42
10072,10073,57,46,data\splits\pilot_100id\images\57\10073.png,high,10072,original,46,clean,42
10017,10018,57,46,data\splits\pilot_100id\images\57\10018.png,high,10017,original,46,clean,42
10111,10112,57,46,data\splits\pilot_100id\images\57\10112.png,high,10111,original,46,clean,42
10010,10011,57,46,data\splits\pilot_100id\images\57\10011.png,high,10010,original,46,clean,42
10095,10096,57,46,data\splits\pilot_100id\images\57\10096.png,high,10095,original,46,clean,42
10041,10042,57,46,data\splits\pilot_100id\images\57\10042.png,high,10041,original,46,clean,42
10030,10031,57,46,data\splits\pilot_100id\images\57\10031.png,high,10030,original,46,clean,42
10087,10088,57,46,data\splits\pilot_100id\images\57\10088.png,high,10087,original,46,clean,42
9999,10000,57,46,data\splits\pilot_100id\images\57\10000.png,high,9999,original,46,clean,42
10096,10097,57,46,data\splits\pilot_100id\images\57\10097.png,high,10096,original,46,clean,42
10109,10110,57,46,data\splits\pilot_100id\images\57\10110.png,high,10109,original,46,clean,42
10063,10064,57,46,data\splits\pilot_100id\images\57\10064.png,high,10063,original,46,clean,42
10039,10040,57,46,data\splits\pilot_100id\images\57\10040.png,high,10039,original,46,clean,42
10094,10095,57,46,data\splits\pilot_100id\images\57\10095.png,high,10094,original,46,clean,42
10052,10053,57,46,data\splits\pilot_100id\images\57\10053.png,high,10052,original,46,clean,42
10043,10044,57,46,data\splits\pilot_100id\images\57\10044.png,high,10043,original,46,clean,42
10183,10184,58,47,data\splits\pilot_100id\images\58\10184.png,high,10183,original,47,clean,42
10232,10233,58,47,data\splits\pilot_100id\images\58\10233.png,high,10232,original,47,clean,42
10134,10135,58,47,data\splits\pilot_100id\images\58\10135.png,high,10134,original,47,clean,42
10259,10260,58,47,data\splits\pilot_100id\images\58\10260.png,high,10259,original,47,clean,42
10274,10275,58,47,data\splits\pilot_100id\images\58\10275.png,high,10274,original,47,clean,42
10244,10245,58,47,data\splits\pilot_100id\images\58\10245.png,high,10244,original,47,clean,42
10258,10259,58,47,data\splits\pilot_100id\images\58\10259.png,high,10258,original,47,clean,42
10148,10149,58,47,data\splits\pilot_100id\images\58\10149.png,high,10148,original,47,clean,42
10136,10137,58,47,data\splits\pilot_100id\images\58\10137.png,high,10136,original,47,clean,42
10285,10286,58,47,data\splits\pilot_100id\images\58\10286.png,high,10285,original,47,clean,42
10276,10277,58,47,data\splits\pilot_100id\images\58\10277.png,high,10276,original,47,clean,42
10133,10134,58,47,data\splits\pilot_100id\images\58\10134.png,high,10133,original,47,clean,42
10173,10174,58,47,data\splits\pilot_100id\images\58\10174.png,high,10173,original,47,clean,42
10174,10175,58,47,data\splits\pilot_100id\images\58\10175.png,high,10174,original,47,clean,42
10233,10234,58,47,data\splits\pilot_100id\images\58\10234.png,high,10233,original,47,clean,42
10163,10164,58,47,data\splits\pilot_100id\images\58\10164.png,high,10163,original,47,clean,42
10242,10243,58,47,data\splits\pilot_100id\images\58\10243.png,high,10242,original,47,clean,42
10127,10128,58,47,data\splits\pilot_100id\images\58\10128.png,high,10127,original,47,clean,42
10265,10266,58,47,data\splits\pilot_100id\images\58\10266.png,high,10265,original,47,clean,42
10203,10204,58,47,data\splits\pilot_100id\images\58\10204.png,high,10203,original,47,clean,42
10231,10232,58,47,data\splits\pilot_100id\images\58\10232.png,high,10231,original,47,clean,42
10279,10280,58,47,data\splits\pilot_100id\images\58\10280.png,high,10279,original,47,clean,42
10178,10179,58,47,data\splits\pilot_100id\images\58\10179.png,high,10178,original,47,clean,42
10305,10306,58,47,data\splits\pilot_100id\images\58\10306.png,high,10305,original,47,clean,42
10191,10192,58,47,data\splits\pilot_100id\images\58\10192.png,high,10191,original,47,clean,42
10316,10317,59,48,data\splits\pilot_100id\images\59\10317.png,high,10316,original,48,clean,42
10321,10322,59,48,data\splits\pilot_100id\images\59\10322.png,high,10321,original,48,clean,42
10362,10363,59,48,data\splits\pilot_100id\images\59\10363.png,high,10362,original,48,clean,42
10347,10348,59,48,data\splits\pilot_100id\images\59\10348.png,high,10347,original,48,clean,42
10329,10330,59,48,data\splits\pilot_100id\images\59\10330.png,high,10329,original,48,clean,42
10371,10372,59,48,data\splits\pilot_100id\images\59\10372.png,high,10371,original,48,clean,42
10350,10351,59,48,data\splits\pilot_100id\images\59\10351.png,high,10350,original,48,clean,42
10365,10366,59,48,data\splits\pilot_100id\images\59\10366.png,high,10365,original,48,clean,42
10328,10329,59,48,data\splits\pilot_100id\images\59\10329.png,high,10328,original,48,clean,42
10356,10357,59,48,data\splits\pilot_100id\images\59\10357.png,high,10356,original,48,clean,42
10349,10350,59,48,data\splits\pilot_100id\images\59\10350.png,high,10349,original,48,clean,42
10375,10376,59,48,data\splits\pilot_100id\images\59\10376.png,high,10375,original,48,clean,42
10332,10333,59,48,data\splits\pilot_100id\images\59\10333.png,high,10332,original,48,clean,42
10319,10320,59,48,data\splits\pilot_100id\images\59\10320.png,high,10319,original,48,clean,42
10369,10370,59,48,data\splits\pilot_100id\images\59\10370.png,high,10369,original,48,clean,42
10333,10334,59,48,data\splits\pilot_100id\images\59\10334.png,high,10333,original,48,clean,42
10324,10325,59,48,data\splits\pilot_100id\images\59\10325.png,high,10324,original,48,clean,42
10322,10323,59,48,data\splits\pilot_100id\images\59\10323.png,high,10322,original,48,clean,42
10357,10358,59,48,data\splits\pilot_100id\images\59\10358.png,high,10357,original,48,clean,42
10320,10321,59,48,data\splits\pilot_100id\images\59\10321.png,high,10320,original,48,clean,42
10360,10361,59,48,data\splits\pilot_100id\images\59\10361.png,high,10360,original,48,clean,42
10335,10336,59,48,data\splits\pilot_100id\images\59\10336.png,high,10335,original,48,clean,42
10363,10364,59,48,data\splits\pilot_100id\images\59\10364.png,high,10363,original,48,clean,42
10368,10369,59,48,data\splits\pilot_100id\images\59\10369.png,high,10368,original,48,clean,42
10341,10342,59,48,data\splits\pilot_100id\images\59\10342.png,high,10341,original,48,clean,42
10410,10411,60,49,data\splits\pilot_100id\images\60\10411.png,high,10410,original,49,clean,42
10413,10414,60,49,data\splits\pilot_100id\images\60\10414.png,high,10413,original,49,clean,42
10381,10382,60,49,data\splits\pilot_100id\images\60\10382.png,high,10381,original,49,clean,42
10390,10391,60,49,data\splits\pilot_100id\images\60\10391.png,high,10390,original,49,clean,42
10407,10408,60,49,data\splits\pilot_100id\images\60\10408.png,high,10407,original,49,clean,42
10403,10404,60,49,data\splits\pilot_100id\images\60\10404.png,high,10403,original,49,clean,42
10383,10384,60,49,data\splits\pilot_100id\images\60\10384.png,high,10383,original,49,clean,42
10404,10405,60,49,data\splits\pilot_100id\images\60\10405.png,high,10404,original,49,clean,42
10401,10402,60,49,data\splits\pilot_100id\images\60\10402.png,high,10401,original,49,clean,42
10392,10393,60,49,data\splits\pilot_100id\images\60\10393.png,high,10392,original,49,clean,42
10394,10395,60,49,data\splits\pilot_100id\images\60\10395.png,high,10394,original,49,clean,42
10385,10386,60,49,data\splits\pilot_100id\images\60\10386.png,high,10385,original,49,clean,42
10393,10394,60,49,data\splits\pilot_100id\images\60\10394.png,high,10393,original,49,clean,42
10389,10390,60,49,data\splits\pilot_100id\images\60\10390.png,high,10389,original,49,clean,42
10396,10397,60,49,data\splits\pilot_100id\images\60\10397.png,high,10396,original,49,clean,42
10386,10387,60,49,data\splits\pilot_100id\images\60\10387.png,high,10386,original,49,clean,42
10409,10410,60,49,data\splits\pilot_100id\images\60\10410.png,high,10409,original,49,clean,42
10377,10378,60,49,data\splits\pilot_100id\images\60\10378.png,high,10377,original,49,clean,42
10402,10403,60,49,data\splits\pilot_100id\images\60\10403.png,high,10402,original,49,clean,42
10382,10383,60,49,data\splits\pilot_100id\images\60\10383.png,high,10382,original,49,clean,42
10388,10389,60,49,data\splits\pilot_100id\images\60\10389.png,high,10388,original,49,clean,42
10378,10379,60,49,data\splits\pilot_100id\images\60\10379.png,high,10378,original,49,clean,42
10414,10415,60,49,data\splits\pilot_100id\images\60\10415.png,high,10414,original,49,clean,42
10398,10399,60,49,data\splits\pilot_100id\images\60\10399.png,high,10398,original,49,clean,42
10379,10380,60,49,data\splits\pilot_100id\images\60\10380.png,high,10379,original,49,clean,42
10493,10494,61,50,data\splits\pilot_100id\images\61\10494.png,high,10493,original,50,clean,42
10570,10571,61,50,data\splits\pilot_100id\images\61\10571.png,high,10570,original,50,clean,42
10543,10544,61,50,data\splits\pilot_100id\images\61\10544.png,high,10543,original,50,clean,42
10470,10471,61,50,data\splits\pilot_100id\images\61\10471.png,high,10470,original,50,clean,42
10509,10510,61,50,data\splits\pilot_100id\images\61\10510.png,high,10509,original,50,clean,42
10444,10445,61,50,data\splits\pilot_100id\images\61\10445.png,high,10444,original,50,clean,42
10562,10563,61,50,data\splits\pilot_100id\images\61\10563.png,high,10562,original,50,clean,42
10466,10467,61,50,data\splits\pilot_100id\images\61\10467.png,high,10466,original,50,clean,42
10513,10514,61,50,data\splits\pilot_100id\images\61\10514.png,high,10513,original,50,clean,42
10556,10557,61,50,data\splits\pilot_100id\images\61\10557.png,high,10556,original,50,clean,42
10434,10435,61,50,data\splits\pilot_100id\images\61\10435.png,high,10434,original,50,clean,42
10475,10476,61,50,data\splits\pilot_100id\images\61\10476.png,high,10475,original,50,clean,42
10430,10431,61,50,data\splits\pilot_100id\images\61\10431.png,high,10430,original,50,clean,42
10480,10481,61,50,data\splits\pilot_100id\images\61\10481.png,high,10480,original,50,clean,42
10439,10440,61,50,data\splits\pilot_100id\images\61\10440.png,high,10439,original,50,clean,42
10445,10446,61,50,data\splits\pilot_100id\images\61\10446.png,high,10445,original,50,clean,42
10541,10542,61,50,data\splits\pilot_100id\images\61\10542.png,high,10541,original,50,clean,42
10516,10517,61,50,data\splits\pilot_100id\images\61\10517.png,high,10516,original,50,clean,42
10511,10512,61,50,data\splits\pilot_100id\images\61\10512.png,high,10511,original,50,clean,42
10431,10432,61,50,data\splits\pilot_100id\images\61\10432.png,high,10431,original,50,clean,42
10566,10567,61,50,data\splits\pilot_100id\images\61\10567.png,high,10566,original,50,clean,42
10433,10434,61,50,data\splits\pilot_100id\images\61\10434.png,high,10433,original,50,clean,42
10427,10428,61,50,data\splits\pilot_100id\images\61\10428.png,high,10427,original,50,clean,42
10424,10425,61,50,data\splits\pilot_100id\images\61\10425.png,high,10424,original,50,clean,42
10446,10447,61,50,data\splits\pilot_100id\images\61\10447.png,high,10446,original,50,clean,42
10605,10606,62,51,data\splits\pilot_100id\images\62\10606.png,high,10605,original,51,clean,42
10589,10590,62,51,data\splits\pilot_100id\images\62\10590.png,high,10589,original,51,clean,42
10600,10601,62,51,data\splits\pilot_100id\images\62\10601.png,high,10600,original,51,clean,42
10591,10592,62,51,data\splits\pilot_100id\images\62\10592.png,high,10591,original,51,clean,42
10582,10583,62,51,data\splits\pilot_100id\images\62\10583.png,high,10582,original,51,clean,42
10583,10584,62,51,data\splits\pilot_100id\images\62\10584.png,high,10583,original,51,clean,42
10593,10594,62,51,data\splits\pilot_100id\images\62\10594.png,high,10593,original,51,clean,42
10595,10596,62,51,data\splits\pilot_100id\images\62\10596.png,high,10595,original,51,clean,42
10586,10587,62,51,data\splits\pilot_100id\images\62\10587.png,high,10586,original,51,clean,42
10574,10575,62,51,data\splits\pilot_100id\images\62\10575.png,high,10574,original,51,clean,42
10578,10579,62,51,data\splits\pilot_100id\images\62\10579.png,high,10578,original,51,clean,42
10590,10591,62,51,data\splits\pilot_100id\images\62\10591.png,high,10590,original,51,clean,42
10579,10580,62,51,data\splits\pilot_100id\images\62\10580.png,high,10579,original,51,clean,42
10587,10588,62,51,data\splits\pilot_100id\images\62\10588.png,high,10587,original,51,clean,42
10585,10586,62,51,data\splits\pilot_100id\images\62\10586.png,high,10585,original,51,clean,42
10598,10599,62,51,data\splits\pilot_100id\images\62\10599.png,high,10598,original,51,clean,42
10575,10576,62,51,data\splits\pilot_100id\images\62\10576.png,high,10575,original,51,clean,42
10576,10577,62,51,data\splits\pilot_100id\images\62\10577.png,high,10576,original,51,clean,42
10603,10604,62,51,data\splits\pilot_100id\images\62\10604.png,high,10603,original,51,clean,42
10577,10578,62,51,data\splits\pilot_100id\images\62\10578.png,high,10577,original,51,clean,42
10601,10602,62,51,data\splits\pilot_100id\images\62\10602.png,high,10601,original,51,clean,42
10597,10598,62,51,data\splits\pilot_100id\images\62\10598.png,high,10597,original,51,clean,42
10604,10605,62,51,data\splits\pilot_100id\images\62\10605.png,high,10604,original,51,clean,42
10596,10597,62,51,data\splits\pilot_100id\images\62\10597.png,high,10596,original,51,clean,42
10592,10593,62,51,data\splits\pilot_100id\images\62\10593.png,high,10592,original,51,clean,42
10634,10635,63,52,data\splits\pilot_100id\images\63\10635.png,high,10634,original,52,clean,42
10622,10623,63,52,data\splits\pilot_100id\images\63\10623.png,high,10622,original,52,clean,42
10630,10631,63,52,data\splits\pilot_100id\images\63\10631.png,high,10630,original,52,clean,42
10624,10625,63,52,data\splits\pilot_100id\images\63\10625.png,high,10624,original,52,clean,42
10615,10616,63,52,data\splits\pilot_100id\images\63\10616.png,high,10615,original,52,clean,42
10616,10617,63,52,data\splits\pilot_100id\images\63\10617.png,high,10616,original,52,clean,42
10635,10636,63,52,data\splits\pilot_100id\images\63\10636.png,high,10635,original,52,clean,42
10631,10632,63,52,data\splits\pilot_100id\images\63\10632.png,high,10631,original,52,clean,42
10619,10620,63,52,data\splits\pilot_100id\images\63\10620.png,high,10619,original,52,clean,42
10607,10608,63,52,data\splits\pilot_100id\images\63\10608.png,high,10607,original,52,clean,42
10611,10612,63,52,data\splits\pilot_100id\images\63\10612.png,high,10611,original,52,clean,42
10623,10624,63,52,data\splits\pilot_100id\images\63\10624.png,high,10623,original,52,clean,42
10612,10613,63,52,data\splits\pilot_100id\images\63\10613.png,high,10612,original,52,clean,42
10620,10621,63,52,data\splits\pilot_100id\images\63\10621.png,high,10620,original,52,clean,42
10618,10619,63,52,data\splits\pilot_100id\images\63\10619.png,high,10618,original,52,clean,42
10629,10630,63,52,data\splits\pilot_100id\images\63\10630.png,high,10629,original,52,clean,42
10608,10609,63,52,data\splits\pilot_100id\images\63\10609.png,high,10608,original,52,clean,42
10609,10610,63,52,data\splits\pilot_100id\images\63\10610.png,high,10609,original,52,clean,42
10632,10633,63,52,data\splits\pilot_100id\images\63\10633.png,high,10632,original,52,clean,42
10610,10611,63,52,data\splits\pilot_100id\images\63\10611.png,high,10610,original,52,clean,42
10628,10629,63,52,data\splits\pilot_100id\images\63\10629.png,high,10628,original,52,clean,42
10633,10634,63,52,data\splits\pilot_100id\images\63\10634.png,high,10633,original,52,clean,42
10625,10626,63,52,data\splits\pilot_100id\images\63\10626.png,high,10625,original,52,clean,42
10636,10637,63,52,data\splits\pilot_100id\images\63\10637.png,high,10636,original,52,clean,42
10627,10628,63,52,data\splits\pilot_100id\images\63\10628.png,high,10627,original,52,clean,42
10726,10727,65,53,data\splits\pilot_100id\images\65\10727.png,high,10726,original,53,clean,42
10651,10652,65,53,data\splits\pilot_100id\images\65\10652.png,high,10651,original,53,clean,42
10721,10722,65,53,data\splits\pilot_100id\images\65\10722.png,high,10721,original,53,clean,42
10673,10674,65,53,data\splits\pilot_100id\images\65\10674.png,high,10673,original,53,clean,42
10663,10664,65,53,data\splits\pilot_100id\images\65\10664.png,high,10663,original,53,clean,42
10707,10708,65,53,data\splits\pilot_100id\images\65\10708.png,high,10707,original,53,clean,42
10661,10662,65,53,data\splits\pilot_100id\images\65\10662.png,high,10661,original,53,clean,42
10669,10670,65,53,data\splits\pilot_100id\images\65\10670.png,high,10669,original,53,clean,42
10655,10656,65,53,data\splits\pilot_100id\images\65\10656.png,high,10655,original,53,clean,42
10718,10719,65,53,data\splits\pilot_100id\images\65\10719.png,high,10718,original,53,clean,42
10712,10713,65,53,data\splits\pilot_100id\images\65\10713.png,high,10712,original,53,clean,42
10715,10716,65,53,data\splits\pilot_100id\images\65\10716.png,high,10715,original,53,clean,42
10704,10705,65,53,data\splits\pilot_100id\images\65\10705.png,high,10704,original,53,clean,42
10724,10725,65,53,data\splits\pilot_100id\images\65\10725.png,high,10724,original,53,clean,42
10713,10714,65,53,data\splits\pilot_100id\images\65\10714.png,high,10713,original,53,clean,42
10717,10718,65,53,data\splits\pilot_100id\images\65\10718.png,high,10717,original,53,clean,42
10684,10685,65,53,data\splits\pilot_100id\images\65\10685.png,high,10684,original,53,clean,42
10729,10730,65,53,data\splits\pilot_100id\images\65\10730.png,high,10729,original,53,clean,42
10705,10706,65,53,data\splits\pilot_100id\images\65\10706.png,high,10705,original,53,clean,42
10723,10724,65,53,data\splits\pilot_100id\images\65\10724.png,high,10723,original,53,clean,42
10662,10663,65,53,data\splits\pilot_100id\images\65\10663.png,high,10662,original,53,clean,42
10681,10682,65,53,data\splits\pilot_100id\images\65\10682.png,high,10681,original,53,clean,42
10691,10692,65,53,data\splits\pilot_100id\images\65\10692.png,high,10691,original,53,clean,42
10679,10680,65,53,data\splits\pilot_100id\images\65\10680.png,high,10679,original,53,clean,42
10660,10661,65,53,data\splits\pilot_100id\images\65\10661.png,high,10660,original,53,clean,42
10767,10768,66,54,data\splits\pilot_100id\images\66\10768.png,high,10767,original,54,clean,42
10737,10738,66,54,data\splits\pilot_100id\images\66\10738.png,high,10737,original,54,clean,42
10759,10760,66,54,data\splits\pilot_100id\images\66\10760.png,high,10759,original,54,clean,42
10768,10769,66,54,data\splits\pilot_100id\images\66\10769.png,high,10768,original,54,clean,42
10755,10756,66,54,data\splits\pilot_100id\images\66\10756.png,high,10755,original,54,clean,42
10765,10766,66,54,data\splits\pilot_100id\images\66\10766.png,high,10765,original,54,clean,42
10747,10748,66,54,data\splits\pilot_100id\images\66\10748.png,high,10747,original,54,clean,42
10807,10808,66,54,data\splits\pilot_100id\images\66\10808.png,high,10807,original,54,clean,42
10741,10742,66,54,data\splits\pilot_100id\images\66\10742.png,high,10741,original,54,clean,42
10749,10750,66,54,data\splits\pilot_100id\images\66\10750.png,high,10749,original,54,clean,42
10786,10787,66,54,data\splits\pilot_100id\images\66\10787.png,high,10786,original,54,clean,42
10770,10771,66,54,data\splits\pilot_100id\images\66\10771.png,high,10770,original,54,clean,42
10804,10805,66,54,data\splits\pilot_100id\images\66\10805.png,high,10804,original,54,clean,42
10772,10773,66,54,data\splits\pilot_100id\images\66\10773.png,high,10772,original,54,clean,42
10805,10806,66,54,data\splits\pilot_100id\images\66\10806.png,high,10805,original,54,clean,42
10782,10783,66,54,data\splits\pilot_100id\images\66\10783.png,high,10782,original,54,clean,42
10810,10811,66,54,data\splits\pilot_100id\images\66\10811.png,high,10810,original,54,clean,42
10798,10799,66,54,data\splits\pilot_100id\images\66\10799.png,high,10798,original,54,clean,42
10792,10793,66,54,data\splits\pilot_100id\images\66\10793.png,high,10792,original,54,clean,42
10777,10778,66,54,data\splits\pilot_100id\images\66\10778.png,high,10777,original,54,clean,42
10746,10747,66,54,data\splits\pilot_100id\images\66\10747.png,high,10746,original,54,clean,42
10801,10802,66,54,data\splits\pilot_100id\images\66\10802.png,high,10801,original,54,clean,42
10742,10743,66,54,data\splits\pilot_100id\images\66\10743.png,high,10742,original,54,clean,42
10784,10785,66,54,data\splits\pilot_100id\images\66\10785.png,high,10784,original,54,clean,42
10771,10772,66,54,data\splits\pilot_100id\images\66\10772.png,high,10771,original,54,clean,42
10884,10885,67,55,data\splits\pilot_100id\images\67\10885.png,high,10884,original,55,clean,42
10838,10839,67,55,data\splits\pilot_100id\images\67\10839.png,high,10838,original,55,clean,42
10888,10889,67,55,data\splits\pilot_100id\images\67\10889.png,high,10888,original,55,clean,42
10889,10890,67,55,data\splits\pilot_100id\images\67\10890.png,high,10889,original,55,clean,42
10816,10817,67,55,data\splits\pilot_100id\images\67\10817.png,high,10816,original,55,clean,42
10842,10843,67,55,data\splits\pilot_100id\images\67\10843.png,high,10842,original,55,clean,42
10856,10857,67,55,data\splits\pilot_100id\images\67\10857.png,high,10856,original,55,clean,42
10858,10859,67,55,data\splits\pilot_100id\images\67\10859.png,high,10858,original,55,clean,42
10826,10827,67,55,data\splits\pilot_100id\images\67\10827.png,high,10826,original,55,clean,42
10861,10862,67,55,data\splits\pilot_100id\images\67\10862.png,high,10861,original,55,clean,42
10900,10901,67,55,data\splits\pilot_100id\images\67\10901.png,high,10900,original,55,clean,42
10871,10872,67,55,data\splits\pilot_100id\images\67\10872.png,high,10871,original,55,clean,42
10897,10898,67,55,data\splits\pilot_100id\images\67\10898.png,high,10897,original,55,clean,42
10863,10864,67,55,data\splits\pilot_100id\images\67\10864.png,high,10863,original,55,clean,42
10828,10829,67,55,data\splits\pilot_100id\images\67\10829.png,high,10828,original,55,clean,42
10820,10821,67,55,data\splits\pilot_100id\images\67\10821.png,high,10820,original,55,clean,42
10834,10835,67,55,data\splits\pilot_100id\images\67\10835.png,high,10834,original,55,clean,42
10844,10845,67,55,data\splits\pilot_100id\images\67\10845.png,high,10844,original,55,clean,42
10855,10856,67,55,data\splits\pilot_100id\images\67\10856.png,high,10855,original,55,clean,42
10882,10883,67,55,data\splits\pilot_100id\images\67\10883.png,high,10882,original,55,clean,42
10831,10832,67,55,data\splits\pilot_100id\images\67\10832.png,high,10831,original,55,clean,42
10894,10895,67,55,data\splits\pilot_100id\images\67\10895.png,high,10894,original,55,clean,42
10895,10896,67,55,data\splits\pilot_100id\images\67\10896.png,high,10895,original,55,clean,42
10846,10847,67,55,data\splits\pilot_100id\images\67\10847.png,high,10846,original,55,clean,42
10849,10850,67,55,data\splits\pilot_100id\images\67\10850.png,high,10849,original,55,clean,42
10989,10990,68,56,data\splits\pilot_100id\images\68\10990.png,high,10989,original,56,clean,42
10921,10922,68,56,data\splits\pilot_100id\images\68\10922.png,high,10921,original,56,clean,42
10915,10916,68,56,data\splits\pilot_100id\images\68\10916.png,high,10915,original,56,clean,42
10995,10996,68,56,data\splits\pilot_100id\images\68\10996.png,high,10995,original,56,clean,42
10975,10976,68,56,data\splits\pilot_100id\images\68\10976.png,high,10975,original,56,clean,42
10979,10980,68,56,data\splits\pilot_100id\images\68\10980.png,high,10979,original,56,clean,42
10941,10942,68,56,data\splits\pilot_100id\images\68\10942.png,high,10941,original,56,clean,42
10956,10957,68,56,data\splits\pilot_100id\images\68\10957.png,high,10956,original,56,clean,42
11007,11008,68,56,data\splits\pilot_100id\images\68\11008.png,high,11007,original,56,clean,42
10922,10923,68,56,data\splits\pilot_100id\images\68\10923.png,high,10922,original,56,clean,42
10990,10991,68,56,data\splits\pilot_100id\images\68\10991.png,high,10990,original,56,clean,42
10991,10992,68,56,data\splits\pilot_100id\images\68\10992.png,high,10991,original,56,clean,42
10911,10912,68,56,data\splits\pilot_100id\images\68\10912.png,high,10911,original,56,clean,42
10992,10993,68,56,data\splits\pilot_100id\images\68\10993.png,high,10992,original,56,clean,42
10929,10930,68,56,data\splits\pilot_100id\images\68\10930.png,high,10929,original,56,clean,42
10981,10982,68,56,data\splits\pilot_100id\images\68\10982.png,high,10981,original,56,clean,42
10967,10968,68,56,data\splits\pilot_100id\images\68\10968.png,high,10967,original,56,clean,42
10983,10984,68,56,data\splits\pilot_100id\images\68\10984.png,high,10983,original,56,clean,42
11018,11019,68,56,data\splits\pilot_100id\images\68\11019.png,high,11018,original,56,clean,42
10953,10954,68,56,data\splits\pilot_100id\images\68\10954.png,high,10953,original,56,clean,42
10923,10924,68,56,data\splits\pilot_100id\images\68\10924.png,high,10923,original,56,clean,42
10947,10948,68,56,data\splits\pilot_100id\images\68\10948.png,high,10947,original,56,clean,42
10976,10977,68,56,data\splits\pilot_100id\images\68\10977.png,high,10976,original,56,clean,42
10937,10938,68,56,data\splits\pilot_100id\images\68\10938.png,high,10937,original,56,clean,42
10933,10934,68,56,data\splits\pilot_100id\images\68\10934.png,high,10933,original,56,clean,42
11415,11416,69,57,data\splits\pilot_100id\images\69\11416.png,high,11415,original,57,clean,42
11098,11099,69,57,data\splits\pilot_100id\images\69\11099.png,high,11098,original,57,clean,42
11298,11299,69,57,data\splits\pilot_100id\images\69\11299.png,high,11298,original,57,clean,42
11325,11326,69,57,data\splits\pilot_100id\images\69\11326.png,high,11325,original,57,clean,42
11345,11346,69,57,data\splits\pilot_100id\images\69\11346.png,high,11345,original,57,clean,42
11309,11310,69,57,data\splits\pilot_100id\images\69\11310.png,high,11309,original,57,clean,42
11238,11239,69,57,data\splits\pilot_100id\images\69\11239.png,high,11238,original,57,clean,42
11102,11103,69,57,data\splits\pilot_100id\images\69\11103.png,high,11102,original,57,clean,42
11452,11453,69,57,data\splits\pilot_100id\images\69\11453.png,high,11452,original,57,clean,42
11422,11423,69,57,data\splits\pilot_100id\images\69\11423.png,high,11422,original,57,clean,42
11310,11311,69,57,data\splits\pilot_100id\images\69\11311.png,high,11310,original,57,clean,42
11095,11096,69,57,data\splits\pilot_100id\images\69\11096.png,high,11095,original,57,clean,42
11245,11246,69,57,data\splits\pilot_100id\images\69\11246.png,high,11245,original,57,clean,42
11414,11415,69,57,data\splits\pilot_100id\images\69\11415.png,high,11414,original,57,clean,42
11175,11176,69,57,data\splits\pilot_100id\images\69\11176.png,high,11175,original,57,clean,42
11096,11097,69,57,data\splits\pilot_100id\images\69\11097.png,high,11096,original,57,clean,42
11451,11452,69,57,data\splits\pilot_100id\images\69\11452.png,high,11451,original,57,clean,42
11212,11213,69,57,data\splits\pilot_100id\images\69\11213.png,high,11212,original,57,clean,42
11093,11094,69,57,data\splits\pilot_100id\images\69\11094.png,high,11093,original,57,clean,42
11173,11174,69,57,data\splits\pilot_100id\images\69\11174.png,high,11173,original,57,clean,42
11029,11030,69,57,data\splits\pilot_100id\images\69\11030.png,high,11029,original,57,clean,42
11195,11196,69,57,data\splits\pilot_100id\images\69\11196.png,high,11195,original,57,clean,42
11050,11051,69,57,data\splits\pilot_100id\images\69\11051.png,high,11050,original,57,clean,42
11431,11432,69,57,data\splits\pilot_100id\images\69\11432.png,high,11431,original,57,clean,42
11124,11125,69,57,data\splits\pilot_100id\images\69\11125.png,high,11124,original,57,clean,42
11525,11526,71,58,data\splits\pilot_100id\images\71\11526.png,high,11525,original,58,clean,42
11531,11532,71,58,data\splits\pilot_100id\images\71\11532.png,high,11531,original,58,clean,42
11473,11474,71,58,data\splits\pilot_100id\images\71\11474.png,high,11473,original,58,clean,42
11517,11518,71,58,data\splits\pilot_100id\images\71\11518.png,high,11517,original,58,clean,42
11478,11479,71,58,data\splits\pilot_100id\images\71\11479.png,high,11478,original,58,clean,42
11509,11510,71,58,data\splits\pilot_100id\images\71\11510.png,high,11509,original,58,clean,42
11489,11490,71,58,data\splits\pilot_100id\images\71\11490.png,high,11489,original,58,clean,42
11485,11486,71,58,data\splits\pilot_100id\images\71\11486.png,high,11485,original,58,clean,42
11498,11499,71,58,data\splits\pilot_100id\images\71\11499.png,high,11498,original,58,clean,42
11534,11535,71,58,data\splits\pilot_100id\images\71\11535.png,high,11534,original,58,clean,42
11529,11530,71,58,data\splits\pilot_100id\images\71\11530.png,high,11529,original,58,clean,42
11482,11483,71,58,data\splits\pilot_100id\images\71\11483.png,high,11482,original,58,clean,42
11513,11514,71,58,data\splits\pilot_100id\images\71\11514.png,high,11513,original,58,clean,42
11486,11487,71,58,data\splits\pilot_100id\images\71\11487.png,high,11486,original,58,clean,42
11507,11508,71,58,data\splits\pilot_100id\images\71\11508.png,high,11507,original,58,clean,42
11523,11524,71,58,data\splits\pilot_100id\images\71\11524.png,high,11523,original,58,clean,42
11476,11477,71,58,data\splits\pilot_100id\images\71\11477.png,high,11476,original,58,clean,42
11490,11491,71,58,data\splits\pilot_100id\images\71\11491.png,high,11490,original,58,clean,42
11522,11523,71,58,data\splits\pilot_100id\images\71\11523.png,high,11522,original,58,clean,42
11481,11482,71,58,data\splits\pilot_100id\images\71\11482.png,high,11481,original,58,clean,42
11479,11480,71,58,data\splits\pilot_100id\images\71\11480.png,high,11479,original,58,clean,42
11506,11507,71,58,data\splits\pilot_100id\images\71\11507.png,high,11506,original,58,clean,42
11477,11478,71,58,data\splits\pilot_100id\images\71\11478.png,high,11477,original,58,clean,42
11520,11521,71,58,data\splits\pilot_100id\images\71\11521.png,high,11520,original,58,clean,42
11492,11493,71,58,data\splits\pilot_100id\images\71\11493.png,high,11492,original,58,clean,42
11562,11563,72,59,data\splits\pilot_100id\images\72\11563.png,high,11562,original,59,clean,42
11550,11551,72,59,data\splits\pilot_100id\images\72\11551.png,high,11550,original,59,clean,42
11545,11546,72,59,data\splits\pilot_100id\images\72\11546.png,high,11545,original,59,clean,42
11563,11564,72,59,data\splits\pilot_100id\images\72\11564.png,high,11563,original,59,clean,42
11541,11542,72,59,data\splits\pilot_100id\images\72\11542.png,high,11541,original,59,clean,42
11576,11577,72,59,data\splits\pilot_100id\images\72\11577.png,high,11576,original,59,clean,42
11556,11557,72,59,data\splits\pilot_100id\images\72\11557.png,high,11556,original,59,clean,42
11566,11567,72,59,data\splits\pilot_100id\images\72\11567.png,high,11566,original,59,clean,42
11567,11568,72,59,data\splits\pilot_100id\images\72\11568.png,high,11567,original,59,clean,42
11543,11544,72,59,data\splits\pilot_100id\images\72\11544.png,high,11543,original,59,clean,42
11564,11565,72,59,data\splits\pilot_100id\images\72\11565.png,high,11564,original,59,clean,42
11549,11550,72,59,data\splits\pilot_100id\images\72\11550.png,high,11549,original,59,clean,42
11554,11555,72,59,data\splits\pilot_100id\images\72\11555.png,high,11554,original,59,clean,42
11546,11547,72,59,data\splits\pilot_100id\images\72\11547.png,high,11546,original,59,clean,42
11552,11553,72,59,data\splits\pilot_100id\images\72\11553.png,high,11552,original,59,clean,42
11570,11571,72,59,data\splits\pilot_100id\images\72\11571.png,high,11570,original,59,clean,42
11553,11554,72,59,data\splits\pilot_100id\images\72\11554.png,high,11553,original,59,clean,42
11573,11574,72,59,data\splits\pilot_100id\images\72\11574.png,high,11573,original,59,clean,42
11572,11573,72,59,data\splits\pilot_100id\images\72\11573.png,high,11572,original,59,clean,42
11537,11538,72,59,data\splits\pilot_100id\images\72\11538.png,high,11537,original,59,clean,42
11561,11562,72,59,data\splits\pilot_100id\images\72\11562.png,high,11561,original,59,clean,42
11542,11543,72,59,data\splits\pilot_100id\images\72\11543.png,high,11542,original,59,clean,42
11548,11549,72,59,data\splits\pilot_100id\images\72\11549.png,high,11548,original,59,clean,42
11577,11578,72,59,data\splits\pilot_100id\images\72\11578.png,high,11577,original,59,clean,42
11538,11539,72,59,data\splits\pilot_100id\images\72\11539.png,high,11538,original,59,clean,42
11714,11715,73,60,data\splits\pilot_100id\images\73\11715.png,high,11714,original,60,clean,42
11694,11695,73,60,data\splits\pilot_100id\images\73\11695.png,high,11694,original,60,clean,42
11710,11711,73,60,data\splits\pilot_100id\images\73\11711.png,high,11710,original,60,clean,42
11634,11635,73,60,data\splits\pilot_100id\images\73\11635.png,high,11634,original,60,clean,42
11674,11675,73,60,data\splits\pilot_100id\images\73\11675.png,high,11674,original,60,clean,42
11608,11609,73,60,data\splits\pilot_100id\images\73\11609.png,high,11608,original,60,clean,42
11736,11737,73,60,data\splits\pilot_100id\images\73\11737.png,high,11736,original,60,clean,42
11630,11631,73,60,data\splits\pilot_100id\images\73\11631.png,high,11630,original,60,clean,42
11680,11681,73,60,data\splits\pilot_100id\images\73\11681.png,high,11680,original,60,clean,42
11724,11725,73,60,data\splits\pilot_100id\images\73\11725.png,high,11724,original,60,clean,42
11598,11599,73,60,data\splits\pilot_100id\images\73\11599.png,high,11598,original,60,clean,42
11664,11665,73,60,data\splits\pilot_100id\images\73\11665.png,high,11664,original,60,clean,42
11594,11595,73,60,data\splits\pilot_100id\images\73\11595.png,high,11594,original,60,clean,42
11645,11646,73,60,data\splits\pilot_100id\images\73\11646.png,high,11645,original,60,clean,42
11603,11604,73,60,data\splits\pilot_100id\images\73\11604.png,high,11603,original,60,clean,42
11609,11610,73,60,data\splits\pilot_100id\images\73\11610.png,high,11609,original,60,clean,42
11711,11712,73,60,data\splits\pilot_100id\images\73\11712.png,high,11711,original,60,clean,42
11684,11685,73,60,data\splits\pilot_100id\images\73\11685.png,high,11684,original,60,clean,42
11731,11732,73,60,data\splits\pilot_100id\images\73\11732.png,high,11731,original,60,clean,42
11595,11596,73,60,data\splits\pilot_100id\images\73\11596.png,high,11595,original,60,clean,42
11654,11655,73,60,data\splits\pilot_100id\images\73\11655.png,high,11654,original,60,clean,42
11597,11598,73,60,data\splits\pilot_100id\images\73\11598.png,high,11597,original,60,clean,42
11591,11592,73,60,data\splits\pilot_100id\images\73\11592.png,high,11591,original,60,clean,42
11588,11589,73,60,data\splits\pilot_100id\images\73\11589.png,high,11588,original,60,clean,42
11610,11611,73,60,data\splits\pilot_100id\images\73\11611.png,high,11610,original,60,clean,42
11824,11825,74,61,data\splits\pilot_100id\images\74\11825.png,high,11824,original,61,clean,42
11885,11886,74,61,data\splits\pilot_100id\images\74\11886.png,high,11885,original,61,clean,42
11774,11775,74,61,data\splits\pilot_100id\images\74\11775.png,high,11774,original,61,clean,42
11772,11773,74,61,data\splits\pilot_100id\images\74\11773.png,high,11772,original,61,clean,42
11861,11862,74,61,data\splits\pilot_100id\images\74\11862.png,high,11861,original,61,clean,42
11803,11804,74,61,data\splits\pilot_100id\images\74\11804.png,high,11803,original,61,clean,42
11836,11837,74,61,data\splits\pilot_100id\images\74\11837.png,high,11836,original,61,clean,42
11890,11891,74,61,data\splits\pilot_100id\images\74\11891.png,high,11890,original,61,clean,42
11896,11897,74,61,data\splits\pilot_100id\images\74\11897.png,high,11896,original,61,clean,42
11811,11812,74,61,data\splits\pilot_100id\images\74\11812.png,high,11811,original,61,clean,42
11785,11786,74,61,data\splits\pilot_100id\images\74\11786.png,high,11785,original,61,clean,42
11881,11882,74,61,data\splits\pilot_100id\images\74\11882.png,high,11881,original,61,clean,42
11821,11822,74,61,data\splits\pilot_100id\images\74\11822.png,high,11821,original,61,clean,42
11818,11819,74,61,data\splits\pilot_100id\images\74\11819.png,high,11818,original,61,clean,42
11758,11759,74,61,data\splits\pilot_100id\images\74\11759.png,high,11758,original,61,clean,42
11762,11763,74,61,data\splits\pilot_100id\images\74\11763.png,high,11762,original,61,clean,42
11773,11774,74,61,data\splits\pilot_100id\images\74\11774.png,high,11773,original,61,clean,42
11833,11834,74,61,data\splits\pilot_100id\images\74\11834.png,high,11833,original,61,clean,42
11860,11861,74,61,data\splits\pilot_100id\images\74\11861.png,high,11860,original,61,clean,42
11880,11881,74,61,data\splits\pilot_100id\images\74\11881.png,high,11880,original,61,clean,42
11761,11762,74,61,data\splits\pilot_100id\images\74\11762.png,high,11761,original,61,clean,42
11755,11756,74,61,data\splits\pilot_100id\images\74\11756.png,high,11755,original,61,clean,42
11752,11753,74,61,data\splits\pilot_100id\images\74\11753.png,high,11752,original,61,clean,42
11767,11768,74,61,data\splits\pilot_100id\images\74\11768.png,high,11767,original,61,clean,42
11812,11813,74,61,data\splits\pilot_100id\images\74\11813.png,high,11812,original,61,clean,42
11931,11932,75,62,data\splits\pilot_100id\images\75\11932.png,high,11931,original,62,clean,42
11934,11935,75,62,data\splits\pilot_100id\images\75\11935.png,high,11934,original,62,clean,42
11902,11903,75,62,data\splits\pilot_100id\images\75\11903.png,high,11902,original,62,clean,42
11911,11912,75,62,data\splits\pilot_100id\images\75\11912.png,high,11911,original,62,clean,42
11928,11929,75,62,data\splits\pilot_100id\images\75\11929.png,high,11928,original,62,clean,42
11924,11925,75,62,data\splits\pilot_100id\images\75\11925.png,high,11924,original,62,clean,42
11904,11905,75,62,data\splits\pilot_100id\images\75\11905.png,high,11904,original,62,clean,42
11925,11926,75,62,data\splits\pilot_100id\images\75\11926.png,high,11925,original,62,clean,42
11922,11923,75,62,data\splits\pilot_100id\images\75\11923.png,high,11922,original,62,clean,42
11913,11914,75,62,data\splits\pilot_100id\images\75\11914.png,high,11913,original,62,clean,42
11915,11916,75,62,data\splits\pilot_100id\images\75\11916.png,high,11915,original,62,clean,42
11906,11907,75,62,data\splits\pilot_100id\images\75\11907.png,high,11906,original,62,clean,42
11914,11915,75,62,data\splits\pilot_100id\images\75\11915.png,high,11914,original,62,clean,42
11910,11911,75,62,data\splits\pilot_100id\images\75\11911.png,high,11910,original,62,clean,42
11917,11918,75,62,data\splits\pilot_100id\images\75\11918.png,high,11917,original,62,clean,42
11907,11908,75,62,data\splits\pilot_100id\images\75\11908.png,high,11907,original,62,clean,42
11930,11931,75,62,data\splits\pilot_100id\images\75\11931.png,high,11930,original,62,clean,42
11898,11899,75,62,data\splits\pilot_100id\images\75\11899.png,high,11898,original,62,clean,42
11923,11924,75,62,data\splits\pilot_100id\images\75\11924.png,high,11923,original,62,clean,42
11903,11904,75,62,data\splits\pilot_100id\images\75\11904.png,high,11903,original,62,clean,42
11909,11910,75,62,data\splits\pilot_100id\images\75\11910.png,high,11909,original,62,clean,42
11899,11900,75,62,data\splits\pilot_100id\images\75\11900.png,high,11899,original,62,clean,42
11935,11936,75,62,data\splits\pilot_100id\images\75\11936.png,high,11935,original,62,clean,42
11919,11920,75,62,data\splits\pilot_100id\images\75\11920.png,high,11919,original,62,clean,42
11900,11901,75,62,data\splits\pilot_100id\images\75\11901.png,high,11900,original,62,clean,42
12127,12128,76,63,data\splits\pilot_100id\images\76\12128.png,high,12127,original,63,clean,42
11943,11944,76,63,data\splits\pilot_100id\images\76\11944.png,high,11943,original,63,clean,42
12016,12017,76,63,data\splits\pilot_100id\images\76\12017.png,high,12016,original,63,clean,42
12142,12143,76,63,data\splits\pilot_100id\images\76\12143.png,high,12142,original,63,clean,42
12054,12055,76,63,data\splits\pilot_100id\images\76\12055.png,high,12054,original,63,clean,42
12122,12123,76,63,data\splits\pilot_100id\images\76\12123.png,high,12122,original,63,clean,42
12138,12139,76,63,data\splits\pilot_100id\images\76\12139.png,high,12138,original,63,clean,42
12104,12105,76,63,data\splits\pilot_100id\images\76\12105.png,high,12104,original,63,clean,42
11946,11947,76,63,data\splits\pilot_100id\images\76\11947.png,high,11946,original,63,clean,42
11967,11968,76,63,data\splits\pilot_100id\images\76\11968.png,high,11967,original,63,clean,42
12117,12118,76,63,data\splits\pilot_100id\images\76\12118.png,high,12117,original,63,clean,42
12157,12158,76,63,data\splits\pilot_100id\images\76\12158.png,high,12157,original,63,clean,42
12165,12166,76,63,data\splits\pilot_100id\images\76\12166.png,high,12165,original,63,clean,42
12153,12154,76,63,data\splits\pilot_100id\images\76\12154.png,high,12153,original,63,clean,42
12073,12074,76,63,data\splits\pilot_100id\images\76\12074.png,high,12073,original,63,clean,42
12005,12006,76,63,data\splits\pilot_100id\images\76\12006.png,high,12005,original,63,clean,42
12135,12136,76,63,data\splits\pilot_100id\images\76\12136.png,high,12135,original,63,clean,42
11952,11953,76,63,data\splits\pilot_100id\images\76\11953.png,high,11952,original,63,clean,42
12033,12034,76,63,data\splits\pilot_100id\images\76\12034.png,high,12033,original,63,clean,42
11961,11962,76,63,data\splits\pilot_100id\images\76\11962.png,high,11961,original,63,clean,42
12170,12171,76,63,data\splits\pilot_100id\images\76\12171.png,high,12170,original,63,clean,42
11956,11957,76,63,data\splits\pilot_100id\images\76\11957.png,high,11956,original,63,clean,42
12057,12058,76,63,data\splits\pilot_100id\images\76\12058.png,high,12057,original,63,clean,42
12089,12090,76,63,data\splits\pilot_100id\images\76\12090.png,high,12089,original,63,clean,42
11970,11971,76,63,data\splits\pilot_100id\images\76\11971.png,high,11970,original,63,clean,42
12208,12209,77,64,data\splits\pilot_100id\images\77\12209.png,high,12208,original,64,clean,42
12204,12205,77,64,data\splits\pilot_100id\images\77\12205.png,high,12204,original,64,clean,42
12195,12196,77,64,data\splits\pilot_100id\images\77\12196.png,high,12195,original,64,clean,42
12220,12221,77,64,data\splits\pilot_100id\images\77\12221.png,high,12220,original,64,clean,42
12226,12227,77,64,data\splits\pilot_100id\images\77\12227.png,high,12226,original,64,clean,42
12216,12217,77,64,data\splits\pilot_100id\images\77\12217.png,high,12216,original,64,clean,42
12197,12198,77,64,data\splits\pilot_100id\images\77\12198.png,high,12197,original,64,clean,42
12217,12218,77,64,data\splits\pilot_100id\images\77\12218.png,high,12217,original,64,clean,42
12215,12216,77,64,data\splits\pilot_100id\images\77\12216.png,high,12215,original,64,clean,42
12207,12208,77,64,data\splits\pilot_100id\images\77\12208.png,high,12207,original,64,clean,42
12199,12200,77,64,data\splits\pilot_100id\images\77\12200.png,high,12199,original,64,clean,42
12206,12207,77,64,data\splits\pilot_100id\images\77\12207.png,high,12206,original,64,clean,42
12203,12204,77,64,data\splits\pilot_100id\images\77\12204.png,high,12203,original,64,clean,42
12223,12224,77,64,data\splits\pilot_100id\images\77\12224.png,high,12223,original,64,clean,42
12200,12201,77,64,data\splits\pilot_100id\images\77\12201.png,high,12200,original,64,clean,42
12210,12211,77,64,data\splits\pilot_100id\images\77\12211.png,high,12210,original,64,clean,42
12191,12192,77,64,data\splits\pilot_100id\images\77\12192.png,high,12191,original,64,clean,42
12222,12223,77,64,data\splits\pilot_100id\images\77\12223.png,high,12222,original,64,clean,42
12196,12197,77,64,data\splits\pilot_100id\images\77\12197.png,high,12196,original,64,clean,42
12202,12203,77,64,data\splits\pilot_100id\images\77\12203.png,high,12202,original,64,clean,42
12192,12193,77,64,data\splits\pilot_100id\images\77\12193.png,high,12192,original,64,clean,42
12218,12219,77,64,data\splits\pilot_100id\images\77\12219.png,high,12218,original,64,clean,42
12212,12213,77,64,data\splits\pilot_100id\images\77\12213.png,high,12212,original,64,clean,42
12193,12194,77,64,data\splits\pilot_100id\images\77\12194.png,high,12193,original,64,clean,42
12227,12228,77,64,data\splits\pilot_100id\images\77\12228.png,high,12227,original,64,clean,42
12318,12319,79,65,data\splits\pilot_100id\images\79\12319.png,high,12318,original,65,clean,42
12263,12264,79,65,data\splits\pilot_100id\images\79\12264.png,high,12263,original,65,clean,42
12362,12363,79,65,data\splits\pilot_100id\images\79\12363.png,high,12362,original,65,clean,42
12323,12324,79,65,data\splits\pilot_100id\images\79\12324.png,high,12323,original,65,clean,42
12321,12322,79,65,data\splits\pilot_100id\images\79\12322.png,high,12321,original,65,clean,42
12276,12277,79,65,data\splits\pilot_100id\images\79\12277.png,high,12276,original,65,clean,42
12309,12310,79,65,data\splits\pilot_100id\images\79\12310.png,high,12309,original,65,clean,42
12385,12386,79,65,data\splits\pilot_100id\images\79\12386.png,high,12385,original,65,clean,42
12313,12314,79,65,data\splits\pilot_100id\images\79\12314.png,high,12313,original,65,clean,42
12327,12328,79,65,data\splits\pilot_100id\images\79\12328.png,high,12327,original,65,clean,42
12354,12355,79,65,data\splits\pilot_100id\images\79\12355.png,high,12354,original,65,clean,42
12257,12258,79,65,data\splits\pilot_100id\images\79\12258.png,high,12257,original,65,clean,42
12281,12282,79,65,data\splits\pilot_100id\images\79\12282.png,high,12281,original,65,clean,42
12254,12255,79,65,data\splits\pilot_100id\images\79\12255.png,high,12254,original,65,clean,42
12264,12265,79,65,data\splits\pilot_100id\images\79\12265.png,high,12264,original,65,clean,42
12301,12302,79,65,data\splits\pilot_100id\images\79\12302.png,high,12301,original,65,clean,42
12381,12382,79,65,data\splits\pilot_100id\images\79\12382.png,high,12381,original,65,clean,42
12314,12315,79,65,data\splits\pilot_100id\images\79\12315.png,high,12314,original,65,clean,42
12300,12301,79,65,data\splits\pilot_100id\images\79\12301.png,high,12300,original,65,clean,42
12376,12377,79,65,data\splits\pilot_100id\images\79\12377.png,high,12376,original,65,clean,42
12274,12275,79,65,data\splits\pilot_100id\images\79\12275.png,high,12274,original,65,clean,42
12368,12369,79,65,data\splits\pilot_100id\images\79\12369.png,high,12368,original,65,clean,42
12271,12272,79,65,data\splits\pilot_100id\images\79\12272.png,high,12271,original,65,clean,42
12372,12373,79,65,data\splits\pilot_100id\images\79\12373.png,high,12372,original,65,clean,42
12373,12374,79,65,data\splits\pilot_100id\images\79\12374.png,high,12373,original,65,clean,42
12470,12471,81,66,data\splits\pilot_100id\images\81\12471.png,high,12470,original,66,clean,42
12503,12504,81,66,data\splits\pilot_100id\images\81\12504.png,high,12503,original,66,clean,42
12418,12419,81,66,data\splits\pilot_100id\images\81\12419.png,high,12418,original,66,clean,42
12459,12460,81,66,data\splits\pilot_100id\images\81\12460.png,high,12459,original,66,clean,42
12440,12441,81,66,data\splits\pilot_100id\images\81\12441.png,high,12440,original,66,clean,42
12530,12531,81,66,data\splits\pilot_100id\images\81\12531.png,high,12530,original,66,clean,42
12483,12484,81,66,data\splits\pilot_100id\images\81\12484.png,high,12483,original,66,clean,42
12424,12425,81,66,data\splits\pilot_100id\images\81\12425.png,high,12424,original,66,clean,42
12504,12505,81,66,data\splits\pilot_100id\images\81\12505.png,high,12504,original,66,clean,42
12487,12488,81,66,data\splits\pilot_100id\images\81\12488.png,high,12487,original,66,clean,42
12432,12433,81,66,data\splits\pilot_100id\images\81\12433.png,high,12432,original,66,clean,42
12525,12526,81,66,data\splits\pilot_100id\images\81\12526.png,high,12525,original,66,clean,42
12425,12426,81,66,data\splits\pilot_100id\images\81\12426.png,high,12425,original,66,clean,42
12510,12511,81,66,data\splits\pilot_100id\images\81\12511.png,high,12510,original,66,clean,42
12456,12457,81,66,data\splits\pilot_100id\images\81\12457.png,high,12456,original,66,clean,42
12445,12446,81,66,data\splits\pilot_100id\images\81\12446.png,high,12445,original,66,clean,42
12502,12503,81,66,data\splits\pilot_100id\images\81\12503.png,high,12502,original,66,clean,42
12414,12415,81,66,data\splits\pilot_100id\images\81\12415.png,high,12414,original,66,clean,42
12511,12512,81,66,data\splits\pilot_100id\images\81\12512.png,high,12511,original,66,clean,42
12523,12524,81,66,data\splits\pilot_100id\images\81\12524.png,high,12523,original,66,clean,42
12478,12479,81,66,data\splits\pilot_100id\images\81\12479.png,high,12478,original,66,clean,42
12454,12455,81,66,data\splits\pilot_100id\images\81\12455.png,high,12454,original,66,clean,42
12509,12510,81,66,data\splits\pilot_100id\images\81\12510.png,high,12509,original,66,clean,42
12467,12468,81,66,data\splits\pilot_100id\images\81\12468.png,high,12467,original,66,clean,42
12458,12459,81,66,data\splits\pilot_100id\images\81\12459.png,high,12458,original,66,clean,42
12590,12591,83,67,data\splits\pilot_100id\images\83\12591.png,high,12590,original,67,clean,42
12593,12594,83,67,data\splits\pilot_100id\images\83\12594.png,high,12593,original,67,clean,42
12550,12551,83,67,data\splits\pilot_100id\images\83\12551.png,high,12550,original,67,clean,42
12601,12602,83,67,data\splits\pilot_100id\images\83\12602.png,high,12601,original,67,clean,42
12572,12573,83,67,data\splits\pilot_100id\images\83\12573.png,high,12572,original,67,clean,42
12610,12611,83,67,data\splits\pilot_100id\images\83\12611.png,high,12610,original,67,clean,42
12619,12620,83,67,data\splits\pilot_100id\images\83\12620.png,high,12619,original,67,clean,42
12556,12557,83,67,data\splits\pilot_100id\images\83\12557.png,high,12556,original,67,clean,42
12586,12587,83,67,data\splits\pilot_100id\images\83\12587.png,high,12586,original,67,clean,42
12653,12654,83,67,data\splits\pilot_100id\images\83\12654.png,high,12653,original,67,clean,42
12564,12565,83,67,data\splits\pilot_100id\images\83\12565.png,high,12564,original,67,clean,42
12608,12609,83,67,data\splits\pilot_100id\images\83\12609.png,high,12608,original,67,clean,42
12557,12558,83,67,data\splits\pilot_100id\images\83\12558.png,high,12557,original,67,clean,42
12582,12583,83,67,data\splits\pilot_100id\images\83\12583.png,high,12582,original,67,clean,42
12635,12636,83,67,data\splits\pilot_100id\images\83\12636.png,high,12635,original,67,clean,42
12637,12638,83,67,data\splits\pilot_100id\images\83\12638.png,high,12637,original,67,clean,42
12655,12656,83,67,data\splits\pilot_100id\images\83\12656.png,high,12655,original,67,clean,42
12546,12547,83,67,data\splits\pilot_100id\images\83\12547.png,high,12546,original,67,clean,42
12634,12635,83,67,data\splits\pilot_100id\images\83\12635.png,high,12634,original,67,clean,42
12650,12651,83,67,data\splits\pilot_100id\images\83\12651.png,high,12650,original,67,clean,42
12611,12612,83,67,data\splits\pilot_100id\images\83\12612.png,high,12611,original,67,clean,42
12591,12592,83,67,data\splits\pilot_100id\images\83\12592.png,high,12591,original,67,clean,42
12577,12578,83,67,data\splits\pilot_100id\images\83\12578.png,high,12577,original,67,clean,42
12616,12617,83,67,data\splits\pilot_100id\images\83\12617.png,high,12616,original,67,clean,42
12588,12589,83,67,data\splits\pilot_100id\images\83\12589.png,high,12588,original,67,clean,42
12841,12842,84,68,data\splits\pilot_100id\images\84\12842.png,high,12841,original,68,clean,42
12846,12847,84,68,data\splits\pilot_100id\images\84\12847.png,high,12846,original,68,clean,42
12777,12778,84,68,data\splits\pilot_100id\images\84\12778.png,high,12777,original,68,clean,42
12731,12732,84,68,data\splits\pilot_100id\images\84\12732.png,high,12731,original,68,clean,42
12767,12768,84,68,data\splits\pilot_100id\images\84\12768.png,high,12767,original,68,clean,42
12681,12682,84,68,data\splits\pilot_100id\images\84\12682.png,high,12681,original,68,clean,42
12675,12676,84,68,data\splits\pilot_100id\images\84\12676.png,high,12675,original,68,clean,42
12682,12683,84,68,data\splits\pilot_100id\images\84\12683.png,high,12682,original,68,clean,42
12807,12808,84,68,data\splits\pilot_100id\images\84\12808.png,high,12807,original,68,clean,42
12790,12791,84,68,data\splits\pilot_100id\images\84\12791.png,high,12790,original,68,clean,42
12775,12776,84,68,data\splits\pilot_100id\images\84\12776.png,high,12775,original,68,clean,42
12761,12762,84,68,data\splits\pilot_100id\images\84\12762.png,high,12761,original,68,clean,42
12684,12685,84,68,data\splits\pilot_100id\images\84\12685.png,high,12684,original,68,clean,42
12830,12831,84,68,data\splits\pilot_100id\images\84\12831.png,high,12830,original,68,clean,42
12751,12752,84,68,data\splits\pilot_100id\images\84\12752.png,high,12751,original,68,clean,42
12786,12787,84,68,data\splits\pilot_100id\images\84\12787.png,high,12786,original,68,clean,42
12770,12771,84,68,data\splits\pilot_100id\images\84\12771.png,high,12770,original,68,clean,42
12732,12733,84,68,data\splits\pilot_100id\images\84\12733.png,high,12732,original,68,clean,42
12722,12723,84,68,data\splits\pilot_100id\images\84\12723.png,high,12722,original,68,clean,42
12708,12709,84,68,data\splits\pilot_100id\images\84\12709.png,high,12708,original,68,clean,42
12696,12697,84,68,data\splits\pilot_100id\images\84\12697.png,high,12696,original,68,clean,42
12690,12691,84,68,data\splits\pilot_100id\images\84\12691.png,high,12690,original,68,clean,42
12821,12822,84,68,data\splits\pilot_100id\images\84\12822.png,high,12821,original,68,clean,42
12763,12764,84,68,data\splits\pilot_100id\images\84\12764.png,high,12763,original,68,clean,42
12734,12735,84,68,data\splits\pilot_100id\images\84\12735.png,high,12734,original,68,clean,42
13144,13145,85,69,data\splits\pilot_100id\images\85\13145.png,high,13144,original,69,clean,42
12865,12866,85,69,data\splits\pilot_100id\images\85\12866.png,high,12865,original,69,clean,42
12913,12914,85,69,data\splits\pilot_100id\images\85\12914.png,high,12913,original,69,clean,42
12916,12917,85,69,data\splits\pilot_100id\images\85\12917.png,high,12916,original,69,clean,42
12881,12882,85,69,data\splits\pilot_100id\images\85\12882.png,high,12881,original,69,clean,42
12919,12920,85,69,data\splits\pilot_100id\images\85\12920.png,high,12919,original,69,clean,42
12948,12949,85,69,data\splits\pilot_100id\images\85\12949.png,high,12948,original,69,clean,42
13040,13041,85,69,data\splits\pilot_100id\images\85\13041.png,high,13040,original,69,clean,42
13100,13101,85,69,data\splits\pilot_100id\images\85\13101.png,high,13100,original,69,clean,42
12902,12903,85,69,data\splits\pilot_100id\images\85\12903.png,high,12902,original,69,clean,42
12931,12932,85,69,data\splits\pilot_100id\images\85\12932.png,high,12931,original,69,clean,42
13019,13020,85,69,data\splits\pilot_100id\images\85\13020.png,high,13019,original,69,clean,42
13150,13151,85,69,data\splits\pilot_100id\images\85\13151.png,high,13150,original,69,clean,42
13161,13162,85,69,data\splits\pilot_100id\images\85\13162.png,high,13161,original,69,clean,42
13140,13141,85,69,data\splits\pilot_100id\images\85\13141.png,high,13140,original,69,clean,42
13145,13146,85,69,data\splits\pilot_100id\images\85\13146.png,high,13145,original,69,clean,42
12861,12862,85,69,data\splits\pilot_100id\images\85\12862.png,high,12861,original,69,clean,42
13011,13012,85,69,data\splits\pilot_100id\images\85\13012.png,high,13011,original,69,clean,42
13020,13021,85,69,data\splits\pilot_100id\images\85\13021.png,high,13020,original,69,clean,42
13024,13025,85,69,data\splits\pilot_100id\images\85\13025.png,high,13024,original,69,clean,42
12929,12930,85,69,data\splits\pilot_100id\images\85\12930.png,high,12929,original,69,clean,42
12960,12961,85,69,data\splits\pilot_100id\images\85\12961.png,high,12960,original,69,clean,42
12993,12994,85,69,data\splits\pilot_100id\images\85\12994.png,high,12993,original,69,clean,42
13062,13063,85,69,data\splits\pilot_100id\images\85\13063.png,high,13062,original,69,clean,42
12932,12933,85,69,data\splits\pilot_100id\images\85\12933.png,high,12932,original,69,clean,42
13454,13455,86,70,data\splits\pilot_100id\images\86\13455.png,high,13454,original,70,clean,42
13173,13174,86,70,data\splits\pilot_100id\images\86\13174.png,high,13173,original,70,clean,42
13221,13222,86,70,data\splits\pilot_100id\images\86\13222.png,high,13221,original,70,clean,42
13224,13225,86,70,data\splits\pilot_100id\images\86\13225.png,high,13224,original,70,clean,42
13189,13190,86,70,data\splits\pilot_100id\images\86\13190.png,high,13189,original,70,clean,42
13227,13228,86,70,data\splits\pilot_100id\images\86\13228.png,high,13227,original,70,clean,42
13256,13257,86,70,data\splits\pilot_100id\images\86\13257.png,high,13256,original,70,clean,42
13348,13349,86,70,data\splits\pilot_100id\images\86\13349.png,high,13348,original,70,clean,42
13408,13409,86,70,data\splits\pilot_100id\images\86\13409.png,high,13408,original,70,clean,42
13210,13211,86,70,data\splits\pilot_100id\images\86\13211.png,high,13210,original,70,clean,42
13239,13240,86,70,data\splits\pilot_100id\images\86\13240.png,high,13239,original,70,clean,42
13327,13328,86,70,data\splits\pilot_100id\images\86\13328.png,high,13327,original,70,clean,42
13461,13462,86,70,data\splits\pilot_100id\images\86\13462.png,high,13461,original,70,clean,42
13472,13473,86,70,data\splits\pilot_100id\images\86\13473.png,high,13472,original,70,clean,42
13450,13451,86,70,data\splits\pilot_100id\images\86\13451.png,high,13450,original,70,clean,42
13455,13456,86,70,data\splits\pilot_100id\images\86\13456.png,high,13455,original,70,clean,42
13169,13170,86,70,data\splits\pilot_100id\images\86\13170.png,high,13169,original,70,clean,42
13319,13320,86,70,data\splits\pilot_100id\images\86\13320.png,high,13319,original,70,clean,42
13328,13329,86,70,data\splits\pilot_100id\images\86\13329.png,high,13328,original,70,clean,42
13332,13333,86,70,data\splits\pilot_100id\images\86\13333.png,high,13332,original,70,clean,42
13237,13238,86,70,data\splits\pilot_100id\images\86\13238.png,high,13237,original,70,clean,42
13268,13269,86,70,data\splits\pilot_100id\images\86\13269.png,high,13268,original,70,clean,42
13301,13302,86,70,data\splits\pilot_100id\images\86\13302.png,high,13301,original,70,clean,42
13370,13371,86,70,data\splits\pilot_100id\images\86\13371.png,high,13370,original,70,clean,42
13240,13241,86,70,data\splits\pilot_100id\images\86\13241.png,high,13240,original,70,clean,42
13479,13480,87,71,data\splits\pilot_100id\images\87\13480.png,high,13479,original,71,clean,42
13538,13539,87,71,data\splits\pilot_100id\images\87\13539.png,high,13538,original,71,clean,42
13493,13494,87,71,data\splits\pilot_100id\images\87\13494.png,high,13493,original,71,clean,42
13475,13476,87,71,data\splits\pilot_100id\images\87\13476.png,high,13475,original,71,clean,42
13503,13504,87,71,data\splits\pilot_100id\images\87\13504.png,high,13503,original,71,clean,42
13547,13548,87,71,data\splits\pilot_100id\images\87\13548.png,high,13547,original,71,clean,42
13485,13486,87,71,data\splits\pilot_100id\images\87\13486.png,high,13485,original,71,clean,42
13509,13510,87,71,data\splits\pilot_100id\images\87\13510.png,high,13509,original,71,clean,42
13487,13488,87,71,data\splits\pilot_100id\images\87\13488.png,high,13487,original,71,clean,42
13530,13531,87,71,data\splits\pilot_100id\images\87\13531.png,high,13530,original,71,clean,42
13540,13541,87,71,data\splits\pilot_100id\images\87\13541.png,high,13540,original,71,clean,42
13506,13507,87,71,data\splits\pilot_100id\images\87\13507.png,high,13506,original,71,clean,42
13484,13485,87,71,data\splits\pilot_100id\images\87\13485.png,high,13484,original,71,clean,42
13520,13521,87,71,data\splits\pilot_100id\images\87\13521.png,high,13520,original,71,clean,42
13480,13481,87,71,data\splits\pilot_100id\images\87\13481.png,high,13480,original,71,clean,42
13497,13498,87,71,data\splits\pilot_100id\images\87\13498.png,high,13497,original,71,clean,42
13532,13533,87,71,data\splits\pilot_100id\images\87\13533.png,high,13532,original,71,clean,42
13525,13526,87,71,data\splits\pilot_100id\images\87\13526.png,high,13525,original,71,clean,42
13508,13509,87,71,data\splits\pilot_100id\images\87\13509.png,high,13508,original,71,clean,42
13514,13515,87,71,data\splits\pilot_100id\images\87\13515.png,high,13514,original,71,clean,42
13545,13546,87,71,data\splits\pilot_100id\images\87\13546.png,high,13545,original,71,clean,42
13491,13492,87,71,data\splits\pilot_100id\images\87\13492.png,high,13491,original,71,clean,42
13510,13511,87,71,data\splits\pilot_100id\images\87\13511.png,high,13510,original,71,clean,42
13519,13520,87,71,data\splits\pilot_100id\images\87\13520.png,high,13519,original,71,clean,42
13536,13537,87,71,data\splits\pilot_100id\images\87\13537.png,high,13536,original,71,clean,42
13621,13622,88,72,data\splits\pilot_100id\images\88\13622.png,high,13621,original,72,clean,42
13825,13826,88,72,data\splits\pilot_100id\images\88\13826.png,high,13825,original,72,clean,42
13573,13574,88,72,data\splits\pilot_100id\images\88\13574.png,high,13573,original,72,clean,42
13804,13805,88,72,data\splits\pilot_100id\images\88\13805.png,high,13804,original,72,clean,42
13557,13558,88,72,data\splits\pilot_100id\images\88\13558.png,high,13557,original,72,clean,42
13649,13650,88,72,data\splits\pilot_100id\images\88\13650.png,high,13649,original,72,clean,42
13724,13725,88,72,data\splits\pilot_100id\images\88\13725.png,high,13724,original,72,clean,42
13734,13735,88,72,data\splits\pilot_100id\images\88\13735.png,high,13734,original,72,clean,42
13611,13612,88,72,data\splits\pilot_100id\images\88\13612.png,high,13611,original,72,clean,42
13664,13665,88,72,data\splits\pilot_100id\images\88\13665.png,high,13664,original,72,clean,42
13788,13789,88,72,data\splits\pilot_100id\images\88\13789.png,high,13788,original,72,clean,42
13623,13624,88,72,data\splits\pilot_100id\images\88\13624.png,high,13623,original,72,clean,42
13712,13713,88,72,data\splits\pilot_100id\images\88\13713.png,high,13712,original,72,clean,42
13721,13722,88,72,data\splits\pilot_100id\images\88\13722.png,high,13721,original,72,clean,42
13758,13759,88,72,data\splits\pilot_100id\images\88\13759.png,high,13758,original,72,clean,42
13632,13633,88,72,data\splits\pilot_100id\images\88\13633.png,high,13632,original,72,clean,42
13733,13734,88,72,data\splits\pilot_100id\images\88\13734.png,high,13733,original,72,clean,42
13680,13681,88,72,data\splits\pilot_100id\images\88\13681.png,high,13680,original,72,clean,42
13861,13862,88,72,data\splits\pilot_100id\images\88\13862.png,high,13861,original,72,clean,42
13785,13786,88,72,data\splits\pilot_100id\images\88\13786.png,high,13785,original,72,clean,42
13750,13751,88,72,data\splits\pilot_100id\images\88\13751.png,high,13750,original,72,clean,42
13725,13726,88,72,data\splits\pilot_100id\images\88\13726.png,high,13725,original,72,clean,42
13745,13746,88,72,data\splits\pilot_100id\images\88\13746.png,high,13745,original,72,clean,42
13656,13657,88,72,data\splits\pilot_100id\images\88\13657.png,high,13656,original,72,clean,42
13590,13591,88,72,data\splits\pilot_100id\images\88\13591.png,high,13590,original,72,clean,42
13928,13929,89,73,data\splits\pilot_100id\images\89\13929.png,high,13928,original,73,clean,42
13906,13907,89,73,data\splits\pilot_100id\images\89\13907.png,high,13906,original,73,clean,42
13959,13960,89,73,data\splits\pilot_100id\images\89\13960.png,high,13959,original,73,clean,42
13884,13885,89,73,data\splits\pilot_100id\images\89\13885.png,high,13884,original,73,clean,42
13947,13948,89,73,data\splits\pilot_100id\images\89\13948.png,high,13947,original,73,clean,42
13949,13950,89,73,data\splits\pilot_100id\images\89\13950.png,high,13949,original,73,clean,42
13930,13931,89,73,data\splits\pilot_100id\images\89\13931.png,high,13930,original,73,clean,42
13908,13909,89,73,data\splits\pilot_100id\images\89\13909.png,high,13908,original,73,clean,42
13876,13877,89,73,data\splits\pilot_100id\images\89\13877.png,high,13876,original,73,clean,42
13866,13867,89,73,data\splits\pilot_100id\images\89\13867.png,high,13866,original,73,clean,42
13897,13898,89,73,data\splits\pilot_100id\images\89\13898.png,high,13897,original,73,clean,42
13941,13942,89,73,data\splits\pilot_100id\images\89\13942.png,high,13941,original,73,clean,42
13913,13914,89,73,data\splits\pilot_100id\images\89\13914.png,high,13913,original,73,clean,42
13892,13893,89,73,data\splits\pilot_100id\images\89\13893.png,high,13892,original,73,clean,42
13910,13911,89,73,data\splits\pilot_100id\images\89\13911.png,high,13910,original,73,clean,42
13870,13871,89,73,data\splits\pilot_100id\images\89\13871.png,high,13870,original,73,clean,42
13888,13889,89,73,data\splits\pilot_100id\images\89\13889.png,high,13888,original,73,clean,42
13878,13879,89,73,data\splits\pilot_100id\images\89\13879.png,high,13878,original,73,clean,42
13955,13956,89,73,data\splits\pilot_100id\images\89\13956.png,high,13955,original,73,clean,42
13939,13940,89,73,data\splits\pilot_100id\images\89\13940.png,high,13939,original,73,clean,42
13915,13916,89,73,data\splits\pilot_100id\images\89\13916.png,high,13915,original,73,clean,42
13936,13937,89,73,data\splits\pilot_100id\images\89\13937.png,high,13936,original,73,clean,42
13934,13935,89,73,data\splits\pilot_100id\images\89\13935.png,high,13934,original,73,clean,42
13881,13882,89,73,data\splits\pilot_100id\images\89\13882.png,high,13881,original,73,clean,42
13905,13906,89,73,data\splits\pilot_100id\images\89\13906.png,high,13905,original,73,clean,42
14038,14039,90,74,data\splits\pilot_100id\images\90\14039.png,high,14038,original,74,clean,42
13963,13964,90,74,data\splits\pilot_100id\images\90\13964.png,high,13963,original,74,clean,42
14033,14034,90,74,data\splits\pilot_100id\images\90\14034.png,high,14033,original,74,clean,42
13985,13986,90,74,data\splits\pilot_100id\images\90\13986.png,high,13985,original,74,clean,42
13975,13976,90,74,data\splits\pilot_100id\images\90\13976.png,high,13975,original,74,clean,42
14019,14020,90,74,data\splits\pilot_100id\images\90\14020.png,high,14019,original,74,clean,42
13973,13974,90,74,data\splits\pilot_100id\images\90\13974.png,high,13973,original,74,clean,42
13981,13982,90,74,data\splits\pilot_100id\images\90\13982.png,high,13981,original,74,clean,42
13967,13968,90,74,data\splits\pilot_100id\images\90\13968.png,high,13967,original,74,clean,42
14030,14031,90,74,data\splits\pilot_100id\images\90\14031.png,high,14030,original,74,clean,42
14024,14025,90,74,data\splits\pilot_100id\images\90\14025.png,high,14024,original,74,clean,42
14027,14028,90,74,data\splits\pilot_100id\images\90\14028.png,high,14027,original,74,clean,42
14016,14017,90,74,data\splits\pilot_100id\images\90\14017.png,high,14016,original,74,clean,42
14036,14037,90,74,data\splits\pilot_100id\images\90\14037.png,high,14036,original,74,clean,42
14025,14026,90,74,data\splits\pilot_100id\images\90\14026.png,high,14025,original,74,clean,42
14029,14030,90,74,data\splits\pilot_100id\images\90\14030.png,high,14029,original,74,clean,42
13996,13997,90,74,data\splits\pilot_100id\images\90\13997.png,high,13996,original,74,clean,42
14041,14042,90,74,data\splits\pilot_100id\images\90\14042.png,high,14041,original,74,clean,42
14017,14018,90,74,data\splits\pilot_100id\images\90\14018.png,high,14017,original,74,clean,42
14035,14036,90,74,data\splits\pilot_100id\images\90\14036.png,high,14035,original,74,clean,42
13974,13975,90,74,data\splits\pilot_100id\images\90\13975.png,high,13974,original,74,clean,42
13993,13994,90,74,data\splits\pilot_100id\images\90\13994.png,high,13993,original,74,clean,42
14003,14004,90,74,data\splits\pilot_100id\images\90\14004.png,high,14003,original,74,clean,42
13991,13992,90,74,data\splits\pilot_100id\images\90\13992.png,high,13991,original,74,clean,42
13972,13973,90,74,data\splits\pilot_100id\images\90\13973.png,high,13972,original,74,clean,42
14108,14109,92,75,data\splits\pilot_100id\images\92\14109.png,high,14108,original,75,clean,42
14105,14106,92,75,data\splits\pilot_100id\images\92\14106.png,high,14105,original,75,clean,42
14111,14112,92,75,data\splits\pilot_100id\images\92\14112.png,high,14111,original,75,clean,42
14077,14078,92,75,data\splits\pilot_100id\images\92\14078.png,high,14077,original,75,clean,42
14089,14090,92,75,data\splits\pilot_100id\images\92\14090.png,high,14089,original,75,clean,42
14096,14097,92,75,data\splits\pilot_100id\images\92\14097.png,high,14096,original,75,clean,42
14082,14083,92,75,data\splits\pilot_100id\images\92\14083.png,high,14082,original,75,clean,42
14097,14098,92,75,data\splits\pilot_100id\images\92\14098.png,high,14097,original,75,clean,42
14068,14069,92,75,data\splits\pilot_100id\images\92\14069.png,high,14068,original,75,clean,42
14095,14096,92,75,data\splits\pilot_100id\images\92\14096.png,high,14095,original,75,clean,42
14078,14079,92,75,data\splits\pilot_100id\images\92\14079.png,high,14078,original,75,clean,42
14073,14074,92,75,data\splits\pilot_100id\images\92\14074.png,high,14073,original,75,clean,42
14114,14115,92,75,data\splits\pilot_100id\images\92\14115.png,high,14114,original,75,clean,42
14071,14072,92,75,data\splits\pilot_100id\images\92\14072.png,high,14071,original,75,clean,42
14112,14113,92,75,data\splits\pilot_100id\images\92\14113.png,high,14112,original,75,clean,42
14069,14070,92,75,data\splits\pilot_100id\images\92\14070.png,high,14069,original,75,clean,42
14101,14102,92,75,data\splits\pilot_100id\images\92\14102.png,high,14101,original,75,clean,42
14098,14099,92,75,data\splits\pilot_100id\images\92\14099.png,high,14098,original,75,clean,42
14084,14085,92,75,data\splits\pilot_100id\images\92\14085.png,high,14084,original,75,clean,42
14113,14114,92,75,data\splits\pilot_100id\images\92\14114.png,high,14113,original,75,clean,42
14080,14081,92,75,data\splits\pilot_100id\images\92\14081.png,high,14080,original,75,clean,42
14074,14075,92,75,data\splits\pilot_100id\images\92\14075.png,high,14074,original,75,clean,42
14081,14082,92,75,data\splits\pilot_100id\images\92\14082.png,high,14081,original,75,clean,42
14091,14092,92,75,data\splits\pilot_100id\images\92\14092.png,high,14091,original,75,clean,42
14109,14110,92,75,data\splits\pilot_100id\images\92\14110.png,high,14109,original,75,clean,42
14178,14179,93,76,data\splits\pilot_100id\images\93\14179.png,high,14178,original,76,clean,42
14156,14157,93,76,data\splits\pilot_100id\images\93\14157.png,high,14156,original,76,clean,42
14210,14211,93,76,data\splits\pilot_100id\images\93\14211.png,high,14210,original,76,clean,42
14134,14135,93,76,data\splits\pilot_100id\images\93\14135.png,high,14134,original,76,clean,42
14197,14198,93,76,data\splits\pilot_100id\images\93\14198.png,high,14197,original,76,clean,42
14199,14200,93,76,data\splits\pilot_100id\images\93\14200.png,high,14199,original,76,clean,42
14180,14181,93,76,data\splits\pilot_100id\images\93\14181.png,high,14180,original,76,clean,42
14158,14159,93,76,data\splits\pilot_100id\images\93\14159.png,high,14158,original,76,clean,42
14126,14127,93,76,data\splits\pilot_100id\images\93\14127.png,high,14126,original,76,clean,42
14116,14117,93,76,data\splits\pilot_100id\images\93\14117.png,high,14116,original,76,clean,42
14147,14148,93,76,data\splits\pilot_100id\images\93\14148.png,high,14147,original,76,clean,42
14191,14192,93,76,data\splits\pilot_100id\images\93\14192.png,high,14191,original,76,clean,42
14163,14164,93,76,data\splits\pilot_100id\images\93\14164.png,high,14163,original,76,clean,42
14142,14143,93,76,data\splits\pilot_100id\images\93\14143.png,high,14142,original,76,clean,42
14160,14161,93,76,data\splits\pilot_100id\images\93\14161.png,high,14160,original,76,clean,42
14120,14121,93,76,data\splits\pilot_100id\images\93\14121.png,high,14120,original,76,clean,42
14138,14139,93,76,data\splits\pilot_100id\images\93\14139.png,high,14138,original,76,clean,42
14128,14129,93,76,data\splits\pilot_100id\images\93\14129.png,high,14128,original,76,clean,42
14206,14207,93,76,data\splits\pilot_100id\images\93\14207.png,high,14206,original,76,clean,42
14189,14190,93,76,data\splits\pilot_100id\images\93\14190.png,high,14189,original,76,clean,42
14165,14166,93,76,data\splits\pilot_100id\images\93\14166.png,high,14165,original,76,clean,42
14186,14187,93,76,data\splits\pilot_100id\images\93\14187.png,high,14186,original,76,clean,42
14184,14185,93,76,data\splits\pilot_100id\images\93\14185.png,high,14184,original,76,clean,42
14131,14132,93,76,data\splits\pilot_100id\images\93\14132.png,high,14131,original,76,clean,42
14155,14156,93,76,data\splits\pilot_100id\images\93\14156.png,high,14155,original,76,clean,42
14239,14240,94,77,data\splits\pilot_100id\images\94\14240.png,high,14239,original,77,clean,42
14227,14228,94,77,data\splits\pilot_100id\images\94\14228.png,high,14227,original,77,clean,42
14222,14223,94,77,data\splits\pilot_100id\images\94\14223.png,high,14222,original,77,clean,42
14240,14241,94,77,data\splits\pilot_100id\images\94\14241.png,high,14240,original,77,clean,42
14218,14219,94,77,data\splits\pilot_100id\images\94\14219.png,high,14218,original,77,clean,42
14253,14254,94,77,data\splits\pilot_100id\images\94\14254.png,high,14253,original,77,clean,42
14233,14234,94,77,data\splits\pilot_100id\images\94\14234.png,high,14233,original,77,clean,42
14243,14244,94,77,data\splits\pilot_100id\images\94\14244.png,high,14243,original,77,clean,42
14244,14245,94,77,data\splits\pilot_100id\images\94\14245.png,high,14244,original,77,clean,42
14220,14221,94,77,data\splits\pilot_100id\images\94\14221.png,high,14220,original,77,clean,42
14241,14242,94,77,data\splits\pilot_100id\images\94\14242.png,high,14241,original,77,clean,42
14226,14227,94,77,data\splits\pilot_100id\images\94\14227.png,high,14226,original,77,clean,42
14231,14232,94,77,data\splits\pilot_100id\images\94\14232.png,high,14231,original,77,clean,42
14223,14224,94,77,data\splits\pilot_100id\images\94\14224.png,high,14223,original,77,clean,42
14229,14230,94,77,data\splits\pilot_100id\images\94\14230.png,high,14229,original,77,clean,42
14247,14248,94,77,data\splits\pilot_100id\images\94\14248.png,high,14247,original,77,clean,42
14230,14231,94,77,data\splits\pilot_100id\images\94\14231.png,high,14230,original,77,clean,42
14250,14251,94,77,data\splits\pilot_100id\images\94\14251.png,high,14250,original,77,clean,42
14249,14250,94,77,data\splits\pilot_100id\images\94\14250.png,high,14249,original,77,clean,42
14214,14215,94,77,data\splits\pilot_100id\images\94\14215.png,high,14214,original,77,clean,42
14238,14239,94,77,data\splits\pilot_100id\images\94\14239.png,high,14238,original,77,clean,42
14219,14220,94,77,data\splits\pilot_100id\images\94\14220.png,high,14219,original,77,clean,42
14225,14226,94,77,data\splits\pilot_100id\images\94\14226.png,high,14225,original,77,clean,42
14254,14255,94,77,data\splits\pilot_100id\images\94\14255.png,high,14254,original,77,clean,42
14215,14216,94,77,data\splits\pilot_100id\images\94\14216.png,high,14215,original,77,clean,42
14256,14257,95,78,data\splits\pilot_100id\images\95\14257.png,high,14256,original,78,clean,42
14261,14262,95,78,data\splits\pilot_100id\images\95\14262.png,high,14261,original,78,clean,42
14290,14291,95,78,data\splits\pilot_100id\images\95\14291.png,high,14290,original,78,clean,42
14269,14270,95,78,data\splits\pilot_100id\images\95\14270.png,high,14269,original,78,clean,42
14301,14302,95,78,data\splits\pilot_100id\images\95\14302.png,high,14301,original,78,clean,42
14309,14310,95,78,data\splits\pilot_100id\images\95\14310.png,high,14309,original,78,clean,42
14313,14314,95,78,data\splits\pilot_100id\images\95\14314.png,high,14313,original,78,clean,42
14281,14282,95,78,data\splits\pilot_100id\images\95\14282.png,high,14281,original,78,clean,42
14303,14304,95,78,data\splits\pilot_100id\images\95\14304.png,high,14303,original,78,clean,42
14268,14269,95,78,data\splits\pilot_100id\images\95\14269.png,high,14268,original,78,clean,42
14305,14306,95,78,data\splits\pilot_100id\images\95\14306.png,high,14305,original,78,clean,42
14259,14260,95,78,data\splits\pilot_100id\images\95\14260.png,high,14259,original,78,clean,42
14292,14293,95,78,data\splits\pilot_100id\images\95\14293.png,high,14292,original,78,clean,42
14287,14288,95,78,data\splits\pilot_100id\images\95\14288.png,high,14287,original,78,clean,42
14264,14265,95,78,data\splits\pilot_100id\images\95\14265.png,high,14264,original,78,clean,42
14273,14274,95,78,data\splits\pilot_100id\images\95\14274.png,high,14273,original,78,clean,42
14262,14263,95,78,data\splits\pilot_100id\images\95\14263.png,high,14262,original,78,clean,42
14260,14261,95,78,data\splits\pilot_100id\images\95\14261.png,high,14260,original,78,clean,42
14310,14311,95,78,data\splits\pilot_100id\images\95\14311.png,high,14310,original,78,clean,42
14275,14276,95,78,data\splits\pilot_100id\images\95\14276.png,high,14275,original,78,clean,42
14286,14287,95,78,data\splits\pilot_100id\images\95\14287.png,high,14286,original,78,clean,42
14306,14307,95,78,data\splits\pilot_100id\images\95\14307.png,high,14306,original,78,clean,42
14300,14301,95,78,data\splits\pilot_100id\images\95\14301.png,high,14300,original,78,clean,42
14311,14312,95,78,data\splits\pilot_100id\images\95\14312.png,high,14311,original,78,clean,42
14271,14272,95,78,data\splits\pilot_100id\images\95\14272.png,high,14271,original,78,clean,42
14334,14335,96,79,data\splits\pilot_100id\images\96\14335.png,high,14334,original,79,clean,42
14364,14365,96,79,data\splits\pilot_100id\images\96\14365.png,high,14364,original,79,clean,42
14363,14364,96,79,data\splits\pilot_100id\images\96\14364.png,high,14363,original,79,clean,42
14327,14328,96,79,data\splits\pilot_100id\images\96\14328.png,high,14327,original,79,clean,42
14359,14360,96,79,data\splits\pilot_100id\images\96\14360.png,high,14359,original,79,clean,42
14320,14321,96,79,data\splits\pilot_100id\images\96\14321.png,high,14320,original,79,clean,42
14332,14333,96,79,data\splits\pilot_100id\images\96\14333.png,high,14332,original,79,clean,42
14367,14368,96,79,data\splits\pilot_100id\images\96\14368.png,high,14367,original,79,clean,42
14318,14319,96,79,data\splits\pilot_100id\images\96\14319.png,high,14318,original,79,clean,42
14347,14348,96,79,data\splits\pilot_100id\images\96\14348.png,high,14347,original,79,clean,42
14328,14329,96,79,data\splits\pilot_100id\images\96\14329.png,high,14328,original,79,clean,42
14323,14324,96,79,data\splits\pilot_100id\images\96\14324.png,high,14323,original,79,clean,42
14341,14342,96,79,data\splits\pilot_100id\images\96\14342.png,high,14341,original,79,clean,42
14321,14322,96,79,data\splits\pilot_100id\images\96\14322.png,high,14321,original,79,clean,42
14349,14350,96,79,data\splits\pilot_100id\images\96\14350.png,high,14349,original,79,clean,42
14319,14320,96,79,data\splits\pilot_100id\images\96\14320.png,high,14319,original,79,clean,42
14352,14353,96,79,data\splits\pilot_100id\images\96\14353.png,high,14352,original,79,clean,42
14339,14340,96,79,data\splits\pilot_100id\images\96\14340.png,high,14339,original,79,clean,42
14360,14361,96,79,data\splits\pilot_100id\images\96\14361.png,high,14360,original,79,clean,42
14348,14349,96,79,data\splits\pilot_100id\images\96\14349.png,high,14348,original,79,clean,42
14365,14366,96,79,data\splits\pilot_100id\images\96\14366.png,high,14365,original,79,clean,42
14330,14331,96,79,data\splits\pilot_100id\images\96\14331.png,high,14330,original,79,clean,42
14324,14325,96,79,data\splits\pilot_100id\images\96\14325.png,high,14324,original,79,clean,42
14331,14332,96,79,data\splits\pilot_100id\images\96\14332.png,high,14331,original,79,clean,42
14345,14346,96,79,data\splits\pilot_100id\images\96\14346.png,high,14345,original,79,clean,42
14393,14394,97,80,data\splits\pilot_100id\images\97\14394.png,high,14393,original,80,clean,42
14375,14376,97,80,data\splits\pilot_100id\images\97\14376.png,high,14375,original,80,clean,42
14591,14592,97,80,data\splits\pilot_100id\images\97\14592.png,high,14591,original,80,clean,42
14577,14578,97,80,data\splits\pilot_100id\images\97\14578.png,high,14577,original,80,clean,42
14605,14606,97,80,data\splits\pilot_100id\images\97\14606.png,high,14605,original,80,clean,42
14542,14543,97,80,data\splits\pilot_100id\images\97\14543.png,high,14542,original,80,clean,42
14566,14567,97,80,data\splits\pilot_100id\images\97\14567.png,high,14566,original,80,clean,42
14589,14590,97,80,data\splits\pilot_100id\images\97\14590.png,high,14589,original,80,clean,42
14378,14379,97,80,data\splits\pilot_100id\images\97\14379.png,high,14378,original,80,clean,42
14482,14483,97,80,data\splits\pilot_100id\images\97\14483.png,high,14482,original,80,clean,42
14414,14415,97,80,data\splits\pilot_100id\images\97\14415.png,high,14414,original,80,clean,42
14576,14577,97,80,data\splits\pilot_100id\images\97\14577.png,high,14576,original,80,clean,42
14594,14595,97,80,data\splits\pilot_100id\images\97\14595.png,high,14594,original,80,clean,42
14578,14579,97,80,data\splits\pilot_100id\images\97\14579.png,high,14578,original,80,clean,42
14451,14452,97,80,data\splits\pilot_100id\images\97\14452.png,high,14451,original,80,clean,42
14513,14514,97,80,data\splits\pilot_100id\images\97\14514.png,high,14513,original,80,clean,42
14555,14556,97,80,data\splits\pilot_100id\images\97\14556.png,high,14555,original,80,clean,42
14384,14385,97,80,data\splits\pilot_100id\images\97\14385.png,high,14384,original,80,clean,42
14435,14436,97,80,data\splits\pilot_100id\images\97\14436.png,high,14435,original,80,clean,42
14496,14497,97,80,data\splits\pilot_100id\images\97\14497.png,high,14496,original,80,clean,42
14402,14403,97,80,data\splits\pilot_100id\images\97\14403.png,high,14402,original,80,clean,42
14388,14389,97,80,data\splits\pilot_100id\images\97\14389.png,high,14388,original,80,clean,42
14477,14478,97,80,data\splits\pilot_100id\images\97\14478.png,high,14477,original,80,clean,42
14399,14400,97,80,data\splits\pilot_100id\images\97\14400.png,high,14399,original,80,clean,42
14552,14553,97,80,data\splits\pilot_100id\images\97\14553.png,high,14552,original,80,clean,42
14629,14630,98,81,data\splits\pilot_100id\images\98\14630.png,high,14629,original,81,clean,42
14626,14627,98,81,data\splits\pilot_100id\images\98\14627.png,high,14626,original,81,clean,42
14625,14626,98,81,data\splits\pilot_100id\images\98\14626.png,high,14625,original,81,clean,42
14636,14637,98,81,data\splits\pilot_100id\images\98\14637.png,high,14636,original,81,clean,42
14614,14615,98,81,data\splits\pilot_100id\images\98\14615.png,high,14614,original,81,clean,42
14622,14623,98,81,data\splits\pilot_100id\images\98\14623.png,high,14622,original,81,clean,42
14647,14648,98,81,data\splits\pilot_100id\images\98\14648.png,high,14647,original,81,clean,42
14637,14638,98,81,data\splits\pilot_100id\images\98\14638.png,high,14637,original,81,clean,42
14649,14650,98,81,data\splits\pilot_100id\images\98\14650.png,high,14649,original,81,clean,42
14616,14617,98,81,data\splits\pilot_100id\images\98\14617.png,high,14616,original,81,clean,42
14635,14636,98,81,data\splits\pilot_100id\images\98\14636.png,high,14635,original,81,clean,42
14619,14620,98,81,data\splits\pilot_100id\images\98\14620.png,high,14619,original,81,clean,42
14623,14624,98,81,data\splits\pilot_100id\images\98\14624.png,high,14623,original,81,clean,42
14641,14642,98,81,data\splits\pilot_100id\images\98\14642.png,high,14641,original,81,clean,42
14644,14645,98,81,data\splits\pilot_100id\images\98\14645.png,high,14644,original,81,clean,42
14618,14619,98,81,data\splits\pilot_100id\images\98\14619.png,high,14618,original,81,clean,42
14627,14628,98,81,data\splits\pilot_100id\images\98\14628.png,high,14627,original,81,clean,42
14634,14635,98,81,data\splits\pilot_100id\images\98\14635.png,high,14634,original,81,clean,42
14610,14611,98,81,data\splits\pilot_100id\images\98\14611.png,high,14610,original,81,clean,42
14643,14644,98,81,data\splits\pilot_100id\images\98\14644.png,high,14643,original,81,clean,42
14615,14616,98,81,data\splits\pilot_100id\images\98\14616.png,high,14615,original,81,clean,42
14621,14622,98,81,data\splits\pilot_100id\images\98\14622.png,high,14621,original,81,clean,42
14611,14612,98,81,data\splits\pilot_100id\images\98\14612.png,high,14611,original,81,clean,42
14639,14640,98,81,data\splits\pilot_100id\images\98\14640.png,high,14639,original,81,clean,42
14631,14632,98,81,data\splits\pilot_100id\images\98\14632.png,high,14631,original,81,clean,42
14685,14686,99,82,data\splits\pilot_100id\images\99\14686.png,high,14685,original,82,clean,42
14663,14664,99,82,data\splits\pilot_100id\images\99\14664.png,high,14663,original,82,clean,42
14676,14677,99,82,data\splits\pilot_100id\images\99\14677.png,high,14676,original,82,clean,42
14680,14681,99,82,data\splits\pilot_100id\images\99\14681.png,high,14680,original,82,clean,42
14666,14667,99,82,data\splits\pilot_100id\images\99\14667.png,high,14666,original,82,clean,42
14681,14682,99,82,data\splits\pilot_100id\images\99\14682.png,high,14681,original,82,clean,42
14671,14672,99,82,data\splits\pilot_100id\images\99\14672.png,high,14671,original,82,clean,42
14662,14663,99,82,data\splits\pilot_100id\images\99\14663.png,high,14662,original,82,clean,42
14658,14659,99,82,data\splits\pilot_100id\images\99\14659.png,high,14658,original,82,clean,42
14667,14668,99,82,data\splits\pilot_100id\images\99\14668.png,high,14667,original,82,clean,42
14659,14660,99,82,data\splits\pilot_100id\images\99\14660.png,high,14659,original,82,clean,42
14684,14685,99,82,data\splits\pilot_100id\images\99\14685.png,high,14684,original,82,clean,42
14650,14651,99,82,data\splits\pilot_100id\images\99\14651.png,high,14650,original,82,clean,42
14654,14655,99,82,data\splits\pilot_100id\images\99\14655.png,high,14654,original,82,clean,42
14679,14680,99,82,data\splits\pilot_100id\images\99\14680.png,high,14679,original,82,clean,42
14665,14666,99,82,data\splits\pilot_100id\images\99\14666.png,high,14665,original,82,clean,42
14669,14670,99,82,data\splits\pilot_100id\images\99\14670.png,high,14669,original,82,clean,42
14655,14656,99,82,data\splits\pilot_100id\images\99\14656.png,high,14655,original,82,clean,42
14661,14662,99,82,data\splits\pilot_100id\images\99\14662.png,high,14661,original,82,clean,42
14651,14652,99,82,data\splits\pilot_100id\images\99\14652.png,high,14651,original,82,clean,42
14674,14675,99,82,data\splits\pilot_100id\images\99\14675.png,high,14674,original,82,clean,42
14652,14653,99,82,data\splits\pilot_100id\images\99\14653.png,high,14652,original,82,clean,42
14683,14684,99,82,data\splits\pilot_100id\images\99\14684.png,high,14683,original,82,clean,42
14653,14654,99,82,data\splits\pilot_100id\images\99\14654.png,high,14653,original,82,clean,42
14682,14683,99,82,data\splits\pilot_100id\images\99\14683.png,high,14682,original,82,clean,42
