image_id,record_index,casia_identity,class_index,image_path,quality_condition,source_image_id,blur_parameter,assigned_class_index,noise_status,noise_seed
243_low,244,1,0,data\corrupted\blur_15x15_s5\images\1\244.png,low,243,15x15_s5,78,noisy,42
21_low,22,1,0,data\corrupted\blur_15x15_s5\images\1\22.png,low,21,15x15_s5,0,clean,42
94_low,95,1,0,data\corrupted\blur_15x15_s5\images\1\95.png,low,94,15x15_s5,0,clean,42
221_low,222,1,0,data\corrupted\blur_15x15_s5\images\1\222.png,low,221,15x15_s5,0,clean,42
132_low,133,1,0,data\corrupted\blur_15x15_s5\images\1\133.png,low,132,15x15_s5,0,clean,42
200_low,201,1,0,data\corrupted\blur_15x15_s5\images\1\201.png,low,200,15x15_s5,0,clean,42
257_low,258,1,0,data\corrupted\blur_15x15_s5\images\1\258.png,low,257,15x15_s5,0,clean,42
182_low,183,1,0,data\corrupted\blur_15x15_s5\images\1\183.png,low,182,15x15_s5,0,clean,42
24_low,25,1,0,data\corrupted\blur_15x15_s5\images\1\25.png,low,24,15x15_s5,24,noisy,42
45_low,46,1,0,data\corrupted\blur_15x15_s5\images\1\46.png,low,45,15x15_s5,0,clean,42
195_low,196,1,0,data\corrupted\blur_15x15_s5\images\1\196.png,low,195,15x15_s5,0,clean,42
237_low,238,1,0,data\corrupted\blur_15x15_s5\images\1\238.png,low,237,15x15_s5,75,noisy,42
245_low,246,1,0,data\corrupted\blur_15x15_s5\images\1\246.png,low,245,15x15_s5,0,clean,42
232_low,233,1,0,data\corrupted\blur_15x15_s5\images\1\233.png,low,232,15x15_s5,0,clean,42
151_low,152,1,0,data\corrupted\blur_15x15_s5\images\1\152.png,low,151,15x15_s5,0,clean,42
83_low,84,1,0,data\corrupted\blur_15x15_s5\images\1\84.png,low,83,15x15_s5,0,clean,42
214_low,215,1,0,data\corrupted\blur_15x15_s5\images\1\215.png,low,214,15x15_s5,73,noisy,42
30_low,31,1,0,data\corrupted\blur_15x15_s5\images\1\31.png,low,30,15x15_s5,0,clean,42
111_low,112,1,0,data\corrupted\blur_15x15_s5\images\1\112.png,low,111,15x15_s5,0,clean,42
39_low,40,1,0,data\corrupted\blur_15x15_s5\images\1\40.png,low,39,15x15_s5,0,clean,42
250_low,251,1,0,data\corrupted\blur_15x15_s5\images\1\251.png,low,250,15x15_s5,0,clean,42
34_low,35,1,0,data\corrupted\blur_15x15_s5\images\1\35.png,low,34,15x15_s5,0,clean,42
135_low,136,1,0,data\corrupted\blur_15x15_s5\images\1\136.png,low,135,15x15_s5,0,clean,42
167_low,168,1,0,data\corrupted\blur_15x15_s5\images\1\168.png,low,167,15x15_s5,69,noisy,42
48_low,49,1,0,data\corrupted\blur_15x15_s5\images\1\49.png,low,48,15x15_s5,0,clean,42
293_low,294,2,1,data\corrupted\blur_15x15_s5\images\2\294.png,low,293,15x15_s5,1,clean,42
271_low,272,2,1,data\corrupted\blur_15x15_s5\images\2\272.png,low,271,15x15_s5,1,clean,42
318_low,319,2,1,data\corrupted\blur_15x15_s5\images\2\319.png,low,318,15x15_s5,1,clean,42
275_low,276,2,1,data\corrupted\blur_15x15_s5\images\2\276.png,low,275,15x15_s5,1,clean,42
324_low,325,2,1,data\corrupted\blur_15x15_s5\images\2\325.png,low,324,15x15_s5,1,clean,42
289_low,290,2,1,data\corrupted\blur_15x15_s5\images\2\290.png,low,289,15x15_s5,34,noisy,42
281_low,282,2,1,data\corrupted\blur_15x15_s5\images\2\282.png,low,281,15x15_s5,1,clean,42
304_low,305,2,1,data\corrupted\blur_15x15_s5\images\2\305.png,low,304,15x15_s5,59,noisy,42
315_low,316,2,1,data\corrupted\blur_15x15_s5\images\2\316.png,low,315,15x15_s5,1,clean,42
283_low,284,2,1,data\corrupted\blur_15x15_s5\images\2\284.png,low,283,15x15_s5,1,clean,42
302_low,303,2,1,data\corrupted\blur_15x15_s5\images\2\303.png,low,302,15x15_s5,29,noisy,42
280_low,281,2,1,data\corrupted\blur_15x15_s5\images\2\281.png,low,280,15x15_s5,1,clean,42
330_low,331,2,1,data\corrupted\blur_15x15_s5\images\2\331.png,low,330,15x15_s5,1,clean,42
276_low,277,2,1,data\corrupted\blur_15x15_s5\images\2\277.png,low,276,15x15_s5,28,noisy,42
339_low,340,2,1,data\corrupted\blur_15x15_s5\images\2\340.png,low,339,15x15_s5,1,clean,42
301_low,302,2,1,data\corrupted\blur_15x15_s5\images\2\302.png,low,301,15x15_s5,1,clean,42
328_low,329,2,1,data\corrupted\blur_15x15_s5\images\2\329.png,low,328,15x15_s5,1,clean,42
306_low,307,2,1,data\corrupted\blur_15x15_s5\images\2\307.png,low,306,15x15_s5,49,noisy,42
327_low,328,2,1,data\corrupted\blur_15x15_s5\images\2\328.png,low,327,15x15_s5,1,clean,42
317_low,318,2,1,data\corrupted\blur_15x15_s5\images\2\318.png,low,317,15x15_s5,1,clean,42
287_low,288,2,1,data\corrupted\blur_15x15_s5\images\2\288.png,low,287,15x15_s5,1,clean,42
305_low,306,2,1,data\corrupted\blur_15x15_s5\images\2\306.png,low,305,15x15_s5,1,clean,42
313_low,314,2,1,data\corrupted\blur_15x15_s5\images\2\314.png,low,313,15x15_s5,1,clean,42
299_low,300,2,1,data\corrupted\blur_15x15_s5\images\2\300.png,low,299,15x15_s5,1,clean,42
278_low,279,2,1,data\corrupted\blur_15x15_s5\images\2\279.png,low,278,15x15_s5,1,clean,42
410_low,411,3,2,data\corrupted\blur_15x15_s5\images\3\411.png,low,410,15x15_s5,2,clean,42
558_low,559,3,2,data\corrupted\blur_15x15_s5\images\3\559.png,low,558,15x15_s5,2,clean,42
724_low,725,3,2,data\corrupted\blur_15x15_s5\images\3\725.png,low,724,15x15_s5,2,clean,42
373_low,374,3,2,data\corrupted\blur_15x15_s5\images\3\374.png,low,373,15x15_s5,2,clean,42
382_low,383,3,2,data\corrupted\blur_15x15_s5\images\3\383.png,low,382,15x15_s5,37,noisy,42
417_low,418,3,2,data\corrupted\blur_15x15_s5\images\3\418.png,low,417,15x15_s5,2,clean,42
477_low,478,3,2,data\corrupted\blur_15x15_s5\images\3\478.png,low,477,15x15_s5,2,clean,42
671_low,672,3,2,data\corrupted\blur_15x15_s5\images\3\672.png,low,671,15x15_s5,2,clean,42
705_low,706,3,2,data\corrupted\blur_15x15_s5\images\3\706.png,low,705,15x15_s5,2,clean,42
605_low,606,3,2,data\corrupted\blur_15x15_s5\images\3\606.png,low,605,15x15_s5,27,noisy,42
704_low,705,3,2,data\corrupted\blur_15x15_s5\images\3\705.png,low,704,15x15_s5,2,clean,42
418_low,419,3,2,data\corrupted\blur_15x15_s5\images\3\419.png,low,418,15x15_s5,2,clean,42
623_low,624,3,2,data\corrupted\blur_15x15_s5\images\3\624.png,low,623,15x15_s5,2,clean,42
726_low,727,3,2,data\corrupted\blur_15x15_s5\images\3\727.png,low,726,15x15_s5,2,clean,42
495_low,496,3,2,data\corrupted\blur_15x15_s5\images\3\496.png,low,495,15x15_s5,2,clean,42
595_low,596,3,2,data\corrupted\blur_15x15_s5\images\3\596.png,low,595,15x15_s5,64,noisy,42
517_low,518,3,2,data\corrupted\blur_15x15_s5\images\3\518.png,low,517,15x15_s5,29,noisy,42
691_low,692,3,2,data\corrupted\blur_15x15_s5\images\3\692.png,low,691,15x15_s5,2,clean,42
349_low,350,3,2,data\corrupted\blur_15x15_s5\images\3\350.png,low,349,15x15_s5,2,clean,42
535_low,536,3,2,data\corrupted\blur_15x15_s5\images\3\536.png,low,535,15x15_s5,2,clean,42
395_low,396,3,2,data\corrupted\blur_15x15_s5\images\3\396.png,low,395,15x15_s5,2,clean,42
739_low,740,3,2,data\corrupted\blur_15x15_s5\images\3\740.png,low,739,15x15_s5,2,clean,42
593_low,594,3,2,data\corrupted\blur_15x15_s5\images\3\594.png,low,593,15x15_s5,2,clean,42
572_low,573,3,2,data\corrupted\blur_15x15_s5\images\3\573.png,low,572,15x15_s5,2,clean,42
702_low,703,3,2,data\corrupted\blur_15x15_s5\images\3\703.png,low,702,15x15_s5,71,noisy,42
748_low,749,4,3,data\corrupted\blur_15x15_s5\images\4\749.png,low,748,15x15_s5,3,clean,42
807_low,808,4,3,data\corrupted\blur_15x15_s5\images\4\808.png,low,807,15x15_s5,3,clean,42
762_low,763,4,3,data\corrupted\blur_15x15_s5\images\4\763.png,low,762,15x15_s5,41,noisy,42
744_low,745,4,3,data\corrupted\blur_15x15_s5\images\4\745.png,low,744,15x15_s5,3,clean,42
772_low,773,4,3,data\corrupted\blur_15x15_s5\images\4\773.png,low,772,15x15_s5,3,clean,42
817_low,818,4,3,data\corrupted\blur_15x15_s5\images\4\818.png,low,817,15x15_s5,23,noisy,42
754_low,755,4,3,data\corrupted\blur_15x15_s5\images\4\755.png,low,754,15x15_s5,3,clean,42
778_low,779,4,3,data\corrupted\blur_15x15_s5\images\4\779.png,low,778,15x15_s5,3,clean,42
756_low,757,4,3,data\corrupted\blur_15x15_s5\images\4\757.png,low,756,15x15_s5,3,clean,42
799_low,800,4,3,data\corrupted\blur_15x15_s5\images\4\800.png,low,799,15x15_s5,3,clean,42
809_low,810,4,3,data\corrupted\blur_15x15_s5\images\4\810.png,low,809,15x15_s5,3,clean,42
775_low,776,4,3,data\corrupted\blur_15x15_s5\images\4\776.png,low,775,15x15_s5,3,clean,42
753_low,754,4,3,data\corrupted\blur_15x15_s5\images\4\754.png,low,753,15x15_s5,68,noisy,42
789_low,790,4,3,data\corrupted\blur_15x15_s5\images\4\790.png,low,789,15x15_s5,3,clean,42
749_low,750,4,3,data\corrupted\blur_15x15_s5\images\4\750.png,low,749,15x15_s5,3,clean,42
766_low,767,4,3,data\corrupted\blur_15x15_s5\images\4\767.png,low,766,15x15_s5,3,clean,42
801_low,802,4,3,data\corrupted\blur_15x15_s5\images\4\802.png,low,801,15x15_s5,3,clean,42
794_low,795,4,3,data\corrupted\blur_15x15_s5\images\4\795.png,low,794,15x15_s5,3,clean,42
777_low,778,4,3,data\corrupted\blur_15x15_s5\images\4\778.png,low,777,15x15_s5,3,clean,42
783_low,784,4,3,data\corrupted\blur_15x15_s5\images\4\784.png,low,783,15x15_s5,3,clean,42
814_low,815,4,3,data\corrupted\blur_15x15_s5\images\4\815.png,low,814,15x15_s5,81,noisy,42
760_low,761,4,3,data\corrupted\blur_15x15_s5\images\4\761.png,low,760,15x15_s5,3,clean,42
779_low,780,4,3,data\corrupted\blur_15x15_s5\images\4\780.png,low,779,15x15_s5,3,clean,42
788_low,789,4,3,data\corrupted\blur_15x15_s5\images\4\789.png,low,788,15x15_s5,3,clean,42
805_low,806,4,3,data\corrupted\blur_15x15_s5\images\4\806.png,low,805,15x15_s5,51,noisy,42
948_low,949,6,4,data\corrupted\blur_15x15_s5\images\6\949.png,low,948,15x15_s5,4,clean,42
947_low,948,6,4,data\corrupted\blur_15x15_s5\images\6\948.png,low,947,15x15_s5,4,clean,42
855_low,856,6,4,data\corrupted\blur_15x15_s5\images\6\856.png,low,855,15x15_s5,4,clean,42
869_low,870,6,4,data\corrupted\blur_15x15_s5\images\6\870.png,low,869,15x15_s5,4,clean,42
966_low,967,6,4,data\corrupted\blur_15x15_s5\images\6\967.png,low,966,15x15_s5,4,clean,42
909_low,910,6,4,data\corrupted\blur_15x15_s5\images\6\910.png,low,909,15x15_s5,80,noisy,42
907_low,908,6,4,data\corrupted\blur_15x15_s5\images\6\908.png,low,907,15x15_s5,4,clean,42
958_low,959,6,4,data\corrupted\blur_15x15_s5\images\6\959.png,low,958,15x15_s5,4,clean,42
976_low,977,6,4,data\corrupted\blur_15x15_s5\images\6\977.png,low,976,15x15_s5,4,clean,42
928_low,929,6,4,data\corrupted\blur_15x15_s5\images\6\929.png,low,928,15x15_s5,2,noisy,42
927_low,928,6,4,data\corrupted\blur_15x15_s5\images\6\928.png,low,927,15x15_s5,4,clean,42
888_low,889,6,4,data\corrupted\blur_15x15_s5\images\6\889.png,low,888,15x15_s5,4,clean,42
912_low,913,6,4,data\corrupted\blur_15x15_s5\images\6\913.png,low,912,15x15_s5,4,clean,42
910_low,911,6,4,data\corrupted\blur_15x15_s5\images\6\911.png,low,910,15x15_s5,12,noisy,42
874_low,875,6,4,data\corrupted\blur_15x15_s5\images\6\875.png,low,874,15x15_s5,4,clean,42
885_low,886,6,4,data\corrupted\blur_15x15_s5\images\6\886.png,low,885,15x15_s5,4,clean,42
870_low,871,6,4,data\corrupted\blur_15x15_s5\images\6\871.png,low,870,15x15_s5,4,clean,42
862_low,863,6,4,data\corrupted\blur_15x15_s5\images\6\863.png,low,862,15x15_s5,4,clean,42
975_low,976,6,4,data\corrupted\blur_15x15_s5\images\6\976.png,low,975,15x15_s5,24,noisy,42
899_low,900,6,4,data\corrupted\blur_15x15_s5\images\6\900.png,low,899,15x15_s5,4,clean,42
968_low,969,6,4,data\corrupted\blur_15x15_s5\images\6\969.png,low,968,15x15_s5,52,noisy,42
847_low,848,6,4,data\corrupted\blur_15x15_s5\images\6\848.png,low,847,15x15_s5,4,clean,42
952_low,953,6,4,data\corrupted\blur_15x15_s5\images\6\953.png,low,952,15x15_s5,4,clean,42
879_low,880,6,4,data\corrupted\blur_15x15_s5\images\6\880.png,low,879,15x15_s5,4,clean,42
932_low,933,6,4,data\corrupted\blur_15x15_s5\images\6\933.png,low,932,15x15_s5,4,clean,42
1039_low,1040,8,5,data\corrupted\blur_15x15_s5\images\8\1040.png,low,1039,15x15_s5,5,clean,42
1012_low,1013,8,5,data\corrupted\blur_15x15_s5\images\8\1013.png,low,1012,15x15_s5,80,noisy,42
1187_low,1188,8,5,data\corrupted\blur_15x15_s5\images\8\1188.png,low,1187,15x15_s5,5,clean,42
1092_low,1093,8,5,data\corrupted\blur_15x15_s5\images\8\1093.png,low,1092,15x15_s5,11,noisy,42
1161_low,1162,8,5,data\corrupted\blur_15x15_s5\images\8\1162.png,low,1161,15x15_s5,5,clean,42
1184_low,1185,8,5,data\corrupted\blur_15x15_s5\images\8\1185.png,low,1184,15x15_s5,5,clean,42
1200_low,1201,8,5,data\corrupted\blur_15x15_s5\images\8\1201.png,low,1200,15x15_s5,5,clean,42
1110_low,1111,8,5,data\corrupted\blur_15x15_s5\images\8\1111.png,low,1110,15x15_s5,5,clean,42
1015_low,1016,8,5,data\corrupted\blur_15x15_s5\images\8\1016.png,low,1015,15x15_s5,5,clean,42
1240_low,1241,8,5,data\corrupted\blur_15x15_s5\images\8\1241.png,low,1240,15x15_s5,5,clean,42
1237_low,1238,8,5,data\corrupted\blur_15x15_s5\images\8\1238.png,low,1237,15x15_s5,20,noisy,42
1219_low,1220,8,5,data\corrupted\blur_15x15_s5\images\8\1220.png,low,1219,15x15_s5,5,clean,42
1243_low,1244,8,5,data\corrupted\blur_15x15_s5\images\8\1244.png,low,1243,15x15_s5,5,clean,42
1179_low,1180,8,5,data\corrupted\blur_15x15_s5\images\8\1180.png,low,1179,15x15_s5,5,clean,42
1072_low,1073,8,5,data\corrupted\blur_15x15_s5\images\8\1073.png,low,1072,15x15_s5,5,clean,42
1228_low,1229,8,5,data\corrupted\blur_15x15_s5\images\8\1229.png,low,1228,15x15_s5,5,clean,42
1225_low,1226,8,5,data\corrupted\blur_15x15_s5\images\8\1226.png,low,1225,15x15_s5,5,clean,42
1021_low,1022,8,5,data\corrupted\blur_15x15_s5\images\8\1022.png,low,1021,15x15_s5,5,clean,42
1188_low,1189,8,5,data\corrupted\blur_15x15_s5\images\8\1189.png,low,1188,15x15_s5,36,noisy,42
1030_low,1031,8,5,data\corrupted\blur_15x15_s5\images\8\1031.png,low,1030,15x15_s5,78,noisy,42
1126_low,1127,8,5,data\corrupted\blur_15x15_s5\images\8\1127.png,low,1126,15x15_s5,5,clean,42
1025_low,1026,8,5,data\corrupted\blur_15x15_s5\images\8\1026.png,low,1025,15x15_s5,5,clean,42
1118_low,1119,8,5,data\corrupted\blur_15x15_s5\images\8\1119.png,low,1118,15x15_s5,5,clean,42
1073_low,1074,8,5,data\corrupted\blur_15x15_s5\images\8\1074.png,low,1073,15x15_s5,5,clean,42
1227_low,1228,8,5,data\corrupted\blur_15x15_s5\images\8\1228.png,low,1227,15x15_s5,5,clean,42
1358_low,1359,9,6,data\corrupted\blur_15x15_s5\images\9\1359.png,low,1358,15x15_s5,14,noisy,42
1361_low,1362,9,6,data\corrupted\blur_15x15_s5\images\9\1362.png,low,1361,15x15_s5,6,clean,42
1394_low,1395,9,6,data\corrupted\blur_15x15_s5\images\9\1395.png,low,1394,15x15_s5,6,clean,42
1308_low,1309,9,6,data\corrupted\blur_15x15_s5\images\9\1309.png,low,1308,15x15_s5,6,clean,42
1347_low,1348,9,6,data\corrupted\blur_15x15_s5\images\9\1348.png,low,1347,15x15_s5,6,clean,42
1282_low,1283,9,6,data\corrupted\blur_15x15_s5\images\9\1283.png,low,1282,15x15_s5,6,clean,42
1354_low,1355,9,6,data\corrupted\blur_15x15_s5\images\9\1355.png,low,1354,15x15_s5,6,clean,42
1304_low,1305,9,6,data\corrupted\blur_15x15_s5\images\9\1305.png,low,1304,15x15_s5,11,noisy,42
1353_low,1354,9,6,data\corrupted\blur_15x15_s5\images\9\1354.png,low,1353,15x15_s5,13,noisy,42
1395_low,1396,9,6,data\corrupted\blur_15x15_s5\images\9\1396.png,low,1395,15x15_s5,6,clean,42
1272_low,1273,9,6,data\corrupted\blur_15x15_s5\images\9\1273.png,low,1272,15x15_s5,6,clean,42
1337_low,1338,9,6,data\corrupted\blur_15x15_s5\images\9\1338.png,low,1337,15x15_s5,6,clean,42
1268_low,1269,9,6,data\corrupted\blur_15x15_s5\images\9\1269.png,low,1268,15x15_s5,6,clean,42
1319_low,1320,9,6,data\corrupted\blur_15x15_s5\images\9\1320.png,low,1319,15x15_s5,6,clean,42
1277_low,1278,9,6,data\corrupted\blur_15x15_s5\images\9\1278.png,low,1277,15x15_s5,6,clean,42
1283_low,1284,9,6,data\corrupted\blur_15x15_s5\images\9\1284.png,low,1283,15x15_s5,6,clean,42
1381_low,1382,9,6,data\corrupted\blur_15x15_s5\images\9\1382.png,low,1381,15x15_s5,6,clean,42
1400_low,1401,9,6,data\corrupted\blur_15x15_s5\images\9\1401.png,low,1400,15x15_s5,73,noisy,42
1351_low,1352,9,6,data\corrupted\blur_15x15_s5\images\9\1352.png,low,1351,15x15_s5,6,clean,42
1269_low,1270,9,6,data\corrupted\blur_15x15_s5\images\9\1270.png,low,1269,15x15_s5,6,clean,42
1328_low,1329,9,6,data\corrupted\blur_15x15_s5\images\9\1329.png,low,1328,15x15_s5,6,clean,42
1271_low,1272,9,6,data\corrupted\blur_15x15_s5\images\9\1272.png,low,1271,15x15_s5,6,clean,42
1265_low,1266,9,6,data\corrupted\blur_15x15_s5\images\9\1266.png,low,1265,15x15_s5,6,clean,42
1262_low,1263,9,6,data\corrupted\blur_15x15_s5\images\9\1263.png,low,1262,15x15_s5,6,clean,42
1284_low,1285,9,6,data\corrupted\blur_15x15_s5\images\9\1285.png,low,1284,15x15_s5,48,noisy,42
1496_low,1497,10,7,data\corrupted\blur_15x15_s5\images\10\1497.png,low,1496,15x15_s5,7,clean,42
1466_low,1467,10,7,data\corrupted\blur_15x15_s5\images\10\1467.png,low,1466,15x15_s5,7,clean,42
1483_low,1484,10,7,data\corrupted\blur_15x15_s5\images\10\1484.png,low,1483,15x15_s5,7,clean,42
1458_low,1459,10,7,data\corrupted\blur_15x15_s5\images\10\1459.png,low,1458,15x15_s5,61,noisy,42
1457_low,1458,10,7,data\corrupted\blur_15x15_s5\images\10\1458.png,low,1457,15x15_s5,7,clean,42
1452_low,1453,10,7,data\corrupted\blur_15x15_s5\images\10\1453.png,low,1452,15x15_s5,7,clean,42
1435_low,1436,10,7,data\corrupted\blur_15x15_s5\images\10\1436.png,low,1435,15x15_s5,7,clean,42
1493_low,1494,10,7,data\corrupted\blur_15x15_s5\images\10\1494.png,low,1493,15x15_s5,7,clean,42
1423_low,1424,10,7,data\corrupted\blur_15x15_s5\images\10\1424.png,low,1423,15x15_s5,7,clean,42
1413_low,1414,10,7,data\corrupted\blur_15x15_s5\images\10\1414.png,low,1413,15x15_s5,70,noisy,42
1431_low,1432,10,7,data\corrupted\blur_15x15_s5\images\10\1432.png,low,1431,15x15_s5,7,clean,42
1443_low,1444,10,7,data\corrupted\blur_15x15_s5\images\10\1444.png,low,1443,15x15_s5,7,clean,42
1486_low,1487,10,7,data\corrupted\blur_15x15_s5\images\10\1487.png,low,1486,15x15_s5,7,clean,42
1446_low,1447,10,7,data\corrupted\blur_15x15_s5\images\10\1447.png,low,1446,15x15_s5,47,noisy,42
1503_low,1504,10,7,data\corrupted\blur_15x15_s5\images\10\1504.png,low,1503,15x15_s5,7,clean,42
1417_low,1418,10,7,data\corrupted\blur_15x15_s5\images\10\1418.png,low,1417,15x15_s5,7,clean,42
1489_low,1490,10,7,data\corrupted\blur_15x15_s5\images\10\1490.png,low,1489,15x15_s5,73,noisy,42
1490_low,1491,10,7,data\corrupted\blur_15x15_s5\images\10\1491.png,low,1490,15x15_s5,7,clean,42
1425_low,1426,10,7,data\corrupted\blur_15x15_s5\images\10\1426.png,low,1425,15x15_s5,7,clean,42
1444_low,1445,10,7,data\corrupted\blur_15x15_s5\images\10\1445.png,low,1444,15x15_s5,7,clean,42
1468_low,1469,10,7,data\corrupted\blur_15x15_s5\images\10\1469.png,low,1468,15x15_s5,7,clean,42
1501_low,1502,10,7,data\corrupted\blur_15x15_s5\images\10\1502.png,low,1501,15x15_s5,7,clean,42
1439_low,1440,10,7,data\corrupted\blur_15x15_s5\images\10\1440.png,low,1439,15x15_s5,77,noisy,42
1455_low,1456,10,7,data\corrupted\blur_15x15_s5\images\10\1456.png,low,1455,15x15_s5,7,clean,42
1482_low,1483,10,7,data\corrupted\blur_15x15_s5\images\10\1483.png,low,1482,15x15_s5,7,clean,42
1665_low,1666,12,8,data\corrupted\blur_15x15_s5\images\12\1666.png,low,1665,15x15_s5,8,clean,42
1553_low,1554,12,8,data\corrupted\blur_15x15_s5\images\12\1554.png,low,1553,15x15_s5,8,clean,42
1615_low,1616,12,8,data\corrupted\blur_15x15_s5\images\12\1616.png,low,1615,15x15_s5,8,clean,42
1630_low,1631,12,8,data\corrupted\blur_15x15_s5\images\12\1631.png,low,1630,15x15_s5,8,clean,42
1590_low,1591,12,8,data\corrupted\blur_15x15_s5\images\12\1591.png,low,1590,15x15_s5,8,clean,42
1546_low,1547,12,8,data\corrupted\blur_15x15_s5\images\12\1547.png,low,1546,15x15_s5,8,clean,42
1632_low,1633,12,8,data\corrupted\blur_15x15_s5\images\12\1633.png,low,1632,15x15_s5,8,clean,42
1599_low,1600,12,8,data\corrupted\blur_15x15_s5\images\12\1600.png,low,1599,15x15_s5,8,clean,42
1600_low,1601,12,8,data\corrupted\blur_15x15_s5\images\12\1601.png,low,1600,15x15_s5,8,clean,42
1552_low,1553,12,8,data\corrupted\blur_15x15_s5\images\12\1553.png,low,1552,15x15_s5,2,noisy,42
1585_low,1586,12,8,data\corrupted\blur_15x15_s5\images\12\1586.png,low,1585,15x15_s5,8,clean,42
1611_low,1612,12,8,data\corrupted\blur_15x15_s5\images\12\1612.png,low,1611,15x15_s5,8,clean,42
1627_low,1628,12,8,data\corrupted\blur_15x15_s5\images\12\1628.png,low,1627,15x15_s5,8,clean,42
1649_low,1650,12,8,data\corrupted\blur_15x15_s5\images\12\1650.png,low,1649,15x15_s5,56,noisy,42
1664_low,1665,12,8,data\corrupted\blur_15x15_s5\images\12\1665.png,low,1664,15x15_s5,8,clean,42
1598_low,1599,12,8,data\corrupted\blur_15x15_s5\images\12\1599.png,low,1598,15x15_s5,0,noisy,42
1561_low,1562,12,8,data\corrupted\blur_15x15_s5\images\12\1562.png,low,1561,15x15_s5,8,clean,42
1603_low,1604,12,8,data\corrupted\blur_15x15_s5\images\12\1604.png,low,1603,15x15_s5,9,noisy,42
1658_low,1659,12,8,data\corrupted\blur_15x15_s5\images\12\1659.png,low,1658,15x15_s5,32,noisy,42
1607_low,1608,12,8,data\corrupted\blur_15x15_s5\images\12\1608.png,low,1607,15x15_s5,8,clean,42
1545_low,1546,12,8,data\corrupted\blur_15x15_s5\images\12\1546.png,low,1545,15x15_s5,8,clean,42
1652_low,1653,12,8,data\corrupted\blur_15x15_s5\images\12\1653.png,low,1652,15x15_s5,8,clean,42
1643_low,1644,12,8,data\corrupted\blur_15x15_s5\images\12\1644.png,low,1643,15x15_s5,8,clean,42
1646_low,1647,12,8,data\corrupted\blur_15x15_s5\images\12\1647.png,low,1646,15x15_s5,8,clean,42
1589_low,1590,12,8,data\corrupted\blur_15x15_s5\images\12\1590.png,low,1589,15x15_s5,8,clean,42
1698_low,1699,13,9,data\corrupted\blur_15x15_s5\images\13\1699.png,low,1698,15x15_s5,9,clean,42
1676_low,1677,13,9,data\corrupted\blur_15x15_s5\images\13\1677.png,low,1676,15x15_s5,9,clean,42
1725_low,1726,13,9,data\corrupted\blur_15x15_s5\images\13\1726.png,low,1725,15x15_s5,9,clean,42
1680_low,1681,13,9,data\corrupted\blur_15x15_s5\images\13\1681.png,low,1680,15x15_s5,9,clean,42
1730_low,1731,13,9,data\corrupted\blur_15x15_s5\images\13\1731.png,low,1730,15x15_s5,9,clean,42
1694_low,1695,13,9,data\corrupted\blur_15x15_s5\images\13\1695.png,low,1694,15x15_s5,9,clean,42
1686_low,1687,13,9,data\corrupted\blur_15x15_s5\images\13\1687.png,low,1686,15x15_s5,61,noisy,42
1709_low,1710,13,9,data\corrupted\blur_15x15_s5\images\13\1710.png,low,1709,15x15_s5,9,clean,42
1721_low,1722,13,9,data\corrupted\blur_15x15_s5\images\13\1722.png,low,1721,15x15_s5,9,clean,42
1688_low,1689,13,9,data\corrupted\blur_15x15_s5\images\13\1689.png,low,1688,15x15_s5,82,noisy,42
1707_low,1708,13,9,data\corrupted\blur_15x15_s5\images\13\1708.png,low,1707,15x15_s5,9,clean,42
1685_low,1686,13,9,data\corrupted\blur_15x15_s5\images\13\1686.png,low,1685,15x15_s5,9,clean,42
1743_low,1744,13,9,data\corrupted\blur_15x15_s5\images\13\1744.png,low,1743,15x15_s5,59,noisy,42
1681_low,1682,13,9,data\corrupted\blur_15x15_s5\images\13\1682.png,low,1681,15x15_s5,9,clean,42
1738_low,1739,13,9,data\corrupted\blur_15x15_s5\images\13\1739.png,low,1738,15x15_s5,37,noisy,42
1706_low,1707,13,9,data\corrupted\blur_15x15_s5\images\13\1707.png,low,1706,15x15_s5,22,noisy,42
1734_low,1735,13,9,data\corrupted\blur_15x15_s5\images\13\1735.png,low,1734,15x15_s5,9,clean,42
1711_low,1712,13,9,data\corrupted\blur_15x15_s5\images\13\1712.png,low,1711,15x15_s5,9,clean,42
1733_low,1734,13,9,data\corrupted\blur_15x15_s5\images\13\1734.png,low,1733,15x15_s5,9,clean,42
1723_low,1724,13,9,data\corrupted\blur_15x15_s5\images\13\1724.png,low,1723,15x15_s5,9,clean,42
1692_low,1693,13,9,data\corrupted\blur_15x15_s5\images\13\1693.png,low,1692,15x15_s5,9,clean,42
1710_low,1711,13,9,data\corrupted\blur_15x15_s5\images\13\1711.png,low,1710,15x15_s5,9,clean,42
1718_low,1719,13,9,data\corrupted\blur_15x15_s5\images\13\1719.png,low,1718,15x15_s5,9,clean,42
1704_low,1705,13,9,data\corrupted\blur_15x15_s5\images\13\1705.png,low,1704,15x15_s5,9,clean,42
1683_low,1684,13,9,data\corrupted\blur_15x15_s5\images\13\1684.png,low,1683,15x15_s5,9,clean,42
2031_low,2032,14,10,data\corrupted\blur_15x15_s5\images\14\2032.png,low,2031,15x15_s5,10,clean,42
2027_low,2028,14,10,data\corrupted\blur_15x15_s5\images\14\2028.png,low,2027,15x15_s5,10,clean,42
1779_low,1780,14,10,data\corrupted\blur_15x15_s5\images\14\1780.png,low,1779,15x15_s5,10,clean,42
1957_low,1958,14,10,data\corrupted\blur_15x15_s5\images\14\1958.png,low,1957,15x15_s5,29,noisy,42
1839_low,1840,14,10,data\corrupted\blur_15x15_s5\images\14\1840.png,low,1839,15x15_s5,15,noisy,42
1830_low,1831,14,10,data\corrupted\blur_15x15_s5\images\14\1831.png,low,1830,15x15_s5,10,clean,42
2137_low,2138,14,10,data\corrupted\blur_15x15_s5\images\14\2138.png,low,2137,15x15_s5,10,clean,42
1840_low,1841,14,10,data\corrupted\blur_15x15_s5\images\14\1841.png,low,1840,15x15_s5,10,clean,42
1971_low,1972,14,10,data\corrupted\blur_15x15_s5\images\14\1972.png,low,1971,15x15_s5,10,clean,42
1872_low,1873,14,10,data\corrupted\blur_15x15_s5\images\14\1873.png,low,1872,15x15_s5,10,clean,42
1755_low,1756,14,10,data\corrupted\blur_15x15_s5\images\14\1756.png,low,1755,15x15_s5,10,clean,42
2108_low,2109,14,10,data\corrupted\blur_15x15_s5\images\14\2109.png,low,2108,15x15_s5,65,noisy,42
1802_low,1803,14,10,data\corrupted\blur_15x15_s5\images\14\1803.png,low,1802,15x15_s5,32,noisy,42
1818_low,1819,14,10,data\corrupted\blur_15x15_s5\images\14\1819.png,low,1818,15x15_s5,10,clean,42
1878_low,1879,14,10,data\corrupted\blur_15x15_s5\images\14\1879.png,low,1878,15x15_s5,10,clean,42
1788_low,1789,14,10,data\corrupted\blur_15x15_s5\images\14\1789.png,low,1788,15x15_s5,10,clean,42
2001_low,2002,14,10,data\corrupted\blur_15x15_s5\images\14\2002.png,low,2001,15x15_s5,10,clean,42
2023_low,2024,14,10,data\corrupted\blur_15x15_s5\images\14\2024.png,low,2023,15x15_s5,10,clean,42
1978_low,1979,14,10,data\corrupted\blur_15x15_s5\images\14\1979.png,low,1978,15x15_s5,10,clean,42
1954_low,1955,14,10,data\corrupted\blur_15x15_s5\images\14\1955.png,low,1954,15x15_s5,10,clean,42
1823_low,1824,14,10,data\corrupted\blur_15x15_s5\images\14\1824.png,low,1823,15x15_s5,10,clean,42
1761_low,1762,14,10,data\corrupted\blur_15x15_s5\images\14\1762.png,low,1761,15x15_s5,10,clean,42
2139_low,2140,14,10,data\corrupted\blur_15x15_s5\images\14\2140.png,low,2139,15x15_s5,10,clean,42
2095_low,2096,14,10,data\corrupted\blur_15x15_s5\images\14\2096.png,low,2095,15x15_s5,56,noisy,42
1746_low,1747,14,10,data\corrupted\blur_15x15_s5\images\14\1747.png,low,1746,15x15_s5,10,clean,42
2253_low,2254,16,11,data\corrupted\blur_15x15_s5\images\16\2254.png,low,2253,15x15_s5,11,clean,42
2223_low,2224,16,11,data\corrupted\blur_15x15_s5\images\16\2224.png,low,2223,15x15_s5,11,clean,42
2240_low,2241,16,11,data\corrupted\blur_15x15_s5\images\16\2241.png,low,2240,15x15_s5,11,clean,42
2215_low,2216,16,11,data\corrupted\blur_15x15_s5\images\16\2216.png,low,2215,15x15_s5,11,clean,42
2214_low,2215,16,11,data\corrupted\blur_15x15_s5\images\16\2215.png,low,2214,15x15_s5,11,clean,42
2209_low,2210,16,11,data\corrupted\blur_15x15_s5\images\16\2210.png,low,2209,15x15_s5,11,clean,42
2192_low,2193,16,11,data\corrupted\blur_15x15_s5\images\16\2193.png,low,2192,15x15_s5,11,clean,42
2250_low,2251,16,11,data\corrupted\blur_15x15_s5\images\16\2251.png,low,2250,15x15_s5,71,noisy,42
2180_low,2181,16,11,data\corrupted\blur_15x15_s5\images\16\2181.png,low,2180,15x15_s5,11,clean,42
2170_low,2171,16,11,data\corrupted\blur_15x15_s5\images\16\2171.png,low,2170,15x15_s5,11,clean,42
2188_low,2189,16,11,data\corrupted\blur_15x15_s5\images\16\2189.png,low,2188,15x15_s5,11,clean,42
2200_low,2201,16,11,data\corrupted\blur_15x15_s5\images\16\2201.png,low,2200,15x15_s5,11,clean,42
2243_low,2244,16,11,data\corrupted\blur_15x15_s5\images\16\2244.png,low,2243,15x15_s5,11,clean,42
2203_low,2204,16,11,data\corrupted\blur_15x15_s5\images\16\2204.png,low,2203,15x15_s5,42,noisy,42
2260_low,2261,16,11,data\corrupted\blur_15x15_s5\images\16\2261.png,low,2260,15x15_s5,11,clean,42
2174_low,2175,16,11,data\corrupted\blur_15x15_s5\images\16\2175.png,low,2174,15x15_s5,11,clean,42
2246_low,2247,16,11,data\corrupted\blur_15x15_s5\images\16\2247.png,low,2246,15x15_s5,11,clean,42
2247_low,2248,16,11,data\corrupted\blur_15x15_s5\images\16\2248.png,low,2247,15x15_s5,60,noisy,42
2182_low,2183,16,11,data\corrupted\blur_15x15_s5\images\16\2183.png,low,2182,15x15_s5,38,noisy,42
2201_low,2202,16,11,data\corrupted\blur_15x15_s5\images\16\2202.png,low,2201,15x15_s5,11,clean,42
2225_low,2226,16,11,data\corrupted\blur_15x15_s5\images\16\2226.png,low,2225,15x15_s5,63,noisy,42
2258_low,2259,16,11,data\corrupted\blur_15x15_s5\images\16\2259.png,low,2258,15x15_s5,11,clean,42
2196_low,2197,16,11,data\corrupted\blur_15x15_s5\images\16\2197.png,low,2196,15x15_s5,11,clean,42
2212_low,2213,16,11,data\corrupted\blur_15x15_s5\images\16\2213.png,low,2212,15x15_s5,11,clean,42
2239_low,2240,16,11,data\corrupted\blur_15x15_s5\images\16\2240.png,low,2239,15x15_s5,11,clean,42
2287_low,2288,17,12,data\corrupted\blur_15x15_s5\images\17\2288.png,low,2287,15x15_s5,12,clean,42
2283_low,2284,17,12,data\corrupted\blur_15x15_s5\images\17\2284.png,low,2283,15x15_s5,12,clean,42
2274_low,2275,17,12,data\corrupted\blur_15x15_s5\images\17\2275.png,low,2274,15x15_s5,12,clean,42
2299_low,2300,17,12,data\corrupted\blur_15x15_s5\images\17\2300.png,low,2299,15x15_s5,12,clean,42
2305_low,2306,17,12,data\corrupted\blur_15x15_s5\images\17\2306.png,low,2305,15x15_s5,12,clean,42
2295_low,2296,17,12,data\corrupted\blur_15x15_s5\images\17\2296.png,low,2295,15x15_s5,12,clean,42
2276_low,2277,17,12,data\corrupted\blur_15x15_s5\images\17\2277.png,low,2276,15x15_s5,50,noisy,42
2296_low,2297,17,12,data\corrupted\blur_15x15_s5\images\17\2297.png,low,2296,15x15_s5,12,clean,42
2294_low,2295,17,12,data\corrupted\blur_15x15_s5\images\17\2295.png,low,2294,15x15_s5,12,clean,42
2286_low,2287,17,12,data\corrupted\blur_15x15_s5\images\17\2287.png,low,2286,15x15_s5,12,clean,42
2278_low,2279,17,12,data\corrupted\blur_15x15_s5\images\17\2279.png,low,2278,15x15_s5,12,clean,42
2285_low,2286,17,12,data\corrupted\blur_15x15_s5\images\17\2286.png,low,2285,15x15_s5,38,noisy,42
2282_low,2283,17,12,data\corrupted\blur_15x15_s5\images\17\2283.png,low,2282,15x15_s5,17,noisy,42
2302_low,2303,17,12,data\corrupted\blur_15x15_s5\images\17\2303.png,low,2302,15x15_s5,12,clean,42
2279_low,2280,17,12,data\corrupted\blur_15x15_s5\images\17\2280.png,low,2279,15x15_s5,19,noisy,42
2289_low,2290,17,12,data\corrupted\blur_15x15_s5\images\17\2290.png,low,2289,15x15_s5,12,clean,42
2270_low,2271,17,12,data\corrupted\blur_15x15_s5\images\17\2271.png,low,2270,15x15_s5,12,clean,42
2301_low,2302,17,12,data\corrupted\blur_15x15_s5\images\17\2302.png,low,2301,15x15_s5,12,clean,42
2275_low,2276,17,12,data\corrupted\blur_15x15_s5\images\17\2276.png,low,2275,15x15_s5,12,clean,42
2281_low,2282,17,12,data\corrupted\blur_15x15_s5\images\17\2282.png,low,2281,15x15_s5,12,clean,42
2271_low,2272,17,12,data\corrupted\blur_15x15_s5\images\17\2272.png,low,2271,15x15_s5,12,clean,42
2297_low,2298,17,12,data\corrupted\blur_15x15_s5\images\17\2298.png,low,2297,15x15_s5,12,clean,42
2291_low,2292,17,12,data\corrupted\blur_15x15_s5\images\17\2292.png,low,2291,15x15_s5,81,noisy,42
2272_low,2273,17,12,data\corrupted\blur_15x15_s5\images\17\2273.png,low,2272,15x15_s5,12,clean,42
2306_low,2307,17,12,data\corrupted\blur_15x15_s5\images\17\2307.png,low,2306,15x15_s5,12,clean,42
2377_low,2378,18,13,data\corrupted\blur_15x15_s5\images\18\2378.png,low,2377,15x15_s5,13,clean,42
2525_low,2526,18,13,data\corrupted\blur_15x15_s5\images\18\2526.png,low,2525,15x15_s5,13,clean,42
2565_low,2566,18,13,data\corrupted\blur_15x15_s5\images\18\2566.png,low,2565,15x15_s5,13,clean,42
2340_low,2341,18,13,data\corrupted\blur_15x15_s5\images\18\2341.png,low,2340,15x15_s5,13,clean,42
2349_low,2350,18,13,data\corrupted\blur_15x15_s5\images\18\2350.png,low,2349,15x15_s5,13,clean,42
2384_low,2385,18,13,data\corrupted\blur_15x15_s5\images\18\2385.png,low,2384,15x15_s5,13,clean,42
2444_low,2445,18,13,data\corrupted\blur_15x15_s5\images\18\2445.png,low,2444,15x15_s5,13,clean,42
2640_low,2641,18,13,data\corrupted\blur_15x15_s5\images\18\2641.png,low,2640,15x15_s5,13,clean,42
2552_low,2553,18,13,data\corrupted\blur_15x15_s5\images\18\2553.png,low,2552,15x15_s5,13,clean,42
2573_low,2574,18,13,data\corrupted\blur_15x15_s5\images\18\2574.png,low,2573,15x15_s5,60,noisy,42
2673_low,2674,18,13,data\corrupted\blur_15x15_s5\images\18\2674.png,low,2673,15x15_s5,13,clean,42
2385_low,2386,18,13,data\corrupted\blur_15x15_s5\images\18\2386.png,low,2385,15x15_s5,13,clean,42
2591_low,2592,18,13,data\corrupted\blur_15x15_s5\images\18\2592.png,low,2591,15x15_s5,13,clean,42
2695_low,2696,18,13,data\corrupted\blur_15x15_s5\images\18\2696.png,low,2695,15x15_s5,13,clean,42
2462_low,2463,18,13,data\corrupted\blur_15x15_s5\images\18\2463.png,low,2462,15x15_s5,62,noisy,42
2491_low,2492,18,13,data\corrupted\blur_15x15_s5\images\18\2492.png,low,2491,15x15_s5,13,clean,42
2484_low,2485,18,13,data\corrupted\blur_15x15_s5\images\18\2485.png,low,2484,15x15_s5,13,clean,42
2538_low,2539,18,13,data\corrupted\blur_15x15_s5\images\18\2539.png,low,2538,15x15_s5,13,clean,42
2316_low,2317,18,13,data\corrupted\blur_15x15_s5\images\18\2317.png,low,2316,15x15_s5,13,clean,42
2502_low,2503,18,13,data\corrupted\blur_15x15_s5\images\18\2503.png,low,2502,15x15_s5,53,noisy,42
2362_low,2363,18,13,data\corrupted\blur_15x15_s5\images\18\2363.png,low,2362,15x15_s5,13,clean,42
2708_low,2709,18,13,data\corrupted\blur_15x15_s5\images\18\2709.png,low,2708,15x15_s5,29,noisy,42
2592_low,2593,18,13,data\corrupted\blur_15x15_s5\images\18\2593.png,low,2592,15x15_s5,45,noisy,42
2541_low,2542,18,13,data\corrupted\blur_15x15_s5\images\18\2542.png,low,2541,15x15_s5,13,clean,42
2587_low,2588,18,13,data\corrupted\blur_15x15_s5\images\18\2588.png,low,2587,15x15_s5,13,clean,42
2797_low,2798,19,14,data\corrupted\blur_15x15_s5\images\19\2798.png,low,2797,15x15_s5,14,clean,42
2799_low,2800,19,14,data\corrupted\blur_15x15_s5\images\19\2800.png,low,2799,15x15_s5,33,noisy,42
2810_low,2811,19,14,data\corrupted\blur_15x15_s5\images\19\2811.png,low,2810,15x15_s5,14,clean,42
2828_low,2829,19,14,data\corrupted\blur_15x15_s5\images\19\2829.png,low,2828,15x15_s5,14,clean,42
2742_low,2743,19,14,data\corrupted\blur_15x15_s5\images\19\2743.png,low,2742,15x15_s5,14,clean,42
2827_low,2828,19,14,data\corrupted\blur_15x15_s5\images\19\2828.png,low,2827,15x15_s5,14,clean,42
2791_low,2792,19,14,data\corrupted\blur_15x15_s5\images\19\2792.png,low,2791,15x15_s5,14,clean,42
2794_low,2795,19,14,data\corrupted\blur_15x15_s5\images\19\2795.png,low,2794,15x15_s5,14,clean,42
2731_low,2732,19,14,data\corrupted\blur_15x15_s5\images\19\2732.png,low,2731,15x15_s5,14,clean,42
2728_low,2729,19,14,data\corrupted\blur_15x15_s5\images\19\2729.png,low,2728,15x15_s5,12,noisy,42
2732_low,2733,19,14,data\corrupted\blur_15x15_s5\images\19\2733.png,low,2732,15x15_s5,14,clean,42
2725_low,2726,19,14,data\corrupted\blur_15x15_s5\images\19\2726.png,low,2725,15x15_s5,14,clean,42
2722_low,2723,19,14,data\corrupted\blur_15x15_s5\images\19\2723.png,low,2722,15x15_s5,6,noisy,42
2755_low,2756,19,14,data\corrupted\blur_15x15_s5\images\19\2756.png,low,2755,15x15_s5,14,clean,42
2764_low,2765,19,14,data\corrupted\blur_15x15_s5\images\19\2765.png,low,2764,15x15_s5,19,noisy,42
2782_low,2783,19,14,data\corrupted\blur_15x15_s5\images\19\2783.png,low,2782,15x15_s5,14,clean,42
2822_low,2823,19,14,data\corrupted\blur_15x15_s5\images\19\2823.png,low,2822,15x15_s5,14,clean,42
2849_low,2850,19,14,data\corrupted\blur_15x15_s5\images\19\2850.png,low,2849,15x15_s5,39,noisy,42
2778_low,2779,19,14,data\corrupted\blur_15x15_s5\images\19\2779.png,low,2778,15x15_s5,14,clean,42
2809_low,2810,19,14,data\corrupted\blur_15x15_s5\images\19\2810.png,low,2809,15x15_s5,14,clean,42
2788_low,2789,19,14,data\corrupted\blur_15x15_s5\images\19\2789.png,low,2788,15x15_s5,14,clean,42
2836_low,2837,19,14,data\corrupted\blur_15x15_s5\images\19\2837.png,low,2836,15x15_s5,14,clean,42
2744_low,2745,19,14,data\corrupted\blur_15x15_s5\images\19\2745.png,low,2744,15x15_s5,14,clean,42
2779_low,2780,19,14,data\corrupted\blur_15x15_s5\images\19\2780.png,low,2779,15x15_s5,14,clean,42
2768_low,2769,19,14,data\corrupted\blur_15x15_s5\images\19\2769.png,low,2768,15x15_s5,14,clean,42
2866_low,2867,20,15,data\corrupted\blur_15x15_s5\images\20\2867.png,low,2866,15x15_s5,15,clean,42
2871_low,2872,20,15,data\corrupted\blur_15x15_s5\images\20\2872.png,low,2871,15x15_s5,15,clean,42
2900_low,2901,20,15,data\corrupted\blur_15x15_s5\images\20\2901.png,low,2900,15x15_s5,15,clean,42
2879_low,2880,20,15,data\corrupted\blur_15x15_s5\images\20\2880.png,low,2879,15x15_s5,1,noisy,42
2910_low,2911,20,15,data\corrupted\blur_15x15_s5\images\20\2911.png,low,2910,15x15_s5,51,noisy,42
2918_low,2919,20,15,data\corrupted\blur_15x15_s5\images\20\2919.png,low,2918,15x15_s5,15,clean,42
2903_low,2904,20,15,data\corrupted\blur_15x15_s5\images\20\2904.png,low,2903,15x15_s5,15,clean,42
2891_low,2892,20,15,data\corrupted\blur_15x15_s5\images\20\2892.png,low,2891,15x15_s5,15,clean,42
2912_low,2913,20,15,data\corrupted\blur_15x15_s5\images\20\2913.png,low,2912,15x15_s5,15,clean,42
2878_low,2879,20,15,data\corrupted\blur_15x15_s5\images\20\2879.png,low,2878,15x15_s5,15,clean,42
2914_low,2915,20,15,data\corrupted\blur_15x15_s5\images\20\2915.png,low,2914,15x15_s5,15,clean,42
2869_low,2870,20,15,data\corrupted\blur_15x15_s5\images\20\2870.png,low,2869,15x15_s5,15,clean,42
2902_low,2903,20,15,data\corrupted\blur_15x15_s5\images\20\2903.png,low,2902,15x15_s5,55,noisy,42
2897_low,2898,20,15,data\corrupted\blur_15x15_s5\images\20\2898.png,low,2897,15x15_s5,15,clean,42
2874_low,2875,20,15,data\corrupted\blur_15x15_s5\images\20\2875.png,low,2874,15x15_s5,15,clean,42
2883_low,2884,20,15,data\corrupted\blur_15x15_s5\images\20\2884.png,low,2883,15x15_s5,67,noisy,42
2872_low,2873,20,15,data\corrupted\blur_15x15_s5\images\20\2873.png,low,2872,15x15_s5,15,clean,42
2870_low,2871,20,15,data\corrupted\blur_15x15_s5\images\20\2871.png,low,2870,15x15_s5,15,clean,42
2907_low,2908,20,15,data\corrupted\blur_15x15_s5\images\20\2908.png,low,2907,15x15_s5,15,clean,42
2885_low,2886,20,15,data\corrupted\blur_15x15_s5\images\20\2886.png,low,2885,15x15_s5,15,clean,42
2896_low,2897,20,15,data\corrupted\blur_15x15_s5\images\20\2897.png,low,2896,15x15_s5,66,noisy,42
2915_low,2916,20,15,data\corrupted\blur_15x15_s5\images\20\2916.png,low,2915,15x15_s5,15,clean,42
2916_low,2917,20,15,data\corrupted\blur_15x15_s5\images\20\2917.png,low,2916,15x15_s5,15,clean,42
2920_low,2921,20,15,data\corrupted\blur_15x15_s5\images\20\2921.png,low,2920,15x15_s5,15,clean,42
2881_low,2882,20,15,data\corrupted\blur_15x15_s5\images\20\2882.png,low,2881,15x15_s5,15,clean,42
3096_low,3097,21,16,data\corrupted\blur_15x15_s5\images\21\3097.png,low,3096,15x15_s5,16,clean,42
3061_low,3062,21,16,data\corrupted\blur_15x15_s5\images\21\3062.png,low,3061,15x15_s5,16,clean,42
3050_low,3051,21,16,data\corrupted\blur_15x15_s5\images\21\3051.png,low,3050,15x15_s5,16,clean,42
3018_low,3019,21,16,data\corrupted\blur_15x15_s5\images\21\3019.png,low,3018,15x15_s5,16,clean,42
2996_low,2997,21,16,data\corrupted\blur_15x15_s5\images\21\2997.png,low,2996,15x15_s5,65,noisy,42
2957_low,2958,21,16,data\corrupted\blur_15x15_s5\images\21\2958.png,low,2957,15x15_s5,16,clean,42
3303_low,3304,21,16,data\corrupted\blur_15x15_s5\images\21\3304.png,low,3303,15x15_s5,16,clean,42
3147_low,3148,21,16,data\corrupted\blur_15x15_s5\images\21\3148.png,low,3147,15x15_s5,16,clean,42
3265_low,3266,21,16,data\corrupted\blur_15x15_s5\images\21\3266.png,low,3265,15x15_s5,76,noisy,42
3151_low,3152,21,16,data\corrupted\blur_15x15_s5\images\21\3152.png,low,3151,15x15_s5,16,clean,42
3056_low,3057,21,16,data\corrupted\blur_15x15_s5\images\21\3057.png,low,3056,15x15_s5,16,clean,42
3146_low,3147,21,16,data\corrupted\blur_15x15_s5\images\21\3147.png,low,3146,15x15_s5,16,clean,42
3210_low,3211,21,16,data\corrupted\blur_15x15_s5\images\21\3211.png,low,3210,15x15_s5,16,clean,42
3255_low,3256,21,16,data\corrupted\blur_15x15_s5\images\21\3256.png,low,3255,15x15_s5,16,clean,42
3081_low,3082,21,16,data\corrupted\blur_15x15_s5\images\21\3082.png,low,3081,15x15_s5,16,clean,42
3014_low,3015,21,16,data\corrupted\blur_15x15_s5\images\21\3015.png,low,3014,15x15_s5,16,clean,42
3281_low,3282,21,16,data\corrupted\blur_15x15_s5\images\21\3282.png,low,3281,15x15_s5,33,noisy,42
3002_low,3003,21,16,data\corrupted\blur_15x15_s5\images\21\3003.png,low,3002,15x15_s5,16,clean,42
2933_low,2934,21,16,data\corrupted\blur_15x15_s5\images\21\2934.png,low,2933,15x15_s5,11,noisy,42
3001_low,3002,21,16,data\corrupted\blur_15x15_s5\images\21\3002.png,low,3001,15x15_s5,16,clean,42
3236_low,3237,21,16,data\corrupted\blur_15x15_s5\images\21\3237.png,low,3236,15x15_s5,16,clean,42
3162_low,3163,21,16,data\corrupted\blur_15x15_s5\images\21\3163.png,low,3162,15x15_s5,26,noisy,42
2954_low,2955,21,16,data\corrupted\blur_15x15_s5\images\21\2955.png,low,2954,15x15_s5,16,clean,42
2997_low,2998,21,16,data\corrupted\blur_15x15_s5\images\21\2998.png,low,2997,15x15_s5,16,clean,42
3127_low,3128,21,16,data\corrupted\blur_15x15_s5\images\21\3128.png,low,3127,15x15_s5,16,clean,42
3363_low,3364,22,17,data\corrupted\blur_15x15_s5\images\22\3364.png,low,3363,15x15_s5,17,clean,42
3449_low,3450,22,17,data\corrupted\blur_15x15_s5\images\22\3450.png,low,3449,15x15_s5,7,noisy,42
3412_low,3413,22,17,data\corrupted\blur_15x15_s5\images\22\3413.png,low,3412,15x15_s5,21,noisy,42
3460_low,3461,22,17,data\corrupted\blur_15x15_s5\images\22\3461.png,low,3460,15x15_s5,17,clean,42
3529_low,3530,22,17,data\corrupted\blur_15x15_s5\images\22\3530.png,low,3529,15x15_s5,17,clean,42
3470_low,3471,22,17,data\corrupted\blur_15x15_s5\images\22\3471.png,low,3470,15x15_s5,17,clean,42
3542_low,3543,22,17,data\corrupted\blur_15x15_s5\images\22\3543.png,low,3542,15x15_s5,17,clean,42
3378_low,3379,22,17,data\corrupted\blur_15x15_s5\images\22\3379.png,low,3378,15x15_s5,17,clean,42
3491_low,3492,22,17,data\corrupted\blur_15x15_s5\images\22\3492.png,low,3491,15x15_s5,17,clean,42
3580_low,3581,22,17,data\corrupted\blur_15x15_s5\images\22\3581.png,low,3580,15x15_s5,17,clean,42
3516_low,3517,22,17,data\corrupted\blur_15x15_s5\images\22\3517.png,low,3516,15x15_s5,17,clean,42
3602_low,3603,22,17,data\corrupted\blur_15x15_s5\images\22\3603.png,low,3602,15x15_s5,17,clean,42
3560_low,3561,22,17,data\corrupted\blur_15x15_s5\images\22\3561.png,low,3560,15x15_s5,17,clean,42
3415_low,3416,22,17,data\corrupted\blur_15x15_s5\images\22\3416.png,low,3415,15x15_s5,17,clean,42
3498_low,3499,22,17,data\corrupted\blur_15x15_s5\images\22\3499.png,low,3498,15x15_s5,17,clean,42
3527_low,3528,22,17,data\corrupted\blur_15x15_s5\images\22\3528.png,low,3527,15x15_s5,43,noisy,42
3559_low,3560,22,17,data\corrupted\blur_15x15_s5\images\22\3560.png,low,3559,15x15_s5,17,clean,42
3479_low,3480,22,17,data\corrupted\blur_15x15_s5\images\22\3480.png,low,3479,15x15_s5,17,clean,42
3437_low,3438,22,17,data\corrupted\blur_15x15_s5\images\22\3438.png,low,3437,15x15_s5,29,noisy,42
3393_low,3394,22,17,data\corrupted\blur_15x15_s5\images\22\3394.png,low,3393,15x15_s5,17,clean,42
3554_low,3555,22,17,data\corrupted\blur_15x15_s5\images\22\3555.png,low,3554,15x15_s5,34,noisy,42
3600_low,3601,22,17,data\corrupted\blur_15x15_s5\images\22\3601.png,low,3600,15x15_s5,17,clean,42
3379_low,3380,22,17,data\corrupted\blur_15x15_s5\images\22\3380.png,low,3379,15x15_s5,17,clean,42
3375_low,3376,22,17,data\corrupted\blur_15x15_s5\images\22\3376.png,low,3375,15x15_s5,17,clean,42
3518_low,3519,22,17,data\corrupted\blur_15x15_s5\images\22\3519.png,low,3518,15x15_s5,17,clean,42
3677_low,3678,23,18,data\corrupted\blur_15x15_s5\images\23\3678.png,low,3677,15x15_s5,18,clean,42
3849_low,3850,23,18,data\corrupted\blur_15x15_s5\images\23\3850.png,low,3849,15x15_s5,18,clean,42
4042_low,4043,23,18,data\corrupted\blur_15x15_s5\images\23\4043.png,low,4042,15x15_s5,2,noisy,42
3684_low,3685,23,18,data\corrupted\blur_15x15_s5\images\23\3685.png,low,3684,15x15_s5,27,noisy,42
4007_low,4008,23,18,data\corrupted\blur_15x15_s5\images\23\4008.png,low,4007,15x15_s5,18,clean,42
4083_low,4084,23,18,data\corrupted\blur_15x15_s5\images\23\4084.png,low,4083,15x15_s5,18,clean,42
3804_low,3805,23,18,data\corrupted\blur_15x15_s5\images\23\3805.png,low,3804,15x15_s5,18,clean,42
3668_low,3669,23,18,data\corrupted\blur_15x15_s5\images\23\3669.png,low,3668,15x15_s5,18,clean,42
3689_low,3690,23,18,data\corrupted\blur_15x15_s5\images\23\3690.png,low,3689,15x15_s5,18,clean,42
3912_low,3913,23,18,data\corrupted\blur_15x15_s5\images\23\3913.png,low,3912,15x15_s5,18,clean,42
3614_low,3615,23,18,data\corrupted\blur_15x15_s5\images\23\3615.png,low,3614,15x15_s5,18,clean,42
3673_low,3674,23,18,data\corrupted\blur_15x15_s5\images\23\3674.png,low,3673,15x15_s5,18,clean,42
4054_low,4055,23,18,data\corrupted\blur_15x15_s5\images\23\4055.png,low,4054,15x15_s5,46,noisy,42
3980_low,3981,23,18,data\corrupted\blur_15x15_s5\images\23\3981.png,low,3980,15x15_s5,18,clean,42
3877_low,3878,23,18,data\corrupted\blur_15x15_s5\images\23\3878.png,low,3877,15x15_s5,18,clean,42
3970_low,3971,23,18,data\corrupted\blur_15x15_s5\images\23\3971.png,low,3970,15x15_s5,9,noisy,42
4039_low,4040,23,18,data\corrupted\blur_15x15_s5\images\23\4040.png,low,4039,15x15_s5,18,clean,42
3635_low,3636,23,18,data\corrupted\blur_15x15_s5\images\23\3636.png,low,3635,15x15_s5,18,clean,42
3758_low,3759,23,18,data\corrupted\blur_15x15_s5\images\23\3759.png,low,3758,15x15_s5,18,clean,42
4047_low,4048,23,18,data\corrupted\blur_15x15_s5\images\23\4048.png,low,4047,15x15_s5,18,clean,42
3855_low,3856,23,18,data\corrupted\blur_15x15_s5\images\23\3856.png,low,3855,15x15_s5,18,clean,42
3830_low,3831,23,18,data\corrupted\blur_15x15_s5\images\23\3831.png,low,3830,15x15_s5,68,noisy,42
3698_low,3699,23,18,data\corrupted\blur_15x15_s5\images\23\3699.png,low,3698,15x15_s5,18,clean,42
3916_low,3917,23,18,data\corrupted\blur_15x15_s5\images\23\3917.png,low,3916,15x15_s5,18,clean,42
4046_low,4047,23,18,data\corrupted\blur_15x15_s5\images\23\4047.png,low,4046,15x15_s5,18,clean,42
4224_low,4225,24,19,data\corrupted\blur_15x15_s5\images\24\4225.png,low,4224,15x15_s5,19,clean,42
4240_low,4241,24,19,data\corrupted\blur_15x15_s5\images\24\4241.png,low,4240,15x15_s5,65,noisy,42
4185_low,4186,24,19,data\corrupted\blur_15x15_s5\images\24\4186.png,low,4185,15x15_s5,16,noisy,42
4272_low,4273,24,19,data\corrupted\blur_15x15_s5\images\24\4273.png,low,4272,15x15_s5,19,clean,42
4107_low,4108,24,19,data\corrupted\blur_15x15_s5\images\24\4108.png,low,4107,15x15_s5,19,clean,42
4207_low,4208,24,19,data\corrupted\blur_15x15_s5\images\24\4208.png,low,4207,15x15_s5,19,clean,42
4264_low,4265,24,19,data\corrupted\blur_15x15_s5\images\24\4265.png,low,4264,15x15_s5,19,clean,42
4301_low,4302,24,19,data\corrupted\blur_15x15_s5\images\24\4302.png,low,4301,15x15_s5,4,noisy,42
4167_low,4168,24,19,data\corrupted\blur_15x15_s5\images\24\4168.png,low,4167,15x15_s5,31,noisy,42
4234_low,4235,24,19,data\corrupted\blur_15x15_s5\images\24\4235.png,low,4234,15x15_s5,19,clean,42
4192_low,4193,24,19,data\corrupted\blur_15x15_s5\images\24\4193.png,low,4192,15x15_s5,14,noisy,42
4122_low,4123,24,19,data\corrupted\blur_15x15_s5\images\24\4123.png,low,4122,15x15_s5,19,clean,42
4282_low,4283,24,19,data\corrupted\blur_15x15_s5\images\24\4283.png,low,4282,15x15_s5,19,clean,42
4101_low,4102,24,19,data\corrupted\blur_15x15_s5\images\24\4102.png,low,4101,15x15_s5,19,clean,42
4159_low,4160,24,19,data\corrupted\blur_15x15_s5\images\24\4160.png,low,4159,15x15_s5,19,clean,42
4310_low,4311,24,19,data\corrupted\blur_15x15_s5\images\24\4311.png,low,4310,15x15_s5,19,clean,42
4267_low,4268,24,19,data\corrupted\blur_15x15_s5\images\24\4268.png,low,4267,15x15_s5,19,clean,42
4110_low,4111,24,19,data\corrupted\blur_15x15_s5\images\24\4111.png,low,4110,15x15_s5,19,clean,42
4289_low,4290,24,19,data\corrupted\blur_15x15_s5\images\24\4290.png,low,4289,15x15_s5,19,clean,42
4158_low,4159,24,19,data\corrupted\blur_15x15_s5\images\24\4159.png,low,4158,15x15_s5,19,clean,42
4281_low,4282,24,19,data\corrupted\blur_15x15_s5\images\24\4282.png,low,4281,15x15_s5,19,clean,42
4188_low,4189,24,19,data\corrupted\blur_15x15_s5\images\24\4189.png,low,4188,15x15_s5,19,clean,42
4302_low,4303,24,19,data\corrupted\blur_15x15_s5\images\24\4303.png,low,4302,15x15_s5,19,clean,42
4117_low,4118,24,19,data\corrupted\blur_15x15_s5\images\24\4118.png,low,4117,15x15_s5,19,clean,42
4219_low,4220,24,19,data\corrupted\blur_15x15_s5\images\24\4220.png,low,4219,15x15_s5,19,clean,42
4543_low,4544,25,20,data\corrupted\blur_15x15_s5\images\25\4544.png,low,4543,15x15_s5,20,clean,42
4422_low,4423,25,20,data\corrupted\blur_15x15_s5\images\25\4423.png,low,4422,15x15_s5,20,clean,42
4562_low,4563,25,20,data\corrupted\blur_15x15_s5\images\25\4563.png,low,4562,15x15_s5,20,clean,42
4321_low,4322,25,20,data\corrupted\blur_15x15_s5\images\25\4322.png,low,4321,15x15_s5,20,clean,42
4405_low,4406,25,20,data\corrupted\blur_15x15_s5\images\25\4406.png,low,4405,15x15_s5,20,clean,42
4532_low,4533,25,20,data\corrupted\blur_15x15_s5\images\25\4533.png,low,4532,15x15_s5,61,noisy,42
4587_low,4588,25,20,data\corrupted\blur_15x15_s5\images\25\4588.png,low,4587,15x15_s5,20,clean,42
4511_low,4512,25,20,data\corrupted\blur_15x15_s5\images\25\4512.png,low,4511,15x15_s5,20,clean,42
4516_low,4517,25,20,data\corrupted\blur_15x15_s5\images\25\4517.png,low,4516,15x15_s5,18,noisy,42
4413_low,4414,25,20,data\corrupted\blur_15x15_s5\images\25\4414.png,low,4413,15x15_s5,20,clean,42
4493_low,4494,25,20,data\corrupted\blur_15x15_s5\images\25\4494.png,low,4493,15x15_s5,62,noisy,42
4623_low,4624,25,20,data\corrupted\blur_15x15_s5\images\25\4624.png,low,4623,15x15_s5,20,clean,42
4631_low,4632,25,20,data\corrupted\blur_15x15_s5\images\25\4632.png,low,4631,15x15_s5,20,clean,42
4451_low,4452,25,20,data\corrupted\blur_15x15_s5\images\25\4452.png,low,4451,15x15_s5,20,clean,42
4578_low,4579,25,20,data\corrupted\blur_15x15_s5\images\25\4579.png,low,4578,15x15_s5,20,clean,42
4465_low,4466,25,20,data\corrupted\blur_15x15_s5\images\25\4466.png,low,4465,15x15_s5,3,noisy,42
4458_low,4459,25,20,data\corrupted\blur_15x15_s5\images\25\4459.png,low,4458,15x15_s5,43,noisy,42
4456_low,4457,25,20,data\corrupted\blur_15x15_s5\images\25\4457.png,low,4456,15x15_s5,20,clean,42
4337_low,4338,25,20,data\corrupted\blur_15x15_s5\images\25\4338.png,low,4337,15x15_s5,20,clean,42
4317_low,4318,25,20,data\corrupted\blur_15x15_s5\images\25\4318.png,low,4317,15x15_s5,20,clean,42
4394_low,4395,25,20,data\corrupted\blur_15x15_s5\images\25\4395.png,low,4394,15x15_s5,20,clean,42
4491_low,4492,25,20,data\corrupted\blur_15x15_s5\images\25\4492.png,low,4491,15x15_s5,20,clean,42
4358_low,4359,25,20,data\corrupted\blur_15x15_s5\images\25\4359.png,low,4358,15x15_s5,20,clean,42
4584_low,4585,25,20,data\corrupted\blur_15x15_s5\images\25\4585.png,low,4584,15x15_s5,20,clean,42
4406_low,4407,25,20,data\corrupted\blur_15x15_s5\images\25\4407.png,low,4406,15x15_s5,20,clean,42
4658_low,4659,26,21,data\corrupted\blur_15x15_s5\images\26\4659.png,low,4658,15x15_s5,21,clean,42
4681_low,4682,26,21,data\corrupted\blur_15x15_s5\images\26\4682.png,low,4681,15x15_s5,21,clean,42
4795_low,4796,26,21,data\corrupted\blur_15x15_s5\images\26\4796.png,low,4795,15x15_s5,21,clean,42
4750_low,4751,26,21,data\corrupted\blur_15x15_s5\images\26\4751.png,low,4750,15x15_s5,9,noisy,42
4787_low,4788,26,21,data\corrupted\blur_15x15_s5\images\26\4788.png,low,4787,15x15_s5,21,clean,42
4654_low,4655,26,21,data\corrupted\blur_15x15_s5\images\26\4655.png,low,4654,15x15_s5,68,noisy,42
4663_low,4664,26,21,data\corrupted\blur_15x15_s5\images\26\4664.png,low,4663,15x15_s5,21,clean,42
4707_low,4708,26,21,data\corrupted\blur_15x15_s5\images\26\4708.png,low,4707,15x15_s5,21,clean,42
4756_low,4757,26,21,data\corrupted\blur_15x15_s5\images\26\4757.png,low,4756,15x15_s5,25,noisy,42
4737_low,4738,26,21,data\corrupted\blur_15x15_s5\images\26\4738.png,low,4737,15x15_s5,21,clean,42
4736_low,4737,26,21,data\corrupted\blur_15x15_s5\images\26\4737.png,low,4736,15x15_s5,21,clean,42
4802_low,4803,26,21,data\corrupted\blur_15x15_s5\images\26\4803.png,low,4802,15x15_s5,21,clean,42
4708_low,4709,26,21,data\corrupted\blur_15x15_s5\images\26\4709.png,low,4708,15x15_s5,21,clean,42
4814_low,4815,26,21,data\corrupted\blur_15x15_s5\images\26\4815.png,low,4814,15x15_s5,21,clean,42
4684_low,4685,26,21,data\corrupted\blur_15x15_s5\images\26\4685.png,low,4684,15x15_s5,21,clean,42
4655_low,4656,26,21,data\corrupted\blur_15x15_s5\images\26\4656.png,low,4655,15x15_s5,21,clean,42
4690_low,4691,26,21,data\corrupted\blur_15x15_s5\images\26\4691.png,low,4690,15x15_s5,21,clean,42
4674_low,4675,26,21,data\corrupted\blur_15x15_s5\images\26\4675.png,low,4674,15x15_s5,45,noisy,42
4721_low,4722,26,21,data\corrupted\blur_15x15_s5\images\26\4722.png,low,4721,15x15_s5,21,clean,42
4695_low,4696,26,21,data\corrupted\blur_15x15_s5\images\26\4696.png,low,4695,15x15_s5,21,clean,42
4804_low,4805,26,21,data\corrupted\blur_15x15_s5\images\26\4805.png,low,4804,15x15_s5,21,clean,42
4763_low,4764,26,21,data\corrupted\blur_15x15_s5\images\26\4764.png,low,4763,15x15_s5,21,clean,42
4785_low,4786,26,21,data\corrupted\blur_15x15_s5\images\26\4786.png,low,4785,15x15_s5,42,noisy,42
4669_low,4670,26,21,data\corrupted\blur_15x15_s5\images\26\4670.png,low,4669,15x15_s5,21,clean,42
4648_low,4649,26,21,data\corrupted\blur_15x15_s5\images\26\4649.png,low,4648,15x15_s5,21,clean,42
4959_low,4960,27,22,data\corrupted\blur_15x15_s5\images\27\4960.png,low,4959,15x15_s5,22,clean,42
4939_low,4940,27,22,data\corrupted\blur_15x15_s5\images\27\4940.png,low,4939,15x15_s5,22,clean,42
4955_low,4956,27,22,data\corrupted\blur_15x15_s5\images\27\4956.png,low,4955,15x15_s5,22,clean,42
4879_low,4880,27,22,data\corrupted\blur_15x15_s5\images\27\4880.png,low,4879,15x15_s5,22,clean,42
4919_low,4920,27,22,data\corrupted\blur_15x15_s5\images\27\4920.png,low,4919,15x15_s5,22,clean,42
4853_low,4854,27,22,data\corrupted\blur_15x15_s5\images\27\4854.png,low,4853,15x15_s5,27,noisy,42
4980_low,4981,27,22,data\corrupted\blur_15x15_s5\images\27\4981.png,low,4980,15x15_s5,22,clean,42
4875_low,4876,27,22,data\corrupted\blur_15x15_s5\images\27\4876.png,low,4875,15x15_s5,22,clean,42
4925_low,4926,27,22,data\corrupted\blur_15x15_s5\images\27\4926.png,low,4925,15x15_s5,22,clean,42
4969_low,4970,27,22,data\corrupted\blur_15x15_s5\images\27\4970.png,low,4969,15x15_s5,22,clean,42
4843_low,4844,27,22,data\corrupted\blur_15x15_s5\images\27\4844.png,low,4843,15x15_s5,22,clean,42
4909_low,4910,27,22,data\corrupted\blur_15x15_s5\images\27\4910.png,low,4909,15x15_s5,22,clean,42
4839_low,4840,27,22,data\corrupted\blur_15x15_s5\images\27\4840.png,low,4839,15x15_s5,22,clean,42
4890_low,4891,27,22,data\corrupted\blur_15x15_s5\images\27\4891.png,low,4890,15x15_s5,22,clean,42
4848_low,4849,27,22,data\corrupted\blur_15x15_s5\images\27\4849.png,low,4848,15x15_s5,22,clean,42
4854_low,4855,27,22,data\corrupted\blur_15x15_s5\images\27\4855.png,low,4854,15x15_s5,22,clean,42
4956_low,4957,27,22,data\corrupted\blur_15x15_s5\images\27\4957.png,low,4956,15x15_s5,54,noisy,42
4929_low,4930,27,22,data\corrupted\blur_15x15_s5\images\27\4930.png,low,4929,15x15_s5,22,clean,42
4975_low,4976,27,22,data\corrupted\blur_15x15_s5\images\27\4976.png,low,4975,15x15_s5,22,clean,42
4840_low,4841,27,22,data\corrupted\blur_15x15_s5\images\27\4841.png,low,4840,15x15_s5,22,clean,42
4899_low,4900,27,22,data\corrupted\blur_15x15_s5\images\27\4900.png,low,4899,15x15_s5,41,noisy,42
4842_low,4843,27,22,data\corrupted\blur_15x15_s5\images\27\4843.png,low,4842,15x15_s5,22,clean,42
4836_low,4837,27,22,data\corrupted\blur_15x15_s5\images\27\4837.png,low,4836,15x15_s5,22,clean,42
4833_low,4834,27,22,data\corrupted\blur_15x15_s5\images\27\4834.png,low,4833,15x15_s5,39,noisy,42
4855_low,4856,27,22,data\corrupted\blur_15x15_s5\images\27\4856.png,low,4855,15x15_s5,31,noisy,42
5096_low,5097,29,23,data\corrupted\blur_15x15_s5\images\29\5097.png,low,5096,15x15_s5,23,clean,42
5093_low,5094,29,23,data\corrupted\blur_15x15_s5\images\29\5094.png,low,5093,15x15_s5,35,noisy,42
5089_low,5090,29,23,data\corrupted\blur_15x15_s5\images\29\5090.png,low,5089,15x15_s5,23,clean,42
5110_low,5111,29,23,data\corrupted\blur_15x15_s5\images\29\5111.png,low,5110,15x15_s5,23,clean,42
5049_low,5050,29,23,data\corrupted\blur_15x15_s5\images\29\5050.png,low,5049,15x15_s5,23,clean,42
5095_low,5096,29,23,data\corrupted\blur_15x15_s5\images\29\5096.png,low,5095,15x15_s5,23,clean,42
5085_low,5086,29,23,data\corrupted\blur_15x15_s5\images\29\5086.png,low,5085,15x15_s5,23,clean,42
5058_low,5059,29,23,data\corrupted\blur_15x15_s5\images\29\5059.png,low,5058,15x15_s5,23,clean,42
5016_low,5017,29,23,data\corrupted\blur_15x15_s5\images\29\5017.png,low,5016,15x15_s5,23,clean,42
5026_low,5027,29,23,data\corrupted\blur_15x15_s5\images\29\5027.png,low,5026,15x15_s5,21,noisy,42
5080_low,5081,29,23,data\corrupted\blur_15x15_s5\images\29\5081.png,low,5080,15x15_s5,27,noisy,42
5046_low,5047,29,23,data\corrupted\blur_15x15_s5\images\29\5047.png,low,5046,15x15_s5,23,clean,42
5034_low,5035,29,23,data\corrupted\blur_15x15_s5\images\29\5035.png,low,5034,15x15_s5,23,clean,42
5020_low,5021,29,23,data\corrupted\blur_15x15_s5\images\29\5021.png,low,5020,15x15_s5,23,clean,42
5047_low,5048,29,23,data\corrupted\blur_15x15_s5\images\29\5048.png,low,5047,15x15_s5,23,clean,42
5042_low,5043,29,23,data\corrupted\blur_15x15_s5\images\29\5043.png,low,5042,15x15_s5,23,clean,42
5028_low,5029,29,23,data\corrupted\blur_15x15_s5\images\29\5029.png,low,5028,15x15_s5,23,clean,42
5038_low,5039,29,23,data\corrupted\blur_15x15_s5\images\29\5039.png,low,5038,15x15_s5,23,clean,42
5069_low,5070,29,23,data\corrupted\blur_15x15_s5\images\29\5070.png,low,5069,15x15_s5,23,clean,42
5101_low,5102,29,23,data\corrupted\blur_15x15_s5\images\29\5102.png,low,5101,15x15_s5,23,clean,42
5056_low,5057,29,23,data\corrupted\blur_15x15_s5\images\29\5057.png,low,5056,15x15_s5,7,noisy,42
5083_low,5084,29,23,data\corrupted\blur_15x15_s5\images\29\5084.png,low,5083,15x15_s5,23,clean,42
5031_low,5032,29,23,data\corrupted\blur_15x15_s5\images\29\5032.png,low,5031,15x15_s5,23,clean,42
5084_low,5085,29,23,data\corrupted\blur_15x15_s5\images\29\5085.png,low,5084,15x15_s5,23,clean,42
5104_low,5105,29,23,data\corrupted\blur_15x15_s5\images\29\5105.png,low,5104,15x15_s5,58,noisy,42
5134_low,5135,30,24,data\corrupted\blur_15x15_s5\images\30\5135.png,low,5134,15x15_s5,82,noisy,42
5112_low,5113,30,24,data\corrupted\blur_15x15_s5\images\30\5113.png,low,5112,15x15_s5,24,clean,42
5159_low,5160,30,24,data\corrupted\blur_15x15_s5\images\30\5160.png,low,5159,15x15_s5,24,clean,42
5116_low,5117,30,24,data\corrupted\blur_15x15_s5\images\30\5117.png,low,5116,15x15_s5,24,clean,42
5165_low,5166,30,24,data\corrupted\blur_15x15_s5\images\30\5166.png,low,5165,15x15_s5,24,clean,42
5130_low,5131,30,24,data\corrupted\blur_15x15_s5\images\30\5131.png,low,5130,15x15_s5,24,clean,42
5122_low,5123,30,24,data\corrupted\blur_15x15_s5\images\30\5123.png,low,5122,15x15_s5,24,clean,42
5145_low,5146,30,24,data\corrupted\blur_15x15_s5\images\30\5146.png,low,5145,15x15_s5,51,noisy,42
5156_low,5157,30,24,data\corrupted\blur_15x15_s5\images\30\5157.png,low,5156,15x15_s5,24,clean,42
5124_low,5125,30,24,data\corrupted\blur_15x15_s5\images\30\5125.png,low,5124,15x15_s5,24,clean,42
5143_low,5144,30,24,data\corrupted\blur_15x15_s5\images\30\5144.png,low,5143,15x15_s5,24,clean,42
5121_low,5122,30,24,data\corrupted\blur_15x15_s5\images\30\5122.png,low,5121,15x15_s5,24,clean,42
5171_low,5172,30,24,data\corrupted\blur_15x15_s5\images\30\5172.png,low,5171,15x15_s5,24,clean,42
5117_low,5118,30,24,data\corrupted\blur_15x15_s5\images\30\5118.png,low,5117,15x15_s5,24,clean,42
5180_low,5181,30,24,data\corrupted\blur_15x15_s5\images\30\5181.png,low,5180,15x15_s5,24,clean,42
5142_low,5143,30,24,data\corrupted\blur_15x15_s5\images\30\5143.png,low,5142,15x15_s5,24,clean,42
5169_low,5170,30,24,data\corrupted\blur_15x15_s5\images\30\5170.png,low,5169,15x15_s5,25,noisy,42
5147_low,5148,30,24,data\corrupted\blur_15x15_s5\images\30\5148.png,low,5147,15x15_s5,40,noisy,42
5168_low,5169,30,24,data\corrupted\blur_15x15_s5\images\30\5169.png,low,5168,15x15_s5,24,clean,42
5158_low,5159,30,24,data\corrupted\blur_15x15_s5\images\30\5159.png,low,5158,15x15_s5,24,clean,42
5128_low,5129,30,24,data\corrupted\blur_15x15_s5\images\30\5129.png,low,5128,15x15_s5,24,clean,42
5146_low,5147,30,24,data\corrupted\blur_15x15_s5\images\30\5147.png,low,5146,15x15_s5,24,clean,42
5154_low,5155,30,24,data\corrupted\blur_15x15_s5\images\30\5155.png,low,5154,15x15_s5,52,noisy,42
5140_low,5141,30,24,data\corrupted\blur_15x15_s5\images\30\5141.png,low,5140,15x15_s5,24,clean,42
5119_low,5120,30,24,data\corrupted\blur_15x15_s5\images\30\5120.png,low,5119,15x15_s5,24,clean,42
5371_low,5372,31,25,data\corrupted\blur_15x15_s5\images\31\5372.png,low,5371,15x15_s5,32,noisy,42
5187_low,5188,31,25,data\corrupted\blur_15x15_s5\images\31\5188.png,low,5187,15x15_s5,25,clean,42
5260_low,5261,31,25,data\corrupted\blur_15x15_s5\images\31\5261.png,low,5260,15x15_s5,25,clean,42
5386_low,5387,31,25,data\corrupted\blur_15x15_s5\images\31\5387.png,low,5386,15x15_s5,70,noisy,42
5298_low,5299,31,25,data\corrupted\blur_15x15_s5\images\31\5299.png,low,5298,15x15_s5,76,noisy,42
5366_low,5367,31,25,data\corrupted\blur_15x15_s5\images\31\5367.png,low,5366,15x15_s5,25,clean,42
5382_low,5383,31,25,data\corrupted\blur_15x15_s5\images\31\5383.png,low,5382,15x15_s5,25,clean,42
5348_low,5349,31,25,data\corrupted\blur_15x15_s5\images\31\5349.png,low,5348,15x15_s5,25,clean,42
5190_low,5191,31,25,data\corrupted\blur_15x15_s5\images\31\5191.png,low,5190,15x15_s5,25,clean,42
5211_low,5212,31,25,data\corrupted\blur_15x15_s5\images\31\5212.png,low,5211,15x15_s5,25,clean,42
5361_low,5362,31,25,data\corrupted\blur_15x15_s5\images\31\5362.png,low,5361,15x15_s5,25,clean,42
5402_low,5403,31,25,data\corrupted\blur_15x15_s5\images\31\5403.png,low,5402,15x15_s5,25,clean,42
5410_low,5411,31,25,data\corrupted\blur_15x15_s5\images\31\5411.png,low,5410,15x15_s5,25,clean,42
5397_low,5398,31,25,data\corrupted\blur_15x15_s5\images\31\5398.png,low,5397,15x15_s5,25,clean,42
5317_low,5318,31,25,data\corrupted\blur_15x15_s5\images\31\5318.png,low,5317,15x15_s5,25,clean,42
5249_low,5250,31,25,data\corrupted\blur_15x15_s5\images\31\5250.png,low,5249,15x15_s5,25,clean,42
5379_low,5380,31,25,data\corrupted\blur_15x15_s5\images\31\5380.png,low,5379,15x15_s5,25,clean,42
5196_low,5197,31,25,data\corrupted\blur_15x15_s5\images\31\5197.png,low,5196,15x15_s5,25,clean,42
5277_low,5278,31,25,data\corrupted\blur_15x15_s5\images\31\5278.png,low,5277,15x15_s5,25,clean,42
5205_low,5206,31,25,data\corrupted\blur_15x15_s5\images\31\5206.png,low,5205,15x15_s5,25,clean,42
5415_low,5416,31,25,data\corrupted\blur_15x15_s5\images\31\5416.png,low,5415,15x15_s5,25,clean,42
5200_low,5201,31,25,data\corrupted\blur_15x15_s5\images\31\5201.png,low,5200,15x15_s5,77,noisy,42
5301_low,5302,31,25,data\corrupted\blur_15x15_s5\images\31\5302.png,low,5301,15x15_s5,17,noisy,42
5333_low,5334,31,25,data\corrupted\blur_15x15_s5\images\31\5334.png,low,5333,15x15_s5,25,clean,42
5214_low,5215,31,25,data\corrupted\blur_15x15_s5\images\31\5215.png,low,5214,15x15_s5,25,clean,42
5655_low,5656,32,26,data\corrupted\blur_15x15_s5\images\32\5656.png,low,5655,15x15_s5,26,clean,42
5502_low,5503,32,26,data\corrupted\blur_15x15_s5\images\32\5503.png,low,5502,15x15_s5,72,noisy,42
5445_low,5446,32,26,data\corrupted\blur_15x15_s5\images\32\5446.png,low,5445,15x15_s5,26,clean,42
5606_low,5607,32,26,data\corrupted\blur_15x15_s5\images\32\5607.png,low,5606,15x15_s5,26,clean,42
5451_low,5452,32,26,data\corrupted\blur_15x15_s5\images\32\5452.png,low,5451,15x15_s5,56,noisy,42
5637_low,5638,32,26,data\corrupted\blur_15x15_s5\images\32\5638.png,low,5637,15x15_s5,26,clean,42
5461_low,5462,32,26,data\corrupted\blur_15x15_s5\images\32\5462.png,low,5461,15x15_s5,26,clean,42
5633_low,5634,32,26,data\corrupted\blur_15x15_s5\images\32\5634.png,low,5633,15x15_s5,26,clean,42
5590_low,5591,32,26,data\corrupted\blur_15x15_s5\images\32\5591.png,low,5590,15x15_s5,26,clean,42
5562_low,5563,32,26,data\corrupted\blur_15x15_s5\images\32\5563.png,low,5562,15x15_s5,26,clean,42
5652_low,5653,32,26,data\corrupted\blur_15x15_s5\images\32\5653.png,low,5652,15x15_s5,26,clean,42
5455_low,5456,32,26,data\corrupted\blur_15x15_s5\images\32\5456.png,low,5455,15x15_s5,26,clean,42
5532_low,5533,32,26,data\corrupted\blur_15x15_s5\images\32\5533.png,low,5532,15x15_s5,26,clean,42
5614_low,5615,32,26,data\corrupted\blur_15x15_s5\images\32\5615.png,low,5614,15x15_s5,26,clean,42
5611_low,5612,32,26,data\corrupted\blur_15x15_s5\images\32\5612.png,low,5611,15x15_s5,82,noisy,42
5573_low,5574,32,26,data\corrupted\blur_15x15_s5\images\32\5574.png,low,5573,15x15_s5,26,clean,42
5582_low,5583,32,26,data\corrupted\blur_15x15_s5\images\32\5583.png,low,5582,15x15_s5,26,clean,42
5466_low,5467,32,26,data\corrupted\blur_15x15_s5\images\32\5467.png,low,5466,15x15_s5,26,clean,42
5663_low,5664,32,26,data\corrupted\blur_15x15_s5\images\32\5664.png,low,5663,15x15_s5,26,clean,42
5621_low,5622,32,26,data\corrupted\blur_15x15_s5\images\32\5622.png,low,5621,15x15_s5,26,clean,42
5544_low,5545,32,26,data\corrupted\blur_15x15_s5\images\32\5545.png,low,5544,15x15_s5,42,noisy,42
5598_low,5599,32,26,data\corrupted\blur_15x15_s5\images\32\5599.png,low,5598,15x15_s5,26,clean,42
5642_low,5643,32,26,data\corrupted\blur_15x15_s5\images\32\5643.png,low,5642,15x15_s5,26,clean,42
5617_low,5618,32,26,data\corrupted\blur_15x15_s5\images\32\5618.png,low,5617,15x15_s5,15,noisy,42
5561_low,5562,32,26,data\corrupted\blur_15x15_s5\images\32\5562.png,low,5561,15x15_s5,26,clean,42
5750_low,5751,33,27,data\corrupted\blur_15x15_s5\images\33\5751.png,low,5750,15x15_s5,27,clean,42
5683_low,5684,33,27,data\corrupted\blur_15x15_s5\images\33\5684.png,low,5683,15x15_s5,34,noisy,42
5779_low,5780,33,27,data\corrupted\blur_15x15_s5\images\33\5780.png,low,5779,15x15_s5,27,clean,42
5845_low,5846,33,27,data\corrupted\blur_15x15_s5\images\33\5846.png,low,5845,15x15_s5,27,clean,42
5744_low,5745,33,27,data\corrupted\blur_15x15_s5\images\33\5745.png,low,5744,15x15_s5,27,clean,42
5831_low,5832,33,27,data\corrupted\blur_15x15_s5\images\33\5832.png,low,5831,15x15_s5,27,clean,42
5736_low,5737,33,27,data\corrupted\blur_15x15_s5\images\33\5737.png,low,5736,15x15_s5,27,clean,42
5735_low,5736,33,27,data\corrupted\blur_15x15_s5\images\33\5736.png,low,5735,15x15_s5,27,clean,42
5788_low,5789,33,27,data\corrupted\blur_15x15_s5\images\33\5789.png,low,5788,15x15_s5,27,clean,42
5841_low,5842,33,27,data\corrupted\blur_15x15_s5\images\33\5842.png,low,5841,15x15_s5,27,clean,42
5844_low,5845,33,27,data\corrupted\blur_15x15_s5\images\33\5845.png,low,5844,15x15_s5,27,clean,42
5816_low,5817,33,27,data\corrupted\blur_15x15_s5\images\33\5817.png,low,5816,15x15_s5,27,clean,42
5733_low,5734,33,27,data\corrupted\blur_15x15_s5\images\33\5734.png,low,5733,15x15_s5,27,clean,42
5698_low,5699,33,27,data\corrupted\blur_15x15_s5\images\33\5699.png,low,5698,15x15_s5,27,clean,42
5754_low,5755,33,27,data\corrupted\blur_15x15_s5\images\33\5755.png,low,5754,15x15_s5,27,clean,42
5753_low,5754,33,27,data\corrupted\blur_15x15_s5\images\33\5754.png,low,5753,15x15_s5,27,clean,42
5723_low,5724,33,27,data\corrupted\blur_15x15_s5\images\33\5724.png,low,5723,15x15_s5,27,clean,42
5728_low,5729,33,27,data\corrupted\blur_15x15_s5\images\33\5729.png,low,5728,15x15_s5,57,noisy,42
5758_low,5759,33,27,data\corrupted\blur_15x15_s5\images\33\5759.png,low,5758,15x15_s5,24,noisy,42
5827_low,5828,33,27,data\corrupted\blur_15x15_s5\images\33\5828.png,low,5827,15x15_s5,27,clean,42
5684_low,5685,33,27,data\corrupted\blur_15x15_s5\images\33\5685.png,low,5684,15x15_s5,27,clean,42
5792_low,5793,33,27,data\corrupted\blur_15x15_s5\images\33\5793.png,low,5792,15x15_s5,10,noisy,42
5764_low,5765,33,27,data\corrupted\blur_15x15_s5\images\33\5765.png,low,5764,15x15_s5,27,clean,42
5840_low,5841,33,27,data\corrupted\blur_15x15_s5\images\33\5841.png,low,5840,15x15_s5,56,noisy,42
5734_low,5735,33,27,data\corrupted\blur_15x15_s5\images\33\5735.png,low,5734,15x15_s5,27,clean,42
5940_low,5941,34,28,data\corrupted\blur_15x15_s5\images\34\5941.png,low,5940,15x15_s5,28,clean,42
6147_low,6148,34,28,data\corrupted\blur_15x15_s5\images\34\6148.png,low,6147,15x15_s5,52,noisy,42
5892_low,5893,34,28,data\corrupted\blur_15x15_s5\images\34\5893.png,low,5892,15x15_s5,28,clean,42
6122_low,6123,34,28,data\corrupted\blur_15x15_s5\images\34\6123.png,low,6122,15x15_s5,28,clean,42
5876_low,5877,34,28,data\corrupted\blur_15x15_s5\images\34\5877.png,low,5876,15x15_s5,28,clean,42
5968_low,5969,34,28,data\corrupted\blur_15x15_s5\images\34\5969.png,low,5968,15x15_s5,28,clean,42
6043_low,6044,34,28,data\corrupted\blur_15x15_s5\images\34\6044.png,low,6043,15x15_s5,28,clean,42
6053_low,6054,34,28,data\corrupted\blur_15x15_s5\images\34\6054.png,low,6053,15x15_s5,28,clean,42
5930_low,5931,34,28,data\corrupted\blur_15x15_s5\images\34\5931.png,low,5930,15x15_s5,28,clean,42
5983_low,5984,34,28,data\corrupted\blur_15x15_s5\images\34\5984.png,low,5983,15x15_s5,28,clean,42
6106_low,6107,34,28,data\corrupted\blur_15x15_s5\images\34\6107.png,low,6106,15x15_s5,28,clean,42
5942_low,5943,34,28,data\corrupted\blur_15x15_s5\images\34\5943.png,low,5942,15x15_s5,28,clean,42
6031_low,6032,34,28,data\corrupted\blur_15x15_s5\images\34\6032.png,low,6031,15x15_s5,28,clean,42
6040_low,6041,34,28,data\corrupted\blur_15x15_s5\images\34\6041.png,low,6040,15x15_s5,28,clean,42
6077_low,6078,34,28,data\corrupted\blur_15x15_s5\images\34\6078.png,low,6077,15x15_s5,28,clean,42
5951_low,5952,34,28,data\corrupted\blur_15x15_s5\images\34\5952.png,low,5951,15x15_s5,28,clean,42
6052_low,6053,34,28,data\corrupted\blur_15x15_s5\images\34\6053.png,low,6052,15x15_s5,28,clean,42
5999_low,6000,34,28,data\corrupted\blur_15x15_s5\images\34\6000.png,low,5999,15x15_s5,28,clean,42
6179_low,6180,34,28,data\corrupted\blur_15x15_s5\images\34\6180.png,low,6179,15x15_s5,1,noisy,42
6112_low,6113,34,28,data\corrupted\blur_15x15_s5\images\34\6113.png,low,6112,15x15_s5,64,noisy,42
6069_low,6070,34,28,data\corrupted\blur_15x15_s5\images\34\6070.png,low,6069,15x15_s5,15,noisy,42
6044_low,6045,34,28,data\corrupted\blur_15x15_s5\images\34\6045.png,low,6044,15x15_s5,28,clean,42
6064_low,6065,34,28,data\corrupted\blur_15x15_s5\images\34\6065.png,low,6064,15x15_s5,28,clean,42
5975_low,5976,34,28,data\corrupted\blur_15x15_s5\images\34\5976.png,low,5975,15x15_s5,73,noisy,42
5909_low,5910,34,28,data\corrupted\blur_15x15_s5\images\34\5910.png,low,5909,15x15_s5,28,clean,42
6297_low,6298,35,29,data\corrupted\blur_15x15_s5\images\35\6298.png,low,6297,15x15_s5,29,clean,42
6348_low,6349,35,29,data\corrupted\blur_15x15_s5\images\35\6349.png,low,6348,15x15_s5,29,clean,42
6353_low,6354,35,29,data\corrupted\blur_15x15_s5\images\35\6354.png,low,6353,15x15_s5,29,clean,42
6285_low,6286,35,29,data\corrupted\blur_15x15_s5\images\35\6286.png,low,6285,15x15_s5,29,clean,42
6284_low,6285,35,29,data\corrupted\blur_15x15_s5\images\35\6285.png,low,6284,15x15_s5,29,clean,42
6199_low,6200,35,29,data\corrupted\blur_15x15_s5\images\35\6200.png,low,6199,15x15_s5,29,clean,42
6361_low,6362,35,29,data\corrupted\blur_15x15_s5\images\35\6362.png,low,6361,15x15_s5,29,clean,42
6219_low,6220,35,29,data\corrupted\blur_15x15_s5\images\35\6220.png,low,6219,15x15_s5,13,noisy,42
6303_low,6304,35,29,data\corrupted\blur_15x15_s5\images\35\6304.png,low,6303,15x15_s5,29,clean,42
6336_low,6337,35,29,data\corrupted\blur_15x15_s5\images\35\6337.png,low,6336,15x15_s5,51,noisy,42
6208_low,6209,35,29,data\corrupted\blur_15x15_s5\images\35\6209.png,low,6208,15x15_s5,29,clean,42
6260_low,6261,35,29,data\corrupted\blur_15x15_s5\images\35\6261.png,low,6260,15x15_s5,39,noisy,42
6340_low,6341,35,29,data\corrupted\blur_15x15_s5\images\35\6341.png,low,6340,15x15_s5,29,clean,42
6302_low,6303,35,29,data\corrupted\blur_15x15_s5\images\35\6303.png,low,6302,15x15_s5,29,clean,42
6252_low,6253,35,29,data\corrupted\blur_15x15_s5\images\35\6253.png,low,6252,15x15_s5,29,clean,42
6200_low,6201,35,29,data\corrupted\blur_15x15_s5\images\35\6201.png,low,6200,15x15_s5,29,clean,42
6306_low,6307,35,29,data\corrupted\blur_15x15_s5\images\35\6307.png,low,6306,15x15_s5,29,clean,42
6214_low,6215,35,29,data\corrupted\blur_15x15_s5\images\35\6215.png,low,6214,15x15_s5,29,clean,42
6320_low,6321,35,29,data\corrupted\blur_15x15_s5\images\35\6321.png,low,6320,15x15_s5,29,clean,42
6203_low,6204,35,29,data\corrupted\blur_15x15_s5\images\35\6204.png,low,6203,15x15_s5,48,noisy,42
6259_low,6260,35,29,data\corrupted\blur_15x15_s5\images\35\6260.png,low,6259,15x15_s5,29,clean,42
6299_low,6300,35,29,data\corrupted\blur_15x15_s5\images\35\6300.png,low,6299,15x15_s5,52,noisy,42
6310_low,6311,35,29,data\corrupted\blur_15x15_s5\images\35\6311.png,low,6310,15x15_s5,29,clean,42
6331_low,6332,35,29,data\corrupted\blur_15x15_s5\images\35\6332.png,low,6331,15x15_s5,29,clean,42
6253_low,6254,35,29,data\corrupted\blur_15x15_s5\images\35\6254.png,low,6253,15x15_s5,29,clean,42
6385_low,6386,36,30,data\corrupted\blur_15x15_s5\images\36\6386.png,low,6385,15x15_s5,30,clean,42
6379_low,6380,36,30,data\corrupted\blur_15x15_s5\images\36\6380.png,low,6379,15x15_s5,30,clean,42
6485_low,6486,36,30,data\corrupted\blur_15x15_s5\images\36\6486.png,low,6485,15x15_s5,30,clean,42
6448_low,6449,36,30,data\corrupted\blur_15x15_s5\images\36\6449.png,low,6448,15x15_s5,66,noisy,42
6436_low,6437,36,30,data\corrupted\blur_15x15_s5\images\36\6437.png,low,6436,15x15_s5,30,clean,42
6415_low,6416,36,30,data\corrupted\blur_15x15_s5\images\36\6416.png,low,6415,15x15_s5,30,clean,42
6502_low,6503,36,30,data\corrupted\blur_15x15_s5\images\36\6503.png,low,6502,15x15_s5,34,noisy,42
6531_low,6532,36,30,data\corrupted\blur_15x15_s5\images\36\6532.png,low,6531,15x15_s5,5,noisy,42
6571_low,6572,36,30,data\corrupted\blur_15x15_s5\images\36\6572.png,low,6571,15x15_s5,30,clean,42
6551_low,6552,36,30,data\corrupted\blur_15x15_s5\images\36\6552.png,low,6551,15x15_s5,30,clean,42
6439_low,6440,36,30,data\corrupted\blur_15x15_s5\images\36\6440.png,low,6439,15x15_s5,30,clean,42
6533_low,6534,36,30,data\corrupted\blur_15x15_s5\images\36\6534.png,low,6533,15x15_s5,30,clean,42
6537_low,6538,36,30,data\corrupted\blur_15x15_s5\images\36\6538.png,low,6537,15x15_s5,30,clean,42
6522_low,6523,36,30,data\corrupted\blur_15x15_s5\images\36\6523.png,low,6522,15x15_s5,30,clean,42
6426_low,6427,36,30,data\corrupted\blur_15x15_s5\images\36\6427.png,low,6426,15x15_s5,30,clean,42
6561_low,6562,36,30,data\corrupted\blur_15x15_s5\images\36\6562.png,low,6561,15x15_s5,54,noisy,42
6388_low,6389,36,30,data\corrupted\blur_15x15_s5\images\36\6389.png,low,6388,15x15_s5,30,clean,42
6449_low,6450,36,30,data\corrupted\blur_15x15_s5\images\36\6450.png,low,6449,15x15_s5,30,clean,42
6425_low,6426,36,30,data\corrupted\blur_15x15_s5\images\36\6426.png,low,6425,15x15_s5,30,clean,42
6516_low,6517,36,30,data\corrupted\blur_15x15_s5\images\36\6517.png,low,6516,15x15_s5,30,clean,42
6547_low,6548,36,30,data\corrupted\blur_15x15_s5\images\36\6548.png,low,6547,15x15_s5,30,clean,42
6467_low,6468,36,30,data\corrupted\blur_15x15_s5\images\36\6468.png,low,6467,15x15_s5,30,clean,42
6465_low,6466,36,30,data\corrupted\blur_15x15_s5\images\36\6466.png,low,6465,15x15_s5,30,clean,42
6400_low,6401,36,30,data\corrupted\blur_15x15_s5\images\36\6401.png,low,6400,15x15_s5,30,clean,42
6497_low,6498,36,30,data\corrupted\blur_15x15_s5\images\36\6498.png,low,6497,15x15_s5,11,noisy,42
7120_low,7121,37,31,data\corrupted\blur_15x15_s5\images\37\7121.png,low,7120,15x15_s5,31,clean,42
6655_low,6656,37,31,data\corrupted\blur_15x15_s5\images\37\6656.png,low,6655,15x15_s5,31,clean,42
6714_low,6715,37,31,data\corrupted\blur_15x15_s5\images\37\6715.png,low,6714,15x15_s5,31,clean,42
6653_low,6654,37,31,data\corrupted\blur_15x15_s5\images\37\6654.png,low,6653,15x15_s5,31,clean,42
6845_low,6846,37,31,data\corrupted\blur_15x15_s5\images\37\6846.png,low,6845,15x15_s5,31,clean,42
6803_low,6804,37,31,data\corrupted\blur_15x15_s5\images\37\6804.png,low,6803,15x15_s5,31,clean,42
7003_low,7004,37,31,data\corrupted\blur_15x15_s5\images\37\7004.png,low,7003,15x15_s5,60,noisy,42
6974_low,6975,37,31,data\corrupted\blur_15x15_s5\images\37\6975.png,low,6974,15x15_s5,5,noisy,42
6656_low,6657,37,31,data\corrupted\blur_15x15_s5\images\37\6657.png,low,6656,15x15_s5,31,clean,42
6879_low,6880,37,31,data\corrupted\blur_15x15_s5\images\37\6880.png,low,6879,15x15_s5,31,clean,42
6759_low,6760,37,31,data\corrupted\blur_15x15_s5\images\37\6760.png,low,6759,15x15_s5,81,noisy,42
6584_low,6585,37,31,data\corrupted\blur_15x15_s5\images\37\6585.png,low,6584,15x15_s5,31,clean,42
6657_low,6658,37,31,data\corrupted\blur_15x15_s5\images\37\6658.png,low,6657,15x15_s5,31,clean,42
6796_low,6797,37,31,data\corrupted\blur_15x15_s5\images\37\6797.png,low,6796,15x15_s5,54,noisy,42
6839_low,6840,37,31,data\corrupted\blur_15x15_s5\images\37\6840.png,low,6839,15x15_s5,31,clean,42
6658_low,6659,37,31,data\corrupted\blur_15x15_s5\images\37\6659.png,low,6658,15x15_s5,31,clean,42
7096_low,7097,37,31,data\corrupted\blur_15x15_s5\images\37\7097.png,low,7096,15x15_s5,31,clean,42
6580_low,6581,37,31,data\corrupted\blur_15x15_s5\images\37\6581.png,low,6580,15x15_s5,31,clean,42
6849_low,6850,37,31,data\corrupted\blur_15x15_s5\images\37\6850.png,low,6849,15x15_s5,31,clean,42
6982_low,6983,37,31,data\corrupted\blur_15x15_s5\images\37\6983.png,low,6982,15x15_s5,31,clean,42
7005_low,7006,37,31,data\corrupted\blur_15x15_s5\images\37\7006.png,low,7005,15x15_s5,31,clean,42
6729_low,6730,37,31,data\corrupted\blur_15x15_s5\images\37\6730.png,low,6729,15x15_s5,12,noisy,42
6705_low,6706,37,31,data\corrupted\blur_15x15_s5\images\37\6706.png,low,6705,15x15_s5,31,clean,42
6683_low,6684,37,31,data\corrupted\blur_15x15_s5\images\37\6684.png,low,6683,15x15_s5,31,clean,42
6647_low,6648,37,31,data\corrupted\blur_15x15_s5\images\37\6648.png,low,6647,15x15_s5,31,clean,42
7190_low,7191,38,32,data\corrupted\blur_15x15_s5\images\38\7191.png,low,7190,15x15_s5,32,clean,42
7239_low,7240,38,32,data\corrupted\blur_15x15_s5\images\38\7240.png,low,7239,15x15_s5,32,clean,42
7141_low,7142,38,32,data\corrupted\blur_15x15_s5\images\38\7142.png,low,7141,15x15_s5,32,clean,42
7266_low,7267,38,32,data\corrupted\blur_15x15_s5\images\38\7267.png,low,7266,15x15_s5,32,clean,42
7281_low,7282,38,32,data\corrupted\blur_15x15_s5\images\38\7282.png,low,7281,15x15_s5,32,clean,42
7251_low,7252,38,32,data\corrupted\blur_15x15_s5\images\38\7252.png,low,7251,15x15_s5,32,clean,42
7265_low,7266,38,32,data\corrupted\blur_15x15_s5\images\38\7266.png,low,7265,15x15_s5,32,clean,42
7155_low,7156,38,32,data\corrupted\blur_15x15_s5\images\38\7156.png,low,7155,15x15_s5,30,noisy,42
7143_low,7144,38,32,data\corrupted\blur_15x15_s5\images\38\7144.png,low,7143,15x15_s5,46,noisy,42
7292_low,7293,38,32,data\corrupted\blur_15x15_s5\images\38\7293.png,low,7292,15x15_s5,26,noisy,42
7283_low,7284,38,32,data\corrupted\blur_15x15_s5\images\38\7284.png,low,7283,15x15_s5,32,clean,42
7140_low,7141,38,32,data\corrupted\blur_15x15_s5\images\38\7141.png,low,7140,15x15_s5,32,clean,42
7180_low,7181,38,32,data\corrupted\blur_15x15_s5\images\38\7181.png,low,7180,15x15_s5,32,clean,42
7181_low,7182,38,32,data\corrupted\blur_15x15_s5\images\38\7182.png,low,7181,15x15_s5,32,clean,42
7240_low,7241,38,32,data\corrupted\blur_15x15_s5\images\38\7241.png,low,7240,15x15_s5,32,clean,42
7170_low,7171,38,32,data\corrupted\blur_15x15_s5\images\38\7171.png,low,7170,15x15_s5,32,clean,42
7249_low,7250,38,32,data\corrupted\blur_15x15_s5\images\38\7250.png,low,7249,15x15_s5,32,clean,42
7134_low,7135,38,32,data\corrupted\blur_15x15_s5\images\38\7135.png,low,7134,15x15_s5,32,clean,42
7272_low,7273,38,32,data\corrupted\blur_15x15_s5\images\38\7273.png,low,7272,15x15_s5,32,clean,42
7210_low,7211,38,32,data\corrupted\blur_15x15_s5\images\38\7211.png,low,7210,15x15_s5,1,noisy,42
7238_low,7239,38,32,data\corrupted\blur_15x15_s5\images\38\7239.png,low,7238,15x15_s5,53,noisy,42
7286_low,7287,38,32,data\corrupted\blur_15x15_s5\images\38\7287.png,low,7286,15x15_s5,32,clean,42
7185_low,7186,38,32,data\corrupted\blur_15x15_s5\images\38\7186.png,low,7185,15x15_s5,32,clean,42
7312_low,7313,38,32,data\corrupted\blur_15x15_s5\images\38\7313.png,low,7312,15x15_s5,32,clean,42
7198_low,7199,38,32,data\corrupted\blur_15x15_s5\images\38\7199.png,low,7198,15x15_s5,32,clean,42
7395_low,7396,39,33,data\corrupted\blur_15x15_s5\images\39\7396.png,low,7395,15x15_s5,33,clean,42
7433_low,7434,39,33,data\corrupted\blur_15x15_s5\images\39\7434.png,low,7433,15x15_s5,33,clean,42
7621_low,7622,39,33,data\corrupted\blur_15x15_s5\images\39\7622.png,low,7621,15x15_s5,50,noisy,42
7431_low,7432,39,33,data\corrupted\blur_15x15_s5\images\39\7432.png,low,7431,15x15_s5,33,clean,42
7600_low,7601,39,33,data\corrupted\blur_15x15_s5\images\39\7601.png,low,7600,15x15_s5,33,clean,42
7365_low,7366,39,33,data\corrupted\blur_15x15_s5\images\39\7366.png,low,7365,15x15_s5,33,clean,42
7552_low,7553,39,33,data\corrupted\blur_15x15_s5\images\39\7553.png,low,7552,15x15_s5,67,noisy,42
7606_low,7607,39,33,data\corrupted\blur_15x15_s5\images\39\7607.png,low,7606,15x15_s5,33,clean,42
7625_low,7626,39,33,data\corrupted\blur_15x15_s5\images\39\7626.png,low,7625,15x15_s5,75,noisy,42
7463_low,7464,39,33,data\corrupted\blur_15x15_s5\images\39\7464.png,low,7463,15x15_s5,33,clean,42
7520_low,7521,39,33,data\corrupted\blur_15x15_s5\images\39\7521.png,low,7520,15x15_s5,33,clean,42
7348_low,7349,39,33,data\corrupted\blur_15x15_s5\images\39\7349.png,low,7348,15x15_s5,33,clean,42
7332_low,7333,39,33,data\corrupted\blur_15x15_s5\images\39\7333.png,low,7332,15x15_s5,33,clean,42
7401_low,7402,39,33,data\corrupted\blur_15x15_s5\images\39\7402.png,low,7401,15x15_s5,33,clean,42
7417_low,7418,39,33,data\corrupted\blur_15x15_s5\images\39\7418.png,low,7417,15x15_s5,33,clean,42
7517_low,7518,39,33,data\corrupted\blur_15x15_s5\images\39\7518.png,low,7517,15x15_s5,33,clean,42
7481_low,7482,39,33,data\corrupted\blur_15x15_s5\images\39\7482.png,low,7481,15x15_s5,33,clean,42
7476_low,7477,39,33,data\corrupted\blur_15x15_s5\images\39\7477.png,low,7476,15x15_s5,33,clean,42
7424_low,7425,39,33,data\corrupted\blur_15x15_s5\images\39\7425.png,low,7424,15x15_s5,33,clean,42
7396_low,7397,39,33,data\corrupted\blur_15x15_s5\images\39\7397.png,low,7396,15x15_s5,33,clean,42
7578_low,7579,39,33,data\corrupted\blur_15x15_s5\images\39\7579.png,low,7578,15x15_s5,40,noisy,42
7455_low,7456,39,33,data\corrupted\blur_15x15_s5\images\39\7456.png,low,7455,15x15_s5,33,clean,42
7398_low,7399,39,33,data\corrupted\blur_15x15_s5\images\39\7399.png,low,7398,15x15_s5,69,noisy,42
7649_low,7650,39,33,data\corrupted\blur_15x15_s5\images\39\7650.png,low,7649,15x15_s5,33,clean,42
7380_low,7381,39,33,data\corrupted\blur_15x15_s5\images\39\7381.png,low,7380,15x15_s5,33,clean,42
7663_low,7664,40,34,data\corrupted\blur_15x15_s5\images\40\7664.png,low,7663,15x15_s5,67,noisy,42
7721_low,7722,40,34,data\corrupted\blur_15x15_s5\images\40\7722.png,low,7721,15x15_s5,48,noisy,42
7677_low,7678,40,34,data\corrupted\blur_15x15_s5\images\40\7678.png,low,7677,15x15_s5,34,clean,42
7659_low,7660,40,34,data\corrupted\blur_15x15_s5\images\40\7660.png,low,7659,15x15_s5,34,clean,42
7687_low,7688,40,34,data\corrupted\blur_15x15_s5\images\40\7688.png,low,7687,15x15_s5,58,noisy,42
7709_low,7710,40,34,data\corrupted\blur_15x15_s5\images\40\7710.png,low,7709,15x15_s5,34,clean,42
7669_low,7670,40,34,data\corrupted\blur_15x15_s5\images\40\7670.png,low,7669,15x15_s5,34,clean,42
7693_low,7694,40,34,data\corrupted\blur_15x15_s5\images\40\7694.png,low,7693,15x15_s5,34,clean,42
7671_low,7672,40,34,data\corrupted\blur_15x15_s5\images\40\7672.png,low,7671,15x15_s5,34,clean,42
7713_low,7714,40,34,data\corrupted\blur_15x15_s5\images\40\7714.png,low,7713,15x15_s5,34,clean,42
7706_low,7707,40,34,data\corrupted\blur_15x15_s5\images\40\7707.png,low,7706,15x15_s5,34,clean,42
7690_low,7691,40,34,data\corrupted\blur_15x15_s5\images\40\7691.png,low,7690,15x15_s5,79,noisy,42
7668_low,7669,40,34,data\corrupted\blur_15x15_s5\images\40\7669.png,low,7668,15x15_s5,34,clean,42
7704_low,7705,40,34,data\corrupted\blur_15x15_s5\images\40\7705.png,low,7704,15x15_s5,34,clean,42
7664_low,7665,40,34,data\corrupted\blur_15x15_s5\images\40\7665.png,low,7664,15x15_s5,34,clean,42
7681_low,7682,40,34,data\corrupted\blur_15x15_s5\images\40\7682.png,low,7681,15x15_s5,34,clean,42
7715_low,7716,40,34,data\corrupted\blur_15x15_s5\images\40\7716.png,low,7715,15x15_s5,34,clean,42
7708_low,7709,40,34,data\corrupted\blur_15x15_s5\images\40\7709.png,low,7708,15x15_s5,13,noisy,42
7692_low,7693,40,34,data\corrupted\blur_15x15_s5\images\40\7693.png,low,7692,15x15_s5,34,clean,42
7698_low,7699,40,34,data\corrupted\blur_15x15_s5\images\40\7699.png,low,7698,15x15_s5,34,clean,42
7718_low,7719,40,34,data\corrupted\blur_15x15_s5\images\40\7719.png,low,7718,15x15_s5,34,clean,42
7675_low,7676,40,34,data\corrupted\blur_15x15_s5\images\40\7676.png,low,7675,15x15_s5,34,clean,42
7694_low,7695,40,34,data\corrupted\blur_15x15_s5\images\40\7695.png,low,7694,15x15_s5,34,clean,42
7703_low,7704,40,34,data\corrupted\blur_15x15_s5\images\40\7704.png,low,7703,15x15_s5,34,clean,42
7728_low,7729,40,34,data\corrupted\blur_15x15_s5\images\40\7729.png,low,7728,15x15_s5,34,clean,42
8306_low,8307,41,35,data\corrupted\blur_15x15_s5\images\41\8307.png,low,8306,15x15_s5,35,clean,42
8008_low,8009,41,35,data\corrupted\blur_15x15_s5\images\41\8009.png,low,8008,15x15_s5,35,clean,42
7835_low,7836,41,35,data\corrupted\blur_15x15_s5\images\41\7836.png,low,7835,15x15_s5,69,noisy,42
7908_low,7909,41,35,data\corrupted\blur_15x15_s5\images\41\7909.png,low,7908,15x15_s5,22,noisy,42
8187_low,8188,41,35,data\corrupted\blur_15x15_s5\images\41\8188.png,low,8187,15x15_s5,35,clean,42
8018_low,8019,41,35,data\corrupted\blur_15x15_s5\images\41\8019.png,low,8018,15x15_s5,35,clean,42
8259_low,8260,41,35,data\corrupted\blur_15x15_s5\images\41\8260.png,low,8259,15x15_s5,35,clean,42
8174_low,8175,41,35,data\corrupted\blur_15x15_s5\images\41\8175.png,low,8174,15x15_s5,67,noisy,42
7898_low,7899,41,35,data\corrupted\blur_15x15_s5\images\41\7899.png,low,7898,15x15_s5,35,clean,42
7979_low,7980,41,35,data\corrupted\blur_15x15_s5\images\41\7980.png,low,7979,15x15_s5,35,clean,42
8269_low,8270,41,35,data\corrupted\blur_15x15_s5\images\41\8270.png,low,8269,15x15_s5,35,clean,42
7912_low,7913,41,35,data\corrupted\blur_15x15_s5\images\41\7913.png,low,7912,15x15_s5,35,clean,42
7862_low,7863,41,35,data\corrupted\blur_15x15_s5\images\41\7863.png,low,7862,15x15_s5,32,noisy,42
7913_low,7914,41,35,data\corrupted\blur_15x15_s5\images\41\7914.png,low,7913,15x15_s5,35,clean,42
8145_low,8146,41,35,data\corrupted\blur_15x15_s5\images\41\8146.png,low,8145,15x15_s5,35,clean,42
7841_low,7842,41,35,data\corrupted\blur_15x15_s5\images\41\7842.png,low,7841,15x15_s5,35,clean,42
7935_low,7936,41,35,data\corrupted\blur_15x15_s5\images\41\7936.png,low,7935,15x15_s5,71,noisy,42
8170_low,8171,41,35,data\corrupted\blur_15x15_s5\images\41\8171.png,low,8170,15x15_s5,35,clean,42
7817_low,7818,41,35,data\corrupted\blur_15x15_s5\images\41\7818.png,low,7817,15x15_s5,35,clean,42
8147_low,8148,41,35,data\corrupted\blur_15x15_s5\images\41\8148.png,low,8147,15x15_s5,35,clean,42
8272_low,8273,41,35,data\corrupted\blur_15x15_s5\images\41\8273.png,low,8272,15x15_s5,35,clean,42
7832_low,7833,41,35,data\corrupted\blur_15x15_s5\images\41\7833.png,low,7832,15x15_s5,35,clean,42
7733_low,7734,41,35,data\corrupted\blur_15x15_s5\images\41\7734.png,low,7733,15x15_s5,35,clean,42
8282_low,8283,41,35,data\corrupted\blur_15x15_s5\images\41\8283.png,low,8282,15x15_s5,35,clean,42
7801_low,7802,41,35,data\corrupted\blur_15x15_s5\images\41\7802.png,low,7801,15x15_s5,35,clean,42
8344_low,8345,42,36,data\corrupted\blur_15x15_s5\images\42\8345.png,low,8344,15x15_s5,36,clean,42
8311_low,8312,42,36,data\corrupted\blur_15x15_s5\images\42\8312.png,low,8311,15x15_s5,36,clean,42
8345_low,8346,42,36,data\corrupted\blur_15x15_s5\images\42\8346.png,low,8345,15x15_s5,36,clean,42
8323_low,8324,42,36,data\corrupted\blur_15x15_s5\images\42\8324.png,low,8323,15x15_s5,36,clean,42
8321_low,8322,42,36,data\corrupted\blur_15x15_s5\images\42\8322.png,low,8321,15x15_s5,43,noisy,42
8388_low,8389,42,36,data\corrupted\blur_15x15_s5\images\42\8389.png,low,8388,15x15_s5,36,clean,42
8341_low,8342,42,36,data\corrupted\blur_15x15_s5\images\42\8342.png,low,8341,15x15_s5,36,clean,42
8315_low,8316,42,36,data\corrupted\blur_15x15_s5\images\42\8316.png,low,8315,15x15_s5,36,clean,42
8360_low,8361,42,36,data\corrupted\blur_15x15_s5\images\42\8361.png,low,8360,15x15_s5,36,clean,42
8377_low,8378,42,36,data\corrupted\blur_15x15_s5\images\42\8378.png,low,8377,15x15_s5,36,clean,42
8372_low,8373,42,36,data\corrupted\blur_15x15_s5\images\42\8373.png,low,8372,15x15_s5,74,noisy,42
8333_low,8334,42,36,data\corrupted\blur_15x15_s5\images\42\8334.png,low,8333,15x15_s5,36,clean,42
8383_low,8384,42,36,data\corrupted\blur_15x15_s5\images\42\8384.png,low,8383,15x15_s5,36,clean,42
8365_low,8366,42,36,data\corrupted\blur_15x15_s5\images\42\8366.png,low,8365,15x15_s5,36,clean,42
8329_low,8330,42,36,data\corrupted\blur_15x15_s5\images\42\8330.png,low,8329,15x15_s5,36,clean,42
8355_low,8356,42,36,data\corrupted\blur_15x15_s5\images\42\8356.png,low,8355,15x15_s5,36,clean,42
8342_low,8343,42,36,data\corrupted\blur_15x15_s5\images\42\8343.png,low,8342,15x15_s5,36,clean,42
8369_low,8370,42,36,data\corrupted\blur_15x15_s5\images\42\8370.png,low,8369,15x15_s5,14,noisy,42
8320_low,8321,42,36,data\corrupted\blur_15x15_s5\images\42\8321.png,low,8320,15x15_s5,36,clean,42
8316_low,8317,42,36,data\corrupted\blur_15x15_s5\images\42\8317.png,low,8316,15x15_s5,36,clean,42
8346_low,8347,42,36,data\corrupted\blur_15x15_s5\images\42\8347.png,low,8346,15x15_s5,36,clean,42
8350_low,8351,42,36,data\corrupted\blur_15x15_s5\images\42\8351.png,low,8350,15x15_s5,36,clean,42
8378_low,8379,42,36,data\corrupted\blur_15x15_s5\images\42\8379.png,low,8378,15x15_s5,36,clean,42
8364_low,8365,42,36,data\corrupted\blur_15x15_s5\images\42\8365.png,low,8364,15x15_s5,31,noisy,42
8351_low,8352,42,36,data\corrupted\blur_15x15_s5\images\42\8352.png,low,8351,15x15_s5,68,noisy,42
8465_low,8466,43,37,data\corrupted\blur_15x15_s5\images\43\8466.png,low,8465,15x15_s5,37,clean,42
8527_low,8528,43,37,data\corrupted\blur_15x15_s5\images\43\8528.png,low,8527,15x15_s5,37,clean,42
8541_low,8542,43,37,data\corrupted\blur_15x15_s5\images\43\8542.png,low,8541,15x15_s5,37,clean,42
8449_low,8450,43,37,data\corrupted\blur_15x15_s5\images\43\8450.png,low,8449,15x15_s5,37,clean,42
8545_low,8546,43,37,data\corrupted\blur_15x15_s5\images\43\8546.png,low,8545,15x15_s5,37,clean,42
8554_low,8555,43,37,data\corrupted\blur_15x15_s5\images\43\8555.png,low,8554,15x15_s5,37,clean,42
8474_low,8475,43,37,data\corrupted\blur_15x15_s5\images\43\8475.png,low,8474,15x15_s5,37,clean,42
8531_low,8532,43,37,data\corrupted\blur_15x15_s5\images\43\8532.png,low,8531,15x15_s5,41,noisy,42
8503_low,8504,43,37,data\corrupted\blur_15x15_s5\images\43\8504.png,low,8503,15x15_s5,37,clean,42
8420_low,8421,43,37,data\corrupted\blur_15x15_s5\images\43\8421.png,low,8420,15x15_s5,37,clean,42
8512_low,8513,43,37,data\corrupted\blur_15x15_s5\images\43\8513.png,low,8512,15x15_s5,77,noisy,42
8498_low,8499,43,37,data\corrupted\blur_15x15_s5\images\43\8499.png,low,8498,15x15_s5,37,clean,42
8430_low,8431,43,37,data\corrupted\blur_15x15_s5\images\43\8431.png,low,8430,15x15_s5,37,clean,42
8479_low,8480,43,37,data\corrupted\blur_15x15_s5\images\43\8480.png,low,8479,15x15_s5,37,clean,42
8535_low,8536,43,37,data\corrupted\blur_15x15_s5\images\43\8536.png,low,8535,15x15_s5,37,clean,42
8404_low,8405,43,37,data\corrupted\blur_15x15_s5\images\43\8405.png,low,8404,15x15_s5,74,noisy,42
8525_low,8526,43,37,data\corrupted\blur_15x15_s5\images\43\8526.png,low,8525,15x15_s5,37,clean,42
8413_low,8414,43,37,data\corrupted\blur_15x15_s5\images\43\8414.png,low,8413,15x15_s5,44,noisy,42
8464_low,8465,43,37,data\corrupted\blur_15x15_s5\images\43\8465.png,low,8464,15x15_s5,37,clean,42
8534_low,8535,43,37,data\corrupted\blur_15x15_s5\images\43\8535.png,low,8534,15x15_s5,37,clean,42
8418_low,8419,43,37,data\corrupted\blur_15x15_s5\images\43\8419.png,low,8418,15x15_s5,16,noisy,42
8419_low,8420,43,37,data\corrupted\blur_15x15_s5\images\43\8420.png,low,8419,15x15_s5,37,clean,42
8444_low,8445,43,37,data\corrupted\blur_15x15_s5\images\43\8445.png,low,8444,15x15_s5,37,clean,42
8502_low,8503,43,37,data\corrupted\blur_15x15_s5\images\43\8503.png,low,8502,15x15_s5,37,clean,42
8557_low,8558,43,37,data\corrupted\blur_15x15_s5\images\43\8558.png,low,8557,15x15_s5,37,clean,42
8576_low,8577,44,38,data\corrupted\blur_15x15_s5\images\44\8577.png,low,8576,15x15_s5,68,noisy,42
8580_low,8581,44,38,data\corrupted\blur_15x15_s5\images\44\8581.png,low,8580,15x15_s5,38,clean,42
8588_low,8589,44,38,data\corrupted\blur_15x15_s5\images\44\8589.png,low,8588,15x15_s5,38,clean,42
8587_low,8588,44,38,data\corrupted\blur_15x15_s5\images\44\8588.png,low,8587,15x15_s5,38,clean,42
8569_low,8570,44,38,data\corrupted\blur_15x15_s5\images\44\8570.png,low,8569,15x15_s5,38,clean,42
8585_low,8586,44,38,data\corrupted\blur_15x15_s5\images\44\8586.png,low,8585,15x15_s5,38,clean,42
8582_low,8583,44,38,data\corrupted\blur_15x15_s5\images\44\8583.png,low,8582,15x15_s5,2,noisy,42
8573_low,8574,44,38,data\corrupted\blur_15x15_s5\images\44\8574.png,low,8573,15x15_s5,38,clean,42
8593_low,8594,44,38,data\corrupted\blur_15x15_s5\images\44\8594.png,low,8593,15x15_s5,38,clean,42
8570_low,8571,44,38,data\corrupted\blur_15x15_s5\images\44\8571.png,low,8570,15x15_s5,38,clean,42
8561_low,8562,44,38,data\corrupted\blur_15x15_s5\images\44\8562.png,low,8561,15x15_s5,3,noisy,42
8565_low,8566,44,38,data\corrupted\blur_15x15_s5\images\44\8566.png,low,8565,15x15_s5,38,clean,42
8577_low,8578,44,38,data\corrupted\blur_15x15_s5\images\44\8578.png,low,8577,15x15_s5,38,clean,42
8578_low,8579,44,38,data\corrupted\blur_15x15_s5\images\44\8579.png,low,8578,15x15_s5,50,noisy,42
8566_low,8567,44,38,data\corrupted\blur_15x15_s5\images\44\8567.png,low,8566,15x15_s5,38,clean,42
8574_low,8575,44,38,data\corrupted\blur_15x15_s5\images\44\8575.png,low,8574,15x15_s5,38,clean,42
8572_low,8573,44,38,data\corrupted\blur_15x15_s5\images\44\8573.png,low,8572,15x15_s5,38,clean,42
8562_low,8563,44,38,data\corrupted\blur_15x15_s5\images\44\8563.png,low,8562,15x15_s5,7,noisy,42
8563_low,8564,44,38,data\corrupted\blur_15x15_s5\images\44\8564.png,low,8563,15x15_s5,38,clean,42
8591_low,8592,44,38,data\corrupted\blur_15x15_s5\images\44\8592.png,low,8591,15x15_s5,38,clean,42
8564_low,8565,44,38,data\corrupted\blur_15x15_s5\images\44\8565.png,low,8564,15x15_s5,38,clean,42
8590_low,8591,44,38,data\corrupted\blur_15x15_s5\images\44\8591.png,low,8590,15x15_s5,38,clean,42
8584_low,8585,44,38,data\corrupted\blur_15x15_s5\images\44\8585.png,low,8584,15x15_s5,38,clean,42
8592_low,8593,44,38,data\corrupted\blur_15x15_s5\images\44\8593.png,low,8592,15x15_s5,38,clean,42
8583_low,8584,44,38,data\corrupted\blur_15x15_s5\images\44\8584.png,low,8583,15x15_s5,38,clean,42
8786_low,8787,46,39,data\corrupted\blur_15x15_s5\images\46\8787.png,low,8786,15x15_s5,74,noisy,42
8835_low,8836,46,39,data\corrupted\blur_15x15_s5\images\46\8836.png,low,8835,15x15_s5,39,clean,42
8718_low,8719,46,39,data\corrupted\blur_15x15_s5\images\46\8719.png,low,8718,15x15_s5,39,clean,42
8853_low,8854,46,39,data\corrupted\blur_15x15_s5\images\46\8854.png,low,8853,15x15_s5,39,clean,42
8667_low,8668,46,39,data\corrupted\blur_15x15_s5\images\46\8668.png,low,8667,15x15_s5,39,clean,42
8616_low,8617,46,39,data\corrupted\blur_15x15_s5\images\46\8617.png,low,8616,15x15_s5,39,clean,42
8726_low,8727,46,39,data\corrupted\blur_15x15_s5\images\46\8727.png,low,8726,15x15_s5,13,noisy,42
8830_low,8831,46,39,data\corrupted\blur_15x15_s5\images\46\8831.png,low,8830,15x15_s5,39,clean,42
8874_low,8875,46,39,data\corrupted\blur_15x15_s5\images\46\8875.png,low,8874,15x15_s5,39,clean,42
8640_low,8641,46,39,data\corrupted\blur_15x15_s5\images\46\8641.png,low,8640,15x15_s5,46,noisy,42
8612_low,8613,46,39,data\corrupted\blur_15x15_s5\images\46\8613.png,low,8612,15x15_s5,39,clean,42
8708_low,8709,46,39,data\corrupted\blur_15x15_s5\images\46\8709.png,low,8708,15x15_s5,39,clean,42
8652_low,8653,46,39,data\corrupted\blur_15x15_s5\images\46\8653.png,low,8652,15x15_s5,34,noisy,42
8782_low,8783,46,39,data\corrupted\blur_15x15_s5\images\46\8783.png,low,8782,15x15_s5,39,clean,42
8725_low,8726,46,39,data\corrupted\blur_15x15_s5\images\46\8726.png,low,8725,15x15_s5,39,clean,42
8653_low,8654,46,39,data\corrupted\blur_15x15_s5\images\46\8654.png,low,8653,15x15_s5,39,clean,42
8732_low,8733,46,39,data\corrupted\blur_15x15_s5\images\46\8733.png,low,8732,15x15_s5,39,clean,42
8799_low,8800,46,39,data\corrupted\blur_15x15_s5\images\46\8800.png,low,8799,15x15_s5,80,noisy,42
8891_low,8892,46,39,data\corrupted\blur_15x15_s5\images\46\8892.png,low,8891,15x15_s5,39,clean,42
8885_low,8886,46,39,data\corrupted\blur_15x15_s5\images\46\8886.png,low,8885,15x15_s5,39,clean,42
8759_low,8760,46,39,data\corrupted\blur_15x15_s5\images\46\8760.png,low,8759,15x15_s5,39,clean,42
8875_low,8876,46,39,data\corrupted\blur_15x15_s5\images\46\8876.png,low,8875,15x15_s5,39,clean,42
8878_low,8879,46,39,data\corrupted\blur_15x15_s5\images\46\8879.png,low,8878,15x15_s5,39,clean,42
8632_low,8633,46,39,data\corrupted\blur_15x15_s5\images\46\8633.png,low,8632,15x15_s5,39,clean,42
8753_low,8754,46,39,data\corrupted\blur_15x15_s5\images\46\8754.png,low,8753,15x15_s5,39,clean,42
8979_low,8980,47,40,data\corrupted\blur_15x15_s5\images\47\8980.png,low,8979,15x15_s5,40,clean,42
9127_low,9128,47,40,data\corrupted\blur_15x15_s5\images\47\9128.png,low,9127,15x15_s5,40,clean,42
9167_low,9168,47,40,data\corrupted\blur_15x15_s5\images\47\9168.png,low,9167,15x15_s5,40,clean,42
8942_low,8943,47,40,data\corrupted\blur_15x15_s5\images\47\8943.png,low,8942,15x15_s5,40,clean,42
8951_low,8952,47,40,data\corrupted\blur_15x15_s5\images\47\8952.png,low,8951,15x15_s5,40,clean,42
8986_low,8987,47,40,data\corrupted\blur_15x15_s5\images\47\8987.png,low,8986,15x15_s5,40,clean,42
9046_low,9047,47,40,data\corrupted\blur_15x15_s5\images\47\9047.png,low,9046,15x15_s5,31,noisy,42
9242_low,9243,47,40,data\corrupted\blur_15x15_s5\images\47\9243.png,low,9242,15x15_s5,40,clean,42
9154_low,9155,47,40,data\corrupted\blur_15x15_s5\images\47\9155.png,low,9154,15x15_s5,40,clean,42
9175_low,9176,47,40,data\corrupted\blur_15x15_s5\images\47\9176.png,low,9175,15x15_s5,40,clean,42
9275_low,9276,47,40,data\corrupted\blur_15x15_s5\images\47\9276.png,low,9275,15x15_s5,40,clean,42
8987_low,8988,47,40,data\corrupted\blur_15x15_s5\images\47\8988.png,low,8987,15x15_s5,40,clean,42
9193_low,9194,47,40,data\corrupted\blur_15x15_s5\images\47\9194.png,low,9193,15x15_s5,40,clean,42
9297_low,9298,47,40,data\corrupted\blur_15x15_s5\images\47\9298.png,low,9297,15x15_s5,40,clean,42
9064_low,9065,47,40,data\corrupted\blur_15x15_s5\images\47\9065.png,low,9064,15x15_s5,40,clean,42
9093_low,9094,47,40,data\corrupted\blur_15x15_s5\images\47\9094.png,low,9093,15x15_s5,1,noisy,42
9086_low,9087,47,40,data\corrupted\blur_15x15_s5\images\47\9087.png,low,9086,15x15_s5,40,clean,42
9140_low,9141,47,40,data\corrupted\blur_15x15_s5\images\47\9141.png,low,9140,15x15_s5,40,clean,42
8918_low,8919,47,40,data\corrupted\blur_15x15_s5\images\47\8919.png,low,8918,15x15_s5,40,clean,42
9104_low,9105,47,40,data\corrupted\blur_15x15_s5\images\47\9105.png,low,9104,15x15_s5,81,noisy,42
8964_low,8965,47,40,data\corrupted\blur_15x15_s5\images\47\8965.png,low,8964,15x15_s5,77,noisy,42
9310_low,9311,47,40,data\corrupted\blur_15x15_s5\images\47\9311.png,low,9310,15x15_s5,40,clean,42
9194_low,9195,47,40,data\corrupted\blur_15x15_s5\images\47\9195.png,low,9194,15x15_s5,40,clean,42
9143_low,9144,47,40,data\corrupted\blur_15x15_s5\images\47\9144.png,low,9143,15x15_s5,40,clean,42
9189_low,9190,47,40,data\corrupted\blur_15x15_s5\images\47\9190.png,low,9189,15x15_s5,71,noisy,42
9348_low,9349,48,41,data\corrupted\blur_15x15_s5\images\48\9349.png,low,9348,15x15_s5,41,clean,42
9351_low,9352,48,41,data\corrupted\blur_15x15_s5\images\48\9352.png,low,9351,15x15_s5,41,clean,42
9319_low,9320,48,41,data\corrupted\blur_15x15_s5\images\48\9320.png,low,9319,15x15_s5,41,clean,42
9328_low,9329,48,41,data\corrupted\blur_15x15_s5\images\48\9329.png,low,9328,15x15_s5,41,clean,42
9345_low,9346,48,41,data\corrupted\blur_15x15_s5\images\48\9346.png,low,9345,15x15_s5,41,clean,42
9341_low,9342,48,41,data\corrupted\blur_15x15_s5\images\48\9342.png,low,9341,15x15_s5,41,clean,42
9321_low,9322,48,41,data\corrupted\blur_15x15_s5\images\48\9322.png,low,9321,15x15_s5,41,clean,42
9342_low,9343,48,41,data\corrupted\blur_15x15_s5\images\48\9343.png,low,9342,15x15_s5,41,clean,42
9339_low,9340,48,41,data\corrupted\blur_15x15_s5\images\48\9340.png,low,9339,15x15_s5,41,clean,42
9330_low,9331,48,41,data\corrupted\blur_15x15_s5\images\48\9331.png,low,9330,15x15_s5,41,clean,42
9332_low,9333,48,41,data\corrupted\blur_15x15_s5\images\48\9333.png,low,9332,15x15_s5,41,clean,42
9323_low,9324,48,41,data\corrupted\blur_15x15_s5\images\48\9324.png,low,9323,15x15_s5,41,clean,42
9331_low,9332,48,41,data\corrupted\blur_15x15_s5\images\48\9332.png,low,9331,15x15_s5,41,clean,42
9327_low,9328,48,41,data\corrupted\blur_15x15_s5\images\48\9328.png,low,9327,15x15_s5,41,clean,42
9334_low,9335,48,41,data\corrupted\blur_15x15_s5\images\48\9335.png,low,9334,15x15_s5,41,clean,42
9324_low,9325,48,41,data\corrupted\blur_15x15_s5\images\48\9325.png,low,9324,15x15_s5,33,noisy,42
9347_low,9348,48,41,data\corrupted\blur_15x15_s5\images\48\9348.png,low,9347,15x15_s5,77,noisy,42
9315_low,9316,48,41,data\corrupted\blur_15x15_s5\images\48\9316.png,low,9315,15x15_s5,61,noisy,42
9340_low,9341,48,41,data\corrupted\blur_15x15_s5\images\48\9341.png,low,9340,15x15_s5,25,noisy,42
9320_low,9321,48,41,data\corrupted\blur_15x15_s5\images\48\9321.png,low,9320,15x15_s5,41,clean,42
9326_low,9327,48,41,data\corrupted\blur_15x15_s5\images\48\9327.png,low,9326,15x15_s5,41,clean,42
9316_low,9317,48,41,data\corrupted\blur_15x15_s5\images\48\9317.png,low,9316,15x15_s5,41,clean,42
9352_low,9353,48,41,data\corrupted\blur_15x15_s5\images\48\9353.png,low,9352,15x15_s5,41,clean,42
9336_low,9337,48,41,data\corrupted\blur_15x15_s5\images\48\9337.png,low,9336,15x15_s5,41,clean,42
9317_low,9318,48,41,data\corrupted\blur_15x15_s5\images\48\9318.png,low,9317,15x15_s5,59,noisy,42
9414_low,9415,49,42,data\corrupted\blur_15x15_s5\images\49\9415.png,low,9414,15x15_s5,42,clean,42
9410_low,9411,49,42,data\corrupted\blur_15x15_s5\images\49\9411.png,low,9410,15x15_s5,42,clean,42
9353_low,9354,49,42,data\corrupted\blur_15x15_s5\images\49\9354.png,low,9353,15x15_s5,42,clean,42
9396_low,9397,49,42,data\corrupted\blur_15x15_s5\images\49\9397.png,low,9396,15x15_s5,82,noisy,42
9358_low,9359,49,42,data\corrupted\blur_15x15_s5\images\49\9359.png,low,9358,15x15_s5,42,clean,42
9389_low,9390,49,42,data\corrupted\blur_15x15_s5\images\49\9390.png,low,9389,15x15_s5,42,clean,42
9369_low,9370,49,42,data\corrupted\blur_15x15_s5\images\49\9370.png,low,9369,15x15_s5,22,noisy,42
9365_low,9366,49,42,data\corrupted\blur_15x15_s5\images\49\9366.png,low,9365,15x15_s5,42,clean,42
9378_low,9379,49,42,data\corrupted\blur_15x15_s5\images\49\9379.png,low,9378,15x15_s5,42,clean,42
9413_low,9414,49,42,data\corrupted\blur_15x15_s5\images\49\9414.png,low,9413,15x15_s5,51,noisy,42
9408_low,9409,49,42,data\corrupted\blur_15x15_s5\images\49\9409.png,low,9408,15x15_s5,42,clean,42
9362_low,9363,49,42,data\corrupted\blur_15x15_s5\images\49\9363.png,low,9362,15x15_s5,42,clean,42
9393_low,9394,49,42,data\corrupted\blur_15x15_s5\images\49\9394.png,low,9393,15x15_s5,10,noisy,42
9366_low,9367,49,42,data\corrupted\blur_15x15_s5\images\49\9367.png,low,9366,15x15_s5,42,clean,42
9387_low,9388,49,42,data\corrupted\blur_15x15_s5\images\49\9388.png,low,9387,15x15_s5,42,clean,42
9402_low,9403,49,42,data\corrupted\blur_15x15_s5\images\49\9403.png,low,9402,15x15_s5,42,clean,42
9356_low,9357,49,42,data\corrupted\blur_15x15_s5\images\49\9357.png,low,9356,15x15_s5,42,clean,42
9370_low,9371,49,42,data\corrupted\blur_15x15_s5\images\49\9371.png,low,9370,15x15_s5,42,clean,42
9401_low,9402,49,42,data\corrupted\blur_15x15_s5\images\49\9402.png,low,9401,15x15_s5,42,clean,42
9361_low,9362,49,42,data\corrupted\blur_15x15_s5\images\49\9362.png,low,9361,15x15_s5,42,clean,42
9359_low,9360,49,42,data\corrupted\blur_15x15_s5\images\49\9360.png,low,9359,15x15_s5,42,clean,42
9386_low,9387,49,42,data\corrupted\blur_15x15_s5\images\49\9387.png,low,9386,15x15_s5,72,noisy,42
9357_low,9358,49,42,data\corrupted\blur_15x15_s5\images\49\9358.png,low,9357,15x15_s5,42,clean,42
9399_low,9400,49,42,data\corrupted\blur_15x15_s5\images\49\9400.png,low,9399,15x15_s5,42,clean,42
9372_low,9373,49,42,data\corrupted\blur_15x15_s5\images\49\9373.png,low,9372,15x15_s5,42,clean,42
9622_low,9623,51,43,data\corrupted\blur_15x15_s5\images\51\9623.png,low,9622,15x15_s5,16,noisy,42
9515_low,9516,51,43,data\corrupted\blur_15x15_s5\images\51\9516.png,low,9515,15x15_s5,43,clean,42
9492_low,9493,51,43,data\corrupted\blur_15x15_s5\images\51\9493.png,low,9492,15x15_s5,43,clean,42
9574_low,9575,51,43,data\corrupted\blur_15x15_s5\images\51\9575.png,low,9574,15x15_s5,43,clean,42
9598_low,9599,51,43,data\corrupted\blur_15x15_s5\images\51\9599.png,low,9598,15x15_s5,43,clean,42
9452_low,9453,51,43,data\corrupted\blur_15x15_s5\images\51\9453.png,low,9452,15x15_s5,43,clean,42
9512_low,9513,51,43,data\corrupted\blur_15x15_s5\images\51\9513.png,low,9512,15x15_s5,43,clean,42
9591_low,9592,51,43,data\corrupted\blur_15x15_s5\images\51\9592.png,low,9591,15x15_s5,43,clean,42
9559_low,9560,51,43,data\corrupted\blur_15x15_s5\images\51\9560.png,low,9559,15x15_s5,43,clean,42
9612_low,9613,51,43,data\corrupted\blur_15x15_s5\images\51\9613.png,low,9612,15x15_s5,43,clean,42
9595_low,9596,51,43,data\corrupted\blur_15x15_s5\images\51\9596.png,low,9595,15x15_s5,43,clean,42
9479_low,9480,51,43,data\corrupted\blur_15x15_s5\images\51\9480.png,low,9479,15x15_s5,31,noisy,42
9602_low,9603,51,43,data\corrupted\blur_15x15_s5\images\51\9603.png,low,9602,15x15_s5,43,clean,42
9467_low,9468,51,43,data\corrupted\blur_15x15_s5\images\51\9468.png,low,9467,15x15_s5,43,clean,42
9488_low,9489,51,43,data\corrupted\blur_15x15_s5\images\51\9489.png,low,9488,15x15_s5,35,noisy,42
9453_low,9454,51,43,data\corrupted\blur_15x15_s5\images\51\9454.png,low,9453,15x15_s5,43,clean,42
9603_low,9604,51,43,data\corrupted\blur_15x15_s5\images\51\9604.png,low,9603,15x15_s5,66,noisy,42
9614_low,9615,51,43,data\corrupted\blur_15x15_s5\images\51\9615.png,low,9614,15x15_s5,43,clean,42
9522_low,9523,51,43,data\corrupted\blur_15x15_s5\images\51\9523.png,low,9522,15x15_s5,62,noisy,42
9456_low,9457,51,43,data\corrupted\blur_15x15_s5\images\51\9457.png,low,9456,15x15_s5,43,clean,42
9561_low,9562,51,43,data\corrupted\blur_15x15_s5\images\51\9562.png,low,9561,15x15_s5,43,clean,42
9555_low,9556,51,43,data\corrupted\blur_15x15_s5\images\51\9556.png,low,9555,15x15_s5,43,clean,42
9442_low,9443,51,43,data\corrupted\blur_15x15_s5\images\51\9443.png,low,9442,15x15_s5,43,clean,42
9585_low,9586,51,43,data\corrupted\blur_15x15_s5\images\51\9586.png,low,9585,15x15_s5,43,clean,42
9461_low,9462,51,43,data\corrupted\blur_15x15_s5\images\51\9462.png,low,9461,15x15_s5,43,clean,42
9803_low,9804,54,44,data\corrupted\blur_15x15_s5\images\54\9804.png,low,9803,15x15_s5,44,clean,42
9696_low,9697,54,44,data\corrupted\blur_15x15_s5\images\54\9697.png,low,9696,15x15_s5,44,clean,42
9785_low,9786,54,44,data\corrupted\blur_15x15_s5\images\54\9786.png,low,9785,15x15_s5,44,clean,42
9695_low,9696,54,44,data\corrupted\blur_15x15_s5\images\54\9696.png,low,9695,15x15_s5,44,clean,42
9808_low,9809,54,44,data\corrupted\blur_15x15_s5\images\54\9809.png,low,9808,15x15_s5,26,noisy,42
9827_low,9828,54,44,data\corrupted\blur_15x15_s5\images\54\9828.png,low,9827,15x15_s5,44,clean,42
9830_low,9831,54,44,data\corrupted\blur_15x15_s5\images\54\9831.png,low,9830,15x15_s5,44,clean,42
9717_low,9718,54,44,data\corrupted\blur_15x15_s5\images\54\9718.png,low,9717,15x15_s5,44,clean,42
9771_low,9772,54,44,data\corrupted\blur_15x15_s5\images\54\9772.png,low,9771,15x15_s5,78,noisy,42
9726_low,9727,54,44,data\corrupted\blur_15x15_s5\images\54\9727.png,low,9726,15x15_s5,12,noisy,42
9681_low,9682,54,44,data\corrupted\blur_15x15_s5\images\54\9682.png,low,9681,15x15_s5,44,clean,42
9822_low,9823,54,44,data\corrupted\blur_15x15_s5\images\54\9823.png,low,9822,15x15_s5,79,noisy,42
9799_low,9800,54,44,data\corrupted\blur_15x15_s5\images\54\9800.png,low,9799,15x15_s5,44,clean,42
9711_low,9712,54,44,data\corrupted\blur_15x15_s5\images\54\9712.png,low,9711,15x15_s5,44,clean,42
9734_low,9735,54,44,data\corrupted\blur_15x15_s5\images\54\9735.png,low,9734,15x15_s5,44,clean,42
9751_low,9752,54,44,data\corrupted\blur_15x15_s5\images\54\9752.png,low,9751,15x15_s5,44,clean,42
9690_low,9691,54,44,data\corrupted\blur_15x15_s5\images\54\9691.png,low,9690,15x15_s5,44,clean,42
9775_low,9776,54,44,data\corrupted\blur_15x15_s5\images\54\9776.png,low,9775,15x15_s5,44,clean,42
9741_low,9742,54,44,data\corrupted\blur_15x15_s5\images\54\9742.png,low,9741,15x15_s5,44,clean,42
9774_low,9775,54,44,data\corrupted\blur_15x15_s5\images\54\9775.png,low,9774,15x15_s5,44,clean,42
9685_low,9686,54,44,data\corrupted\blur_15x15_s5\images\54\9686.png,low,9685,15x15_s5,44,clean,42
9682_low,9683,54,44,data\corrupted\blur_15x15_s5\images\54\9683.png,low,9682,15x15_s5,4,noisy,42
9697_low,9698,54,44,data\corrupted\blur_15x15_s5\images\54\9698.png,low,9697,15x15_s5,44,clean,42
9684_low,9685,54,44,data\corrupted\blur_15x15_s5\images\54\9685.png,low,9684,15x15_s5,44,clean,42
9678_low,9679,54,44,data\corrupted\blur_15x15_s5\images\54\9679.png,low,9678,15x15_s5,44,clean,42
9922_low,9923,56,45,data\corrupted\blur_15x15_s5\images\56\9923.png,low,9922,15x15_s5,45,clean,42
9867_low,9868,56,45,data\corrupted\blur_15x15_s5\images\56\9868.png,low,9867,15x15_s5,45,clean,42
9967_low,9968,56,45,data\corrupted\blur_15x15_s5\images\56\9968.png,low,9967,15x15_s5,43,noisy,42
9927_low,9928,56,45,data\corrupted\blur_15x15_s5\images\56\9928.png,low,9927,15x15_s5,45,clean,42
9925_low,9926,56,45,data\corrupted\blur_15x15_s5\images\56\9926.png,low,9925,15x15_s5,45,clean,42
9880_low,9881,56,45,data\corrupted\blur_15x15_s5\images\56\9881.png,low,9880,15x15_s5,45,clean,42
9913_low,9914,56,45,data\corrupted\blur_15x15_s5\images\56\9914.png,low,9913,15x15_s5,45,clean,42
9990_low,9991,56,45,data\corrupted\blur_15x15_s5\images\56\9991.png,low,9990,15x15_s5,45,clean,42
9917_low,9918,56,45,data\corrupted\blur_15x15_s5\images\56\9918.png,low,9917,15x15_s5,28,noisy,42
9931_low,9932,56,45,data\corrupted\blur_15x15_s5\images\56\9932.png,low,9931,15x15_s5,45,clean,42
9959_low,9960,56,45,data\corrupted\blur_15x15_s5\images\56\9960.png,low,9959,15x15_s5,45,clean,42
9861_low,9862,56,45,data\corrupted\blur_15x15_s5\images\56\9862.png,low,9861,15x15_s5,22,noisy,42
9885_low,9886,56,45,data\corrupted\blur_15x15_s5\images\56\9886.png,low,9885,15x15_s5,45,clean,42
9858_low,9859,56,45,data\corrupted\blur_15x15_s5\images\56\9859.png,low,9858,15x15_s5,2,noisy,42
9868_low,9869,56,45,data\corrupted\blur_15x15_s5\images\56\9869.png,low,9868,15x15_s5,45,clean,42
9905_low,9906,56,45,data\corrupted\blur_15x15_s5\images\56\9906.png,low,9905,15x15_s5,45,clean,42
9953_low,9954,56,45,data\corrupted\blur_15x15_s5\images\56\9954.png,low,9953,15x15_s5,45,clean,42
9918_low,9919,56,45,data\corrupted\blur_15x15_s5\images\56\9919.png,low,9918,15x15_s5,45,clean,42
9904_low,9905,56,45,data\corrupted\blur_15x15_s5\images\56\9905.png,low,9904,15x15_s5,60,noisy,42
9981_low,9982,56,45,data\corrupted\blur_15x15_s5\images\56\9982.png,low,9981,15x15_s5,45,clean,42
9878_low,9879,56,45,data\corrupted\blur_15x15_s5\images\56\9879.png,low,9878,15x15_s5,45,clean,42
9976_low,9977,56,45,data\corrupted\blur_15x15_s5\images\56\9977.png,low,9976,15x15_s5,45,clean,42
9875_low,9876,56,45,data\corrupted\blur_15x15_s5\images\56\9876.png,low,9875,15x15_s5,45,clean,42
9977_low,9978,56,45,data\corrupted\blur_15x15_s5\images\56\9978.png,low,9977,15x15_s5,45,clean,42
9980_low,9981,56,45,data\corrupted\blur_15x15_s5\images\56\9981.png,low,9980,15x15_s5,45,clean,42
10055_low,10056,57,46,data\corrupted\blur_15x15_s5\images\57\10056.png,low,10055,15x15_s5,79,noisy,42
10088_low,10089,57,46,data\corrupted\blur_15x15_s5\images\57\10089.png,low,10088,15x15_s5,46,clean,42
10003_low,10004,57,46,data\corrupted\blur_15x15_s5\images\57\10004.png,low,10003,15x15_s5,63,noisy,42
10044_low,10045,57,46,data\corrupted\blur_15x15_s5\images\57\10045.png,low,10044,15x15_s5,46,clean,42
10025_low,10026,57,46,data\corrupted\blur_15x15_s5\images\57\10026.png,low,10025,15x15_s5,46,clean,42
10116_low,10117,57,46,data\corrupted\blur_15x15_s5\images\57\10117.png,low,10116,15x15_s5,46,clean,42
10068_low,10069,57,46,data\corrupted\blur_15x15_s5\images\57\10069.png,low,10068,15x15_s5,46,clean,42
10009_low,10010,57,46,data\corrupted\blur_15x15_s5\images\57\10010.png,low,10009,15x15_s5,46,clean,42
10089_low,10090,57,46,data\corrupted\blur_15x15_s5\images\57\10090.png,low,10089,15x15_s5,46,clean,42
10072_low,10073,57,46,data\corrupted\blur_15x15_s5\images\57\10073.png,low,10072,15x15_s5,46,clean,42
10017_low,10018,57,46,data\corrupted\blur_15x15_s5\images\57\10018.png,low,10017,15x15_s5,46,clean,42
10111_low,10112,57,46,data\corrupted\blur_15x15_s5\images\57\10112.png,low,10111,15x15_s5,46,clean,42
10010_low,10011,57,46,data\corrupted\blur_15x15_s5\images\57\10011.png,low,10010,15x15_s5,46,clean,42
10095_low,10096,57,46,data\corrupted\blur_15x15_s5\images\57\10096.png,low,10095,15x15_s5,46,clean,42
10041_low,10042,57,46,data\corrupted\blur_15x15_s5\images\57\10042.png,low,10041,15x15_s5,46,clean,42
10030_low,10031,57,46,data\corrupted\blur_15x15_s5\images\57\10031.png,low,10030,15x15_s5,54,noisy,42
10087_low,10088,57,46,data\corrupted\blur_15x15_s5\images\57\10088.png,low,10087,15x15_s5,58,noisy,42
9999_low,10000,57,46,data\corrupted\blur_15x15_s5\images\57\10000.png,low,9999,15x15_s5,46,clean,42
10096_low,10097,57,46,data\corrupted\blur_15x15_s5\images\57\10097.png,low,10096,15x15_s5,46,clean,42
10109_low,10110,57,46,data\corrupted\blur_15x15_s5\images\57\10110.png,low,10109,15x15_s5,46,clean,42
10063_low,10064,57,46,data\corrupted\blur_15x15_s5\images\57\10064.png,low,10063,15x15_s5,46,clean,42
10039_low,10040,57,46,data\corrupted\blur_15x15_s5\images\57\10040.png,low,10039,15x15_s5,46,clean,42
10094_low,10095,57,46,data\corrupted\blur_15x15_s5\images\57\10095.png,low,10094,15x15_s5,46,clean,42
10052_low,10053,57,46,data\corrupted\blur_15x15_s5\images\57\10053.png,low,10052,15x15_s5,7,noisy,42
10043_low,10044,57,46,data\corrupted\blur_15x15_s5\images\57\10044.png,low,10043,15x15_s5,46,clean,42
10183_low,10184,58,47,data\corrupted\blur_15x15_s5\images\58\10184.png,low,10183,15x15_s5,47,clean,42
10232_low,10233,58,47,data\corrupted\blur_15x15_s5\images\58\10233.png,low,10232,15x15_s5,47,clean,42
10134_low,10135,58,47,data\corrupted\blur_15x15_s5\images\58\10135.png,low,10134,15x15_s5,37,noisy,42
10259_low,10260,58,47,data\corrupted\blur_15x15_s5\images\58\10260.png,low,10259,15x15_s5,47,clean,42
10274_low,10275,58,47,data\corrupted\blur_15x15_s5\images\58\10275.png,low,10274,15x15_s5,47,clean,42
10244_low,10245,58,47,data\corrupted\blur_15x15_s5\images\58\10245.png,low,10244,15x15_s5,30,noisy,42
10258_low,10259,58,47,data\corrupted\blur_15x15_s5\images\58\10259.png,low,10258,15x15_s5,47,clean,42
10148_low,10149,58,47,data\corrupted\blur_15x15_s5\images\58\10149.png,low,10148,15x15_s5,47,clean,42
10136_low,10137,58,47,data\corrupted\blur_15x15_s5\images\58\10137.png,low,10136,15x15_s5,73,noisy,42
10285_low,10286,58,47,data\corrupted\blur_15x15_s5\images\58\10286.png,low,10285,15x15_s5,47,clean,42
10276_low,10277,58,47,data\corrupted\blur_15x15_s5\images\58\10277.png,low,10276,15x15_s5,47,clean,42
10133_low,10134,58,47,data\corrupted\blur_15x15_s5\images\58\10134.png,low,10133,15x15_s5,47,clean,42
10173_low,10174,58,47,data\corrupted\blur_15x15_s5\images\58\10174.png,low,10173,15x15_s5,47,clean,42
10174_low,10175,58,47,data\corrupted\blur_15x15_s5\images\58\10175.png,low,10174,15x15_s5,47,clean,42
10233_low,10234,58,47,data\corrupted\blur_15x15_s5\images\58\10234.png,low,10233,15x15_s5,47,clean,42
10163_low,10164,58,47,data\corrupted\blur_15x15_s5\images\58\10164.png,low,10163,15x15_s5,47,clean,42
10242_low,10243,58,47,data\corrupted\blur_15x15_s5\images\58\10243.png,low,10242,15x15_s5,47,clean,42
10127_low,10128,58,47,data\corrupted\blur_15x15_s5\images\58\10128.png,low,10127,15x15_s5,47,clean,42
10265_low,10266,58,47,data\corrupted\blur_15x15_s5\images\58\10266.png,low,10265,15x15_s5,47,clean,42
10203_low,10204,58,47,data\corrupted\blur_15x15_s5\images\58\10204.png,low,10203,15x15_s5,53,noisy,42
10231_low,10232,58,47,data\corrupted\blur_15x15_s5\images\58\10232.png,low,10231,15x15_s5,47,clean,42
10279_low,10280,58,47,data\corrupted\blur_15x15_s5\images\58\10280.png,low,10279,15x15_s5,47,clean,42
10178_low,10179,58,47,data\corrupted\blur_15x15_s5\images\58\10179.png,low,10178,15x15_s5,47,clean,42
10305_low,10306,58,47,data\corrupted\blur_15x15_s5\images\58\10306.png,low,10305,15x15_s5,59,noisy,42
10191_low,10192,58,47,data\corrupted\blur_15x15_s5\images\58\10192.png,low,10191,15x15_s5,47,clean,42
10316_low,10317,59,48,data\corrupted\blur_15x15_s5\images\59\10317.png,low,10316,15x15_s5,48,clean,42
10321_low,10322,59,48,data\corrupted\blur_15x15_s5\images\59\10322.png,low,10321,15x15_s5,30,noisy,42
10362_low,10363,59,48,data\corrupted\blur_15x15_s5\images\59\10363.png,low,10362,15x15_s5,48,clean,42
10347_low,10348,59,48,data\corrupted\blur_15x15_s5\images\59\10348.png,low,10347,15x15_s5,48,clean,42
10329_low,10330,59,48,data\corrupted\blur_15x15_s5\images\59\10330.png,low,10329,15x15_s5,48,clean,42
10371_low,10372,59,48,data\corrupted\blur_15x15_s5\images\59\10372.png,low,10371,15x15_s5,48,clean,42
10350_low,10351,59,48,data\corrupted\blur_15x15_s5\images\59\10351.png,low,10350,15x15_s5,48,clean,42
10365_low,10366,59,48,data\corrupted\blur_15x15_s5\images\59\10366.png,low,10365,15x15_s5,48,clean,42
10328_low,10329,59,48,data\corrupted\blur_15x15_s5\images\59\10329.png,low,10328,15x15_s5,48,clean,42
10356_low,10357,59,48,data\corrupted\blur_15x15_s5\images\59\10357.png,low,10356,15x15_s5,48,clean,42
10349_low,10350,59,48,data\corrupted\blur_15x15_s5\images\59\10350.png,low,10349,15x15_s5,48,clean,42
10375_low,10376,59,48,data\corrupted\blur_15x15_s5\images\59\10376.png,low,10375,15x15_s5,16,noisy,42
10332_low,10333,59,48,data\corrupted\blur_15x15_s5\images\59\10333.png,low,10332,15x15_s5,41,noisy,42
10319_low,10320,59,48,data\corrupted\blur_15x15_s5\images\59\10320.png,low,10319,15x15_s5,48,clean,42
10369_low,10370,59,48,data\corrupted\blur_15x15_s5\images\59\10370.png,low,10369,15x15_s5,48,clean,42
10333_low,10334,59,48,data\corrupted\blur_15x15_s5\images\59\10334.png,low,10333,15x15_s5,23,noisy,42
10324_low,10325,59,48,data\corrupted\blur_15x15_s5\images\59\10325.png,low,10324,15x15_s5,48,clean,42
10322_low,10323,59,48,data\corrupted\blur_15x15_s5\images\59\10323.png,low,10322,15x15_s5,48,clean,42
10357_low,10358,59,48,data\corrupted\blur_15x15_s5\images\59\10358.png,low,10357,15x15_s5,48,clean,42
10320_low,10321,59,48,data\corrupted\blur_15x15_s5\images\59\10321.png,low,10320,15x15_s5,48,clean,42
10360_low,10361,59,48,data\corrupted\blur_15x15_s5\images\59\10361.png,low,10360,15x15_s5,6,noisy,42
10335_low,10336,59,48,data\corrupted\blur_15x15_s5\images\59\10336.png,low,10335,15x15_s5,48,clean,42
10363_low,10364,59,48,data\corrupted\blur_15x15_s5\images\59\10364.png,low,10363,15x15_s5,48,clean,42
10368_low,10369,59,48,data\corrupted\blur_15x15_s5\images\59\10369.png,low,10368,15x15_s5,48,clean,42
10341_low,10342,59,48,data\corrupted\blur_15x15_s5\images\59\10342.png,low,10341,15x15_s5,48,clean,42
10410_low,10411,60,49,data\corrupted\blur_15x15_s5\images\60\10411.png,low,10410,15x15_s5,49,clean,42
10413_low,10414,60,49,data\corrupted\blur_15x15_s5\images\60\10414.png,low,10413,15x15_s5,49,clean,42
10381_low,10382,60,49,data\corrupted\blur_15x15_s5\images\60\10382.png,low,10381,15x15_s5,49,clean,42
10390_low,10391,60,49,data\corrupted\blur_15x15_s5\images\60\10391.png,low,10390,15x15_s5,49,clean,42
10407_low,10408,60,49,data\corrupted\blur_15x15_s5\images\60\10408.png,low,10407,15x15_s5,16,noisy,42
10403_low,10404,60,49,data\corrupted\blur_15x15_s5\images\60\10404.png,low,10403,15x15_s5,49,clean,42
10383_low,10384,60,49,data\corrupted\blur_15x15_s5\images\60\10384.png,low,10383,15x15_s5,49,clean,42
10404_low,10405,60,49,data\corrupted\blur_15x15_s5\images\60\10405.png,low,10404,15x15_s5,49,clean,42
10401_low,10402,60,49,data\corrupted\blur_15x15_s5\images\60\10402.png,low,10401,15x15_s5,49,clean,42
10392_low,10393,60,49,data\corrupted\blur_15x15_s5\images\60\10393.png,low,10392,15x15_s5,44,noisy,42
10394_low,10395,60,49,data\corrupted\blur_15x15_s5\images\60\10395.png,low,10394,15x15_s5,49,clean,42
10385_low,10386,60,49,data\corrupted\blur_15x15_s5\images\60\10386.png,low,10385,15x15_s5,49,clean,42
10393_low,10394,60,49,data\corrupted\blur_15x15_s5\images\60\10394.png,low,10393,15x15_s5,49,clean,42
10389_low,10390,60,49,data\corrupted\blur_15x15_s5\images\60\10390.png,low,10389,15x15_s5,12,noisy,42
10396_low,10397,60,49,data\corrupted\blur_15x15_s5\images\60\10397.png,low,10396,15x15_s5,49,clean,42
10386_low,10387,60,49,data\corrupted\blur_15x15_s5\images\60\10387.png,low,10386,15x15_s5,49,clean,42
10409_low,10410,60,49,data\corrupted\blur_15x15_s5\images\60\10410.png,low,10409,15x15_s5,20,noisy,42
10377_low,10378,60,49,data\corrupted\blur_15x15_s5\images\60\10378.png,low,10377,15x15_s5,49,clean,42
10402_low,10403,60,49,data\corrupted\blur_15x15_s5\images\60\10403.png,low,10402,15x15_s5,49,clean,42
10382_low,10383,60,49,data\corrupted\blur_15x15_s5\images\60\10383.png,low,10382,15x15_s5,49,clean,42
10388_low,10389,60,49,data\corrupted\blur_15x15_s5\images\60\10389.png,low,10388,15x15_s5,49,clean,42
10378_low,10379,60,49,data\corrupted\blur_15x15_s5\images\60\10379.png,low,10378,15x15_s5,49,clean,42
10414_low,10415,60,49,data\corrupted\blur_15x15_s5\images\60\10415.png,low,10414,15x15_s5,42,noisy,42
10398_low,10399,60,49,data\corrupted\blur_15x15_s5\images\60\10399.png,low,10398,15x15_s5,49,clean,42
10379_low,10380,60,49,data\corrupted\blur_15x15_s5\images\60\10380.png,low,10379,15x15_s5,49,clean,42
10493_low,10494,61,50,data\corrupted\blur_15x15_s5\images\61\10494.png,low,10493,15x15_s5,50,clean,42
10570_low,10571,61,50,data\corrupted\blur_15x15_s5\images\61\10571.png,low,10570,15x15_s5,72,noisy,42
10543_low,10544,61,50,data\corrupted\blur_15x15_s5\images\61\10544.png,low,10543,15x15_s5,6,noisy,42
10470_low,10471,61,50,data\corrupted\blur_15x15_s5\images\61\10471.png,low,10470,15x15_s5,50,clean,42
10509_low,10510,61,50,data\corrupted\blur_15x15_s5\images\61\10510.png,low,10509,15x15_s5,50,clean,42
10444_low,10445,61,50,data\corrupted\blur_15x15_s5\images\61\10445.png,low,10444,15x15_s5,50,clean,42
10562_low,10563,61,50,data\corrupted\blur_15x15_s5\images\61\10563.png,low,10562,15x15_s5,50,clean,42
10466_low,10467,61,50,data\corrupted\blur_15x15_s5\images\61\10467.png,low,10466,15x15_s5,50,clean,42
10513_low,10514,61,50,data\corrupted\blur_15x15_s5\images\61\10514.png,low,10513,15x15_s5,50,clean,42
10556_low,10557,61,50,data\corrupted\blur_15x15_s5\images\61\10557.png,low,10556,15x15_s5,20,noisy,42
10434_low,10435,61,50,data\corrupted\blur_15x15_s5\images\61\10435.png,low,10434,15x15_s5,50,clean,42
10475_low,10476,61,50,data\corrupted\blur_15x15_s5\images\61\10476.png,low,10475,15x15_s5,50,clean,42
10430_low,10431,61,50,data\corrupted\blur_15x15_s5\images\61\10431.png,low,10430,15x15_s5,50,clean,42
10480_low,10481,61,50,data\corrupted\blur_15x15_s5\images\61\10481.png,low,10480,15x15_s5,50,clean,42
10439_low,10440,61,50,data\corrupted\blur_15x15_s5\images\61\10440.png,low,10439,15x15_s5,50,clean,42
10445_low,10446,61,50,data\corrupted\blur_15x15_s5\images\61\10446.png,low,10445,15x15_s5,75,noisy,42
10541_low,10542,61,50,data\corrupted\blur_15x15_s5\images\61\10542.png,low,10541,15x15_s5,50,clean,42
10516_low,10517,61,50,data\corrupted\blur_15x15_s5\images\61\10517.png,low,10516,15x15_s5,50,clean,42
10511_low,10512,61,50,data\corrupted\blur_15x15_s5\images\61\10512.png,low,10511,15x15_s5,50,clean,42
10431_low,10432,61,50,data\corrupted\blur_15x15_s5\images\61\10432.png,low,10431,15x15_s5,50,clean,42
10566_low,10567,61,50,data\corrupted\blur_15x15_s5\images\61\10567.png,low,10566,15x15_s5,50,clean,42
10433_low,10434,61,50,data\corrupted\blur_15x15_s5\images\61\10434.png,low,10433,15x15_s5,50,clean,42
10427_low,10428,61,50,data\corrupted\blur_15x15_s5\images\61\10428.png,low,10427,15x15_s5,59,noisy,42
10424_low,10425,61,50,data\corrupted\blur_15x15_s5\images\61\10425.png,low,10424,15x15_s5,50,clean,42
10446_low,10447,61,50,data\corrupted\blur_15x15_s5\images\61\10447.png,low,10446,15x15_s5,50,clean,42
10605_low,10606,62,51,data\corrupted\blur_15x15_s5\images\62\10606.png,low,10605,15x15_s5,51,clean,42
10589_low,10590,62,51,data\corrupted\blur_15x15_s5\images\62\10590.png,low,10589,15x15_s5,51,clean,42
10600_low,10601,62,51,data\corrupted\blur_15x15_s5\images\62\10601.png,low,10600,15x15_s5,51,clean,42
10591_low,10592,62,51,data\corrupted\blur_15x15_s5\images\62\10592.png,low,10591,15x15_s5,51,clean,42
10582_low,10583,62,51,data\corrupted\blur_15x15_s5\images\62\10583.png,low,10582,15x15_s5,36,noisy,42
10583_low,10584,62,51,data\corrupted\blur_15x15_s5\images\62\10584.png,low,10583,15x15_s5,51,clean,42
10593_low,10594,62,51,data\corrupted\blur_15x15_s5\images\62\10594.png,low,10593,15x15_s5,51,clean,42
10595_low,10596,62,51,data\corrupted\blur_15x15_s5\images\62\10596.png,low,10595,15x15_s5,51,clean,42
10586_low,10587,62,51,data\corrupted\blur_15x15_s5\images\62\10587.png,low,10586,15x15_s5,37,noisy,42
10574_low,10575,62,51,data\corrupted\blur_15x15_s5\images\62\10575.png,low,10574,15x15_s5,38,noisy,42
10578_low,10579,62,51,data\corrupted\blur_15x15_s5\images\62\10579.png,low,10578,15x15_s5,9,noisy,42
10590_low,10591,62,51,data\corrupted\blur_15x15_s5\images\62\10591.png,low,10590,15x15_s5,51,clean,42
10579_low,10580,62,51,data\corrupted\blur_15x15_s5\images\62\10580.png,low,10579,15x15_s5,51,clean,42
10587_low,10588,62,51,data\corrupted\blur_15x15_s5\images\62\10588.png,low,10587,15x15_s5,51,clean,42
10585_low,10586,62,51,data\corrupted\blur_15x15_s5\images\62\10586.png,low,10585,15x15_s5,51,clean,42
10598_low,10599,62,51,data\corrupted\blur_15x15_s5\images\62\10599.png,low,10598,15x15_s5,51,clean,42
10575_low,10576,62,51,data\corrupted\blur_15x15_s5\images\62\10576.png,low,10575,15x15_s5,51,clean,42
10576_low,10577,62,51,data\corrupted\blur_15x15_s5\images\62\10577.png,low,10576,15x15_s5,51,clean,42
10603_low,10604,62,51,data\corrupted\blur_15x15_s5\images\62\10604.png,low,10603,15x15_s5,51,clean,42
10577_low,10578,62,51,data\corrupted\blur_15x15_s5\images\62\10578.png,low,10577,15x15_s5,51,clean,42
10601_low,10602,62,51,data\corrupted\blur_15x15_s5\images\62\10602.png,low,10601,15x15_s5,51,clean,42
10597_low,10598,62,51,data\corrupted\blur_15x15_s5\images\62\10598.png,low,10597,15x15_s5,49,noisy,42
10604_low,10605,62,51,data\corrupted\blur_15x15_s5\images\62\10605.png,low,10604,15x15_s5,51,clean,42
10596_low,10597,62,51,data\corrupted\blur_15x15_s5\images\62\10597.png,low,10596,15x15_s5,51,clean,42
10592_low,10593,62,51,data\corrupted\blur_15x15_s5\images\62\10593.png,low,10592,15x15_s5,51,clean,42
10634_low,10635,63,52,data\corrupted\blur_15x15_s5\images\63\10635.png,low,10634,15x15_s5,52,clean,42
10622_low,10623,63,52,data\corrupted\blur_15x15_s5\images\63\10623.png,low,10622,15x15_s5,52,clean,42
10630_low,10631,63,52,data\corrupted\blur_15x15_s5\images\63\10631.png,low,10630,15x15_s5,52,clean,42
10624_low,10625,63,52,data\corrupted\blur_15x15_s5\images\63\10625.png,low,10624,15x15_s5,70,noisy,42
10615_low,10616,63,52,data\corrupted\blur_15x15_s5\images\63\10616.png,low,10615,15x15_s5,52,clean,42
10616_low,10617,63,52,data\corrupted\blur_15x15_s5\images\63\10617.png,low,10616,15x15_s5,52,clean,42
10635_low,10636,63,52,data\corrupted\blur_15x15_s5\images\63\10636.png,low,10635,15x15_s5,52,clean,42
10631_low,10632,63,52,data\corrupted\blur_15x15_s5\images\63\10632.png,low,10631,15x15_s5,52,clean,42
10619_low,10620,63,52,data\corrupted\blur_15x15_s5\images\63\10620.png,low,10619,15x15_s5,52,clean,42
10607_low,10608,63,52,data\corrupted\blur_15x15_s5\images\63\10608.png,low,10607,15x15_s5,52,clean,42
10611_low,10612,63,52,data\corrupted\blur_15x15_s5\images\63\10612.png,low,10611,15x15_s5,52,clean,42
10623_low,10624,63,52,data\corrupted\blur_15x15_s5\images\63\10624.png,low,10623,15x15_s5,52,clean,42
10612_low,10613,63,52,data\corrupted\blur_15x15_s5\images\63\10613.png,low,10612,15x15_s5,76,noisy,42
10620_low,10621,63,52,data\corrupted\blur_15x15_s5\images\63\10621.png,low,10620,15x15_s5,52,clean,42
10618_low,10619,63,52,data\corrupted\blur_15x15_s5\images\63\10619.png,low,10618,15x15_s5,17,noisy,42
10629_low,10630,63,52,data\corrupted\blur_15x15_s5\images\63\10630.png,low,10629,15x15_s5,52,clean,42
10608_low,10609,63,52,data\corrupted\blur_15x15_s5\images\63\10609.png,low,10608,15x15_s5,52,clean,42
10609_low,10610,63,52,data\corrupted\blur_15x15_s5\images\63\10610.png,low,10609,15x15_s5,52,clean,42
10632_low,10633,63,52,data\corrupted\blur_15x15_s5\images\63\10633.png,low,10632,15x15_s5,52,clean,42
10610_low,10611,63,52,data\corrupted\blur_15x15_s5\images\63\10611.png,low,10610,15x15_s5,52,clean,42
10628_low,10629,63,52,data\corrupted\blur_15x15_s5\images\63\10629.png,low,10628,15x15_s5,72,noisy,42
10633_low,10634,63,52,data\corrupted\blur_15x15_s5\images\63\10634.png,low,10633,15x15_s5,52,clean,42
10625_low,10626,63,52,data\corrupted\blur_15x15_s5\images\63\10626.png,low,10625,15x15_s5,52,clean,42
10636_low,10637,63,52,data\corrupted\blur_15x15_s5\images\63\10637.png,low,10636,15x15_s5,22,noisy,42
10627_low,10628,63,52,data\corrupted\blur_15x15_s5\images\63\10628.png,low,10627,15x15_s5,52,clean,42
10726_low,10727,65,53,data\corrupted\blur_15x15_s5\images\65\10727.png,low,10726,15x15_s5,53,clean,42
10651_low,10652,65,53,data\corrupted\blur_15x15_s5\images\65\10652.png,low,10651,15x15_s5,53,clean,42
10721_low,10722,65,53,data\corrupted\blur_15x15_s5\images\65\10722.png,low,10721,15x15_s5,53,clean,42
10673_low,10674,65,53,data\corrupted\blur_15x15_s5\images\65\10674.png,low,10673,15x15_s5,53,clean,42
10663_low,10664,65,53,data\corrupted\blur_15x15_s5\images\65\10664.png,low,10663,15x15_s5,53,clean,42
10707_low,10708,65,53,data\corrupted\blur_15x15_s5\images\65\10708.png,low,10707,15x15_s5,53,clean,42
10661_low,10662,65,53,data\corrupted\blur_15x15_s5\images\65\10662.png,low,10661,15x15_s5,53,clean,42
10669_low,10670,65,53,data\corrupted\blur_15x15_s5\images\65\10670.png,low,10669,15x15_s5,53,clean,42
10655_low,10656,65,53,data\corrupted\blur_15x15_s5\images\65\10656.png,low,10655,15x15_s5,53,clean,42
10718_low,10719,65,53,data\corrupted\blur_15x15_s5\images\65\10719.png,low,10718,15x15_s5,53,clean,42
10712_low,10713,65,53,data\corrupted\blur_15x15_s5\images\65\10713.png,low,10712,15x15_s5,53,clean,42
10715_low,10716,65,53,data\corrupted\blur_15x15_s5\images\65\10716.png,low,10715,15x15_s5,53,clean,42
10704_low,10705,65,53,data\corrupted\blur_15x15_s5\images\65\10705.png,low,10704,15x15_s5,53,clean,42
10724_low,10725,65,53,data\corrupted\blur_15x15_s5\images\65\10725.png,low,10724,15x15_s5,53,clean,42
10713_low,10714,65,53,data\corrupted\blur_15x15_s5\images\65\10714.png,low,10713,15x15_s5,53,clean,42
10717_low,10718,65,53,data\corrupted\blur_15x15_s5\images\65\10718.png,low,10717,15x15_s5,53,clean,42
10684_low,10685,65,53,data\corrupted\blur_15x15_s5\images\65\10685.png,low,10684,15x15_s5,53,clean,42
10729_low,10730,65,53,data\corrupted\blur_15x15_s5\images\65\10730.png,low,10729,15x15_s5,8,noisy,42
10705_low,10706,65,53,data\corrupted\blur_15x15_s5\images\65\10706.png,low,10705,15x15_s5,8,noisy,42
10723_low,10724,65,53,data\corrupted\blur_15x15_s5\images\65\10724.png,low,10723,15x15_s5,19,noisy,42
10662_low,10663,65,53,data\corrupted\blur_15x15_s5\images\65\10663.png,low,10662,15x15_s5,53,clean,42
10681_low,10682,65,53,data\corrupted\blur_15x15_s5\images\65\10682.png,low,10681,15x15_s5,5,noisy,42
10691_low,10692,65,53,data\corrupted\blur_15x15_s5\images\65\10692.png,low,10691,15x15_s5,53,clean,42
10679_low,10680,65,53,data\corrupted\blur_15x15_s5\images\65\10680.png,low,10679,15x15_s5,0,noisy,42
10660_low,10661,65,53,data\corrupted\blur_15x15_s5\images\65\10661.png,low,10660,15x15_s5,53,clean,42
10767_low,10768,66,54,data\corrupted\blur_15x15_s5\images\66\10768.png,low,10767,15x15_s5,54,clean,42
10737_low,10738,66,54,data\corrupted\blur_15x15_s5\images\66\10738.png,low,10737,15x15_s5,54,clean,42
10759_low,10760,66,54,data\corrupted\blur_15x15_s5\images\66\10760.png,low,10759,15x15_s5,54,clean,42
10768_low,10769,66,54,data\corrupted\blur_15x15_s5\images\66\10769.png,low,10768,15x15_s5,54,clean,42
10755_low,10756,66,54,data\corrupted\blur_15x15_s5\images\66\10756.png,low,10755,15x15_s5,54,clean,42
10765_low,10766,66,54,data\corrupted\blur_15x15_s5\images\66\10766.png,low,10765,15x15_s5,54,clean,42
10747_low,10748,66,54,data\corrupted\blur_15x15_s5\images\66\10748.png,low,10747,15x15_s5,54,clean,42
10807_low,10808,66,54,data\corrupted\blur_15x15_s5\images\66\10808.png,low,10807,15x15_s5,54,clean,42
10741_low,10742,66,54,data\corrupted\blur_15x15_s5\images\66\10742.png,low,10741,15x15_s5,54,clean,42
10749_low,10750,66,54,data\corrupted\blur_15x15_s5\images\66\10750.png,low,10749,15x15_s5,54,clean,42
10786_low,10787,66,54,data\corrupted\blur_15x15_s5\images\66\10787.png,low,10786,15x15_s5,54,clean,42
10770_low,10771,66,54,data\corrupted\blur_15x15_s5\images\66\10771.png,low,10770,15x15_s5,54,clean,42
10804_low,10805,66,54,data\corrupted\blur_15x15_s5\images\66\10805.png,low,10804,15x15_s5,6,noisy,42
10772_low,10773,66,54,data\corrupted\blur_15x15_s5\images\66\10773.png,low,10772,15x15_s5,5,noisy,42
10805_low,10806,66,54,data\corrupted\blur_15x15_s5\images\66\10806.png,low,10805,15x15_s5,54,clean,42
10782_low,10783,66,54,data\corrupted\blur_15x15_s5\images\66\10783.png,low,10782,15x15_s5,0,noisy,42
10810_low,10811,66,54,data\corrupted\blur_15x15_s5\images\66\10811.png,low,10810,15x15_s5,80,noisy,42
10798_low,10799,66,54,data\corrupted\blur_15x15_s5\images\66\10799.png,low,10798,15x15_s5,54,clean,42
10792_low,10793,66,54,data\corrupted\blur_15x15_s5\images\66\10793.png,low,10792,15x15_s5,54,clean,42
10777_low,10778,66,54,data\corrupted\blur_15x15_s5\images\66\10778.png,low,10777,15x15_s5,54,clean,42
10746_low,10747,66,54,data\corrupted\blur_15x15_s5\images\66\10747.png,low,10746,15x15_s5,54,clean,42
10801_low,10802,66,54,data\corrupted\blur_15x15_s5\images\66\10802.png,low,10801,15x15_s5,54,clean,42
10742_low,10743,66,54,data\corrupted\blur_15x15_s5\images\66\10743.png,low,10742,15x15_s5,54,clean,42
10784_low,10785,66,54,data\corrupted\blur_15x15_s5\images\66\10785.png,low,10784,15x15_s5,44,noisy,42
10771_low,10772,66,54,data\corrupted\blur_15x15_s5\images\66\10772.png,low,10771,15x15_s5,54,clean,42
10884_low,10885,67,55,data\corrupted\blur_15x15_s5\images\67\10885.png,low,10884,15x15_s5,78,noisy,42
10838_low,10839,67,55,data\corrupted\blur_15x15_s5\images\67\10839.png,low,10838,15x15_s5,55,clean,42
10888_low,10889,67,55,data\corrupted\blur_15x15_s5\images\67\10889.png,low,10888,15x15_s5,55,clean,42
10889_low,10890,67,55,data\corrupted\blur_15x15_s5\images\67\10890.png,low,10889,15x15_s5,65,noisy,42
10816_low,10817,67,55,data\corrupted\blur_15x15_s5\images\67\10817.png,low,10816,15x15_s5,10,noisy,42
10842_low,10843,67,55,data\corrupted\blur_15x15_s5\images\67\10843.png,low,10842,15x15_s5,55,clean,42
10856_low,10857,67,55,data\corrupted\blur_15x15_s5\images\67\10857.png,low,10856,15x15_s5,55,clean,42
10858_low,10859,67,55,data\corrupted\blur_15x15_s5\images\67\10859.png,low,10858,15x15_s5,55,clean,42
10826_low,10827,67,55,data\corrupted\blur_15x15_s5\images\67\10827.png,low,10826,15x15_s5,55,clean,42
10861_low,10862,67,55,data\corrupted\blur_15x15_s5\images\67\10862.png,low,10861,15x15_s5,55,clean,42
10900_low,10901,67,55,data\corrupted\blur_15x15_s5\images\67\10901.png,low,10900,15x15_s5,5,noisy,42
10871_low,10872,67,55,data\corrupted\blur_15x15_s5\images\67\10872.png,low,10871,15x15_s5,55,clean,42
10897_low,10898,67,55,data\corrupted\blur_15x15_s5\images\67\10898.png,low,10897,15x15_s5,55,clean,42
10863_low,10864,67,55,data\corrupted\blur_15x15_s5\images\67\10864.png,low,10863,15x15_s5,55,clean,42
10828_low,10829,67,55,data\corrupted\blur_15x15_s5\images\67\10829.png,low,10828,15x15_s5,55,clean,42
10820_low,10821,67,55,data\corrupted\blur_15x15_s5\images\67\10821.png,low,10820,15x15_s5,55,clean,42
10834_low,10835,67,55,data\corrupted\blur_15x15_s5\images\67\10835.png,low,10834,15x15_s5,55,clean,42
10844_low,10845,67,55,data\corrupted\blur_15x15_s5\images\67\10845.png,low,10844,15x15_s5,55,clean,42
10855_low,10856,67,55,data\corrupted\blur_15x15_s5\images\67\10856.png,low,10855,15x15_s5,47,noisy,42
10882_low,10883,67,55,data\corrupted\blur_15x15_s5\images\67\10883.png,low,10882,15x15_s5,55,clean,42
10831_low,10832,67,55,data\corrupted\blur_15x15_s5\images\67\10832.png,low,10831,15x15_s5,55,clean,42
10894_low,10895,67,55,data\corrupted\blur_15x15_s5\images\67\10895.png,low,10894,15x15_s5,55,clean,42
10895_low,10896,67,55,data\corrupted\blur_15x15_s5\images\67\10896.png,low,10895,15x15_s5,55,clean,42
10846_low,10847,67,55,data\corrupted\blur_15x15_s5\images\67\10847.png,low,10846,15x15_s5,55,clean,42
10849_low,10850,67,55,data\corrupted\blur_15x15_s5\images\67\10850.png,low,10849,15x15_s5,55,clean,42
10989_low,10990,68,56,data\corrupted\blur_15x15_s5\images\68\10990.png,low,10989,15x15_s5,56,clean,42
10921_low,10922,68,56,data\corrupted\blur_15x15_s5\images\68\10922.png,low,10921,15x15_s5,56,clean,42
10915_low,10916,68,56,data\corrupted\blur_15x15_s5\images\68\10916.png,low,10915,15x15_s5,76,noisy,42
10995_low,10996,68,56,data\corrupted\blur_15x15_s5\images\68\10996.png,low,10995,15x15_s5,56,clean,42
10975_low,10976,68,56,data\corrupted\blur_15x15_s5\images\68\10976.png,low,10975,15x15_s5,56,clean,42
10979_low,10980,68,56,data\corrupted\blur_15x15_s5\images\68\10980.png,low,10979,15x15_s5,56,clean,42
10941_low,10942,68,56,data\corrupted\blur_15x15_s5\images\68\10942.png,low,10941,15x15_s5,56,clean,42
10956_low,10957,68,56,data\corrupted\blur_15x15_s5\images\68\10957.png,low,10956,15x15_s5,33,noisy,42
11007_low,11008,68,56,data\corrupted\blur_15x15_s5\images\68\11008.png,low,11007,15x15_s5,56,clean,42
10922_low,10923,68,56,data\corrupted\blur_15x15_s5\images\68\10923.png,low,10922,15x15_s5,56,clean,42
10990_low,10991,68,56,data\corrupted\blur_15x15_s5\images\68\10991.png,low,10990,15x15_s5,56,clean,42
10991_low,10992,68,56,data\corrupted\blur_15x15_s5\images\68\10992.png,low,10991,15x15_s5,56,clean,42
10911_low,10912,68,56,data\corrupted\blur_15x15_s5\images\68\10912.png,low,10911,15x15_s5,56,clean,42
10992_low,10993,68,56,data\corrupted\blur_15x15_s5\images\68\10993.png,low,10992,15x15_s5,56,clean,42
10929_low,10930,68,56,data\corrupted\blur_15x15_s5\images\68\10930.png,low,10929,15x15_s5,56,clean,42
10981_low,10982,68,56,data\corrupted\blur_15x15_s5\images\68\10982.png,low,10981,15x15_s5,56,clean,42
10967_low,10968,68,56,data\corrupted\blur_15x15_s5\images\68\10968.png,low,10967,15x15_s5,62,noisy,42
10983_low,10984,68,56,data\corrupted\blur_15x15_s5\images\68\10984.png,low,10983,15x15_s5,56,clean,42
11018_low,11019,68,56,data\corrupted\blur_15x15_s5\images\68\11019.png,low,11018,15x15_s5,56,clean,42
10953_low,10954,68,56,data\corrupted\blur_15x15_s5\images\68\10954.png,low,10953,15x15_s5,56,clean,42
10923_low,10924,68,56,data\corrupted\blur_15x15_s5\images\68\10924.png,low,10923,15x15_s5,57,noisy,42
10947_low,10948,68,56,data\corrupted\blur_15x15_s5\images\68\10948.png,low,10947,15x15_s5,56,clean,42
10976_low,10977,68,56,data\corrupted\blur_15x15_s5\images\68\10977.png,low,10976,15x15_s5,56,clean,42
10937_low,10938,68,56,data\corrupted\blur_15x15_s5\images\68\10938.png,low,10937,15x15_s5,56,clean,42
10933_low,10934,68,56,data\corrupted\blur_15x15_s5\images\68\10934.png,low,10933,15x15_s5,8,noisy,42
11415_low,11416,69,57,data\corrupted\blur_15x15_s5\images\69\11416.png,low,11415,15x15_s5,57,clean,42
11098_low,11099,69,57,data\corrupted\blur_15x15_s5\images\69\11099.png,low,11098,15x15_s5,57,clean,42
11298_low,11299,69,57,data\corrupted\blur_15x15_s5\images\69\11299.png,low,11298,15x15_s5,57,clean,42
11325_low,11326,69,57,data\corrupted\blur_15x15_s5\images\69\11326.png,low,11325,15x15_s5,57,clean,42
11345_low,11346,69,57,data\corrupted\blur_15x15_s5\images\69\11346.png,low,11345,15x15_s5,57,clean,42
11309_low,11310,69,57,data\corrupted\blur_15x15_s5\images\69\11310.png,low,11309,15x15_s5,57,clean,42
11238_low,11239,69,57,data\corrupted\blur_15x15_s5\images\69\11239.png,low,11238,15x15_s5,57,clean,42
11102_low,11103,69,57,data\corrupted\blur_15x15_s5\images\69\11103.png,low,11102,15x15_s5,57,clean,42
11452_low,11453,69,57,data\corrupted\blur_15x15_s5\images\69\11453.png,low,11452,15x15_s5,57,clean,42
11422_low,11423,69,57,data\corrupted\blur_15x15_s5\images\69\11423.png,low,11422,15x15_s5,57,clean,42
11310_low,11311,69,57,data\corrupted\blur_15x15_s5\images\69\11311.png,low,11310,15x15_s5,39,noisy,42
11095_low,11096,69,57,data\corrupted\blur_15x15_s5\images\69\11096.png,low,11095,15x15_s5,57,clean,42
11245_low,11246,69,57,data\corrupted\blur_15x15_s5\images\69\11246.png,low,11245,15x15_s5,57,clean,42
11414_low,11415,69,57,data\corrupted\blur_15x15_s5\images\69\11415.png,low,11414,15x15_s5,63,noisy,42
11175_low,11176,69,57,data\corrupted\blur_15x15_s5\images\69\11176.png,low,11175,15x15_s5,57,clean,42
11096_low,11097,69,57,data\corrupted\blur_15x15_s5\images\69\11097.png,low,11096,15x15_s5,57,clean,42
11451_low,11452,69,57,data\corrupted\blur_15x15_s5\images\69\11452.png,low,11451,15x15_s5,57,clean,42
11212_low,11213,69,57,data\corrupted\blur_15x15_s5\images\69\11213.png,low,11212,15x15_s5,0,noisy,42
11093_low,11094,69,57,data\corrupted\blur_15x15_s5\images\69\11094.png,low,11093,15x15_s5,57,clean,42
11173_low,11174,69,57,data\corrupted\blur_15x15_s5\images\69\11174.png,low,11173,15x15_s5,49,noisy,42
11029_low,11030,69,57,data\corrupted\blur_15x15_s5\images\69\11030.png,low,11029,15x15_s5,57,clean,42
11195_low,11196,69,57,data\corrupted\blur_15x15_s5\images\69\11196.png,low,11195,15x15_s5,57,clean,42
11050_low,11051,69,57,data\corrupted\blur_15x15_s5\images\69\11051.png,low,11050,15x15_s5,57,clean,42
11431_low,11432,69,57,data\corrupted\blur_15x15_s5\images\69\11432.png,low,11431,15x15_s5,35,noisy,42
11124_low,11125,69,57,data\corrupted\blur_15x15_s5\images\69\11125.png,low,11124,15x15_s5,57,clean,42
11525_low,11526,71,58,data\corrupted\blur_15x15_s5\images\71\11526.png,low,11525,15x15_s5,58,clean,42
11531_low,11532,71,58,data\corrupted\blur_15x15_s5\images\71\11532.png,low,11531,15x15_s5,58,clean,42
11473_low,11474,71,58,data\corrupted\blur_15x15_s5\images\71\11474.png,low,11473,15x15_s5,58,clean,42
11517_low,11518,71,58,data\corrupted\blur_15x15_s5\images\71\11518.png,low,11517,15x15_s5,58,clean,42
11478_low,11479,71,58,data\corrupted\blur_15x15_s5\images\71\11479.png,low,11478,15x15_s5,58,clean,42
11509_low,11510,71,58,data\corrupted\blur_15x15_s5\images\71\11510.png,low,11509,15x15_s5,58,clean,42
11489_low,11490,71,58,data\corrupted\blur_15x15_s5\images\71\11490.png,low,11489,15x15_s5,58,clean,42
11485_low,11486,71,58,data\corrupted\blur_15x15_s5\images\71\11486.png,low,11485,15x15_s5,58,clean,42
11498_low,11499,71,58,data\corrupted\blur_15x15_s5\images\71\11499.png,low,11498,15x15_s5,58,clean,42
11534_low,11535,71,58,data\corrupted\blur_15x15_s5\images\71\11535.png,low,11534,15x15_s5,58,clean,42
11529_low,11530,71,58,data\corrupted\blur_15x15_s5\images\71\11530.png,low,11529,15x15_s5,58,clean,42
11482_low,11483,71,58,data\corrupted\blur_15x15_s5\images\71\11483.png,low,11482,15x15_s5,70,noisy,42
11513_low,11514,71,58,data\corrupted\blur_15x15_s5\images\71\11514.png,low,11513,15x15_s5,15,noisy,42
11486_low,11487,71,58,data\corrupted\blur_15x15_s5\images\71\11487.png,low,11486,15x15_s5,26,noisy,42
11507_low,11508,71,58,data\corrupted\blur_15x15_s5\images\71\11508.png,low,11507,15x15_s5,58,clean,42
11523_low,11524,71,58,data\corrupted\blur_15x15_s5\images\71\11524.png,low,11523,15x15_s5,58,clean,42
11476_low,11477,71,58,data\corrupted\blur_15x15_s5\images\71\11477.png,low,11476,15x15_s5,58,clean,42
11490_low,11491,71,58,data\corrupted\blur_15x15_s5\images\71\11491.png,low,11490,15x15_s5,14,noisy,42
11522_low,11523,71,58,data\corrupted\blur_15x15_s5\images\71\11523.png,low,11522,15x15_s5,58,clean,42
11481_low,11482,71,58,data\corrupted\blur_15x15_s5\images\71\11482.png,low,11481,15x15_s5,58,clean,42
11479_low,11480,71,58,data\corrupted\blur_15x15_s5\images\71\11480.png,low,11479,15x15_s5,58,clean,42
11506_low,11507,71,58,data\corrupted\blur_15x15_s5\images\71\11507.png,low,11506,15x15_s5,58,clean,42
11477_low,11478,71,58,data\corrupted\blur_15x15_s5\images\71\11478.png,low,11477,15x15_s5,58,clean,42
11520_low,11521,71,58,data\corrupted\blur_15x15_s5\images\71\11521.png,low,11520,15x15_s5,40,noisy,42
11492_low,11493,71,58,data\corrupted\blur_15x15_s5\images\71\11493.png,low,11492,15x15_s5,58,clean,42
11562_low,11563,72,59,data\corrupted\blur_15x15_s5\images\72\11563.png,low,11562,15x15_s5,59,clean,42
11550_low,11551,72,59,data\corrupted\blur_15x15_s5\images\72\11551.png,low,11550,15x15_s5,59,clean,42
11545_low,11546,72,59,data\corrupted\blur_15x15_s5\images\72\11546.png,low,11545,15x15_s5,59,clean,42
11563_low,11564,72,59,data\corrupted\blur_15x15_s5\images\72\11564.png,low,11563,15x15_s5,4,noisy,42
11541_low,11542,72,59,data\corrupted\blur_15x15_s5\images\72\11542.png,low,11541,15x15_s5,8,noisy,42
11576_low,11577,72,59,data\corrupted\blur_15x15_s5\images\72\11577.png,low,11576,15x15_s5,7,noisy,42
11556_low,11557,72,59,data\corrupted\blur_15x15_s5\images\72\11557.png,low,11556,15x15_s5,59,clean,42
11566_low,11567,72,59,data\corrupted\blur_15x15_s5\images\72\11567.png,low,11566,15x15_s5,59,clean,42
11567_low,11568,72,59,data\corrupted\blur_15x15_s5\images\72\11568.png,low,11567,15x15_s5,59,clean,42
11543_low,11544,72,59,data\corrupted\blur_15x15_s5\images\72\11544.png,low,11543,15x15_s5,59,clean,42
11564_low,11565,72,59,data\corrupted\blur_15x15_s5\images\72\11565.png,low,11564,15x15_s5,59,clean,42
11549_low,11550,72,59,data\corrupted\blur_15x15_s5\images\72\11550.png,low,11549,15x15_s5,59,clean,42
11554_low,11555,72,59,data\corrupted\blur_15x15_s5\images\72\11555.png,low,11554,15x15_s5,59,clean,42
11546_low,11547,72,59,data\corrupted\blur_15x15_s5\images\72\11547.png,low,11546,15x15_s5,64,noisy,42
11552_low,11553,72,59,data\corrupted\blur_15x15_s5\images\72\11553.png,low,11552,15x15_s5,59,clean,42
11570_low,11571,72,59,data\corrupted\blur_15x15_s5\images\72\11571.png,low,11570,15x15_s5,44,noisy,42
11553_low,11554,72,59,data\corrupted\blur_15x15_s5\images\72\11554.png,low,11553,15x15_s5,59,clean,42
11573_low,11574,72,59,data\corrupted\blur_15x15_s5\images\72\11574.png,low,11573,15x15_s5,59,clean,42
11572_low,11573,72,59,data\corrupted\blur_15x15_s5\images\72\11573.png,low,11572,15x15_s5,59,clean,42
11537_low,11538,72,59,data\corrupted\blur_15x15_s5\images\72\11538.png,low,11537,15x15_s5,59,clean,42
11561_low,11562,72,59,data\corrupted\blur_15x15_s5\images\72\11562.png,low,11561,15x15_s5,59,clean,42
11542_low,11543,72,59,data\corrupted\blur_15x15_s5\images\72\11543.png,low,11542,15x15_s5,59,clean,42
11548_low,11549,72,59,data\corrupted\blur_15x15_s5\images\72\11549.png,low,11548,15x15_s5,59,clean,42
11577_low,11578,72,59,data\corrupted\blur_15x15_s5\images\72\11578.png,low,11577,15x15_s5,59,clean,42
11538_low,11539,72,59,data\corrupted\blur_15x15_s5\images\72\11539.png,low,11538,15x15_s5,59,clean,42
11714_low,11715,73,60,data\corrupted\blur_15x15_s5\images\73\11715.png,low,11714,15x15_s5,60,clean,42
11694_low,11695,73,60,data\corrupted\blur_15x15_s5\images\73\11695.png,low,11694,15x15_s5,60,clean,42
11710_low,11711,73,60,data\corrupted\blur_15x15_s5\images\73\11711.png,low,11710,15x15_s5,60,clean,42
11634_low,11635,73,60,data\corrupted\blur_15x15_s5\images\73\11635.png,low,11634,15x15_s5,23,noisy,42
11674_low,11675,73,60,data\corrupted\blur_15x15_s5\images\73\11675.png,low,11674,15x15_s5,60,clean,42
11608_low,11609,73,60,data\corrupted\blur_15x15_s5\images\73\11609.png,low,11608,15x15_s5,60,clean,42
11736_low,11737,73,60,data\corrupted\blur_15x15_s5\images\73\11737.png,low,11736,15x15_s5,60,clean,42
11630_low,11631,73,60,data\corrupted\blur_15x15_s5\images\73\11631.png,low,11630,15x15_s5,60,clean,42
11680_low,11681,73,60,data\corrupted\blur_15x15_s5\images\73\11681.png,low,11680,15x15_s5,60,clean,42
11724_low,11725,73,60,data\corrupted\blur_15x15_s5\images\73\11725.png,low,11724,15x15_s5,60,clean,42
11598_low,11599,73,60,data\corrupted\blur_15x15_s5\images\73\11599.png,low,11598,15x15_s5,58,noisy,42
11664_low,11665,73,60,data\corrupted\blur_15x15_s5\images\73\11665.png,low,11664,15x15_s5,60,clean,42
11594_low,11595,73,60,data\corrupted\blur_15x15_s5\images\73\11595.png,low,11594,15x15_s5,60,clean,42
11645_low,11646,73,60,data\corrupted\blur_15x15_s5\images\73\11646.png,low,11645,15x15_s5,60,clean,42
11603_low,11604,73,60,data\corrupted\blur_15x15_s5\images\73\11604.png,low,11603,15x15_s5,60,clean,42
11609_low,11610,73,60,data\corrupted\blur_15x15_s5\images\73\11610.png,low,11609,15x15_s5,60,clean,42
11711_low,11712,73,60,data\corrupted\blur_15x15_s5\images\73\11712.png,low,11711,15x15_s5,60,clean,42
11684_low,11685,73,60,data\corrupted\blur_15x15_s5\images\73\11685.png,low,11684,15x15_s5,49,noisy,42
11731_low,11732,73,60,data\corrupted\blur_15x15_s5\images\73\11732.png,low,11731,15x15_s5,60,clean,42
11595_low,11596,73,60,data\corrupted\blur_15x15_s5\images\73\11596.png,low,11595,15x15_s5,60,clean,42
11654_low,11655,73,60,data\corrupted\blur_15x15_s5\images\73\11655.png,low,11654,15x15_s5,60,clean,42
11597_low,11598,73,60,data\corrupted\blur_15x15_s5\images\73\11598.png,low,11597,15x15_s5,60,clean,42
11591_low,11592,73,60,data\corrupted\blur_15x15_s5\images\73\11592.png,low,11591,15x15_s5,60,clean,42
11588_low,11589,73,60,data\corrupted\blur_15x15_s5\images\73\11589.png,low,11588,15x15_s5,71,noisy,42
11610_low,11611,73,60,data\corrupted\blur_15x15_s5\images\73\11611.png,low,11610,15x15_s5,19,noisy,42
11824_low,11825,74,61,data\corrupted\blur_15x15_s5\images\74\11825.png,low,11824,15x15_s5,82,noisy,42
11885_low,11886,74,61,data\corrupted\blur_15x15_s5\images\74\11886.png,low,11885,15x15_s5,61,clean,42
11774_low,11775,74,61,data\corrupted\blur_15x15_s5\images\74\11775.png,low,11774,15x15_s5,61,clean,42
11772_low,11773,74,61,data\corrupted\blur_15x15_s5\images\74\11773.png,low,11772,15x15_s5,23,noisy,42
11861_low,11862,74,61,data\corrupted\blur_15x15_s5\images\74\11862.png,low,11861,15x15_s5,61,clean,42
11803_low,11804,74,61,data\corrupted\blur_15x15_s5\images\74\11804.png,low,11803,15x15_s5,14,noisy,42
11836_low,11837,74,61,data\corrupted\blur_15x15_s5\images\74\11837.png,low,11836,15x15_s5,61,clean,42
11890_low,11891,74,61,data\corrupted\blur_15x15_s5\images\74\11891.png,low,11890,15x15_s5,61,clean,42
11896_low,11897,74,61,data\corrupted\blur_15x15_s5\images\74\11897.png,low,11896,15x15_s5,61,clean,42
11811_low,11812,74,61,data\corrupted\blur_15x15_s5\images\74\11812.png,low,11811,15x15_s5,61,clean,42
11785_low,11786,74,61,data\corrupted\blur_15x15_s5\images\74\11786.png,low,11785,15x15_s5,61,clean,42
11881_low,11882,74,61,data\corrupted\blur_15x15_s5\images\74\11882.png,low,11881,15x15_s5,36,noisy,42
11821_low,11822,74,61,data\corrupted\blur_15x15_s5\images\74\11822.png,low,11821,15x15_s5,61,clean,42
11818_low,11819,74,61,data\corrupted\blur_15x15_s5\images\74\11819.png,low,11818,15x15_s5,61,clean,42
11758_low,11759,74,61,data\corrupted\blur_15x15_s5\images\74\11759.png,low,11758,15x15_s5,61,clean,42
11762_low,11763,74,61,data\corrupted\blur_15x15_s5\images\74\11763.png,low,11762,15x15_s5,61,clean,42
11773_low,11774,74,61,data\corrupted\blur_15x15_s5\images\74\11774.png,low,11773,15x15_s5,61,clean,42
11833_low,11834,74,61,data\corrupted\blur_15x15_s5\images\74\11834.png,low,11833,15x15_s5,61,clean,42
11860_low,11861,74,61,data\corrupted\blur_15x15_s5\images\74\11861.png,low,11860,15x15_s5,61,clean,42
11880_low,11881,74,61,data\corrupted\blur_15x15_s5\images\74\11881.png,low,11880,15x15_s5,61,clean,42
11761_low,11762,74,61,data\corrupted\blur_15x15_s5\images\74\11762.png,low,11761,15x15_s5,67,noisy,42
11755_low,11756,74,61,data\corrupted\blur_15x15_s5\images\74\11756.png,low,11755,15x15_s5,61,clean,42
11752_low,11753,74,61,data\corrupted\blur_15x15_s5\images\74\11753.png,low,11752,15x15_s5,61,clean,42
11767_low,11768,74,61,data\corrupted\blur_15x15_s5\images\74\11768.png,low,11767,15x15_s5,61,clean,42
11812_low,11813,74,61,data\corrupted\blur_15x15_s5\images\74\11813.png,low,11812,15x15_s5,61,clean,42
11931_low,11932,75,62,data\corrupted\blur_15x15_s5\images\75\11932.png,low,11931,15x15_s5,62,clean,42
11934_low,11935,75,62,data\corrupted\blur_15x15_s5\images\75\11935.png,low,11934,15x15_s5,62,clean,42
11902_low,11903,75,62,data\corrupted\blur_15x15_s5\images\75\11903.png,low,11902,15x15_s5,62,clean,42
11911_low,11912,75,62,data\corrupted\blur_15x15_s5\images\75\11912.png,low,11911,15x15_s5,62,clean,42
11928_low,11929,75,62,data\corrupted\blur_15x15_s5\images\75\11929.png,low,11928,15x15_s5,62,clean,42
11924_low,11925,75,62,data\corrupted\blur_15x15_s5\images\75\11925.png,low,11924,15x15_s5,57,noisy,42
11904_low,11905,75,62,data\corrupted\blur_15x15_s5\images\75\11905.png,low,11904,15x15_s5,62,clean,42
11925_low,11926,75,62,data\corrupted\blur_15x15_s5\images\75\11926.png,low,11925,15x15_s5,62,clean,42
11922_low,11923,75,62,data\corrupted\blur_15x15_s5\images\75\11923.png,low,11922,15x15_s5,62,clean,42
11913_low,11914,75,62,data\corrupted\blur_15x15_s5\images\75\11914.png,low,11913,15x15_s5,62,clean,42
11915_low,11916,75,62,data\corrupted\blur_15x15_s5\images\75\11916.png,low,11915,15x15_s5,62,clean,42
11906_low,11907,75,62,data\corrupted\blur_15x15_s5\images\75\11907.png,low,11906,15x15_s5,62,clean,42
11914_low,11915,75,62,data\corrupted\blur_15x15_s5\images\75\11915.png,low,11914,15x15_s5,62,clean,42
11910_low,11911,75,62,data\corrupted\blur_15x15_s5\images\75\11911.png,low,11910,15x15_s5,62,clean,42
11917_low,11918,75,62,data\corrupted\blur_15x15_s5\images\75\11918.png,low,11917,15x15_s5,57,noisy,42
11907_low,11908,75,62,data\corrupted\blur_15x15_s5\images\75\11908.png,low,11907,15x15_s5,21,noisy,42
11930_low,11931,75,62,data\corrupted\blur_15x15_s5\images\75\11931.png,low,11930,15x15_s5,62,clean,42
11898_low,11899,75,62,data\corrupted\blur_15x15_s5\images\75\11899.png,low,11898,15x15_s5,62,clean,42
11923_low,11924,75,62,data\corrupted\blur_15x15_s5\images\75\11924.png,low,11923,15x15_s5,18,noisy,42
11903_low,11904,75,62,data\corrupted\blur_15x15_s5\images\75\11904.png,low,11903,15x15_s5,62,clean,42
11909_low,11910,75,62,data\corrupted\blur_15x15_s5\images\75\11910.png,low,11909,15x15_s5,62,clean,42
11899_low,11900,75,62,data\corrupted\blur_15x15_s5\images\75\11900.png,low,11899,15x15_s5,18,noisy,42
11935_low,11936,75,62,data\corrupted\blur_15x15_s5\images\75\11936.png,low,11935,15x15_s5,62,clean,42
11919_low,11920,75,62,data\corrupted\blur_15x15_s5\images\75\11920.png,low,11919,15x15_s5,62,clean,42
11900_low,11901,75,62,data\corrupted\blur_15x15_s5\images\75\11901.png,low,11900,15x15_s5,62,clean,42
12127_low,12128,76,63,data\corrupted\blur_15x15_s5\images\76\12128.png,low,12127,15x15_s5,63,clean,42
11943_low,11944,76,63,data\corrupted\blur_15x15_s5\images\76\11944.png,low,11943,15x15_s5,63,clean,42
12016_low,12017,76,63,data\corrupted\blur_15x15_s5\images\76\12017.png,low,12016,15x15_s5,63,clean,42
12142_low,12143,76,63,data\corrupted\blur_15x15_s5\images\76\12143.png,low,12142,15x15_s5,63,clean,42
12054_low,12055,76,63,data\corrupted\blur_15x15_s5\images\76\12055.png,low,12054,15x15_s5,63,clean,42
12122_low,12123,76,63,data\corrupted\blur_15x15_s5\images\76\12123.png,low,12122,15x15_s5,63,clean,42
12138_low,12139,76,63,data\corrupted\blur_15x15_s5\images\76\12139.png,low,12138,15x15_s5,63,clean,42
12104_low,12105,76,63,data\corrupted\blur_15x15_s5\images\76\12105.png,low,12104,15x15_s5,61,noisy,42
11946_low,11947,76,63,data\corrupted\blur_15x15_s5\images\76\11947.png,low,11946,15x15_s5,64,noisy,42
11967_low,11968,76,63,data\corrupted\blur_15x15_s5\images\76\11968.png,low,11967,15x15_s5,63,clean,42
12117_low,12118,76,63,data\corrupted\blur_15x15_s5\images\76\12118.png,low,12117,15x15_s5,63,clean,42
12157_low,12158,76,63,data\corrupted\blur_15x15_s5\images\76\12158.png,low,12157,15x15_s5,63,clean,42
12165_low,12166,76,63,data\corrupted\blur_15x15_s5\images\76\12166.png,low,12165,15x15_s5,63,clean,42
12153_low,12154,76,63,data\corrupted\blur_15x15_s5\images\76\12154.png,low,12153,15x15_s5,63,clean,42
12073_low,12074,76,63,data\corrupted\blur_15x15_s5\images\76\12074.png,low,12073,15x15_s5,63,clean,42
12005_low,12006,76,63,data\corrupted\blur_15x15_s5\images\76\12006.png,low,12005,15x15_s5,63,clean,42
12135_low,12136,76,63,data\corrupted\blur_15x15_s5\images\76\12136.png,low,12135,15x15_s5,63,clean,42
11952_low,11953,76,63,data\corrupted\blur_15x15_s5\images\76\11953.png,low,11952,15x15_s5,63,clean,42
12033_low,12034,76,63,data\corrupted\blur_15x15_s5\images\76\12034.png,low,12033,15x15_s5,63,clean,42
11961_low,11962,76,63,data\corrupted\blur_15x15_s5\images\76\11962.png,low,11961,15x15_s5,63,clean,42
12170_low,12171,76,63,data\corrupted\blur_15x15_s5\images\76\12171.png,low,12170,15x15_s5,15,noisy,42
11956_low,11957,76,63,data\corrupted\blur_15x15_s5\images\76\11957.png,low,11956,15x15_s5,48,noisy,42
12057_low,12058,76,63,data\corrupted\blur_15x15_s5\images\76\12058.png,low,12057,15x15_s5,69,noisy,42
12089_low,12090,76,63,data\corrupted\blur_15x15_s5\images\76\12090.png,low,12089,15x15_s5,63,clean,42
11970_low,11971,76,63,data\corrupted\blur_15x15_s5\images\76\11971.png,low,11970,15x15_s5,63,clean,42
12208_low,12209,77,64,data\corrupted\blur_15x15_s5\images\77\12209.png,low,12208,15x15_s5,64,clean,42
12204_low,12205,77,64,data\corrupted\blur_15x15_s5\images\77\12205.png,low,12204,15x15_s5,64,clean,42
12195_low,12196,77,64,data\corrupted\blur_15x15_s5\images\77\12196.png,low,12195,15x15_s5,64,clean,42
12220_low,12221,77,64,data\corrupted\blur_15x15_s5\images\77\12221.png,low,12220,15x15_s5,64,clean,42
12226_low,12227,77,64,data\corrupted\blur_15x15_s5\images\77\12227.png,low,12226,15x15_s5,64,clean,42
12216_low,12217,77,64,data\corrupted\blur_15x15_s5\images\77\12217.png,low,12216,15x15_s5,49,noisy,42
12197_low,12198,77,64,data\corrupted\blur_15x15_s5\images\77\12198.png,low,12197,15x15_s5,64,clean,42
12217_low,12218,77,64,data\corrupted\blur_15x15_s5\images\77\12218.png,low,12217,15x15_s5,64,clean,42
12215_low,12216,77,64,data\corrupted\blur_15x15_s5\images\77\12216.png,low,12215,15x15_s5,64,clean,42
12207_low,12208,77,64,data\corrupted\blur_15x15_s5\images\77\12208.png,low,12207,15x15_s5,64,clean,42
12199_low,12200,77,64,data\corrupted\blur_15x15_s5\images\77\12200.png,low,12199,15x15_s5,48,noisy,42
12206_low,12207,77,64,data\corrupted\blur_15x15_s5\images\77\12207.png,low,12206,15x15_s5,64,clean,42
12203_low,12204,77,64,data\corrupted\blur_15x15_s5\images\77\12204.png,low,12203,15x15_s5,64,clean,42
12223_low,12224,77,64,data\corrupted\blur_15x15_s5\images\77\12224.png,low,12223,15x15_s5,64,clean,42
12200_low,12201,77,64,data\corrupted\blur_15x15_s5\images\77\12201.png,low,12200,15x15_s5,64,clean,42
12210_low,12211,77,64,data\corrupted\blur_15x15_s5\images\77\12211.png,low,12210,15x15_s5,64,clean,42
12191_low,12192,77,64,data\corrupted\blur_15x15_s5\images\77\12192.png,low,12191,15x15_s5,64,clean,42
12222_low,12223,77,64,data\corrupted\blur_15x15_s5\images\77\12223.png,low,12222,15x15_s5,64,clean,42
12196_low,12197,77,64,data\corrupted\blur_15x15_s5\images\77\12197.png,low,12196,15x15_s5,64,clean,42
12202_low,12203,77,64,data\corrupted\blur_15x15_s5\images\77\12203.png,low,12202,15x15_s5,66,noisy,42
12192_low,12193,77,64,data\corrupted\blur_15x15_s5\images\77\12193.png,low,12192,15x15_s5,30,noisy,42
12218_low,12219,77,64,data\corrupted\blur_15x15_s5\images\77\12219.png,low,12218,15x15_s5,64,clean,42
12212_low,12213,77,64,data\corrupted\blur_15x15_s5\images\77\12213.png,low,12212,15x15_s5,64,clean,42
12193_low,12194,77,64,data\corrupted\blur_15x15_s5\images\77\12194.png,low,12193,15x15_s5,8,noisy,42
12227_low,12228,77,64,data\corrupted\blur_15x15_s5\images\77\12228.png,low,12227,15x15_s5,64,clean,42
12318_low,12319,79,65,data\corrupted\blur_15x15_s5\images\79\12319.png,low,12318,15x15_s5,35,noisy,42
12263_low,12264,79,65,data\corrupted\blur_15x15_s5\images\79\12264.png,low,12263,15x15_s5,65,clean,42
12362_low,12363,79,65,data\corrupted\blur_15x15_s5\images\79\12363.png,low,12362,15x15_s5,65,clean,42
12323_low,12324,79,65,data\corrupted\blur_15x15_s5\images\79\12324.png,low,12323,15x15_s5,65,clean,42
12321_low,12322,79,65,data\corrupted\blur_15x15_s5\images\79\12322.png,low,12321,15x15_s5,65,clean,42
12276_low,12277,79,65,data\corrupted\blur_15x15_s5\images\79\12277.png,low,12276,15x15_s5,65,clean,42
12309_low,12310,79,65,data\corrupted\blur_15x15_s5\images\79\12310.png,low,12309,15x15_s5,65,clean,42
12385_low,12386,79,65,data\corrupted\blur_15x15_s5\images\79\12386.png,low,12385,15x15_s5,65,clean,42
12313_low,12314,79,65,data\corrupted\blur_15x15_s5\images\79\12314.png,low,12313,15x15_s5,65,clean,42
12327_low,12328,79,65,data\corrupted\blur_15x15_s5\images\79\12328.png,low,12327,15x15_s5,32,noisy,42
12354_low,12355,79,65,data\corrupted\blur_15x15_s5\images\79\12355.png,low,12354,15x15_s5,65,clean,42
12257_low,12258,79,65,data\corrupted\blur_15x15_s5\images\79\12258.png,low,12257,15x15_s5,65,clean,42
12281_low,12282,79,65,data\corrupted\blur_15x15_s5\images\79\12282.png,low,12281,15x15_s5,65,clean,42
12254_low,12255,79,65,data\corrupted\blur_15x15_s5\images\79\12255.png,low,12254,15x15_s5,65,clean,42
12264_low,12265,79,65,data\corrupted\blur_15x15_s5\images\79\12265.png,low,12264,15x15_s5,65,clean,42
12301_low,12302,79,65,data\corrupted\blur_15x15_s5\images\79\12302.png,low,12301,15x15_s5,65,clean,42
12381_low,12382,79,65,data\corrupted\blur_15x15_s5\images\79\12382.png,low,12381,15x15_s5,65,clean,42
12314_low,12315,79,65,data\corrupted\blur_15x15_s5\images\79\12315.png,low,12314,15x15_s5,65,clean,42
12300_low,12301,79,65,data\corrupted\blur_15x15_s5\images\79\12301.png,low,12300,15x15_s5,43,noisy,42
12376_low,12377,79,65,data\corrupted\blur_15x15_s5\images\79\12377.png,low,12376,15x15_s5,65,clean,42
12274_low,12275,79,65,data\corrupted\blur_15x15_s5\images\79\12275.png,low,12274,15x15_s5,53,noisy,42
12368_low,12369,79,65,data\corrupted\blur_15x15_s5\images\79\12369.png,low,12368,15x15_s5,65,clean,42
12271_low,12272,79,65,data\corrupted\blur_15x15_s5\images\79\12272.png,low,12271,15x15_s5,79,noisy,42
12372_low,12373,79,65,data\corrupted\blur_15x15_s5\images\79\12373.png,low,12372,15x15_s5,65,clean,42
12373_low,12374,79,65,data\corrupted\blur_15x15_s5\images\79\12374.png,low,12373,15x15_s5,65,clean,42
12470_low,12471,81,66,data\corrupted\blur_15x15_s5\images\81\12471.png,low,12470,15x15_s5,66,clean,42
12503_low,12504,81,66,data\corrupted\blur_15x15_s5\images\81\12504.png,low,12503,15x15_s5,66,clean,42
12418_low,12419,81,66,data\corrupted\blur_15x15_s5\images\81\12419.png,low,12418,15x15_s5,66,clean,42
12459_low,12460,81,66,data\corrupted\blur_15x15_s5\images\81\12460.png,low,12459,15x15_s5,66,clean,42
12440_low,12441,81,66,data\corrupted\blur_15x15_s5\images\81\12441.png,low,12440,15x15_s5,66,clean,42
12530_low,12531,81,66,data\corrupted\blur_15x15_s5\images\81\12531.png,low,12530,15x15_s5,66,clean,42
12483_low,12484,81,66,data\corrupted\blur_15x15_s5\images\81\12484.png,low,12483,15x15_s5,66,clean,42
12424_low,12425,81,66,data\corrupted\blur_15x15_s5\images\81\12425.png,low,12424,15x15_s5,66,clean,42
12504_low,12505,81,66,data\corrupted\blur_15x15_s5\images\81\12505.png,low,12504,15x15_s5,66,clean,42
12487_low,12488,81,66,data\corrupted\blur_15x15_s5\images\81\12488.png,low,12487,15x15_s5,66,clean,42
12432_low,12433,81,66,data\corrupted\blur_15x15_s5\images\81\12433.png,low,12432,15x15_s5,66,clean,42
12525_low,12526,81,66,data\corrupted\blur_15x15_s5\images\81\12526.png,low,12525,15x15_s5,74,noisy,42
12425_low,12426,81,66,data\corrupted\blur_15x15_s5\images\81\12426.png,low,12425,15x15_s5,66,clean,42
12510_low,12511,81,66,data\corrupted\blur_15x15_s5\images\81\12511.png,low,12510,15x15_s5,66,clean,42
12456_low,12457,81,66,data\corrupted\blur_15x15_s5\images\81\12457.png,low,12456,15x15_s5,66,clean,42
12445_low,12446,81,66,data\corrupted\blur_15x15_s5\images\81\12446.png,low,12445,15x15_s5,28,noisy,42
12502_low,12503,81,66,data\corrupted\blur_15x15_s5\images\81\12503.png,low,12502,15x15_s5,66,clean,42
12414_low,12415,81,66,data\corrupted\blur_15x15_s5\images\81\12415.png,low,12414,15x15_s5,66,clean,42
12511_low,12512,81,66,data\corrupted\blur_15x15_s5\images\81\12512.png,low,12511,15x15_s5,66,clean,42
12523_low,12524,81,66,data\corrupted\blur_15x15_s5\images\81\12524.png,low,12523,15x15_s5,66,clean,42
12478_low,12479,81,66,data\corrupted\blur_15x15_s5\images\81\12479.png,low,12478,15x15_s5,4,noisy,42
12454_low,12455,81,66,data\corrupted\blur_15x15_s5\images\81\12455.png,low,12454,15x15_s5,10,noisy,42
12509_low,12510,81,66,data\corrupted\blur_15x15_s5\images\81\12510.png,low,12509,15x15_s5,66,clean,42
12467_low,12468,81,66,data\corrupted\blur_15x15_s5\images\81\12468.png,low,12467,15x15_s5,4,noisy,42
12458_low,12459,81,66,data\corrupted\blur_15x15_s5\images\81\12459.png,low,12458,15x15_s5,66,clean,42
12590_low,12591,83,67,data\corrupted\blur_15x15_s5\images\83\12591.png,low,12590,15x15_s5,47,noisy,42
12593_low,12594,83,67,data\corrupted\blur_15x15_s5\images\83\12594.png,low,12593,15x15_s5,67,clean,42
12550_low,12551,83,67,data\corrupted\blur_15x15_s5\images\83\12551.png,low,12550,15x15_s5,67,clean,42
12601_low,12602,83,67,data\corrupted\blur_15x15_s5\images\83\12602.png,low,12601,15x15_s5,67,clean,42
12572_low,12573,83,67,data\corrupted\blur_15x15_s5\images\83\12573.png,low,12572,15x15_s5,67,clean,42
12610_low,12611,83,67,data\corrupted\blur_15x15_s5\images\83\12611.png,low,12610,15x15_s5,67,clean,42
12619_low,12620,83,67,data\corrupted\blur_15x15_s5\images\83\12620.png,low,12619,15x15_s5,41,noisy,42
12556_low,12557,83,67,data\corrupted\blur_15x15_s5\images\83\12557.png,low,12556,15x15_s5,67,clean,42
12586_low,12587,83,67,data\corrupted\blur_15x15_s5\images\83\12587.png,low,12586,15x15_s5,67,clean,42
12653_low,12654,83,67,data\corrupted\blur_15x15_s5\images\83\12654.png,low,12653,15x15_s5,67,clean,42
12564_low,12565,83,67,data\corrupted\blur_15x15_s5\images\83\12565.png,low,12564,15x15_s5,67,clean,42
12608_low,12609,83,67,data\corrupted\blur_15x15_s5\images\83\12609.png,low,12608,15x15_s5,9,noisy,42
12557_low,12558,83,67,data\corrupted\blur_15x15_s5\images\83\12558.png,low,12557,15x15_s5,67,clean,42
12582_low,12583,83,67,data\corrupted\blur_15x15_s5\images\83\12583.png,low,12582,15x15_s5,67,clean,42
12635_low,12636,83,67,data\corrupted\blur_15x15_s5\images\83\12636.png,low,12635,15x15_s5,67,clean,42
12637_low,12638,83,67,data\corrupted\blur_15x15_s5\images\83\12638.png,low,12637,15x15_s5,67,clean,42
12655_low,12656,83,67,data\corrupted\blur_15x15_s5\images\83\12656.png,low,12655,15x15_s5,67,clean,42
12546_low,12547,83,67,data\corrupted\blur_15x15_s5\images\83\12547.png,low,12546,15x15_s5,67,clean,42
12634_low,12635,83,67,data\corrupted\blur_15x15_s5\images\83\12635.png,low,12634,15x15_s5,23,noisy,42
12650_low,12651,83,67,data\corrupted\blur_15x15_s5\images\83\12651.png,low,12650,15x15_s5,67,clean,42
12611_low,12612,83,67,data\corrupted\blur_15x15_s5\images\83\12612.png,low,12611,15x15_s5,67,clean,42
12591_low,12592,83,67,data\corrupted\blur_15x15_s5\images\83\12592.png,low,12591,15x15_s5,67,clean,42
12577_low,12578,83,67,data\corrupted\blur_15x15_s5\images\83\12578.png,low,12577,15x15_s5,26,noisy,42
12616_low,12617,83,67,data\corrupted\blur_15x15_s5\images\83\12617.png,low,12616,15x15_s5,67,clean,42
12588_low,12589,83,67,data\corrupted\blur_15x15_s5\images\83\12589.png,low,12588,15x15_s5,67,clean,42
12841_low,12842,84,68,data\corrupted\blur_15x15_s5\images\84\12842.png,low,12841,15x15_s5,72,noisy,42
12846_low,12847,84,68,data\corrupted\blur_15x15_s5\images\84\12847.png,low,12846,15x15_s5,68,clean,42
12777_low,12778,84,68,data\corrupted\blur_15x15_s5\images\84\12778.png,low,12777,15x15_s5,47,noisy,42
12731_low,12732,84,68,data\corrupted\blur_15x15_s5\images\84\12732.png,low,12731,15x15_s5,68,clean,42
12767_low,12768,84,68,data\corrupted\blur_15x15_s5\images\84\12768.png,low,12767,15x15_s5,68,clean,42
12681_low,12682,84,68,data\corrupted\blur_15x15_s5\images\84\12682.png,low,12681,15x15_s5,68,clean,42
12675_low,12676,84,68,data\corrupted\blur_15x15_s5\images\84\12676.png,low,12675,15x15_s5,55,noisy,42
12682_low,12683,84,68,data\corrupted\blur_15x15_s5\images\84\12683.png,low,12682,15x15_s5,68,clean,42
12807_low,12808,84,68,data\corrupted\blur_15x15_s5\images\84\12808.png,low,12807,15x15_s5,68,clean,42
12790_low,12791,84,68,data\corrupted\blur_15x15_s5\images\84\12791.png,low,12790,15x15_s5,68,clean,42
12775_low,12776,84,68,data\corrupted\blur_15x15_s5\images\84\12776.png,low,12775,15x15_s5,68,clean,42
12761_low,12762,84,68,data\corrupted\blur_15x15_s5\images\84\12762.png,low,12761,15x15_s5,68,clean,42
12684_low,12685,84,68,data\corrupted\blur_15x15_s5\images\84\12685.png,low,12684,15x15_s5,18,noisy,42
12830_low,12831,84,68,data\corrupted\blur_15x15_s5\images\84\12831.png,low,12830,15x15_s5,68,clean,42
12751_low,12752,84,68,data\corrupted\blur_15x15_s5\images\84\12752.png,low,12751,15x15_s5,68,clean,42
12786_low,12787,84,68,data\corrupted\blur_15x15_s5\images\84\12787.png,low,12786,15x15_s5,68,clean,42
12770_low,12771,84,68,data\corrupted\blur_15x15_s5\images\84\12771.png,low,12770,15x15_s5,68,clean,42
12732_low,12733,84,68,data\corrupted\blur_15x15_s5\images\84\12733.png,low,12732,15x15_s5,68,clean,42
12722_low,12723,84,68,data\corrupted\blur_15x15_s5\images\84\12723.png,low,12722,15x15_s5,68,clean,42
12708_low,12709,84,68,data\corrupted\blur_15x15_s5\images\84\12709.png,low,12708,15x15_s5,68,clean,42
12696_low,12697,84,68,data\corrupted\blur_15x15_s5\images\84\12697.png,low,12696,15x15_s5,68,clean,42
12690_low,12691,84,68,data\corrupted\blur_15x15_s5\images\84\12691.png,low,12690,15x15_s5,46,noisy,42
12821_low,12822,84,68,data\corrupted\blur_15x15_s5\images\84\12822.png,low,12821,15x15_s5,68,clean,42
12763_low,12764,84,68,data\corrupted\blur_15x15_s5\images\84\12764.png,low,12763,15x15_s5,68,clean,42
12734_low,12735,84,68,data\corrupted\blur_15x15_s5\images\84\12735.png,low,12734,15x15_s5,68,clean,42
13144_low,13145,85,69,data\corrupted\blur_15x15_s5\images\85\13145.png,low,13144,15x15_s5,69,clean,42
12865_low,12866,85,69,data\corrupted\blur_15x15_s5\images\85\12866.png,low,12865,15x15_s5,69,clean,42
12913_low,12914,85,69,data\corrupted\blur_15x15_s5\images\85\12914.png,low,12913,15x15_s5,69,clean,42
12916_low,12917,85,69,data\corrupted\blur_15x15_s5\images\85\12917.png,low,12916,15x15_s5,69,clean,42
12881_low,12882,85,69,data\corrupted\blur_15x15_s5\images\85\12882.png,low,12881,15x15_s5,25,noisy,42
12919_low,12920,85,69,data\corrupted\blur_15x15_s5\images\85\12920.png,low,12919,15x15_s5,69,clean,42
12948_low,12949,85,69,data\corrupted\blur_15x15_s5\images\85\12949.png,low,12948,15x15_s5,21,noisy,42
13040_low,13041,85,69,data\corrupted\blur_15x15_s5\images\85\13041.png,low,13040,15x15_s5,69,clean,42
13100_low,13101,85,69,data\corrupted\blur_15x15_s5\images\85\13101.png,low,13100,15x15_s5,75,noisy,42
12902_low,12903,85,69,data\corrupted\blur_15x15_s5\images\85\12903.png,low,12902,15x15_s5,69,clean,42
12931_low,12932,85,69,data\corrupted\blur_15x15_s5\images\85\12932.png,low,12931,15x15_s5,69,clean,42
13019_low,13020,85,69,data\corrupted\blur_15x15_s5\images\85\13020.png,low,13019,15x15_s5,3,noisy,42
13150_low,13151,85,69,data\corrupted\blur_15x15_s5\images\85\13151.png,low,13150,15x15_s5,69,clean,42
13161_low,13162,85,69,data\corrupted\blur_15x15_s5\images\85\13162.png,low,13161,15x15_s5,69,clean,42
13140_low,13141,85,69,data\corrupted\blur_15x15_s5\images\85\13141.png,low,13140,15x15_s5,69,clean,42
13145_low,13146,85,69,data\corrupted\blur_15x15_s5\images\85\13146.png,low,13145,15x15_s5,69,clean,42
12861_low,12862,85,69,data\corrupted\blur_15x15_s5\images\85\12862.png,low,12861,15x15_s5,69,clean,42
13011_low,13012,85,69,data\corrupted\blur_15x15_s5\images\85\13012.png,low,13011,15x15_s5,69,clean,42
13020_low,13021,85,69,data\corrupted\blur_15x15_s5\images\85\13021.png,low,13020,15x15_s5,69,clean,42
13024_low,13025,85,69,data\corrupted\blur_15x15_s5\images\85\13025.png,low,13024,15x15_s5,69,clean,42
12929_low,12930,85,69,data\corrupted\blur_15x15_s5\images\85\12930.png,low,12929,15x15_s5,69,clean,42
12960_low,12961,85,69,data\corrupted\blur_15x15_s5\images\85\12961.png,low,12960,15x15_s5,69,clean,42
12993_low,12994,85,69,data\corrupted\blur_15x15_s5\images\85\12994.png,low,12993,15x15_s5,69,clean,42
13062_low,13063,85,69,data\corrupted\blur_15x15_s5\images\85\13063.png,low,13062,15x15_s5,81,noisy,42
12932_low,12933,85,69,data\corrupted\blur_15x15_s5\images\85\12933.png,low,12932,15x15_s5,69,clean,42
13454_low,13455,86,70,data\corrupted\blur_15x15_s5\images\86\13455.png,low,13454,15x15_s5,54,noisy,42
13173_low,13174,86,70,data\corrupted\blur_15x15_s5\images\86\13174.png,low,13173,15x15_s5,70,clean,42
13221_low,13222,86,70,data\corrupted\blur_15x15_s5\images\86\13222.png,low,13221,15x15_s5,70,clean,42
13224_low,13225,86,70,data\corrupted\blur_15x15_s5\images\86\13225.png,low,13224,15x15_s5,70,clean,42
13189_low,13190,86,70,data\corrupted\blur_15x15_s5\images\86\13190.png,low,13189,15x15_s5,70,clean,42
13227_low,13228,86,70,data\corrupted\blur_15x15_s5\images\86\13228.png,low,13227,15x15_s5,70,clean,42
13256_low,13257,86,70,data\corrupted\blur_15x15_s5\images\86\13257.png,low,13256,15x15_s5,70,clean,42
13348_low,13349,86,70,data\corrupted\blur_15x15_s5\images\86\13349.png,low,13348,15x15_s5,80,noisy,42
13408_low,13409,86,70,data\corrupted\blur_15x15_s5\images\86\13409.png,low,13408,15x15_s5,70,clean,42
13210_low,13211,86,70,data\corrupted\blur_15x15_s5\images\86\13211.png,low,13210,15x15_s5,70,clean,42
13239_low,13240,86,70,data\corrupted\blur_15x15_s5\images\86\13240.png,low,13239,15x15_s5,70,clean,42
13327_low,13328,86,70,data\corrupted\blur_15x15_s5\images\86\13328.png,low,13327,15x15_s5,70,clean,42
13461_low,13462,86,70,data\corrupted\blur_15x15_s5\images\86\13462.png,low,13461,15x15_s5,70,clean,42
13472_low,13473,86,70,data\corrupted\blur_15x15_s5\images\86\13473.png,low,13472,15x15_s5,56,noisy,42
13450_low,13451,86,70,data\corrupted\blur_15x15_s5\images\86\13451.png,low,13450,15x15_s5,70,clean,42
13455_low,13456,86,70,data\corrupted\blur_15x15_s5\images\86\13456.png,low,13455,15x15_s5,6,noisy,42
13169_low,13170,86,70,data\corrupted\blur_15x15_s5\images\86\13170.png,low,13169,15x15_s5,70,clean,42
13319_low,13320,86,70,data\corrupted\blur_15x15_s5\images\86\13320.png,low,13319,15x15_s5,70,clean,42
13328_low,13329,86,70,data\corrupted\blur_15x15_s5\images\86\13329.png,low,13328,15x15_s5,70,clean,42
13332_low,13333,86,70,data\corrupted\blur_15x15_s5\images\86\13333.png,low,13332,15x15_s5,70,clean,42
13237_low,13238,86,70,data\corrupted\blur_15x15_s5\images\86\13238.png,low,13237,15x15_s5,70,clean,42
13268_low,13269,86,70,data\corrupted\blur_15x15_s5\images\86\13269.png,low,13268,15x15_s5,70,clean,42
13301_low,13302,86,70,data\corrupted\blur_15x15_s5\images\86\13302.png,low,13301,15x15_s5,53,noisy,42
13370_low,13371,86,70,data\corrupted\blur_15x15_s5\images\86\13371.png,low,13370,15x15_s5,70,clean,42
13240_low,13241,86,70,data\corrupted\blur_15x15_s5\images\86\13241.png,low,13240,15x15_s5,70,clean,42
13479_low,13480,87,71,data\corrupted\blur_15x15_s5\images\87\13480.png,low,13479,15x15_s5,71,clean,42
13538_low,13539,87,71,data\corrupted\blur_15x15_s5\images\87\13539.png,low,13538,15x15_s5,71,clean,42
13493_low,13494,87,71,data\corrupted\blur_15x15_s5\images\87\13494.png,low,13493,15x15_s5,71,clean,42
13475_low,13476,87,71,data\corrupted\blur_15x15_s5\images\87\13476.png,low,13475,15x15_s5,35,noisy,42
13503_low,13504,87,71,data\corrupted\blur_15x15_s5\images\87\13504.png,low,13503,15x15_s5,57,noisy,42
13547_low,13548,87,71,data\corrupted\blur_15x15_s5\images\87\13548.png,low,13547,15x15_s5,71,clean,42
13485_low,13486,87,71,data\corrupted\blur_15x15_s5\images\87\13486.png,low,13485,15x15_s5,71,clean,42
13509_low,13510,87,71,data\corrupted\blur_15x15_s5\images\87\13510.png,low,13509,15x15_s5,71,clean,42
13487_low,13488,87,71,data\corrupted\blur_15x15_s5\images\87\13488.png,low,13487,15x15_s5,71,clean,42
13530_low,13531,87,71,data\corrupted\blur_15x15_s5\images\87\13531.png,low,13530,15x15_s5,0,noisy,42
13540_low,13541,87,71,data\corrupted\blur_15x15_s5\images\87\13541.png,low,13540,15x15_s5,50,noisy,42
13506_low,13507,87,71,data\corrupted\blur_15x15_s5\images\87\13507.png,low,13506,15x15_s5,71,clean,42
13484_low,13485,87,71,data\corrupted\blur_15x15_s5\images\87\13485.png,low,13484,15x15_s5,71,clean,42
13520_low,13521,87,71,data\corrupted\blur_15x15_s5\images\87\13521.png,low,13520,15x15_s5,71,clean,42
13480_low,13481,87,71,data\corrupted\blur_15x15_s5\images\87\13481.png,low,13480,15x15_s5,71,clean,42
13497_low,13498,87,71,data\corrupted\blur_15x15_s5\images\87\13498.png,low,13497,15x15_s5,71,clean,42
13532_low,13533,87,71,data\corrupted\blur_15x15_s5\images\87\13533.png,low,13532,15x15_s5,71,clean,42
13525_low,13526,87,71,data\corrupted\blur_15x15_s5\images\87\13526.png,low,13525,15x15_s5,71,clean,42
13508_low,13509,87,71,data\corrupted\blur_15x15_s5\images\87\13509.png,low,13508,15x15_s5,40,noisy,42
13514_low,13515,87,71,data\corrupted\blur_15x15_s5\images\87\13515.png,low,13514,15x15_s5,71,clean,42
13545_low,13546,87,71,data\corrupted\blur_15x15_s5\images\87\13546.png,low,13545,15x15_s5,71,clean,42
13491_low,13492,87,71,data\corrupted\blur_15x15_s5\images\87\13492.png,low,13491,15x15_s5,71,clean,42
13510_low,13511,87,71,data\corrupted\blur_15x15_s5\images\87\13511.png,low,13510,15x15_s5,71,clean,42
13519_low,13520,87,71,data\corrupted\blur_15x15_s5\images\87\13520.png,low,13519,15x15_s5,71,clean,42
13536_low,13537,87,71,data\corrupted\blur_15x15_s5\images\87\13537.png,low,13536,15x15_s5,71,clean,42
13621_low,13622,88,72,data\corrupted\blur_15x15_s5\images\88\13622.png,low,13621,15x15_s5,72,clean,42
13825_low,13826,88,72,data\corrupted\blur_15x15_s5\images\88\13826.png,low,13825,15x15_s5,72,clean,42
13573_low,13574,88,72,data\corrupted\blur_15x15_s5\images\88\13574.png,low,13573,15x15_s5,72,clean,42
13804_low,13805,88,72,data\corrupted\blur_15x15_s5\images\88\13805.png,low,13804,15x15_s5,72,clean,42
13557_low,13558,88,72,data\corrupted\blur_15x15_s5\images\88\13558.png,low,13557,15x15_s5,72,clean,42
13649_low,13650,88,72,data\corrupted\blur_15x15_s5\images\88\13650.png,low,13649,15x15_s5,72,clean,42
13724_low,13725,88,72,data\corrupted\blur_15x15_s5\images\88\13725.png,low,13724,15x15_s5,72,clean,42
13734_low,13735,88,72,data\corrupted\blur_15x15_s5\images\88\13735.png,low,13734,15x15_s5,72,clean,42
13611_low,13612,88,72,data\corrupted\blur_15x15_s5\images\88\13612.png,low,13611,15x15_s5,11,noisy,42
13664_low,13665,88,72,data\corrupted\blur_15x15_s5\images\88\13665.png,low,13664,15x15_s5,72,clean,42
13788_low,13789,88,72,data\corrupted\blur_15x15_s5\images\88\13789.png,low,13788,15x15_s5,76,noisy,42
13623_low,13624,88,72,data\corrupted\blur_15x15_s5\images\88\13624.png,low,13623,15x15_s5,72,clean,42
13712_low,13713,88,72,data\corrupted\blur_15x15_s5\images\88\13713.png,low,13712,15x15_s5,72,clean,42
13721_low,13722,88,72,data\corrupted\blur_15x15_s5\images\88\13722.png,low,13721,15x15_s5,72,clean,42
13758_low,13759,88,72,data\corrupted\blur_15x15_s5\images\88\13759.png,low,13758,15x15_s5,72,clean,42
13632_low,13633,88,72,data\corrupted\blur_15x15_s5\images\88\13633.png,low,13632,15x15_s5,72,clean,42
13733_low,13734,88,72,data\corrupted\blur_15x15_s5\images\88\13734.png,low,13733,15x15_s5,72,clean,42
13680_low,13681,88,72,data\corrupted\blur_15x15_s5\images\88\13681.png,low,13680,15x15_s5,72,clean,42
13861_low,13862,88,72,data\corrupted\blur_15x15_s5\images\88\13862.png,low,13861,15x15_s5,18,noisy,42
13785_low,13786,88,72,data\corrupted\blur_15x15_s5\images\88\13786.png,low,13785,15x15_s5,72,clean,42
13750_low,13751,88,72,data\corrupted\blur_15x15_s5\images\88\13751.png,low,13750,15x15_s5,72,clean,42
13725_low,13726,88,72,data\corrupted\blur_15x15_s5\images\88\13726.png,low,13725,15x15_s5,72,clean,42
13745_low,13746,88,72,data\corrupted\blur_15x15_s5\images\88\13746.png,low,13745,15x15_s5,72,clean,42
13656_low,13657,88,72,data\corrupted\blur_15x15_s5\images\88\13657.png,low,13656,15x15_s5,20,noisy,42
13590_low,13591,88,72,data\corrupted\blur_15x15_s5\images\88\13591.png,low,13590,15x15_s5,3,noisy,42
13928_low,13929,89,73,data\corrupted\blur_15x15_s5\images\89\13929.png,low,13928,15x15_s5,73,clean,42
13906_low,13907,89,73,data\corrupted\blur_15x15_s5\images\89\13907.png,low,13906,15x15_s5,73,clean,42
13959_low,13960,89,73,data\corrupted\blur_15x15_s5\images\89\13960.png,low,13959,15x15_s5,73,clean,42
13884_low,13885,89,73,data\corrupted\blur_15x15_s5\images\89\13885.png,low,13884,15x15_s5,73,clean,42
13947_low,13948,89,73,data\corrupted\blur_15x15_s5\images\89\13948.png,low,13947,15x15_s5,73,clean,42
13949_low,13950,89,73,data\corrupted\blur_15x15_s5\images\89\13950.png,low,13949,15x15_s5,73,clean,42
13930_low,13931,89,73,data\corrupted\blur_15x15_s5\images\89\13931.png,low,13930,15x15_s5,73,clean,42
13908_low,13909,89,73,data\corrupted\blur_15x15_s5\images\89\13909.png,low,13908,15x15_s5,73,clean,42
13876_low,13877,89,73,data\corrupted\blur_15x15_s5\images\89\13877.png,low,13876,15x15_s5,44,noisy,42
13866_low,13867,89,73,data\corrupted\blur_15x15_s5\images\89\13867.png,low,13866,15x15_s5,73,clean,42
13897_low,13898,89,73,data\corrupted\blur_15x15_s5\images\89\13898.png,low,13897,15x15_s5,73,clean,42
13941_low,13942,89,73,data\corrupted\blur_15x15_s5\images\89\13942.png,low,13941,15x15_s5,73,clean,42
13913_low,13914,89,73,data\corrupted\blur_15x15_s5\images\89\13914.png,low,13913,15x15_s5,73,clean,42
13892_low,13893,89,73,data\corrupted\blur_15x15_s5\images\89\13893.png,low,13892,15x15_s5,73,clean,42
13910_low,13911,89,73,data\corrupted\blur_15x15_s5\images\89\13911.png,low,13910,15x15_s5,73,clean,42
13870_low,13871,89,73,data\corrupted\blur_15x15_s5\images\89\13871.png,low,13870,15x15_s5,73,clean,42
13888_low,13889,89,73,data\corrupted\blur_15x15_s5\images\89\13889.png,low,13888,15x15_s5,74,noisy,42
13878_low,13879,89,73,data\corrupted\blur_15x15_s5\images\89\13879.png,low,13878,15x15_s5,45,noisy,42
13955_low,13956,89,73,data\corrupted\blur_15x15_s5\images\89\13956.png,low,13955,15x15_s5,73,clean,42
13939_low,13940,89,73,data\corrupted\blur_15x15_s5\images\89\13940.png,low,13939,15x15_s5,73,clean,42
13915_low,13916,89,73,data\corrupted\blur_15x15_s5\images\89\13916.png,low,13915,15x15_s5,73,clean,42
13936_low,13937,89,73,data\corrupted\blur_15x15_s5\images\89\13937.png,low,13936,15x15_s5,73,clean,42
13934_low,13935,89,73,data\corrupted\blur_15x15_s5\images\89\13935.png,low,13934,15x15_s5,73,clean,42
13881_low,13882,89,73,data\corrupted\blur_15x15_s5\images\89\13882.png,low,13881,15x15_s5,19,noisy,42
13905_low,13906,89,73,data\corrupted\blur_15x15_s5\images\89\13906.png,low,13905,15x15_s5,17,noisy,42
14038_low,14039,90,74,data\corrupted\blur_15x15_s5\images\90\14039.png,low,14038,15x15_s5,74,clean,42
13963_low,13964,90,74,data\corrupted\blur_15x15_s5\images\90\13964.png,low,13963,15x15_s5,74,clean,42
14033_low,14034,90,74,data\corrupted\blur_15x15_s5\images\90\14034.png,low,14033,15x15_s5,74,clean,42
13985_low,13986,90,74,data\corrupted\blur_15x15_s5\images\90\13986.png,low,13985,15x15_s5,74,clean,42
13975_low,13976,90,74,data\corrupted\blur_15x15_s5\images\90\13976.png,low,13975,15x15_s5,74,clean,42
14019_low,14020,90,74,data\corrupted\blur_15x15_s5\images\90\14020.png,low,14019,15x15_s5,74,clean,42
13973_low,13974,90,74,data\corrupted\blur_15x15_s5\images\90\13974.png,low,13973,15x15_s5,55,noisy,42
13981_low,13982,90,74,data\corrupted\blur_15x15_s5\images\90\13982.png,low,13981,15x15_s5,55,noisy,42
13967_low,13968,90,74,data\corrupted\blur_15x15_s5\images\90\13968.png,low,13967,15x15_s5,74,clean,42
14030_low,14031,90,74,data\corrupted\blur_15x15_s5\images\90\14031.png,low,14030,15x15_s5,63,noisy,42
14024_low,14025,90,74,data\corrupted\blur_15x15_s5\images\90\14025.png,low,14024,15x15_s5,74,clean,42
14027_low,14028,90,74,data\corrupted\blur_15x15_s5\images\90\14028.png,low,14027,15x15_s5,74,clean,42
14016_low,14017,90,74,data\corrupted\blur_15x15_s5\images\90\14017.png,low,14016,15x15_s5,25,noisy,42
14036_low,14037,90,74,data\corrupted\blur_15x15_s5\images\90\14037.png,low,14036,15x15_s5,74,clean,42
14025_low,14026,90,74,data\corrupted\blur_15x15_s5\images\90\14026.png,low,14025,15x15_s5,74,clean,42
14029_low,14030,90,74,data\corrupted\blur_15x15_s5\images\90\14030.png,low,14029,15x15_s5,74,clean,42
13996_low,13997,90,74,data\corrupted\blur_15x15_s5\images\90\13997.png,low,13996,15x15_s5,74,clean,42
14041_low,14042,90,74,data\corrupted\blur_15x15_s5\images\90\14042.png,low,14041,15x15_s5,74,clean,42
14017_low,14018,90,74,data\corrupted\blur_15x15_s5\images\90\14018.png,low,14017,15x15_s5,74,clean,42
14035_low,14036,90,74,data\corrupted\blur_15x15_s5\images\90\14036.png,low,14035,15x15_s5,74,clean,42
13974_low,13975,90,74,data\corrupted\blur_15x15_s5\images\90\13975.png,low,13974,15x15_s5,74,clean,42
13993_low,13994,90,74,data\corrupted\blur_15x15_s5\images\90\13994.png,low,13993,15x15_s5,74,clean,42
14003_low,14004,90,74,data\corrupted\blur_15x15_s5\images\90\14004.png,low,14003,15x15_s5,74,clean,42
13991_low,13992,90,74,data\corrupted\blur_15x15_s5\images\90\13992.png,low,13991,15x15_s5,74,clean,42
13972_low,13973,90,74,data\corrupted\blur_15x15_s5\images\90\13973.png,low,13972,15x15_s5,13,noisy,42
14108_low,14109,92,75,data\corrupted\blur_15x15_s5\images\92\14109.png,low,14108,15x15_s5,75,clean,42
14105_low,14106,92,75,data\corrupted\blur_15x15_s5\images\92\14106.png,low,14105,15x15_s5,75,clean,42
14111_low,14112,92,75,data\corrupted\blur_15x15_s5\images\92\14112.png,low,14111,15x15_s5,75,clean,42
14077_low,14078,92,75,data\corrupted\blur_15x15_s5\images\92\14078.png,low,14077,15x15_s5,75,clean,42
14089_low,14090,92,75,data\corrupted\blur_15x15_s5\images\92\14090.png,low,14089,15x15_s5,75,clean,42
14096_low,14097,92,75,data\corrupted\blur_15x15_s5\images\92\14097.png,low,14096,15x15_s5,78,noisy,42
14082_low,14083,92,75,data\corrupted\blur_15x15_s5\images\92\14083.png,low,14082,15x15_s5,75,clean,42
14097_low,14098,92,75,data\corrupted\blur_15x15_s5\images\92\14098.png,low,14097,15x15_s5,75,clean,42
14068_low,14069,92,75,data\corrupted\blur_15x15_s5\images\92\14069.png,low,14068,15x15_s5,75,clean,42
14095_low,14096,92,75,data\corrupted\blur_15x15_s5\images\92\14096.png,low,14095,15x15_s5,38,noisy,42
14078_low,14079,92,75,data\corrupted\blur_15x15_s5\images\92\14079.png,low,14078,15x15_s5,75,clean,42
14073_low,14074,92,75,data\corrupted\blur_15x15_s5\images\92\14074.png,low,14073,15x15_s5,75,clean,42
14114_low,14115,92,75,data\corrupted\blur_15x15_s5\images\92\14115.png,low,14114,15x15_s5,75,clean,42
14071_low,14072,92,75,data\corrupted\blur_15x15_s5\images\92\14072.png,low,14071,15x15_s5,75,clean,42
14112_low,14113,92,75,data\corrupted\blur_15x15_s5\images\92\14113.png,low,14112,15x15_s5,75,clean,42
14069_low,14070,92,75,data\corrupted\blur_15x15_s5\images\92\14070.png,low,14069,15x15_s5,75,clean,42
14101_low,14102,92,75,data\corrupted\blur_15x15_s5\images\92\14102.png,low,14101,15x15_s5,75,clean,42
14098_low,14099,92,75,data\corrupted\blur_15x15_s5\images\92\14099.png,low,14098,15x15_s5,75,clean,42
14084_low,14085,92,75,data\corrupted\blur_15x15_s5\images\92\14085.png,low,14084,15x15_s5,47,noisy,42
14113_low,14114,92,75,data\corrupted\blur_15x15_s5\images\92\14114.png,low,14113,15x15_s5,24,noisy,42
14080_low,14081,92,75,data\corrupted\blur_15x15_s5\images\92\14081.png,low,14080,15x15_s5,27,noisy,42
14074_low,14075,92,75,data\corrupted\blur_15x15_s5\images\92\14075.png,low,14074,15x15_s5,75,clean,42
14081_low,14082,92,75,data\corrupted\blur_15x15_s5\images\92\14082.png,low,14081,15x15_s5,75,clean,42
14091_low,14092,92,75,data\corrupted\blur_15x15_s5\images\92\14092.png,low,14091,15x15_s5,75,clean,42
14109_low,14110,92,75,data\corrupted\blur_15x15_s5\images\92\14110.png,low,14109,15x15_s5,75,clean,42
14178_low,14179,93,76,data\corrupted\blur_15x15_s5\images\93\14179.png,low,14178,15x15_s5,45,noisy,42
14156_low,14157,93,76,data\corrupted\blur_15x15_s5\images\93\14157.png,low,14156,15x15_s5,76,clean,42
14210_low,14211,93,76,data\corrupted\blur_15x15_s5\images\93\14211.png,low,14210,15x15_s5,76,clean,42
14134_low,14135,93,76,data\corrupted\blur_15x15_s5\images\93\14135.png,low,14134,15x15_s5,76,clean,42
14197_low,14198,93,76,data\corrupted\blur_15x15_s5\images\93\14198.png,low,14197,15x15_s5,76,clean,42
14199_low,14200,93,76,data\corrupted\blur_15x15_s5\images\93\14200.png,low,14199,15x15_s5,76,clean,42
14180_low,14181,93,76,data\corrupted\blur_15x15_s5\images\93\14181.png,low,14180,15x15_s5,76,clean,42
14158_low,14159,93,76,data\corrupted\blur_15x15_s5\images\93\14159.png,low,14158,15x15_s5,76,clean,42
14126_low,14127,93,76,data\corrupted\blur_15x15_s5\images\93\14127.png,low,14126,15x15_s5,76,clean,42
14116_low,14117,93,76,data\corrupted\blur_15x15_s5\images\93\14117.png,low,14116,15x15_s5,76,clean,42
14147_low,14148,93,76,data\corrupted\blur_15x15_s5\images\93\14148.png,low,14147,15x15_s5,76,clean,42
14191_low,14192,93,76,data\corrupted\blur_15x15_s5\images\93\14192.png,low,14191,15x15_s5,76,clean,42
14163_low,14164,93,76,data\corrupted\blur_15x15_s5\images\93\14164.png,low,14163,15x15_s5,76,clean,42
14142_low,14143,93,76,data\corrupted\blur_15x15_s5\images\93\14143.png,low,14142,15x15_s5,76,clean,42
14160_low,14161,93,76,data\corrupted\blur_15x15_s5\images\93\14161.png,low,14160,15x15_s5,76,clean,42
14120_low,14121,93,76,data\corrupted\blur_15x15_s5\images\93\14121.png,low,14120,15x15_s5,76,clean,42
14138_low,14139,93,76,data\corrupted\blur_15x15_s5\images\93\14139.png,low,14138,15x15_s5,76,clean,42
14128_low,14129,93,76,data\corrupted\blur_15x15_s5\images\93\14129.png,low,14128,15x15_s5,33,noisy,42
14206_low,14207,93,76,data\corrupted\blur_15x15_s5\images\93\14207.png,low,14206,15x15_s5,76,clean,42
14189_low,14190,93,76,data\corrupted\blur_15x15_s5\images\93\14190.png,low,14189,15x15_s5,76,clean,42
14165_low,14166,93,76,data\corrupted\blur_15x15_s5\images\93\14166.png,low,14165,15x15_s5,66,noisy,42
14186_low,14187,93,76,data\corrupted\blur_15x15_s5\images\93\14187.png,low,14186,15x15_s5,24,noisy,42
14184_low,14185,93,76,data\corrupted\blur_15x15_s5\images\93\14185.png,low,14184,15x15_s5,62,noisy,42
14131_low,14132,93,76,data\corrupted\blur_15x15_s5\images\93\14132.png,low,14131,15x15_s5,76,clean,42
14155_low,14156,93,76,data\corrupted\blur_15x15_s5\images\93\14156.png,low,14155,15x15_s5,76,clean,42
14239_low,14240,94,77,data\corrupted\blur_15x15_s5\images\94\14240.png,low,14239,15x15_s5,77,clean,42
14227_low,14228,94,77,data\corrupted\blur_15x15_s5\images\94\14228.png,low,14227,15x15_s5,28,noisy,42
14222_low,14223,94,77,data\corrupted\blur_15x15_s5\images\94\14223.png,low,14222,15x15_s5,77,clean,42
14240_low,14241,94,77,data\corrupted\blur_15x15_s5\images\94\14241.png,low,14240,15x15_s5,17,noisy,42
14218_low,14219,94,77,data\corrupted\blur_15x15_s5\images\94\14219.png,low,14218,15x15_s5,55,noisy,42
14253_low,14254,94,77,data\corrupted\blur_15x15_s5\images\94\14254.png,low,14253,15x15_s5,77,clean,42
14233_low,14234,94,77,data\corrupted\blur_15x15_s5\images\94\14234.png,low,14233,15x15_s5,77,clean,42
14243_low,14244,94,77,data\corrupted\blur_15x15_s5\images\94\14244.png,low,14243,15x15_s5,77,clean,42
14244_low,14245,94,77,data\corrupted\blur_15x15_s5\images\94\14245.png,low,14244,15x15_s5,77,clean,42
14220_low,14221,94,77,data\corrupted\blur_15x15_s5\images\94\14221.png,low,14220,15x15_s5,63,noisy,42
14241_low,14242,94,77,data\corrupted\blur_15x15_s5\images\94\14242.png,low,14241,15x15_s5,77,clean,42
14226_low,14227,94,77,data\corrupted\blur_15x15_s5\images\94\14227.png,low,14226,15x15_s5,77,clean,42
14231_low,14232,94,77,data\corrupted\blur_15x15_s5\images\94\14232.png,low,14231,15x15_s5,77,clean,42
14223_low,14224,94,77,data\corrupted\blur_15x15_s5\images\94\14224.png,low,14223,15x15_s5,77,clean,42
14229_low,14230,94,77,data\corrupted\blur_15x15_s5\images\94\14230.png,low,14229,15x15_s5,77,clean,42
14247_low,14248,94,77,data\corrupted\blur_15x15_s5\images\94\14248.png,low,14247,15x15_s5,77,clean,42
14230_low,14231,94,77,data\corrupted\blur_15x15_s5\images\94\14231.png,low,14230,15x15_s5,77,clean,42
14250_low,14251,94,77,data\corrupted\blur_15x15_s5\images\94\14251.png,low,14250,15x15_s5,77,clean,42
14249_low,14250,94,77,data\corrupted\blur_15x15_s5\images\94\14250.png,low,14249,15x15_s5,77,clean,42
14214_low,14215,94,77,data\corrupted\blur_15x15_s5\images\94\14215.png,low,14214,15x15_s5,38,noisy,42
14238_low,14239,94,77,data\corrupted\blur_15x15_s5\images\94\14239.png,low,14238,15x15_s5,77,clean,42
14219_low,14220,94,77,data\corrupted\blur_15x15_s5\images\94\14220.png,low,14219,15x15_s5,77,clean,42
14225_low,14226,94,77,data\corrupted\blur_15x15_s5\images\94\14226.png,low,14225,15x15_s5,77,clean,42
14254_low,14255,94,77,data\corrupted\blur_15x15_s5\images\94\14255.png,low,14254,15x15_s5,77,clean,42
14215_low,14216,94,77,data\corrupted\blur_15x15_s5\images\94\14216.png,low,14215,15x15_s5,77,clean,42
14256_low,14257,95,78,data\corrupted\blur_15x15_s5\images\95\14257.png,low,14256,15x15_s5,78,clean,42
14261_low,14262,95,78,data\corrupted\blur_15x15_s5\images\95\14262.png,low,14261,15x15_s5,78,clean,42
14290_low,14291,95,78,data\corrupted\blur_15x15_s5\images\95\14291.png,low,14290,15x15_s5,79,noisy,42
14269_low,14270,95,78,data\corrupted\blur_15x15_s5\images\95\14270.png,low,14269,15x15_s5,78,clean,42
14301_low,14302,95,78,data\corrupted\blur_15x15_s5\images\95\14302.png,low,14301,15x15_s5,69,noisy,42
14309_low,14310,95,78,data\corrupted\blur_15x15_s5\images\95\14310.png,low,14309,15x15_s5,78,clean,42
14313_low,14314,95,78,data\corrupted\blur_15x15_s5\images\95\14314.png,low,14313,15x15_s5,78,clean,42
14281_low,14282,95,78,data\corrupted\blur_15x15_s5\images\95\14282.png,low,14281,15x15_s5,78,clean,42
14303_low,14304,95,78,data\corrupted\blur_15x15_s5\images\95\14304.png,low,14303,15x15_s5,78,clean,42
14268_low,14269,95,78,data\corrupted\blur_15x15_s5\images\95\14269.png,low,14268,15x15_s5,78,clean,42
14305_low,14306,95,78,data\corrupted\blur_15x15_s5\images\95\14306.png,low,14305,15x15_s5,78,clean,42
14259_low,14260,95,78,data\corrupted\blur_15x15_s5\images\95\14260.png,low,14259,15x15_s5,78,clean,42
14292_low,14293,95,78,data\corrupted\blur_15x15_s5\images\95\14293.png,low,14292,15x15_s5,78,clean,42
14287_low,14288,95,78,data\corrupted\blur_15x15_s5\images\95\14288.png,low,14287,15x15_s5,78,clean,42
14264_low,14265,95,78,data\corrupted\blur_15x15_s5\images\95\14265.png,low,14264,15x15_s5,58,noisy,42
14273_low,14274,95,78,data\corrupted\blur_15x15_s5\images\95\14274.png,low,14273,15x15_s5,78,clean,42
14262_low,14263,95,78,data\corrupted\blur_15x15_s5\images\95\14263.png,low,14262,15x15_s5,75,noisy,42
14260_low,14261,95,78,data\corrupted\blur_15x15_s5\images\95\14261.png,low,14260,15x15_s5,78,clean,42
14310_low,14311,95,78,data\corrupted\blur_15x15_s5\images\95\14311.png,low,14310,15x15_s5,40,noisy,42
14275_low,14276,95,78,data\corrupted\blur_15x15_s5\images\95\14276.png,low,14275,15x15_s5,78,clean,42
14286_low,14287,95,78,data\corrupted\blur_15x15_s5\images\95\14287.png,low,14286,15x15_s5,78,clean,42
14306_low,14307,95,78,data\corrupted\blur_15x15_s5\images\95\14307.png,low,14306,15x15_s5,78,clean,42
14300_low,14301,95,78,data\corrupted\blur_15x15_s5\images\95\14301.png,low,14300,15x15_s5,78,clean,42
14311_low,14312,95,78,data\corrupted\blur_15x15_s5\images\95\14312.png,low,14311,15x15_s5,78,clean,42
14271_low,14272,95,78,data\corrupted\blur_15x15_s5\images\95\14272.png,low,14271,15x15_s5,78,clean,42
14334_low,14335,96,79,data\corrupted\blur_15x15_s5\images\96\14335.png,low,14334,15x15_s5,52,noisy,42
14364_low,14365,96,79,data\corrupted\blur_15x15_s5\images\96\14365.png,low,14364,15x15_s5,79,clean,42
14363_low,14364,96,79,data\corrupted\blur_15x15_s5\images\96\14364.png,low,14363,15x15_s5,79,clean,42
14327_low,14328,96,79,data\corrupted\blur_15x15_s5\images\96\14328.png,low,14327,15x15_s5,79,clean,42
14359_low,14360,96,79,data\corrupted\blur_15x15_s5\images\96\14360.png,low,14359,15x15_s5,60,noisy,42
14320_low,14321,96,79,data\corrupted\blur_15x15_s5\images\96\14321.png,low,14320,15x15_s5,79,clean,42
14332_low,14333,96,79,data\corrupted\blur_15x15_s5\images\96\14333.png,low,14332,15x15_s5,79,clean,42
14367_low,14368,96,79,data\corrupted\blur_15x15_s5\images\96\14368.png,low,14367,15x15_s5,79,clean,42
14318_low,14319,96,79,data\corrupted\blur_15x15_s5\images\96\14319.png,low,14318,15x15_s5,79,clean,42
14347_low,14348,96,79,data\corrupted\blur_15x15_s5\images\96\14348.png,low,14347,15x15_s5,79,clean,42
14328_low,14329,96,79,data\corrupted\blur_15x15_s5\images\96\14329.png,low,14328,15x15_s5,79,clean,42
14323_low,14324,96,79,data\corrupted\blur_15x15_s5\images\96\14324.png,low,14323,15x15_s5,79,clean,42
14341_low,14342,96,79,data\corrupted\blur_15x15_s5\images\96\14342.png,low,14341,15x15_s5,79,clean,42
14321_low,14322,96,79,data\corrupted\blur_15x15_s5\images\96\14322.png,low,14321,15x15_s5,64,noisy,42
14349_low,14350,96,79,data\corrupted\blur_15x15_s5\images\96\14350.png,low,14349,15x15_s5,20,noisy,42
14319_low,14320,96,79,data\corrupted\blur_15x15_s5\images\96\14320.png,low,14319,15x15_s5,79,clean,42
14352_low,14353,96,79,data\corrupted\blur_15x15_s5\images\96\14353.png,low,14352,15x15_s5,79,clean,42
14339_low,14340,96,79,data\corrupted\blur_15x15_s5\images\96\14340.png,low,14339,15x15_s5,79,clean,42
14360_low,14361,96,79,data\corrupted\blur_15x15_s5\images\96\14361.png,low,14360,15x15_s5,79,clean,42
14348_low,14349,96,79,data\corrupted\blur_15x15_s5\images\96\14349.png,low,14348,15x15_s5,28,noisy,42
14365_low,14366,96,79,data\corrupted\blur_15x15_s5\images\96\14366.png,low,14365,15x15_s5,79,clean,42
14330_low,14331,96,79,data\corrupted\blur_15x15_s5\images\96\14331.png,low,14330,15x15_s5,79,clean,42
14324_low,14325,96,79,data\corrupted\blur_15x15_s5\images\96\14325.png,low,14324,15x15_s5,79,clean,42
14331_low,14332,96,79,data\corrupted\blur_15x15_s5\images\96\14332.png,low,14331,15x15_s5,79,clean,42
14345_low,14346,96,79,data\corrupted\blur_15x15_s5\images\96\14346.png,low,14345,15x15_s5,79,clean,42
14393_low,14394,97,80,data\corrupted\blur_15x15_s5\images\97\14394.png,low,14393,15x15_s5,45,noisy,42
14375_low,14376,97,80,data\corrupted\blur_15x15_s5\images\97\14376.png,low,14375,15x15_s5,80,clean,42
14591_low,14592,97,80,data\corrupted\blur_15x15_s5\images\97\14592.png,low,14591,15x15_s5,80,clean,42
14577_low,14578,97,80,data\corrupted\blur_15x15_s5\images\97\14578.png,low,14577,15x15_s5,80,clean,42
14605_low,14606,97,80,data\corrupted\blur_15x15_s5\images\97\14606.png,low,14605,15x15_s5,46,noisy,42
14542_low,14543,97,80,data\corrupted\blur_15x15_s5\images\97\14543.png,low,14542,15x15_s5,80,clean,42
14566_low,14567,97,80,data\corrupted\blur_15x15_s5\images\97\14567.png,low,14566,15x15_s5,80,clean,42
14589_low,14590,97,80,data\corrupted\blur_15x15_s5\images\97\14590.png,low,14589,15x15_s5,37,noisy,42
14378_low,14379,97,80,data\corrupted\blur_15x15_s5\images\97\14379.png,low,14378,15x15_s5,80,clean,42
14482_low,14483,97,80,data\corrupted\blur_15x15_s5\images\97\14483.png,low,14482,15x15_s5,80,clean,42
14414_low,14415,97,80,data\corrupted\blur_15x15_s5\images\97\14415.png,low,14414,15x15_s5,80,clean,42
14576_low,14577,97,80,data\corrupted\blur_15x15_s5\images\97\14577.png,low,14576,15x15_s5,80,clean,42
14594_low,14595,97,80,data\corrupted\blur_15x15_s5\images\97\14595.png,low,14594,15x15_s5,80,clean,42
14578_low,14579,97,80,data\corrupted\blur_15x15_s5\images\97\14579.png,low,14578,15x15_s5,80,clean,42
14451_low,14452,97,80,data\corrupted\blur_15x15_s5\images\97\14452.png,low,14451,15x15_s5,80,clean,42
14513_low,14514,97,80,data\corrupted\blur_15x15_s5\images\97\14514.png,low,14513,15x15_s5,80,clean,42
14555_low,14556,97,80,data\corrupted\blur_15x15_s5\images\97\14556.png,low,14555,15x15_s5,39,noisy,42
14384_low,14385,97,80,data\corrupted\blur_15x15_s5\images\97\14385.png,low,14384,15x15_s5,80,clean,42
14435_low,14436,97,80,data\corrupted\blur_15x15_s5\images\97\14436.png,low,14435,15x15_s5,80,clean,42
14496_low,14497,97,80,data\corrupted\blur_15x15_s5\images\97\14497.png,low,14496,15x15_s5,80,clean,42
14402_low,14403,97,80,data\corrupted\blur_15x15_s5\images\97\14403.png,low,14402,15x15_s5,80,clean,42
14388_low,14389,97,80,data\corrupted\blur_15x15_s5\images\97\14389.png,low,14388,15x15_s5,80,clean,42
14477_low,14478,97,80,data\corrupted\blur_15x15_s5\images\97\14478.png,low,14477,15x15_s5,80,clean,42
14399_low,14400,97,80,data\corrupted\blur_15x15_s5\images\97\14400.png,low,14399,15x15_s5,21,noisy,42
14552_low,14553,97,80,data\corrupted\blur_15x15_s5\images\97\14553.png,low,14552,15x15_s5,80,clean,42
14629_low,14630,98,81,data\corrupted\blur_15x15_s5\images\98\14630.png,low,14629,15x15_s5,81,clean,42
14626_low,14627,98,81,data\corrupted\blur_15x15_s5\images\98\14627.png,low,14626,15x15_s5,1,noisy,42
14625_low,14626,98,81,data\corrupted\blur_15x15_s5\images\98\14626.png,low,14625,15x15_s5,81,clean,42
14636_low,14637,98,81,data\corrupted\blur_15x15_s5\images\98\14637.png,low,14636,15x15_s5,81,clean,42
14614_low,14615,98,81,data\corrupted\blur_15x15_s5\images\98\14615.png,low,14614,15x15_s5,81,clean,42
14622_low,14623,98,81,data\corrupted\blur_15x15_s5\images\98\14623.png,low,14622,15x15_s5,81,clean,42
14647_low,14648,98,81,data\corrupted\blur_15x15_s5\images\98\14648.png,low,14647,15x15_s5,81,clean,42
14637_low,14638,98,81,data\corrupted\blur_15x15_s5\images\98\14638.png,low,14637,15x15_s5,36,noisy,42
14649_low,14650,98,81,data\corrupted\blur_15x15_s5\images\98\14650.png,low,14649,15x15_s5,81,clean,42
14616_low,14617,98,81,data\corrupted\blur_15x15_s5\images\98\14617.png,low,14616,15x15_s5,81,clean,42
14635_low,14636,98,81,data\corrupted\blur_15x15_s5\images\98\14636.png,low,14635,15x15_s5,81,clean,42
14619_low,14620,98,81,data\corrupted\blur_15x15_s5\images\98\14620.png,low,14619,15x15_s5,81,clean,42
14623_low,14624,98,81,data\corrupted\blur_15x15_s5\images\98\14624.png,low,14623,15x15_s5,50,noisy,42
14641_low,14642,98,81,data\corrupted\blur_15x15_s5\images\98\14642.png,low,14641,15x15_s5,81,clean,42
14644_low,14645,98,81,data\corrupted\blur_15x15_s5\images\98\14645.png,low,14644,15x15_s5,81,clean,42
14618_low,14619,98,81,data\corrupted\blur_15x15_s5\images\98\14619.png,low,14618,15x15_s5,42,noisy,42
14627_low,14628,98,81,data\corrupted\blur_15x15_s5\images\98\14628.png,low,14627,15x15_s5,81,clean,42
14634_low,14635,98,81,data\corrupted\blur_15x15_s5\images\98\14635.png,low,14634,15x15_s5,81,clean,42
14610_low,14611,98,81,data\corrupted\blur_15x15_s5\images\98\14611.png,low,14610,15x15_s5,81,clean,42
14643_low,14644,98,81,data\corrupted\blur_15x15_s5\images\98\14644.png,low,14643,15x15_s5,81,clean,42
14615_low,14616,98,81,data\corrupted\blur_15x15_s5\images\98\14616.png,low,14615,15x15_s5,81,clean,42
14621_low,14622,98,81,data\corrupted\blur_15x15_s5\images\98\14622.png,low,14621,15x15_s5,81,clean,42
14611_low,14612,98,81,data\corrupted\blur_15x15_s5\images\98\14612.png,low,14611,15x15_s5,81,clean,42
14639_low,14640,98,81,data\corrupted\blur_15x15_s5\images\98\14640.png,low,14639,15x15_s5,30,noisy,42
14631_low,14632,98,81,data\corrupted\blur_15x15_s5\images\98\14632.png,low,14631,15x15_s5,81,clean,42
14685_low,14686,99,82,data\corrupted\blur_15x15_s5\images\99\14686.png,low,14685,15x15_s5,10,noisy,42
14663_low,14664,99,82,data\corrupted\blur_15x15_s5\images\99\14664.png,low,14663,15x15_s5,82,clean,42
14676_low,14677,99,82,data\corrupted\blur_15x15_s5\images\99\14677.png,low,14676,15x15_s5,3,noisy,42
14680_low,14681,99,82,data\corrupted\blur_15x15_s5\images\99\14681.png,low,14680,15x15_s5,82,clean,42
14666_low,14667,99,82,data\corrupted\blur_15x15_s5\images\99\14667.png,low,14666,15x15_s5,82,clean,42
14681_low,14682,99,82,data\corrupted\blur_15x15_s5\images\99\14682.png,low,14681,15x15_s5,82,clean,42
14671_low,14672,99,82,data\corrupted\blur_15x15_s5\images\99\14672.png,low,14671,15x15_s5,82,clean,42
14662_low,14663,99,82,data\corrupted\blur_15x15_s5\images\99\14663.png,low,14662,15x15_s5,36,noisy,42
14658_low,14659,99,82,data\corrupted\blur_15x15_s5\images\99\14659.png,low,14658,15x15_s5,82,clean,42
14667_low,14668,99,82,data\corrupted\blur_15x15_s5\images\99\14668.png,low,14667,15x15_s5,82,clean,42
14659_low,14660,99,82,data\corrupted\blur_15x15_s5\images\99\14660.png,low,14659,15x15_s5,82,clean,42
14684_low,14685,99,82,data\corrupted\blur_15x15_s5\images\99\14685.png,low,14684,15x15_s5,82,clean,42
14650_low,14651,99,82,data\corrupted\blur_15x15_s5\images\99\14651.png,low,14650,15x15_s5,82,clean,42
14654_low,14655,99,82,data\corrupted\blur_15x15_s5\images\99\14655.png,low,14654,15x15_s5,65,noisy,42
14679_low,14680,99,82,data\corrupted\blur_15x15_s5\images\99\14680.png,low,14679,15x15_s5,82,clean,42
14665_low,14666,99,82,data\corrupted\blur_15x15_s5\images\99\14666.png,low,14665,15x15_s5,82,clean,42
14669_low,14670,99,82,data\corrupted\blur_15x15_s5\images\99\14670.png,low,14669,15x15_s5,82,clean,42
14655_low,14656,99,82,data\corrupted\blur_15x15_s5\images\99\14656.png,low,14655,15x15_s5,82,clean,42
14661_low,14662,99,82,data\corrupted\blur_15x15_s5\images\99\14662.png,low,14661,15x15_s5,70,noisy,42
14651_low,14652,99,82,data\corrupted\blur_15x15_s5\images\99\14652.png,low,14651,15x15_s5,82,clean,42
14674_low,14675,99,82,data\corrupted\blur_15x15_s5\images\99\14675.png,low,14674,15x15_s5,82,clean,42
14652_low,14653,99,82,data\corrupted\blur_15x15_s5\images\99\14653.png,low,14652,15x15_s5,82,clean,42
14683_low,14684,99,82,data\corrupted\blur_15x15_s5\images\99\14684.png,low,14683,15x15_s5,82,clean,42
14653_low,14654,99,82,data\corrupted\blur_15x15_s5\images\99\14654.png,low,14653,15x15_s5,82,clean,42
14682_low,14683,99,82,data\corrupted\blur_15x15_s5\images\99\14683.png,low,14682,15x15_s5,82,clean,42
