image_id,record_index,casia_identity,class_index,image_path,quality_condition,source_image_id,blur_parameter
243,244,1,0,data\splits\pilot_100id\images\1\244.png,high,243,original
243_low,244,1,0,data\corrupted\blur_15x15_s5\images\1\244.png,low,243,15x15_s5
21,22,1,0,data\splits\pilot_100id\images\1\22.png,high,21,original
21_low,22,1,0,data\corrupted\blur_15x15_s5\images\1\22.png,low,21,15x15_s5
94,95,1,0,data\splits\pilot_100id\images\1\95.png,high,94,original
94_low,95,1,0,data\corrupted\blur_15x15_s5\images\1\95.png,low,94,15x15_s5
221,222,1,0,data\splits\pilot_100id\images\1\222.png,high,221,original
221_low,222,1,0,data\corrupted\blur_15x15_s5\images\1\222.png,low,221,15x15_s5
132,133,1,0,data\splits\pilot_100id\images\1\133.png,high,132,original
132_low,133,1,0,data\corrupted\blur_15x15_s5\images\1\133.png,low,132,15x15_s5
200,201,1,0,data\splits\pilot_100id\images\1\201.png,high,200,original
200_low,201,1,0,data\corrupted\blur_15x15_s5\images\1\201.png,low,200,15x15_s5
257,258,1,0,data\splits\pilot_100id\images\1\258.png,high,257,original
257_low,258,1,0,data\corrupted\blur_15x15_s5\images\1\258.png,low,257,15x15_s5
182,183,1,0,data\splits\pilot_100id\images\1\183.png,high,182,original
182_low,183,1,0,data\corrupted\blur_15x15_s5\images\1\183.png,low,182,15x15_s5
24,25,1,0,data\splits\pilot_100id\images\1\25.png,high,24,original
24_low,25,1,0,data\corrupted\blur_15x15_s5\images\1\25.png,low,24,15x15_s5
45,46,1,0,data\splits\pilot_100id\images\1\46.png,high,45,original
45_low,46,1,0,data\corrupted\blur_15x15_s5\images\1\46.png,low,45,15x15_s5
195,196,1,0,data\splits\pilot_100id\images\1\196.png,high,195,original
195_low,196,1,0,data\corrupted\blur_15x15_s5\images\1\196.png,low,195,15x15_s5
237,238,1,0,data\splits\pilot_100id\images\1\238.png,high,237,original
237_low,238,1,0,data\corrupted\blur_15x15_s5\images\1\238.png,low,237,15x15_s5
245,246,1,0,data\splits\pilot_100id\images\1\246.png,high,245,original
245_low,246,1,0,data\corrupted\blur_15x15_s5\images\1\246.png,low,245,15x15_s5
232,233,1,0,data\splits\pilot_100id\images\1\233.png,high,232,original
232_low,233,1,0,data\corrupted\blur_15x15_s5\images\1\233.png,low,232,15x15_s5
151,152,1,0,data\splits\pilot_100id\images\1\152.png,high,151,original
151_low,152,1,0,data\corrupted\blur_15x15_s5\images\1\152.png,low,151,15x15_s5
83,84,1,0,data\splits\pilot_100id\images\1\84.png,high,83,original
83_low,84,1,0,data\corrupted\blur_15x15_s5\images\1\84.png,low,83,15x15_s5
214,215,1,0,data\splits\pilot_100id\images\1\215.png,high,214,original
214_low,215,1,0,data\corrupted\blur_15x15_s5\images\1\215.png,low,214,15x15_s5
30,31,1,0,data\splits\pilot_100id\images\1\31.png,high,30,original
30_low,31,1,0,data\corrupted\blur_15x15_s5\images\1\31.png,low,30,15x15_s5
111,112,1,0,data\splits\pilot_100id\images\1\112.png,high,111,original
111_low,112,1,0,data\corrupted\blur_15x15_s5\images\1\112.png,low,111,15x15_s5
39,40,1,0,data\splits\pilot_100id\images\1\40.png,high,39,original
39_low,40,1,0,data\corrupted\blur_15x15_s5\images\1\40.png,low,39,15x15_s5
250,251,1,0,data\splits\pilot_100id\images\1\251.png,high,250,original
250_low,251,1,0,data\corrupted\blur_15x15_s5\images\1\251.png,low,250,15x15_s5
34,35,1,0,data\splits\pilot_100id\images\1\35.png,high,34,original
34_low,35,1,0,data\corrupted\blur_15x15_s5\images\1\35.png,low,34,15x15_s5
135,136,1,0,data\splits\pilot_100id\images\1\136.png,high,135,original
135_low,136,1,0,data\corrupted\blur_15x15_s5\images\1\136.png,low,135,15x15_s5
167,168,1,0,data\splits\pilot_100id\images\1\168.png,high,167,original
167_low,168,1,0,data\corrupted\blur_15x15_s5\images\1\168.png,low,167,15x15_s5
48,49,1,0,data\splits\pilot_100id\images\1\49.png,high,48,original
48_low,49,1,0,data\corrupted\blur_15x15_s5\images\1\49.png,low,48,15x15_s5
293,294,2,1,data\splits\pilot_100id\images\2\294.png,high,293,original
293_low,294,2,1,data\corrupted\blur_15x15_s5\images\2\294.png,low,293,15x15_s5
271,272,2,1,data\splits\pilot_100id\images\2\272.png,high,271,original
271_low,272,2,1,data\corrupted\blur_15x15_s5\images\2\272.png,low,271,15x15_s5
318,319,2,1,data\splits\pilot_100id\images\2\319.png,high,318,original
318_low,319,2,1,data\corrupted\blur_15x15_s5\images\2\319.png,low,318,15x15_s5
275,276,2,1,data\splits\pilot_100id\images\2\276.png,high,275,original
275_low,276,2,1,data\corrupted\blur_15x15_s5\images\2\276.png,low,275,15x15_s5
324,325,2,1,data\splits\pilot_100id\images\2\325.png,high,324,original
324_low,325,2,1,data\corrupted\blur_15x15_s5\images\2\325.png,low,324,15x15_s5
289,290,2,1,data\splits\pilot_100id\images\2\290.png,high,289,original
289_low,290,2,1,data\corrupted\blur_15x15_s5\images\2\290.png,low,289,15x15_s5
281,282,2,1,data\splits\pilot_100id\images\2\282.png,high,281,original
281_low,282,2,1,data\corrupted\blur_15x15_s5\images\2\282.png,low,281,15x15_s5
304,305,2,1,data\splits\pilot_100id\images\2\305.png,high,304,original
304_low,305,2,1,data\corrupted\blur_15x15_s5\images\2\305.png,low,304,15x15_s5
315,316,2,1,data\splits\pilot_100id\images\2\316.png,high,315,original
315_low,316,2,1,data\corrupted\blur_15x15_s5\images\2\316.png,low,315,15x15_s5
283,284,2,1,data\splits\pilot_100id\images\2\284.png,high,283,original
283_low,284,2,1,data\corrupted\blur_15x15_s5\images\2\284.png,low,283,15x15_s5
302,303,2,1,data\splits\pilot_100id\images\2\303.png,high,302,original
302_low,303,2,1,data\corrupted\blur_15x15_s5\images\2\303.png,low,302,15x15_s5
280,281,2,1,data\splits\pilot_100id\images\2\281.png,high,280,original
280_low,281,2,1,data\corrupted\blur_15x15_s5\images\2\281.png,low,280,15x15_s5
330,331,2,1,data\splits\pilot_100id\images\2\331.png,high,330,original
330_low,331,2,1,data\corrupted\blur_15x15_s5\images\2\331.png,low,330,15x15_s5
276,277,2,1,data\splits\pilot_100id\images\2\277.png,high,276,original
276_low,277,2,1,data\corrupted\blur_15x15_s5\images\2\277.png,low,276,15x15_s5
339,340,2,1,data\splits\pilot_100id\images\2\340.png,high,339,original
339_low,340,2,1,data\corrupted\blur_15x15_s5\images\2\340.png,low,339,15x15_s5
301,302,2,1,data\splits\pilot_100id\images\2\302.png,high,301,original
301_low,302,2,1,data\corrupted\blur_15x15_s5\images\2\302.png,low,301,15x15_s5
328,329,2,1,data\splits\pilot_100id\images\2\329.png,high,328,original
328_low,329,2,1,data\corrupted\blur_15x15_s5\images\2\329.png,low,328,15x15_s5
306,307,2,1,data\splits\pilot_100id\images\2\307.png,high,306,original
306_low,307,2,1,data\corrupted\blur_15x15_s5\images\2\307.png,low,306,15x15_s5
327,328,2,1,data\splits\pilot_100id\images\2\328.png,high,327,original
327_low,328,2,1,data\corrupted\blur_15x15_s5\images\2\328.png,low,327,15x15_s5
317,318,2,1,data\splits\pilot_100id\images\2\318.png,high,317,original
317_low,318,2,1,data\corrupted\blur_15x15_s5\images\2\318.png,low,317,15x15_s5
287,288,2,1,data\splits\pilot_100id\images\2\288.png,high,287,original
287_low,288,2,1,data\corrupted\blur_15x15_s5\images\2\288.png,low,287,15x15_s5
305,306,2,1,data\splits\pilot_100id\images\2\306.png,high,305,original
305_low,306,2,1,data\corrupted\blur_15x15_s5\images\2\306.png,low,305,15x15_s5
313,314,2,1,data\splits\pilot_100id\images\2\314.png,high,313,original
313_low,314,2,1,data\corrupted\blur_15x15_s5\images\2\314.png,low,313,15x15_s5
299,300,2,1,data\splits\pilot_100id\images\2\300.png,high,299,original
299_low,300,2,1,data\corrupted\blur_15x15_s5\images\2\300.png,low,299,15x15_s5
278,279,2,1,data\splits\pilot_100id\images\2\279.png,high,278,original
278_low,279,2,1,data\corrupted\blur_15x15_s5\images\2\279.png,low,278,15x15_s5
410,411,3,2,data\splits\pilot_100id\images\3\411.png,high,410,original
410_low,411,3,2,data\corrupted\blur_15x15_s5\images\3\411.png,low,410,15x15_s5
558,559,3,2,data\splits\pilot_100id\images\3\559.png,high,558,original
558_low,559,3,2,data\corrupted\blur_15x15_s5\images\3\559.png,low,558,15x15_s5
724,725,3,2,data\splits\pilot_100id\images\3\725.png,high,724,original
724_low,725,3,2,data\corrupted\blur_15x15_s5\images\3\725.png,low,724,15x15_s5
373,374,3,2,data\splits\pilot_100id\images\3\374.png,high,373,original
373_low,374,3,2,data\corrupted\blur_15x15_s5\images\3\374.png,low,373,15x15_s5
382,383,3,2,data\splits\pilot_100id\images\3\383.png,high,382,original
382_low,383,3,2,data\corrupted\blur_15x15_s5\images\3\383.png,low,382,15x15_s5
417,418,3,2,data\splits\pilot_100id\images\3\418.png,high,417,original
417_low,418,3,2,data\corrupted\blur_15x15_s5\images\3\418.png,low,417,15x15_s5
477,478,3,2,data\splits\pilot_100id\images\3\478.png,high,477,original
477_low,478,3,2,data\corrupted\blur_15x15_s5\images\3\478.png,low,477,15x15_s5
671,672,3,2,data\splits\pilot_100id\images\3\672.png,high,671,original
671_low,672,3,2,data\corrupted\blur_15x15_s5\images\3\672.png,low,671,15x15_s5
705,706,3,2,data\splits\pilot_100id\images\3\706.png,high,705,original
705_low,706,3,2,data\corrupted\blur_15x15_s5\images\3\706.png,low,705,15x15_s5
605,606,3,2,data\splits\pilot_100id\images\3\606.png,high,605,original
605_low,606,3,2,data\corrupted\blur_15x15_s5\images\3\606.png,low,605,15x15_s5
704,705,3,2,data\splits\pilot_100id\images\3\705.png,high,704,original
704_low,705,3,2,data\corrupted\blur_15x15_s5\images\3\705.png,low,704,15x15_s5
418,419,3,2,data\splits\pilot_100id\images\3\419.png,high,418,original
418_low,419,3,2,data\corrupted\blur_15x15_s5\images\3\419.png,low,418,15x15_s5
623,624,3,2,data\splits\pilot_100id\images\3\624.png,high,623,original
623_low,624,3,2,data\corrupted\blur_15x15_s5\images\3\624.png,low,623,15x15_s5
726,727,3,2,data\splits\pilot_100id\images\3\727.png,high,726,original
726_low,727,3,2,data\corrupted\blur_15x15_s5\images\3\727.png,low,726,15x15_s5
495,496,3,2,data\splits\pilot_100id\images\3\496.png,high,495,original
495_low,496,3,2,data\corrupted\blur_15x15_s5\images\3\496.png,low,495,15x15_s5
595,596,3,2,data\splits\pilot_100id\images\3\596.png,high,595,original
595_low,596,3,2,data\corrupted\blur_15x15_s5\images\3\596.png,low,595,15x15_s5
517,518,3,2,data\splits\pilot_100id\images\3\518.png,high,517,original
517_low,518,3,2,data\corrupted\blur_15x15_s5\images\3\518.png,low,517,15x15_s5
691,692,3,2,data\splits\pilot_100id\images\3\692.png,high,691,original
691_low,692,3,2,data\corrupted\blur_15x15_s5\images\3\692.png,low,691,15x15_s5
349,350,3,2,data\splits\pilot_100id\images\3\350.png,high,349,original
349_low,350,3,2,data\corrupted\blur_15x15_s5\images\3\350.png,low,349,15x15_s5
535,536,3,2,data\splits\pilot_100id\images\3\536.png,high,535,original
535_low,536,3,2,data\corrupted\blur_15x15_s5\images\3\536.png,low,535,15x15_s5
395,396,3,2,data\splits\pilot_100id\images\3\396.png,high,395,original
395_low,396,3,2,data\corrupted\blur_15x15_s5\images\3\396.png,low,395,15x15_s5
739,740,3,2,data\splits\pilot_100id\images\3\740.png,high,739,original
739_low,740,3,2,data\corrupted\blur_15x15_s5\images\3\740.png,low,739,15x15_s5
593,594,3,2,data\splits\pilot_100id\images\3\594.png,high,593,original
593_low,594,3,2,data\corrupted\blur_15x15_s5\images\3\594.png,low,593,15x15_s5
572,573,3,2,data\splits\pilot_100id\images\3\573.png,high,572,original
572_low,573,3,2,data\corrupted\blur_15x15_s5\images\3\573.png,low,572,15x15_s5
702,703,3,2,data\splits\pilot_100id\images\3\703.png,high,702,original
702_low,703,3,2,data\corrupted\blur_15x15_s5\images\3\703.png,low,702,15x15_s5
748,749,4,3,data\splits\pilot_100id\images\4\749.png,high,748,original
748_low,749,4,3,data\corrupted\blur_15x15_s5\images\4\749.png,low,748,15x15_s5
807,808,4,3,data\splits\pilot_100id\images\4\808.png,high,807,original
807_low,808,4,3,data\corrupted\blur_15x15_s5\images\4\808.png,low,807,15x15_s5
762,763,4,3,data\splits\pilot_100id\images\4\763.png,high,762,original
762_low,763,4,3,data\corrupted\blur_15x15_s5\images\4\763.png,low,762,15x15_s5
744,745,4,3,data\splits\pilot_100id\images\4\745.png,high,744,original
744_low,745,4,3,data\corrupted\blur_15x15_s5\images\4\745.png,low,744,15x15_s5
772,773,4,3,data\splits\pilot_100id\images\4\773.png,high,772,original
772_low,773,4,3,data\corrupted\blur_15x15_s5\images\4\773.png,low,772,15x15_s5
817,818,4,3,data\splits\pilot_100id\images\4\818.png,high,817,original
817_low,818,4,3,data\corrupted\blur_15x15_s5\images\4\818.png,low,817,15x15_s5
754,755,4,3,data\splits\pilot_100id\images\4\755.png,high,754,original
754_low,755,4,3,data\corrupted\blur_15x15_s5\images\4\755.png,low,754,15x15_s5
778,779,4,3,data\splits\pilot_100id\images\4\779.png,high,778,original
778_low,779,4,3,data\corrupted\blur_15x15_s5\images\4\779.png,low,778,15x15_s5
756,757,4,3,data\splits\pilot_100id\images\4\757.png,high,756,original
756_low,757,4,3,data\corrupted\blur_15x15_s5\images\4\757.png,low,756,15x15_s5
799,800,4,3,data\splits\pilot_100id\images\4\800.png,high,799,original
799_low,800,4,3,data\corrupted\blur_15x15_s5\images\4\800.png,low,799,15x15_s5
809,810,4,3,data\splits\pilot_100id\images\4\810.png,high,809,original
809_low,810,4,3,data\corrupted\blur_15x15_s5\images\4\810.png,low,809,15x15_s5
775,776,4,3,data\splits\pilot_100id\images\4\776.png,high,775,original
775_low,776,4,3,data\corrupted\blur_15x15_s5\images\4\776.png,low,775,15x15_s5
753,754,4,3,data\splits\pilot_100id\images\4\754.png,high,753,original
753_low,754,4,3,data\corrupted\blur_15x15_s5\images\4\754.png,low,753,15x15_s5
789,790,4,3,data\splits\pilot_100id\images\4\790.png,high,789,original
789_low,790,4,3,data\corrupted\blur_15x15_s5\images\4\790.png,low,789,15x15_s5
749,750,4,3,data\splits\pilot_100id\images\4\750.png,high,749,original
749_low,750,4,3,data\corrupted\blur_15x15_s5\images\4\750.png,low,749,15x15_s5
766,767,4,3,data\splits\pilot_100id\images\4\767.png,high,766,original
766_low,767,4,3,data\corrupted\blur_15x15_s5\images\4\767.png,low,766,15x15_s5
801,802,4,3,data\splits\pilot_100id\images\4\802.png,high,801,original
801_low,802,4,3,data\corrupted\blur_15x15_s5\images\4\802.png,low,801,15x15_s5
794,795,4,3,data\splits\pilot_100id\images\4\795.png,high,794,original
794_low,795,4,3,data\corrupted\blur_15x15_s5\images\4\795.png,low,794,15x15_s5
777,778,4,3,data\splits\pilot_100id\images\4\778.png,high,777,original
777_low,778,4,3,data\corrupted\blur_15x15_s5\images\4\778.png,low,777,15x15_s5
783,784,4,3,data\splits\pilot_100id\images\4\784.png,high,783,original
783_low,784,4,3,data\corrupted\blur_15x15_s5\images\4\784.png,low,783,15x15_s5
814,815,4,3,data\splits\pilot_100id\images\4\815.png,high,814,original
814_low,815,4,3,data\corrupted\blur_15x15_s5\images\4\815.png,low,814,15x15_s5
760,761,4,3,data\splits\pilot_100id\images\4\761.png,high,760,original
760_low,761,4,3,data\corrupted\blur_15x15_s5\images\4\761.png,low,760,15x15_s5
779,780,4,3,data\splits\pilot_100id\images\4\780.png,high,779,original
779_low,780,4,3,data\corrupted\blur_15x15_s5\images\4\780.png,low,779,15x15_s5
788,789,4,3,data\splits\pilot_100id\images\4\789.png,high,788,original
788_low,789,4,3,data\corrupted\blur_15x15_s5\images\4\789.png,low,788,15x15_s5
805,806,4,3,data\splits\pilot_100id\images\4\806.png,high,805,original
805_low,806,4,3,data\corrupted\blur_15x15_s5\images\4\806.png,low,805,15x15_s5
948,949,6,4,data\splits\pilot_100id\images\6\949.png,high,948,original
948_low,949,6,4,data\corrupted\blur_15x15_s5\images\6\949.png,low,948,15x15_s5
947,948,6,4,data\splits\pilot_100id\images\6\948.png,high,947,original
947_low,948,6,4,data\corrupted\blur_15x15_s5\images\6\948.png,low,947,15x15_s5
855,856,6,4,data\splits\pilot_100id\images\6\856.png,high,855,original
855_low,856,6,4,data\corrupted\blur_15x15_s5\images\6\856.png,low,855,15x15_s5
869,870,6,4,data\splits\pilot_100id\images\6\870.png,high,869,original
869_low,870,6,4,data\corrupted\blur_15x15_s5\images\6\870.png,low,869,15x15_s5
966,967,6,4,data\splits\pilot_100id\images\6\967.png,high,966,original
966_low,967,6,4,data\corrupted\blur_15x15_s5\images\6\967.png,low,966,15x15_s5
909,910,6,4,data\splits\pilot_100id\images\6\910.png,high,909,original
909_low,910,6,4,data\corrupted\blur_15x15_s5\images\6\910.png,low,909,15x15_s5
907,908,6,4,data\splits\pilot_100id\images\6\908.png,high,907,original
907_low,908,6,4,data\corrupted\blur_15x15_s5\images\6\908.png,low,907,15x15_s5
958,959,6,4,data\splits\pilot_100id\images\6\959.png,high,958,original
958_low,959,6,4,data\corrupted\blur_15x15_s5\images\6\959.png,low,958,15x15_s5
976,977,6,4,data\splits\pilot_100id\images\6\977.png,high,976,original
976_low,977,6,4,data\corrupted\blur_15x15_s5\images\6\977.png,low,976,15x15_s5
928,929,6,4,data\splits\pilot_100id\images\6\929.png,high,928,original
928_low,929,6,4,data\corrupted\blur_15x15_s5\images\6\929.png,low,928,15x15_s5
927,928,6,4,data\splits\pilot_100id\images\6\928.png,high,927,original
927_low,928,6,4,data\corrupted\blur_15x15_s5\images\6\928.png,low,927,15x15_s5
888,889,6,4,data\splits\pilot_100id\images\6\889.png,high,888,original
888_low,889,6,4,data\corrupted\blur_15x15_s5\images\6\889.png,low,888,15x15_s5
912,913,6,4,data\splits\pilot_100id\images\6\913.png,high,912,original
912_low,913,6,4,data\corrupted\blur_15x15_s5\images\6\913.png,low,912,15x15_s5
910,911,6,4,data\splits\pilot_100id\images\6\911.png,high,910,original
910_low,911,6,4,data\corrupted\blur_15x15_s5\images\6\911.png,low,910,15x15_s5
874,875,6,4,data\splits\pilot_100id\images\6\875.png,high,874,original
874_low,875,6,4,data\corrupted\blur_15x15_s5\images\6\875.png,low,874,15x15_s5
885,886,6,4,data\splits\pilot_100id\images\6\886.png,high,885,original
885_low,886,6,4,data\corrupted\blur_15x15_s5\images\6\886.png,low,885,15x15_s5
870,871,6,4,data\splits\pilot_100id\images\6\871.png,high,870,original
870_low,871,6,4,data\corrupted\blur_15x15_s5\images\6\871.png,low,870,15x15_s5
862,863,6,4,data\splits\pilot_100id\images\6\863.png,high,862,original
862_low,863,6,4,data\corrupted\blur_15x15_s5\images\6\863.png,low,862,15x15_s5
975,976,6,4,data\splits\pilot_100id\images\6\976.png,high,975,original
975_low,976,6,4,data\corrupted\blur_15x15_s5\images\6\976.png,low,975,15x15_s5
899,900,6,4,data\splits\pilot_100id\images\6\900.png,high,899,original
899_low,900,6,4,data\corrupted\blur_15x15_s5\images\6\900.png,low,899,15x15_s5
968,969,6,4,data\splits\pilot_100id\images\6\969.png,high,968,original
968_low,969,6,4,data\corrupted\blur_15x15_s5\images\6\969.png,low,968,15x15_s5
847,848,6,4,data\splits\pilot_100id\images\6\848.png,high,847,original
847_low,848,6,4,data\corrupted\blur_15x15_s5\images\6\848.png,low,847,15x15_s5
952,953,6,4,data\splits\pilot_100id\images\6\953.png,high,952,original
952_low,953,6,4,data\corrupted\blur_15x15_s5\images\6\953.png,low,952,15x15_s5
879,880,6,4,data\splits\pilot_100id\images\6\880.png,high,879,original
879_low,880,6,4,data\corrupted\blur_15x15_s5\images\6\880.png,low,879,15x15_s5
932,933,6,4,data\splits\pilot_100id\images\6\933.png,high,932,original
932_low,933,6,4,data\corrupted\blur_15x15_s5\images\6\933.png,low,932,15x15_s5
1039,1040,8,5,data\splits\pilot_100id\images\8\1040.png,high,1039,original
1039_low,1040,8,5,data\corrupted\blur_15x15_s5\images\8\1040.png,low,1039,15x15_s5
1012,1013,8,5,data\splits\pilot_100id\images\8\1013.png,high,1012,original
1012_low,1013,8,5,data\corrupted\blur_15x15_s5\images\8\1013.png,low,1012,15x15_s5
1187,1188,8,5,data\splits\pilot_100id\images\8\1188.png,high,1187,original
1187_low,1188,8,5,data\corrupted\blur_15x15_s5\images\8\1188.png,low,1187,15x15_s5
1092,1093,8,5,data\splits\pilot_100id\images\8\1093.png,high,1092,original
1092_low,1093,8,5,data\corrupted\blur_15x15_s5\images\8\1093.png,low,1092,15x15_s5
1161,1162,8,5,data\splits\pilot_100id\images\8\1162.png,high,1161,original
1161_low,1162,8,5,data\corrupted\blur_15x15_s5\images\8\1162.png,low,1161,15x15_s5
1184,1185,8,5,data\splits\pilot_100id\images\8\1185.png,high,1184,original
1184_low,1185,8,5,data\corrupted\blur_15x15_s5\images\8\1185.png,low,1184,15x15_s5
1200,1201,8,5,data\splits\pilot_100id\images\8\1201.png,high,1200,original
1200_low,1201,8,5,data\corrupted\blur_15x15_s5\images\8\1201.png,low,1200,15x15_s5
1110,1111,8,5,data\splits\pilot_100id\images\8\1111.png,high,1110,original
1110_low,1111,8,5,data\corrupted\blur_15x15_s5\images\8\1111.png,low,1110,15x15_s5
1015,1016,8,5,data\splits\pilot_100id\images\8\1016.png,high,1015,original
1015_low,1016,8,5,data\corrupted\blur_15x15_s5\images\8\1016.png,low,1015,15x15_s5
1240,1241,8,5,data\splits\pilot_100id\images\8\1241.png,high,1240,original
1240_low,1241,8,5,data\corrupted\blur_15x15_s5\images\8\1241.png,low,1240,15x15_s5
1237,1238,8,5,data\splits\pilot_100id\images\8\1238.png,high,1237,original
1237_low,1238,8,5,data\corrupted\blur_15x15_s5\images\8\1238.png,low,1237,15x15_s5
1219,1220,8,5,data\splits\pilot_100id\images\8\1220.png,high,1219,original
1219_low,1220,8,5,data\corrupted\blur_15x15_s5\images\8\1220.png,low,1219,15x15_s5
1243,1244,8,5,data\splits\pilot_100id\images\8\1244.png,high,1243,original
1243_low,1244,8,5,data\corrupted\blur_15x15_s5\images\8\1244.png,low,1243,15x15_s5
1179,1180,8,5,data\splits\pilot_100id\images\8\1180.png,high,1179,original
1179_low,1180,8,5,data\corrupted\blur_15x15_s5\images\8\1180.png,low,1179,15x15_s5
1072,1073,8,5,data\splits\pilot_100id\images\8\1073.png,high,1072,original
1072_low,1073,8,5,data\corrupted\blur_15x15_s5\images\8\1073.png,low,1072,15x15_s5
1228,1229,8,5,data\splits\pilot_100id\images\8\1229.png,high,1228,original
1228_low,1229,8,5,data\corrupted\blur_15x15_s5\images\8\1229.png,low,1228,15x15_s5
1225,1226,8,5,data\splits\pilot_100id\images\8\1226.png,high,1225,original
1225_low,1226,8,5,data\corrupted\blur_15x15_s5\images\8\1226.png,low,1225,15x15_s5
1021,1022,8,5,data\splits\pilot_100id\images\8\1022.png,high,1021,original
1021_low,1022,8,5,data\corrupted\blur_15x15_s5\images\8\1022.png,low,1021,15x15_s5
1188,1189,8,5,data\splits\pilot_100id\images\8\1189.png,high,1188,original
1188_low,1189,8,5,data\corrupted\blur_15x15_s5\images\8\1189.png,low,1188,15x15_s5
1030,1031,8,5,data\splits\pilot_100id\images\8\1031.png,high,1030,original
1030_low,1031,8,5,data\corrupted\blur_15x15_s5\images\8\1031.png,low,1030,15x15_s5
1126,1127,8,5,data\splits\pilot_100id\images\8\1127.png,high,1126,original
1126_low,1127,8,5,data\corrupted\blur_15x15_s5\images\8\1127.png,low,1126,15x15_s5
1025,1026,8,5,data\splits\pilot_100id\images\8\1026.png,high,1025,original
1025_low,1026,8,5,data\corrupted\blur_15x15_s5\images\8\1026.png,low,1025,15x15_s5
1118,1119,8,5,data\splits\pilot_100id\images\8\1119.png,high,1118,original
1118_low,1119,8,5,data\corrupted\blur_15x15_s5\images\8\1119.png,low,1118,15x15_s5
1073,1074,8,5,data\splits\pilot_100id\images\8\1074.png,high,1073,original
1073_low,1074,8,5,data\corrupted\blur_15x15_s5\images\8\1074.png,low,1073,15x15_s5
1227,1228,8,5,data\splits\pilot_100id\images\8\1228.png,high,1227,original
1227_low,1228,8,5,data\corrupted\blur_15x15_s5\images\8\1228.png,low,1227,15x15_s5
1358,1359,9,6,data\splits\pilot_100id\images\9\1359.png,high,1358,original
1358_low,1359,9,6,data\corrupted\blur_15x15_s5\images\9\1359.png,low,1358,15x15_s5
1361,1362,9,6,data\splits\pilot_100id\images\9\1362.png,high,1361,original
1361_low,1362,9,6,data\corrupted\blur_15x15_s5\images\9\1362.png,low,1361,15x15_s5
1394,1395,9,6,data\splits\pilot_100id\images\9\1395.png,high,1394,original
1394_low,1395,9,6,data\corrupted\blur_15x15_s5\images\9\1395.png,low,1394,15x15_s5
1308,1309,9,6,data\splits\pilot_100id\images\9\1309.png,high,1308,original
1308_low,1309,9,6,data\corrupted\blur_15x15_s5\images\9\1309.png,low,1308,15x15_s5
1347,1348,9,6,data\splits\pilot_100id\images\9\1348.png,high,1347,original
1347_low,1348,9,6,data\corrupted\blur_15x15_s5\images\9\1348.png,low,1347,15x15_s5
1282,1283,9,6,data\splits\pilot_100id\images\9\1283.png,high,1282,original
1282_low,1283,9,6,data\corrupted\blur_15x15_s5\images\9\1283.png,low,1282,15x15_s5
1354,1355,9,6,data\splits\pilot_100id\images\9\1355.png,high,1354,original
1354_low,1355,9,6,data\corrupted\blur_15x15_s5\images\9\1355.png,low,1354,15x15_s5
1304,1305,9,6,data\splits\pilot_100id\images\9\1305.png,high,1304,original
1304_low,1305,9,6,data\corrupted\blur_15x15_s5\images\9\1305.png,low,1304,15x15_s5
1353,1354,9,6,data\splits\pilot_100id\images\9\1354.png,high,1353,original
1353_low,1354,9,6,data\corrupted\blur_15x15_s5\images\9\1354.png,low,1353,15x15_s5
1395,1396,9,6,data\splits\pilot_100id\images\9\1396.png,high,1395,original
1395_low,1396,9,6,data\corrupted\blur_15x15_s5\images\9\1396.png,low,1395,15x15_s5
1272,1273,9,6,data\splits\pilot_100id\images\9\1273.png,high,1272,original
1272_low,1273,9,6,data\corrupted\blur_15x15_s5\images\9\1273.png,low,1272,15x15_s5
1337,1338,9,6,data\splits\pilot_100id\images\9\1338.png,high,1337,original
1337_low,1338,9,6,data\corrupted\blur_15x15_s5\images\9\1338.png,low,1337,15x15_s5
1268,1269,9,6,data\splits\pilot_100id\images\9\1269.png,high,1268,original
1268_low,1269,9,6,data\corrupted\blur_15x15_s5\images\9\1269.png,low,1268,15x15_s5
1319,1320,9,6,data\splits\pilot_100id\images\9\1320.png,high,1319,original
1319_low,1320,9,6,data\corrupted\blur_15x15_s5\images\9\1320.png,low,1319,15x15_s5
1277,1278,9,6,data\splits\pilot_100id\images\9\1278.png,high,1277,original
1277_low,1278,9,6,data\corrupted\blur_15x15_s5\images\9\1278.png,low,1277,15x15_s5
1283,1284,9,6,data\splits\pilot_100id\images\9\1284.png,high,1283,original
1283_low,1284,9,6,data\corrupted\blur_15x15_s5\images\9\1284.png,low,1283,15x15_s5
1381,1382,9,6,data\splits\pilot_100id\images\9\1382.png,high,1381,original
1381_low,1382,9,6,data\corrupted\blur_15x15_s5\images\9\1382.png,low,1381,15x15_s5
1400,1401,9,6,data\splits\pilot_100id\images\9\1401.png,high,1400,original
1400_low,1401,9,6,data\corrupted\blur_15x15_s5\images\9\1401.png,low,1400,15x15_s5
1351,1352,9,6,data\splits\pilot_100id\images\9\1352.png,high,1351,original
1351_low,1352,9,6,data\corrupted\blur_15x15_s5\images\9\1352.png,low,1351,15x15_s5
1269,1270,9,6,data\splits\pilot_100id\images\9\1270.png,high,1269,original
1269_low,1270,9,6,data\corrupted\blur_15x15_s5\images\9\1270.png,low,1269,15x15_s5
1328,1329,9,6,data\splits\pilot_100id\images\9\1329.png,high,1328,original
1328_low,1329,9,6,data\corrupted\blur_15x15_s5\images\9\1329.png,low,1328,15x15_s5
1271,1272,9,6,data\splits\pilot_100id\images\9\1272.png,high,1271,original
1271_low,1272,9,6,data\corrupted\blur_15x15_s5\images\9\1272.png,low,1271,15x15_s5
1265,1266,9,6,data\splits\pilot_100id\images\9\1266.png,high,1265,original
1265_low,1266,9,6,data\corrupted\blur_15x15_s5\images\9\1266.png,low,1265,15x15_s5
1262,1263,9,6,data\splits\pilot_100id\images\9\1263.png,high,1262,original
1262_low,1263,9,6,data\corrupted\blur_15x15_s5\images\9\1263.png,low,1262,15x15_s5
1284,1285,9,6,data\splits\pilot_100id\images\9\1285.png,high,1284,original
1284_low,1285,9,6,data\corrupted\blur_15x15_s5\images\9\1285.png,low,1284,15x15_s5
1496,1497,10,7,data\splits\pilot_100id\images\10\1497.png,high,1496,original
1496_low,1497,10,7,data\corrupted\blur_15x15_s5\images\10\1497.png,low,1496,15x15_s5
1466,1467,10,7,data\splits\pilot_100id\images\10\1467.png,high,1466,original
1466_low,1467,10,7,data\corrupted\blur_15x15_s5\images\10\1467.png,low,1466,15x15_s5
1483,1484,10,7,data\splits\pilot_100id\images\10\1484.png,high,1483,original
1483_low,1484,10,7,data\corrupted\blur_15x15_s5\images\10\1484.png,low,1483,15x15_s5
1458,1459,10,7,data\splits\pilot_100id\images\10\1459.png,high,1458,original
1458_low,1459,10,7,data\corrupted\blur_15x15_s5\images\10\1459.png,low,1458,15x15_s5
1457,1458,10,7,data\splits\pilot_100id\images\10\1458.png,high,1457,original
1457_low,1458,10,7,data\corrupted\blur_15x15_s5\images\10\1458.png,low,1457,15x15_s5
1452,1453,10,7,data\splits\pilot_100id\images\10\1453.png,high,1452,original
1452_low,1453,10,7,data\corrupted\blur_15x15_s5\images\10\1453.png,low,1452,15x15_s5
1435,1436,10,7,data\splits\pilot_100id\images\10\1436.png,high,1435,original
1435_low,1436,10,7,data\corrupted\blur_15x15_s5\images\10\1436.png,low,1435,15x15_s5
1493,1494,10,7,data\splits\pilot_100id\images\10\1494.png,high,1493,original
1493_low,1494,10,7,data\corrupted\blur_15x15_s5\images\10\1494.png,low,1493,15x15_s5
1423,1424,10,7,data\splits\pilot_100id\images\10\1424.png,high,1423,original
1423_low,1424,10,7,data\corrupted\blur_15x15_s5\images\10\1424.png,low,1423,15x15_s5
1413,1414,10,7,data\splits\pilot_100id\images\10\1414.png,high,1413,original
1413_low,1414,10,7,data\corrupted\blur_15x15_s5\images\10\1414.png,low,1413,15x15_s5
1431,1432,10,7,data\splits\pilot_100id\images\10\1432.png,high,1431,original
1431_low,1432,10,7,data\corrupted\blur_15x15_s5\images\10\1432.png,low,1431,15x15_s5
1443,1444,10,7,data\splits\pilot_100id\images\10\1444.png,high,1443,original
1443_low,1444,10,7,data\corrupted\blur_15x15_s5\images\10\1444.png,low,1443,15x15_s5
1486,1487,10,7,data\splits\pilot_100id\images\10\1487.png,high,1486,original
1486_low,1487,10,7,data\corrupted\blur_15x15_s5\images\10\1487.png,low,1486,15x15_s5
1446,1447,10,7,data\splits\pilot_100id\images\10\1447.png,high,1446,original
1446_low,1447,10,7,data\corrupted\blur_15x15_s5\images\10\1447.png,low,1446,15x15_s5
1503,1504,10,7,data\splits\pilot_100id\images\10\1504.png,high,1503,original
1503_low,1504,10,7,data\corrupted\blur_15x15_s5\images\10\1504.png,low,1503,15x15_s5
1417,1418,10,7,data\splits\pilot_100id\images\10\1418.png,high,1417,original
1417_low,1418,10,7,data\corrupted\blur_15x15_s5\images\10\1418.png,low,1417,15x15_s5
1489,1490,10,7,data\splits\pilot_100id\images\10\1490.png,high,1489,original
1489_low,1490,10,7,data\corrupted\blur_15x15_s5\images\10\1490.png,low,1489,15x15_s5
1490,1491,10,7,data\splits\pilot_100id\images\10\1491.png,high,1490,original
1490_low,1491,10,7,data\corrupted\blur_15x15_s5\images\10\1491.png,low,1490,15x15_s5
1425,1426,10,7,data\splits\pilot_100id\images\10\1426.png,high,1425,original
1425_low,1426,10,7,data\corrupted\blur_15x15_s5\images\10\1426.png,low,1425,15x15_s5
1444,1445,10,7,data\splits\pilot_100id\images\10\1445.png,high,1444,original
1444_low,1445,10,7,data\corrupted\blur_15x15_s5\images\10\1445.png,low,1444,15x15_s5
1468,1469,10,7,data\splits\pilot_100id\images\10\1469.png,high,1468,original
1468_low,1469,10,7,data\corrupted\blur_15x15_s5\images\10\1469.png,low,1468,15x15_s5
1501,1502,10,7,data\splits\pilot_100id\images\10\1502.png,high,1501,original
1501_low,1502,10,7,data\corrupted\blur_15x15_s5\images\10\1502.png,low,1501,15x15_s5
1439,1440,10,7,data\splits\pilot_100id\images\10\1440.png,high,1439,original
1439_low,1440,10,7,data\corrupted\blur_15x15_s5\images\10\1440.png,low,1439,15x15_s5
1455,1456,10,7,data\splits\pilot_100id\images\10\1456.png,high,1455,original
1455_low,1456,10,7,data\corrupted\blur_15x15_s5\images\10\1456.png,low,1455,15x15_s5
1482,1483,10,7,data\splits\pilot_100id\images\10\1483.png,high,1482,original
1482_low,1483,10,7,data\corrupted\blur_15x15_s5\images\10\1483.png,low,1482,15x15_s5
1665,1666,12,8,data\splits\pilot_100id\images\12\1666.png,high,1665,original
1665_low,1666,12,8,data\corrupted\blur_15x15_s5\images\12\1666.png,low,1665,15x15_s5
1553,1554,12,8,data\splits\pilot_100id\images\12\1554.png,high,1553,original
1553_low,1554,12,8,data\corrupted\blur_15x15_s5\images\12\1554.png,low,1553,15x15_s5
1615,1616,12,8,data\splits\pilot_100id\images\12\1616.png,high,1615,original
1615_low,1616,12,8,data\corrupted\blur_15x15_s5\images\12\1616.png,low,1615,15x15_s5
1630,1631,12,8,data\splits\pilot_100id\images\12\1631.png,high,1630,original
1630_low,1631,12,8,data\corrupted\blur_15x15_s5\images\12\1631.png,low,1630,15x15_s5
1590,1591,12,8,data\splits\pilot_100id\images\12\1591.png,high,1590,original
1590_low,1591,12,8,data\corrupted\blur_15x15_s5\images\12\1591.png,low,1590,15x15_s5
1546,1547,12,8,data\splits\pilot_100id\images\12\1547.png,high,1546,original
1546_low,1547,12,8,data\corrupted\blur_15x15_s5\images\12\1547.png,low,1546,15x15_s5
1632,1633,12,8,data\splits\pilot_100id\images\12\1633.png,high,1632,original
1632_low,1633,12,8,data\corrupted\blur_15x15_s5\images\12\1633.png,low,1632,15x15_s5
1599,1600,12,8,data\splits\pilot_100id\images\12\1600.png,high,1599,original
1599_low,1600,12,8,data\corrupted\blur_15x15_s5\images\12\1600.png,low,1599,15x15_s5
1600,1601,12,8,data\splits\pilot_100id\images\12\1601.png,high,1600,original
1600_low,1601,12,8,data\corrupted\blur_15x15_s5\images\12\1601.png,low,1600,15x15_s5
1552,1553,12,8,data\splits\pilot_100id\images\12\1553.png,high,1552,original
1552_low,1553,12,8,data\corrupted\blur_15x15_s5\images\12\1553.png,low,1552,15x15_s5
1585,1586,12,8,data\splits\pilot_100id\images\12\1586.png,high,1585,original
1585_low,1586,12,8,data\corrupted\blur_15x15_s5\images\12\1586.png,low,1585,15x15_s5
1611,1612,12,8,data\splits\pilot_100id\images\12\1612.png,high,1611,original
1611_low,1612,12,8,data\corrupted\blur_15x15_s5\images\12\1612.png,low,1611,15x15_s5
1627,1628,12,8,data\splits\pilot_100id\images\12\1628.png,high,1627,original
1627_low,1628,12,8,data\corrupted\blur_15x15_s5\images\12\1628.png,low,1627,15x15_s5
1649,1650,12,8,data\splits\pilot_100id\images\12\1650.png,high,1649,original
1649_low,1650,12,8,data\corrupted\blur_15x15_s5\images\12\1650.png,low,1649,15x15_s5
1664,1665,12,8,data\splits\pilot_100id\images\12\1665.png,high,1664,original
1664_low,1665,12,8,data\corrupted\blur_15x15_s5\images\12\1665.png,low,1664,15x15_s5
1598,1599,12,8,data\splits\pilot_100id\images\12\1599.png,high,1598,original
1598_low,1599,12,8,data\corrupted\blur_15x15_s5\images\12\1599.png,low,1598,15x15_s5
1561,1562,12,8,data\splits\pilot_100id\images\12\1562.png,high,1561,original
1561_low,1562,12,8,data\corrupted\blur_15x15_s5\images\12\1562.png,low,1561,15x15_s5
1603,1604,12,8,data\splits\pilot_100id\images\12\1604.png,high,1603,original
1603_low,1604,12,8,data\corrupted\blur_15x15_s5\images\12\1604.png,low,1603,15x15_s5
1658,1659,12,8,data\splits\pilot_100id\images\12\1659.png,high,1658,original
1658_low,1659,12,8,data\corrupted\blur_15x15_s5\images\12\1659.png,low,1658,15x15_s5
1607,1608,12,8,data\splits\pilot_100id\images\12\1608.png,high,1607,original
1607_low,1608,12,8,data\corrupted\blur_15x15_s5\images\12\1608.png,low,1607,15x15_s5
1545,1546,12,8,data\splits\pilot_100id\images\12\1546.png,high,1545,original
1545_low,1546,12,8,data\corrupted\blur_15x15_s5\images\12\1546.png,low,1545,15x15_s5
1652,1653,12,8,data\splits\pilot_100id\images\12\1653.png,high,1652,original
1652_low,1653,12,8,data\corrupted\blur_15x15_s5\images\12\1653.png,low,1652,15x15_s5
1643,1644,12,8,data\splits\pilot_100id\images\12\1644.png,high,1643,original
1643_low,1644,12,8,data\corrupted\blur_15x15_s5\images\12\1644.png,low,1643,15x15_s5
1646,1647,12,8,data\splits\pilot_100id\images\12\1647.png,high,1646,original
1646_low,1647,12,8,data\corrupted\blur_15x15_s5\images\12\1647.png,low,1646,15x15_s5
1589,1590,12,8,data\splits\pilot_100id\images\12\1590.png,high,1589,original
1589_low,1590,12,8,data\corrupted\blur_15x15_s5\images\12\1590.png,low,1589,15x15_s5
1698,1699,13,9,data\splits\pilot_100id\images\13\1699.png,high,1698,original
1698_low,1699,13,9,data\corrupted\blur_15x15_s5\images\13\1699.png,low,1698,15x15_s5
1676,1677,13,9,data\splits\pilot_100id\images\13\1677.png,high,1676,original
1676_low,1677,13,9,data\corrupted\blur_15x15_s5\images\13\1677.png,low,1676,15x15_s5
1725,1726,13,9,data\splits\pilot_100id\images\13\1726.png,high,1725,original
1725_low,1726,13,9,data\corrupted\blur_15x15_s5\images\13\1726.png,low,1725,15x15_s5
1680,1681,13,9,data\splits\pilot_100id\images\13\1681.png,high,1680,original
1680_low,1681,13,9,data\corrupted\blur_15x15_s5\images\13\1681.png,low,1680,15x15_s5
1730,1731,13,9,data\splits\pilot_100id\images\13\1731.png,high,1730,original
1730_low,1731,13,9,data\corrupted\blur_15x15_s5\images\13\1731.png,low,1730,15x15_s5
1694,1695,13,9,data\splits\pilot_100id\images\13\1695.png,high,1694,original
1694_low,1695,13,9,data\corrupted\blur_15x15_s5\images\13\1695.png,low,1694,15x15_s5
1686,1687,13,9,data\splits\pilot_100id\images\13\1687.png,high,1686,original
1686_low,1687,13,9,data\corrupted\blur_15x15_s5\images\13\1687.png,low,1686,15x15_s5
1709,1710,13,9,data\splits\pilot_100id\images\13\1710.png,high,1709,original
1709_low,1710,13,9,data\corrupted\blur_15x15_s5\images\13\1710.png,low,1709,15x15_s5
1721,1722,13,9,data\splits\pilot_100id\images\13\1722.png,high,1721,original
1721_low,1722,13,9,data\corrupted\blur_15x15_s5\images\13\1722.png,low,1721,15x15_s5
1688,1689,13,9,data\splits\pilot_100id\images\13\1689.png,high,1688,original
1688_low,1689,13,9,data\corrupted\blur_15x15_s5\images\13\1689.png,low,1688,15x15_s5
1707,1708,13,9,data\splits\pilot_100id\images\13\1708.png,high,1707,original
1707_low,1708,13,9,data\corrupted\blur_15x15_s5\images\13\1708.png,low,1707,15x15_s5
1685,1686,13,9,data\splits\pilot_100id\images\13\1686.png,high,1685,original
1685_low,1686,13,9,data\corrupted\blur_15x15_s5\images\13\1686.png,low,1685,15x15_s5
1743,1744,13,9,data\splits\pilot_100id\images\13\1744.png,high,1743,original
1743_low,1744,13,9,data\corrupted\blur_15x15_s5\images\13\1744.png,low,1743,15x15_s5
1681,1682,13,9,data\splits\pilot_100id\images\13\1682.png,high,1681,original
1681_low,1682,13,9,data\corrupted\blur_15x15_s5\images\13\1682.png,low,1681,15x15_s5
1738,1739,13,9,data\splits\pilot_100id\images\13\1739.png,high,1738,original
1738_low,1739,13,9,data\corrupted\blur_15x15_s5\images\13\1739.png,low,1738,15x15_s5
1706,1707,13,9,data\splits\pilot_100id\images\13\1707.png,high,1706,original
1706_low,1707,13,9,data\corrupted\blur_15x15_s5\images\13\1707.png,low,1706,15x15_s5
1734,1735,13,9,data\splits\pilot_100id\images\13\1735.png,high,1734,original
1734_low,1735,13,9,data\corrupted\blur_15x15_s5\images\13\1735.png,low,1734,15x15_s5
1711,1712,13,9,data\splits\pilot_100id\images\13\1712.png,high,1711,original
1711_low,1712,13,9,data\corrupted\blur_15x15_s5\images\13\1712.png,low,1711,15x15_s5
1733,1734,13,9,data\splits\pilot_100id\images\13\1734.png,high,1733,original
1733_low,1734,13,9,data\corrupted\blur_15x15_s5\images\13\1734.png,low,1733,15x15_s5
1723,1724,13,9,data\splits\pilot_100id\images\13\1724.png,high,1723,original
1723_low,1724,13,9,data\corrupted\blur_15x15_s5\images\13\1724.png,low,1723,15x15_s5
1692,1693,13,9,data\splits\pilot_100id\images\13\1693.png,high,1692,original
1692_low,1693,13,9,data\corrupted\blur_15x15_s5\images\13\1693.png,low,1692,15x15_s5
1710,1711,13,9,data\splits\pilot_100id\images\13\1711.png,high,1710,original
1710_low,1711,13,9,data\corrupted\blur_15x15_s5\images\13\1711.png,low,1710,15x15_s5
1718,1719,13,9,data\splits\pilot_100id\images\13\1719.png,high,1718,original
1718_low,1719,13,9,data\corrupted\blur_15x15_s5\images\13\1719.png,low,1718,15x15_s5
1704,1705,13,9,data\splits\pilot_100id\images\13\1705.png,high,1704,original
1704_low,1705,13,9,data\corrupted\blur_15x15_s5\images\13\1705.png,low,1704,15x15_s5
1683,1684,13,9,data\splits\pilot_100id\images\13\1684.png,high,1683,original
1683_low,1684,13,9,data\corrupted\blur_15x15_s5\images\13\1684.png,low,1683,15x15_s5
2031,2032,14,10,data\splits\pilot_100id\images\14\2032.png,high,2031,original
2031_low,2032,14,10,data\corrupted\blur_15x15_s5\images\14\2032.png,low,2031,15x15_s5
2027,2028,14,10,data\splits\pilot_100id\images\14\2028.png,high,2027,original
2027_low,2028,14,10,data\corrupted\blur_15x15_s5\images\14\2028.png,low,2027,15x15_s5
1779,1780,14,10,data\splits\pilot_100id\images\14\1780.png,high,1779,original
1779_low,1780,14,10,data\corrupted\blur_15x15_s5\images\14\1780.png,low,1779,15x15_s5
1957,1958,14,10,data\splits\pilot_100id\images\14\1958.png,high,1957,original
1957_low,1958,14,10,data\corrupted\blur_15x15_s5\images\14\1958.png,low,1957,15x15_s5
1839,1840,14,10,data\splits\pilot_100id\images\14\1840.png,high,1839,original
1839_low,1840,14,10,data\corrupted\blur_15x15_s5\images\14\1840.png,low,1839,15x15_s5
1830,1831,14,10,data\splits\pilot_100id\images\14\1831.png,high,1830,original
1830_low,1831,14,10,data\corrupted\blur_15x15_s5\images\14\1831.png,low,1830,15x15_s5
2137,2138,14,10,data\splits\pilot_100id\images\14\2138.png,high,2137,original
2137_low,2138,14,10,data\corrupted\blur_15x15_s5\images\14\2138.png,low,2137,15x15_s5
1840,1841,14,10,data\splits\pilot_100id\images\14\1841.png,high,1840,original
1840_low,1841,14,10,data\corrupted\blur_15x15_s5\images\14\1841.png,low,1840,15x15_s5
1971,1972,14,10,data\splits\pilot_100id\images\14\1972.png,high,1971,original
1971_low,1972,14,10,data\corrupted\blur_15x15_s5\images\14\1972.png,low,1971,15x15_s5
1872,1873,14,10,data\splits\pilot_100id\images\14\1873.png,high,1872,original
1872_low,1873,14,10,data\corrupted\blur_15x15_s5\images\14\1873.png,low,1872,15x15_s5
1755,1756,14,10,data\splits\pilot_100id\images\14\1756.png,high,1755,original
1755_low,1756,14,10,data\corrupted\blur_15x15_s5\images\14\1756.png,low,1755,15x15_s5
2108,2109,14,10,data\splits\pilot_100id\images\14\2109.png,high,2108,original
2108_low,2109,14,10,data\corrupted\blur_15x15_s5\images\14\2109.png,low,2108,15x15_s5
1802,1803,14,10,data\splits\pilot_100id\images\14\1803.png,high,1802,original
1802_low,1803,14,10,data\corrupted\blur_15x15_s5\images\14\1803.png,low,1802,15x15_s5
1818,1819,14,10,data\splits\pilot_100id\images\14\1819.png,high,1818,original
1818_low,1819,14,10,data\corrupted\blur_15x15_s5\images\14\1819.png,low,1818,15x15_s5
1878,1879,14,10,data\splits\pilot_100id\images\14\1879.png,high,1878,original
1878_low,1879,14,10,data\corrupted\blur_15x15_s5\images\14\1879.png,low,1878,15x15_s5
1788,1789,14,10,data\splits\pilot_100id\images\14\1789.png,high,1788,original
1788_low,1789,14,10,data\corrupted\blur_15x15_s5\images\14\1789.png,low,1788,15x15_s5
2001,2002,14,10,data\splits\pilot_100id\images\14\2002.png,high,2001,original
2001_low,2002,14,10,data\corrupted\blur_15x15_s5\images\14\2002.png,low,2001,15x15_s5
2023,2024,14,10,data\splits\pilot_100id\images\14\2024.png,high,2023,original
2023_low,2024,14,10,data\corrupted\blur_15x15_s5\images\14\2024.png,low,2023,15x15_s5
1978,1979,14,10,data\splits\pilot_100id\images\14\1979.png,high,1978,original
1978_low,1979,14,10,data\corrupted\blur_15x15_s5\images\14\1979.png,low,1978,15x15_s5
1954,1955,14,10,data\splits\pilot_100id\images\14\1955.png,high,1954,original
1954_low,1955,14,10,data\corrupted\blur_15x15_s5\images\14\1955.png,low,1954,15x15_s5
1823,1824,14,10,data\splits\pilot_100id\images\14\1824.png,high,1823,original
1823_low,1824,14,10,data\corrupted\blur_15x15_s5\images\14\1824.png,low,1823,15x15_s5
1761,1762,14,10,data\splits\pilot_100id\images\14\1762.png,high,1761,original
1761_low,1762,14,10,data\corrupted\blur_15x15_s5\images\14\1762.png,low,1761,15x15_s5
2139,2140,14,10,data\splits\pilot_100id\images\14\2140.png,high,2139,original
2139_low,2140,14,10,data\corrupted\blur_15x15_s5\images\14\2140.png,low,2139,15x15_s5
2095,2096,14,10,data\splits\pilot_100id\images\14\2096.png,high,2095,original
2095_low,2096,14,10,data\corrupted\blur_15x15_s5\images\14\2096.png,low,2095,15x15_s5
1746,1747,14,10,data\splits\pilot_100id\images\14\1747.png,high,1746,original
1746_low,1747,14,10,data\corrupted\blur_15x15_s5\images\14\1747.png,low,1746,15x15_s5
2253,2254,16,11,data\splits\pilot_100id\images\16\2254.png,high,2253,original
2253_low,2254,16,11,data\corrupted\blur_15x15_s5\images\16\2254.png,low,2253,15x15_s5
2223,2224,16,11,data\splits\pilot_100id\images\16\2224.png,high,2223,original
2223_low,2224,16,11,data\corrupted\blur_15x15_s5\images\16\2224.png,low,2223,15x15_s5
2240,2241,16,11,data\splits\pilot_100id\images\16\2241.png,high,2240,original
2240_low,2241,16,11,data\corrupted\blur_15x15_s5\images\16\2241.png,low,2240,15x15_s5
2215,2216,16,11,data\splits\pilot_100id\images\16\2216.png,high,2215,original
2215_low,2216,16,11,data\corrupted\blur_15x15_s5\images\16\2216.png,low,2215,15x15_s5
2214,2215,16,11,data\splits\pilot_100id\images\16\2215.png,high,2214,original
2214_low,2215,16,11,data\corrupted\blur_15x15_s5\images\16\2215.png,low,2214,15x15_s5
2209,2210,16,11,data\splits\pilot_100id\images\16\2210.png,high,2209,original
2209_low,2210,16,11,data\corrupted\blur_15x15_s5\images\16\2210.png,low,2209,15x15_s5
2192,2193,16,11,data\splits\pilot_100id\images\16\2193.png,high,2192,original
2192_low,2193,16,11,data\corrupted\blur_15x15_s5\images\16\2193.png,low,2192,15x15_s5
2250,2251,16,11,data\splits\pilot_100id\images\16\2251.png,high,2250,original
2250_low,2251,16,11,data\corrupted\blur_15x15_s5\images\16\2251.png,low,2250,15x15_s5
2180,2181,16,11,data\splits\pilot_100id\images\16\2181.png,high,2180,original
2180_low,2181,16,11,data\corrupted\blur_15x15_s5\images\16\2181.png,low,2180,15x15_s5
2170,2171,16,11,data\splits\pilot_100id\images\16\2171.png,high,2170,original
2170_low,2171,16,11,data\corrupted\blur_15x15_s5\images\16\2171.png,low,2170,15x15_s5
2188,2189,16,11,data\splits\pilot_100id\images\16\2189.png,high,2188,original
2188_low,2189,16,11,data\corrupted\blur_15x15_s5\images\16\2189.png,low,2188,15x15_s5
2200,2201,16,11,data\splits\pilot_100id\images\16\2201.png,high,2200,original
2200_low,2201,16,11,data\corrupted\blur_15x15_s5\images\16\2201.png,low,2200,15x15_s5
2243,2244,16,11,data\splits\pilot_100id\images\16\2244.png,high,2243,original
2243_low,2244,16,11,data\corrupted\blur_15x15_s5\images\16\2244.png,low,2243,15x15_s5
2203,2204,16,11,data\splits\pilot_100id\images\16\2204.png,high,2203,original
2203_low,2204,16,11,data\corrupted\blur_15x15_s5\images\16\2204.png,low,2203,15x15_s5
2260,2261,16,11,data\splits\pilot_100id\images\16\2261.png,high,2260,original
2260_low,2261,16,11,data\corrupted\blur_15x15_s5\images\16\2261.png,low,2260,15x15_s5
2174,2175,16,11,data\splits\pilot_100id\images\16\2175.png,high,2174,original
2174_low,2175,16,11,data\corrupted\blur_15x15_s5\images\16\2175.png,low,2174,15x15_s5
2246,2247,16,11,data\splits\pilot_100id\images\16\2247.png,high,2246,original
2246_low,2247,16,11,data\corrupted\blur_15x15_s5\images\16\2247.png,low,2246,15x15_s5
2247,2248,16,11,data\splits\pilot_100id\images\16\2248.png,high,2247,original
2247_low,2248,16,11,data\corrupted\blur_15x15_s5\images\16\2248.png,low,2247,15x15_s5
2182,2183,16,11,data\splits\pilot_100id\images\16\2183.png,high,2182,original
2182_low,2183,16,11,data\corrupted\blur_15x15_s5\images\16\2183.png,low,2182,15x15_s5
2201,2202,16,11,data\splits\pilot_100id\images\16\2202.png,high,2201,original
2201_low,2202,16,11,data\corrupted\blur_15x15_s5\images\16\2202.png,low,2201,15x15_s5
2225,2226,16,11,data\splits\pilot_100id\images\16\2226.png,high,2225,original
2225_low,2226,16,11,data\corrupted\blur_15x15_s5\images\16\2226.png,low,2225,15x15_s5
2258,2259,16,11,data\splits\pilot_100id\images\16\2259.png,high,2258,original
2258_low,2259,16,11,data\corrupted\blur_15x15_s5\images\16\2259.png,low,2258,15x15_s5
2196,2197,16,11,data\splits\pilot_100id\images\16\2197.png,high,2196,original
2196_low,2197,16,11,data\corrupted\blur_15x15_s5\images\16\2197.png,low,2196,15x15_s5
2212,2213,16,11,data\splits\pilot_100id\images\16\2213.png,high,2212,original
2212_low,2213,16,11,data\corrupted\blur_15x15_s5\images\16\2213.png,low,2212,15x15_s5
2239,2240,16,11,data\splits\pilot_100id\images\16\2240.png,high,2239,original
2239_low,2240,16,11,data\corrupted\blur_15x15_s5\images\16\2240.png,low,2239,15x15_s5
2287,2288,17,12,data\splits\pilot_100id\images\17\2288.png,high,2287,original
2287_low,2288,17,12,data\corrupted\blur_15x15_s5\images\17\2288.png,low,2287,15x15_s5
2283,2284,17,12,data\splits\pilot_100id\images\17\2284.png,high,2283,original
2283_low,2284,17,12,data\corrupted\blur_15x15_s5\images\17\2284.png,low,2283,15x15_s5
2274,2275,17,12,data\splits\pilot_100id\images\17\2275.png,high,2274,original
2274_low,2275,17,12,data\corrupted\blur_15x15_s5\images\17\2275.png,low,2274,15x15_s5
2299,2300,17,12,data\splits\pilot_100id\images\17\2300.png,high,2299,original
2299_low,2300,17,12,data\corrupted\blur_15x15_s5\images\17\2300.png,low,2299,15x15_s5
2305,2306,17,12,data\splits\pilot_100id\images\17\2306.png,high,2305,original
2305_low,2306,17,12,data\corrupted\blur_15x15_s5\images\17\2306.png,low,2305,15x15_s5
2295,2296,17,12,data\splits\pilot_100id\images\17\2296.png,high,2295,original
2295_low,2296,17,12,data\corrupted\blur_15x15_s5\images\17\2296.png,low,2295,15x15_s5
2276,2277,17,12,data\splits\pilot_100id\images\17\2277.png,high,2276,original
2276_low,2277,17,12,data\corrupted\blur_15x15_s5\images\17\2277.png,low,2276,15x15_s5
2296,2297,17,12,data\splits\pilot_100id\images\17\2297.png,high,2296,original
2296_low,2297,17,12,data\corrupted\blur_15x15_s5\images\17\2297.png,low,2296,15x15_s5
2294,2295,17,12,data\splits\pilot_100id\images\17\2295.png,high,2294,original
2294_low,2295,17,12,data\corrupted\blur_15x15_s5\images\17\2295.png,low,2294,15x15_s5
2286,2287,17,12,data\splits\pilot_100id\images\17\2287.png,high,2286,original
2286_low,2287,17,12,data\corrupted\blur_15x15_s5\images\17\2287.png,low,2286,15x15_s5
2278,2279,17,12,data\splits\pilot_100id\images\17\2279.png,high,2278,original
2278_low,2279,17,12,data\corrupted\blur_15x15_s5\images\17\2279.png,low,2278,15x15_s5
2285,2286,17,12,data\splits\pilot_100id\images\17\2286.png,high,2285,original
2285_low,2286,17,12,data\corrupted\blur_15x15_s5\images\17\2286.png,low,2285,15x15_s5
2282,2283,17,12,data\splits\pilot_100id\images\17\2283.png,high,2282,original
2282_low,2283,17,12,data\corrupted\blur_15x15_s5\images\17\2283.png,low,2282,15x15_s5
2302,2303,17,12,data\splits\pilot_100id\images\17\2303.png,high,2302,original
2302_low,2303,17,12,data\corrupted\blur_15x15_s5\images\17\2303.png,low,2302,15x15_s5
2279,2280,17,12,data\splits\pilot_100id\images\17\2280.png,high,2279,original
2279_low,2280,17,12,data\corrupted\blur_15x15_s5\images\17\2280.png,low,2279,15x15_s5
2289,2290,17,12,data\splits\pilot_100id\images\17\2290.png,high,2289,original
2289_low,2290,17,12,data\corrupted\blur_15x15_s5\images\17\2290.png,low,2289,15x15_s5
2270,2271,17,12,data\splits\pilot_100id\images\17\2271.png,high,2270,original
2270_low,2271,17,12,data\corrupted\blur_15x15_s5\images\17\2271.png,low,2270,15x15_s5
2301,2302,17,12,data\splits\pilot_100id\images\17\2302.png,high,2301,original
2301_low,2302,17,12,data\corrupted\blur_15x15_s5\images\17\2302.png,low,2301,15x15_s5
2275,2276,17,12,data\splits\pilot_100id\images\17\2276.png,high,2275,original
2275_low,2276,17,12,data\corrupted\blur_15x15_s5\images\17\2276.png,low,2275,15x15_s5
2281,2282,17,12,data\splits\pilot_100id\images\17\2282.png,high,2281,original
2281_low,2282,17,12,data\corrupted\blur_15x15_s5\images\17\2282.png,low,2281,15x15_s5
2271,2272,17,12,data\splits\pilot_100id\images\17\2272.png,high,2271,original
2271_low,2272,17,12,data\corrupted\blur_15x15_s5\images\17\2272.png,low,2271,15x15_s5
2297,2298,17,12,data\splits\pilot_100id\images\17\2298.png,high,2297,original
2297_low,2298,17,12,data\corrupted\blur_15x15_s5\images\17\2298.png,low,2297,15x15_s5
2291,2292,17,12,data\splits\pilot_100id\images\17\2292.png,high,2291,original
2291_low,2292,17,12,data\corrupted\blur_15x15_s5\images\17\2292.png,low,2291,15x15_s5
2272,2273,17,12,data\splits\pilot_100id\images\17\2273.png,high,2272,original
2272_low,2273,17,12,data\corrupted\blur_15x15_s5\images\17\2273.png,low,2272,15x15_s5
2306,2307,17,12,data\splits\pilot_100id\images\17\2307.png,high,2306,original
2306_low,2307,17,12,data\corrupted\blur_15x15_s5\images\17\2307.png,low,2306,15x15_s5
2377,2378,18,13,data\splits\pilot_100id\images\18\2378.png,high,2377,original
2377_low,2378,18,13,data\corrupted\blur_15x15_s5\images\18\2378.png,low,2377,15x15_s5
2525,2526,18,13,data\splits\pilot_100id\images\18\2526.png,high,2525,original
2525_low,2526,18,13,data\corrupted\blur_15x15_s5\images\18\2526.png,low,2525,15x15_s5
2565,2566,18,13,data\splits\pilot_100id\images\18\2566.png,high,2565,original
2565_low,2566,18,13,data\corrupted\blur_15x15_s5\images\18\2566.png,low,2565,15x15_s5
2340,2341,18,13,data\splits\pilot_100id\images\18\2341.png,high,2340,original
2340_low,2341,18,13,data\corrupted\blur_15x15_s5\images\18\2341.png,low,2340,15x15_s5
2349,2350,18,13,data\splits\pilot_100id\images\18\2350.png,high,2349,original
2349_low,2350,18,13,data\corrupted\blur_15x15_s5\images\18\2350.png,low,2349,15x15_s5
2384,2385,18,13,data\splits\pilot_100id\images\18\2385.png,high,2384,original
2384_low,2385,18,13,data\corrupted\blur_15x15_s5\images\18\2385.png,low,2384,15x15_s5
2444,2445,18,13,data\splits\pilot_100id\images\18\2445.png,high,2444,original
2444_low,2445,18,13,data\corrupted\blur_15x15_s5\images\18\2445.png,low,2444,15x15_s5
2640,2641,18,13,data\splits\pilot_100id\images\18\2641.png,high,2640,original
2640_low,2641,18,13,data\corrupted\blur_15x15_s5\images\18\2641.png,low,2640,15x15_s5
2552,2553,18,13,data\splits\pilot_100id\images\18\2553.png,high,2552,original
2552_low,2553,18,13,data\corrupted\blur_15x15_s5\images\18\2553.png,low,2552,15x15_s5
2573,2574,18,13,data\splits\pilot_100id\images\18\2574.png,high,2573,original
2573_low,2574,18,13,data\corrupted\blur_15x15_s5\images\18\2574.png,low,2573,15x15_s5
2673,2674,18,13,data\splits\pilot_100id\images\18\2674.png,high,2673,original
2673_low,2674,18,13,data\corrupted\blur_15x15_s5\images\18\2674.png,low,2673,15x15_s5
2385,2386,18,13,data\splits\pilot_100id\images\18\2386.png,high,2385,original
2385_low,2386,18,13,data\corrupted\blur_15x15_s5\images\18\2386.png,low,2385,15x15_s5
2591,2592,18,13,data\splits\pilot_100id\images\18\2592.png,high,2591,original
2591_low,2592,18,13,data\corrupted\blur_15x15_s5\images\18\2592.png,low,2591,15x15_s5
2695,2696,18,13,data\splits\pilot_100id\images\18\2696.png,high,2695,original
2695_low,2696,18,13,data\corrupted\blur_15x15_s5\images\18\2696.png,low,2695,15x15_s5
2462,2463,18,13,data\splits\pilot_100id\images\18\2463.png,high,2462,original
2462_low,2463,18,13,data\corrupted\blur_15x15_s5\images\18\2463.png,low,2462,15x15_s5
2491,2492,18,13,data\splits\pilot_100id\images\18\2492.png,high,2491,original
2491_low,2492,18,13,data\corrupted\blur_15x15_s5\images\18\2492.png,low,2491,15x15_s5
2484,2485,18,13,data\splits\pilot_100id\images\18\2485.png,high,2484,original
2484_low,2485,18,13,data\corrupted\blur_15x15_s5\images\18\2485.png,low,2484,15x15_s5
2538,2539,18,13,data\splits\pilot_100id\images\18\2539.png,high,2538,original
2538_low,2539,18,13,data\corrupted\blur_15x15_s5\images\18\2539.png,low,2538,15x15_s5
2316,2317,18,13,data\splits\pilot_100id\images\18\2317.png,high,2316,original
2316_low,2317,18,13,data\corrupted\blur_15x15_s5\images\18\2317.png,low,2316,15x15_s5
2502,2503,18,13,data\splits\pilot_100id\images\18\2503.png,high,2502,original
2502_low,2503,18,13,data\corrupted\blur_15x15_s5\images\18\2503.png,low,2502,15x15_s5
2362,2363,18,13,data\splits\pilot_100id\images\18\2363.png,high,2362,original
2362_low,2363,18,13,data\corrupted\blur_15x15_s5\images\18\2363.png,low,2362,15x15_s5
2708,2709,18,13,data\splits\pilot_100id\images\18\2709.png,high,2708,original
2708_low,2709,18,13,data\corrupted\blur_15x15_s5\images\18\2709.png,low,2708,15x15_s5
2592,2593,18,13,data\splits\pilot_100id\images\18\2593.png,high,2592,original
2592_low,2593,18,13,data\corrupted\blur_15x15_s5\images\18\2593.png,low,2592,15x15_s5
2541,2542,18,13,data\splits\pilot_100id\images\18\2542.png,high,2541,original
2541_low,2542,18,13,data\corrupted\blur_15x15_s5\images\18\2542.png,low,2541,15x15_s5
2587,2588,18,13,data\splits\pilot_100id\images\18\2588.png,high,2587,original
2587_low,2588,18,13,data\corrupted\blur_15x15_s5\images\18\2588.png,low,2587,15x15_s5
2797,2798,19,14,data\splits\pilot_100id\images\19\2798.png,high,2797,original
2797_low,2798,19,14,data\corrupted\blur_15x15_s5\images\19\2798.png,low,2797,15x15_s5
2799,2800,19,14,data\splits\pilot_100id\images\19\2800.png,high,2799,original
2799_low,2800,19,14,data\corrupted\blur_15x15_s5\images\19\2800.png,low,2799,15x15_s5
2810,2811,19,14,data\splits\pilot_100id\images\19\2811.png,high,2810,original
2810_low,2811,19,14,data\corrupted\blur_15x15_s5\images\19\2811.png,low,2810,15x15_s5
2828,2829,19,14,data\splits\pilot_100id\images\19\2829.png,high,2828,original
2828_low,2829,19,14,data\corrupted\blur_15x15_s5\images\19\2829.png,low,2828,15x15_s5
2742,2743,19,14,data\splits\pilot_100id\images\19\2743.png,high,2742,original
2742_low,2743,19,14,data\corrupted\blur_15x15_s5\images\19\2743.png,low,2742,15x15_s5
2827,2828,19,14,data\splits\pilot_100id\images\19\2828.png,high,2827,original
2827_low,2828,19,14,data\corrupted\blur_15x15_s5\images\19\2828.png,low,2827,15x15_s5
2791,2792,19,14,data\splits\pilot_100id\images\19\2792.png,high,2791,original
2791_low,2792,19,14,data\corrupted\blur_15x15_s5\images\19\2792.png,low,2791,15x15_s5
2794,2795,19,14,data\splits\pilot_100id\images\19\2795.png,high,2794,original
2794_low,2795,19,14,data\corrupted\blur_15x15_s5\images\19\2795.png,low,2794,15x15_s5
2731,2732,19,14,data\splits\pilot_100id\images\19\2732.png,high,2731,original
2731_low,2732,19,14,data\corrupted\blur_15x15_s5\images\19\2732.png,low,2731,15x15_s5
2728,2729,19,14,data\splits\pilot_100id\images\19\2729.png,high,2728,original
2728_low,2729,19,14,data\corrupted\blur_15x15_s5\images\19\2729.png,low,2728,15x15_s5
2732,2733,19,14,data\splits\pilot_100id\images\19\2733.png,high,2732,original
2732_low,2733,19,14,data\corrupted\blur_15x15_s5\images\19\2733.png,low,2732,15x15_s5
2725,2726,19,14,data\splits\pilot_100id\images\19\2726.png,high,2725,original
2725_low,2726,19,14,data\corrupted\blur_15x15_s5\images\19\2726.png,low,2725,15x15_s5
2722,2723,19,14,data\splits\pilot_100id\images\19\2723.png,high,2722,original
2722_low,2723,19,14,data\corrupted\blur_15x15_s5\images\19\2723.png,low,2722,15x15_s5
2755,2756,19,14,data\splits\pilot_100id\images\19\2756.png,high,2755,original
2755_low,2756,19,14,data\corrupted\blur_15x15_s5\images\19\2756.png,low,2755,15x15_s5
2764,2765,19,14,data\splits\pilot_100id\images\19\2765.png,high,2764,original
2764_low,2765,19,14,data\corrupted\blur_15x15_s5\images\19\2765.png,low,2764,15x15_s5
2782,2783,19,14,data\splits\pilot_100id\images\19\2783.png,high,2782,original
2782_low,2783,19,14,data\corrupted\blur_15x15_s5\images\19\2783.png,low,2782,15x15_s5
2822,2823,19,14,data\splits\pilot_100id\images\19\2823.png,high,2822,original
2822_low,2823,19,14,data\corrupted\blur_15x15_s5\images\19\2823.png,low,2822,15x15_s5
2849,2850,19,14,data\splits\pilot_100id\images\19\2850.png,high,2849,original
2849_low,2850,19,14,data\corrupted\blur_15x15_s5\images\19\2850.png,low,2849,15x15_s5
2778,2779,19,14,data\splits\pilot_100id\images\19\2779.png,high,2778,original
2778_low,2779,19,14,data\corrupted\blur_15x15_s5\images\19\2779.png,low,2778,15x15_s5
2809,2810,19,14,data\splits\pilot_100id\images\19\2810.png,high,2809,original
2809_low,2810,19,14,data\corrupted\blur_15x15_s5\images\19\2810.png,low,2809,15x15_s5
2788,2789,19,14,data\splits\pilot_100id\images\19\2789.png,high,2788,original
2788_low,2789,19,14,data\corrupted\blur_15x15_s5\images\19\2789.png,low,2788,15x15_s5
2836,2837,19,14,data\splits\pilot_100id\images\19\2837.png,high,2836,original
2836_low,2837,19,14,data\corrupted\blur_15x15_s5\images\19\2837.png,low,2836,15x15_s5
2744,2745,19,14,data\splits\pilot_100id\images\19\2745.png,high,2744,original
2744_low,2745,19,14,data\corrupted\blur_15x15_s5\images\19\2745.png,low,2744,15x15_s5
2779,2780,19,14,data\splits\pilot_100id\images\19\2780.png,high,2779,original
2779_low,2780,19,14,data\corrupted\blur_15x15_s5\images\19\2780.png,low,2779,15x15_s5
2768,2769,19,14,data\splits\pilot_100id\images\19\2769.png,high,2768,original
2768_low,2769,19,14,data\corrupted\blur_15x15_s5\images\19\2769.png,low,2768,15x15_s5
2866,2867,20,15,data\splits\pilot_100id\images\20\2867.png,high,2866,original
2866_low,2867,20,15,data\corrupted\blur_15x15_s5\images\20\2867.png,low,2866,15x15_s5
2871,2872,20,15,data\splits\pilot_100id\images\20\2872.png,high,2871,original
2871_low,2872,20,15,data\corrupted\blur_15x15_s5\images\20\2872.png,low,2871,15x15_s5
2900,2901,20,15,data\splits\pilot_100id\images\20\2901.png,high,2900,original
2900_low,2901,20,15,data\corrupted\blur_15x15_s5\images\20\2901.png,low,2900,15x15_s5
2879,2880,20,15,data\splits\pilot_100id\images\20\2880.png,high,2879,original
2879_low,2880,20,15,data\corrupted\blur_15x15_s5\images\20\2880.png,low,2879,15x15_s5
2910,2911,20,15,data\splits\pilot_100id\images\20\2911.png,high,2910,original
2910_low,2911,20,15,data\corrupted\blur_15x15_s5\images\20\2911.png,low,2910,15x15_s5
2918,2919,20,15,data\splits\pilot_100id\images\20\2919.png,high,2918,original
2918_low,2919,20,15,data\corrupted\blur_15x15_s5\images\20\2919.png,low,2918,15x15_s5
2903,2904,20,15,data\splits\pilot_100id\images\20\2904.png,high,2903,original
2903_low,2904,20,15,data\corrupted\blur_15x15_s5\images\20\2904.png,low,2903,15x15_s5
2891,2892,20,15,data\splits\pilot_100id\images\20\2892.png,high,2891,original
2891_low,2892,20,15,data\corrupted\blur_15x15_s5\images\20\2892.png,low,2891,15x15_s5
2912,2913,20,15,data\splits\pilot_100id\images\20\2913.png,high,2912,original
2912_low,2913,20,15,data\corrupted\blur_15x15_s5\images\20\2913.png,low,2912,15x15_s5
2878,2879,20,15,data\splits\pilot_100id\images\20\2879.png,high,2878,original
2878_low,2879,20,15,data\corrupted\blur_15x15_s5\images\20\2879.png,low,2878,15x15_s5
2914,2915,20,15,data\splits\pilot_100id\images\20\2915.png,high,2914,original
2914_low,2915,20,15,data\corrupted\blur_15x15_s5\images\20\2915.png,low,2914,15x15_s5
2869,2870,20,15,data\splits\pilot_100id\images\20\2870.png,high,2869,original
2869_low,2870,20,15,data\corrupted\blur_15x15_s5\images\20\2870.png,low,2869,15x15_s5
2902,2903,20,15,data\splits\pilot_100id\images\20\2903.png,high,2902,original
2902_low,2903,20,15,data\corrupted\blur_15x15_s5\images\20\2903.png,low,2902,15x15_s5
2897,2898,20,15,data\splits\pilot_100id\images\20\2898.png,high,2897,original
2897_low,2898,20,15,data\corrupted\blur_15x15_s5\images\20\2898.png,low,2897,15x15_s5
2874,2875,20,15,data\splits\pilot_100id\images\20\2875.png,high,2874,original
2874_low,2875,20,15,data\corrupted\blur_15x15_s5\images\20\2875.png,low,2874,15x15_s5
2883,2884,20,15,data\splits\pilot_100id\images\20\2884.png,high,2883,original
2883_low,2884,20,15,data\corrupted\blur_15x15_s5\images\20\2884.png,low,2883,15x15_s5
2872,2873,20,15,data\splits\pilot_100id\images\20\2873.png,high,2872,original
2872_low,2873,20,15,data\corrupted\blur_15x15_s5\images\20\2873.png,low,2872,15x15_s5
2870,2871,20,15,data\splits\pilot_100id\images\20\2871.png,high,2870,original
2870_low,2871,20,15,data\corrupted\blur_15x15_s5\images\20\2871.png,low,2870,15x15_s5
2907,2908,20,15,data\splits\pilot_100id\images\20\2908.png,high,2907,original
2907_low,2908,20,15,data\corrupted\blur_15x15_s5\images\20\2908.png,low,2907,15x15_s5
2885,2886,20,15,data\splits\pilot_100id\images\20\2886.png,high,2885,original
2885_low,2886,20,15,data\corrupted\blur_15x15_s5\images\20\2886.png,low,2885,15x15_s5
2896,2897,20,15,data\splits\pilot_100id\images\20\2897.png,high,2896,original
2896_low,2897,20,15,data\corrupted\blur_15x15_s5\images\20\2897.png,low,2896,15x15_s5
2915,2916,20,15,data\splits\pilot_100id\images\20\2916.png,high,2915,original
2915_low,2916,20,15,data\corrupted\blur_15x15_s5\images\20\2916.png,low,2915,15x15_s5
2916,2917,20,15,data\splits\pilot_100id\images\20\2917.png,high,2916,original
2916_low,2917,20,15,data\corrupted\blur_15x15_s5\images\20\2917.png,low,2916,15x15_s5
2920,2921,20,15,data\splits\pilot_100id\images\20\2921.png,high,2920,original
2920_low,2921,20,15,data\corrupted\blur_15x15_s5\images\20\2921.png,low,2920,15x15_s5
2881,2882,20,15,data\splits\pilot_100id\images\20\2882.png,high,2881,original
2881_low,2882,20,15,data\corrupted\blur_15x15_s5\images\20\2882.png,low,2881,15x15_s5
3096,3097,21,16,data\splits\pilot_100id\images\21\3097.png,high,3096,original
3096_low,3097,21,16,data\corrupted\blur_15x15_s5\images\21\3097.png,low,3096,15x15_s5
3061,3062,21,16,data\splits\pilot_100id\images\21\3062.png,high,3061,original
3061_low,3062,21,16,data\corrupted\blur_15x15_s5\images\21\3062.png,low,3061,15x15_s5
3050,3051,21,16,data\splits\pilot_100id\images\21\3051.png,high,3050,original
3050_low,3051,21,16,data\corrupted\blur_15x15_s5\images\21\3051.png,low,3050,15x15_s5
3018,3019,21,16,data\splits\pilot_100id\images\21\3019.png,high,3018,original
3018_low,3019,21,16,data\corrupted\blur_15x15_s5\images\21\3019.png,low,3018,15x15_s5
2996,2997,21,16,data\splits\pilot_100id\images\21\2997.png,high,2996,original
2996_low,2997,21,16,data\corrupted\blur_15x15_s5\images\21\2997.png,low,2996,15x15_s5
2957,2958,21,16,data\splits\pilot_100id\images\21\2958.png,high,2957,original
2957_low,2958,21,16,data\corrupted\blur_15x15_s5\images\21\2958.png,low,2957,15x15_s5
3303,3304,21,16,data\splits\pilot_100id\images\21\3304.png,high,3303,original
3303_low,3304,21,16,data\corrupted\blur_15x15_s5\images\21\3304.png,low,3303,15x15_s5
3147,3148,21,16,data\splits\pilot_100id\images\21\3148.png,high,3147,original
3147_low,3148,21,16,data\corrupted\blur_15x15_s5\images\21\3148.png,low,3147,15x15_s5
3265,3266,21,16,data\splits\pilot_100id\images\21\3266.png,high,3265,original
3265_low,3266,21,16,data\corrupted\blur_15x15_s5\images\21\3266.png,low,3265,15x15_s5
3151,3152,21,16,data\splits\pilot_100id\images\21\3152.png,high,3151,original
3151_low,3152,21,16,data\corrupted\blur_15x15_s5\images\21\3152.png,low,3151,15x15_s5
3056,3057,21,16,data\splits\pilot_100id\images\21\3057.png,high,3056,original
3056_low,3057,21,16,data\corrupted\blur_15x15_s5\images\21\3057.png,low,3056,15x15_s5
3146,3147,21,16,data\splits\pilot_100id\images\21\3147.png,high,3146,original
3146_low,3147,21,16,data\corrupted\blur_15x15_s5\images\21\3147.png,low,3146,15x15_s5
3210,3211,21,16,data\splits\pilot_100id\images\21\3211.png,high,3210,original
3210_low,3211,21,16,data\corrupted\blur_15x15_s5\images\21\3211.png,low,3210,15x15_s5
3255,3256,21,16,data\splits\pilot_100id\images\21\3256.png,high,3255,original
3255_low,3256,21,16,data\corrupted\blur_15x15_s5\images\21\3256.png,low,3255,15x15_s5
3081,3082,21,16,data\splits\pilot_100id\images\21\3082.png,high,3081,original
3081_low,3082,21,16,data\corrupted\blur_15x15_s5\images\21\3082.png,low,3081,15x15_s5
3014,3015,21,16,data\splits\pilot_100id\images\21\3015.png,high,3014,original
3014_low,3015,21,16,data\corrupted\blur_15x15_s5\images\21\3015.png,low,3014,15x15_s5
3281,3282,21,16,data\splits\pilot_100id\images\21\3282.png,high,3281,original
3281_low,3282,21,16,data\corrupted\blur_15x15_s5\images\21\3282.png,low,3281,15x15_s5
3002,3003,21,16,data\splits\pilot_100id\images\21\3003.png,high,3002,original
3002_low,3003,21,16,data\corrupted\blur_15x15_s5\images\21\3003.png,low,3002,15x15_s5
2933,2934,21,16,data\splits\pilot_100id\images\21\2934.png,high,2933,original
2933_low,2934,21,16,data\corrupted\blur_15x15_s5\images\21\2934.png,low,2933,15x15_s5
3001,3002,21,16,data\splits\pilot_100id\images\21\3002.png,high,3001,original
3001_low,3002,21,16,data\corrupted\blur_15x15_s5\images\21\3002.png,low,3001,15x15_s5
3236,3237,21,16,data\splits\pilot_100id\images\21\3237.png,high,3236,original
3236_low,3237,21,16,data\corrupted\blur_15x15_s5\images\21\3237.png,low,3236,15x15_s5
3162,3163,21,16,data\splits\pilot_100id\images\21\3163.png,high,3162,original
3162_low,3163,21,16,data\corrupted\blur_15x15_s5\images\21\3163.png,low,3162,15x15_s5
2954,2955,21,16,data\splits\pilot_100id\images\21\2955.png,high,2954,original
2954_low,2955,21,16,data\corrupted\blur_15x15_s5\images\21\2955.png,low,2954,15x15_s5
2997,2998,21,16,data\splits\pilot_100id\images\21\2998.png,high,2997,original
2997_low,2998,21,16,data\corrupted\blur_15x15_s5\images\21\2998.png,low,2997,15x15_s5
3127,3128,21,16,data\splits\pilot_100id\images\21\3128.png,high,3127,original
3127_low,3128,21,16,data\corrupted\blur_15x15_s5\images\21\3128.png,low,3127,15x15_s5
3363,3364,22,17,data\splits\pilot_100id\images\22\3364.png,high,3363,original
3363_low,3364,22,17,data\corrupted\blur_15x15_s5\images\22\3364.png,low,3363,15x15_s5
3449,3450,22,17,data\splits\pilot_100id\images\22\3450.png,high,3449,original
3449_low,3450,22,17,data\corrupted\blur_15x15_s5\images\22\3450.png,low,3449,15x15_s5
3412,3413,22,17,data\splits\pilot_100id\images\22\3413.png,high,3412,original
3412_low,3413,22,17,data\corrupted\blur_15x15_s5\images\22\3413.png,low,3412,15x15_s5
3460,3461,22,17,data\splits\pilot_100id\images\22\3461.png,high,3460,original
3460_low,3461,22,17,data\corrupted\blur_15x15_s5\images\22\3461.png,low,3460,15x15_s5
3529,3530,22,17,data\splits\pilot_100id\images\22\3530.png,high,3529,original
3529_low,3530,22,17,data\corrupted\blur_15x15_s5\images\22\3530.png,low,3529,15x15_s5
3470,3471,22,17,data\splits\pilot_100id\images\22\3471.png,high,3470,original
3470_low,3471,22,17,data\corrupted\blur_15x15_s5\images\22\3471.png,low,3470,15x15_s5
3542,3543,22,17,data\splits\pilot_100id\images\22\3543.png,high,3542,original
3542_low,3543,22,17,data\corrupted\blur_15x15_s5\images\22\3543.png,low,3542,15x15_s5
3378,3379,22,17,data\splits\pilot_100id\images\22\3379.png,high,3378,original
3378_low,3379,22,17,data\corrupted\blur_15x15_s5\images\22\3379.png,low,3378,15x15_s5
3491,3492,22,17,data\splits\pilot_100id\images\22\3492.png,high,3491,original
3491_low,3492,22,17,data\corrupted\blur_15x15_s5\images\22\3492.png,low,3491,15x15_s5
3580,3581,22,17,data\splits\pilot_100id\images\22\3581.png,high,3580,original
3580_low,3581,22,17,data\corrupted\blur_15x15_s5\images\22\3581.png,low,3580,15x15_s5
3516,3517,22,17,data\splits\pilot_100id\images\22\3517.png,high,3516,original
3516_low,3517,22,17,data\corrupted\blur_15x15_s5\images\22\3517.png,low,3516,15x15_s5
3602,3603,22,17,data\splits\pilot_100id\images\22\3603.png,high,3602,original
3602_low,3603,22,17,data\corrupted\blur_15x15_s5\images\22\3603.png,low,3602,15x15_s5
3560,3561,22,17,data\splits\pilot_100id\images\22\3561.png,high,3560,original
3560_low,3561,22,17,data\corrupted\blur_15x15_s5\images\22\3561.png,low,3560,15x15_s5
3415,3416,22,17,data\splits\pilot_100id\images\22\3416.png,high,3415,original
3415_low,3416,22,17,data\corrupted\blur_15x15_s5\images\22\3416.png,low,3415,15x15_s5
3498,3499,22,17,data\splits\pilot_100id\images\22\3499.png,high,3498,original
3498_low,3499,22,17,data\corrupted\blur_15x15_s5\images\22\3499.png,low,3498,15x15_s5
3527,3528,22,17,data\splits\pilot_100id\images\22\3528.png,high,3527,original
3527_low,3528,22,17,data\corrupted\blur_15x15_s5\images\22\3528.png,low,3527,15x15_s5
3559,3560,22,17,data\splits\pilot_100id\images\22\3560.png,high,3559,original
3559_low,3560,22,17,data\corrupted\blur_15x15_s5\images\22\3560.png,low,3559,15x15_s5
3479,3480,22,17,data\splits\pilot_100id\images\22\3480.png,high,3479,original
3479_low,3480,22,17,data\corrupted\blur_15x15_s5\images\22\3480.png,low,3479,15x15_s5
3437,3438,22,17,data\splits\pilot_100id\images\22\3438.png,high,3437,original
3437_low,3438,22,17,data\corrupted\blur_15x15_s5\images\22\3438.png,low,3437,15x15_s5
3393,3394,22,17,data\splits\pilot_100id\images\22\3394.png,high,3393,original
3393_low,3394,22,17,data\corrupted\blur_15x15_s5\images\22\3394.png,low,3393,15x15_s5
3554,3555,22,17,data\splits\pilot_100id\images\22\3555.png,high,3554,original
3554_low,3555,22,17,data\corrupted\blur_15x15_s5\images\22\3555.png,low,3554,15x15_s5
3600,3601,22,17,data\splits\pilot_100id\images\22\3601.png,high,3600,original
3600_low,3601,22,17,data\corrupted\blur_15x15_s5\images\22\3601.png,low,3600,15x15_s5
3379,3380,22,17,data\splits\pilot_100id\images\22\3380.png,high,3379,original
3379_low,3380,22,17,data\corrupted\blur_15x15_s5\images\22\3380.png,low,3379,15x15_s5
3375,3376,22,17,data\splits\pilot_100id\images\22\3376.png,high,3375,original
3375_low,3376,22,17,data\corrupted\blur_15x15_s5\images\22\3376.png,low,3375,15x15_s5
3518,3519,22,17,data\splits\pilot_100id\images\22\3519.png,high,3518,original
3518_low,3519,22,17,data\corrupted\blur_15x15_s5\images\22\3519.png,low,3518,15x15_s5
3677,3678,23,18,data\splits\pilot_100id\images\23\3678.png,high,3677,original
3677_low,3678,23,18,data\corrupted\blur_15x15_s5\images\23\3678.png,low,3677,15x15_s5
3849,3850,23,18,data\splits\pilot_100id\images\23\3850.png,high,3849,original
3849_low,3850,23,18,data\corrupted\blur_15x15_s5\images\23\3850.png,low,3849,15x15_s5
4042,4043,23,18,data\splits\pilot_100id\images\23\4043.png,high,4042,original
4042_low,4043,23,18,data\corrupted\blur_15x15_s5\images\23\4043.png,low,4042,15x15_s5
3684,3685,23,18,data\splits\pilot_100id\images\23\3685.png,high,3684,original
3684_low,3685,23,18,data\corrupted\blur_15x15_s5\images\23\3685.png,low,3684,15x15_s5
4007,4008,23,18,data\splits\pilot_100id\images\23\4008.png,high,4007,original
4007_low,4008,23,18,data\corrupted\blur_15x15_s5\images\23\4008.png,low,4007,15x15_s5
4083,4084,23,18,data\splits\pilot_100id\images\23\4084.png,high,4083,original
4083_low,4084,23,18,data\corrupted\blur_15x15_s5\images\23\4084.png,low,4083,15x15_s5
3804,3805,23,18,data\splits\pilot_100id\images\23\3805.png,high,3804,original
3804_low,3805,23,18,data\corrupted\blur_15x15_s5\images\23\3805.png,low,3804,15x15_s5
3668,3669,23,18,data\splits\pilot_100id\images\23\3669.png,high,3668,original
3668_low,3669,23,18,data\corrupted\blur_15x15_s5\images\23\3669.png,low,3668,15x15_s5
3689,3690,23,18,data\splits\pilot_100id\images\23\3690.png,high,3689,original
3689_low,3690,23,18,data\corrupted\blur_15x15_s5\images\23\3690.png,low,3689,15x15_s5
3912,3913,23,18,data\splits\pilot_100id\images\23\3913.png,high,3912,original
3912_low,3913,23,18,data\corrupted\blur_15x15_s5\images\23\3913.png,low,3912,15x15_s5
3614,3615,23,18,data\splits\pilot_100id\images\23\3615.png,high,3614,original
3614_low,3615,23,18,data\corrupted\blur_15x15_s5\images\23\3615.png,low,3614,15x15_s5
3673,3674,23,18,data\splits\pilot_100id\images\23\3674.png,high,3673,original
3673_low,3674,23,18,data\corrupted\blur_15x15_s5\images\23\3674.png,low,3673,15x15_s5
4054,4055,23,18,data\splits\pilot_100id\images\23\4055.png,high,4054,original
4054_low,4055,23,18,data\corrupted\blur_15x15_s5\images\23\4055.png,low,4054,15x15_s5
3980,3981,23,18,data\splits\pilot_100id\images\23\3981.png,high,3980,original
3980_low,3981,23,18,data\corrupted\blur_15x15_s5\images\23\3981.png,low,3980,15x15_s5
3877,3878,23,18,data\splits\pilot_100id\images\23\3878.png,high,3877,original
3877_low,3878,23,18,data\corrupted\blur_15x15_s5\images\23\3878.png,low,3877,15x15_s5
3970,3971,23,18,data\splits\pilot_100id\images\23\3971.png,high,3970,original
3970_low,3971,23,18,data\corrupted\blur_15x15_s5\images\23\3971.png,low,3970,15x15_s5
4039,4040,23,18,data\splits\pilot_100id\images\23\4040.png,high,4039,original
4039_low,4040,23,18,data\corrupted\blur_15x15_s5\images\23\4040.png,low,4039,15x15_s5
3635,3636,23,18,data\splits\pilot_100id\images\23\3636.png,high,3635,original
3635_low,3636,23,18,data\corrupted\blur_15x15_s5\images\23\3636.png,low,3635,15x15_s5
3758,3759,23,18,data\splits\pilot_100id\images\23\3759.png,high,3758,original
3758_low,3759,23,18,data\corrupted\blur_15x15_s5\images\23\3759.png,low,3758,15x15_s5
4047,4048,23,18,data\splits\pilot_100id\images\23\4048.png,high,4047,original
4047_low,4048,23,18,data\corrupted\blur_15x15_s5\images\23\4048.png,low,4047,15x15_s5
3855,3856,23,18,data\splits\pilot_100id\images\23\3856.png,high,3855,original
3855_low,3856,23,18,data\corrupted\blur_15x15_s5\images\23\3856.png,low,3855,15x15_s5
3830,3831,23,18,data\splits\pilot_100id\images\23\3831.png,high,3830,original
3830_low,3831,23,18,data\corrupted\blur_15x15_s5\images\23\3831.png,low,3830,15x15_s5
3698,3699,23,18,data\splits\pilot_100id\images\23\3699.png,high,3698,original
3698_low,3699,23,18,data\corrupted\blur_15x15_s5\images\23\3699.png,low,3698,15x15_s5
3916,3917,23,18,data\splits\pilot_100id\images\23\3917.png,high,3916,original
3916_low,3917,23,18,data\corrupted\blur_15x15_s5\images\23\3917.png,low,3916,15x15_s5
4046,4047,23,18,data\splits\pilot_100id\images\23\4047.png,high,4046,original
4046_low,4047,23,18,data\corrupted\blur_15x15_s5\images\23\4047.png,low,4046,15x15_s5
4224,4225,24,19,data\splits\pilot_100id\images\24\4225.png,high,4224,original
4224_low,4225,24,19,data\corrupted\blur_15x15_s5\images\24\4225.png,low,4224,15x15_s5
4240,4241,24,19,data\splits\pilot_100id\images\24\4241.png,high,4240,original
4240_low,4241,24,19,data\corrupted\blur_15x15_s5\images\24\4241.png,low,4240,15x15_s5
4185,4186,24,19,data\splits\pilot_100id\images\24\4186.png,high,4185,original
4185_low,4186,24,19,data\corrupted\blur_15x15_s5\images\24\4186.png,low,4185,15x15_s5
4272,4273,24,19,data\splits\pilot_100id\images\24\4273.png,high,4272,original
4272_low,4273,24,19,data\corrupted\blur_15x15_s5\images\24\4273.png,low,4272,15x15_s5
4107,4108,24,19,data\splits\pilot_100id\images\24\4108.png,high,4107,original
4107_low,4108,24,19,data\corrupted\blur_15x15_s5\images\24\4108.png,low,4107,15x15_s5
4207,4208,24,19,data\splits\pilot_100id\images\24\4208.png,high,4207,original
4207_low,4208,24,19,data\corrupted\blur_15x15_s5\images\24\4208.png,low,4207,15x15_s5
4264,4265,24,19,data\splits\pilot_100id\images\24\4265.png,high,4264,original
4264_low,4265,24,19,data\corrupted\blur_15x15_s5\images\24\4265.png,low,4264,15x15_s5
4301,4302,24,19,data\splits\pilot_100id\images\24\4302.png,high,4301,original
4301_low,4302,24,19,data\corrupted\blur_15x15_s5\images\24\4302.png,low,4301,15x15_s5
4167,4168,24,19,data\splits\pilot_100id\images\24\4168.png,high,4167,original
4167_low,4168,24,19,data\corrupted\blur_15x15_s5\images\24\4168.png,low,4167,15x15_s5
4234,4235,24,19,data\splits\pilot_100id\images\24\4235.png,high,4234,original
4234_low,4235,24,19,data\corrupted\blur_15x15_s5\images\24\4235.png,low,4234,15x15_s5
4192,4193,24,19,data\splits\pilot_100id\images\24\4193.png,high,4192,original
4192_low,4193,24,19,data\corrupted\blur_15x15_s5\images\24\4193.png,low,4192,15x15_s5
4122,4123,24,19,data\splits\pilot_100id\images\24\4123.png,high,4122,original
4122_low,4123,24,19,data\corrupted\blur_15x15_s5\images\24\4123.png,low,4122,15x15_s5
4282,4283,24,19,data\splits\pilot_100id\images\24\4283.png,high,4282,original
4282_low,4283,24,19,data\corrupted\blur_15x15_s5\images\24\4283.png,low,4282,15x15_s5
4101,4102,24,19,data\splits\pilot_100id\images\24\4102.png,high,4101,original
4101_low,4102,24,19,data\corrupted\blur_15x15_s5\images\24\4102.png,low,4101,15x15_s5
4159,4160,24,19,data\splits\pilot_100id\images\24\4160.png,high,4159,original
4159_low,4160,24,19,data\corrupted\blur_15x15_s5\images\24\4160.png,low,4159,15x15_s5
4310,4311,24,19,data\splits\pilot_100id\images\24\4311.png,high,4310,original
4310_low,4311,24,19,data\corrupted\blur_15x15_s5\images\24\4311.png,low,4310,15x15_s5
4267,4268,24,19,data\splits\pilot_100id\images\24\4268.png,high,4267,original
4267_low,4268,24,19,data\corrupted\blur_15x15_s5\images\24\4268.png,low,4267,15x15_s5
4110,4111,24,19,data\splits\pilot_100id\images\24\4111.png,high,4110,original
4110_low,4111,24,19,data\corrupted\blur_15x15_s5\images\24\4111.png,low,4110,15x15_s5
4289,4290,24,19,data\splits\pilot_100id\images\24\4290.png,high,4289,original
4289_low,4290,24,19,data\corrupted\blur_15x15_s5\images\24\4290.png,low,4289,15x15_s5
4158,4159,24,19,data\splits\pilot_100id\images\24\4159.png,high,4158,original
4158_low,4159,24,19,data\corrupted\blur_15x15_s5\images\24\4159.png,low,4158,15x15_s5
4281,4282,24,19,data\splits\pilot_100id\images\24\4282.png,high,4281,original
4281_low,4282,24,19,data\corrupted\blur_15x15_s5\images\24\4282.png,low,4281,15x15_s5
4188,4189,24,19,data\splits\pilot_100id\images\24\4189.png,high,4188,original
4188_low,4189,24,19,data\corrupted\blur_15x15_s5\images\24\4189.png,low,4188,15x15_s5
4302,4303,24,19,data\splits\pilot_100id\images\24\4303.png,high,4302,original
4302_low,4303,24,19,data\corrupted\blur_15x15_s5\images\24\4303.png,low,4302,15x15_s5
4117,4118,24,19,data\splits\pilot_100id\images\24\4118.png,high,4117,original
4117_low,4118,24,19,data\corrupted\blur_15x15_s5\images\24\4118.png,low,4117,15x15_s5
4219,4220,24,19,data\splits\pilot_100id\images\24\4220.png,high,4219,original
4219_low,4220,24,19,data\corrupted\blur_15x15_s5\images\24\4220.png,low,4219,15x15_s5
4543,4544,25,20,data\splits\pilot_100id\images\25\4544.png,high,4543,original
4543_low,4544,25,20,data\corrupted\blur_15x15_s5\images\25\4544.png,low,4543,15x15_s5
4422,4423,25,20,data\splits\pilot_100id\images\25\4423.png,high,4422,original
4422_low,4423,25,20,data\corrupted\blur_15x15_s5\images\25\4423.png,low,4422,15x15_s5
4562,4563,25,20,data\splits\pilot_100id\images\25\4563.png,high,4562,original
4562_low,4563,25,20,data\corrupted\blur_15x15_s5\images\25\4563.png,low,4562,15x15_s5
4321,4322,25,20,data\splits\pilot_100id\images\25\4322.png,high,4321,original
4321_low,4322,25,20,data\corrupted\blur_15x15_s5\images\25\4322.png,low,4321,15x15_s5
4405,4406,25,20,data\splits\pilot_100id\images\25\4406.png,high,4405,original
4405_low,4406,25,20,data\corrupted\blur_15x15_s5\images\25\4406.png,low,4405,15x15_s5
4532,4533,25,20,data\splits\pilot_100id\images\25\4533.png,high,4532,original
4532_low,4533,25,20,data\corrupted\blur_15x15_s5\images\25\4533.png,low,4532,15x15_s5
4587,4588,25,20,data\splits\pilot_100id\images\25\4588.png,high,4587,original
4587_low,4588,25,20,data\corrupted\blur_15x15_s5\images\25\4588.png,low,4587,15x15_s5
4511,4512,25,20,data\splits\pilot_100id\images\25\4512.png,high,4511,original
4511_low,4512,25,20,data\corrupted\blur_15x15_s5\images\25\4512.png,low,4511,15x15_s5
4516,4517,25,20,data\splits\pilot_100id\images\25\4517.png,high,4516,original
4516_low,4517,25,20,data\corrupted\blur_15x15_s5\images\25\4517.png,low,4516,15x15_s5
4413,4414,25,20,data\splits\pilot_100id\images\25\4414.png,high,4413,original
4413_low,4414,25,20,data\corrupted\blur_15x15_s5\images\25\4414.png,low,4413,15x15_s5
4493,4494,25,20,data\splits\pilot_100id\images\25\4494.png,high,4493,original
4493_low,4494,25,20,data\corrupted\blur_15x15_s5\images\25\4494.png,low,4493,15x15_s5
4623,4624,25,20,data\splits\pilot_100id\images\25\4624.png,high,4623,original
4623_low,4624,25,20,data\corrupted\blur_15x15_s5\images\25\4624.png,low,4623,15x15_s5
4631,4632,25,20,data\splits\pilot_100id\images\25\4632.png,high,4631,original
4631_low,4632,25,20,data\corrupted\blur_15x15_s5\images\25\4632.png,low,4631,15x15_s5
4451,4452,25,20,data\splits\pilot_100id\images\25\4452.png,high,4451,original
4451_low,4452,25,20,data\corrupted\blur_15x15_s5\images\25\4452.png,low,4451,15x15_s5
4578,4579,25,20,data\splits\pilot_100id\images\25\4579.png,high,4578,original
4578_low,4579,25,20,data\corrupted\blur_15x15_s5\images\25\4579.png,low,4578,15x15_s5
4465,4466,25,20,data\splits\pilot_100id\images\25\4466.png,high,4465,original
4465_low,4466,25,20,data\corrupted\blur_15x15_s5\images\25\4466.png,low,4465,15x15_s5
4458,4459,25,20,data\splits\pilot_100id\images\25\4459.png,high,4458,original
4458_low,4459,25,20,data\corrupted\blur_15x15_s5\images\25\4459.png,low,4458,15x15_s5
4456,4457,25,20,data\splits\pilot_100id\images\25\4457.png,high,4456,original
4456_low,4457,25,20,data\corrupted\blur_15x15_s5\images\25\4457.png,low,4456,15x15_s5
4337,4338,25,20,data\splits\pilot_100id\images\25\4338.png,high,4337,original
4337_low,4338,25,20,data\corrupted\blur_15x15_s5\images\25\4338.png,low,4337,15x15_s5
4317,4318,25,20,data\splits\pilot_100id\images\25\4318.png,high,4317,original
4317_low,4318,25,20,data\corrupted\blur_15x15_s5\images\25\4318.png,low,4317,15x15_s5
4394,4395,25,20,data\splits\pilot_100id\images\25\4395.png,high,4394,original
4394_low,4395,25,20,data\corrupted\blur_15x15_s5\images\25\4395.png,low,4394,15x15_s5
4491,4492,25,20,data\splits\pilot_100id\images\25\4492.png,high,4491,original
4491_low,4492,25,20,data\corrupted\blur_15x15_s5\images\25\4492.png,low,4491,15x15_s5
4358,4359,25,20,data\splits\pilot_100id\images\25\4359.png,high,4358,original
4358_low,4359,25,20,data\corrupted\blur_15x15_s5\images\25\4359.png,low,4358,15x15_s5
4584,4585,25,20,data\splits\pilot_100id\images\25\4585.png,high,4584,original
4584_low,4585,25,20,data\corrupted\blur_15x15_s5\images\25\4585.png,low,4584,15x15_s5
4406,4407,25,20,data\splits\pilot_100id\images\25\4407.png,high,4406,original
4406_low,4407,25,20,data\corrupted\blur_15x15_s5\images\25\4407.png,low,4406,15x15_s5
4658,4659,26,21,data\splits\pilot_100id\images\26\4659.png,high,4658,original
4658_low,4659,26,21,data\corrupted\blur_15x15_s5\images\26\4659.png,low,4658,15x15_s5
4681,4682,26,21,data\splits\pilot_100id\images\26\4682.png,high,4681,original
4681_low,4682,26,21,data\corrupted\blur_15x15_s5\images\26\4682.png,low,4681,15x15_s5
4795,4796,26,21,data\splits\pilot_100id\images\26\4796.png,high,4795,original
4795_low,4796,26,21,data\corrupted\blur_15x15_s5\images\26\4796.png,low,4795,15x15_s5
4750,4751,26,21,data\splits\pilot_100id\images\26\4751.png,high,4750,original
4750_low,4751,26,21,data\corrupted\blur_15x15_s5\images\26\4751.png,low,4750,15x15_s5
4787,4788,26,21,data\splits\pilot_100id\images\26\4788.png,high,4787,original
4787_low,4788,26,21,data\corrupted\blur_15x15_s5\images\26\4788.png,low,4787,15x15_s5
4654,4655,26,21,data\splits\pilot_100id\images\26\4655.png,high,4654,original
4654_low,4655,26,21,data\corrupted\blur_15x15_s5\images\26\4655.png,low,4654,15x15_s5
4663,4664,26,21,data\splits\pilot_100id\images\26\4664.png,high,4663,original
4663_low,4664,26,21,data\corrupted\blur_15x15_s5\images\26\4664.png,low,4663,15x15_s5
4707,4708,26,21,data\splits\pilot_100id\images\26\4708.png,high,4707,original
4707_low,4708,26,21,data\corrupted\blur_15x15_s5\images\26\4708.png,low,4707,15x15_s5
4756,4757,26,21,data\splits\pilot_100id\images\26\4757.png,high,4756,original
4756_low,4757,26,21,data\corrupted\blur_15x15_s5\images\26\4757.png,low,4756,15x15_s5
4737,4738,26,21,data\splits\pilot_100id\images\26\4738.png,high,4737,original
4737_low,4738,26,21,data\corrupted\blur_15x15_s5\images\26\4738.png,low,4737,15x15_s5
4736,4737,26,21,data\splits\pilot_100id\images\26\4737.png,high,4736,original
4736_low,4737,26,21,data\corrupted\blur_15x15_s5\images\26\4737.png,low,4736,15x15_s5
4802,4803,26,21,data\splits\pilot_100id\images\26\4803.png,high,4802,original
4802_low,4803,26,21,data\corrupted\blur_15x15_s5\images\26\4803.png,low,4802,15x15_s5
4708,4709,26,21,data\splits\pilot_100id\images\26\4709.png,high,4708,original
4708_low,4709,26,21,data\corrupted\blur_15x15_s5\images\26\4709.png,low,4708,15x15_s5
4814,4815,26,21,data\splits\pilot_100id\images\26\4815.png,high,4814,original
4814_low,4815,26,21,data\corrupted\blur_15x15_s5\images\26\4815.png,low,4814,15x15_s5
4684,4685,26,21,data\splits\pilot_100id\images\26\4685.png,high,4684,original
4684_low,4685,26,21,data\corrupted\blur_15x15_s5\images\26\4685.png,low,4684,15x15_s5
4655,4656,26,21,data\splits\pilot_100id\images\26\4656.png,high,4655,original
4655_low,4656,26,21,data\corrupted\blur_15x15_s5\images\26\4656.png,low,4655,15x15_s5
4690,4691,26,21,data\splits\pilot_100id\images\26\4691.png,high,4690,original
4690_low,4691,26,21,data\corrupted\blur_15x15_s5\images\26\4691.png,low,4690,15x15_s5
4674,4675,26,21,data\splits\pilot_100id\images\26\4675.png,high,4674,original
4674_low,4675,26,21,data\corrupted\blur_15x15_s5\images\26\4675.png,low,4674,15x15_s5
4721,4722,26,21,data\splits\pilot_100id\images\26\4722.png,high,4721,original
4721_low,4722,26,21,data\corrupted\blur_15x15_s5\images\26\4722.png,low,4721,15x15_s5
4695,4696,26,21,data\splits\pilot_100id\images\26\4696.png,high,4695,original
4695_low,4696,26,21,data\corrupted\blur_15x15_s5\images\26\4696.png,low,4695,15x15_s5
4804,4805,26,21,data\splits\pilot_100id\images\26\4805.png,high,4804,original
4804_low,4805,26,21,data\corrupted\blur_15x15_s5\images\26\4805.png,low,4804,15x15_s5
4763,4764,26,21,data\splits\pilot_100id\images\26\4764.png,high,4763,original
4763_low,4764,26,21,data\corrupted\blur_15x15_s5\images\26\4764.png,low,4763,15x15_s5
4785,4786,26,21,data\splits\pilot_100id\images\26\4786.png,high,4785,original
4785_low,4786,26,21,data\corrupted\blur_15x15_s5\images\26\4786.png,low,4785,15x15_s5
4669,4670,26,21,data\splits\pilot_100id\images\26\4670.png,high,4669,original
4669_low,4670,26,21,data\corrupted\blur_15x15_s5\images\26\4670.png,low,4669,15x15_s5
4648,4649,26,21,data\splits\pilot_100id\images\26\4649.png,high,4648,original
4648_low,4649,26,21,data\corrupted\blur_15x15_s5\images\26\4649.png,low,4648,15x15_s5
4959,4960,27,22,data\splits\pilot_100id\images\27\4960.png,high,4959,original
4959_low,4960,27,22,data\corrupted\blur_15x15_s5\images\27\4960.png,low,4959,15x15_s5
4939,4940,27,22,data\splits\pilot_100id\images\27\4940.png,high,4939,original
4939_low,4940,27,22,data\corrupted\blur_15x15_s5\images\27\4940.png,low,4939,15x15_s5
4955,4956,27,22,data\splits\pilot_100id\images\27\4956.png,high,4955,original
4955_low,4956,27,22,data\corrupted\blur_15x15_s5\images\27\4956.png,low,4955,15x15_s5
4879,4880,27,22,data\splits\pilot_100id\images\27\4880.png,high,4879,original
4879_low,4880,27,22,data\corrupted\blur_15x15_s5\images\27\4880.png,low,4879,15x15_s5
4919,4920,27,22,data\splits\pilot_100id\images\27\4920.png,high,4919,original
4919_low,4920,27,22,data\corrupted\blur_15x15_s5\images\27\4920.png,low,4919,15x15_s5
4853,4854,27,22,data\splits\pilot_100id\images\27\4854.png,high,4853,original
4853_low,4854,27,22,data\corrupted\blur_15x15_s5\images\27\4854.png,low,4853,15x15_s5
4980,4981,27,22,data\splits\pilot_100id\images\27\4981.png,high,4980,original
4980_low,4981,27,22,data\corrupted\blur_15x15_s5\images\27\4981.png,low,4980,15x15_s5
4875,4876,27,22,data\splits\pilot_100id\images\27\4876.png,high,4875,original
4875_low,4876,27,22,data\corrupted\blur_15x15_s5\images\27\4876.png,low,4875,15x15_s5
4925,4926,27,22,data\splits\pilot_100id\images\27\4926.png,high,4925,original
4925_low,4926,27,22,data\corrupted\blur_15x15_s5\images\27\4926.png,low,4925,15x15_s5
4969,4970,27,22,data\splits\pilot_100id\images\27\4970.png,high,4969,original
4969_low,4970,27,22,data\corrupted\blur_15x15_s5\images\27\4970.png,low,4969,15x15_s5
4843,4844,27,22,data\splits\pilot_100id\images\27\4844.png,high,4843,original
4843_low,4844,27,22,data\corrupted\blur_15x15_s5\images\27\4844.png,low,4843,15x15_s5
4909,4910,27,22,data\splits\pilot_100id\images\27\4910.png,high,4909,original
4909_low,4910,27,22,data\corrupted\blur_15x15_s5\images\27\4910.png,low,4909,15x15_s5
4839,4840,27,22,data\splits\pilot_100id\images\27\4840.png,high,4839,original
4839_low,4840,27,22,data\corrupted\blur_15x15_s5\images\27\4840.png,low,4839,15x15_s5
4890,4891,27,22,data\splits\pilot_100id\images\27\4891.png,high,4890,original
4890_low,4891,27,22,data\corrupted\blur_15x15_s5\images\27\4891.png,low,4890,15x15_s5
4848,4849,27,22,data\splits\pilot_100id\images\27\4849.png,high,4848,original
4848_low,4849,27,22,data\corrupted\blur_15x15_s5\images\27\4849.png,low,4848,15x15_s5
4854,4855,27,22,data\splits\pilot_100id\images\27\4855.png,high,4854,original
4854_low,4855,27,22,data\corrupted\blur_15x15_s5\images\27\4855.png,low,4854,15x15_s5
4956,4957,27,22,data\splits\pilot_100id\images\27\4957.png,high,4956,original
4956_low,4957,27,22,data\corrupted\blur_15x15_s5\images\27\4957.png,low,4956,15x15_s5
4929,4930,27,22,data\splits\pilot_100id\images\27\4930.png,high,4929,original
4929_low,4930,27,22,data\corrupted\blur_15x15_s5\images\27\4930.png,low,4929,15x15_s5
4975,4976,27,22,data\splits\pilot_100id\images\27\4976.png,high,4975,original
4975_low,4976,27,22,data\corrupted\blur_15x15_s5\images\27\4976.png,low,4975,15x15_s5
4840,4841,27,22,data\splits\pilot_100id\images\27\4841.png,high,4840,original
4840_low,4841,27,22,data\corrupted\blur_15x15_s5\images\27\4841.png,low,4840,15x15_s5
4899,4900,27,22,data\splits\pilot_100id\images\27\4900.png,high,4899,original
4899_low,4900,27,22,data\corrupted\blur_15x15_s5\images\27\4900.png,low,4899,15x15_s5
4842,4843,27,22,data\splits\pilot_100id\images\27\4843.png,high,4842,original
4842_low,4843,27,22,data\corrupted\blur_15x15_s5\images\27\4843.png,low,4842,15x15_s5
4836,4837,27,22,data\splits\pilot_100id\images\27\4837.png,high,4836,original
4836_low,4837,27,22,data\corrupted\blur_15x15_s5\images\27\4837.png,low,4836,15x15_s5
4833,4834,27,22,data\splits\pilot_100id\images\27\4834.png,high,4833,original
4833_low,4834,27,22,data\corrupted\blur_15x15_s5\images\27\4834.png,low,4833,15x15_s5
4855,4856,27,22,data\splits\pilot_100id\images\27\4856.png,high,4855,original
4855_low,4856,27,22,data\corrupted\blur_15x15_s5\images\27\4856.png,low,4855,15x15_s5
5096,5097,29,23,data\splits\pilot_100id\images\29\5097.png,high,5096,original
5096_low,5097,29,23,data\corrupted\blur_15x15_s5\images\29\5097.png,low,5096,15x15_s5
5093,5094,29,23,data\splits\pilot_100id\images\29\5094.png,high,5093,original
5093_low,5094,29,23,data\corrupted\blur_15x15_s5\images\29\5094.png,low,5093,15x15_s5
5089,5090,29,23,data\splits\pilot_100id\images\29\5090.png,high,5089,original
5089_low,5090,29,23,data\corrupted\blur_15x15_s5\images\29\5090.png,low,5089,15x15_s5
5110,5111,29,23,data\splits\pilot_100id\images\29\5111.png,high,5110,original
5110_low,5111,29,23,data\corrupted\blur_15x15_s5\images\29\5111.png,low,5110,15x15_s5
5049,5050,29,23,data\splits\pilot_100id\images\29\5050.png,high,5049,original
5049_low,5050,29,23,data\corrupted\blur_15x15_s5\images\29\5050.png,low,5049,15x15_s5
5095,5096,29,23,data\splits\pilot_100id\images\29\5096.png,high,5095,original
5095_low,5096,29,23,data\corrupted\blur_15x15_s5\images\29\5096.png,low,5095,15x15_s5
5085,5086,29,23,data\splits\pilot_100id\images\29\5086.png,high,5085,original
5085_low,5086,29,23,data\corrupted\blur_15x15_s5\images\29\5086.png,low,5085,15x15_s5
5058,5059,29,23,data\splits\pilot_100id\images\29\5059.png,high,5058,original
5058_low,5059,29,23,data\corrupted\blur_15x15_s5\images\29\5059.png,low,5058,15x15_s5
5016,5017,29,23,data\splits\pilot_100id\images\29\5017.png,high,5016,original
5016_low,5017,29,23,data\corrupted\blur_15x15_s5\images\29\5017.png,low,5016,15x15_s5
5026,5027,29,23,data\splits\pilot_100id\images\29\5027.png,high,5026,original
5026_low,5027,29,23,data\corrupted\blur_15x15_s5\images\29\5027.png,low,5026,15x15_s5
5080,5081,29,23,data\splits\pilot_100id\images\29\5081.png,high,5080,original
5080_low,5081,29,23,data\corrupted\blur_15x15_s5\images\29\5081.png,low,5080,15x15_s5
5046,5047,29,23,data\splits\pilot_100id\images\29\5047.png,high,5046,original
5046_low,5047,29,23,data\corrupted\blur_15x15_s5\images\29\5047.png,low,5046,15x15_s5
5034,5035,29,23,data\splits\pilot_100id\images\29\5035.png,high,5034,original
5034_low,5035,29,23,data\corrupted\blur_15x15_s5\images\29\5035.png,low,5034,15x15_s5
5020,5021,29,23,data\splits\pilot_100id\images\29\5021.png,high,5020,original
5020_low,5021,29,23,data\corrupted\blur_15x15_s5\images\29\5021.png,low,5020,15x15_s5
5047,5048,29,23,data\splits\pilot_100id\images\29\5048.png,high,5047,original
5047_low,5048,29,23,data\corrupted\blur_15x15_s5\images\29\5048.png,low,5047,15x15_s5
5042,5043,29,23,data\splits\pilot_100id\images\29\5043.png,high,5042,original
5042_low,5043,29,23,data\corrupted\blur_15x15_s5\images\29\5043.png,low,5042,15x15_s5
5028,5029,29,23,data\splits\pilot_100id\images\29\5029.png,high,5028,original
5028_low,5029,29,23,data\corrupted\blur_15x15_s5\images\29\5029.png,low,5028,15x15_s5
5038,5039,29,23,data\splits\pilot_100id\images\29\5039.png,high,5038,original
5038_low,5039,29,23,data\corrupted\blur_15x15_s5\images\29\5039.png,low,5038,15x15_s5
5069,5070,29,23,data\splits\pilot_100id\images\29\5070.png,high,5069,original
5069_low,5070,29,23,data\corrupted\blur_15x15_s5\images\29\5070.png,low,5069,15x15_s5
5101,5102,29,23,data\splits\pilot_100id\images\29\5102.png,high,5101,original
5101_low,5102,29,23,data\corrupted\blur_15x15_s5\images\29\5102.png,low,5101,15x15_s5
5056,5057,29,23,data\splits\pilot_100id\images\29\5057.png,high,5056,original
5056_low,5057,29,23,data\corrupted\blur_15x15_s5\images\29\5057.png,low,5056,15x15_s5
5083,5084,29,23,data\splits\pilot_100id\images\29\5084.png,high,5083,original
5083_low,5084,29,23,data\corrupted\blur_15x15_s5\images\29\5084.png,low,5083,15x15_s5
5031,5032,29,23,data\splits\pilot_100id\images\29\5032.png,high,5031,original
5031_low,5032,29,23,data\corrupted\blur_15x15_s5\images\29\5032.png,low,5031,15x15_s5
5084,5085,29,23,data\splits\pilot_100id\images\29\5085.png,high,5084,original
5084_low,5085,29,23,data\corrupted\blur_15x15_s5\images\29\5085.png,low,5084,15x15_s5
5104,5105,29,23,data\splits\pilot_100id\images\29\5105.png,high,5104,original
5104_low,5105,29,23,data\corrupted\blur_15x15_s5\images\29\5105.png,low,5104,15x15_s5
5134,5135,30,24,data\splits\pilot_100id\images\30\5135.png,high,5134,original
5134_low,5135,30,24,data\corrupted\blur_15x15_s5\images\30\5135.png,low,5134,15x15_s5
5112,5113,30,24,data\splits\pilot_100id\images\30\5113.png,high,5112,original
5112_low,5113,30,24,data\corrupted\blur_15x15_s5\images\30\5113.png,low,5112,15x15_s5
5159,5160,30,24,data\splits\pilot_100id\images\30\5160.png,high,5159,original
5159_low,5160,30,24,data\corrupted\blur_15x15_s5\images\30\5160.png,low,5159,15x15_s5
5116,5117,30,24,data\splits\pilot_100id\images\30\5117.png,high,5116,original
5116_low,5117,30,24,data\corrupted\blur_15x15_s5\images\30\5117.png,low,5116,15x15_s5
5165,5166,30,24,data\splits\pilot_100id\images\30\5166.png,high,5165,original
5165_low,5166,30,24,data\corrupted\blur_15x15_s5\images\30\5166.png,low,5165,15x15_s5
5130,5131,30,24,data\splits\pilot_100id\images\30\5131.png,high,5130,original
5130_low,5131,30,24,data\corrupted\blur_15x15_s5\images\30\5131.png,low,5130,15x15_s5
5122,5123,30,24,data\splits\pilot_100id\images\30\5123.png,high,5122,original
5122_low,5123,30,24,data\corrupted\blur_15x15_s5\images\30\5123.png,low,5122,15x15_s5
5145,5146,30,24,data\splits\pilot_100id\images\30\5146.png,high,5145,original
5145_low,5146,30,24,data\corrupted\blur_15x15_s5\images\30\5146.png,low,5145,15x15_s5
5156,5157,30,24,data\splits\pilot_100id\images\30\5157.png,high,5156,original
5156_low,5157,30,24,data\corrupted\blur_15x15_s5\images\30\5157.png,low,5156,15x15_s5
5124,5125,30,24,data\splits\pilot_100id\images\30\5125.png,high,5124,original
5124_low,5125,30,24,data\corrupted\blur_15x15_s5\images\30\5125.png,low,5124,15x15_s5
5143,5144,30,24,data\splits\pilot_100id\images\30\5144.png,high,5143,original
5143_low,5144,30,24,data\corrupted\blur_15x15_s5\images\30\5144.png,low,5143,15x15_s5
5121,5122,30,24,data\splits\pilot_100id\images\30\5122.png,high,5121,original
5121_low,5122,30,24,data\corrupted\blur_15x15_s5\images\30\5122.png,low,5121,15x15_s5
5171,5172,30,24,data\splits\pilot_100id\images\30\5172.png,high,5171,original
5171_low,5172,30,24,data\corrupted\blur_15x15_s5\images\30\5172.png,low,5171,15x15_s5
5117,5118,30,24,data\splits\pilot_100id\images\30\5118.png,high,5117,original
5117_low,5118,30,24,data\corrupted\blur_15x15_s5\images\30\5118.png,low,5117,15x15_s5
5180,5181,30,24,data\splits\pilot_100id\images\30\5181.png,high,5180,original
5180_low,5181,30,24,data\corrupted\blur_15x15_s5\images\30\5181.png,low,5180,15x15_s5
5142,5143,30,24,data\splits\pilot_100id\images\30\5143.png,high,5142,original
5142_low,5143,30,24,data\corrupted\blur_15x15_s5\images\30\5143.png,low,5142,15x15_s5
5169,5170,30,24,data\splits\pilot_100id\images\30\5170.png,high,5169,original
5169_low,5170,30,24,data\corrupted\blur_15x15_s5\images\30\5170.png,low,5169,15x15_s5
5147,5148,30,24,data\splits\pilot_100id\images\30\5148.png,high,5147,original
5147_low,5148,30,24,data\corrupted\blur_15x15_s5\images\30\5148.png,low,5147,15x15_s5
5168,5169,30,24,data\splits\pilot_100id\images\30\5169.png,high,5168,original
5168_low,5169,30,24,data\corrupted\blur_15x15_s5\images\30\5169.png,low,5168,15x15_s5
5158,5159,30,24,data\splits\pilot_100id\images\30\5159.png,high,5158,original
5158_low,5159,30,24,data\corrupted\blur_15x15_s5\images\30\5159.png,low,5158,15x15_s5
5128,5129,30,24,data\splits\pilot_100id\images\30\5129.png,high,5128,original
5128_low,5129,30,24,data\corrupted\blur_15x15_s5\images\30\5129.png,low,5128,15x15_s5
5146,5147,30,24,data\splits\pilot_100id\images\30\5147.png,high,5146,original
5146_low,5147,30,24,data\corrupted\blur_15x15_s5\images\30\5147.png,low,5146,15x15_s5
5154,5155,30,24,data\splits\pilot_100id\images\30\5155.png,high,5154,original
5154_low,5155,30,24,data\corrupted\blur_15x15_s5\images\30\5155.png,low,5154,15x15_s5
5140,5141,30,24,data\splits\pilot_100id\images\30\5141.png,high,5140,original
5140_low,5141,30,24,data\corrupted\blur_15x15_s5\images\30\5141.png,low,5140,15x15_s5
5119,5120,30,24,data\splits\pilot_100id\images\30\5120.png,high,5119,original
5119_low,5120,30,24,data\corrupted\blur_15x15_s5\images\30\5120.png,low,5119,15x15_s5
5371,5372,31,25,data\splits\pilot_100id\images\31\5372.png,high,5371,original
5371_low,5372,31,25,data\corrupted\blur_15x15_s5\images\31\5372.png,low,5371,15x15_s5
5187,5188,31,25,data\splits\pilot_100id\images\31\5188.png,high,5187,original
5187_low,5188,31,25,data\corrupted\blur_15x15_s5\images\31\5188.png,low,5187,15x15_s5
5260,5261,31,25,data\splits\pilot_100id\images\31\5261.png,high,5260,original
5260_low,5261,31,25,data\corrupted\blur_15x15_s5\images\31\5261.png,low,5260,15x15_s5
5386,5387,31,25,data\splits\pilot_100id\images\31\5387.png,high,5386,original
5386_low,5387,31,25,data\corrupted\blur_15x15_s5\images\31\5387.png,low,5386,15x15_s5
5298,5299,31,25,data\splits\pilot_100id\images\31\5299.png,high,5298,original
5298_low,5299,31,25,data\corrupted\blur_15x15_s5\images\31\5299.png,low,5298,15x15_s5
5366,5367,31,25,data\splits\pilot_100id\images\31\5367.png,high,5366,original
5366_low,5367,31,25,data\corrupted\blur_15x15_s5\images\31\5367.png,low,5366,15x15_s5
5382,5383,31,25,data\splits\pilot_100id\images\31\5383.png,high,5382,original
5382_low,5383,31,25,data\corrupted\blur_15x15_s5\images\31\5383.png,low,5382,15x15_s5
5348,5349,31,25,data\splits\pilot_100id\images\31\5349.png,high,5348,original
5348_low,5349,31,25,data\corrupted\blur_15x15_s5\images\31\5349.png,low,5348,15x15_s5
5190,5191,31,25,data\splits\pilot_100id\images\31\5191.png,high,5190,original
5190_low,5191,31,25,data\corrupted\blur_15x15_s5\images\31\5191.png,low,5190,15x15_s5
5211,5212,31,25,data\splits\pilot_100id\images\31\5212.png,high,5211,original
5211_low,5212,31,25,data\corrupted\blur_15x15_s5\images\31\5212.png,low,5211,15x15_s5
5361,5362,31,25,data\splits\pilot_100id\images\31\5362.png,high,5361,original
5361_low,5362,31,25,data\corrupted\blur_15x15_s5\images\31\5362.png,low,5361,15x15_s5
5402,5403,31,25,data\splits\pilot_100id\images\31\5403.png,high,5402,original
5402_low,5403,31,25,data\corrupted\blur_15x15_s5\images\31\5403.png,low,5402,15x15_s5
5410,5411,31,25,data\splits\pilot_100id\images\31\5411.png,high,5410,original
5410_low,5411,31,25,data\corrupted\blur_15x15_s5\images\31\5411.png,low,5410,15x15_s5
5397,5398,31,25,data\splits\pilot_100id\images\31\5398.png,high,5397,original
5397_low,5398,31,25,data\corrupted\blur_15x15_s5\images\31\5398.png,low,5397,15x15_s5
5317,5318,31,25,data\splits\pilot_100id\images\31\5318.png,high,5317,original
5317_low,5318,31,25,data\corrupted\blur_15x15_s5\images\31\5318.png,low,5317,15x15_s5
5249,5250,31,25,data\splits\pilot_100id\images\31\5250.png,high,5249,original
5249_low,5250,31,25,data\corrupted\blur_15x15_s5\images\31\5250.png,low,5249,15x15_s5
5379,5380,31,25,data\splits\pilot_100id\images\31\5380.png,high,5379,original
5379_low,5380,31,25,data\corrupted\blur_15x15_s5\images\31\5380.png,low,5379,15x15_s5
5196,5197,31,25,data\splits\pilot_100id\images\31\5197.png,high,5196,original
5196_low,5197,31,25,data\corrupted\blur_15x15_s5\images\31\5197.png,low,5196,15x15_s5
5277,5278,31,25,data\splits\pilot_100id\images\31\5278.png,high,5277,original
5277_low,5278,31,25,data\corrupted\blur_15x15_s5\images\31\5278.png,low,5277,15x15_s5
5205,5206,31,25,data\splits\pilot_100id\images\31\5206.png,high,5205,original
5205_low,5206,31,25,data\corrupted\blur_15x15_s5\images\31\5206.png,low,5205,15x15_s5
5415,5416,31,25,data\splits\pilot_100id\images\31\5416.png,high,5415,original
5415_low,5416,31,25,data\corrupted\blur_15x15_s5\images\31\5416.png,low,5415,15x15_s5
5200,5201,31,25,data\splits\pilot_100id\images\31\5201.png,high,5200,original
5200_low,5201,31,25,data\corrupted\blur_15x15_s5\images\31\5201.png,low,5200,15x15_s5
5301,5302,31,25,data\splits\pilot_100id\images\31\5302.png,high,5301,original
5301_low,5302,31,25,data\corrupted\blur_15x15_s5\images\31\5302.png,low,5301,15x15_s5
5333,5334,31,25,data\splits\pilot_100id\images\31\5334.png,high,5333,original
5333_low,5334,31,25,data\corrupted\blur_15x15_s5\images\31\5334.png,low,5333,15x15_s5
5214,5215,31,25,data\splits\pilot_100id\images\31\5215.png,high,5214,original
5214_low,5215,31,25,data\corrupted\blur_15x15_s5\images\31\5215.png,low,5214,15x15_s5
5655,5656,32,26,data\splits\pilot_100id\images\32\5656.png,high,5655,original
5655_low,5656,32,26,data\corrupted\blur_15x15_s5\images\32\5656.png,low,5655,15x15_s5
5502,5503,32,26,data\splits\pilot_100id\images\32\5503.png,high,5502,original
5502_low,5503,32,26,data\corrupted\blur_15x15_s5\images\32\5503.png,low,5502,15x15_s5
5445,5446,32,26,data\splits\pilot_100id\images\32\5446.png,high,5445,original
5445_low,5446,32,26,data\corrupted\blur_15x15_s5\images\32\5446.png,low,5445,15x15_s5
5606,5607,32,26,data\splits\pilot_100id\images\32\5607.png,high,5606,original
5606_low,5607,32,26,data\corrupted\blur_15x15_s5\images\32\5607.png,low,5606,15x15_s5
5451,5452,32,26,data\splits\pilot_100id\images\32\5452.png,high,5451,original
5451_low,5452,32,26,data\corrupted\blur_15x15_s5\images\32\5452.png,low,5451,15x15_s5
5637,5638,32,26,data\splits\pilot_100id\images\32\5638.png,high,5637,original
5637_low,5638,32,26,data\corrupted\blur_15x15_s5\images\32\5638.png,low,5637,15x15_s5
5461,5462,32,26,data\splits\pilot_100id\images\32\5462.png,high,5461,original
5461_low,5462,32,26,data\corrupted\blur_15x15_s5\images\32\5462.png,low,5461,15x15_s5
5633,5634,32,26,data\splits\pilot_100id\images\32\5634.png,high,5633,original
5633_low,5634,32,26,data\corrupted\blur_15x15_s5\images\32\5634.png,low,5633,15x15_s5
5590,5591,32,26,data\splits\pilot_100id\images\32\5591.png,high,5590,original
5590_low,5591,32,26,data\corrupted\blur_15x15_s5\images\32\5591.png,low,5590,15x15_s5
5562,5563,32,26,data\splits\pilot_100id\images\32\5563.png,high,5562,original
5562_low,5563,32,26,data\corrupted\blur_15x15_s5\images\32\5563.png,low,5562,15x15_s5
5652,5653,32,26,data\splits\pilot_100id\images\32\5653.png,high,5652,original
5652_low,5653,32,26,data\corrupted\blur_15x15_s5\images\32\5653.png,low,5652,15x15_s5
5455,5456,32,26,data\splits\pilot_100id\images\32\5456.png,high,5455,original
5455_low,5456,32,26,data\corrupted\blur_15x15_s5\images\32\5456.png,low,5455,15x15_s5
5532,5533,32,26,data\splits\pilot_100id\images\32\5533.png,high,5532,original
5532_low,5533,32,26,data\corrupted\blur_15x15_s5\images\32\5533.png,low,5532,15x15_s5
5614,5615,32,26,data\splits\pilot_100id\images\32\5615.png,high,5614,original
5614_low,5615,32,26,data\corrupted\blur_15x15_s5\images\32\5615.png,low,5614,15x15_s5
5611,5612,32,26,data\splits\pilot_100id\images\32\5612.png,high,5611,original
5611_low,5612,32,26,data\corrupted\blur_15x15_s5\images\32\5612.png,low,5611,15x15_s5
5573,5574,32,26,data\splits\pilot_100id\images\32\5574.png,high,5573,original
5573_low,5574,32,26,data\corrupted\blur_15x15_s5\images\32\5574.png,low,5573,15x15_s5
5582,5583,32,26,data\splits\pilot_100id\images\32\5583.png,high,5582,original
5582_low,5583,32,26,data\corrupted\blur_15x15_s5\images\32\5583.png,low,5582,15x15_s5
5466,5467,32,26,data\splits\pilot_100id\images\32\5467.png,high,5466,original
5466_low,5467,32,26,data\corrupted\blur_15x15_s5\images\32\5467.png,low,5466,15x15_s5
5663,5664,32,26,data\splits\pilot_100id\images\32\5664.png,high,5663,original
5663_low,5664,32,26,data\corrupted\blur_15x15_s5\images\32\5664.png,low,5663,15x15_s5
5621,5622,32,26,data\splits\pilot_100id\images\32\5622.png,high,5621,original
5621_low,5622,32,26,data\corrupted\blur_15x15_s5\images\32\5622.png,low,5621,15x15_s5
5544,5545,32,26,data\splits\pilot_100id\images\32\5545.png,high,5544,original
5544_low,5545,32,26,data\corrupted\blur_15x15_s5\images\32\5545.png,low,5544,15x15_s5
5598,5599,32,26,data\splits\pilot_100id\images\32\5599.png,high,5598,original
5598_low,5599,32,26,data\corrupted\blur_15x15_s5\images\32\5599.png,low,5598,15x15_s5
5642,5643,32,26,data\splits\pilot_100id\images\32\5643.png,high,5642,original
5642_low,5643,32,26,data\corrupted\blur_15x15_s5\images\32\5643.png,low,5642,15x15_s5
5617,5618,32,26,data\splits\pilot_100id\images\32\5618.png,high,5617,original
5617_low,5618,32,26,data\corrupted\blur_15x15_s5\images\32\5618.png,low,5617,15x15_s5
5561,5562,32,26,data\splits\pilot_100id\images\32\5562.png,high,5561,original
5561_low,5562,32,26,data\corrupted\blur_15x15_s5\images\32\5562.png,low,5561,15x15_s5
5750,5751,33,27,data\splits\pilot_100id\images\33\5751.png,high,5750,original
5750_low,5751,33,27,data\corrupted\blur_15x15_s5\images\33\5751.png,low,5750,15x15_s5
5683,5684,33,27,data\splits\pilot_100id\images\33\5684.png,high,5683,original
5683_low,5684,33,27,data\corrupted\blur_15x15_s5\images\33\5684.png,low,5683,15x15_s5
5779,5780,33,27,data\splits\pilot_100id\images\33\5780.png,high,5779,original
5779_low,5780,33,27,data\corrupted\blur_15x15_s5\images\33\5780.png,low,5779,15x15_s5
5845,5846,33,27,data\splits\pilot_100id\images\33\5846.png,high,5845,original
5845_low,5846,33,27,data\corrupted\blur_15x15_s5\images\33\5846.png,low,5845,15x15_s5
5744,5745,33,27,data\splits\pilot_100id\images\33\5745.png,high,5744,original
5744_low,5745,33,27,data\corrupted\blur_15x15_s5\images\33\5745.png,low,5744,15x15_s5
5831,5832,33,27,data\splits\pilot_100id\images\33\5832.png,high,5831,original
5831_low,5832,33,27,data\corrupted\blur_15x15_s5\images\33\5832.png,low,5831,15x15_s5
5736,5737,33,27,data\splits\pilot_100id\images\33\5737.png,high,5736,original
5736_low,5737,33,27,data\corrupted\blur_15x15_s5\images\33\5737.png,low,5736,15x15_s5
5735,5736,33,27,data\splits\pilot_100id\images\33\5736.png,high,5735,original
5735_low,5736,33,27,data\corrupted\blur_15x15_s5\images\33\5736.png,low,5735,15x15_s5
5788,5789,33,27,data\splits\pilot_100id\images\33\5789.png,high,5788,original
5788_low,5789,33,27,data\corrupted\blur_15x15_s5\images\33\5789.png,low,5788,15x15_s5
5841,5842,33,27,data\splits\pilot_100id\images\33\5842.png,high,5841,original
5841_low,5842,33,27,data\corrupted\blur_15x15_s5\images\33\5842.png,low,5841,15x15_s5
5844,5845,33,27,data\splits\pilot_100id\images\33\5845.png,high,5844,original
5844_low,5845,33,27,data\corrupted\blur_15x15_s5\images\33\5845.png,low,5844,15x15_s5
5816,5817,33,27,data\splits\pilot_100id\images\33\5817.png,high,5816,original
5816_low,5817,33,27,data\corrupted\blur_15x15_s5\images\33\5817.png,low,5816,15x15_s5
5733,5734,33,27,data\splits\pilot_100id\images\33\5734.png,high,5733,original
5733_low,5734,33,27,data\corrupted\blur_15x15_s5\images\33\5734.png,low,5733,15x15_s5
5698,5699,33,27,data\splits\pilot_100id\images\33\5699.png,high,5698,original
5698_low,5699,33,27,data\corrupted\blur_15x15_s5\images\33\5699.png,low,5698,15x15_s5
5754,5755,33,27,data\splits\pilot_100id\images\33\5755.png,high,5754,original
5754_low,5755,33,27,data\corrupted\blur_15x15_s5\images\33\5755.png,low,5754,15x15_s5
5753,5754,33,27,data\splits\pilot_100id\images\33\5754.png,high,5753,original
5753_low,5754,33,27,data\corrupted\blur_15x15_s5\images\33\5754.png,low,5753,15x15_s5
5723,5724,33,27,data\splits\pilot_100id\images\33\5724.png,high,5723,original
5723_low,5724,33,27,data\corrupted\blur_15x15_s5\images\33\5724.png,low,5723,15x15_s5
5728,5729,33,27,data\splits\pilot_100id\images\33\5729.png,high,5728,original
5728_low,5729,33,27,data\corrupted\blur_15x15_s5\images\33\5729.png,low,5728,15x15_s5
5758,5759,33,27,data\splits\pilot_100id\images\33\5759.png,high,5758,original
5758_low,5759,33,27,data\corrupted\blur_15x15_s5\images\33\5759.png,low,5758,15x15_s5
5827,5828,33,27,data\splits\pilot_100id\images\33\5828.png,high,5827,original
5827_low,5828,33,27,data\corrupted\blur_15x15_s5\images\33\5828.png,low,5827,15x15_s5
5684,5685,33,27,data\splits\pilot_100id\images\33\5685.png,high,5684,original
5684_low,5685,33,27,data\corrupted\blur_15x15_s5\images\33\5685.png,low,5684,15x15_s5
5792,5793,33,27,data\splits\pilot_100id\images\33\5793.png,high,5792,original
5792_low,5793,33,27,data\corrupted\blur_15x15_s5\images\33\5793.png,low,5792,15x15_s5
5764,5765,33,27,data\splits\pilot_100id\images\33\5765.png,high,5764,original
5764_low,5765,33,27,data\corrupted\blur_15x15_s5\images\33\5765.png,low,5764,15x15_s5
5840,5841,33,27,data\splits\pilot_100id\images\33\5841.png,high,5840,original
5840_low,5841,33,27,data\corrupted\blur_15x15_s5\images\33\5841.png,low,5840,15x15_s5
5734,5735,33,27,data\splits\pilot_100id\images\33\5735.png,high,5734,original
5734_low,5735,33,27,data\corrupted\blur_15x15_s5\images\33\5735.png,low,5734,15x15_s5
5940,5941,34,28,data\splits\pilot_100id\images\34\5941.png,high,5940,original
5940_low,5941,34,28,data\corrupted\blur_15x15_s5\images\34\5941.png,low,5940,15x15_s5
6147,6148,34,28,data\splits\pilot_100id\images\34\6148.png,high,6147,original
6147_low,6148,34,28,data\corrupted\blur_15x15_s5\images\34\6148.png,low,6147,15x15_s5
5892,5893,34,28,data\splits\pilot_100id\images\34\5893.png,high,5892,original
5892_low,5893,34,28,data\corrupted\blur_15x15_s5\images\34\5893.png,low,5892,15x15_s5
6122,6123,34,28,data\splits\pilot_100id\images\34\6123.png,high,6122,original
6122_low,6123,34,28,data\corrupted\blur_15x15_s5\images\34\6123.png,low,6122,15x15_s5
5876,5877,34,28,data\splits\pilot_100id\images\34\5877.png,high,5876,original
5876_low,5877,34,28,data\corrupted\blur_15x15_s5\images\34\5877.png,low,5876,15x15_s5
5968,5969,34,28,data\splits\pilot_100id\images\34\5969.png,high,5968,original
5968_low,5969,34,28,data\corrupted\blur_15x15_s5\images\34\5969.png,low,5968,15x15_s5
6043,6044,34,28,data\splits\pilot_100id\images\34\6044.png,high,6043,original
6043_low,6044,34,28,data\corrupted\blur_15x15_s5\images\34\6044.png,low,6043,15x15_s5
6053,6054,34,28,data\splits\pilot_100id\images\34\6054.png,high,6053,original
6053_low,6054,34,28,data\corrupted\blur_15x15_s5\images\34\6054.png,low,6053,15x15_s5
5930,5931,34,28,data\splits\pilot_100id\images\34\5931.png,high,5930,original
5930_low,5931,34,28,data\corrupted\blur_15x15_s5\images\34\5931.png,low,5930,15x15_s5
5983,5984,34,28,data\splits\pilot_100id\images\34\5984.png,high,5983,original
5983_low,5984,34,28,data\corrupted\blur_15x15_s5\images\34\5984.png,low,5983,15x15_s5
6106,6107,34,28,data\splits\pilot_100id\images\34\6107.png,high,6106,original
6106_low,6107,34,28,data\corrupted\blur_15x15_s5\images\34\6107.png,low,6106,15x15_s5
5942,5943,34,28,data\splits\pilot_100id\images\34\5943.png,high,5942,original
5942_low,5943,34,28,data\corrupted\blur_15x15_s5\images\34\5943.png,low,5942,15x15_s5
6031,6032,34,28,data\splits\pilot_100id\images\34\6032.png,high,6031,original
6031_low,6032,34,28,data\corrupted\blur_15x15_s5\images\34\6032.png,low,6031,15x15_s5
6040,6041,34,28,data\splits\pilot_100id\images\34\6041.png,high,6040,original
6040_low,6041,34,28,data\corrupted\blur_15x15_s5\images\34\6041.png,low,6040,15x15_s5
6077,6078,34,28,data\splits\pilot_100id\images\34\6078.png,high,6077,original
6077_low,6078,34,28,data\corrupted\blur_15x15_s5\images\34\6078.png,low,6077,15x15_s5
5951,5952,34,28,data\splits\pilot_100id\images\34\5952.png,high,5951,original
5951_low,5952,34,28,data\corrupted\blur_15x15_s5\images\34\5952.png,low,5951,15x15_s5
6052,6053,34,28,data\splits\pilot_100id\images\34\6053.png,high,6052,original
6052_low,6053,34,28,data\corrupted\blur_15x15_s5\images\34\6053.png,low,6052,15x15_s5
5999,6000,34,28,data\splits\pilot_100id\images\34\6000.png,high,5999,original
5999_low,6000,34,28,data\corrupted\blur_15x15_s5\images\34\6000.png,low,5999,15x15_s5
6179,6180,34,28,data\splits\pilot_100id\images\34\6180.png,high,6179,original
6179_low,6180,34,28,data\corrupted\blur_15x15_s5\images\34\6180.png,low,6179,15x15_s5
6112,6113,34,28,data\splits\pilot_100id\images\34\6113.png,high,6112,original
6112_low,6113,34,28,data\corrupted\blur_15x15_s5\images\34\6113.png,low,6112,15x15_s5
6069,6070,34,28,data\splits\pilot_100id\images\34\6070.png,high,6069,original
6069_low,6070,34,28,data\corrupted\blur_15x15_s5\images\34\6070.png,low,6069,15x15_s5
6044,6045,34,28,data\splits\pilot_100id\images\34\6045.png,high,6044,original
6044_low,6045,34,28,data\corrupted\blur_15x15_s5\images\34\6045.png,low,6044,15x15_s5
6064,6065,34,28,data\splits\pilot_100id\images\34\6065.png,high,6064,original
6064_low,6065,34,28,data\corrupted\blur_15x15_s5\images\34\6065.png,low,6064,15x15_s5
5975,5976,34,28,data\splits\pilot_100id\images\34\5976.png,high,5975,original
5975_low,5976,34,28,data\corrupted\blur_15x15_s5\images\34\5976.png,low,5975,15x15_s5
5909,5910,34,28,data\splits\pilot_100id\images\34\5910.png,high,5909,original
5909_low,5910,34,28,data\corrupted\blur_15x15_s5\images\34\5910.png,low,5909,15x15_s5
6297,6298,35,29,data\splits\pilot_100id\images\35\6298.png,high,6297,original
6297_low,6298,35,29,data\corrupted\blur_15x15_s5\images\35\6298.png,low,6297,15x15_s5
6348,6349,35,29,data\splits\pilot_100id\images\35\6349.png,high,6348,original
6348_low,6349,35,29,data\corrupted\blur_15x15_s5\images\35\6349.png,low,6348,15x15_s5
6353,6354,35,29,data\splits\pilot_100id\images\35\6354.png,high,6353,original
6353_low,6354,35,29,data\corrupted\blur_15x15_s5\images\35\6354.png,low,6353,15x15_s5
6285,6286,35,29,data\splits\pilot_100id\images\35\6286.png,high,6285,original
6285_low,6286,35,29,data\corrupted\blur_15x15_s5\images\35\6286.png,low,6285,15x15_s5
6284,6285,35,29,data\splits\pilot_100id\images\35\6285.png,high,6284,original
6284_low,6285,35,29,data\corrupted\blur_15x15_s5\images\35\6285.png,low,6284,15x15_s5
6199,6200,35,29,data\splits\pilot_100id\images\35\6200.png,high,6199,original
6199_low,6200,35,29,data\corrupted\blur_15x15_s5\images\35\6200.png,low,6199,15x15_s5
6361,6362,35,29,data\splits\pilot_100id\images\35\6362.png,high,6361,original
6361_low,6362,35,29,data\corrupted\blur_15x15_s5\images\35\6362.png,low,6361,15x15_s5
6219,6220,35,29,data\splits\pilot_100id\images\35\6220.png,high,6219,original
6219_low,6220,35,29,data\corrupted\blur_15x15_s5\images\35\6220.png,low,6219,15x15_s5
6303,6304,35,29,data\splits\pilot_100id\images\35\6304.png,high,6303,original
6303_low,6304,35,29,data\corrupted\blur_15x15_s5\images\35\6304.png,low,6303,15x15_s5
6336,6337,35,29,data\splits\pilot_100id\images\35\6337.png,high,6336,original
6336_low,6337,35,29,data\corrupted\blur_15x15_s5\images\35\6337.png,low,6336,15x15_s5
6208,6209,35,29,data\splits\pilot_100id\images\35\6209.png,high,6208,original
6208_low,6209,35,29,data\corrupted\blur_15x15_s5\images\35\6209.png,low,6208,15x15_s5
6260,6261,35,29,data\splits\pilot_100id\images\35\6261.png,high,6260,original
6260_low,6261,35,29,data\corrupted\blur_15x15_s5\images\35\6261.png,low,6260,15x15_s5
6340,6341,35,29,data\splits\pilot_100id\images\35\6341.png,high,6340,original
6340_low,6341,35,29,data\corrupted\blur_15x15_s5\images\35\6341.png,low,6340,15x15_s5
6302,6303,35,29,data\splits\pilot_100id\images\35\6303.png,high,6302,original
6302_low,6303,35,29,data\corrupted\blur_15x15_s5\images\35\6303.png,low,6302,15x15_s5
6252,6253,35,29,data\splits\pilot_100id\images\35\6253.png,high,6252,original
6252_low,6253,35,29,data\corrupted\blur_15x15_s5\images\35\6253.png,low,6252,15x15_s5
6200,6201,35,29,data\splits\pilot_100id\images\35\6201.png,high,6200,original
6200_low,6201,35,29,data\corrupted\blur_15x15_s5\images\35\6201.png,low,6200,15x15_s5
6306,6307,35,29,data\splits\pilot_100id\images\35\6307.png,high,6306,original
6306_low,6307,35,29,data\corrupted\blur_15x15_s5\images\35\6307.png,low,6306,15x15_s5
6214,6215,35,29,data\splits\pilot_100id\images\35\6215.png,high,6214,original
6214_low,6215,35,29,data\corrupted\blur_15x15_s5\images\35\6215.png,low,6214,15x15_s5
6320,6321,35,29,data\splits\pilot_100id\images\35\6321.png,high,6320,original
6320_low,6321,35,29,data\corrupted\blur_15x15_s5\images\35\6321.png,low,6320,15x15_s5
6203,6204,35,29,data\splits\pilot_100id\images\35\6204.png,high,6203,original
6203_low,6204,35,29,data\corrupted\blur_15x15_s5\images\35\6204.png,low,6203,15x15_s5
6259,6260,35,29,data\splits\pilot_100id\images\35\6260.png,high,6259,original
6259_low,6260,35,29,data\corrupted\blur_15x15_s5\images\35\6260.png,low,6259,15x15_s5
6299,6300,35,29,data\splits\pilot_100id\images\35\6300.png,high,6299,original
6299_low,6300,35,29,data\corrupted\blur_15x15_s5\images\35\6300.png,low,6299,15x15_s5
6310,6311,35,29,data\splits\pilot_100id\images\35\6311.png,high,6310,original
6310_low,6311,35,29,data\corrupted\blur_15x15_s5\images\35\6311.png,low,6310,15x15_s5
6331,6332,35,29,data\splits\pilot_100id\images\35\6332.png,high,6331,original
6331_low,6332,35,29,data\corrupted\blur_15x15_s5\images\35\6332.png,low,6331,15x15_s5
6253,6254,35,29,data\splits\pilot_100id\images\35\6254.png,high,6253,original
6253_low,6254,35,29,data\corrupted\blur_15x15_s5\images\35\6254.png,low,6253,15x15_s5
6385,6386,36,30,data\splits\pilot_100id\images\36\6386.png,high,6385,original
6385_low,6386,36,30,data\corrupted\blur_15x15_s5\images\36\6386.png,low,6385,15x15_s5
6379,6380,36,30,data\splits\pilot_100id\images\36\6380.png,high,6379,original
6379_low,6380,36,30,data\corrupted\blur_15x15_s5\images\36\6380.png,low,6379,15x15_s5
6485,6486,36,30,data\splits\pilot_100id\images\36\6486.png,high,6485,original
6485_low,6486,36,30,data\corrupted\blur_15x15_s5\images\36\6486.png,low,6485,15x15_s5
6448,6449,36,30,data\splits\pilot_100id\images\36\6449.png,high,6448,original
6448_low,6449,36,30,data\corrupted\blur_15x15_s5\images\36\6449.png,low,6448,15x15_s5
6436,6437,36,30,data\splits\pilot_100id\images\36\6437.png,high,6436,original
6436_low,6437,36,30,data\corrupted\blur_15x15_s5\images\36\6437.png,low,6436,15x15_s5
6415,6416,36,30,data\splits\pilot_100id\images\36\6416.png,high,6415,original
6415_low,6416,36,30,data\corrupted\blur_15x15_s5\images\36\6416.png,low,6415,15x15_s5
6502,6503,36,30,data\splits\pilot_100id\images\36\6503.png,high,6502,original
6502_low,6503,36,30,data\corrupted\blur_15x15_s5\images\36\6503.png,low,6502,15x15_s5
6531,6532,36,30,data\splits\pilot_100id\images\36\6532.png,high,6531,original
6531_low,6532,36,30,data\corrupted\blur_15x15_s5\images\36\6532.png,low,6531,15x15_s5
6571,6572,36,30,data\splits\pilot_100id\images\36\6572.png,high,6571,original
6571_low,6572,36,30,data\corrupted\blur_15x15_s5\images\36\6572.png,low,6571,15x15_s5
6551,6552,36,30,data\splits\pilot_100id\images\36\6552.png,high,6551,original
6551_low,6552,36,30,data\corrupted\blur_15x15_s5\images\36\6552.png,low,6551,15x15_s5
6439,6440,36,30,data\splits\pilot_100id\images\36\6440.png,high,6439,original
6439_low,6440,36,30,data\corrupted\blur_15x15_s5\images\36\6440.png,low,6439,15x15_s5
6533,6534,36,30,data\splits\pilot_100id\images\36\6534.png,high,6533,original
6533_low,6534,36,30,data\corrupted\blur_15x15_s5\images\36\6534.png,low,6533,15x15_s5
6537,6538,36,30,data\splits\pilot_100id\images\36\6538.png,high,6537,original
6537_low,6538,36,30,data\corrupted\blur_15x15_s5\images\36\6538.png,low,6537,15x15_s5
6522,6523,36,30,data\splits\pilot_100id\images\36\6523.png,high,6522,original
6522_low,6523,36,30,data\corrupted\blur_15x15_s5\images\36\6523.png,low,6522,15x15_s5
6426,6427,36,30,data\splits\pilot_100id\images\36\6427.png,high,6426,original
6426_low,6427,36,30,data\corrupted\blur_15x15_s5\images\36\6427.png,low,6426,15x15_s5
6561,6562,36,30,data\splits\pilot_100id\images\36\6562.png,high,6561,original
6561_low,6562,36,30,data\corrupted\blur_15x15_s5\images\36\6562.png,low,6561,15x15_s5
6388,6389,36,30,data\splits\pilot_100id\images\36\6389.png,high,6388,original
6388_low,6389,36,30,data\corrupted\blur_15x15_s5\images\36\6389.png,low,6388,15x15_s5
6449,6450,36,30,data\splits\pilot_100id\images\36\6450.png,high,6449,original
6449_low,6450,36,30,data\corrupted\blur_15x15_s5\images\36\6450.png,low,6449,15x15_s5
6425,6426,36,30,data\splits\pilot_100id\images\36\6426.png,high,6425,original
6425_low,6426,36,30,data\corrupted\blur_15x15_s5\images\36\6426.png,low,6425,15x15_s5
6516,6517,36,30,data\splits\pilot_100id\images\36\6517.png,high,6516,original
6516_low,6517,36,30,data\corrupted\blur_15x15_s5\images\36\6517.png,low,6516,15x15_s5
6547,6548,36,30,data\splits\pilot_100id\images\36\6548.png,high,6547,original
6547_low,6548,36,30,data\corrupted\blur_15x15_s5\images\36\6548.png,low,6547,15x15_s5
6467,6468,36,30,data\splits\pilot_100id\images\36\6468.png,high,6467,original
6467_low,6468,36,30,data\corrupted\blur_15x15_s5\images\36\6468.png,low,6467,15x15_s5
6465,6466,36,30,data\splits\pilot_100id\images\36\6466.png,high,6465,original
6465_low,6466,36,30,data\corrupted\blur_15x15_s5\images\36\6466.png,low,6465,15x15_s5
6400,6401,36,30,data\splits\pilot_100id\images\36\6401.png,high,6400,original
6400_low,6401,36,30,data\corrupted\blur_15x15_s5\images\36\6401.png,low,6400,15x15_s5
6497,6498,36,30,data\splits\pilot_100id\images\36\6498.png,high,6497,original
6497_low,6498,36,30,data\corrupted\blur_15x15_s5\images\36\6498.png,low,6497,15x15_s5
7120,7121,37,31,data\splits\pilot_100id\images\37\7121.png,high,7120,original
7120_low,7121,37,31,data\corrupted\blur_15x15_s5\images\37\7121.png,low,7120,15x15_s5
6655,6656,37,31,data\splits\pilot_100id\images\37\6656.png,high,6655,original
6655_low,6656,37,31,data\corrupted\blur_15x15_s5\images\37\6656.png,low,6655,15x15_s5
6714,6715,37,31,data\splits\pilot_100id\images\37\6715.png,high,6714,original
6714_low,6715,37,31,data\corrupted\blur_15x15_s5\images\37\6715.png,low,6714,15x15_s5
6653,6654,37,31,data\splits\pilot_100id\images\37\6654.png,high,6653,original
6653_low,6654,37,31,data\corrupted\blur_15x15_s5\images\37\6654.png,low,6653,15x15_s5
6845,6846,37,31,data\splits\pilot_100id\images\37\6846.png,high,6845,original
6845_low,6846,37,31,data\corrupted\blur_15x15_s5\images\37\6846.png,low,6845,15x15_s5
6803,6804,37,31,data\splits\pilot_100id\images\37\6804.png,high,6803,original
6803_low,6804,37,31,data\corrupted\blur_15x15_s5\images\37\6804.png,low,6803,15x15_s5
7003,7004,37,31,data\splits\pilot_100id\images\37\7004.png,high,7003,original
7003_low,7004,37,31,data\corrupted\blur_15x15_s5\images\37\7004.png,low,7003,15x15_s5
6974,6975,37,31,data\splits\pilot_100id\images\37\6975.png,high,6974,original
6974_low,6975,37,31,data\corrupted\blur_15x15_s5\images\37\6975.png,low,6974,15x15_s5
6656,6657,37,31,data\splits\pilot_100id\images\37\6657.png,high,6656,original
6656_low,6657,37,31,data\corrupted\blur_15x15_s5\images\37\6657.png,low,6656,15x15_s5
6879,6880,37,31,data\splits\pilot_100id\images\37\6880.png,high,6879,original
6879_low,6880,37,31,data\corrupted\blur_15x15_s5\images\37\6880.png,low,6879,15x15_s5
6759,6760,37,31,data\splits\pilot_100id\images\37\6760.png,high,6759,original
6759_low,6760,37,31,data\corrupted\blur_15x15_s5\images\37\6760.png,low,6759,15x15_s5
6584,6585,37,31,data\splits\pilot_100id\images\37\6585.png,high,6584,original
6584_low,6585,37,31,data\corrupted\blur_15x15_s5\images\37\6585.png,low,6584,15x15_s5
6657,6658,37,31,data\splits\pilot_100id\images\37\6658.png,high,6657,original
6657_low,6658,37,31,data\corrupted\blur_15x15_s5\images\37\6658.png,low,6657,15x15_s5
6796,6797,37,31,data\splits\pilot_100id\images\37\6797.png,high,6796,original
6796_low,6797,37,31,data\corrupted\blur_15x15_s5\images\37\6797.png,low,6796,15x15_s5
6839,6840,37,31,data\splits\pilot_100id\images\37\6840.png,high,6839,original
6839_low,6840,37,31,data\corrupted\blur_15x15_s5\images\37\6840.png,low,6839,15x15_s5
6658,6659,37,31,data\splits\pilot_100id\images\37\6659.png,high,6658,original
6658_low,6659,37,31,data\corrupted\blur_15x15_s5\images\37\6659.png,low,6658,15x15_s5
7096,7097,37,31,data\splits\pilot_100id\images\37\7097.png,high,7096,original
7096_low,7097,37,31,data\corrupted\blur_15x15_s5\images\37\7097.png,low,7096,15x15_s5
6580,6581,37,31,data\splits\pilot_100id\images\37\6581.png,high,6580,original
6580_low,6581,37,31,data\corrupted\blur_15x15_s5\images\37\6581.png,low,6580,15x15_s5
6849,6850,37,31,data\splits\pilot_100id\images\37\6850.png,high,6849,original
6849_low,6850,37,31,data\corrupted\blur_15x15_s5\images\37\6850.png,low,6849,15x15_s5
6982,6983,37,31,data\splits\pilot_100id\images\37\6983.png,high,6982,original
6982_low,6983,37,31,data\corrupted\blur_15x15_s5\images\37\6983.png,low,6982,15x15_s5
7005,7006,37,31,data\splits\pilot_100id\images\37\7006.png,high,7005,original
7005_low,7006,37,31,data\corrupted\blur_15x15_s5\images\37\7006.png,low,7005,15x15_s5
6729,6730,37,31,data\splits\pilot_100id\images\37\6730.png,high,6729,original
6729_low,6730,37,31,data\corrupted\blur_15x15_s5\images\37\6730.png,low,6729,15x15_s5
6705,6706,37,31,data\splits\pilot_100id\images\37\6706.png,high,6705,original
6705_low,6706,37,31,data\corrupted\blur_15x15_s5\images\37\6706.png,low,6705,15x15_s5
6683,6684,37,31,data\splits\pilot_100id\images\37\6684.png,high,6683,original
6683_low,6684,37,31,data\corrupted\blur_15x15_s5\images\37\6684.png,low,6683,15x15_s5
6647,6648,37,31,data\splits\pilot_100id\images\37\6648.png,high,6647,original
6647_low,6648,37,31,data\corrupted\blur_15x15_s5\images\37\6648.png,low,6647,15x15_s5
7190,7191,38,32,data\splits\pilot_100id\images\38\7191.png,high,7190,original
7190_low,7191,38,32,data\corrupted\blur_15x15_s5\images\38\7191.png,low,7190,15x15_s5
7239,7240,38,32,data\splits\pilot_100id\images\38\7240.png,high,7239,original
7239_low,7240,38,32,data\corrupted\blur_15x15_s5\images\38\7240.png,low,7239,15x15_s5
7141,7142,38,32,data\splits\pilot_100id\images\38\7142.png,high,7141,original
7141_low,7142,38,32,data\corrupted\blur_15x15_s5\images\38\7142.png,low,7141,15x15_s5
7266,7267,38,32,data\splits\pilot_100id\images\38\7267.png,high,7266,original
7266_low,7267,38,32,data\corrupted\blur_15x15_s5\images\38\7267.png,low,7266,15x15_s5
7281,7282,38,32,data\splits\pilot_100id\images\38\7282.png,high,7281,original
7281_low,7282,38,32,data\corrupted\blur_15x15_s5\images\38\7282.png,low,7281,15x15_s5
7251,7252,38,32,data\splits\pilot_100id\images\38\7252.png,high,7251,original
7251_low,7252,38,32,data\corrupted\blur_15x15_s5\images\38\7252.png,low,7251,15x15_s5
7265,7266,38,32,data\splits\pilot_100id\images\38\7266.png,high,7265,original
7265_low,7266,38,32,data\corrupted\blur_15x15_s5\images\38\7266.png,low,7265,15x15_s5
7155,7156,38,32,data\splits\pilot_100id\images\38\7156.png,high,7155,original
7155_low,7156,38,32,data\corrupted\blur_15x15_s5\images\38\7156.png,low,7155,15x15_s5
7143,7144,38,32,data\splits\pilot_100id\images\38\7144.png,high,7143,original
7143_low,7144,38,32,data\corrupted\blur_15x15_s5\images\38\7144.png,low,7143,15x15_s5
7292,7293,38,32,data\splits\pilot_100id\images\38\7293.png,high,7292,original
7292_low,7293,38,32,data\corrupted\blur_15x15_s5\images\38\7293.png,low,7292,15x15_s5
7283,7284,38,32,data\splits\pilot_100id\images\38\7284.png,high,7283,original
7283_low,7284,38,32,data\corrupted\blur_15x15_s5\images\38\7284.png,low,7283,15x15_s5
7140,7141,38,32,data\splits\pilot_100id\images\38\7141.png,high,7140,original
7140_low,7141,38,32,data\corrupted\blur_15x15_s5\images\38\7141.png,low,7140,15x15_s5
7180,7181,38,32,data\splits\pilot_100id\images\38\7181.png,high,7180,original
7180_low,7181,38,32,data\corrupted\blur_15x15_s5\images\38\7181.png,low,7180,15x15_s5
7181,7182,38,32,data\splits\pilot_100id\images\38\7182.png,high,7181,original
7181_low,7182,38,32,data\corrupted\blur_15x15_s5\images\38\7182.png,low,7181,15x15_s5
7240,7241,38,32,data\splits\pilot_100id\images\38\7241.png,high,7240,original
7240_low,7241,38,32,data\corrupted\blur_15x15_s5\images\38\7241.png,low,7240,15x15_s5
7170,7171,38,32,data\splits\pilot_100id\images\38\7171.png,high,7170,original
7170_low,7171,38,32,data\corrupted\blur_15x15_s5\images\38\7171.png,low,7170,15x15_s5
7249,7250,38,32,data\splits\pilot_100id\images\38\7250.png,high,7249,original
7249_low,7250,38,32,data\corrupted\blur_15x15_s5\images\38\7250.png,low,7249,15x15_s5
7134,7135,38,32,data\splits\pilot_100id\images\38\7135.png,high,7134,original
7134_low,7135,38,32,data\corrupted\blur_15x15_s5\images\38\7135.png,low,7134,15x15_s5
7272,7273,38,32,data\splits\pilot_100id\images\38\7273.png,high,7272,original
7272_low,7273,38,32,data\corrupted\blur_15x15_s5\images\38\7273.png,low,7272,15x15_s5
7210,7211,38,32,data\splits\pilot_100id\images\38\7211.png,high,7210,original
7210_low,7211,38,32,data\corrupted\blur_15x15_s5\images\38\7211.png,low,7210,15x15_s5
7238,7239,38,32,data\splits\pilot_100id\images\38\7239.png,high,7238,original
7238_low,7239,38,32,data\corrupted\blur_15x15_s5\images\38\7239.png,low,7238,15x15_s5
7286,7287,38,32,data\splits\pilot_100id\images\38\7287.png,high,7286,original
7286_low,7287,38,32,data\corrupted\blur_15x15_s5\images\38\7287.png,low,7286,15x15_s5
7185,7186,38,32,data\splits\pilot_100id\images\38\7186.png,high,7185,original
7185_low,7186,38,32,data\corrupted\blur_15x15_s5\images\38\7186.png,low,7185,15x15_s5
7312,7313,38,32,data\splits\pilot_100id\images\38\7313.png,high,7312,original
7312_low,7313,38,32,data\corrupted\blur_15x15_s5\images\38\7313.png,low,7312,15x15_s5
7198,7199,38,32,data\splits\pilot_100id\images\38\7199.png,high,7198,original
7198_low,7199,38,32,data\corrupted\blur_15x15_s5\images\38\7199.png,low,7198,15x15_s5
7395,7396,39,33,data\splits\pilot_100id\images\39\7396.png,high,7395,original
7395_low,7396,39,33,data\corrupted\blur_15x15_s5\images\39\7396.png,low,7395,15x15_s5
7433,7434,39,33,data\splits\pilot_100id\images\39\7434.png,high,7433,original
7433_low,7434,39,33,data\corrupted\blur_15x15_s5\images\39\7434.png,low,7433,15x15_s5
7621,7622,39,33,data\splits\pilot_100id\images\39\7622.png,high,7621,original
7621_low,7622,39,33,data\corrupted\blur_15x15_s5\images\39\7622.png,low,7621,15x15_s5
7431,7432,39,33,data\splits\pilot_100id\images\39\7432.png,high,7431,original
7431_low,7432,39,33,data\corrupted\blur_15x15_s5\images\39\7432.png,low,7431,15x15_s5
7600,7601,39,33,data\splits\pilot_100id\images\39\7601.png,high,7600,original
7600_low,7601,39,33,data\corrupted\blur_15x15_s5\images\39\7601.png,low,7600,15x15_s5
7365,7366,39,33,data\splits\pilot_100id\images\39\7366.png,high,7365,original
7365_low,7366,39,33,data\corrupted\blur_15x15_s5\images\39\7366.png,low,7365,15x15_s5
7552,7553,39,33,data\splits\pilot_100id\images\39\7553.png,high,7552,original
7552_low,7553,39,33,data\corrupted\blur_15x15_s5\images\39\7553.png,low,7552,15x15_s5
7606,7607,39,33,data\splits\pilot_100id\images\39\7607.png,high,7606,original
7606_low,7607,39,33,data\corrupted\blur_15x15_s5\images\39\7607.png,low,7606,15x15_s5
7625,7626,39,33,data\splits\pilot_100id\images\39\7626.png,high,7625,original
7625_low,7626,39,33,data\corrupted\blur_15x15_s5\images\39\7626.png,low,7625,15x15_s5
7463,7464,39,33,data\splits\pilot_100id\images\39\7464.png,high,7463,original
7463_low,7464,39,33,data\corrupted\blur_15x15_s5\images\39\7464.png,low,7463,15x15_s5
7520,7521,39,33,data\splits\pilot_100id\images\39\7521.png,high,7520,original
7520_low,7521,39,33,data\corrupted\blur_15x15_s5\images\39\7521.png,low,7520,15x15_s5
7348,7349,39,33,data\splits\pilot_100id\images\39\7349.png,high,7348,original
7348_low,7349,39,33,data\corrupted\blur_15x15_s5\images\39\7349.png,low,7348,15x15_s5
7332,7333,39,33,data\splits\pilot_100id\images\39\7333.png,high,7332,original
7332_low,7333,39,33,data\corrupted\blur_15x15_s5\images\39\7333.png,low,7332,15x15_s5
7401,7402,39,33,data\splits\pilot_100id\images\39\7402.png,high,7401,original
7401_low,7402,39,33,data\corrupted\blur_15x15_s5\images\39\7402.png,low,7401,15x15_s5
7417,7418,39,33,data\splits\pilot_100id\images\39\7418.png,high,7417,original
7417_low,7418,39,33,data\corrupted\blur_15x15_s5\images\39\7418.png,low,7417,15x15_s5
7517,7518,39,33,data\splits\pilot_100id\images\39\7518.png,high,7517,original
7517_low,7518,39,33,data\corrupted\blur_15x15_s5\images\39\7518.png,low,7517,15x15_s5
7481,7482,39,33,data\splits\pilot_100id\images\39\7482.png,high,7481,original
7481_low,7482,39,33,data\corrupted\blur_15x15_s5\images\39\7482.png,low,7481,15x15_s5
7476,7477,39,33,data\splits\pilot_100id\images\39\7477.png,high,7476,original
7476_low,7477,39,33,data\corrupted\blur_15x15_s5\images\39\7477.png,low,7476,15x15_s5
7424,7425,39,33,data\splits\pilot_100id\images\39\7425.png,high,7424,original
7424_low,7425,39,33,data\corrupted\blur_15x15_s5\images\39\7425.png,low,7424,15x15_s5
7396,7397,39,33,data\splits\pilot_100id\images\39\7397.png,high,7396,original
7396_low,7397,39,33,data\corrupted\blur_15x15_s5\images\39\7397.png,low,7396,15x15_s5
7578,7579,39,33,data\splits\pilot_100id\images\39\7579.png,high,7578,original
7578_low,7579,39,33,data\corrupted\blur_15x15_s5\images\39\7579.png,low,7578,15x15_s5
7455,7456,39,33,data\splits\pilot_100id\images\39\7456.png,high,7455,original
7455_low,7456,39,33,data\corrupted\blur_15x15_s5\images\39\7456.png,low,7455,15x15_s5
7398,7399,39,33,data\splits\pilot_100id\images\39\7399.png,high,7398,original
7398_low,7399,39,33,data\corrupted\blur_15x15_s5\images\39\7399.png,low,7398,15x15_s5
7649,7650,39,33,data\splits\pilot_100id\images\39\7650.png,high,7649,original
7649_low,7650,39,33,data\corrupted\blur_15x15_s5\images\39\7650.png,low,7649,15x15_s5
7380,7381,39,33,data\splits\pilot_100id\images\39\7381.png,high,7380,original
7380_low,7381,39,33,data\corrupted\blur_15x15_s5\images\39\7381.png,low,7380,15x15_s5
7663,7664,40,34,data\splits\pilot_100id\images\40\7664.png,high,7663,original
7663_low,7664,40,34,data\corrupted\blur_15x15_s5\images\40\7664.png,low,7663,15x15_s5
7721,7722,40,34,data\splits\pilot_100id\images\40\7722.png,high,7721,original
7721_low,7722,40,34,data\corrupted\blur_15x15_s5\images\40\7722.png,low,7721,15x15_s5
7677,7678,40,34,data\splits\pilot_100id\images\40\7678.png,high,7677,original
7677_low,7678,40,34,data\corrupted\blur_15x15_s5\images\40\7678.png,low,7677,15x15_s5
7659,7660,40,34,data\splits\pilot_100id\images\40\7660.png,high,7659,original
7659_low,7660,40,34,data\corrupted\blur_15x15_s5\images\40\7660.png,low,7659,15x15_s5
7687,7688,40,34,data\splits\pilot_100id\images\40\7688.png,high,7687,original
7687_low,7688,40,34,data\corrupted\blur_15x15_s5\images\40\7688.png,low,7687,15x15_s5
7709,7710,40,34,data\splits\pilot_100id\images\40\7710.png,high,7709,original
7709_low,7710,40,34,data\corrupted\blur_15x15_s5\images\40\7710.png,low,7709,15x15_s5
7669,7670,40,34,data\splits\pilot_100id\images\40\7670.png,high,7669,original
7669_low,7670,40,34,data\corrupted\blur_15x15_s5\images\40\7670.png,low,7669,15x15_s5
7693,7694,40,34,data\splits\pilot_100id\images\40\7694.png,high,7693,original
7693_low,7694,40,34,data\corrupted\blur_15x15_s5\images\40\7694.png,low,7693,15x15_s5
7671,7672,40,34,data\splits\pilot_100id\images\40\7672.png,high,7671,original
7671_low,7672,40,34,data\corrupted\blur_15x15_s5\images\40\7672.png,low,7671,15x15_s5
7713,7714,40,34,data\splits\pilot_100id\images\40\7714.png,high,7713,original
7713_low,7714,40,34,data\corrupted\blur_15x15_s5\images\40\7714.png,low,7713,15x15_s5
7706,7707,40,34,data\splits\pilot_100id\images\40\7707.png,high,7706,original
7706_low,7707,40,34,data\corrupted\blur_15x15_s5\images\40\7707.png,low,7706,15x15_s5
7690,7691,40,34,data\splits\pilot_100id\images\40\7691.png,high,7690,original
7690_low,7691,40,34,data\corrupted\blur_15x15_s5\images\40\7691.png,low,7690,15x15_s5
7668,7669,40,34,data\splits\pilot_100id\images\40\7669.png,high,7668,original
7668_low,7669,40,34,data\corrupted\blur_15x15_s5\images\40\7669.png,low,7668,15x15_s5
7704,7705,40,34,data\splits\pilot_100id\images\40\7705.png,high,7704,original
7704_low,7705,40,34,data\corrupted\blur_15x15_s5\images\40\7705.png,low,7704,15x15_s5
7664,7665,40,34,data\splits\pilot_100id\images\40\7665.png,high,7664,original
7664_low,7665,40,34,data\corrupted\blur_15x15_s5\images\40\7665.png,low,7664,15x15_s5
7681,7682,40,34,data\splits\pilot_100id\images\40\7682.png,high,7681,original
7681_low,7682,40,34,data\corrupted\blur_15x15_s5\images\40\7682.png,low,7681,15x15_s5
7715,7716,40,34,data\splits\pilot_100id\images\40\7716.png,high,7715,original
7715_low,7716,40,34,data\corrupted\blur_15x15_s5\images\40\7716.png,low,7715,15x15_s5
7708,7709,40,34,data\splits\pilot_100id\images\40\7709.png,high,7708,original
7708_low,7709,40,34,data\corrupted\blur_15x15_s5\images\40\7709.png,low,7708,15x15_s5
7692,7693,40,34,data\splits\pilot_100id\images\40\7693.png,high,7692,original
7692_low,7693,40,34,data\corrupted\blur_15x15_s5\images\40\7693.png,low,7692,15x15_s5
7698,7699,40,34,data\splits\pilot_100id\images\40\7699.png,high,7698,original
7698_low,7699,40,34,data\corrupted\blur_15x15_s5\images\40\7699.png,low,7698,15x15_s5
7718,7719,40,34,data\splits\pilot_100id\images\40\7719.png,high,7718,original
7718_low,7719,40,34,data\corrupted\blur_15x15_s5\images\40\7719.png,low,7718,15x15_s5
7675,7676,40,34,data\splits\pilot_100id\images\40\7676.png,high,7675,original
7675_low,7676,40,34,data\corrupted\blur_15x15_s5\images\40\7676.png,low,7675,15x15_s5
7694,7695,40,34,data\splits\pilot_100id\images\40\7695.png,high,7694,original
7694_low,7695,40,34,data\corrupted\blur_15x15_s5\images\40\7695.png,low,7694,15x15_s5
7703,7704,40,34,data\splits\pilot_100id\images\40\7704.png,high,7703,original
7703_low,7704,40,34,data\corrupted\blur_15x15_s5\images\40\7704.png,low,7703,15x15_s5
7728,7729,40,34,data\splits\pilot_100id\images\40\7729.png,high,7728,original
7728_low,7729,40,34,data\corrupted\blur_15x15_s5\images\40\7729.png,low,7728,15x15_s5
8306,8307,41,35,data\splits\pilot_100id\images\41\8307.png,high,8306,original
8306_low,8307,41,35,data\corrupted\blur_15x15_s5\images\41\8307.png,low,8306,15x15_s5
8008,8009,41,35,data\splits\pilot_100id\images\41\8009.png,high,8008,original
8008_low,8009,41,35,data\corrupted\blur_15x15_s5\images\41\8009.png,low,8008,15x15_s5
7835,7836,41,35,data\splits\pilot_100id\images\41\7836.png,high,7835,original
7835_low,7836,41,35,data\corrupted\blur_15x15_s5\images\41\7836.png,low,7835,15x15_s5
7908,7909,41,35,data\splits\pilot_100id\images\41\7909.png,high,7908,original
7908_low,7909,41,35,data\corrupted\blur_15x15_s5\images\41\7909.png,low,7908,15x15_s5
8187,8188,41,35,data\splits\pilot_100id\images\41\8188.png,high,8187,original
8187_low,8188,41,35,data\corrupted\blur_15x15_s5\images\41\8188.png,low,8187,15x15_s5
8018,8019,41,35,data\splits\pilot_100id\images\41\8019.png,high,8018,original
8018_low,8019,41,35,data\corrupted\blur_15x15_s5\images\41\8019.png,low,8018,15x15_s5
8259,8260,41,35,data\splits\pilot_100id\images\41\8260.png,high,8259,original
8259_low,8260,41,35,data\corrupted\blur_15x15_s5\images\41\8260.png,low,8259,15x15_s5
8174,8175,41,35,data\splits\pilot_100id\images\41\8175.png,high,8174,original
8174_low,8175,41,35,data\corrupted\blur_15x15_s5\images\41\8175.png,low,8174,15x15_s5
7898,7899,41,35,data\splits\pilot_100id\images\41\7899.png,high,7898,original
7898_low,7899,41,35,data\corrupted\blur_15x15_s5\images\41\7899.png,low,7898,15x15_s5
7979,7980,41,35,data\splits\pilot_100id\images\41\7980.png,high,7979,original
7979_low,7980,41,35,data\corrupted\blur_15x15_s5\images\41\7980.png,low,7979,15x15_s5
8269,8270,41,35,data\splits\pilot_100id\images\41\8270.png,high,8269,original
8269_low,8270,41,35,data\corrupted\blur_15x15_s5\images\41\8270.png,low,8269,15x15_s5
7912,7913,41,35,data\splits\pilot_100id\images\41\7913.png,high,7912,original
7912_low,7913,41,35,data\corrupted\blur_15x15_s5\images\41\7913.png,low,7912,15x15_s5
7862,7863,41,35,data\splits\pilot_100id\images\41\7863.png,high,7862,original
7862_low,7863,41,35,data\corrupted\blur_15x15_s5\images\41\7863.png,low,7862,15x15_s5
7913,7914,41,35,data\splits\pilot_100id\images\41\7914.png,high,7913,original
7913_low,7914,41,35,data\corrupted\blur_15x15_s5\images\41\7914.png,low,7913,15x15_s5
8145,8146,41,35,data\splits\pilot_100id\images\41\8146.png,high,8145,original
8145_low,8146,41,35,data\corrupted\blur_15x15_s5\images\41\8146.png,low,8145,15x15_s5
7841,7842,41,35,data\splits\pilot_100id\images\41\7842.png,high,7841,original
7841_low,7842,41,35,data\corrupted\blur_15x15_s5\images\41\7842.png,low,7841,15x15_s5
7935,7936,41,35,data\splits\pilot_100id\images\41\7936.png,high,7935,original
7935_low,7936,41,35,data\corrupted\blur_15x15_s5\images\41\7936.png,low,7935,15x15_s5
8170,8171,41,35,data\splits\pilot_100id\images\41\8171.png,high,8170,original
8170_low,8171,41,35,data\corrupted\blur_15x15_s5\images\41\8171.png,low,8170,15x15_s5
7817,7818,41,35,data\splits\pilot_100id\images\41\7818.png,high,7817,original
7817_low,7818,41,35,data\corrupted\blur_15x15_s5\images\41\7818.png,low,7817,15x15_s5
8147,8148,41,35,data\splits\pilot_100id\images\41\8148.png,high,8147,original
8147_low,8148,41,35,data\corrupted\blur_15x15_s5\images\41\8148.png,low,8147,15x15_s5
8272,8273,41,35,data\splits\pilot_100id\images\41\8273.png,high,8272,original
8272_low,8273,41,35,data\corrupted\blur_15x15_s5\images\41\8273.png,low,8272,15x15_s5
7832,7833,41,35,data\splits\pilot_100id\images\41\7833.png,high,7832,original
7832_low,7833,41,35,data\corrupted\blur_15x15_s5\images\41\7833.png,low,7832,15x15_s5
7733,7734,41,35,data\splits\pilot_100id\images\41\7734.png,high,7733,original
7733_low,7734,41,35,data\corrupted\blur_15x15_s5\images\41\7734.png,low,7733,15x15_s5
8282,8283,41,35,data\splits\pilot_100id\images\41\8283.png,high,8282,original
8282_low,8283,41,35,data\corrupted\blur_15x15_s5\images\41\8283.png,low,8282,15x15_s5
7801,7802,41,35,data\splits\pilot_100id\images\41\7802.png,high,7801,original
7801_low,7802,41,35,data\corrupted\blur_15x15_s5\images\41\7802.png,low,7801,15x15_s5
8344,8345,42,36,data\splits\pilot_100id\images\42\8345.png,high,8344,original
8344_low,8345,42,36,data\corrupted\blur_15x15_s5\images\42\8345.png,low,8344,15x15_s5
8311,8312,42,36,data\splits\pilot_100id\images\42\8312.png,high,8311,original
8311_low,8312,42,36,data\corrupted\blur_15x15_s5\images\42\8312.png,low,8311,15x15_s5
8345,8346,42,36,data\splits\pilot_100id\images\42\8346.png,high,8345,original
8345_low,8346,42,36,data\corrupted\blur_15x15_s5\images\42\8346.png,low,8345,15x15_s5
8323,8324,42,36,data\splits\pilot_100id\images\42\8324.png,high,8323,original
8323_low,8324,42,36,data\corrupted\blur_15x15_s5\images\42\8324.png,low,8323,15x15_s5
8321,8322,42,36,data\splits\pilot_100id\images\42\8322.png,high,8321,original
8321_low,8322,42,36,data\corrupted\blur_15x15_s5\images\42\8322.png,low,8321,15x15_s5
8388,8389,42,36,data\splits\pilot_100id\images\42\8389.png,high,8388,original
8388_low,8389,42,36,data\corrupted\blur_15x15_s5\images\42\8389.png,low,8388,15x15_s5
8341,8342,42,36,data\splits\pilot_100id\images\42\8342.png,high,8341,original
8341_low,8342,42,36,data\corrupted\blur_15x15_s5\images\42\8342.png,low,8341,15x15_s5
8315,8316,42,36,data\splits\pilot_100id\images\42\8316.png,high,8315,original
8315_low,8316,42,36,data\corrupted\blur_15x15_s5\images\42\8316.png,low,8315,15x15_s5
8360,8361,42,36,data\splits\pilot_100id\images\42\8361.png,high,8360,original
8360_low,8361,42,36,data\corrupted\blur_15x15_s5\images\42\8361.png,low,8360,15x15_s5
8377,8378,42,36,data\splits\pilot_100id\images\42\8378.png,high,8377,original
8377_low,8378,42,36,data\corrupted\blur_15x15_s5\images\42\8378.png,low,8377,15x15_s5
8372,8373,42,36,data\splits\pilot_100id\images\42\8373.png,high,8372,original
8372_low,8373,42,36,data\corrupted\blur_15x15_s5\images\42\8373.png,low,8372,15x15_s5
8333,8334,42,36,data\splits\pilot_100id\images\42\8334.png,high,8333,original
8333_low,8334,42,36,data\corrupted\blur_15x15_s5\images\42\8334.png,low,8333,15x15_s5
8383,8384,42,36,data\splits\pilot_100id\images\42\8384.png,high,8383,original
8383_low,8384,42,36,data\corrupted\blur_15x15_s5\images\42\8384.png,low,8383,15x15_s5
8365,8366,42,36,data\splits\pilot_100id\images\42\8366.png,high,8365,original
8365_low,8366,42,36,data\corrupted\blur_15x15_s5\images\42\8366.png,low,8365,15x15_s5
8329,8330,42,36,data\splits\pilot_100id\images\42\8330.png,high,8329,original
8329_low,8330,42,36,data\corrupted\blur_15x15_s5\images\42\8330.png,low,8329,15x15_s5
8355,8356,42,36,data\splits\pilot_100id\images\42\8356.png,high,8355,original
8355_low,8356,42,36,data\corrupted\blur_15x15_s5\images\42\8356.png,low,8355,15x15_s5
8342,8343,42,36,data\splits\pilot_100id\images\42\8343.png,high,8342,original
8342_low,8343,42,36,data\corrupted\blur_15x15_s5\images\42\8343.png,low,8342,15x15_s5
8369,8370,42,36,data\splits\pilot_100id\images\42\8370.png,high,8369,original
8369_low,8370,42,36,data\corrupted\blur_15x15_s5\images\42\8370.png,low,8369,15x15_s5
8320,8321,42,36,data\splits\pilot_100id\images\42\8321.png,high,8320,original
8320_low,8321,42,36,data\corrupted\blur_15x15_s5\images\42\8321.png,low,8320,15x15_s5
8316,8317,42,36,data\splits\pilot_100id\images\42\8317.png,high,8316,original
8316_low,8317,42,36,data\corrupted\blur_15x15_s5\images\42\8317.png,low,8316,15x15_s5
8346,8347,42,36,data\splits\pilot_100id\images\42\8347.png,high,8346,original
8346_low,8347,42,36,data\corrupted\blur_15x15_s5\images\42\8347.png,low,8346,15x15_s5
8350,8351,42,36,data\splits\pilot_100id\images\42\8351.png,high,8350,original
8350_low,8351,42,36,data\corrupted\blur_15x15_s5\images\42\8351.png,low,8350,15x15_s5
8378,8379,42,36,data\splits\pilot_100id\images\42\8379.png,high,8378,original
8378_low,8379,42,36,data\corrupted\blur_15x15_s5\images\42\8379.png,low,8378,15x15_s5
8364,8365,42,36,data\splits\pilot_100id\images\42\8365.png,high,8364,original
8364_low,8365,42,36,data\corrupted\blur_15x15_s5\images\42\8365.png,low,8364,15x15_s5
8351,8352,42,36,data\splits\pilot_100id\images\42\8352.png,high,8351,original
8351_low,8352,42,36,data\corrupted\blur_15x15_s5\images\42\8352.png,low,8351,15x15_s5
8465,8466,43,37,data\splits\pilot_100id\images\43\8466.png,high,8465,original
8465_low,8466,43,37,data\corrupted\blur_15x15_s5\images\43\8466.png,low,8465,15x15_s5
8527,8528,43,37,data\splits\pilot_100id\images\43\8528.png,high,8527,original
8527_low,8528,43,37,data\corrupted\blur_15x15_s5\images\43\8528.png,low,8527,15x15_s5
8541,8542,43,37,data\splits\pilot_100id\images\43\8542.png,high,8541,original
8541_low,8542,43,37,data\corrupted\blur_15x15_s5\images\43\8542.png,low,8541,15x15_s5
8449,8450,43,37,data\splits\pilot_100id\images\43\8450.png,high,8449,original
8449_low,8450,43,37,data\corrupted\blur_15x15_s5\images\43\8450.png,low,8449,15x15_s5
8545,8546,43,37,data\splits\pilot_100id\images\43\8546.png,high,8545,original
8545_low,8546,43,37,data\corrupted\blur_15x15_s5\images\43\8546.png,low,8545,15x15_s5
8554,8555,43,37,data\splits\pilot_100id\images\43\8555.png,high,8554,original
8554_low,8555,43,37,data\corrupted\blur_15x15_s5\images\43\8555.png,low,8554,15x15_s5
8474,8475,43,37,data\splits\pilot_100id\images\43\8475.png,high,8474,original
8474_low,8475,43,37,data\corrupted\blur_15x15_s5\images\43\8475.png,low,8474,15x15_s5
8531,8532,43,37,data\splits\pilot_100id\images\43\8532.png,high,8531,original
8531_low,8532,43,37,data\corrupted\blur_15x15_s5\images\43\8532.png,low,8531,15x15_s5
8503,8504,43,37,data\splits\pilot_100id\images\43\8504.png,high,8503,original
8503_low,8504,43,37,data\corrupted\blur_15x15_s5\images\43\8504.png,low,8503,15x15_s5
8420,8421,43,37,data\splits\pilot_100id\images\43\8421.png,high,8420,original
8420_low,8421,43,37,data\corrupted\blur_15x15_s5\images\43\8421.png,low,8420,15x15_s5
8512,8513,43,37,data\splits\pilot_100id\images\43\8513.png,high,8512,original
8512_low,8513,43,37,data\corrupted\blur_15x15_s5\images\43\8513.png,low,8512,15x15_s5
8498,8499,43,37,data\splits\pilot_100id\images\43\8499.png,high,8498,original
8498_low,8499,43,37,data\corrupted\blur_15x15_s5\images\43\8499.png,low,8498,15x15_s5
8430,8431,43,37,data\splits\pilot_100id\images\43\8431.png,high,8430,original
8430_low,8431,43,37,data\corrupted\blur_15x15_s5\images\43\8431.png,low,8430,15x15_s5
8479,8480,43,37,data\splits\pilot_100id\images\43\8480.png,high,8479,original
8479_low,8480,43,37,data\corrupted\blur_15x15_s5\images\43\8480.png,low,8479,15x15_s5
8535,8536,43,37,data\splits\pilot_100id\images\43\8536.png,high,8535,original
8535_low,8536,43,37,data\corrupted\blur_15x15_s5\images\43\8536.png,low,8535,15x15_s5
8404,8405,43,37,data\splits\pilot_100id\images\43\8405.png,high,8404,original
8404_low,8405,43,37,data\corrupted\blur_15x15_s5\images\43\8405.png,low,8404,15x15_s5
8525,8526,43,37,data\splits\pilot_100id\images\43\8526.png,high,8525,original
8525_low,8526,43,37,data\corrupted\blur_15x15_s5\images\43\8526.png,low,8525,15x15_s5
8413,8414,43,37,data\splits\pilot_100id\images\43\8414.png,high,8413,original
8413_low,8414,43,37,data\corrupted\blur_15x15_s5\images\43\8414.png,low,8413,15x15_s5
8464,8465,43,37,data\splits\pilot_100id\images\43\8465.png,high,8464,original
8464_low,8465,43,37,data\corrupted\blur_15x15_s5\images\43\8465.png,low,8464,15x15_s5
8534,8535,43,37,data\splits\pilot_100id\images\43\8535.png,high,8534,original
8534_low,8535,43,37,data\corrupted\blur_15x15_s5\images\43\8535.png,low,8534,15x15_s5
8418,8419,43,37,data\splits\pilot_100id\images\43\8419.png,high,8418,original
8418_low,8419,43,37,data\corrupted\blur_15x15_s5\images\43\8419.png,low,8418,15x15_s5
8419,8420,43,37,data\splits\pilot_100id\images\43\8420.png,high,8419,original
8419_low,8420,43,37,data\corrupted\blur_15x15_s5\images\43\8420.png,low,8419,15x15_s5
8444,8445,43,37,data\splits\pilot_100id\images\43\8445.png,high,8444,original
8444_low,8445,43,37,data\corrupted\blur_15x15_s5\images\43\8445.png,low,8444,15x15_s5
8502,8503,43,37,data\splits\pilot_100id\images\43\8503.png,high,8502,original
8502_low,8503,43,37,data\corrupted\blur_15x15_s5\images\43\8503.png,low,8502,15x15_s5
8557,8558,43,37,data\splits\pilot_100id\images\43\8558.png,high,8557,original
8557_low,8558,43,37,data\corrupted\blur_15x15_s5\images\43\8558.png,low,8557,15x15_s5
8576,8577,44,38,data\splits\pilot_100id\images\44\8577.png,high,8576,original
8576_low,8577,44,38,data\corrupted\blur_15x15_s5\images\44\8577.png,low,8576,15x15_s5
8580,8581,44,38,data\splits\pilot_100id\images\44\8581.png,high,8580,original
8580_low,8581,44,38,data\corrupted\blur_15x15_s5\images\44\8581.png,low,8580,15x15_s5
8588,8589,44,38,data\splits\pilot_100id\images\44\8589.png,high,8588,original
8588_low,8589,44,38,data\corrupted\blur_15x15_s5\images\44\8589.png,low,8588,15x15_s5
8587,8588,44,38,data\splits\pilot_100id\images\44\8588.png,high,8587,original
8587_low,8588,44,38,data\corrupted\blur_15x15_s5\images\44\8588.png,low,8587,15x15_s5
8569,8570,44,38,data\splits\pilot_100id\images\44\8570.png,high,8569,original
8569_low,8570,44,38,data\corrupted\blur_15x15_s5\images\44\8570.png,low,8569,15x15_s5
8585,8586,44,38,data\splits\pilot_100id\images\44\8586.png,high,8585,original
8585_low,8586,44,38,data\corrupted\blur_15x15_s5\images\44\8586.png,low,8585,15x15_s5
8582,8583,44,38,data\splits\pilot_100id\images\44\8583.png,high,8582,original
8582_low,8583,44,38,data\corrupted\blur_15x15_s5\images\44\8583.png,low,8582,15x15_s5
8573,8574,44,38,data\splits\pilot_100id\images\44\8574.png,high,8573,original
8573_low,8574,44,38,data\corrupted\blur_15x15_s5\images\44\8574.png,low,8573,15x15_s5
8593,8594,44,38,data\splits\pilot_100id\images\44\8594.png,high,8593,original
8593_low,8594,44,38,data\corrupted\blur_15x15_s5\images\44\8594.png,low,8593,15x15_s5
8570,8571,44,38,data\splits\pilot_100id\images\44\8571.png,high,8570,original
8570_low,8571,44,38,data\corrupted\blur_15x15_s5\images\44\8571.png,low,8570,15x15_s5
8561,8562,44,38,data\splits\pilot_100id\images\44\8562.png,high,8561,original
8561_low,8562,44,38,data\corrupted\blur_15x15_s5\images\44\8562.png,low,8561,15x15_s5
8565,8566,44,38,data\splits\pilot_100id\images\44\8566.png,high,8565,original
8565_low,8566,44,38,data\corrupted\blur_15x15_s5\images\44\8566.png,low,8565,15x15_s5
8577,8578,44,38,data\splits\pilot_100id\images\44\8578.png,high,8577,original
8577_low,8578,44,38,data\corrupted\blur_15x15_s5\images\44\8578.png,low,8577,15x15_s5
8578,8579,44,38,data\splits\pilot_100id\images\44\8579.png,high,8578,original
8578_low,8579,44,38,data\corrupted\blur_15x15_s5\images\44\8579.png,low,8578,15x15_s5
8566,8567,44,38,data\splits\pilot_100id\images\44\8567.png,high,8566,original
8566_low,8567,44,38,data\corrupted\blur_15x15_s5\images\44\8567.png,low,8566,15x15_s5
8574,8575,44,38,data\splits\pilot_100id\images\44\8575.png,high,8574,original
8574_low,8575,44,38,data\corrupted\blur_15x15_s5\images\44\8575.png,low,8574,15x15_s5
8572,8573,44,38,data\splits\pilot_100id\images\44\8573.png,high,8572,original
8572_low,8573,44,38,data\corrupted\blur_15x15_s5\images\44\8573.png,low,8572,15x15_s5
8562,8563,44,38,data\splits\pilot_100id\images\44\8563.png,high,8562,original
8562_low,8563,44,38,data\corrupted\blur_15x15_s5\images\44\8563.png,low,8562,15x15_s5
8563,8564,44,38,data\splits\pilot_100id\images\44\8564.png,high,8563,original
8563_low,8564,44,38,data\corrupted\blur_15x15_s5\images\44\8564.png,low,8563,15x15_s5
8591,8592,44,38,data\splits\pilot_100id\images\44\8592.png,high,8591,original
8591_low,8592,44,38,data\corrupted\blur_15x15_s5\images\44\8592.png,low,8591,15x15_s5
8564,8565,44,38,data\splits\pilot_100id\images\44\8565.png,high,8564,original
8564_low,8565,44,38,data\corrupted\blur_15x15_s5\images\44\8565.png,low,8564,15x15_s5
8590,8591,44,38,data\splits\pilot_100id\images\44\8591.png,high,8590,original
8590_low,8591,44,38,data\corrupted\blur_15x15_s5\images\44\8591.png,low,8590,15x15_s5
8584,8585,44,38,data\splits\pilot_100id\images\44\8585.png,high,8584,original
8584_low,8585,44,38,data\corrupted\blur_15x15_s5\images\44\8585.png,low,8584,15x15_s5
8592,8593,44,38,data\splits\pilot_100id\images\44\8593.png,high,8592,original
8592_low,8593,44,38,data\corrupted\blur_15x15_s5\images\44\8593.png,low,8592,15x15_s5
8583,8584,44,38,data\splits\pilot_100id\images\44\8584.png,high,8583,original
8583_low,8584,44,38,data\corrupted\blur_15x15_s5\images\44\8584.png,low,8583,15x15_s5
8786,8787,46,39,data\splits\pilot_100id\images\46\8787.png,high,8786,original
8786_low,8787,46,39,data\corrupted\blur_15x15_s5\images\46\8787.png,low,8786,15x15_s5
8835,8836,46,39,data\splits\pilot_100id\images\46\8836.png,high,8835,original
8835_low,8836,46,39,data\corrupted\blur_15x15_s5\images\46\8836.png,low,8835,15x15_s5
8718,8719,46,39,data\splits\pilot_100id\images\46\8719.png,high,8718,original
8718_low,8719,46,39,data\corrupted\blur_15x15_s5\images\46\8719.png,low,8718,15x15_s5
8853,8854,46,39,data\splits\pilot_100id\images\46\8854.png,high,8853,original
8853_low,8854,46,39,data\corrupted\blur_15x15_s5\images\46\8854.png,low,8853,15x15_s5
8667,8668,46,39,data\splits\pilot_100id\images\46\8668.png,high,8667,original
8667_low,8668,46,39,data\corrupted\blur_15x15_s5\images\46\8668.png,low,8667,15x15_s5
8616,8617,46,39,data\splits\pilot_100id\images\46\8617.png,high,8616,original
8616_low,8617,46,39,data\corrupted\blur_15x15_s5\images\46\8617.png,low,8616,15x15_s5
8726,8727,46,39,data\splits\pilot_100id\images\46\8727.png,high,8726,original
8726_low,8727,46,39,data\corrupted\blur_15x15_s5\images\46\8727.png,low,8726,15x15_s5
8830,8831,46,39,data\splits\pilot_100id\images\46\8831.png,high,8830,original
8830_low,8831,46,39,data\corrupted\blur_15x15_s5\images\46\8831.png,low,8830,15x15_s5
8874,8875,46,39,data\splits\pilot_100id\images\46\8875.png,high,8874,original
8874_low,8875,46,39,data\corrupted\blur_15x15_s5\images\46\8875.png,low,8874,15x15_s5
8640,8641,46,39,data\splits\pilot_100id\images\46\8641.png,high,8640,original
8640_low,8641,46,39,data\corrupted\blur_15x15_s5\images\46\8641.png,low,8640,15x15_s5
8612,8613,46,39,data\splits\pilot_100id\images\46\8613.png,high,8612,original
8612_low,8613,46,39,data\corrupted\blur_15x15_s5\images\46\8613.png,low,8612,15x15_s5
8708,8709,46,39,data\splits\pilot_100id\images\46\8709.png,high,8708,original
8708_low,8709,46,39,data\corrupted\blur_15x15_s5\images\46\8709.png,low,8708,15x15_s5
8652,8653,46,39,data\splits\pilot_100id\images\46\8653.png,high,8652,original
8652_low,8653,46,39,data\corrupted\blur_15x15_s5\images\46\8653.png,low,8652,15x15_s5
8782,8783,46,39,data\splits\pilot_100id\images\46\8783.png,high,8782,original
8782_low,8783,46,39,data\corrupted\blur_15x15_s5\images\46\8783.png,low,8782,15x15_s5
8725,8726,46,39,data\splits\pilot_100id\images\46\8726.png,high,8725,original
8725_low,8726,46,39,data\corrupted\blur_15x15_s5\images\46\8726.png,low,8725,15x15_s5
8653,8654,46,39,data\splits\pilot_100id\images\46\8654.png,high,8653,original
8653_low,8654,46,39,data\corrupted\blur_15x15_s5\images\46\8654.png,low,8653,15x15_s5
8732,8733,46,39,data\splits\pilot_100id\images\46\8733.png,high,8732,original
8732_low,8733,46,39,data\corrupted\blur_15x15_s5\images\46\8733.png,low,8732,15x15_s5
8799,8800,46,39,data\splits\pilot_100id\images\46\8800.png,high,8799,original
8799_low,8800,46,39,data\corrupted\blur_15x15_s5\images\46\8800.png,low,8799,15x15_s5
8891,8892,46,39,data\splits\pilot_100id\images\46\8892.png,high,8891,original
8891_low,8892,46,39,data\corrupted\blur_15x15_s5\images\46\8892.png,low,8891,15x15_s5
8885,8886,46,39,data\splits\pilot_100id\images\46\8886.png,high,8885,original
8885_low,8886,46,39,data\corrupted\blur_15x15_s5\images\46\8886.png,low,8885,15x15_s5
8759,8760,46,39,data\splits\pilot_100id\images\46\8760.png,high,8759,original
8759_low,8760,46,39,data\corrupted\blur_15x15_s5\images\46\8760.png,low,8759,15x15_s5
8875,8876,46,39,data\splits\pilot_100id\images\46\8876.png,high,8875,original
8875_low,8876,46,39,data\corrupted\blur_15x15_s5\images\46\8876.png,low,8875,15x15_s5
8878,8879,46,39,data\splits\pilot_100id\images\46\8879.png,high,8878,original
8878_low,8879,46,39,data\corrupted\blur_15x15_s5\images\46\8879.png,low,8878,15x15_s5
8632,8633,46,39,data\splits\pilot_100id\images\46\8633.png,high,8632,original
8632_low,8633,46,39,data\corrupted\blur_15x15_s5\images\46\8633.png,low,8632,15x15_s5
8753,8754,46,39,data\splits\pilot_100id\images\46\8754.png,high,8753,original
8753_low,8754,46,39,data\corrupted\blur_15x15_s5\images\46\8754.png,low,8753,15x15_s5
8979,8980,47,40,data\splits\pilot_100id\images\47\8980.png,high,8979,original
8979_low,8980,47,40,data\corrupted\blur_15x15_s5\images\47\8980.png,low,8979,15x15_s5
9127,9128,47,40,data\splits\pilot_100id\images\47\9128.png,high,9127,original
9127_low,9128,47,40,data\corrupted\blur_15x15_s5\images\47\9128.png,low,9127,15x15_s5
9167,9168,47,40,data\splits\pilot_100id\images\47\9168.png,high,9167,original
9167_low,9168,47,40,data\corrupted\blur_15x15_s5\images\47\9168.png,low,9167,15x15_s5
8942,8943,47,40,data\splits\pilot_100id\images\47\8943.png,high,8942,original
8942_low,8943,47,40,data\corrupted\blur_15x15_s5\images\47\8943.png,low,8942,15x15_s5
8951,8952,47,40,data\splits\pilot_100id\images\47\8952.png,high,8951,original
8951_low,8952,47,40,data\corrupted\blur_15x15_s5\images\47\8952.png,low,8951,15x15_s5
8986,8987,47,40,data\splits\pilot_100id\images\47\8987.png,high,8986,original
8986_low,8987,47,40,data\corrupted\blur_15x15_s5\images\47\8987.png,low,8986,15x15_s5
9046,9047,47,40,data\splits\pilot_100id\images\47\9047.png,high,9046,original
9046_low,9047,47,40,data\corrupted\blur_15x15_s5\images\47\9047.png,low,9046,15x15_s5
9242,9243,47,40,data\splits\pilot_100id\images\47\9243.png,high,9242,original
9242_low,9243,47,40,data\corrupted\blur_15x15_s5\images\47\9243.png,low,9242,15x15_s5
9154,9155,47,40,data\splits\pilot_100id\images\47\9155.png,high,9154,original
9154_low,9155,47,40,data\corrupted\blur_15x15_s5\images\47\9155.png,low,9154,15x15_s5
9175,9176,47,40,data\splits\pilot_100id\images\47\9176.png,high,9175,original
9175_low,9176,47,40,data\corrupted\blur_15x15_s5\images\47\9176.png,low,9175,15x15_s5
9275,9276,47,40,data\splits\pilot_100id\images\47\9276.png,high,9275,original
9275_low,9276,47,40,data\corrupted\blur_15x15_s5\images\47\9276.png,low,9275,15x15_s5
8987,8988,47,40,data\splits\pilot_100id\images\47\8988.png,high,8987,original
8987_low,8988,47,40,data\corrupted\blur_15x15_s5\images\47\8988.png,low,8987,15x15_s5
9193,9194,47,40,data\splits\pilot_100id\images\47\9194.png,high,9193,original
9193_low,9194,47,40,data\corrupted\blur_15x15_s5\images\47\9194.png,low,9193,15x15_s5
9297,9298,47,40,data\splits\pilot_100id\images\47\9298.png,high,9297,original
9297_low,9298,47,40,data\corrupted\blur_15x15_s5\images\47\9298.png,low,9297,15x15_s5
9064,9065,47,40,data\splits\pilot_100id\images\47\9065.png,high,9064,original
9064_low,9065,47,40,data\corrupted\blur_15x15_s5\images\47\9065.png,low,9064,15x15_s5
9093,9094,47,40,data\splits\pilot_100id\images\47\9094.png,high,9093,original
9093_low,9094,47,40,data\corrupted\blur_15x15_s5\images\47\9094.png,low,9093,15x15_s5
9086,9087,47,40,data\splits\pilot_100id\images\47\9087.png,high,9086,original
9086_low,9087,47,40,data\corrupted\blur_15x15_s5\images\47\9087.png,low,9086,15x15_s5
9140,9141,47,40,data\splits\pilot_100id\images\47\9141.png,high,9140,original
9140_low,9141,47,40,data\corrupted\blur_15x15_s5\images\47\9141.png,low,9140,15x15_s5
8918,8919,47,40,data\splits\pilot_100id\images\47\8919.png,high,8918,original
8918_low,8919,47,40,data\corrupted\blur_15x15_s5\images\47\8919.png,low,8918,15x15_s5
9104,9105,47,40,data\splits\pilot_100id\images\47\9105.png,high,9104,original
9104_low,9105,47,40,data\corrupted\blur_15x15_s5\images\47\9105.png,low,9104,15x15_s5
8964,8965,47,40,data\splits\pilot_100id\images\47\8965.png,high,8964,original
8964_low,8965,47,40,data\corrupted\blur_15x15_s5\images\47\8965.png,low,8964,15x15_s5
9310,9311,47,40,data\splits\pilot_100id\images\47\9311.png,high,9310,original
9310_low,9311,47,40,data\corrupted\blur_15x15_s5\images\47\9311.png,low,9310,15x15_s5
9194,9195,47,40,data\splits\pilot_100id\images\47\9195.png,high,9194,original
9194_low,9195,47,40,data\corrupted\blur_15x15_s5\images\47\9195.png,low,9194,15x15_s5
9143,9144,47,40,data\splits\pilot_100id\images\47\9144.png,high,9143,original
9143_low,9144,47,40,data\corrupted\blur_15x15_s5\images\47\9144.png,low,9143,15x15_s5
9189,9190,47,40,data\splits\pilot_100id\images\47\9190.png,high,9189,original
9189_low,9190,47,40,data\corrupted\blur_15x15_s5\images\47\9190.png,low,9189,15x15_s5
9348,9349,48,41,data\splits\pilot_100id\images\48\9349.png,high,9348,original
9348_low,9349,48,41,data\corrupted\blur_15x15_s5\images\48\9349.png,low,9348,15x15_s5
9351,9352,48,41,data\splits\pilot_100id\images\48\9352.png,high,9351,original
9351_low,9352,48,41,data\corrupted\blur_15x15_s5\images\48\9352.png,low,9351,15x15_s5
9319,9320,48,41,data\splits\pilot_100id\images\48\9320.png,high,9319,original
9319_low,9320,48,41,data\corrupted\blur_15x15_s5\images\48\9320.png,low,9319,15x15_s5
9328,9329,48,41,data\splits\pilot_100id\images\48\9329.png,high,9328,original
9328_low,9329,48,41,data\corrupted\blur_15x15_s5\images\48\9329.png,low,9328,15x15_s5
9345,9346,48,41,data\splits\pilot_100id\images\48\9346.png,high,9345,original
9345_low,9346,48,41,data\corrupted\blur_15x15_s5\images\48\9346.png,low,9345,15x15_s5
9341,9342,48,41,data\splits\pilot_100id\images\48\9342.png,high,9341,original
9341_low,9342,48,41,data\corrupted\blur_15x15_s5\images\48\9342.png,low,9341,15x15_s5
9321,9322,48,41,data\splits\pilot_100id\images\48\9322.png,high,9321,original
9321_low,9322,48,41,data\corrupted\blur_15x15_s5\images\48\9322.png,low,9321,15x15_s5
9342,9343,48,41,data\splits\pilot_100id\images\48\9343.png,high,9342,original
9342_low,9343,48,41,data\corrupted\blur_15x15_s5\images\48\9343.png,low,9342,15x15_s5
9339,9340,48,41,data\splits\pilot_100id\images\48\9340.png,high,9339,original
9339_low,9340,48,41,data\corrupted\blur_15x15_s5\images\48\9340.png,low,9339,15x15_s5
9330,9331,48,41,data\splits\pilot_100id\images\48\9331.png,high,9330,original
9330_low,9331,48,41,data\corrupted\blur_15x15_s5\images\48\9331.png,low,9330,15x15_s5
9332,9333,48,41,data\splits\pilot_100id\images\48\9333.png,high,9332,original
9332_low,9333,48,41,data\corrupted\blur_15x15_s5\images\48\9333.png,low,9332,15x15_s5
9323,9324,48,41,data\splits\pilot_100id\images\48\9324.png,high,9323,original
9323_low,9324,48,41,data\corrupted\blur_15x15_s5\images\48\9324.png,low,9323,15x15_s5
9331,9332,48,41,data\splits\pilot_100id\images\48\9332.png,high,9331,original
9331_low,9332,48,41,data\corrupted\blur_15x15_s5\images\48\9332.png,low,9331,15x15_s5
9327,9328,48,41,data\splits\pilot_100id\images\48\9328.png,high,9327,original
9327_low,9328,48,41,data\corrupted\blur_15x15_s5\images\48\9328.png,low,9327,15x15_s5
9334,9335,48,41,data\splits\pilot_100id\images\48\9335.png,high,9334,original
9334_low,9335,48,41,data\corrupted\blur_15x15_s5\images\48\9335.png,low,9334,15x15_s5
9324,9325,48,41,data\splits\pilot_100id\images\48\9325.png,high,9324,original
9324_low,9325,48,41,data\corrupted\blur_15x15_s5\images\48\9325.png,low,9324,15x15_s5
9347,9348,48,41,data\splits\pilot_100id\images\48\9348.png,high,9347,original
9347_low,9348,48,41,data\corrupted\blur_15x15_s5\images\48\9348.png,low,9347,15x15_s5
9315,9316,48,41,data\splits\pilot_100id\images\48\9316.png,high,9315,original
9315_low,9316,48,41,data\corrupted\blur_15x15_s5\images\48\9316.png,low,9315,15x15_s5
9340,9341,48,41,data\splits\pilot_100id\images\48\9341.png,high,9340,original
9340_low,9341,48,41,data\corrupted\blur_15x15_s5\images\48\9341.png,low,9340,15x15_s5
9320,9321,48,41,data\splits\pilot_100id\images\48\9321.png,high,9320,original
9320_low,9321,48,41,data\corrupted\blur_15x15_s5\images\48\9321.png,low,9320,15x15_s5
9326,9327,48,41,data\splits\pilot_100id\images\48\9327.png,high,9326,original
9326_low,9327,48,41,data\corrupted\blur_15x15_s5\images\48\9327.png,low,9326,15x15_s5
9316,9317,48,41,data\splits\pilot_100id\images\48\9317.png,high,9316,original
9316_low,9317,48,41,data\corrupted\blur_15x15_s5\images\48\9317.png,low,9316,15x15_s5
9352,9353,48,41,data\splits\pilot_100id\images\48\9353.png,high,9352,original
9352_low,9353,48,41,data\corrupted\blur_15x15_s5\images\48\9353.png,low,9352,15x15_s5
9336,9337,48,41,data\splits\pilot_100id\images\48\9337.png,high,9336,original
9336_low,9337,48,41,data\corrupted\blur_15x15_s5\images\48\9337.png,low,9336,15x15_s5
9317,9318,48,41,data\splits\pilot_100id\images\48\9318.png,high,9317,original
9317_low,9318,48,41,data\corrupted\blur_15x15_s5\images\48\9318.png,low,9317,15x15_s5
9414,9415,49,42,data\splits\pilot_100id\images\49\9415.png,high,9414,original
9414_low,9415,49,42,data\corrupted\blur_15x15_s5\images\49\9415.png,low,9414,15x15_s5
9410,9411,49,42,data\splits\pilot_100id\images\49\9411.png,high,9410,original
9410_low,9411,49,42,data\corrupted\blur_15x15_s5\images\49\9411.png,low,9410,15x15_s5
9353,9354,49,42,data\splits\pilot_100id\images\49\9354.png,high,9353,original
9353_low,9354,49,42,data\corrupted\blur_15x15_s5\images\49\9354.png,low,9353,15x15_s5
9396,9397,49,42,data\splits\pilot_100id\images\49\9397.png,high,9396,original
9396_low,9397,49,42,data\corrupted\blur_15x15_s5\images\49\9397.png,low,9396,15x15_s5
9358,9359,49,42,data\splits\pilot_100id\images\49\9359.png,high,9358,original
9358_low,9359,49,42,data\corrupted\blur_15x15_s5\images\49\9359.png,low,9358,15x15_s5
9389,9390,49,42,data\splits\pilot_100id\images\49\9390.png,high,9389,original
9389_low,9390,49,42,data\corrupted\blur_15x15_s5\images\49\9390.png,low,9389,15x15_s5
9369,9370,49,42,data\splits\pilot_100id\images\49\9370.png,high,9369,original
9369_low,9370,49,42,data\corrupted\blur_15x15_s5\images\49\9370.png,low,9369,15x15_s5
9365,9366,49,42,data\splits\pilot_100id\images\49\9366.png,high,9365,original
9365_low,9366,49,42,data\corrupted\blur_15x15_s5\images\49\9366.png,low,9365,15x15_s5
9378,9379,49,42,data\splits\pilot_100id\images\49\9379.png,high,9378,original
9378_low,9379,49,42,data\corrupted\blur_15x15_s5\images\49\9379.png,low,9378,15x15_s5
9413,9414,49,42,data\splits\pilot_100id\images\49\9414.png,high,9413,original
9413_low,9414,49,42,data\corrupted\blur_15x15_s5\images\49\9414.png,low,9413,15x15_s5
9408,9409,49,42,data\splits\pilot_100id\images\49\9409.png,high,9408,original
9408_low,9409,49,42,data\corrupted\blur_15x15_s5\images\49\9409.png,low,9408,15x15_s5
9362,9363,49,42,data\splits\pilot_100id\images\49\9363.png,high,9362,original
9362_low,9363,49,42,data\corrupted\blur_15x15_s5\images\49\9363.png,low,9362,15x15_s5
9393,9394,49,42,data\splits\pilot_100id\images\49\9394.png,high,9393,original
9393_low,9394,49,42,data\corrupted\blur_15x15_s5\images\49\9394.png,low,9393,15x15_s5
9366,9367,49,42,data\splits\pilot_100id\images\49\9367.png,high,9366,original
9366_low,9367,49,42,data\corrupted\blur_15x15_s5\images\49\9367.png,low,9366,15x15_s5
9387,9388,49,42,data\splits\pilot_100id\images\49\9388.png,high,9387,original
9387_low,9388,49,42,data\corrupted\blur_15x15_s5\images\49\9388.png,low,9387,15x15_s5
9402,9403,49,42,data\splits\pilot_100id\images\49\9403.png,high,9402,original
9402_low,9403,49,42,data\corrupted\blur_15x15_s5\images\49\9403.png,low,9402,15x15_s5
9356,9357,49,42,data\splits\pilot_100id\images\49\9357.png,high,9356,original
9356_low,9357,49,42,data\corrupted\blur_15x15_s5\images\49\9357.png,low,9356,15x15_s5
9370,9371,49,42,data\splits\pilot_100id\images\49\9371.png,high,9370,original
9370_low,9371,49,42,data\corrupted\blur_15x15_s5\images\49\9371.png,low,9370,15x15_s5
9401,9402,49,42,data\splits\pilot_100id\images\49\9402.png,high,9401,original
9401_low,9402,49,42,data\corrupted\blur_15x15_s5\images\49\9402.png,low,9401,15x15_s5
9361,9362,49,42,data\splits\pilot_100id\images\49\9362.png,high,9361,original
9361_low,9362,49,42,data\corrupted\blur_15x15_s5\images\49\9362.png,low,9361,15x15_s5
9359,9360,49,42,data\splits\pilot_100id\images\49\9360.png,high,9359,original
9359_low,9360,49,42,data\corrupted\blur_15x15_s5\images\49\9360.png,low,9359,15x15_s5
9386,9387,49,42,data\splits\pilot_100id\images\49\9387.png,high,9386,original
9386_low,9387,49,42,data\corrupted\blur_15x15_s5\images\49\9387.png,low,9386,15x15_s5
9357,9358,49,42,data\splits\pilot_100id\images\49\9358.png,high,9357,original
9357_low,9358,49,42,data\corrupted\blur_15x15_s5\images\49\9358.png,low,9357,15x15_s5
9399,9400,49,42,data\splits\pilot_100id\images\49\9400.png,high,9399,original
9399_low,9400,49,42,data\corrupted\blur_15x15_s5\images\49\9400.png,low,9399,15x15_s5
9372,9373,49,42,data\splits\pilot_100id\images\49\9373.png,high,9372,original
9372_low,9373,49,42,data\corrupted\blur_15x15_s5\images\49\9373.png,low,9372,15x15_s5
9622,9623,51,43,data\splits\pilot_100id\images\51\9623.png,high,9622,original
9622_low,9623,51,43,data\corrupted\blur_15x15_s5\images\51\9623.png,low,9622,15x15_s5
9515,9516,51,43,data\splits\pilot_100id\images\51\9516.png,high,9515,original
9515_low,9516,51,43,data\corrupted\blur_15x15_s5\images\51\9516.png,low,9515,15x15_s5
9492,9493,51,43,data\splits\pilot_100id\images\51\9493.png,high,9492,original
9492_low,9493,51,43,data\corrupted\blur_15x15_s5\images\51\9493.png,low,9492,15x15_s5
9574,9575,51,43,data\splits\pilot_100id\images\51\9575.png,high,9574,original
9574_low,9575,51,43,data\corrupted\blur_15x15_s5\images\51\9575.png,low,9574,15x15_s5
9598,9599,51,43,data\splits\pilot_100id\images\51\9599.png,high,9598,original
9598_low,9599,51,43,data\corrupted\blur_15x15_s5\images\51\9599.png,low,9598,15x15_s5
9452,9453,51,43,data\splits\pilot_100id\images\51\9453.png,high,9452,original
9452_low,9453,51,43,data\corrupted\blur_15x15_s5\images\51\9453.png,low,9452,15x15_s5
9512,9513,51,43,data\splits\pilot_100id\images\51\9513.png,high,9512,original
9512_low,9513,51,43,data\corrupted\blur_15x15_s5\images\51\9513.png,low,9512,15x15_s5
9591,9592,51,43,data\splits\pilot_100id\images\51\9592.png,high,9591,original
9591_low,9592,51,43,data\corrupted\blur_15x15_s5\images\51\9592.png,low,9591,15x15_s5
9559,9560,51,43,data\splits\pilot_100id\images\51\9560.png,high,9559,original
9559_low,9560,51,43,data\corrupted\blur_15x15_s5\images\51\9560.png,low,9559,15x15_s5
9612,9613,51,43,data\splits\pilot_100id\images\51\9613.png,high,9612,original
9612_low,9613,51,43,data\corrupted\blur_15x15_s5\images\51\9613.png,low,9612,15x15_s5
9595,9596,51,43,data\splits\pilot_100id\images\51\9596.png,high,9595,original
9595_low,9596,51,43,data\corrupted\blur_15x15_s5\images\51\9596.png,low,9595,15x15_s5
9479,9480,51,43,data\splits\pilot_100id\images\51\9480.png,high,9479,original
9479_low,9480,51,43,data\corrupted\blur_15x15_s5\images\51\9480.png,low,9479,15x15_s5
9602,9603,51,43,data\splits\pilot_100id\images\51\9603.png,high,9602,original
9602_low,9603,51,43,data\corrupted\blur_15x15_s5\images\51\9603.png,low,9602,15x15_s5
9467,9468,51,43,data\splits\pilot_100id\images\51\9468.png,high,9467,original
9467_low,9468,51,43,data\corrupted\blur_15x15_s5\images\51\9468.png,low,9467,15x15_s5
9488,9489,51,43,data\splits\pilot_100id\images\51\9489.png,high,9488,original
9488_low,9489,51,43,data\corrupted\blur_15x15_s5\images\51\9489.png,low,9488,15x15_s5
9453,9454,51,43,data\splits\pilot_100id\images\51\9454.png,high,9453,original
9453_low,9454,51,43,data\corrupted\blur_15x15_s5\images\51\9454.png,low,9453,15x15_s5
9603,9604,51,43,data\splits\pilot_100id\images\51\9604.png,high,9603,original
9603_low,9604,51,43,data\corrupted\blur_15x15_s5\images\51\9604.png,low,9603,15x15_s5
9614,9615,51,43,data\splits\pilot_100id\images\51\9615.png,high,9614,original
9614_low,9615,51,43,data\corrupted\blur_15x15_s5\images\51\9615.png,low,9614,15x15_s5
9522,9523,51,43,data\splits\pilot_100id\images\51\9523.png,high,9522,original
9522_low,9523,51,43,data\corrupted\blur_15x15_s5\images\51\9523.png,low,9522,15x15_s5
9456,9457,51,43,data\splits\pilot_100id\images\51\9457.png,high,9456,original
9456_low,9457,51,43,data\corrupted\blur_15x15_s5\images\51\9457.png,low,9456,15x15_s5
9561,9562,51,43,data\splits\pilot_100id\images\51\9562.png,high,9561,original
9561_low,9562,51,43,data\corrupted\blur_15x15_s5\images\51\9562.png,low,9561,15x15_s5
9555,9556,51,43,data\splits\pilot_100id\images\51\9556.png,high,9555,original
9555_low,9556,51,43,data\corrupted\blur_15x15_s5\images\51\9556.png,low,9555,15x15_s5
9442,9443,51,43,data\splits\pilot_100id\images\51\9443.png,high,9442,original
9442_low,9443,51,43,data\corrupted\blur_15x15_s5\images\51\9443.png,low,9442,15x15_s5
9585,9586,51,43,data\splits\pilot_100id\images\51\9586.png,high,9585,original
9585_low,9586,51,43,data\corrupted\blur_15x15_s5\images\51\9586.png,low,9585,15x15_s5
9461,9462,51,43,data\splits\pilot_100id\images\51\9462.png,high,9461,original
9461_low,9462,51,43,data\corrupted\blur_15x15_s5\images\51\9462.png,low,9461,15x15_s5
9803,9804,54,44,data\splits\pilot_100id\images\54\9804.png,high,9803,original
9803_low,9804,54,44,data\corrupted\blur_15x15_s5\images\54\9804.png,low,9803,15x15_s5
9696,9697,54,44,data\splits\pilot_100id\images\54\9697.png,high,9696,original
9696_low,9697,54,44,data\corrupted\blur_15x15_s5\images\54\9697.png,low,9696,15x15_s5
9785,9786,54,44,data\splits\pilot_100id\images\54\9786.png,high,9785,original
9785_low,9786,54,44,data\corrupted\blur_15x15_s5\images\54\9786.png,low,9785,15x15_s5
9695,9696,54,44,data\splits\pilot_100id\images\54\9696.png,high,9695,original
9695_low,9696,54,44,data\corrupted\blur_15x15_s5\images\54\9696.png,low,9695,15x15_s5
9808,9809,54,44,data\splits\pilot_100id\images\54\9809.png,high,9808,original
9808_low,9809,54,44,data\corrupted\blur_15x15_s5\images\54\9809.png,low,9808,15x15_s5
9827,9828,54,44,data\splits\pilot_100id\images\54\9828.png,high,9827,original
9827_low,9828,54,44,data\corrupted\blur_15x15_s5\images\54\9828.png,low,9827,15x15_s5
9830,9831,54,44,data\splits\pilot_100id\images\54\9831.png,high,9830,original
9830_low,9831,54,44,data\corrupted\blur_15x15_s5\images\54\9831.png,low,9830,15x15_s5
9717,9718,54,44,data\splits\pilot_100id\images\54\9718.png,high,9717,original
9717_low,9718,54,44,data\corrupted\blur_15x15_s5\images\54\9718.png,low,9717,15x15_s5
9771,9772,54,44,data\splits\pilot_100id\images\54\9772.png,high,9771,original
9771_low,9772,54,44,data\corrupted\blur_15x15_s5\images\54\9772.png,low,9771,15x15_s5
9726,9727,54,44,data\splits\pilot_100id\images\54\9727.png,high,9726,original
9726_low,9727,54,44,data\corrupted\blur_15x15_s5\images\54\9727.png,low,9726,15x15_s5
9681,9682,54,44,data\splits\pilot_100id\images\54\9682.png,high,9681,original
9681_low,9682,54,44,data\corrupted\blur_15x15_s5\images\54\9682.png,low,9681,15x15_s5
9822,9823,54,44,data\splits\pilot_100id\images\54\9823.png,high,9822,original
9822_low,9823,54,44,data\corrupted\blur_15x15_s5\images\54\9823.png,low,9822,15x15_s5
9799,9800,54,44,data\splits\pilot_100id\images\54\9800.png,high,9799,original
9799_low,9800,54,44,data\corrupted\blur_15x15_s5\images\54\9800.png,low,9799,15x15_s5
9711,9712,54,44,data\splits\pilot_100id\images\54\9712.png,high,9711,original
9711_low,9712,54,44,data\corrupted\blur_15x15_s5\images\54\9712.png,low,9711,15x15_s5
9734,9735,54,44,data\splits\pilot_100id\images\54\9735.png,high,9734,original
9734_low,9735,54,44,data\corrupted\blur_15x15_s5\images\54\9735.png,low,9734,15x15_s5
9751,9752,54,44,data\splits\pilot_100id\images\54\9752.png,high,9751,original
9751_low,9752,54,44,data\corrupted\blur_15x15_s5\images\54\9752.png,low,9751,15x15_s5
9690,9691,54,44,data\splits\pilot_100id\images\54\9691.png,high,9690,original
9690_low,9691,54,44,data\corrupted\blur_15x15_s5\images\54\9691.png,low,9690,15x15_s5
9775,9776,54,44,data\splits\pilot_100id\images\54\9776.png,high,9775,original
9775_low,9776,54,44,data\corrupted\blur_15x15_s5\images\54\9776.png,low,9775,15x15_s5
9741,9742,54,44,data\splits\pilot_100id\images\54\9742.png,high,9741,original
9741_low,9742,54,44,data\corrupted\blur_15x15_s5\images\54\9742.png,low,9741,15x15_s5
9774,9775,54,44,data\splits\pilot_100id\images\54\9775.png,high,9774,original
9774_low,9775,54,44,data\corrupted\blur_15x15_s5\images\54\9775.png,low,9774,15x15_s5
9685,9686,54,44,data\splits\pilot_100id\images\54\9686.png,high,9685,original
9685_low,9686,54,44,data\corrupted\blur_15x15_s5\images\54\9686.png,low,9685,15x15_s5
9682,9683,54,44,data\splits\pilot_100id\images\54\9683.png,high,9682,original
9682_low,9683,54,44,data\corrupted\blur_15x15_s5\images\54\9683.png,low,9682,15x15_s5
9697,9698,54,44,data\splits\pilot_100id\images\54\9698.png,high,9697,original
9697_low,9698,54,44,data\corrupted\blur_15x15_s5\images\54\9698.png,low,9697,15x15_s5
9684,9685,54,44,data\splits\pilot_100id\images\54\9685.png,high,9684,original
9684_low,9685,54,44,data\corrupted\blur_15x15_s5\images\54\9685.png,low,9684,15x15_s5
9678,9679,54,44,data\splits\pilot_100id\images\54\9679.png,high,9678,original
9678_low,9679,54,44,data\corrupted\blur_15x15_s5\images\54\9679.png,low,9678,15x15_s5
9922,9923,56,45,data\splits\pilot_100id\images\56\9923.png,high,9922,original
9922_low,9923,56,45,data\corrupted\blur_15x15_s5\images\56\9923.png,low,9922,15x15_s5
9867,9868,56,45,data\splits\pilot_100id\images\56\9868.png,high,9867,original
9867_low,9868,56,45,data\corrupted\blur_15x15_s5\images\56\9868.png,low,9867,15x15_s5
9967,9968,56,45,data\splits\pilot_100id\images\56\9968.png,high,9967,original
9967_low,9968,56,45,data\corrupted\blur_15x15_s5\images\56\9968.png,low,9967,15x15_s5
9927,9928,56,45,data\splits\pilot_100id\images\56\9928.png,high,9927,original
9927_low,9928,56,45,data\corrupted\blur_15x15_s5\images\56\9928.png,low,9927,15x15_s5
9925,9926,56,45,data\splits\pilot_100id\images\56\9926.png,high,9925,original
9925_low,9926,56,45,data\corrupted\blur_15x15_s5\images\56\9926.png,low,9925,15x15_s5
9880,9881,56,45,data\splits\pilot_100id\images\56\9881.png,high,9880,original
9880_low,9881,56,45,data\corrupted\blur_15x15_s5\images\56\9881.png,low,9880,15x15_s5
9913,9914,56,45,data\splits\pilot_100id\images\56\9914.png,high,9913,original
9913_low,9914,56,45,data\corrupted\blur_15x15_s5\images\56\9914.png,low,9913,15x15_s5
9990,9991,56,45,data\splits\pilot_100id\images\56\9991.png,high,9990,original
9990_low,9991,56,45,data\corrupted\blur_15x15_s5\images\56\9991.png,low,9990,15x15_s5
9917,9918,56,45,data\splits\pilot_100id\images\56\9918.png,high,9917,original
9917_low,9918,56,45,data\corrupted\blur_15x15_s5\images\56\9918.png,low,9917,15x15_s5
9931,9932,56,45,data\splits\pilot_100id\images\56\9932.png,high,9931,original
9931_low,9932,56,45,data\corrupted\blur_15x15_s5\images\56\9932.png,low,9931,15x15_s5
9959,9960,56,45,data\splits\pilot_100id\images\56\9960.png,high,9959,original
9959_low,9960,56,45,data\corrupted\blur_15x15_s5\images\56\9960.png,low,9959,15x15_s5
9861,9862,56,45,data\splits\pilot_100id\images\56\9862.png,high,9861,original
9861_low,9862,56,45,data\corrupted\blur_15x15_s5\images\56\9862.png,low,9861,15x15_s5
9885,9886,56,45,data\splits\pilot_100id\images\56\9886.png,high,9885,original
9885_low,9886,56,45,data\corrupted\blur_15x15_s5\images\56\9886.png,low,9885,15x15_s5
9858,9859,56,45,data\splits\pilot_100id\images\56\9859.png,high,9858,original
9858_low,9859,56,45,data\corrupted\blur_15x15_s5\images\56\9859.png,low,9858,15x15_s5
9868,9869,56,45,data\splits\pilot_100id\images\56\9869.png,high,9868,original
9868_low,9869,56,45,data\corrupted\blur_15x15_s5\images\56\9869.png,low,9868,15x15_s5
9905,9906,56,45,data\splits\pilot_100id\images\56\9906.png,high,9905,original
9905_low,9906,56,45,data\corrupted\blur_15x15_s5\images\56\9906.png,low,9905,15x15_s5
9953,9954,56,45,data\splits\pilot_100id\images\56\9954.png,high,9953,original
9953_low,9954,56,45,data\corrupted\blur_15x15_s5\images\56\9954.png,low,9953,15x15_s5
9918,9919,56,45,data\splits\pilot_100id\images\56\9919.png,high,9918,original
9918_low,9919,56,45,data\corrupted\blur_15x15_s5\images\56\9919.png,low,9918,15x15_s5
9904,9905,56,45,data\splits\pilot_100id\images\56\9905.png,high,9904,original
9904_low,9905,56,45,data\corrupted\blur_15x15_s5\images\56\9905.png,low,9904,15x15_s5
9981,9982,56,45,data\splits\pilot_100id\images\56\9982.png,high,9981,original
9981_low,9982,56,45,data\corrupted\blur_15x15_s5\images\56\9982.png,low,9981,15x15_s5
9878,9879,56,45,data\splits\pilot_100id\images\56\9879.png,high,9878,original
9878_low,9879,56,45,data\corrupted\blur_15x15_s5\images\56\9879.png,low,9878,15x15_s5
9976,9977,56,45,data\splits\pilot_100id\images\56\9977.png,high,9976,original
9976_low,9977,56,45,data\corrupted\blur_15x15_s5\images\56\9977.png,low,9976,15x15_s5
9875,9876,56,45,data\splits\pilot_100id\images\56\9876.png,high,9875,original
9875_low,9876,56,45,data\corrupted\blur_15x15_s5\images\56\9876.png,low,9875,15x15_s5
9977,9978,56,45,data\splits\pilot_100id\images\56\9978.png,high,9977,original
9977_low,9978,56,45,data\corrupted\blur_15x15_s5\images\56\9978.png,low,9977,15x15_s5
9980,9981,56,45,data\splits\pilot_100id\images\56\9981.png,high,9980,original
9980_low,9981,56,45,data\corrupted\blur_15x15_s5\images\56\9981.png,low,9980,15x15_s5
10055,10056,57,46,data\splits\pilot_100id\images\57\10056.png,high,10055,original
10055_low,10056,57,46,data\corrupted\blur_15x15_s5\images\57\10056.png,low,10055,15x15_s5
10088,10089,57,46,data\splits\pilot_100id\images\57\10089.png,high,10088,original
10088_low,10089,57,46,data\corrupted\blur_15x15_s5\images\57\10089.png,low,10088,15x15_s5
10003,10004,57,46,data\splits\pilot_100id\images\57\10004.png,high,10003,original
10003_low,10004,57,46,data\corrupted\blur_15x15_s5\images\57\10004.png,low,10003,15x15_s5
10044,10045,57,46,data\splits\pilot_100id\images\57\10045.png,high,10044,original
10044_low,10045,57,46,data\corrupted\blur_15x15_s5\images\57\10045.png,low,10044,15x15_s5
10025,10026,57,46,data\splits\pilot_100id\images\57\10026.png,high,10025,original
10025_low,10026,57,46,data\corrupted\blur_15x15_s5\images\57\10026.png,low,10025,15x15_s5
10116,10117,57,46,data\splits\pilot_100id\images\57\10117.png,high,10116,original
10116_low,10117,57,46,data\corrupted\blur_15x15_s5\images\57\10117.png,low,10116,15x15_s5
10068,10069,57,46,data\splits\pilot_100id\images\57\10069.png,high,10068,original
10068_low,10069,57,46,data\corrupted\blur_15x15_s5\images\57\10069.png,low,10068,15x15_s5
10009,10010,57,46,data\splits\pilot_100id\images\57\10010.png,high,10009,original
10009_low,10010,57,46,data\corrupted\blur_15x15_s5\images\57\10010.png,low,10009,15x15_s5
10089,10090,57,46,data\splits\pilot_100id\images\57\10090.png,high,10089,original
10089_low,10090,57,46,data\corrupted\blur_15x15_s5\images\57\10090.png,low,10089,15x15_s5
10072,10073,57,46,data\splits\pilot_100id\images\57\10073.png,high,10072,original
10072_low,10073,57,46,data\corrupted\blur_15x15_s5\images\57\10073.png,low,10072,15x15_s5
10017,10018,57,46,data\splits\pilot_100id\images\57\10018.png,high,10017,original
10017_low,10018,57,46,data\corrupted\blur_15x15_s5\images\57\10018.png,low,10017,15x15_s5
10111,10112,57,46,data\splits\pilot_100id\images\57\10112.png,high,10111,original
10111_low,10112,57,46,data\corrupted\blur_15x15_s5\images\57\10112.png,low,10111,15x15_s5
10010,10011,57,46,data\splits\pilot_100id\images\57\10011.png,high,10010,original
10010_low,10011,57,46,data\corrupted\blur_15x15_s5\images\57\10011.png,low,10010,15x15_s5
10095,10096,57,46,data\splits\pilot_100id\images\57\10096.png,high,10095,original
10095_low,10096,57,46,data\corrupted\blur_15x15_s5\images\57\10096.png,low,10095,15x15_s5
10041,10042,57,46,data\splits\pilot_100id\images\57\10042.png,high,10041,original
10041_low,10042,57,46,data\corrupted\blur_15x15_s5\images\57\10042.png,low,10041,15x15_s5
10030,10031,57,46,data\splits\pilot_100id\images\57\10031.png,high,10030,original
10030_low,10031,57,46,data\corrupted\blur_15x15_s5\images\57\10031.png,low,10030,15x15_s5
10087,10088,57,46,data\splits\pilot_100id\images\57\10088.png,high,10087,original
10087_low,10088,57,46,data\corrupted\blur_15x15_s5\images\57\10088.png,low,10087,15x15_s5
9999,10000,57,46,data\splits\pilot_100id\images\57\10000.png,high,9999,original
9999_low,10000,57,46,data\corrupted\blur_15x15_s5\images\57\10000.png,low,9999,15x15_s5
10096,10097,57,46,data\splits\pilot_100id\images\57\10097.png,high,10096,original
10096_low,10097,57,46,data\corrupted\blur_15x15_s5\images\57\10097.png,low,10096,15x15_s5
10109,10110,57,46,data\splits\pilot_100id\images\57\10110.png,high,10109,original
10109_low,10110,57,46,data\corrupted\blur_15x15_s5\images\57\10110.png,low,10109,15x15_s5
10063,10064,57,46,data\splits\pilot_100id\images\57\10064.png,high,10063,original
10063_low,10064,57,46,data\corrupted\blur_15x15_s5\images\57\10064.png,low,10063,15x15_s5
10039,10040,57,46,data\splits\pilot_100id\images\57\10040.png,high,10039,original
10039_low,10040,57,46,data\corrupted\blur_15x15_s5\images\57\10040.png,low,10039,15x15_s5
10094,10095,57,46,data\splits\pilot_100id\images\57\10095.png,high,10094,original
10094_low,10095,57,46,data\corrupted\blur_15x15_s5\images\57\10095.png,low,10094,15x15_s5
10052,10053,57,46,data\splits\pilot_100id\images\57\10053.png,high,10052,original
10052_low,10053,57,46,data\corrupted\blur_15x15_s5\images\57\10053.png,low,10052,15x15_s5
10043,10044,57,46,data\splits\pilot_100id\images\57\10044.png,high,10043,original
10043_low,10044,57,46,data\corrupted\blur_15x15_s5\images\57\10044.png,low,10043,15x15_s5
10183,10184,58,47,data\splits\pilot_100id\images\58\10184.png,high,10183,original
10183_low,10184,58,47,data\corrupted\blur_15x15_s5\images\58\10184.png,low,10183,15x15_s5
10232,10233,58,47,data\splits\pilot_100id\images\58\10233.png,high,10232,original
10232_low,10233,58,47,data\corrupted\blur_15x15_s5\images\58\10233.png,low,10232,15x15_s5
10134,10135,58,47,data\splits\pilot_100id\images\58\10135.png,high,10134,original
10134_low,10135,58,47,data\corrupted\blur_15x15_s5\images\58\10135.png,low,10134,15x15_s5
10259,10260,58,47,data\splits\pilot_100id\images\58\10260.png,high,10259,original
10259_low,10260,58,47,data\corrupted\blur_15x15_s5\images\58\10260.png,low,10259,15x15_s5
10274,10275,58,47,data\splits\pilot_100id\images\58\10275.png,high,10274,original
10274_low,10275,58,47,data\corrupted\blur_15x15_s5\images\58\10275.png,low,10274,15x15_s5
10244,10245,58,47,data\splits\pilot_100id\images\58\10245.png,high,10244,original
10244_low,10245,58,47,data\corrupted\blur_15x15_s5\images\58\10245.png,low,10244,15x15_s5
10258,10259,58,47,data\splits\pilot_100id\images\58\10259.png,high,10258,original
10258_low,10259,58,47,data\corrupted\blur_15x15_s5\images\58\10259.png,low,10258,15x15_s5
10148,10149,58,47,data\splits\pilot_100id\images\58\10149.png,high,10148,original
10148_low,10149,58,47,data\corrupted\blur_15x15_s5\images\58\10149.png,low,10148,15x15_s5
10136,10137,58,47,data\splits\pilot_100id\images\58\10137.png,high,10136,original
10136_low,10137,58,47,data\corrupted\blur_15x15_s5\images\58\10137.png,low,10136,15x15_s5
10285,10286,58,47,data\splits\pilot_100id\images\58\10286.png,high,10285,original
10285_low,10286,58,47,data\corrupted\blur_15x15_s5\images\58\10286.png,low,10285,15x15_s5
10276,10277,58,47,data\splits\pilot_100id\images\58\10277.png,high,10276,original
10276_low,10277,58,47,data\corrupted\blur_15x15_s5\images\58\10277.png,low,10276,15x15_s5
10133,10134,58,47,data\splits\pilot_100id\images\58\10134.png,high,10133,original
10133_low,10134,58,47,data\corrupted\blur_15x15_s5\images\58\10134.png,low,10133,15x15_s5
10173,10174,58,47,data\splits\pilot_100id\images\58\10174.png,high,10173,original
10173_low,10174,58,47,data\corrupted\blur_15x15_s5\images\58\10174.png,low,10173,15x15_s5
10174,10175,58,47,data\splits\pilot_100id\images\58\10175.png,high,10174,original
10174_low,10175,58,47,data\corrupted\blur_15x15_s5\images\58\10175.png,low,10174,15x15_s5
10233,10234,58,47,data\splits\pilot_100id\images\58\10234.png,high,10233,original
10233_low,10234,58,47,data\corrupted\blur_15x15_s5\images\58\10234.png,low,10233,15x15_s5
10163,10164,58,47,data\splits\pilot_100id\images\58\10164.png,high,10163,original
10163_low,10164,58,47,data\corrupted\blur_15x15_s5\images\58\10164.png,low,10163,15x15_s5
10242,10243,58,47,data\splits\pilot_100id\images\58\10243.png,high,10242,original
10242_low,10243,58,47,data\corrupted\blur_15x15_s5\images\58\10243.png,low,10242,15x15_s5
10127,10128,58,47,data\splits\pilot_100id\images\58\10128.png,high,10127,original
10127_low,10128,58,47,data\corrupted\blur_15x15_s5\images\58\10128.png,low,10127,15x15_s5
10265,10266,58,47,data\splits\pilot_100id\images\58\10266.png,high,10265,original
10265_low,10266,58,47,data\corrupted\blur_15x15_s5\images\58\10266.png,low,10265,15x15_s5
10203,10204,58,47,data\splits\pilot_100id\images\58\10204.png,high,10203,original
10203_low,10204,58,47,data\corrupted\blur_15x15_s5\images\58\10204.png,low,10203,15x15_s5
10231,10232,58,47,data\splits\pilot_100id\images\58\10232.png,high,10231,original
10231_low,10232,58,47,data\corrupted\blur_15x15_s5\images\58\10232.png,low,10231,15x15_s5
10279,10280,58,47,data\splits\pilot_100id\images\58\10280.png,high,10279,original
10279_low,10280,58,47,data\corrupted\blur_15x15_s5\images\58\10280.png,low,10279,15x15_s5
10178,10179,58,47,data\splits\pilot_100id\images\58\10179.png,high,10178,original
10178_low,10179,58,47,data\corrupted\blur_15x15_s5\images\58\10179.png,low,10178,15x15_s5
10305,10306,58,47,data\splits\pilot_100id\images\58\10306.png,high,10305,original
10305_low,10306,58,47,data\corrupted\blur_15x15_s5\images\58\10306.png,low,10305,15x15_s5
10191,10192,58,47,data\splits\pilot_100id\images\58\10192.png,high,10191,original
10191_low,10192,58,47,data\corrupted\blur_15x15_s5\images\58\10192.png,low,10191,15x15_s5
10316,10317,59,48,data\splits\pilot_100id\images\59\10317.png,high,10316,original
10316_low,10317,59,48,data\corrupted\blur_15x15_s5\images\59\10317.png,low,10316,15x15_s5
10321,10322,59,48,data\splits\pilot_100id\images\59\10322.png,high,10321,original
10321_low,10322,59,48,data\corrupted\blur_15x15_s5\images\59\10322.png,low,10321,15x15_s5
10362,10363,59,48,data\splits\pilot_100id\images\59\10363.png,high,10362,original
10362_low,10363,59,48,data\corrupted\blur_15x15_s5\images\59\10363.png,low,10362,15x15_s5
10347,10348,59,48,data\splits\pilot_100id\images\59\10348.png,high,10347,original
10347_low,10348,59,48,data\corrupted\blur_15x15_s5\images\59\10348.png,low,10347,15x15_s5
10329,10330,59,48,data\splits\pilot_100id\images\59\10330.png,high,10329,original
10329_low,10330,59,48,data\corrupted\blur_15x15_s5\images\59\10330.png,low,10329,15x15_s5
10371,10372,59,48,data\splits\pilot_100id\images\59\10372.png,high,10371,original
10371_low,10372,59,48,data\corrupted\blur_15x15_s5\images\59\10372.png,low,10371,15x15_s5
10350,10351,59,48,data\splits\pilot_100id\images\59\10351.png,high,10350,original
10350_low,10351,59,48,data\corrupted\blur_15x15_s5\images\59\10351.png,low,10350,15x15_s5
10365,10366,59,48,data\splits\pilot_100id\images\59\10366.png,high,10365,original
10365_low,10366,59,48,data\corrupted\blur_15x15_s5\images\59\10366.png,low,10365,15x15_s5
10328,10329,59,48,data\splits\pilot_100id\images\59\10329.png,high,10328,original
10328_low,10329,59,48,data\corrupted\blur_15x15_s5\images\59\10329.png,low,10328,15x15_s5
10356,10357,59,48,data\splits\pilot_100id\images\59\10357.png,high,10356,original
10356_low,10357,59,48,data\corrupted\blur_15x15_s5\images\59\10357.png,low,10356,15x15_s5
10349,10350,59,48,data\splits\pilot_100id\images\59\10350.png,high,10349,original
10349_low,10350,59,48,data\corrupted\blur_15x15_s5\images\59\10350.png,low,10349,15x15_s5
10375,10376,59,48,data\splits\pilot_100id\images\59\10376.png,high,10375,original
10375_low,10376,59,48,data\corrupted\blur_15x15_s5\images\59\10376.png,low,10375,15x15_s5
10332,10333,59,48,data\splits\pilot_100id\images\59\10333.png,high,10332,original
10332_low,10333,59,48,data\corrupted\blur_15x15_s5\images\59\10333.png,low,10332,15x15_s5
10319,10320,59,48,data\splits\pilot_100id\images\59\10320.png,high,10319,original
10319_low,10320,59,48,data\corrupted\blur_15x15_s5\images\59\10320.png,low,10319,15x15_s5
10369,10370,59,48,data\splits\pilot_100id\images\59\10370.png,high,10369,original
10369_low,10370,59,48,data\corrupted\blur_15x15_s5\images\59\10370.png,low,10369,15x15_s5
10333,10334,59,48,data\splits\pilot_100id\images\59\10334.png,high,10333,original
10333_low,10334,59,48,data\corrupted\blur_15x15_s5\images\59\10334.png,low,10333,15x15_s5
10324,10325,59,48,data\splits\pilot_100id\images\59\10325.png,high,10324,original
10324_low,10325,59,48,data\corrupted\blur_15x15_s5\images\59\10325.png,low,10324,15x15_s5
10322,10323,59,48,data\splits\pilot_100id\images\59\10323.png,high,10322,original
10322_low,10323,59,48,data\corrupted\blur_15x15_s5\images\59\10323.png,low,10322,15x15_s5
10357,10358,59,48,data\splits\pilot_100id\images\59\10358.png,high,10357,original
10357_low,10358,59,48,data\corrupted\blur_15x15_s5\images\59\10358.png,low,10357,15x15_s5
10320,10321,59,48,data\splits\pilot_100id\images\59\10321.png,high,10320,original
10320_low,10321,59,48,data\corrupted\blur_15x15_s5\images\59\10321.png,low,10320,15x15_s5
10360,10361,59,48,data\splits\pilot_100id\images\59\10361.png,high,10360,original
10360_low,10361,59,48,data\corrupted\blur_15x15_s5\images\59\10361.png,low,10360,15x15_s5
10335,10336,59,48,data\splits\pilot_100id\images\59\10336.png,high,10335,original
10335_low,10336,59,48,data\corrupted\blur_15x15_s5\images\59\10336.png,low,10335,15x15_s5
10363,10364,59,48,data\splits\pilot_100id\images\59\10364.png,high,10363,original
10363_low,10364,59,48,data\corrupted\blur_15x15_s5\images\59\10364.png,low,10363,15x15_s5
10368,10369,59,48,data\splits\pilot_100id\images\59\10369.png,high,10368,original
10368_low,10369,59,48,data\corrupted\blur_15x15_s5\images\59\10369.png,low,10368,15x15_s5
10341,10342,59,48,data\splits\pilot_100id\images\59\10342.png,high,10341,original
10341_low,10342,59,48,data\corrupted\blur_15x15_s5\images\59\10342.png,low,10341,15x15_s5
10410,10411,60,49,data\splits\pilot_100id\images\60\10411.png,high,10410,original
10410_low,10411,60,49,data\corrupted\blur_15x15_s5\images\60\10411.png,low,10410,15x15_s5
10413,10414,60,49,data\splits\pilot_100id\images\60\10414.png,high,10413,original
10413_low,10414,60,49,data\corrupted\blur_15x15_s5\images\60\10414.png,low,10413,15x15_s5
10381,10382,60,49,data\splits\pilot_100id\images\60\10382.png,high,10381,original
10381_low,10382,60,49,data\corrupted\blur_15x15_s5\images\60\10382.png,low,10381,15x15_s5
10390,10391,60,49,data\splits\pilot_100id\images\60\10391.png,high,10390,original
10390_low,10391,60,49,data\corrupted\blur_15x15_s5\images\60\10391.png,low,10390,15x15_s5
10407,10408,60,49,data\splits\pilot_100id\images\60\10408.png,high,10407,original
10407_low,10408,60,49,data\corrupted\blur_15x15_s5\images\60\10408.png,low,10407,15x15_s5
10403,10404,60,49,data\splits\pilot_100id\images\60\10404.png,high,10403,original
10403_low,10404,60,49,data\corrupted\blur_15x15_s5\images\60\10404.png,low,10403,15x15_s5
10383,10384,60,49,data\splits\pilot_100id\images\60\10384.png,high,10383,original
10383_low,10384,60,49,data\corrupted\blur_15x15_s5\images\60\10384.png,low,10383,15x15_s5
10404,10405,60,49,data\splits\pilot_100id\images\60\10405.png,high,10404,original
10404_low,10405,60,49,data\corrupted\blur_15x15_s5\images\60\10405.png,low,10404,15x15_s5
10401,10402,60,49,data\splits\pilot_100id\images\60\10402.png,high,10401,original
10401_low,10402,60,49,data\corrupted\blur_15x15_s5\images\60\10402.png,low,10401,15x15_s5
10392,10393,60,49,data\splits\pilot_100id\images\60\10393.png,high,10392,original
10392_low,10393,60,49,data\corrupted\blur_15x15_s5\images\60\10393.png,low,10392,15x15_s5
10394,10395,60,49,data\splits\pilot_100id\images\60\10395.png,high,10394,original
10394_low,10395,60,49,data\corrupted\blur_15x15_s5\images\60\10395.png,low,10394,15x15_s5
10385,10386,60,49,data\splits\pilot_100id\images\60\10386.png,high,10385,original
10385_low,10386,60,49,data\corrupted\blur_15x15_s5\images\60\10386.png,low,10385,15x15_s5
10393,10394,60,49,data\splits\pilot_100id\images\60\10394.png,high,10393,original
10393_low,10394,60,49,data\corrupted\blur_15x15_s5\images\60\10394.png,low,10393,15x15_s5
10389,10390,60,49,data\splits\pilot_100id\images\60\10390.png,high,10389,original
10389_low,10390,60,49,data\corrupted\blur_15x15_s5\images\60\10390.png,low,10389,15x15_s5
10396,10397,60,49,data\splits\pilot_100id\images\60\10397.png,high,10396,original
10396_low,10397,60,49,data\corrupted\blur_15x15_s5\images\60\10397.png,low,10396,15x15_s5
10386,10387,60,49,data\splits\pilot_100id\images\60\10387.png,high,10386,original
10386_low,10387,60,49,data\corrupted\blur_15x15_s5\images\60\10387.png,low,10386,15x15_s5
10409,10410,60,49,data\splits\pilot_100id\images\60\10410.png,high,10409,original
10409_low,10410,60,49,data\corrupted\blur_15x15_s5\images\60\10410.png,low,10409,15x15_s5
10377,10378,60,49,data\splits\pilot_100id\images\60\10378.png,high,10377,original
10377_low,10378,60,49,data\corrupted\blur_15x15_s5\images\60\10378.png,low,10377,15x15_s5
10402,10403,60,49,data\splits\pilot_100id\images\60\10403.png,high,10402,original
10402_low,10403,60,49,data\corrupted\blur_15x15_s5\images\60\10403.png,low,10402,15x15_s5
10382,10383,60,49,data\splits\pilot_100id\images\60\10383.png,high,10382,original
10382_low,10383,60,49,data\corrupted\blur_15x15_s5\images\60\10383.png,low,10382,15x15_s5
10388,10389,60,49,data\splits\pilot_100id\images\60\10389.png,high,10388,original
10388_low,10389,60,49,data\corrupted\blur_15x15_s5\images\60\10389.png,low,10388,15x15_s5
10378,10379,60,49,data\splits\pilot_100id\images\60\10379.png,high,10378,original
10378_low,10379,60,49,data\corrupted\blur_15x15_s5\images\60\10379.png,low,10378,15x15_s5
10414,10415,60,49,data\splits\pilot_100id\images\60\10415.png,high,10414,original
10414_low,10415,60,49,data\corrupted\blur_15x15_s5\images\60\10415.png,low,10414,15x15_s5
10398,10399,60,49,data\splits\pilot_100id\images\60\10399.png,high,10398,original
10398_low,10399,60,49,data\corrupted\blur_15x15_s5\images\60\10399.png,low,10398,15x15_s5
10379,10380,60,49,data\splits\pilot_100id\images\60\10380.png,high,10379,original
10379_low,10380,60,49,data\corrupted\blur_15x15_s5\images\60\10380.png,low,10379,15x15_s5
10493,10494,61,50,data\splits\pilot_100id\images\61\10494.png,high,10493,original
10493_low,10494,61,50,data\corrupted\blur_15x15_s5\images\61\10494.png,low,10493,15x15_s5
10570,10571,61,50,data\splits\pilot_100id\images\61\10571.png,high,10570,original
10570_low,10571,61,50,data\corrupted\blur_15x15_s5\images\61\10571.png,low,10570,15x15_s5
10543,10544,61,50,data\splits\pilot_100id\images\61\10544.png,high,10543,original
10543_low,10544,61,50,data\corrupted\blur_15x15_s5\images\61\10544.png,low,10543,15x15_s5
10470,10471,61,50,data\splits\pilot_100id\images\61\10471.png,high,10470,original
10470_low,10471,61,50,data\corrupted\blur_15x15_s5\images\61\10471.png,low,10470,15x15_s5
10509,10510,61,50,data\splits\pilot_100id\images\61\10510.png,high,10509,original
10509_low,10510,61,50,data\corrupted\blur_15x15_s5\images\61\10510.png,low,10509,15x15_s5
10444,10445,61,50,data\splits\pilot_100id\images\61\10445.png,high,10444,original
10444_low,10445,61,50,data\corrupted\blur_15x15_s5\images\61\10445.png,low,10444,15x15_s5
10562,10563,61,50,data\splits\pilot_100id\images\61\10563.png,high,10562,original
10562_low,10563,61,50,data\corrupted\blur_15x15_s5\images\61\10563.png,low,10562,15x15_s5
10466,10467,61,50,data\splits\pilot_100id\images\61\10467.png,high,10466,original
10466_low,10467,61,50,data\corrupted\blur_15x15_s5\images\61\10467.png,low,10466,15x15_s5
10513,10514,61,50,data\splits\pilot_100id\images\61\10514.png,high,10513,original
10513_low,10514,61,50,data\corrupted\blur_15x15_s5\images\61\10514.png,low,10513,15x15_s5
10556,10557,61,50,data\splits\pilot_100id\images\61\10557.png,high,10556,original
10556_low,10557,61,50,data\corrupted\blur_15x15_s5\images\61\10557.png,low,10556,15x15_s5
10434,10435,61,50,data\splits\pilot_100id\images\61\10435.png,high,10434,original
10434_low,10435,61,50,data\corrupted\blur_15x15_s5\images\61\10435.png,low,10434,15x15_s5
10475,10476,61,50,data\splits\pilot_100id\images\61\10476.png,high,10475,original
10475_low,10476,61,50,data\corrupted\blur_15x15_s5\images\61\10476.png,low,10475,15x15_s5
10430,10431,61,50,data\splits\pilot_100id\images\61\10431.png,high,10430,original
10430_low,10431,61,50,data\corrupted\blur_15x15_s5\images\61\10431.png,low,10430,15x15_s5
10480,10481,61,50,data\splits\pilot_100id\images\61\10481.png,high,10480,original
10480_low,10481,61,50,data\corrupted\blur_15x15_s5\images\61\10481.png,low,10480,15x15_s5
10439,10440,61,50,data\splits\pilot_100id\images\61\10440.png,high,10439,original
10439_low,10440,61,50,data\corrupted\blur_15x15_s5\images\61\10440.png,low,10439,15x15_s5
10445,10446,61,50,data\splits\pilot_100id\images\61\10446.png,high,10445,original
10445_low,10446,61,50,data\corrupted\blur_15x15_s5\images\61\10446.png,low,10445,15x15_s5
10541,10542,61,50,data\splits\pilot_100id\images\61\10542.png,high,10541,original
10541_low,10542,61,50,data\corrupted\blur_15x15_s5\images\61\10542.png,low,10541,15x15_s5
10516,10517,61,50,data\splits\pilot_100id\images\61\10517.png,high,10516,original
10516_low,10517,61,50,data\corrupted\blur_15x15_s5\images\61\10517.png,low,10516,15x15_s5
10511,10512,61,50,data\splits\pilot_100id\images\61\10512.png,high,10511,original
10511_low,10512,61,50,data\corrupted\blur_15x15_s5\images\61\10512.png,low,10511,15x15_s5
10431,10432,61,50,data\splits\pilot_100id\images\61\10432.png,high,10431,original
10431_low,10432,61,50,data\corrupted\blur_15x15_s5\images\61\10432.png,low,10431,15x15_s5
10566,10567,61,50,data\splits\pilot_100id\images\61\10567.png,high,10566,original
10566_low,10567,61,50,data\corrupted\blur_15x15_s5\images\61\10567.png,low,10566,15x15_s5
10433,10434,61,50,data\splits\pilot_100id\images\61\10434.png,high,10433,original
10433_low,10434,61,50,data\corrupted\blur_15x15_s5\images\61\10434.png,low,10433,15x15_s5
10427,10428,61,50,data\splits\pilot_100id\images\61\10428.png,high,10427,original
10427_low,10428,61,50,data\corrupted\blur_15x15_s5\images\61\10428.png,low,10427,15x15_s5
10424,10425,61,50,data\splits\pilot_100id\images\61\10425.png,high,10424,original
10424_low,10425,61,50,data\corrupted\blur_15x15_s5\images\61\10425.png,low,10424,15x15_s5
10446,10447,61,50,data\splits\pilot_100id\images\61\10447.png,high,10446,original
10446_low,10447,61,50,data\corrupted\blur_15x15_s5\images\61\10447.png,low,10446,15x15_s5
10605,10606,62,51,data\splits\pilot_100id\images\62\10606.png,high,10605,original
10605_low,10606,62,51,data\corrupted\blur_15x15_s5\images\62\10606.png,low,10605,15x15_s5
10589,10590,62,51,data\splits\pilot_100id\images\62\10590.png,high,10589,original
10589_low,10590,62,51,data\corrupted\blur_15x15_s5\images\62\10590.png,low,10589,15x15_s5
10600,10601,62,51,data\splits\pilot_100id\images\62\10601.png,high,10600,original
10600_low,10601,62,51,data\corrupted\blur_15x15_s5\images\62\10601.png,low,10600,15x15_s5
10591,10592,62,51,data\splits\pilot_100id\images\62\10592.png,high,10591,original
10591_low,10592,62,51,data\corrupted\blur_15x15_s5\images\62\10592.png,low,10591,15x15_s5
10582,10583,62,51,data\splits\pilot_100id\images\62\10583.png,high,10582,original
10582_low,10583,62,51,data\corrupted\blur_15x15_s5\images\62\10583.png,low,10582,15x15_s5
10583,10584,62,51,data\splits\pilot_100id\images\62\10584.png,high,10583,original
10583_low,10584,62,51,data\corrupted\blur_15x15_s5\images\62\10584.png,low,10583,15x15_s5
10593,10594,62,51,data\splits\pilot_100id\images\62\10594.png,high,10593,original
10593_low,10594,62,51,data\corrupted\blur_15x15_s5\images\62\10594.png,low,10593,15x15_s5
10595,10596,62,51,data\splits\pilot_100id\images\62\10596.png,high,10595,original
10595_low,10596,62,51,data\corrupted\blur_15x15_s5\images\62\10596.png,low,10595,15x15_s5
10586,10587,62,51,data\splits\pilot_100id\images\62\10587.png,high,10586,original
10586_low,10587,62,51,data\corrupted\blur_15x15_s5\images\62\10587.png,low,10586,15x15_s5
10574,10575,62,51,data\splits\pilot_100id\images\62\10575.png,high,10574,original
10574_low,10575,62,51,data\corrupted\blur_15x15_s5\images\62\10575.png,low,10574,15x15_s5
10578,10579,62,51,data\splits\pilot_100id\images\62\10579.png,high,10578,original
10578_low,10579,62,51,data\corrupted\blur_15x15_s5\images\62\10579.png,low,10578,15x15_s5
10590,10591,62,51,data\splits\pilot_100id\images\62\10591.png,high,10590,original
10590_low,10591,62,51,data\corrupted\blur_15x15_s5\images\62\10591.png,low,10590,15x15_s5
10579,10580,62,51,data\splits\pilot_100id\images\62\10580.png,high,10579,original
10579_low,10580,62,51,data\corrupted\blur_15x15_s5\images\62\10580.png,low,10579,15x15_s5
10587,10588,62,51,data\splits\pilot_100id\images\62\10588.png,high,10587,original
10587_low,10588,62,51,data\corrupted\blur_15x15_s5\images\62\10588.png,low,10587,15x15_s5
10585,10586,62,51,data\splits\pilot_100id\images\62\10586.png,high,10585,original
10585_low,10586,62,51,data\corrupted\blur_15x15_s5\images\62\10586.png,low,10585,15x15_s5
10598,10599,62,51,data\splits\pilot_100id\images\62\10599.png,high,10598,original
10598_low,10599,62,51,data\corrupted\blur_15x15_s5\images\62\10599.png,low,10598,15x15_s5
10575,10576,62,51,data\splits\pilot_100id\images\62\10576.png,high,10575,original
10575_low,10576,62,51,data\corrupted\blur_15x15_s5\images\62\10576.png,low,10575,15x15_s5
10576,10577,62,51,data\splits\pilot_100id\images\62\10577.png,high,10576,original
10576_low,10577,62,51,data\corrupted\blur_15x15_s5\images\62\10577.png,low,10576,15x15_s5
10603,10604,62,51,data\splits\pilot_100id\images\62\10604.png,high,10603,original
10603_low,10604,62,51,data\corrupted\blur_15x15_s5\images\62\10604.png,low,10603,15x15_s5
10577,10578,62,51,data\splits\pilot_100id\images\62\10578.png,high,10577,original
10577_low,10578,62,51,data\corrupted\blur_15x15_s5\images\62\10578.png,low,10577,15x15_s5
10601,10602,62,51,data\splits\pilot_100id\images\62\10602.png,high,10601,original
10601_low,10602,62,51,data\corrupted\blur_15x15_s5\images\62\10602.png,low,10601,15x15_s5
10597,10598,62,51,data\splits\pilot_100id\images\62\10598.png,high,10597,original
10597_low,10598,62,51,data\corrupted\blur_15x15_s5\images\62\10598.png,low,10597,15x15_s5
10604,10605,62,51,data\splits\pilot_100id\images\62\10605.png,high,10604,original
10604_low,10605,62,51,data\corrupted\blur_15x15_s5\images\62\10605.png,low,10604,15x15_s5
10596,10597,62,51,data\splits\pilot_100id\images\62\10597.png,high,10596,original
10596_low,10597,62,51,data\corrupted\blur_15x15_s5\images\62\10597.png,low,10596,15x15_s5
10592,10593,62,51,data\splits\pilot_100id\images\62\10593.png,high,10592,original
10592_low,10593,62,51,data\corrupted\blur_15x15_s5\images\62\10593.png,low,10592,15x15_s5
10634,10635,63,52,data\splits\pilot_100id\images\63\10635.png,high,10634,original
10634_low,10635,63,52,data\corrupted\blur_15x15_s5\images\63\10635.png,low,10634,15x15_s5
10622,10623,63,52,data\splits\pilot_100id\images\63\10623.png,high,10622,original
10622_low,10623,63,52,data\corrupted\blur_15x15_s5\images\63\10623.png,low,10622,15x15_s5
10630,10631,63,52,data\splits\pilot_100id\images\63\10631.png,high,10630,original
10630_low,10631,63,52,data\corrupted\blur_15x15_s5\images\63\10631.png,low,10630,15x15_s5
10624,10625,63,52,data\splits\pilot_100id\images\63\10625.png,high,10624,original
10624_low,10625,63,52,data\corrupted\blur_15x15_s5\images\63\10625.png,low,10624,15x15_s5
10615,10616,63,52,data\splits\pilot_100id\images\63\10616.png,high,10615,original
10615_low,10616,63,52,data\corrupted\blur_15x15_s5\images\63\10616.png,low,10615,15x15_s5
10616,10617,63,52,data\splits\pilot_100id\images\63\10617.png,high,10616,original
10616_low,10617,63,52,data\corrupted\blur_15x15_s5\images\63\10617.png,low,10616,15x15_s5
10635,10636,63,52,data\splits\pilot_100id\images\63\10636.png,high,10635,original
10635_low,10636,63,52,data\corrupted\blur_15x15_s5\images\63\10636.png,low,10635,15x15_s5
10631,10632,63,52,data\splits\pilot_100id\images\63\10632.png,high,10631,original
10631_low,10632,63,52,data\corrupted\blur_15x15_s5\images\63\10632.png,low,10631,15x15_s5
10619,10620,63,52,data\splits\pilot_100id\images\63\10620.png,high,10619,original
10619_low,10620,63,52,data\corrupted\blur_15x15_s5\images\63\10620.png,low,10619,15x15_s5
10607,10608,63,52,data\splits\pilot_100id\images\63\10608.png,high,10607,original
10607_low,10608,63,52,data\corrupted\blur_15x15_s5\images\63\10608.png,low,10607,15x15_s5
10611,10612,63,52,data\splits\pilot_100id\images\63\10612.png,high,10611,original
10611_low,10612,63,52,data\corrupted\blur_15x15_s5\images\63\10612.png,low,10611,15x15_s5
10623,10624,63,52,data\splits\pilot_100id\images\63\10624.png,high,10623,original
10623_low,10624,63,52,data\corrupted\blur_15x15_s5\images\63\10624.png,low,10623,15x15_s5
10612,10613,63,52,data\splits\pilot_100id\images\63\10613.png,high,10612,original
10612_low,10613,63,52,data\corrupted\blur_15x15_s5\images\63\10613.png,low,10612,15x15_s5
10620,10621,63,52,data\splits\pilot_100id\images\63\10621.png,high,10620,original
10620_low,10621,63,52,data\corrupted\blur_15x15_s5\images\63\10621.png,low,10620,15x15_s5
10618,10619,63,52,data\splits\pilot_100id\images\63\10619.png,high,10618,original
10618_low,10619,63,52,data\corrupted\blur_15x15_s5\images\63\10619.png,low,10618,15x15_s5
10629,10630,63,52,data\splits\pilot_100id\images\63\10630.png,high,10629,original
10629_low,10630,63,52,data\corrupted\blur_15x15_s5\images\63\10630.png,low,10629,15x15_s5
10608,10609,63,52,data\splits\pilot_100id\images\63\10609.png,high,10608,original
10608_low,10609,63,52,data\corrupted\blur_15x15_s5\images\63\10609.png,low,10608,15x15_s5
10609,10610,63,52,data\splits\pilot_100id\images\63\10610.png,high,10609,original
10609_low,10610,63,52,data\corrupted\blur_15x15_s5\images\63\10610.png,low,10609,15x15_s5
10632,10633,63,52,data\splits\pilot_100id\images\63\10633.png,high,10632,original
10632_low,10633,63,52,data\corrupted\blur_15x15_s5\images\63\10633.png,low,10632,15x15_s5
10610,10611,63,52,data\splits\pilot_100id\images\63\10611.png,high,10610,original
10610_low,10611,63,52,data\corrupted\blur_15x15_s5\images\63\10611.png,low,10610,15x15_s5
10628,10629,63,52,data\splits\pilot_100id\images\63\10629.png,high,10628,original
10628_low,10629,63,52,data\corrupted\blur_15x15_s5\images\63\10629.png,low,10628,15x15_s5
10633,10634,63,52,data\splits\pilot_100id\images\63\10634.png,high,10633,original
10633_low,10634,63,52,data\corrupted\blur_15x15_s5\images\63\10634.png,low,10633,15x15_s5
10625,10626,63,52,data\splits\pilot_100id\images\63\10626.png,high,10625,original
10625_low,10626,63,52,data\corrupted\blur_15x15_s5\images\63\10626.png,low,10625,15x15_s5
10636,10637,63,52,data\splits\pilot_100id\images\63\10637.png,high,10636,original
10636_low,10637,63,52,data\corrupted\blur_15x15_s5\images\63\10637.png,low,10636,15x15_s5
10627,10628,63,52,data\splits\pilot_100id\images\63\10628.png,high,10627,original
10627_low,10628,63,52,data\corrupted\blur_15x15_s5\images\63\10628.png,low,10627,15x15_s5
10726,10727,65,53,data\splits\pilot_100id\images\65\10727.png,high,10726,original
10726_low,10727,65,53,data\corrupted\blur_15x15_s5\images\65\10727.png,low,10726,15x15_s5
10651,10652,65,53,data\splits\pilot_100id\images\65\10652.png,high,10651,original
10651_low,10652,65,53,data\corrupted\blur_15x15_s5\images\65\10652.png,low,10651,15x15_s5
10721,10722,65,53,data\splits\pilot_100id\images\65\10722.png,high,10721,original
10721_low,10722,65,53,data\corrupted\blur_15x15_s5\images\65\10722.png,low,10721,15x15_s5
10673,10674,65,53,data\splits\pilot_100id\images\65\10674.png,high,10673,original
10673_low,10674,65,53,data\corrupted\blur_15x15_s5\images\65\10674.png,low,10673,15x15_s5
10663,10664,65,53,data\splits\pilot_100id\images\65\10664.png,high,10663,original
10663_low,10664,65,53,data\corrupted\blur_15x15_s5\images\65\10664.png,low,10663,15x15_s5
10707,10708,65,53,data\splits\pilot_100id\images\65\10708.png,high,10707,original
10707_low,10708,65,53,data\corrupted\blur_15x15_s5\images\65\10708.png,low,10707,15x15_s5
10661,10662,65,53,data\splits\pilot_100id\images\65\10662.png,high,10661,original
10661_low,10662,65,53,data\corrupted\blur_15x15_s5\images\65\10662.png,low,10661,15x15_s5
10669,10670,65,53,data\splits\pilot_100id\images\65\10670.png,high,10669,original
10669_low,10670,65,53,data\corrupted\blur_15x15_s5\images\65\10670.png,low,10669,15x15_s5
10655,10656,65,53,data\splits\pilot_100id\images\65\10656.png,high,10655,original
10655_low,10656,65,53,data\corrupted\blur_15x15_s5\images\65\10656.png,low,10655,15x15_s5
10718,10719,65,53,data\splits\pilot_100id\images\65\10719.png,high,10718,original
10718_low,10719,65,53,data\corrupted\blur_15x15_s5\images\65\10719.png,low,10718,15x15_s5
10712,10713,65,53,data\splits\pilot_100id\images\65\10713.png,high,10712,original
10712_low,10713,65,53,data\corrupted\blur_15x15_s5\images\65\10713.png,low,10712,15x15_s5
10715,10716,65,53,data\splits\pilot_100id\images\65\10716.png,high,10715,original
10715_low,10716,65,53,data\corrupted\blur_15x15_s5\images\65\10716.png,low,10715,15x15_s5
10704,10705,65,53,data\splits\pilot_100id\images\65\10705.png,high,10704,original
10704_low,10705,65,53,data\corrupted\blur_15x15_s5\images\65\10705.png,low,10704,15x15_s5
10724,10725,65,53,data\splits\pilot_100id\images\65\10725.png,high,10724,original
10724_low,10725,65,53,data\corrupted\blur_15x15_s5\images\65\10725.png,low,10724,15x15_s5
10713,10714,65,53,data\splits\pilot_100id\images\65\10714.png,high,10713,original
10713_low,10714,65,53,data\corrupted\blur_15x15_s5\images\65\10714.png,low,10713,15x15_s5
10717,10718,65,53,data\splits\pilot_100id\images\65\10718.png,high,10717,original
10717_low,10718,65,53,data\corrupted\blur_15x15_s5\images\65\10718.png,low,10717,15x15_s5
10684,10685,65,53,data\splits\pilot_100id\images\65\10685.png,high,10684,original
10684_low,10685,65,53,data\corrupted\blur_15x15_s5\images\65\10685.png,low,10684,15x15_s5
10729,10730,65,53,data\splits\pilot_100id\images\65\10730.png,high,10729,original
10729_low,10730,65,53,data\corrupted\blur_15x15_s5\images\65\10730.png,low,10729,15x15_s5
10705,10706,65,53,data\splits\pilot_100id\images\65\10706.png,high,10705,original
10705_low,10706,65,53,data\corrupted\blur_15x15_s5\images\65\10706.png,low,10705,15x15_s5
10723,10724,65,53,data\splits\pilot_100id\images\65\10724.png,high,10723,original
10723_low,10724,65,53,data\corrupted\blur_15x15_s5\images\65\10724.png,low,10723,15x15_s5
10662,10663,65,53,data\splits\pilot_100id\images\65\10663.png,high,10662,original
10662_low,10663,65,53,data\corrupted\blur_15x15_s5\images\65\10663.png,low,10662,15x15_s5
10681,10682,65,53,data\splits\pilot_100id\images\65\10682.png,high,10681,original
10681_low,10682,65,53,data\corrupted\blur_15x15_s5\images\65\10682.png,low,10681,15x15_s5
10691,10692,65,53,data\splits\pilot_100id\images\65\10692.png,high,10691,original
10691_low,10692,65,53,data\corrupted\blur_15x15_s5\images\65\10692.png,low,10691,15x15_s5
10679,10680,65,53,data\splits\pilot_100id\images\65\10680.png,high,10679,original
10679_low,10680,65,53,data\corrupted\blur_15x15_s5\images\65\10680.png,low,10679,15x15_s5
10660,10661,65,53,data\splits\pilot_100id\images\65\10661.png,high,10660,original
10660_low,10661,65,53,data\corrupted\blur_15x15_s5\images\65\10661.png,low,10660,15x15_s5
10767,10768,66,54,data\splits\pilot_100id\images\66\10768.png,high,10767,original
10767_low,10768,66,54,data\corrupted\blur_15x15_s5\images\66\10768.png,low,10767,15x15_s5
10737,10738,66,54,data\splits\pilot_100id\images\66\10738.png,high,10737,original
10737_low,10738,66,54,data\corrupted\blur_15x15_s5\images\66\10738.png,low,10737,15x15_s5
10759,10760,66,54,data\splits\pilot_100id\images\66\10760.png,high,10759,original
10759_low,10760,66,54,data\corrupted\blur_15x15_s5\images\66\10760.png,low,10759,15x15_s5
10768,10769,66,54,data\splits\pilot_100id\images\66\10769.png,high,10768,original
10768_low,10769,66,54,data\corrupted\blur_15x15_s5\images\66\10769.png,low,10768,15x15_s5
10755,10756,66,54,data\splits\pilot_100id\images\66\10756.png,high,10755,original
10755_low,10756,66,54,data\corrupted\blur_15x15_s5\images\66\10756.png,low,10755,15x15_s5
10765,10766,66,54,data\splits\pilot_100id\images\66\10766.png,high,10765,original
10765_low,10766,66,54,data\corrupted\blur_15x15_s5\images\66\10766.png,low,10765,15x15_s5
10747,10748,66,54,data\splits\pilot_100id\images\66\10748.png,high,10747,original
10747_low,10748,66,54,data\corrupted\blur_15x15_s5\images\66\10748.png,low,10747,15x15_s5
10807,10808,66,54,data\splits\pilot_100id\images\66\10808.png,high,10807,original
10807_low,10808,66,54,data\corrupted\blur_15x15_s5\images\66\10808.png,low,10807,15x15_s5
10741,10742,66,54,data\splits\pilot_100id\images\66\10742.png,high,10741,original
10741_low,10742,66,54,data\corrupted\blur_15x15_s5\images\66\10742.png,low,10741,15x15_s5
10749,10750,66,54,data\splits\pilot_100id\images\66\10750.png,high,10749,original
10749_low,10750,66,54,data\corrupted\blur_15x15_s5\images\66\10750.png,low,10749,15x15_s5
10786,10787,66,54,data\splits\pilot_100id\images\66\10787.png,high,10786,original
10786_low,10787,66,54,data\corrupted\blur_15x15_s5\images\66\10787.png,low,10786,15x15_s5
10770,10771,66,54,data\splits\pilot_100id\images\66\10771.png,high,10770,original
10770_low,10771,66,54,data\corrupted\blur_15x15_s5\images\66\10771.png,low,10770,15x15_s5
10804,10805,66,54,data\splits\pilot_100id\images\66\10805.png,high,10804,original
10804_low,10805,66,54,data\corrupted\blur_15x15_s5\images\66\10805.png,low,10804,15x15_s5
10772,10773,66,54,data\splits\pilot_100id\images\66\10773.png,high,10772,original
10772_low,10773,66,54,data\corrupted\blur_15x15_s5\images\66\10773.png,low,10772,15x15_s5
10805,10806,66,54,data\splits\pilot_100id\images\66\10806.png,high,10805,original
10805_low,10806,66,54,data\corrupted\blur_15x15_s5\images\66\10806.png,low,10805,15x15_s5
10782,10783,66,54,data\splits\pilot_100id\images\66\10783.png,high,10782,original
10782_low,10783,66,54,data\corrupted\blur_15x15_s5\images\66\10783.png,low,10782,15x15_s5
10810,10811,66,54,data\splits\pilot_100id\images\66\10811.png,high,10810,original
10810_low,10811,66,54,data\corrupted\blur_15x15_s5\images\66\10811.png,low,10810,15x15_s5
10798,10799,66,54,data\splits\pilot_100id\images\66\10799.png,high,10798,original
10798_low,10799,66,54,data\corrupted\blur_15x15_s5\images\66\10799.png,low,10798,15x15_s5
10792,10793,66,54,data\splits\pilot_100id\images\66\10793.png,high,10792,original
10792_low,10793,66,54,data\corrupted\blur_15x15_s5\images\66\10793.png,low,10792,15x15_s5
10777,10778,66,54,data\splits\pilot_100id\images\66\10778.png,high,10777,original
10777_low,10778,66,54,data\corrupted\blur_15x15_s5\images\66\10778.png,low,10777,15x15_s5
10746,10747,66,54,data\splits\pilot_100id\images\66\10747.png,high,10746,original
10746_low,10747,66,54,data\corrupted\blur_15x15_s5\images\66\10747.png,low,10746,15x15_s5
10801,10802,66,54,data\splits\pilot_100id\images\66\10802.png,high,10801,original
10801_low,10802,66,54,data\corrupted\blur_15x15_s5\images\66\10802.png,low,10801,15x15_s5
10742,10743,66,54,data\splits\pilot_100id\images\66\10743.png,high,10742,original
10742_low,10743,66,54,data\corrupted\blur_15x15_s5\images\66\10743.png,low,10742,15x15_s5
10784,10785,66,54,data\splits\pilot_100id\images\66\10785.png,high,10784,original
10784_low,10785,66,54,data\corrupted\blur_15x15_s5\images\66\10785.png,low,10784,15x15_s5
10771,10772,66,54,data\splits\pilot_100id\images\66\10772.png,high,10771,original
10771_low,10772,66,54,data\corrupted\blur_15x15_s5\images\66\10772.png,low,10771,15x15_s5
10884,10885,67,55,data\splits\pilot_100id\images\67\10885.png,high,10884,original
10884_low,10885,67,55,data\corrupted\blur_15x15_s5\images\67\10885.png,low,10884,15x15_s5
10838,10839,67,55,data\splits\pilot_100id\images\67\10839.png,high,10838,original
10838_low,10839,67,55,data\corrupted\blur_15x15_s5\images\67\10839.png,low,10838,15x15_s5
10888,10889,67,55,data\splits\pilot_100id\images\67\10889.png,high,10888,original
10888_low,10889,67,55,data\corrupted\blur_15x15_s5\images\67\10889.png,low,10888,15x15_s5
10889,10890,67,55,data\splits\pilot_100id\images\67\10890.png,high,10889,original
10889_low,10890,67,55,data\corrupted\blur_15x15_s5\images\67\10890.png,low,10889,15x15_s5
10816,10817,67,55,data\splits\pilot_100id\images\67\10817.png,high,10816,original
10816_low,10817,67,55,data\corrupted\blur_15x15_s5\images\67\10817.png,low,10816,15x15_s5
10842,10843,67,55,data\splits\pilot_100id\images\67\10843.png,high,10842,original
10842_low,10843,67,55,data\corrupted\blur_15x15_s5\images\67\10843.png,low,10842,15x15_s5
10856,10857,67,55,data\splits\pilot_100id\images\67\10857.png,high,10856,original
10856_low,10857,67,55,data\corrupted\blur_15x15_s5\images\67\10857.png,low,10856,15x15_s5
10858,10859,67,55,data\splits\pilot_100id\images\67\10859.png,high,10858,original
10858_low,10859,67,55,data\corrupted\blur_15x15_s5\images\67\10859.png,low,10858,15x15_s5
10826,10827,67,55,data\splits\pilot_100id\images\67\10827.png,high,10826,original
10826_low,10827,67,55,data\corrupted\blur_15x15_s5\images\67\10827.png,low,10826,15x15_s5
10861,10862,67,55,data\splits\pilot_100id\images\67\10862.png,high,10861,original
10861_low,10862,67,55,data\corrupted\blur_15x15_s5\images\67\10862.png,low,10861,15x15_s5
10900,10901,67,55,data\splits\pilot_100id\images\67\10901.png,high,10900,original
10900_low,10901,67,55,data\corrupted\blur_15x15_s5\images\67\10901.png,low,10900,15x15_s5
10871,10872,67,55,data\splits\pilot_100id\images\67\10872.png,high,10871,original
10871_low,10872,67,55,data\corrupted\blur_15x15_s5\images\67\10872.png,low,10871,15x15_s5
10897,10898,67,55,data\splits\pilot_100id\images\67\10898.png,high,10897,original
10897_low,10898,67,55,data\corrupted\blur_15x15_s5\images\67\10898.png,low,10897,15x15_s5
10863,10864,67,55,data\splits\pilot_100id\images\67\10864.png,high,10863,original
10863_low,10864,67,55,data\corrupted\blur_15x15_s5\images\67\10864.png,low,10863,15x15_s5
10828,10829,67,55,data\splits\pilot_100id\images\67\10829.png,high,10828,original
10828_low,10829,67,55,data\corrupted\blur_15x15_s5\images\67\10829.png,low,10828,15x15_s5
10820,10821,67,55,data\splits\pilot_100id\images\67\10821.png,high,10820,original
10820_low,10821,67,55,data\corrupted\blur_15x15_s5\images\67\10821.png,low,10820,15x15_s5
10834,10835,67,55,data\splits\pilot_100id\images\67\10835.png,high,10834,original
10834_low,10835,67,55,data\corrupted\blur_15x15_s5\images\67\10835.png,low,10834,15x15_s5
10844,10845,67,55,data\splits\pilot_100id\images\67\10845.png,high,10844,original
10844_low,10845,67,55,data\corrupted\blur_15x15_s5\images\67\10845.png,low,10844,15x15_s5
10855,10856,67,55,data\splits\pilot_100id\images\67\10856.png,high,10855,original
10855_low,10856,67,55,data\corrupted\blur_15x15_s5\images\67\10856.png,low,10855,15x15_s5
10882,10883,67,55,data\splits\pilot_100id\images\67\10883.png,high,10882,original
10882_low,10883,67,55,data\corrupted\blur_15x15_s5\images\67\10883.png,low,10882,15x15_s5
10831,10832,67,55,data\splits\pilot_100id\images\67\10832.png,high,10831,original
10831_low,10832,67,55,data\corrupted\blur_15x15_s5\images\67\10832.png,low,10831,15x15_s5
10894,10895,67,55,data\splits\pilot_100id\images\67\10895.png,high,10894,original
10894_low,10895,67,55,data\corrupted\blur_15x15_s5\images\67\10895.png,low,10894,15x15_s5
10895,10896,67,55,data\splits\pilot_100id\images\67\10896.png,high,10895,original
10895_low,10896,67,55,data\corrupted\blur_15x15_s5\images\67\10896.png,low,10895,15x15_s5
10846,10847,67,55,data\splits\pilot_100id\images\67\10847.png,high,10846,original
10846_low,10847,67,55,data\corrupted\blur_15x15_s5\images\67\10847.png,low,10846,15x15_s5
10849,10850,67,55,data\splits\pilot_100id\images\67\10850.png,high,10849,original
10849_low,10850,67,55,data\corrupted\blur_15x15_s5\images\67\10850.png,low,10849,15x15_s5
10989,10990,68,56,data\splits\pilot_100id\images\68\10990.png,high,10989,original
10989_low,10990,68,56,data\corrupted\blur_15x15_s5\images\68\10990.png,low,10989,15x15_s5
10921,10922,68,56,data\splits\pilot_100id\images\68\10922.png,high,10921,original
10921_low,10922,68,56,data\corrupted\blur_15x15_s5\images\68\10922.png,low,10921,15x15_s5
10915,10916,68,56,data\splits\pilot_100id\images\68\10916.png,high,10915,original
10915_low,10916,68,56,data\corrupted\blur_15x15_s5\images\68\10916.png,low,10915,15x15_s5
10995,10996,68,56,data\splits\pilot_100id\images\68\10996.png,high,10995,original
10995_low,10996,68,56,data\corrupted\blur_15x15_s5\images\68\10996.png,low,10995,15x15_s5
10975,10976,68,56,data\splits\pilot_100id\images\68\10976.png,high,10975,original
10975_low,10976,68,56,data\corrupted\blur_15x15_s5\images\68\10976.png,low,10975,15x15_s5
10979,10980,68,56,data\splits\pilot_100id\images\68\10980.png,high,10979,original
10979_low,10980,68,56,data\corrupted\blur_15x15_s5\images\68\10980.png,low,10979,15x15_s5
10941,10942,68,56,data\splits\pilot_100id\images\68\10942.png,high,10941,original
10941_low,10942,68,56,data\corrupted\blur_15x15_s5\images\68\10942.png,low,10941,15x15_s5
10956,10957,68,56,data\splits\pilot_100id\images\68\10957.png,high,10956,original
10956_low,10957,68,56,data\corrupted\blur_15x15_s5\images\68\10957.png,low,10956,15x15_s5
11007,11008,68,56,data\splits\pilot_100id\images\68\11008.png,high,11007,original
11007_low,11008,68,56,data\corrupted\blur_15x15_s5\images\68\11008.png,low,11007,15x15_s5
10922,10923,68,56,data\splits\pilot_100id\images\68\10923.png,high,10922,original
10922_low,10923,68,56,data\corrupted\blur_15x15_s5\images\68\10923.png,low,10922,15x15_s5
10990,10991,68,56,data\splits\pilot_100id\images\68\10991.png,high,10990,original
10990_low,10991,68,56,data\corrupted\blur_15x15_s5\images\68\10991.png,low,10990,15x15_s5
10991,10992,68,56,data\splits\pilot_100id\images\68\10992.png,high,10991,original
10991_low,10992,68,56,data\corrupted\blur_15x15_s5\images\68\10992.png,low,10991,15x15_s5
10911,10912,68,56,data\splits\pilot_100id\images\68\10912.png,high,10911,original
10911_low,10912,68,56,data\corrupted\blur_15x15_s5\images\68\10912.png,low,10911,15x15_s5
10992,10993,68,56,data\splits\pilot_100id\images\68\10993.png,high,10992,original
10992_low,10993,68,56,data\corrupted\blur_15x15_s5\images\68\10993.png,low,10992,15x15_s5
10929,10930,68,56,data\splits\pilot_100id\images\68\10930.png,high,10929,original
10929_low,10930,68,56,data\corrupted\blur_15x15_s5\images\68\10930.png,low,10929,15x15_s5
10981,10982,68,56,data\splits\pilot_100id\images\68\10982.png,high,10981,original
10981_low,10982,68,56,data\corrupted\blur_15x15_s5\images\68\10982.png,low,10981,15x15_s5
10967,10968,68,56,data\splits\pilot_100id\images\68\10968.png,high,10967,original
10967_low,10968,68,56,data\corrupted\blur_15x15_s5\images\68\10968.png,low,10967,15x15_s5
10983,10984,68,56,data\splits\pilot_100id\images\68\10984.png,high,10983,original
10983_low,10984,68,56,data\corrupted\blur_15x15_s5\images\68\10984.png,low,10983,15x15_s5
11018,11019,68,56,data\splits\pilot_100id\images\68\11019.png,high,11018,original
11018_low,11019,68,56,data\corrupted\blur_15x15_s5\images\68\11019.png,low,11018,15x15_s5
10953,10954,68,56,data\splits\pilot_100id\images\68\10954.png,high,10953,original
10953_low,10954,68,56,data\corrupted\blur_15x15_s5\images\68\10954.png,low,10953,15x15_s5
10923,10924,68,56,data\splits\pilot_100id\images\68\10924.png,high,10923,original
10923_low,10924,68,56,data\corrupted\blur_15x15_s5\images\68\10924.png,low,10923,15x15_s5
10947,10948,68,56,data\splits\pilot_100id\images\68\10948.png,high,10947,original
10947_low,10948,68,56,data\corrupted\blur_15x15_s5\images\68\10948.png,low,10947,15x15_s5
10976,10977,68,56,data\splits\pilot_100id\images\68\10977.png,high,10976,original
10976_low,10977,68,56,data\corrupted\blur_15x15_s5\images\68\10977.png,low,10976,15x15_s5
10937,10938,68,56,data\splits\pilot_100id\images\68\10938.png,high,10937,original
10937_low,10938,68,56,data\corrupted\blur_15x15_s5\images\68\10938.png,low,10937,15x15_s5
10933,10934,68,56,data\splits\pilot_100id\images\68\10934.png,high,10933,original
10933_low,10934,68,56,data\corrupted\blur_15x15_s5\images\68\10934.png,low,10933,15x15_s5
11415,11416,69,57,data\splits\pilot_100id\images\69\11416.png,high,11415,original
11415_low,11416,69,57,data\corrupted\blur_15x15_s5\images\69\11416.png,low,11415,15x15_s5
11098,11099,69,57,data\splits\pilot_100id\images\69\11099.png,high,11098,original
11098_low,11099,69,57,data\corrupted\blur_15x15_s5\images\69\11099.png,low,11098,15x15_s5
11298,11299,69,57,data\splits\pilot_100id\images\69\11299.png,high,11298,original
11298_low,11299,69,57,data\corrupted\blur_15x15_s5\images\69\11299.png,low,11298,15x15_s5
11325,11326,69,57,data\splits\pilot_100id\images\69\11326.png,high,11325,original
11325_low,11326,69,57,data\corrupted\blur_15x15_s5\images\69\11326.png,low,11325,15x15_s5
11345,11346,69,57,data\splits\pilot_100id\images\69\11346.png,high,11345,original
11345_low,11346,69,57,data\corrupted\blur_15x15_s5\images\69\11346.png,low,11345,15x15_s5
11309,11310,69,57,data\splits\pilot_100id\images\69\11310.png,high,11309,original
11309_low,11310,69,57,data\corrupted\blur_15x15_s5\images\69\11310.png,low,11309,15x15_s5
11238,11239,69,57,data\splits\pilot_100id\images\69\11239.png,high,11238,original
11238_low,11239,69,57,data\corrupted\blur_15x15_s5\images\69\11239.png,low,11238,15x15_s5
11102,11103,69,57,data\splits\pilot_100id\images\69\11103.png,high,11102,original
11102_low,11103,69,57,data\corrupted\blur_15x15_s5\images\69\11103.png,low,11102,15x15_s5
11452,11453,69,57,data\splits\pilot_100id\images\69\11453.png,high,11452,original
11452_low,11453,69,57,data\corrupted\blur_15x15_s5\images\69\11453.png,low,11452,15x15_s5
11422,11423,69,57,data\splits\pilot_100id\images\69\11423.png,high,11422,original
11422_low,11423,69,57,data\corrupted\blur_15x15_s5\images\69\11423.png,low,11422,15x15_s5
11310,11311,69,57,data\splits\pilot_100id\images\69\11311.png,high,11310,original
11310_low,11311,69,57,data\corrupted\blur_15x15_s5\images\69\11311.png,low,11310,15x15_s5
11095,11096,69,57,data\splits\pilot_100id\images\69\11096.png,high,11095,original
11095_low,11096,69,57,data\corrupted\blur_15x15_s5\images\69\11096.png,low,11095,15x15_s5
11245,11246,69,57,data\splits\pilot_100id\images\69\11246.png,high,11245,original
11245_low,11246,69,57,data\corrupted\blur_15x15_s5\images\69\11246.png,low,11245,15x15_s5
11414,11415,69,57,data\splits\pilot_100id\images\69\11415.png,high,11414,original
11414_low,11415,69,57,data\corrupted\blur_15x15_s5\images\69\11415.png,low,11414,15x15_s5
11175,11176,69,57,data\splits\pilot_100id\images\69\11176.png,high,11175,original
11175_low,11176,69,57,data\corrupted\blur_15x15_s5\images\69\11176.png,low,11175,15x15_s5
11096,11097,69,57,data\splits\pilot_100id\images\69\11097.png,high,11096,original
11096_low,11097,69,57,data\corrupted\blur_15x15_s5\images\69\11097.png,low,11096,15x15_s5
11451,11452,69,57,data\splits\pilot_100id\images\69\11452.png,high,11451,original
11451_low,11452,69,57,data\corrupted\blur_15x15_s5\images\69\11452.png,low,11451,15x15_s5
11212,11213,69,57,data\splits\pilot_100id\images\69\11213.png,high,11212,original
11212_low,11213,69,57,data\corrupted\blur_15x15_s5\images\69\11213.png,low,11212,15x15_s5
11093,11094,69,57,data\splits\pilot_100id\images\69\11094.png,high,11093,original
11093_low,11094,69,57,data\corrupted\blur_15x15_s5\images\69\11094.png,low,11093,15x15_s5
11173,11174,69,57,data\splits\pilot_100id\images\69\11174.png,high,11173,original
11173_low,11174,69,57,data\corrupted\blur_15x15_s5\images\69\11174.png,low,11173,15x15_s5
11029,11030,69,57,data\splits\pilot_100id\images\69\11030.png,high,11029,original
11029_low,11030,69,57,data\corrupted\blur_15x15_s5\images\69\11030.png,low,11029,15x15_s5
11195,11196,69,57,data\splits\pilot_100id\images\69\11196.png,high,11195,original
11195_low,11196,69,57,data\corrupted\blur_15x15_s5\images\69\11196.png,low,11195,15x15_s5
11050,11051,69,57,data\splits\pilot_100id\images\69\11051.png,high,11050,original
11050_low,11051,69,57,data\corrupted\blur_15x15_s5\images\69\11051.png,low,11050,15x15_s5
11431,11432,69,57,data\splits\pilot_100id\images\69\11432.png,high,11431,original
11431_low,11432,69,57,data\corrupted\blur_15x15_s5\images\69\11432.png,low,11431,15x15_s5
11124,11125,69,57,data\splits\pilot_100id\images\69\11125.png,high,11124,original
11124_low,11125,69,57,data\corrupted\blur_15x15_s5\images\69\11125.png,low,11124,15x15_s5
11525,11526,71,58,data\splits\pilot_100id\images\71\11526.png,high,11525,original
11525_low,11526,71,58,data\corrupted\blur_15x15_s5\images\71\11526.png,low,11525,15x15_s5
11531,11532,71,58,data\splits\pilot_100id\images\71\11532.png,high,11531,original
11531_low,11532,71,58,data\corrupted\blur_15x15_s5\images\71\11532.png,low,11531,15x15_s5
11473,11474,71,58,data\splits\pilot_100id\images\71\11474.png,high,11473,original
11473_low,11474,71,58,data\corrupted\blur_15x15_s5\images\71\11474.png,low,11473,15x15_s5
11517,11518,71,58,data\splits\pilot_100id\images\71\11518.png,high,11517,original
11517_low,11518,71,58,data\corrupted\blur_15x15_s5\images\71\11518.png,low,11517,15x15_s5
11478,11479,71,58,data\splits\pilot_100id\images\71\11479.png,high,11478,original
11478_low,11479,71,58,data\corrupted\blur_15x15_s5\images\71\11479.png,low,11478,15x15_s5
11509,11510,71,58,data\splits\pilot_100id\images\71\11510.png,high,11509,original
11509_low,11510,71,58,data\corrupted\blur_15x15_s5\images\71\11510.png,low,11509,15x15_s5
11489,11490,71,58,data\splits\pilot_100id\images\71\11490.png,high,11489,original
11489_low,11490,71,58,data\corrupted\blur_15x15_s5\images\71\11490.png,low,11489,15x15_s5
11485,11486,71,58,data\splits\pilot_100id\images\71\11486.png,high,11485,original
11485_low,11486,71,58,data\corrupted\blur_15x15_s5\images\71\11486.png,low,11485,15x15_s5
11498,11499,71,58,data\splits\pilot_100id\images\71\11499.png,high,11498,original
11498_low,11499,71,58,data\corrupted\blur_15x15_s5\images\71\11499.png,low,11498,15x15_s5
11534,11535,71,58,data\splits\pilot_100id\images\71\11535.png,high,11534,original
11534_low,11535,71,58,data\corrupted\blur_15x15_s5\images\71\11535.png,low,11534,15x15_s5
11529,11530,71,58,data\splits\pilot_100id\images\71\11530.png,high,11529,original
11529_low,11530,71,58,data\corrupted\blur_15x15_s5\images\71\11530.png,low,11529,15x15_s5
11482,11483,71,58,data\splits\pilot_100id\images\71\11483.png,high,11482,original
11482_low,11483,71,58,data\corrupted\blur_15x15_s5\images\71\11483.png,low,11482,15x15_s5
11513,11514,71,58,data\splits\pilot_100id\images\71\11514.png,high,11513,original
11513_low,11514,71,58,data\corrupted\blur_15x15_s5\images\71\11514.png,low,11513,15x15_s5
11486,11487,71,58,data\splits\pilot_100id\images\71\11487.png,high,11486,original
11486_low,11487,71,58,data\corrupted\blur_15x15_s5\images\71\11487.png,low,11486,15x15_s5
11507,11508,71,58,data\splits\pilot_100id\images\71\11508.png,high,11507,original
11507_low,11508,71,58,data\corrupted\blur_15x15_s5\images\71\11508.png,low,11507,15x15_s5
11523,11524,71,58,data\splits\pilot_100id\images\71\11524.png,high,11523,original
11523_low,11524,71,58,data\corrupted\blur_15x15_s5\images\71\11524.png,low,11523,15x15_s5
11476,11477,71,58,data\splits\pilot_100id\images\71\11477.png,high,11476,original
11476_low,11477,71,58,data\corrupted\blur_15x15_s5\images\71\11477.png,low,11476,15x15_s5
11490,11491,71,58,data\splits\pilot_100id\images\71\11491.png,high,11490,original
11490_low,11491,71,58,data\corrupted\blur_15x15_s5\images\71\11491.png,low,11490,15x15_s5
11522,11523,71,58,data\splits\pilot_100id\images\71\11523.png,high,11522,original
11522_low,11523,71,58,data\corrupted\blur_15x15_s5\images\71\11523.png,low,11522,15x15_s5
11481,11482,71,58,data\splits\pilot_100id\images\71\11482.png,high,11481,original
11481_low,11482,71,58,data\corrupted\blur_15x15_s5\images\71\11482.png,low,11481,15x15_s5
11479,11480,71,58,data\splits\pilot_100id\images\71\11480.png,high,11479,original
11479_low,11480,71,58,data\corrupted\blur_15x15_s5\images\71\11480.png,low,11479,15x15_s5
11506,11507,71,58,data\splits\pilot_100id\images\71\11507.png,high,11506,original
11506_low,11507,71,58,data\corrupted\blur_15x15_s5\images\71\11507.png,low,11506,15x15_s5
11477,11478,71,58,data\splits\pilot_100id\images\71\11478.png,high,11477,original
11477_low,11478,71,58,data\corrupted\blur_15x15_s5\images\71\11478.png,low,11477,15x15_s5
11520,11521,71,58,data\splits\pilot_100id\images\71\11521.png,high,11520,original
11520_low,11521,71,58,data\corrupted\blur_15x15_s5\images\71\11521.png,low,11520,15x15_s5
11492,11493,71,58,data\splits\pilot_100id\images\71\11493.png,high,11492,original
11492_low,11493,71,58,data\corrupted\blur_15x15_s5\images\71\11493.png,low,11492,15x15_s5
11562,11563,72,59,data\splits\pilot_100id\images\72\11563.png,high,11562,original
11562_low,11563,72,59,data\corrupted\blur_15x15_s5\images\72\11563.png,low,11562,15x15_s5
11550,11551,72,59,data\splits\pilot_100id\images\72\11551.png,high,11550,original
11550_low,11551,72,59,data\corrupted\blur_15x15_s5\images\72\11551.png,low,11550,15x15_s5
11545,11546,72,59,data\splits\pilot_100id\images\72\11546.png,high,11545,original
11545_low,11546,72,59,data\corrupted\blur_15x15_s5\images\72\11546.png,low,11545,15x15_s5
11563,11564,72,59,data\splits\pilot_100id\images\72\11564.png,high,11563,original
11563_low,11564,72,59,data\corrupted\blur_15x15_s5\images\72\11564.png,low,11563,15x15_s5
11541,11542,72,59,data\splits\pilot_100id\images\72\11542.png,high,11541,original
11541_low,11542,72,59,data\corrupted\blur_15x15_s5\images\72\11542.png,low,11541,15x15_s5
11576,11577,72,59,data\splits\pilot_100id\images\72\11577.png,high,11576,original
11576_low,11577,72,59,data\corrupted\blur_15x15_s5\images\72\11577.png,low,11576,15x15_s5
11556,11557,72,59,data\splits\pilot_100id\images\72\11557.png,high,11556,original
11556_low,11557,72,59,data\corrupted\blur_15x15_s5\images\72\11557.png,low,11556,15x15_s5
11566,11567,72,59,data\splits\pilot_100id\images\72\11567.png,high,11566,original
11566_low,11567,72,59,data\corrupted\blur_15x15_s5\images\72\11567.png,low,11566,15x15_s5
11567,11568,72,59,data\splits\pilot_100id\images\72\11568.png,high,11567,original
11567_low,11568,72,59,data\corrupted\blur_15x15_s5\images\72\11568.png,low,11567,15x15_s5
11543,11544,72,59,data\splits\pilot_100id\images\72\11544.png,high,11543,original
11543_low,11544,72,59,data\corrupted\blur_15x15_s5\images\72\11544.png,low,11543,15x15_s5
11564,11565,72,59,data\splits\pilot_100id\images\72\11565.png,high,11564,original
11564_low,11565,72,59,data\corrupted\blur_15x15_s5\images\72\11565.png,low,11564,15x15_s5
11549,11550,72,59,data\splits\pilot_100id\images\72\11550.png,high,11549,original
11549_low,11550,72,59,data\corrupted\blur_15x15_s5\images\72\11550.png,low,11549,15x15_s5
11554,11555,72,59,data\splits\pilot_100id\images\72\11555.png,high,11554,original
11554_low,11555,72,59,data\corrupted\blur_15x15_s5\images\72\11555.png,low,11554,15x15_s5
11546,11547,72,59,data\splits\pilot_100id\images\72\11547.png,high,11546,original
11546_low,11547,72,59,data\corrupted\blur_15x15_s5\images\72\11547.png,low,11546,15x15_s5
11552,11553,72,59,data\splits\pilot_100id\images\72\11553.png,high,11552,original
11552_low,11553,72,59,data\corrupted\blur_15x15_s5\images\72\11553.png,low,11552,15x15_s5
11570,11571,72,59,data\splits\pilot_100id\images\72\11571.png,high,11570,original
11570_low,11571,72,59,data\corrupted\blur_15x15_s5\images\72\11571.png,low,11570,15x15_s5
11553,11554,72,59,data\splits\pilot_100id\images\72\11554.png,high,11553,original
11553_low,11554,72,59,data\corrupted\blur_15x15_s5\images\72\11554.png,low,11553,15x15_s5
11573,11574,72,59,data\splits\pilot_100id\images\72\11574.png,high,11573,original
11573_low,11574,72,59,data\corrupted\blur_15x15_s5\images\72\11574.png,low,11573,15x15_s5
11572,11573,72,59,data\splits\pilot_100id\images\72\11573.png,high,11572,original
11572_low,11573,72,59,data\corrupted\blur_15x15_s5\images\72\11573.png,low,11572,15x15_s5
11537,11538,72,59,data\splits\pilot_100id\images\72\11538.png,high,11537,original
11537_low,11538,72,59,data\corrupted\blur_15x15_s5\images\72\11538.png,low,11537,15x15_s5
11561,11562,72,59,data\splits\pilot_100id\images\72\11562.png,high,11561,original
11561_low,11562,72,59,data\corrupted\blur_15x15_s5\images\72\11562.png,low,11561,15x15_s5
11542,11543,72,59,data\splits\pilot_100id\images\72\11543.png,high,11542,original
11542_low,11543,72,59,data\corrupted\blur_15x15_s5\images\72\11543.png,low,11542,15x15_s5
11548,11549,72,59,data\splits\pilot_100id\images\72\11549.png,high,11548,original
11548_low,11549,72,59,data\corrupted\blur_15x15_s5\images\72\11549.png,low,11548,15x15_s5
11577,11578,72,59,data\splits\pilot_100id\images\72\11578.png,high,11577,original
11577_low,11578,72,59,data\corrupted\blur_15x15_s5\images\72\11578.png,low,11577,15x15_s5
11538,11539,72,59,data\splits\pilot_100id\images\72\11539.png,high,11538,original
11538_low,11539,72,59,data\corrupted\blur_15x15_s5\images\72\11539.png,low,11538,15x15_s5
11714,11715,73,60,data\splits\pilot_100id\images\73\11715.png,high,11714,original
11714_low,11715,73,60,data\corrupted\blur_15x15_s5\images\73\11715.png,low,11714,15x15_s5
11694,11695,73,60,data\splits\pilot_100id\images\73\11695.png,high,11694,original
11694_low,11695,73,60,data\corrupted\blur_15x15_s5\images\73\11695.png,low,11694,15x15_s5
11710,11711,73,60,data\splits\pilot_100id\images\73\11711.png,high,11710,original
11710_low,11711,73,60,data\corrupted\blur_15x15_s5\images\73\11711.png,low,11710,15x15_s5
11634,11635,73,60,data\splits\pilot_100id\images\73\11635.png,high,11634,original
11634_low,11635,73,60,data\corrupted\blur_15x15_s5\images\73\11635.png,low,11634,15x15_s5
11674,11675,73,60,data\splits\pilot_100id\images\73\11675.png,high,11674,original
11674_low,11675,73,60,data\corrupted\blur_15x15_s5\images\73\11675.png,low,11674,15x15_s5
11608,11609,73,60,data\splits\pilot_100id\images\73\11609.png,high,11608,original
11608_low,11609,73,60,data\corrupted\blur_15x15_s5\images\73\11609.png,low,11608,15x15_s5
11736,11737,73,60,data\splits\pilot_100id\images\73\11737.png,high,11736,original
11736_low,11737,73,60,data\corrupted\blur_15x15_s5\images\73\11737.png,low,11736,15x15_s5
11630,11631,73,60,data\splits\pilot_100id\images\73\11631.png,high,11630,original
11630_low,11631,73,60,data\corrupted\blur_15x15_s5\images\73\11631.png,low,11630,15x15_s5
11680,11681,73,60,data\splits\pilot_100id\images\73\11681.png,high,11680,original
11680_low,11681,73,60,data\corrupted\blur_15x15_s5\images\73\11681.png,low,11680,15x15_s5
11724,11725,73,60,data\splits\pilot_100id\images\73\11725.png,high,11724,original
11724_low,11725,73,60,data\corrupted\blur_15x15_s5\images\73\11725.png,low,11724,15x15_s5
11598,11599,73,60,data\splits\pilot_100id\images\73\11599.png,high,11598,original
11598_low,11599,73,60,data\corrupted\blur_15x15_s5\images\73\11599.png,low,11598,15x15_s5
11664,11665,73,60,data\splits\pilot_100id\images\73\11665.png,high,11664,original
11664_low,11665,73,60,data\corrupted\blur_15x15_s5\images\73\11665.png,low,11664,15x15_s5
11594,11595,73,60,data\splits\pilot_100id\images\73\11595.png,high,11594,original
11594_low,11595,73,60,data\corrupted\blur_15x15_s5\images\73\11595.png,low,11594,15x15_s5
11645,11646,73,60,data\splits\pilot_100id\images\73\11646.png,high,11645,original
11645_low,11646,73,60,data\corrupted\blur_15x15_s5\images\73\11646.png,low,11645,15x15_s5
11603,11604,73,60,data\splits\pilot_100id\images\73\11604.png,high,11603,original
11603_low,11604,73,60,data\corrupted\blur_15x15_s5\images\73\11604.png,low,11603,15x15_s5
11609,11610,73,60,data\splits\pilot_100id\images\73\11610.png,high,11609,original
11609_low,11610,73,60,data\corrupted\blur_15x15_s5\images\73\11610.png,low,11609,15x15_s5
11711,11712,73,60,data\splits\pilot_100id\images\73\11712.png,high,11711,original
11711_low,11712,73,60,data\corrupted\blur_15x15_s5\images\73\11712.png,low,11711,15x15_s5
11684,11685,73,60,data\splits\pilot_100id\images\73\11685.png,high,11684,original
11684_low,11685,73,60,data\corrupted\blur_15x15_s5\images\73\11685.png,low,11684,15x15_s5
11731,11732,73,60,data\splits\pilot_100id\images\73\11732.png,high,11731,original
11731_low,11732,73,60,data\corrupted\blur_15x15_s5\images\73\11732.png,low,11731,15x15_s5
11595,11596,73,60,data\splits\pilot_100id\images\73\11596.png,high,11595,original
11595_low,11596,73,60,data\corrupted\blur_15x15_s5\images\73\11596.png,low,11595,15x15_s5
11654,11655,73,60,data\splits\pilot_100id\images\73\11655.png,high,11654,original
11654_low,11655,73,60,data\corrupted\blur_15x15_s5\images\73\11655.png,low,11654,15x15_s5
11597,11598,73,60,data\splits\pilot_100id\images\73\11598.png,high,11597,original
11597_low,11598,73,60,data\corrupted\blur_15x15_s5\images\73\11598.png,low,11597,15x15_s5
11591,11592,73,60,data\splits\pilot_100id\images\73\11592.png,high,11591,original
11591_low,11592,73,60,data\corrupted\blur_15x15_s5\images\73\11592.png,low,11591,15x15_s5
11588,11589,73,60,data\splits\pilot_100id\images\73\11589.png,high,11588,original
11588_low,11589,73,60,data\corrupted\blur_15x15_s5\images\73\11589.png,low,11588,15x15_s5
11610,11611,73,60,data\splits\pilot_100id\images\73\11611.png,high,11610,original
11610_low,11611,73,60,data\corrupted\blur_15x15_s5\images\73\11611.png,low,11610,15x15_s5
11824,11825,74,61,data\splits\pilot_100id\images\74\11825.png,high,11824,original
11824_low,11825,74,61,data\corrupted\blur_15x15_s5\images\74\11825.png,low,11824,15x15_s5
11885,11886,74,61,data\splits\pilot_100id\images\74\11886.png,high,11885,original
11885_low,11886,74,61,data\corrupted\blur_15x15_s5\images\74\11886.png,low,11885,15x15_s5
11774,11775,74,61,data\splits\pilot_100id\images\74\11775.png,high,11774,original
11774_low,11775,74,61,data\corrupted\blur_15x15_s5\images\74\11775.png,low,11774,15x15_s5
11772,11773,74,61,data\splits\pilot_100id\images\74\11773.png,high,11772,original
11772_low,11773,74,61,data\corrupted\blur_15x15_s5\images\74\11773.png,low,11772,15x15_s5
11861,11862,74,61,data\splits\pilot_100id\images\74\11862.png,high,11861,original
11861_low,11862,74,61,data\corrupted\blur_15x15_s5\images\74\11862.png,low,11861,15x15_s5
11803,11804,74,61,data\splits\pilot_100id\images\74\11804.png,high,11803,original
11803_low,11804,74,61,data\corrupted\blur_15x15_s5\images\74\11804.png,low,11803,15x15_s5
11836,11837,74,61,data\splits\pilot_100id\images\74\11837.png,high,11836,original
11836_low,11837,74,61,data\corrupted\blur_15x15_s5\images\74\11837.png,low,11836,15x15_s5
11890,11891,74,61,data\splits\pilot_100id\images\74\11891.png,high,11890,original
11890_low,11891,74,61,data\corrupted\blur_15x15_s5\images\74\11891.png,low,11890,15x15_s5
11896,11897,74,61,data\splits\pilot_100id\images\74\11897.png,high,11896,original
11896_low,11897,74,61,data\corrupted\blur_15x15_s5\images\74\11897.png,low,11896,15x15_s5
11811,11812,74,61,data\splits\pilot_100id\images\74\11812.png,high,11811,original
11811_low,11812,74,61,data\corrupted\blur_15x15_s5\images\74\11812.png,low,11811,15x15_s5
11785,11786,74,61,data\splits\pilot_100id\images\74\11786.png,high,11785,original
11785_low,11786,74,61,data\corrupted\blur_15x15_s5\images\74\11786.png,low,11785,15x15_s5
11881,11882,74,61,data\splits\pilot_100id\images\74\11882.png,high,11881,original
11881_low,11882,74,61,data\corrupted\blur_15x15_s5\images\74\11882.png,low,11881,15x15_s5
11821,11822,74,61,data\splits\pilot_100id\images\74\11822.png,high,11821,original
11821_low,11822,74,61,data\corrupted\blur_15x15_s5\images\74\11822.png,low,11821,15x15_s5
11818,11819,74,61,data\splits\pilot_100id\images\74\11819.png,high,11818,original
11818_low,11819,74,61,data\corrupted\blur_15x15_s5\images\74\11819.png,low,11818,15x15_s5
11758,11759,74,61,data\splits\pilot_100id\images\74\11759.png,high,11758,original
11758_low,11759,74,61,data\corrupted\blur_15x15_s5\images\74\11759.png,low,11758,15x15_s5
11762,11763,74,61,data\splits\pilot_100id\images\74\11763.png,high,11762,original
11762_low,11763,74,61,data\corrupted\blur_15x15_s5\images\74\11763.png,low,11762,15x15_s5
11773,11774,74,61,data\splits\pilot_100id\images\74\11774.png,high,11773,original
11773_low,11774,74,61,data\corrupted\blur_15x15_s5\images\74\11774.png,low,11773,15x15_s5
11833,11834,74,61,data\splits\pilot_100id\images\74\11834.png,high,11833,original
11833_low,11834,74,61,data\corrupted\blur_15x15_s5\images\74\11834.png,low,11833,15x15_s5
11860,11861,74,61,data\splits\pilot_100id\images\74\11861.png,high,11860,original
11860_low,11861,74,61,data\corrupted\blur_15x15_s5\images\74\11861.png,low,11860,15x15_s5
11880,11881,74,61,data\splits\pilot_100id\images\74\11881.png,high,11880,original
11880_low,11881,74,61,data\corrupted\blur_15x15_s5\images\74\11881.png,low,11880,15x15_s5
11761,11762,74,61,data\splits\pilot_100id\images\74\11762.png,high,11761,original
11761_low,11762,74,61,data\corrupted\blur_15x15_s5\images\74\11762.png,low,11761,15x15_s5
11755,11756,74,61,data\splits\pilot_100id\images\74\11756.png,high,11755,original
11755_low,11756,74,61,data\corrupted\blur_15x15_s5\images\74\11756.png,low,11755,15x15_s5
11752,11753,74,61,data\splits\pilot_100id\images\74\11753.png,high,11752,original
11752_low,11753,74,61,data\corrupted\blur_15x15_s5\images\74\11753.png,low,11752,15x15_s5
11767,11768,74,61,data\splits\pilot_100id\images\74\11768.png,high,11767,original
11767_low,11768,74,61,data\corrupted\blur_15x15_s5\images\74\11768.png,low,11767,15x15_s5
11812,11813,74,61,data\splits\pilot_100id\images\74\11813.png,high,11812,original
11812_low,11813,74,61,data\corrupted\blur_15x15_s5\images\74\11813.png,low,11812,15x15_s5
11931,11932,75,62,data\splits\pilot_100id\images\75\11932.png,high,11931,original
11931_low,11932,75,62,data\corrupted\blur_15x15_s5\images\75\11932.png,low,11931,15x15_s5
11934,11935,75,62,data\splits\pilot_100id\images\75\11935.png,high,11934,original
11934_low,11935,75,62,data\corrupted\blur_15x15_s5\images\75\11935.png,low,11934,15x15_s5
11902,11903,75,62,data\splits\pilot_100id\images\75\11903.png,high,11902,original
11902_low,11903,75,62,data\corrupted\blur_15x15_s5\images\75\11903.png,low,11902,15x15_s5
11911,11912,75,62,data\splits\pilot_100id\images\75\11912.png,high,11911,original
11911_low,11912,75,62,data\corrupted\blur_15x15_s5\images\75\11912.png,low,11911,15x15_s5
11928,11929,75,62,data\splits\pilot_100id\images\75\11929.png,high,11928,original
11928_low,11929,75,62,data\corrupted\blur_15x15_s5\images\75\11929.png,low,11928,15x15_s5
11924,11925,75,62,data\splits\pilot_100id\images\75\11925.png,high,11924,original
11924_low,11925,75,62,data\corrupted\blur_15x15_s5\images\75\11925.png,low,11924,15x15_s5
11904,11905,75,62,data\splits\pilot_100id\images\75\11905.png,high,11904,original
11904_low,11905,75,62,data\corrupted\blur_15x15_s5\images\75\11905.png,low,11904,15x15_s5
11925,11926,75,62,data\splits\pilot_100id\images\75\11926.png,high,11925,original
11925_low,11926,75,62,data\corrupted\blur_15x15_s5\images\75\11926.png,low,11925,15x15_s5
11922,11923,75,62,data\splits\pilot_100id\images\75\11923.png,high,11922,original
11922_low,11923,75,62,data\corrupted\blur_15x15_s5\images\75\11923.png,low,11922,15x15_s5
11913,11914,75,62,data\splits\pilot_100id\images\75\11914.png,high,11913,original
11913_low,11914,75,62,data\corrupted\blur_15x15_s5\images\75\11914.png,low,11913,15x15_s5
11915,11916,75,62,data\splits\pilot_100id\images\75\11916.png,high,11915,original
11915_low,11916,75,62,data\corrupted\blur_15x15_s5\images\75\11916.png,low,11915,15x15_s5
11906,11907,75,62,data\splits\pilot_100id\images\75\11907.png,high,11906,original
11906_low,11907,75,62,data\corrupted\blur_15x15_s5\images\75\11907.png,low,11906,15x15_s5
11914,11915,75,62,data\splits\pilot_100id\images\75\11915.png,high,11914,original
11914_low,11915,75,62,data\corrupted\blur_15x15_s5\images\75\11915.png,low,11914,15x15_s5
11910,11911,75,62,data\splits\pilot_100id\images\75\11911.png,high,11910,original
11910_low,11911,75,62,data\corrupted\blur_15x15_s5\images\75\11911.png,low,11910,15x15_s5
11917,11918,75,62,data\splits\pilot_100id\images\75\11918.png,high,11917,original
11917_low,11918,75,62,data\corrupted\blur_15x15_s5\images\75\11918.png,low,11917,15x15_s5
11907,11908,75,62,data\splits\pilot_100id\images\75\11908.png,high,11907,original
11907_low,11908,75,62,data\corrupted\blur_15x15_s5\images\75\11908.png,low,11907,15x15_s5
11930,11931,75,62,data\splits\pilot_100id\images\75\11931.png,high,11930,original
11930_low,11931,75,62,data\corrupted\blur_15x15_s5\images\75\11931.png,low,11930,15x15_s5
11898,11899,75,62,data\splits\pilot_100id\images\75\11899.png,high,11898,original
11898_low,11899,75,62,data\corrupted\blur_15x15_s5\images\75\11899.png,low,11898,15x15_s5
11923,11924,75,62,data\splits\pilot_100id\images\75\11924.png,high,11923,original
11923_low,11924,75,62,data\corrupted\blur_15x15_s5\images\75\11924.png,low,11923,15x15_s5
11903,11904,75,62,data\splits\pilot_100id\images\75\11904.png,high,11903,original
11903_low,11904,75,62,data\corrupted\blur_15x15_s5\images\75\11904.png,low,11903,15x15_s5
11909,11910,75,62,data\splits\pilot_100id\images\75\11910.png,high,11909,original
11909_low,11910,75,62,data\corrupted\blur_15x15_s5\images\75\11910.png,low,11909,15x15_s5
11899,11900,75,62,data\splits\pilot_100id\images\75\11900.png,high,11899,original
11899_low,11900,75,62,data\corrupted\blur_15x15_s5\images\75\11900.png,low,11899,15x15_s5
11935,11936,75,62,data\splits\pilot_100id\images\75\11936.png,high,11935,original
11935_low,11936,75,62,data\corrupted\blur_15x15_s5\images\75\11936.png,low,11935,15x15_s5
11919,11920,75,62,data\splits\pilot_100id\images\75\11920.png,high,11919,original
11919_low,11920,75,62,data\corrupted\blur_15x15_s5\images\75\11920.png,low,11919,15x15_s5
11900,11901,75,62,data\splits\pilot_100id\images\75\11901.png,high,11900,original
11900_low,11901,75,62,data\corrupted\blur_15x15_s5\images\75\11901.png,low,11900,15x15_s5
12127,12128,76,63,data\splits\pilot_100id\images\76\12128.png,high,12127,original
12127_low,12128,76,63,data\corrupted\blur_15x15_s5\images\76\12128.png,low,12127,15x15_s5
11943,11944,76,63,data\splits\pilot_100id\images\76\11944.png,high,11943,original
11943_low,11944,76,63,data\corrupted\blur_15x15_s5\images\76\11944.png,low,11943,15x15_s5
12016,12017,76,63,data\splits\pilot_100id\images\76\12017.png,high,12016,original
12016_low,12017,76,63,data\corrupted\blur_15x15_s5\images\76\12017.png,low,12016,15x15_s5
12142,12143,76,63,data\splits\pilot_100id\images\76\12143.png,high,12142,original
12142_low,12143,76,63,data\corrupted\blur_15x15_s5\images\76\12143.png,low,12142,15x15_s5
12054,12055,76,63,data\splits\pilot_100id\images\76\12055.png,high,12054,original
12054_low,12055,76,63,data\corrupted\blur_15x15_s5\images\76\12055.png,low,12054,15x15_s5
12122,12123,76,63,data\splits\pilot_100id\images\76\12123.png,high,12122,original
12122_low,12123,76,63,data\corrupted\blur_15x15_s5\images\76\12123.png,low,12122,15x15_s5
12138,12139,76,63,data\splits\pilot_100id\images\76\12139.png,high,12138,original
12138_low,12139,76,63,data\corrupted\blur_15x15_s5\images\76\12139.png,low,12138,15x15_s5
12104,12105,76,63,data\splits\pilot_100id\images\76\12105.png,high,12104,original
12104_low,12105,76,63,data\corrupted\blur_15x15_s5\images\76\12105.png,low,12104,15x15_s5
11946,11947,76,63,data\splits\pilot_100id\images\76\11947.png,high,11946,original
11946_low,11947,76,63,data\corrupted\blur_15x15_s5\images\76\11947.png,low,11946,15x15_s5
11967,11968,76,63,data\splits\pilot_100id\images\76\11968.png,high,11967,original
11967_low,11968,76,63,data\corrupted\blur_15x15_s5\images\76\11968.png,low,11967,15x15_s5
12117,12118,76,63,data\splits\pilot_100id\images\76\12118.png,high,12117,original
12117_low,12118,76,63,data\corrupted\blur_15x15_s5\images\76\12118.png,low,12117,15x15_s5
12157,12158,76,63,data\splits\pilot_100id\images\76\12158.png,high,12157,original
12157_low,12158,76,63,data\corrupted\blur_15x15_s5\images\76\12158.png,low,12157,15x15_s5
12165,12166,76,63,data\splits\pilot_100id\images\76\12166.png,high,12165,original
12165_low,12166,76,63,data\corrupted\blur_15x15_s5\images\76\12166.png,low,12165,15x15_s5
12153,12154,76,63,data\splits\pilot_100id\images\76\12154.png,high,12153,original
12153_low,12154,76,63,data\corrupted\blur_15x15_s5\images\76\12154.png,low,12153,15x15_s5
12073,12074,76,63,data\splits\pilot_100id\images\76\12074.png,high,12073,original
12073_low,12074,76,63,data\corrupted\blur_15x15_s5\images\76\12074.png,low,12073,15x15_s5
12005,12006,76,63,data\splits\pilot_100id\images\76\12006.png,high,12005,original
12005_low,12006,76,63,data\corrupted\blur_15x15_s5\images\76\12006.png,low,12005,15x15_s5
12135,12136,76,63,data\splits\pilot_100id\images\76\12136.png,high,12135,original
12135_low,12136,76,63,data\corrupted\blur_15x15_s5\images\76\12136.png,low,12135,15x15_s5
11952,11953,76,63,data\splits\pilot_100id\images\76\11953.png,high,11952,original
11952_low,11953,76,63,data\corrupted\blur_15x15_s5\images\76\11953.png,low,11952,15x15_s5
12033,12034,76,63,data\splits\pilot_100id\images\76\12034.png,high,12033,original
12033_low,12034,76,63,data\corrupted\blur_15x15_s5\images\76\12034.png,low,12033,15x15_s5
11961,11962,76,63,data\splits\pilot_100id\images\76\11962.png,high,11961,original
11961_low,11962,76,63,data\corrupted\blur_15x15_s5\images\76\11962.png,low,11961,15x15_s5
12170,12171,76,63,data\splits\pilot_100id\images\76\12171.png,high,12170,original
12170_low,12171,76,63,data\corrupted\blur_15x15_s5\images\76\12171.png,low,12170,15x15_s5
11956,11957,76,63,data\splits\pilot_100id\images\76\11957.png,high,11956,original
11956_low,11957,76,63,data\corrupted\blur_15x15_s5\images\76\11957.png,low,11956,15x15_s5
12057,12058,76,63,data\splits\pilot_100id\images\76\12058.png,high,12057,original
12057_low,12058,76,63,data\corrupted\blur_15x15_s5\images\76\12058.png,low,12057,15x15_s5
12089,12090,76,63,data\splits\pilot_100id\images\76\12090.png,high,12089,original
12089_low,12090,76,63,data\corrupted\blur_15x15_s5\images\76\12090.png,low,12089,15x15_s5
11970,11971,76,63,data\splits\pilot_100id\images\76\11971.png,high,11970,original
11970_low,11971,76,63,data\corrupted\blur_15x15_s5\images\76\11971.png,low,11970,15x15_s5
12208,12209,77,64,data\splits\pilot_100id\images\77\12209.png,high,12208,original
12208_low,12209,77,64,data\corrupted\blur_15x15_s5\images\77\12209.png,low,12208,15x15_s5
12204,12205,77,64,data\splits\pilot_100id\images\77\12205.png,high,12204,original
12204_low,12205,77,64,data\corrupted\blur_15x15_s5\images\77\12205.png,low,12204,15x15_s5
12195,12196,77,64,data\splits\pilot_100id\images\77\12196.png,high,12195,original
12195_low,12196,77,64,data\corrupted\blur_15x15_s5\images\77\12196.png,low,12195,15x15_s5
12220,12221,77,64,data\splits\pilot_100id\images\77\12221.png,high,12220,original
12220_low,12221,77,64,data\corrupted\blur_15x15_s5\images\77\12221.png,low,12220,15x15_s5
12226,12227,77,64,data\splits\pilot_100id\images\77\12227.png,high,12226,original
12226_low,12227,77,64,data\corrupted\blur_15x15_s5\images\77\12227.png,low,12226,15x15_s5
12216,12217,77,64,data\splits\pilot_100id\images\77\12217.png,high,12216,original
12216_low,12217,77,64,data\corrupted\blur_15x15_s5\images\77\12217.png,low,12216,15x15_s5
12197,12198,77,64,data\splits\pilot_100id\images\77\12198.png,high,12197,original
12197_low,12198,77,64,data\corrupted\blur_15x15_s5\images\77\12198.png,low,12197,15x15_s5
12217,12218,77,64,data\splits\pilot_100id\images\77\12218.png,high,12217,original
12217_low,12218,77,64,data\corrupted\blur_15x15_s5\images\77\12218.png,low,12217,15x15_s5
12215,12216,77,64,data\splits\pilot_100id\images\77\12216.png,high,12215,original
12215_low,12216,77,64,data\corrupted\blur_15x15_s5\images\77\12216.png,low,12215,15x15_s5
12207,12208,77,64,data\splits\pilot_100id\images\77\12208.png,high,12207,original
12207_low,12208,77,64,data\corrupted\blur_15x15_s5\images\77\12208.png,low,12207,15x15_s5
12199,12200,77,64,data\splits\pilot_100id\images\77\12200.png,high,12199,original
12199_low,12200,77,64,data\corrupted\blur_15x15_s5\images\77\12200.png,low,12199,15x15_s5
12206,12207,77,64,data\splits\pilot_100id\images\77\12207.png,high,12206,original
12206_low,12207,77,64,data\corrupted\blur_15x15_s5\images\77\12207.png,low,12206,15x15_s5
12203,12204,77,64,data\splits\pilot_100id\images\77\12204.png,high,12203,original
12203_low,12204,77,64,data\corrupted\blur_15x15_s5\images\77\12204.png,low,12203,15x15_s5
12223,12224,77,64,data\splits\pilot_100id\images\77\12224.png,high,12223,original
12223_low,12224,77,64,data\corrupted\blur_15x15_s5\images\77\12224.png,low,12223,15x15_s5
12200,12201,77,64,data\splits\pilot_100id\images\77\12201.png,high,12200,original
12200_low,12201,77,64,data\corrupted\blur_15x15_s5\images\77\12201.png,low,12200,15x15_s5
12210,12211,77,64,data\splits\pilot_100id\images\77\12211.png,high,12210,original
12210_low,12211,77,64,data\corrupted\blur_15x15_s5\images\77\12211.png,low,12210,15x15_s5
12191,12192,77,64,data\splits\pilot_100id\images\77\12192.png,high,12191,original
12191_low,12192,77,64,data\corrupted\blur_15x15_s5\images\77\12192.png,low,12191,15x15_s5
12222,12223,77,64,data\splits\pilot_100id\images\77\12223.png,high,12222,original
12222_low,12223,77,64,data\corrupted\blur_15x15_s5\images\77\12223.png,low,12222,15x15_s5
12196,12197,77,64,data\splits\pilot_100id\images\77\12197.png,high,12196,original
12196_low,12197,77,64,data\corrupted\blur_15x15_s5\images\77\12197.png,low,12196,15x15_s5
12202,12203,77,64,data\splits\pilot_100id\images\77\12203.png,high,12202,original
12202_low,12203,77,64,data\corrupted\blur_15x15_s5\images\77\12203.png,low,12202,15x15_s5
12192,12193,77,64,data\splits\pilot_100id\images\77\12193.png,high,12192,original
12192_low,12193,77,64,data\corrupted\blur_15x15_s5\images\77\12193.png,low,12192,15x15_s5
12218,12219,77,64,data\splits\pilot_100id\images\77\12219.png,high,12218,original
12218_low,12219,77,64,data\corrupted\blur_15x15_s5\images\77\12219.png,low,12218,15x15_s5
12212,12213,77,64,data\splits\pilot_100id\images\77\12213.png,high,12212,original
12212_low,12213,77,64,data\corrupted\blur_15x15_s5\images\77\12213.png,low,12212,15x15_s5
12193,12194,77,64,data\splits\pilot_100id\images\77\12194.png,high,12193,original
12193_low,12194,77,64,data\corrupted\blur_15x15_s5\images\77\12194.png,low,12193,15x15_s5
12227,12228,77,64,data\splits\pilot_100id\images\77\12228.png,high,12227,original
12227_low,12228,77,64,data\corrupted\blur_15x15_s5\images\77\12228.png,low,12227,15x15_s5
12318,12319,79,65,data\splits\pilot_100id\images\79\12319.png,high,12318,original
12318_low,12319,79,65,data\corrupted\blur_15x15_s5\images\79\12319.png,low,12318,15x15_s5
12263,12264,79,65,data\splits\pilot_100id\images\79\12264.png,high,12263,original
12263_low,12264,79,65,data\corrupted\blur_15x15_s5\images\79\12264.png,low,12263,15x15_s5
12362,12363,79,65,data\splits\pilot_100id\images\79\12363.png,high,12362,original
12362_low,12363,79,65,data\corrupted\blur_15x15_s5\images\79\12363.png,low,12362,15x15_s5
12323,12324,79,65,data\splits\pilot_100id\images\79\12324.png,high,12323,original
12323_low,12324,79,65,data\corrupted\blur_15x15_s5\images\79\12324.png,low,12323,15x15_s5
12321,12322,79,65,data\splits\pilot_100id\images\79\12322.png,high,12321,original
12321_low,12322,79,65,data\corrupted\blur_15x15_s5\images\79\12322.png,low,12321,15x15_s5
12276,12277,79,65,data\splits\pilot_100id\images\79\12277.png,high,12276,original
12276_low,12277,79,65,data\corrupted\blur_15x15_s5\images\79\12277.png,low,12276,15x15_s5
12309,12310,79,65,data\splits\pilot_100id\images\79\12310.png,high,12309,original
12309_low,12310,79,65,data\corrupted\blur_15x15_s5\images\79\12310.png,low,12309,15x15_s5
12385,12386,79,65,data\splits\pilot_100id\images\79\12386.png,high,12385,original
12385_low,12386,79,65,data\corrupted\blur_15x15_s5\images\79\12386.png,low,12385,15x15_s5
12313,12314,79,65,data\splits\pilot_100id\images\79\12314.png,high,12313,original
12313_low,12314,79,65,data\corrupted\blur_15x15_s5\images\79\12314.png,low,12313,15x15_s5
12327,12328,79,65,data\splits\pilot_100id\images\79\12328.png,high,12327,original
12327_low,12328,79,65,data\corrupted\blur_15x15_s5\images\79\12328.png,low,12327,15x15_s5
12354,12355,79,65,data\splits\pilot_100id\images\79\12355.png,high,12354,original
12354_low,12355,79,65,data\corrupted\blur_15x15_s5\images\79\12355.png,low,12354,15x15_s5
12257,12258,79,65,data\splits\pilot_100id\images\79\12258.png,high,12257,original
12257_low,12258,79,65,data\corrupted\blur_15x15_s5\images\79\12258.png,low,12257,15x15_s5
12281,12282,79,65,data\splits\pilot_100id\images\79\12282.png,high,12281,original
12281_low,12282,79,65,data\corrupted\blur_15x15_s5\images\79\12282.png,low,12281,15x15_s5
12254,12255,79,65,data\splits\pilot_100id\images\79\12255.png,high,12254,original
12254_low,12255,79,65,data\corrupted\blur_15x15_s5\images\79\12255.png,low,12254,15x15_s5
12264,12265,79,65,data\splits\pilot_100id\images\79\12265.png,high,12264,original
12264_low,12265,79,65,data\corrupted\blur_15x15_s5\images\79\12265.png,low,12264,15x15_s5
12301,12302,79,65,data\splits\pilot_100id\images\79\12302.png,high,12301,original
12301_low,12302,79,65,data\corrupted\blur_15x15_s5\images\79\12302.png,low,12301,15x15_s5
12381,12382,79,65,data\splits\pilot_100id\images\79\12382.png,high,12381,original
12381_low,12382,79,65,data\corrupted\blur_15x15_s5\images\79\12382.png,low,12381,15x15_s5
12314,12315,79,65,data\splits\pilot_100id\images\79\12315.png,high,12314,original
12314_low,12315,79,65,data\corrupted\blur_15x15_s5\images\79\12315.png,low,12314,15x15_s5
12300,12301,79,65,data\splits\pilot_100id\images\79\12301.png,high,12300,original
12300_low,12301,79,65,data\corrupted\blur_15x15_s5\images\79\12301.png,low,12300,15x15_s5
12376,12377,79,65,data\splits\pilot_100id\images\79\12377.png,high,12376,original
12376_low,12377,79,65,data\corrupted\blur_15x15_s5\images\79\12377.png,low,12376,15x15_s5
12274,12275,79,65,data\splits\pilot_100id\images\79\12275.png,high,12274,original
12274_low,12275,79,65,data\corrupted\blur_15x15_s5\images\79\12275.png,low,12274,15x15_s5
12368,12369,79,65,data\splits\pilot_100id\images\79\12369.png,high,12368,original
12368_low,12369,79,65,data\corrupted\blur_15x15_s5\images\79\12369.png,low,12368,15x15_s5
12271,12272,79,65,data\splits\pilot_100id\images\79\12272.png,high,12271,original
12271_low,12272,79,65,data\corrupted\blur_15x15_s5\images\79\12272.png,low,12271,15x15_s5
12372,12373,79,65,data\splits\pilot_100id\images\79\12373.png,high,12372,original
12372_low,12373,79,65,data\corrupted\blur_15x15_s5\images\79\12373.png,low,12372,15x15_s5
12373,12374,79,65,data\splits\pilot_100id\images\79\12374.png,high,12373,original
12373_low,12374,79,65,data\corrupted\blur_15x15_s5\images\79\12374.png,low,12373,15x15_s5
12470,12471,81,66,data\splits\pilot_100id\images\81\12471.png,high,12470,original
12470_low,12471,81,66,data\corrupted\blur_15x15_s5\images\81\12471.png,low,12470,15x15_s5
12503,12504,81,66,data\splits\pilot_100id\images\81\12504.png,high,12503,original
12503_low,12504,81,66,data\corrupted\blur_15x15_s5\images\81\12504.png,low,12503,15x15_s5
12418,12419,81,66,data\splits\pilot_100id\images\81\12419.png,high,12418,original
12418_low,12419,81,66,data\corrupted\blur_15x15_s5\images\81\12419.png,low,12418,15x15_s5
12459,12460,81,66,data\splits\pilot_100id\images\81\12460.png,high,12459,original
12459_low,12460,81,66,data\corrupted\blur_15x15_s5\images\81\12460.png,low,12459,15x15_s5
12440,12441,81,66,data\splits\pilot_100id\images\81\12441.png,high,12440,original
12440_low,12441,81,66,data\corrupted\blur_15x15_s5\images\81\12441.png,low,12440,15x15_s5
12530,12531,81,66,data\splits\pilot_100id\images\81\12531.png,high,12530,original
12530_low,12531,81,66,data\corrupted\blur_15x15_s5\images\81\12531.png,low,12530,15x15_s5
12483,12484,81,66,data\splits\pilot_100id\images\81\12484.png,high,12483,original
12483_low,12484,81,66,data\corrupted\blur_15x15_s5\images\81\12484.png,low,12483,15x15_s5
12424,12425,81,66,data\splits\pilot_100id\images\81\12425.png,high,12424,original
12424_low,12425,81,66,data\corrupted\blur_15x15_s5\images\81\12425.png,low,12424,15x15_s5
12504,12505,81,66,data\splits\pilot_100id\images\81\12505.png,high,12504,original
12504_low,12505,81,66,data\corrupted\blur_15x15_s5\images\81\12505.png,low,12504,15x15_s5
12487,12488,81,66,data\splits\pilot_100id\images\81\12488.png,high,12487,original
12487_low,12488,81,66,data\corrupted\blur_15x15_s5\images\81\12488.png,low,12487,15x15_s5
12432,12433,81,66,data\splits\pilot_100id\images\81\12433.png,high,12432,original
12432_low,12433,81,66,data\corrupted\blur_15x15_s5\images\81\12433.png,low,12432,15x15_s5
12525,12526,81,66,data\splits\pilot_100id\images\81\12526.png,high,12525,original
12525_low,12526,81,66,data\corrupted\blur_15x15_s5\images\81\12526.png,low,12525,15x15_s5
12425,12426,81,66,data\splits\pilot_100id\images\81\12426.png,high,12425,original
12425_low,12426,81,66,data\corrupted\blur_15x15_s5\images\81\12426.png,low,12425,15x15_s5
12510,12511,81,66,data\splits\pilot_100id\images\81\12511.png,high,12510,original
12510_low,12511,81,66,data\corrupted\blur_15x15_s5\images\81\12511.png,low,12510,15x15_s5
12456,12457,81,66,data\splits\pilot_100id\images\81\12457.png,high,12456,original
12456_low,12457,81,66,data\corrupted\blur_15x15_s5\images\81\12457.png,low,12456,15x15_s5
12445,12446,81,66,data\splits\pilot_100id\images\81\12446.png,high,12445,original
12445_low,12446,81,66,data\corrupted\blur_15x15_s5\images\81\12446.png,low,12445,15x15_s5
12502,12503,81,66,data\splits\pilot_100id\images\81\12503.png,high,12502,original
12502_low,12503,81,66,data\corrupted\blur_15x15_s5\images\81\12503.png,low,12502,15x15_s5
12414,12415,81,66,data\splits\pilot_100id\images\81\12415.png,high,12414,original
12414_low,12415,81,66,data\corrupted\blur_15x15_s5\images\81\12415.png,low,12414,15x15_s5
12511,12512,81,66,data\splits\pilot_100id\images\81\12512.png,high,12511,original
12511_low,12512,81,66,data\corrupted\blur_15x15_s5\images\81\12512.png,low,12511,15x15_s5
12523,12524,81,66,data\splits\pilot_100id\images\81\12524.png,high,12523,original
12523_low,12524,81,66,data\corrupted\blur_15x15_s5\images\81\12524.png,low,12523,15x15_s5
12478,12479,81,66,data\splits\pilot_100id\images\81\12479.png,high,12478,original
12478_low,12479,81,66,data\corrupted\blur_15x15_s5\images\81\12479.png,low,12478,15x15_s5
12454,12455,81,66,data\splits\pilot_100id\images\81\12455.png,high,12454,original
12454_low,12455,81,66,data\corrupted\blur_15x15_s5\images\81\12455.png,low,12454,15x15_s5
12509,12510,81,66,data\splits\pilot_100id\images\81\12510.png,high,12509,original
12509_low,12510,81,66,data\corrupted\blur_15x15_s5\images\81\12510.png,low,12509,15x15_s5
12467,12468,81,66,data\splits\pilot_100id\images\81\12468.png,high,12467,original
12467_low,12468,81,66,data\corrupted\blur_15x15_s5\images\81\12468.png,low,12467,15x15_s5
12458,12459,81,66,data\splits\pilot_100id\images\81\12459.png,high,12458,original
12458_low,12459,81,66,data\corrupted\blur_15x15_s5\images\81\12459.png,low,12458,15x15_s5
12590,12591,83,67,data\splits\pilot_100id\images\83\12591.png,high,12590,original
12590_low,12591,83,67,data\corrupted\blur_15x15_s5\images\83\12591.png,low,12590,15x15_s5
12593,12594,83,67,data\splits\pilot_100id\images\83\12594.png,high,12593,original
12593_low,12594,83,67,data\corrupted\blur_15x15_s5\images\83\12594.png,low,12593,15x15_s5
12550,12551,83,67,data\splits\pilot_100id\images\83\12551.png,high,12550,original
12550_low,12551,83,67,data\corrupted\blur_15x15_s5\images\83\12551.png,low,12550,15x15_s5
12601,12602,83,67,data\splits\pilot_100id\images\83\12602.png,high,12601,original
12601_low,12602,83,67,data\corrupted\blur_15x15_s5\images\83\12602.png,low,12601,15x15_s5
12572,12573,83,67,data\splits\pilot_100id\images\83\12573.png,high,12572,original
12572_low,12573,83,67,data\corrupted\blur_15x15_s5\images\83\12573.png,low,12572,15x15_s5
12610,12611,83,67,data\splits\pilot_100id\images\83\12611.png,high,12610,original
12610_low,12611,83,67,data\corrupted\blur_15x15_s5\images\83\12611.png,low,12610,15x15_s5
12619,12620,83,67,data\splits\pilot_100id\images\83\12620.png,high,12619,original
12619_low,12620,83,67,data\corrupted\blur_15x15_s5\images\83\12620.png,low,12619,15x15_s5
12556,12557,83,67,data\splits\pilot_100id\images\83\12557.png,high,12556,original
12556_low,12557,83,67,data\corrupted\blur_15x15_s5\images\83\12557.png,low,12556,15x15_s5
12586,12587,83,67,data\splits\pilot_100id\images\83\12587.png,high,12586,original
12586_low,12587,83,67,data\corrupted\blur_15x15_s5\images\83\12587.png,low,12586,15x15_s5
12653,12654,83,67,data\splits\pilot_100id\images\83\12654.png,high,12653,original
12653_low,12654,83,67,data\corrupted\blur_15x15_s5\images\83\12654.png,low,12653,15x15_s5
12564,12565,83,67,data\splits\pilot_100id\images\83\12565.png,high,12564,original
12564_low,12565,83,67,data\corrupted\blur_15x15_s5\images\83\12565.png,low,12564,15x15_s5
12608,12609,83,67,data\splits\pilot_100id\images\83\12609.png,high,12608,original
12608_low,12609,83,67,data\corrupted\blur_15x15_s5\images\83\12609.png,low,12608,15x15_s5
12557,12558,83,67,data\splits\pilot_100id\images\83\12558.png,high,12557,original
12557_low,12558,83,67,data\corrupted\blur_15x15_s5\images\83\12558.png,low,12557,15x15_s5
12582,12583,83,67,data\splits\pilot_100id\images\83\12583.png,high,12582,original
12582_low,12583,83,67,data\corrupted\blur_15x15_s5\images\83\12583.png,low,12582,15x15_s5
12635,12636,83,67,data\splits\pilot_100id\images\83\12636.png,high,12635,original
12635_low,12636,83,67,data\corrupted\blur_15x15_s5\images\83\12636.png,low,12635,15x15_s5
12637,12638,83,67,data\splits\pilot_100id\images\83\12638.png,high,12637,original
12637_low,12638,83,67,data\corrupted\blur_15x15_s5\images\83\12638.png,low,12637,15x15_s5
12655,12656,83,67,data\splits\pilot_100id\images\83\12656.png,high,12655,original
12655_low,12656,83,67,data\corrupted\blur_15x15_s5\images\83\12656.png,low,12655,15x15_s5
12546,12547,83,67,data\splits\pilot_100id\images\83\12547.png,high,12546,original
12546_low,12547,83,67,data\corrupted\blur_15x15_s5\images\83\12547.png,low,12546,15x15_s5
12634,12635,83,67,data\splits\pilot_100id\images\83\12635.png,high,12634,original
12634_low,12635,83,67,data\corrupted\blur_15x15_s5\images\83\12635.png,low,12634,15x15_s5
12650,12651,83,67,data\splits\pilot_100id\images\83\12651.png,high,12650,original
12650_low,12651,83,67,data\corrupted\blur_15x15_s5\images\83\12651.png,low,12650,15x15_s5
12611,12612,83,67,data\splits\pilot_100id\images\83\12612.png,high,12611,original
12611_low,12612,83,67,data\corrupted\blur_15x15_s5\images\83\12612.png,low,12611,15x15_s5
12591,12592,83,67,data\splits\pilot_100id\images\83\12592.png,high,12591,original
12591_low,12592,83,67,data\corrupted\blur_15x15_s5\images\83\12592.png,low,12591,15x15_s5
12577,12578,83,67,data\splits\pilot_100id\images\83\12578.png,high,12577,original
12577_low,12578,83,67,data\corrupted\blur_15x15_s5\images\83\12578.png,low,12577,15x15_s5
12616,12617,83,67,data\splits\pilot_100id\images\83\12617.png,high,12616,original
12616_low,12617,83,67,data\corrupted\blur_15x15_s5\images\83\12617.png,low,12616,15x15_s5
12588,12589,83,67,data\splits\pilot_100id\images\83\12589.png,high,12588,original
12588_low,12589,83,67,data\corrupted\blur_15x15_s5\images\83\12589.png,low,12588,15x15_s5
12841,12842,84,68,data\splits\pilot_100id\images\84\12842.png,high,12841,original
12841_low,12842,84,68,data\corrupted\blur_15x15_s5\images\84\12842.png,low,12841,15x15_s5
12846,12847,84,68,data\splits\pilot_100id\images\84\12847.png,high,12846,original
12846_low,12847,84,68,data\corrupted\blur_15x15_s5\images\84\12847.png,low,12846,15x15_s5
12777,12778,84,68,data\splits\pilot_100id\images\84\12778.png,high,12777,original
12777_low,12778,84,68,data\corrupted\blur_15x15_s5\images\84\12778.png,low,12777,15x15_s5
12731,12732,84,68,data\splits\pilot_100id\images\84\12732.png,high,12731,original
12731_low,12732,84,68,data\corrupted\blur_15x15_s5\images\84\12732.png,low,12731,15x15_s5
12767,12768,84,68,data\splits\pilot_100id\images\84\12768.png,high,12767,original
12767_low,12768,84,68,data\corrupted\blur_15x15_s5\images\84\12768.png,low,12767,15x15_s5
12681,12682,84,68,data\splits\pilot_100id\images\84\12682.png,high,12681,original
12681_low,12682,84,68,data\corrupted\blur_15x15_s5\images\84\12682.png,low,12681,15x15_s5
12675,12676,84,68,data\splits\pilot_100id\images\84\12676.png,high,12675,original
12675_low,12676,84,68,data\corrupted\blur_15x15_s5\images\84\12676.png,low,12675,15x15_s5
12682,12683,84,68,data\splits\pilot_100id\images\84\12683.png,high,12682,original
12682_low,12683,84,68,data\corrupted\blur_15x15_s5\images\84\12683.png,low,12682,15x15_s5
12807,12808,84,68,data\splits\pilot_100id\images\84\12808.png,high,12807,original
12807_low,12808,84,68,data\corrupted\blur_15x15_s5\images\84\12808.png,low,12807,15x15_s5
12790,12791,84,68,data\splits\pilot_100id\images\84\12791.png,high,12790,original
12790_low,12791,84,68,data\corrupted\blur_15x15_s5\images\84\12791.png,low,12790,15x15_s5
12775,12776,84,68,data\splits\pilot_100id\images\84\12776.png,high,12775,original
12775_low,12776,84,68,data\corrupted\blur_15x15_s5\images\84\12776.png,low,12775,15x15_s5
12761,12762,84,68,data\splits\pilot_100id\images\84\12762.png,high,12761,original
12761_low,12762,84,68,data\corrupted\blur_15x15_s5\images\84\12762.png,low,12761,15x15_s5
12684,12685,84,68,data\splits\pilot_100id\images\84\12685.png,high,12684,original
12684_low,12685,84,68,data\corrupted\blur_15x15_s5\images\84\12685.png,low,12684,15x15_s5
12830,12831,84,68,data\splits\pilot_100id\images\84\12831.png,high,12830,original
12830_low,12831,84,68,data\corrupted\blur_15x15_s5\images\84\12831.png,low,12830,15x15_s5
12751,12752,84,68,data\splits\pilot_100id\images\84\12752.png,high,12751,original
12751_low,12752,84,68,data\corrupted\blur_15x15_s5\images\84\12752.png,low,12751,15x15_s5
12786,12787,84,68,data\splits\pilot_100id\images\84\12787.png,high,12786,original
12786_low,12787,84,68,data\corrupted\blur_15x15_s5\images\84\12787.png,low,12786,15x15_s5
12770,12771,84,68,data\splits\pilot_100id\images\84\12771.png,high,12770,original
12770_low,12771,84,68,data\corrupted\blur_15x15_s5\images\84\12771.png,low,12770,15x15_s5
12732,12733,84,68,data\splits\pilot_100id\images\84\12733.png,high,12732,original
12732_low,12733,84,68,data\corrupted\blur_15x15_s5\images\84\12733.png,low,12732,15x15_s5
12722,12723,84,68,data\splits\pilot_100id\images\84\12723.png,high,12722,original
12722_low,12723,84,68,data\corrupted\blur_15x15_s5\images\84\12723.png,low,12722,15x15_s5
12708,12709,84,68,data\splits\pilot_100id\images\84\12709.png,high,12708,original
12708_low,12709,84,68,data\corrupted\blur_15x15_s5\images\84\12709.png,low,12708,15x15_s5
12696,12697,84,68,data\splits\pilot_100id\images\84\12697.png,high,12696,original
12696_low,12697,84,68,data\corrupted\blur_15x15_s5\images\84\12697.png,low,12696,15x15_s5
12690,12691,84,68,data\splits\pilot_100id\images\84\12691.png,high,12690,original
12690_low,12691,84,68,data\corrupted\blur_15x15_s5\images\84\12691.png,low,12690,15x15_s5
12821,12822,84,68,data\splits\pilot_100id\images\84\12822.png,high,12821,original
12821_low,12822,84,68,data\corrupted\blur_15x15_s5\images\84\12822.png,low,12821,15x15_s5
12763,12764,84,68,data\splits\pilot_100id\images\84\12764.png,high,12763,original
12763_low,12764,84,68,data\corrupted\blur_15x15_s5\images\84\12764.png,low,12763,15x15_s5
12734,12735,84,68,data\splits\pilot_100id\images\84\12735.png,high,12734,original
12734_low,12735,84,68,data\corrupted\blur_15x15_s5\images\84\12735.png,low,12734,15x15_s5
13144,13145,85,69,data\splits\pilot_100id\images\85\13145.png,high,13144,original
13144_low,13145,85,69,data\corrupted\blur_15x15_s5\images\85\13145.png,low,13144,15x15_s5
12865,12866,85,69,data\splits\pilot_100id\images\85\12866.png,high,12865,original
12865_low,12866,85,69,data\corrupted\blur_15x15_s5\images\85\12866.png,low,12865,15x15_s5
12913,12914,85,69,data\splits\pilot_100id\images\85\12914.png,high,12913,original
12913_low,12914,85,69,data\corrupted\blur_15x15_s5\images\85\12914.png,low,12913,15x15_s5
12916,12917,85,69,data\splits\pilot_100id\images\85\12917.png,high,12916,original
12916_low,12917,85,69,data\corrupted\blur_15x15_s5\images\85\12917.png,low,12916,15x15_s5
12881,12882,85,69,data\splits\pilot_100id\images\85\12882.png,high,12881,original
12881_low,12882,85,69,data\corrupted\blur_15x15_s5\images\85\12882.png,low,12881,15x15_s5
12919,12920,85,69,data\splits\pilot_100id\images\85\12920.png,high,12919,original
12919_low,12920,85,69,data\corrupted\blur_15x15_s5\images\85\12920.png,low,12919,15x15_s5
12948,12949,85,69,data\splits\pilot_100id\images\85\12949.png,high,12948,original
12948_low,12949,85,69,data\corrupted\blur_15x15_s5\images\85\12949.png,low,12948,15x15_s5
13040,13041,85,69,data\splits\pilot_100id\images\85\13041.png,high,13040,original
13040_low,13041,85,69,data\corrupted\blur_15x15_s5\images\85\13041.png,low,13040,15x15_s5
13100,13101,85,69,data\splits\pilot_100id\images\85\13101.png,high,13100,original
13100_low,13101,85,69,data\corrupted\blur_15x15_s5\images\85\13101.png,low,13100,15x15_s5
12902,12903,85,69,data\splits\pilot_100id\images\85\12903.png,high,12902,original
12902_low,12903,85,69,data\corrupted\blur_15x15_s5\images\85\12903.png,low,12902,15x15_s5
12931,12932,85,69,data\splits\pilot_100id\images\85\12932.png,high,12931,original
12931_low,12932,85,69,data\corrupted\blur_15x15_s5\images\85\12932.png,low,12931,15x15_s5
13019,13020,85,69,data\splits\pilot_100id\images\85\13020.png,high,13019,original
13019_low,13020,85,69,data\corrupted\blur_15x15_s5\images\85\13020.png,low,13019,15x15_s5
13150,13151,85,69,data\splits\pilot_100id\images\85\13151.png,high,13150,original
13150_low,13151,85,69,data\corrupted\blur_15x15_s5\images\85\13151.png,low,13150,15x15_s5
13161,13162,85,69,data\splits\pilot_100id\images\85\13162.png,high,13161,original
13161_low,13162,85,69,data\corrupted\blur_15x15_s5\images\85\13162.png,low,13161,15x15_s5
13140,13141,85,69,data\splits\pilot_100id\images\85\13141.png,high,13140,original
13140_low,13141,85,69,data\corrupted\blur_15x15_s5\images\85\13141.png,low,13140,15x15_s5
13145,13146,85,69,data\splits\pilot_100id\images\85\13146.png,high,13145,original
13145_low,13146,85,69,data\corrupted\blur_15x15_s5\images\85\13146.png,low,13145,15x15_s5
12861,12862,85,69,data\splits\pilot_100id\images\85\12862.png,high,12861,original
12861_low,12862,85,69,data\corrupted\blur_15x15_s5\images\85\12862.png,low,12861,15x15_s5
13011,13012,85,69,data\splits\pilot_100id\images\85\13012.png,high,13011,original
13011_low,13012,85,69,data\corrupted\blur_15x15_s5\images\85\13012.png,low,13011,15x15_s5
13020,13021,85,69,data\splits\pilot_100id\images\85\13021.png,high,13020,original
13020_low,13021,85,69,data\corrupted\blur_15x15_s5\images\85\13021.png,low,13020,15x15_s5
13024,13025,85,69,data\splits\pilot_100id\images\85\13025.png,high,13024,original
13024_low,13025,85,69,data\corrupted\blur_15x15_s5\images\85\13025.png,low,13024,15x15_s5
12929,12930,85,69,data\splits\pilot_100id\images\85\12930.png,high,12929,original
12929_low,12930,85,69,data\corrupted\blur_15x15_s5\images\85\12930.png,low,12929,15x15_s5
12960,12961,85,69,data\splits\pilot_100id\images\85\12961.png,high,12960,original
12960_low,12961,85,69,data\corrupted\blur_15x15_s5\images\85\12961.png,low,12960,15x15_s5
12993,12994,85,69,data\splits\pilot_100id\images\85\12994.png,high,12993,original
12993_low,12994,85,69,data\corrupted\blur_15x15_s5\images\85\12994.png,low,12993,15x15_s5
13062,13063,85,69,data\splits\pilot_100id\images\85\13063.png,high,13062,original
13062_low,13063,85,69,data\corrupted\blur_15x15_s5\images\85\13063.png,low,13062,15x15_s5
12932,12933,85,69,data\splits\pilot_100id\images\85\12933.png,high,12932,original
12932_low,12933,85,69,data\corrupted\blur_15x15_s5\images\85\12933.png,low,12932,15x15_s5
13454,13455,86,70,data\splits\pilot_100id\images\86\13455.png,high,13454,original
13454_low,13455,86,70,data\corrupted\blur_15x15_s5\images\86\13455.png,low,13454,15x15_s5
13173,13174,86,70,data\splits\pilot_100id\images\86\13174.png,high,13173,original
13173_low,13174,86,70,data\corrupted\blur_15x15_s5\images\86\13174.png,low,13173,15x15_s5
13221,13222,86,70,data\splits\pilot_100id\images\86\13222.png,high,13221,original
13221_low,13222,86,70,data\corrupted\blur_15x15_s5\images\86\13222.png,low,13221,15x15_s5
13224,13225,86,70,data\splits\pilot_100id\images\86\13225.png,high,13224,original
13224_low,13225,86,70,data\corrupted\blur_15x15_s5\images\86\13225.png,low,13224,15x15_s5
13189,13190,86,70,data\splits\pilot_100id\images\86\13190.png,high,13189,original
13189_low,13190,86,70,data\corrupted\blur_15x15_s5\images\86\13190.png,low,13189,15x15_s5
13227,13228,86,70,data\splits\pilot_100id\images\86\13228.png,high,13227,original
13227_low,13228,86,70,data\corrupted\blur_15x15_s5\images\86\13228.png,low,13227,15x15_s5
13256,13257,86,70,data\splits\pilot_100id\images\86\13257.png,high,13256,original
13256_low,13257,86,70,data\corrupted\blur_15x15_s5\images\86\13257.png,low,13256,15x15_s5
13348,13349,86,70,data\splits\pilot_100id\images\86\13349.png,high,13348,original
13348_low,13349,86,70,data\corrupted\blur_15x15_s5\images\86\13349.png,low,13348,15x15_s5
13408,13409,86,70,data\splits\pilot_100id\images\86\13409.png,high,13408,original
13408_low,13409,86,70,data\corrupted\blur_15x15_s5\images\86\13409.png,low,13408,15x15_s5
13210,13211,86,70,data\splits\pilot_100id\images\86\13211.png,high,13210,original
13210_low,13211,86,70,data\corrupted\blur_15x15_s5\images\86\13211.png,low,13210,15x15_s5
13239,13240,86,70,data\splits\pilot_100id\images\86\13240.png,high,13239,original
13239_low,13240,86,70,data\corrupted\blur_15x15_s5\images\86\13240.png,low,13239,15x15_s5
13327,13328,86,70,data\splits\pilot_100id\images\86\13328.png,high,13327,original
13327_low,13328,86,70,data\corrupted\blur_15x15_s5\images\86\13328.png,low,13327,15x15_s5
13461,13462,86,70,data\splits\pilot_100id\images\86\13462.png,high,13461,original
13461_low,13462,86,70,data\corrupted\blur_15x15_s5\images\86\13462.png,low,13461,15x15_s5
13472,13473,86,70,data\splits\pilot_100id\images\86\13473.png,high,13472,original
13472_low,13473,86,70,data\corrupted\blur_15x15_s5\images\86\13473.png,low,13472,15x15_s5
13450,13451,86,70,data\splits\pilot_100id\images\86\13451.png,high,13450,original
13450_low,13451,86,70,data\corrupted\blur_15x15_s5\images\86\13451.png,low,13450,15x15_s5
13455,13456,86,70,data\splits\pilot_100id\images\86\13456.png,high,13455,original
13455_low,13456,86,70,data\corrupted\blur_15x15_s5\images\86\13456.png,low,13455,15x15_s5
13169,13170,86,70,data\splits\pilot_100id\images\86\13170.png,high,13169,original
13169_low,13170,86,70,data\corrupted\blur_15x15_s5\images\86\13170.png,low,13169,15x15_s5
13319,13320,86,70,data\splits\pilot_100id\images\86\13320.png,high,13319,original
13319_low,13320,86,70,data\corrupted\blur_15x15_s5\images\86\13320.png,low,13319,15x15_s5
13328,13329,86,70,data\splits\pilot_100id\images\86\13329.png,high,13328,original
13328_low,13329,86,70,data\corrupted\blur_15x15_s5\images\86\13329.png,low,13328,15x15_s5
13332,13333,86,70,data\splits\pilot_100id\images\86\13333.png,high,13332,original
13332_low,13333,86,70,data\corrupted\blur_15x15_s5\images\86\13333.png,low,13332,15x15_s5
13237,13238,86,70,data\splits\pilot_100id\images\86\13238.png,high,13237,original
13237_low,13238,86,70,data\corrupted\blur_15x15_s5\images\86\13238.png,low,13237,15x15_s5
13268,13269,86,70,data\splits\pilot_100id\images\86\13269.png,high,13268,original
13268_low,13269,86,70,data\corrupted\blur_15x15_s5\images\86\13269.png,low,13268,15x15_s5
13301,13302,86,70,data\splits\pilot_100id\images\86\13302.png,high,13301,original
13301_low,13302,86,70,data\corrupted\blur_15x15_s5\images\86\13302.png,low,13301,15x15_s5
13370,13371,86,70,data\splits\pilot_100id\images\86\13371.png,high,13370,original
13370_low,13371,86,70,data\corrupted\blur_15x15_s5\images\86\13371.png,low,13370,15x15_s5
13240,13241,86,70,data\splits\pilot_100id\images\86\13241.png,high,13240,original
13240_low,13241,86,70,data\corrupted\blur_15x15_s5\images\86\13241.png,low,13240,15x15_s5
13479,13480,87,71,data\splits\pilot_100id\images\87\13480.png,high,13479,original
13479_low,13480,87,71,data\corrupted\blur_15x15_s5\images\87\13480.png,low,13479,15x15_s5
13538,13539,87,71,data\splits\pilot_100id\images\87\13539.png,high,13538,original
13538_low,13539,87,71,data\corrupted\blur_15x15_s5\images\87\13539.png,low,13538,15x15_s5
13493,13494,87,71,data\splits\pilot_100id\images\87\13494.png,high,13493,original
13493_low,13494,87,71,data\corrupted\blur_15x15_s5\images\87\13494.png,low,13493,15x15_s5
13475,13476,87,71,data\splits\pilot_100id\images\87\13476.png,high,13475,original
13475_low,13476,87,71,data\corrupted\blur_15x15_s5\images\87\13476.png,low,13475,15x15_s5
13503,13504,87,71,data\splits\pilot_100id\images\87\13504.png,high,13503,original
13503_low,13504,87,71,data\corrupted\blur_15x15_s5\images\87\13504.png,low,13503,15x15_s5
13547,13548,87,71,data\splits\pilot_100id\images\87\13548.png,high,13547,original
13547_low,13548,87,71,data\corrupted\blur_15x15_s5\images\87\13548.png,low,13547,15x15_s5
13485,13486,87,71,data\splits\pilot_100id\images\87\13486.png,high,13485,original
13485_low,13486,87,71,data\corrupted\blur_15x15_s5\images\87\13486.png,low,13485,15x15_s5
13509,13510,87,71,data\splits\pilot_100id\images\87\13510.png,high,13509,original
13509_low,13510,87,71,data\corrupted\blur_15x15_s5\images\87\13510.png,low,13509,15x15_s5
13487,13488,87,71,data\splits\pilot_100id\images\87\13488.png,high,13487,original
13487_low,13488,87,71,data\corrupted\blur_15x15_s5\images\87\13488.png,low,13487,15x15_s5
13530,13531,87,71,data\splits\pilot_100id\images\87\13531.png,high,13530,original
13530_low,13531,87,71,data\corrupted\blur_15x15_s5\images\87\13531.png,low,13530,15x15_s5
13540,13541,87,71,data\splits\pilot_100id\images\87\13541.png,high,13540,original
13540_low,13541,87,71,data\corrupted\blur_15x15_s5\images\87\13541.png,low,13540,15x15_s5
13506,13507,87,71,data\splits\pilot_100id\images\87\13507.png,high,13506,original
13506_low,13507,87,71,data\corrupted\blur_15x15_s5\images\87\13507.png,low,13506,15x15_s5
13484,13485,87,71,data\splits\pilot_100id\images\87\13485.png,high,13484,original
13484_low,13485,87,71,data\corrupted\blur_15x15_s5\images\87\13485.png,low,13484,15x15_s5
13520,13521,87,71,data\splits\pilot_100id\images\87\13521.png,high,13520,original
13520_low,13521,87,71,data\corrupted\blur_15x15_s5\images\87\13521.png,low,13520,15x15_s5
13480,13481,87,71,data\splits\pilot_100id\images\87\13481.png,high,13480,original
13480_low,13481,87,71,data\corrupted\blur_15x15_s5\images\87\13481.png,low,13480,15x15_s5
13497,13498,87,71,data\splits\pilot_100id\images\87\13498.png,high,13497,original
13497_low,13498,87,71,data\corrupted\blur_15x15_s5\images\87\13498.png,low,13497,15x15_s5
13532,13533,87,71,data\splits\pilot_100id\images\87\13533.png,high,13532,original
13532_low,13533,87,71,data\corrupted\blur_15x15_s5\images\87\13533.png,low,13532,15x15_s5
13525,13526,87,71,data\splits\pilot_100id\images\87\13526.png,high,13525,original
13525_low,13526,87,71,data\corrupted\blur_15x15_s5\images\87\13526.png,low,13525,15x15_s5
13508,13509,87,71,data\splits\pilot_100id\images\87\13509.png,high,13508,original
13508_low,13509,87,71,data\corrupted\blur_15x15_s5\images\87\13509.png,low,13508,15x15_s5
13514,13515,87,71,data\splits\pilot_100id\images\87\13515.png,high,13514,original
13514_low,13515,87,71,data\corrupted\blur_15x15_s5\images\87\13515.png,low,13514,15x15_s5
13545,13546,87,71,data\splits\pilot_100id\images\87\13546.png,high,13545,original
13545_low,13546,87,71,data\corrupted\blur_15x15_s5\images\87\13546.png,low,13545,15x15_s5
13491,13492,87,71,data\splits\pilot_100id\images\87\13492.png,high,13491,original
13491_low,13492,87,71,data\corrupted\blur_15x15_s5\images\87\13492.png,low,13491,15x15_s5
13510,13511,87,71,data\splits\pilot_100id\images\87\13511.png,high,13510,original
13510_low,13511,87,71,data\corrupted\blur_15x15_s5\images\87\13511.png,low,13510,15x15_s5
13519,13520,87,71,data\splits\pilot_100id\images\87\13520.png,high,13519,original
13519_low,13520,87,71,data\corrupted\blur_15x15_s5\images\87\13520.png,low,13519,15x15_s5
13536,13537,87,71,data\splits\pilot_100id\images\87\13537.png,high,13536,original
13536_low,13537,87,71,data\corrupted\blur_15x15_s5\images\87\13537.png,low,13536,15x15_s5
13621,13622,88,72,data\splits\pilot_100id\images\88\13622.png,high,13621,original
13621_low,13622,88,72,data\corrupted\blur_15x15_s5\images\88\13622.png,low,13621,15x15_s5
13825,13826,88,72,data\splits\pilot_100id\images\88\13826.png,high,13825,original
13825_low,13826,88,72,data\corrupted\blur_15x15_s5\images\88\13826.png,low,13825,15x15_s5
13573,13574,88,72,data\splits\pilot_100id\images\88\13574.png,high,13573,original
13573_low,13574,88,72,data\corrupted\blur_15x15_s5\images\88\13574.png,low,13573,15x15_s5
13804,13805,88,72,data\splits\pilot_100id\images\88\13805.png,high,13804,original
13804_low,13805,88,72,data\corrupted\blur_15x15_s5\images\88\13805.png,low,13804,15x15_s5
13557,13558,88,72,data\splits\pilot_100id\images\88\13558.png,high,13557,original
13557_low,13558,88,72,data\corrupted\blur_15x15_s5\images\88\13558.png,low,13557,15x15_s5
13649,13650,88,72,data\splits\pilot_100id\images\88\13650.png,high,13649,original
13649_low,13650,88,72,data\corrupted\blur_15x15_s5\images\88\13650.png,low,13649,15x15_s5
13724,13725,88,72,data\splits\pilot_100id\images\88\13725.png,high,13724,original
13724_low,13725,88,72,data\corrupted\blur_15x15_s5\images\88\13725.png,low,13724,15x15_s5
13734,13735,88,72,data\splits\pilot_100id\images\88\13735.png,high,13734,original
13734_low,13735,88,72,data\corrupted\blur_15x15_s5\images\88\13735.png,low,13734,15x15_s5
13611,13612,88,72,data\splits\pilot_100id\images\88\13612.png,high,13611,original
13611_low,13612,88,72,data\corrupted\blur_15x15_s5\images\88\13612.png,low,13611,15x15_s5
13664,13665,88,72,data\splits\pilot_100id\images\88\13665.png,high,13664,original
13664_low,13665,88,72,data\corrupted\blur_15x15_s5\images\88\13665.png,low,13664,15x15_s5
13788,13789,88,72,data\splits\pilot_100id\images\88\13789.png,high,13788,original
13788_low,13789,88,72,data\corrupted\blur_15x15_s5\images\88\13789.png,low,13788,15x15_s5
13623,13624,88,72,data\splits\pilot_100id\images\88\13624.png,high,13623,original
13623_low,13624,88,72,data\corrupted\blur_15x15_s5\images\88\13624.png,low,13623,15x15_s5
13712,13713,88,72,data\splits\pilot_100id\images\88\13713.png,high,13712,original
13712_low,13713,88,72,data\corrupted\blur_15x15_s5\images\88\13713.png,low,13712,15x15_s5
13721,13722,88,72,data\splits\pilot_100id\images\88\13722.png,high,13721,original
13721_low,13722,88,72,data\corrupted\blur_15x15_s5\images\88\13722.png,low,13721,15x15_s5
13758,13759,88,72,data\splits\pilot_100id\images\88\13759.png,high,13758,original
13758_low,13759,88,72,data\corrupted\blur_15x15_s5\images\88\13759.png,low,13758,15x15_s5
13632,13633,88,72,data\splits\pilot_100id\images\88\13633.png,high,13632,original
13632_low,13633,88,72,data\corrupted\blur_15x15_s5\images\88\13633.png,low,13632,15x15_s5
13733,13734,88,72,data\splits\pilot_100id\images\88\13734.png,high,13733,original
13733_low,13734,88,72,data\corrupted\blur_15x15_s5\images\88\13734.png,low,13733,15x15_s5
13680,13681,88,72,data\splits\pilot_100id\images\88\13681.png,high,13680,original
13680_low,13681,88,72,data\corrupted\blur_15x15_s5\images\88\13681.png,low,13680,15x15_s5
13861,13862,88,72,data\splits\pilot_100id\images\88\13862.png,high,13861,original
13861_low,13862,88,72,data\corrupted\blur_15x15_s5\images\88\13862.png,low,13861,15x15_s5
13785,13786,88,72,data\splits\pilot_100id\images\88\13786.png,high,13785,original
13785_low,13786,88,72,data\corrupted\blur_15x15_s5\images\88\13786.png,low,13785,15x15_s5
13750,13751,88,72,data\splits\pilot_100id\images\88\13751.png,high,13750,original
13750_low,13751,88,72,data\corrupted\blur_15x15_s5\images\88\13751.png,low,13750,15x15_s5
13725,13726,88,72,data\splits\pilot_100id\images\88\13726.png,high,13725,original
13725_low,13726,88,72,data\corrupted\blur_15x15_s5\images\88\13726.png,low,13725,15x15_s5
13745,13746,88,72,data\splits\pilot_100id\images\88\13746.png,high,13745,original
13745_low,13746,88,72,data\corrupted\blur_15x15_s5\images\88\13746.png,low,13745,15x15_s5
13656,13657,88,72,data\splits\pilot_100id\images\88\13657.png,high,13656,original
13656_low,13657,88,72,data\corrupted\blur_15x15_s5\images\88\13657.png,low,13656,15x15_s5
13590,13591,88,72,data\splits\pilot_100id\images\88\13591.png,high,13590,original
13590_low,13591,88,72,data\corrupted\blur_15x15_s5\images\88\13591.png,low,13590,15x15_s5
13928,13929,89,73,data\splits\pilot_100id\images\89\13929.png,high,13928,original
13928_low,13929,89,73,data\corrupted\blur_15x15_s5\images\89\13929.png,low,13928,15x15_s5
13906,13907,89,73,data\splits\pilot_100id\images\89\13907.png,high,13906,original
13906_low,13907,89,73,data\corrupted\blur_15x15_s5\images\89\13907.png,low,13906,15x15_s5
13959,13960,89,73,data\splits\pilot_100id\images\89\13960.png,high,13959,original
13959_low,13960,89,73,data\corrupted\blur_15x15_s5\images\89\13960.png,low,13959,15x15_s5
13884,13885,89,73,data\splits\pilot_100id\images\89\13885.png,high,13884,original
13884_low,13885,89,73,data\corrupted\blur_15x15_s5\images\89\13885.png,low,13884,15x15_s5
13947,13948,89,73,data\splits\pilot_100id\images\89\13948.png,high,13947,original
13947_low,13948,89,73,data\corrupted\blur_15x15_s5\images\89\13948.png,low,13947,15x15_s5
13949,13950,89,73,data\splits\pilot_100id\images\89\13950.png,high,13949,original
13949_low,13950,89,73,data\corrupted\blur_15x15_s5\images\89\13950.png,low,13949,15x15_s5
13930,13931,89,73,data\splits\pilot_100id\images\89\13931.png,high,13930,original
13930_low,13931,89,73,data\corrupted\blur_15x15_s5\images\89\13931.png,low,13930,15x15_s5
13908,13909,89,73,data\splits\pilot_100id\images\89\13909.png,high,13908,original
13908_low,13909,89,73,data\corrupted\blur_15x15_s5\images\89\13909.png,low,13908,15x15_s5
13876,13877,89,73,data\splits\pilot_100id\images\89\13877.png,high,13876,original
13876_low,13877,89,73,data\corrupted\blur_15x15_s5\images\89\13877.png,low,13876,15x15_s5
13866,13867,89,73,data\splits\pilot_100id\images\89\13867.png,high,13866,original
13866_low,13867,89,73,data\corrupted\blur_15x15_s5\images\89\13867.png,low,13866,15x15_s5
13897,13898,89,73,data\splits\pilot_100id\images\89\13898.png,high,13897,original
13897_low,13898,89,73,data\corrupted\blur_15x15_s5\images\89\13898.png,low,13897,15x15_s5
13941,13942,89,73,data\splits\pilot_100id\images\89\13942.png,high,13941,original
13941_low,13942,89,73,data\corrupted\blur_15x15_s5\images\89\13942.png,low,13941,15x15_s5
13913,13914,89,73,data\splits\pilot_100id\images\89\13914.png,high,13913,original
13913_low,13914,89,73,data\corrupted\blur_15x15_s5\images\89\13914.png,low,13913,15x15_s5
13892,13893,89,73,data\splits\pilot_100id\images\89\13893.png,high,13892,original
13892_low,13893,89,73,data\corrupted\blur_15x15_s5\images\89\13893.png,low,13892,15x15_s5
13910,13911,89,73,data\splits\pilot_100id\images\89\13911.png,high,13910,original
13910_low,13911,89,73,data\corrupted\blur_15x15_s5\images\89\13911.png,low,13910,15x15_s5
13870,13871,89,73,data\splits\pilot_100id\images\89\13871.png,high,13870,original
13870_low,13871,89,73,data\corrupted\blur_15x15_s5\images\89\13871.png,low,13870,15x15_s5
13888,13889,89,73,data\splits\pilot_100id\images\89\13889.png,high,13888,original
13888_low,13889,89,73,data\corrupted\blur_15x15_s5\images\89\13889.png,low,13888,15x15_s5
13878,13879,89,73,data\splits\pilot_100id\images\89\13879.png,high,13878,original
13878_low,13879,89,73,data\corrupted\blur_15x15_s5\images\89\13879.png,low,13878,15x15_s5
13955,13956,89,73,data\splits\pilot_100id\images\89\13956.png,high,13955,original
13955_low,13956,89,73,data\corrupted\blur_15x15_s5\images\89\13956.png,low,13955,15x15_s5
13939,13940,89,73,data\splits\pilot_100id\images\89\13940.png,high,13939,original
13939_low,13940,89,73,data\corrupted\blur_15x15_s5\images\89\13940.png,low,13939,15x15_s5
13915,13916,89,73,data\splits\pilot_100id\images\89\13916.png,high,13915,original
13915_low,13916,89,73,data\corrupted\blur_15x15_s5\images\89\13916.png,low,13915,15x15_s5
13936,13937,89,73,data\splits\pilot_100id\images\89\13937.png,high,13936,original
13936_low,13937,89,73,data\corrupted\blur_15x15_s5\images\89\13937.png,low,13936,15x15_s5
13934,13935,89,73,data\splits\pilot_100id\images\89\13935.png,high,13934,original
13934_low,13935,89,73,data\corrupted\blur_15x15_s5\images\89\13935.png,low,13934,15x15_s5
13881,13882,89,73,data\splits\pilot_100id\images\89\13882.png,high,13881,original
13881_low,13882,89,73,data\corrupted\blur_15x15_s5\images\89\13882.png,low,13881,15x15_s5
13905,13906,89,73,data\splits\pilot_100id\images\89\13906.png,high,13905,original
13905_low,13906,89,73,data\corrupted\blur_15x15_s5\images\89\13906.png,low,13905,15x15_s5
14038,14039,90,74,data\splits\pilot_100id\images\90\14039.png,high,14038,original
14038_low,14039,90,74,data\corrupted\blur_15x15_s5\images\90\14039.png,low,14038,15x15_s5
13963,13964,90,74,data\splits\pilot_100id\images\90\13964.png,high,13963,original
13963_low,13964,90,74,data\corrupted\blur_15x15_s5\images\90\13964.png,low,13963,15x15_s5
14033,14034,90,74,data\splits\pilot_100id\images\90\14034.png,high,14033,original
14033_low,14034,90,74,data\corrupted\blur_15x15_s5\images\90\14034.png,low,14033,15x15_s5
13985,13986,90,74,data\splits\pilot_100id\images\90\13986.png,high,13985,original
13985_low,13986,90,74,data\corrupted\blur_15x15_s5\images\90\13986.png,low,13985,15x15_s5
13975,13976,90,74,data\splits\pilot_100id\images\90\13976.png,high,13975,original
13975_low,13976,90,74,data\corrupted\blur_15x15_s5\images\90\13976.png,low,13975,15x15_s5
14019,14020,90,74,data\splits\pilot_100id\images\90\14020.png,high,14019,original
14019_low,14020,90,74,data\corrupted\blur_15x15_s5\images\90\14020.png,low,14019,15x15_s5
13973,13974,90,74,data\splits\pilot_100id\images\90\13974.png,high,13973,original
13973_low,13974,90,74,data\corrupted\blur_15x15_s5\images\90\13974.png,low,13973,15x15_s5
13981,13982,90,74,data\splits\pilot_100id\images\90\13982.png,high,13981,original
13981_low,13982,90,74,data\corrupted\blur_15x15_s5\images\90\13982.png,low,13981,15x15_s5
13967,13968,90,74,data\splits\pilot_100id\images\90\13968.png,high,13967,original
13967_low,13968,90,74,data\corrupted\blur_15x15_s5\images\90\13968.png,low,13967,15x15_s5
14030,14031,90,74,data\splits\pilot_100id\images\90\14031.png,high,14030,original
14030_low,14031,90,74,data\corrupted\blur_15x15_s5\images\90\14031.png,low,14030,15x15_s5
14024,14025,90,74,data\splits\pilot_100id\images\90\14025.png,high,14024,original
14024_low,14025,90,74,data\corrupted\blur_15x15_s5\images\90\14025.png,low,14024,15x15_s5
14027,14028,90,74,data\splits\pilot_100id\images\90\14028.png,high,14027,original
14027_low,14028,90,74,data\corrupted\blur_15x15_s5\images\90\14028.png,low,14027,15x15_s5
14016,14017,90,74,data\splits\pilot_100id\images\90\14017.png,high,14016,original
14016_low,14017,90,74,data\corrupted\blur_15x15_s5\images\90\14017.png,low,14016,15x15_s5
14036,14037,90,74,data\splits\pilot_100id\images\90\14037.png,high,14036,original
14036_low,14037,90,74,data\corrupted\blur_15x15_s5\images\90\14037.png,low,14036,15x15_s5
14025,14026,90,74,data\splits\pilot_100id\images\90\14026.png,high,14025,original
14025_low,14026,90,74,data\corrupted\blur_15x15_s5\images\90\14026.png,low,14025,15x15_s5
14029,14030,90,74,data\splits\pilot_100id\images\90\14030.png,high,14029,original
14029_low,14030,90,74,data\corrupted\blur_15x15_s5\images\90\14030.png,low,14029,15x15_s5
13996,13997,90,74,data\splits\pilot_100id\images\90\13997.png,high,13996,original
13996_low,13997,90,74,data\corrupted\blur_15x15_s5\images\90\13997.png,low,13996,15x15_s5
14041,14042,90,74,data\splits\pilot_100id\images\90\14042.png,high,14041,original
14041_low,14042,90,74,data\corrupted\blur_15x15_s5\images\90\14042.png,low,14041,15x15_s5
14017,14018,90,74,data\splits\pilot_100id\images\90\14018.png,high,14017,original
14017_low,14018,90,74,data\corrupted\blur_15x15_s5\images\90\14018.png,low,14017,15x15_s5
14035,14036,90,74,data\splits\pilot_100id\images\90\14036.png,high,14035,original
14035_low,14036,90,74,data\corrupted\blur_15x15_s5\images\90\14036.png,low,14035,15x15_s5
13974,13975,90,74,data\splits\pilot_100id\images\90\13975.png,high,13974,original
13974_low,13975,90,74,data\corrupted\blur_15x15_s5\images\90\13975.png,low,13974,15x15_s5
13993,13994,90,74,data\splits\pilot_100id\images\90\13994.png,high,13993,original
13993_low,13994,90,74,data\corrupted\blur_15x15_s5\images\90\13994.png,low,13993,15x15_s5
14003,14004,90,74,data\splits\pilot_100id\images\90\14004.png,high,14003,original
14003_low,14004,90,74,data\corrupted\blur_15x15_s5\images\90\14004.png,low,14003,15x15_s5
13991,13992,90,74,data\splits\pilot_100id\images\90\13992.png,high,13991,original
13991_low,13992,90,74,data\corrupted\blur_15x15_s5\images\90\13992.png,low,13991,15x15_s5
13972,13973,90,74,data\splits\pilot_100id\images\90\13973.png,high,13972,original
13972_low,13973,90,74,data\corrupted\blur_15x15_s5\images\90\13973.png,low,13972,15x15_s5
14108,14109,92,75,data\splits\pilot_100id\images\92\14109.png,high,14108,original
14108_low,14109,92,75,data\corrupted\blur_15x15_s5\images\92\14109.png,low,14108,15x15_s5
14105,14106,92,75,data\splits\pilot_100id\images\92\14106.png,high,14105,original
14105_low,14106,92,75,data\corrupted\blur_15x15_s5\images\92\14106.png,low,14105,15x15_s5
14111,14112,92,75,data\splits\pilot_100id\images\92\14112.png,high,14111,original
14111_low,14112,92,75,data\corrupted\blur_15x15_s5\images\92\14112.png,low,14111,15x15_s5
14077,14078,92,75,data\splits\pilot_100id\images\92\14078.png,high,14077,original
14077_low,14078,92,75,data\corrupted\blur_15x15_s5\images\92\14078.png,low,14077,15x15_s5
14089,14090,92,75,data\splits\pilot_100id\images\92\14090.png,high,14089,original
14089_low,14090,92,75,data\corrupted\blur_15x15_s5\images\92\14090.png,low,14089,15x15_s5
14096,14097,92,75,data\splits\pilot_100id\images\92\14097.png,high,14096,original
14096_low,14097,92,75,data\corrupted\blur_15x15_s5\images\92\14097.png,low,14096,15x15_s5
14082,14083,92,75,data\splits\pilot_100id\images\92\14083.png,high,14082,original
14082_low,14083,92,75,data\corrupted\blur_15x15_s5\images\92\14083.png,low,14082,15x15_s5
14097,14098,92,75,data\splits\pilot_100id\images\92\14098.png,high,14097,original
14097_low,14098,92,75,data\corrupted\blur_15x15_s5\images\92\14098.png,low,14097,15x15_s5
14068,14069,92,75,data\splits\pilot_100id\images\92\14069.png,high,14068,original
14068_low,14069,92,75,data\corrupted\blur_15x15_s5\images\92\14069.png,low,14068,15x15_s5
14095,14096,92,75,data\splits\pilot_100id\images\92\14096.png,high,14095,original
14095_low,14096,92,75,data\corrupted\blur_15x15_s5\images\92\14096.png,low,14095,15x15_s5
14078,14079,92,75,data\splits\pilot_100id\images\92\14079.png,high,14078,original
14078_low,14079,92,75,data\corrupted\blur_15x15_s5\images\92\14079.png,low,14078,15x15_s5
14073,14074,92,75,data\splits\pilot_100id\images\92\14074.png,high,14073,original
14073_low,14074,92,75,data\corrupted\blur_15x15_s5\images\92\14074.png,low,14073,15x15_s5
14114,14115,92,75,data\splits\pilot_100id\images\92\14115.png,high,14114,original
14114_low,14115,92,75,data\corrupted\blur_15x15_s5\images\92\14115.png,low,14114,15x15_s5
14071,14072,92,75,data\splits\pilot_100id\images\92\14072.png,high,14071,original
14071_low,14072,92,75,data\corrupted\blur_15x15_s5\images\92\14072.png,low,14071,15x15_s5
14112,14113,92,75,data\splits\pilot_100id\images\92\14113.png,high,14112,original
14112_low,14113,92,75,data\corrupted\blur_15x15_s5\images\92\14113.png,low,14112,15x15_s5
14069,14070,92,75,data\splits\pilot_100id\images\92\14070.png,high,14069,original
14069_low,14070,92,75,data\corrupted\blur_15x15_s5\images\92\14070.png,low,14069,15x15_s5
14101,14102,92,75,data\splits\pilot_100id\images\92\14102.png,high,14101,original
14101_low,14102,92,75,data\corrupted\blur_15x15_s5\images\92\14102.png,low,14101,15x15_s5
14098,14099,92,75,data\splits\pilot_100id\images\92\14099.png,high,14098,original
14098_low,14099,92,75,data\corrupted\blur_15x15_s5\images\92\14099.png,low,14098,15x15_s5
14084,14085,92,75,data\splits\pilot_100id\images\92\14085.png,high,14084,original
14084_low,14085,92,75,data\corrupted\blur_15x15_s5\images\92\14085.png,low,14084,15x15_s5
14113,14114,92,75,data\splits\pilot_100id\images\92\14114.png,high,14113,original
14113_low,14114,92,75,data\corrupted\blur_15x15_s5\images\92\14114.png,low,14113,15x15_s5
14080,14081,92,75,data\splits\pilot_100id\images\92\14081.png,high,14080,original
14080_low,14081,92,75,data\corrupted\blur_15x15_s5\images\92\14081.png,low,14080,15x15_s5
14074,14075,92,75,data\splits\pilot_100id\images\92\14075.png,high,14074,original
14074_low,14075,92,75,data\corrupted\blur_15x15_s5\images\92\14075.png,low,14074,15x15_s5
14081,14082,92,75,data\splits\pilot_100id\images\92\14082.png,high,14081,original
14081_low,14082,92,75,data\corrupted\blur_15x15_s5\images\92\14082.png,low,14081,15x15_s5
14091,14092,92,75,data\splits\pilot_100id\images\92\14092.png,high,14091,original
14091_low,14092,92,75,data\corrupted\blur_15x15_s5\images\92\14092.png,low,14091,15x15_s5
14109,14110,92,75,data\splits\pilot_100id\images\92\14110.png,high,14109,original
14109_low,14110,92,75,data\corrupted\blur_15x15_s5\images\92\14110.png,low,14109,15x15_s5
14178,14179,93,76,data\splits\pilot_100id\images\93\14179.png,high,14178,original
14178_low,14179,93,76,data\corrupted\blur_15x15_s5\images\93\14179.png,low,14178,15x15_s5
14156,14157,93,76,data\splits\pilot_100id\images\93\14157.png,high,14156,original
14156_low,14157,93,76,data\corrupted\blur_15x15_s5\images\93\14157.png,low,14156,15x15_s5
14210,14211,93,76,data\splits\pilot_100id\images\93\14211.png,high,14210,original
14210_low,14211,93,76,data\corrupted\blur_15x15_s5\images\93\14211.png,low,14210,15x15_s5
14134,14135,93,76,data\splits\pilot_100id\images\93\14135.png,high,14134,original
14134_low,14135,93,76,data\corrupted\blur_15x15_s5\images\93\14135.png,low,14134,15x15_s5
14197,14198,93,76,data\splits\pilot_100id\images\93\14198.png,high,14197,original
14197_low,14198,93,76,data\corrupted\blur_15x15_s5\images\93\14198.png,low,14197,15x15_s5
14199,14200,93,76,data\splits\pilot_100id\images\93\14200.png,high,14199,original
14199_low,14200,93,76,data\corrupted\blur_15x15_s5\images\93\14200.png,low,14199,15x15_s5
14180,14181,93,76,data\splits\pilot_100id\images\93\14181.png,high,14180,original
14180_low,14181,93,76,data\corrupted\blur_15x15_s5\images\93\14181.png,low,14180,15x15_s5
14158,14159,93,76,data\splits\pilot_100id\images\93\14159.png,high,14158,original
14158_low,14159,93,76,data\corrupted\blur_15x15_s5\images\93\14159.png,low,14158,15x15_s5
14126,14127,93,76,data\splits\pilot_100id\images\93\14127.png,high,14126,original
14126_low,14127,93,76,data\corrupted\blur_15x15_s5\images\93\14127.png,low,14126,15x15_s5
14116,14117,93,76,data\splits\pilot_100id\images\93\14117.png,high,14116,original
14116_low,14117,93,76,data\corrupted\blur_15x15_s5\images\93\14117.png,low,14116,15x15_s5
14147,14148,93,76,data\splits\pilot_100id\images\93\14148.png,high,14147,original
14147_low,14148,93,76,data\corrupted\blur_15x15_s5\images\93\14148.png,low,14147,15x15_s5
14191,14192,93,76,data\splits\pilot_100id\images\93\14192.png,high,14191,original
14191_low,14192,93,76,data\corrupted\blur_15x15_s5\images\93\14192.png,low,14191,15x15_s5
14163,14164,93,76,data\splits\pilot_100id\images\93\14164.png,high,14163,original
14163_low,14164,93,76,data\corrupted\blur_15x15_s5\images\93\14164.png,low,14163,15x15_s5
14142,14143,93,76,data\splits\pilot_100id\images\93\14143.png,high,14142,original
14142_low,14143,93,76,data\corrupted\blur_15x15_s5\images\93\14143.png,low,14142,15x15_s5
14160,14161,93,76,data\splits\pilot_100id\images\93\14161.png,high,14160,original
14160_low,14161,93,76,data\corrupted\blur_15x15_s5\images\93\14161.png,low,14160,15x15_s5
14120,14121,93,76,data\splits\pilot_100id\images\93\14121.png,high,14120,original
14120_low,14121,93,76,data\corrupted\blur_15x15_s5\images\93\14121.png,low,14120,15x15_s5
14138,14139,93,76,data\splits\pilot_100id\images\93\14139.png,high,14138,original
14138_low,14139,93,76,data\corrupted\blur_15x15_s5\images\93\14139.png,low,14138,15x15_s5
14128,14129,93,76,data\splits\pilot_100id\images\93\14129.png,high,14128,original
14128_low,14129,93,76,data\corrupted\blur_15x15_s5\images\93\14129.png,low,14128,15x15_s5
14206,14207,93,76,data\splits\pilot_100id\images\93\14207.png,high,14206,original
14206_low,14207,93,76,data\corrupted\blur_15x15_s5\images\93\14207.png,low,14206,15x15_s5
14189,14190,93,76,data\splits\pilot_100id\images\93\14190.png,high,14189,original
14189_low,14190,93,76,data\corrupted\blur_15x15_s5\images\93\14190.png,low,14189,15x15_s5
14165,14166,93,76,data\splits\pilot_100id\images\93\14166.png,high,14165,original
14165_low,14166,93,76,data\corrupted\blur_15x15_s5\images\93\14166.png,low,14165,15x15_s5
14186,14187,93,76,data\splits\pilot_100id\images\93\14187.png,high,14186,original
14186_low,14187,93,76,data\corrupted\blur_15x15_s5\images\93\14187.png,low,14186,15x15_s5
14184,14185,93,76,data\splits\pilot_100id\images\93\14185.png,high,14184,original
14184_low,14185,93,76,data\corrupted\blur_15x15_s5\images\93\14185.png,low,14184,15x15_s5
14131,14132,93,76,data\splits\pilot_100id\images\93\14132.png,high,14131,original
14131_low,14132,93,76,data\corrupted\blur_15x15_s5\images\93\14132.png,low,14131,15x15_s5
14155,14156,93,76,data\splits\pilot_100id\images\93\14156.png,high,14155,original
14155_low,14156,93,76,data\corrupted\blur_15x15_s5\images\93\14156.png,low,14155,15x15_s5
14239,14240,94,77,data\splits\pilot_100id\images\94\14240.png,high,14239,original
14239_low,14240,94,77,data\corrupted\blur_15x15_s5\images\94\14240.png,low,14239,15x15_s5
14227,14228,94,77,data\splits\pilot_100id\images\94\14228.png,high,14227,original
14227_low,14228,94,77,data\corrupted\blur_15x15_s5\images\94\14228.png,low,14227,15x15_s5
14222,14223,94,77,data\splits\pilot_100id\images\94\14223.png,high,14222,original
14222_low,14223,94,77,data\corrupted\blur_15x15_s5\images\94\14223.png,low,14222,15x15_s5
14240,14241,94,77,data\splits\pilot_100id\images\94\14241.png,high,14240,original
14240_low,14241,94,77,data\corrupted\blur_15x15_s5\images\94\14241.png,low,14240,15x15_s5
14218,14219,94,77,data\splits\pilot_100id\images\94\14219.png,high,14218,original
14218_low,14219,94,77,data\corrupted\blur_15x15_s5\images\94\14219.png,low,14218,15x15_s5
14253,14254,94,77,data\splits\pilot_100id\images\94\14254.png,high,14253,original
14253_low,14254,94,77,data\corrupted\blur_15x15_s5\images\94\14254.png,low,14253,15x15_s5
14233,14234,94,77,data\splits\pilot_100id\images\94\14234.png,high,14233,original
14233_low,14234,94,77,data\corrupted\blur_15x15_s5\images\94\14234.png,low,14233,15x15_s5
14243,14244,94,77,data\splits\pilot_100id\images\94\14244.png,high,14243,original
14243_low,14244,94,77,data\corrupted\blur_15x15_s5\images\94\14244.png,low,14243,15x15_s5
14244,14245,94,77,data\splits\pilot_100id\images\94\14245.png,high,14244,original
14244_low,14245,94,77,data\corrupted\blur_15x15_s5\images\94\14245.png,low,14244,15x15_s5
14220,14221,94,77,data\splits\pilot_100id\images\94\14221.png,high,14220,original
14220_low,14221,94,77,data\corrupted\blur_15x15_s5\images\94\14221.png,low,14220,15x15_s5
14241,14242,94,77,data\splits\pilot_100id\images\94\14242.png,high,14241,original
14241_low,14242,94,77,data\corrupted\blur_15x15_s5\images\94\14242.png,low,14241,15x15_s5
14226,14227,94,77,data\splits\pilot_100id\images\94\14227.png,high,14226,original
14226_low,14227,94,77,data\corrupted\blur_15x15_s5\images\94\14227.png,low,14226,15x15_s5
14231,14232,94,77,data\splits\pilot_100id\images\94\14232.png,high,14231,original
14231_low,14232,94,77,data\corrupted\blur_15x15_s5\images\94\14232.png,low,14231,15x15_s5
14223,14224,94,77,data\splits\pilot_100id\images\94\14224.png,high,14223,original
14223_low,14224,94,77,data\corrupted\blur_15x15_s5\images\94\14224.png,low,14223,15x15_s5
14229,14230,94,77,data\splits\pilot_100id\images\94\14230.png,high,14229,original
14229_low,14230,94,77,data\corrupted\blur_15x15_s5\images\94\14230.png,low,14229,15x15_s5
14247,14248,94,77,data\splits\pilot_100id\images\94\14248.png,high,14247,original
14247_low,14248,94,77,data\corrupted\blur_15x15_s5\images\94\14248.png,low,14247,15x15_s5
14230,14231,94,77,data\splits\pilot_100id\images\94\14231.png,high,14230,original
14230_low,14231,94,77,data\corrupted\blur_15x15_s5\images\94\14231.png,low,14230,15x15_s5
14250,14251,94,77,data\splits\pilot_100id\images\94\14251.png,high,14250,original
14250_low,14251,94,77,data\corrupted\blur_15x15_s5\images\94\14251.png,low,14250,15x15_s5
14249,14250,94,77,data\splits\pilot_100id\images\94\14250.png,high,14249,original
14249_low,14250,94,77,data\corrupted\blur_15x15_s5\images\94\14250.png,low,14249,15x15_s5
14214,14215,94,77,data\splits\pilot_100id\images\94\14215.png,high,14214,original
14214_low,14215,94,77,data\corrupted\blur_15x15_s5\images\94\14215.png,low,14214,15x15_s5
14238,14239,94,77,data\splits\pilot_100id\images\94\14239.png,high,14238,original
14238_low,14239,94,77,data\corrupted\blur_15x15_s5\images\94\14239.png,low,14238,15x15_s5
14219,14220,94,77,data\splits\pilot_100id\images\94\14220.png,high,14219,original
14219_low,14220,94,77,data\corrupted\blur_15x15_s5\images\94\14220.png,low,14219,15x15_s5
14225,14226,94,77,data\splits\pilot_100id\images\94\14226.png,high,14225,original
14225_low,14226,94,77,data\corrupted\blur_15x15_s5\images\94\14226.png,low,14225,15x15_s5
14254,14255,94,77,data\splits\pilot_100id\images\94\14255.png,high,14254,original
14254_low,14255,94,77,data\corrupted\blur_15x15_s5\images\94\14255.png,low,14254,15x15_s5
14215,14216,94,77,data\splits\pilot_100id\images\94\14216.png,high,14215,original
14215_low,14216,94,77,data\corrupted\blur_15x15_s5\images\94\14216.png,low,14215,15x15_s5
14256,14257,95,78,data\splits\pilot_100id\images\95\14257.png,high,14256,original
14256_low,14257,95,78,data\corrupted\blur_15x15_s5\images\95\14257.png,low,14256,15x15_s5
14261,14262,95,78,data\splits\pilot_100id\images\95\14262.png,high,14261,original
14261_low,14262,95,78,data\corrupted\blur_15x15_s5\images\95\14262.png,low,14261,15x15_s5
14290,14291,95,78,data\splits\pilot_100id\images\95\14291.png,high,14290,original
14290_low,14291,95,78,data\corrupted\blur_15x15_s5\images\95\14291.png,low,14290,15x15_s5
14269,14270,95,78,data\splits\pilot_100id\images\95\14270.png,high,14269,original
14269_low,14270,95,78,data\corrupted\blur_15x15_s5\images\95\14270.png,low,14269,15x15_s5
14301,14302,95,78,data\splits\pilot_100id\images\95\14302.png,high,14301,original
14301_low,14302,95,78,data\corrupted\blur_15x15_s5\images\95\14302.png,low,14301,15x15_s5
14309,14310,95,78,data\splits\pilot_100id\images\95\14310.png,high,14309,original
14309_low,14310,95,78,data\corrupted\blur_15x15_s5\images\95\14310.png,low,14309,15x15_s5
14313,14314,95,78,data\splits\pilot_100id\images\95\14314.png,high,14313,original
14313_low,14314,95,78,data\corrupted\blur_15x15_s5\images\95\14314.png,low,14313,15x15_s5
14281,14282,95,78,data\splits\pilot_100id\images\95\14282.png,high,14281,original
14281_low,14282,95,78,data\corrupted\blur_15x15_s5\images\95\14282.png,low,14281,15x15_s5
14303,14304,95,78,data\splits\pilot_100id\images\95\14304.png,high,14303,original
14303_low,14304,95,78,data\corrupted\blur_15x15_s5\images\95\14304.png,low,14303,15x15_s5
14268,14269,95,78,data\splits\pilot_100id\images\95\14269.png,high,14268,original
14268_low,14269,95,78,data\corrupted\blur_15x15_s5\images\95\14269.png,low,14268,15x15_s5
14305,14306,95,78,data\splits\pilot_100id\images\95\14306.png,high,14305,original
14305_low,14306,95,78,data\corrupted\blur_15x15_s5\images\95\14306.png,low,14305,15x15_s5
14259,14260,95,78,data\splits\pilot_100id\images\95\14260.png,high,14259,original
14259_low,14260,95,78,data\corrupted\blur_15x15_s5\images\95\14260.png,low,14259,15x15_s5
14292,14293,95,78,data\splits\pilot_100id\images\95\14293.png,high,14292,original
14292_low,14293,95,78,data\corrupted\blur_15x15_s5\images\95\14293.png,low,14292,15x15_s5
14287,14288,95,78,data\splits\pilot_100id\images\95\14288.png,high,14287,original
14287_low,14288,95,78,data\corrupted\blur_15x15_s5\images\95\14288.png,low,14287,15x15_s5
14264,14265,95,78,data\splits\pilot_100id\images\95\14265.png,high,14264,original
14264_low,14265,95,78,data\corrupted\blur_15x15_s5\images\95\14265.png,low,14264,15x15_s5
14273,14274,95,78,data\splits\pilot_100id\images\95\14274.png,high,14273,original
14273_low,14274,95,78,data\corrupted\blur_15x15_s5\images\95\14274.png,low,14273,15x15_s5
14262,14263,95,78,data\splits\pilot_100id\images\95\14263.png,high,14262,original
14262_low,14263,95,78,data\corrupted\blur_15x15_s5\images\95\14263.png,low,14262,15x15_s5
14260,14261,95,78,data\splits\pilot_100id\images\95\14261.png,high,14260,original
14260_low,14261,95,78,data\corrupted\blur_15x15_s5\images\95\14261.png,low,14260,15x15_s5
14310,14311,95,78,data\splits\pilot_100id\images\95\14311.png,high,14310,original
14310_low,14311,95,78,data\corrupted\blur_15x15_s5\images\95\14311.png,low,14310,15x15_s5
14275,14276,95,78,data\splits\pilot_100id\images\95\14276.png,high,14275,original
14275_low,14276,95,78,data\corrupted\blur_15x15_s5\images\95\14276.png,low,14275,15x15_s5
14286,14287,95,78,data\splits\pilot_100id\images\95\14287.png,high,14286,original
14286_low,14287,95,78,data\corrupted\blur_15x15_s5\images\95\14287.png,low,14286,15x15_s5
14306,14307,95,78,data\splits\pilot_100id\images\95\14307.png,high,14306,original
14306_low,14307,95,78,data\corrupted\blur_15x15_s5\images\95\14307.png,low,14306,15x15_s5
14300,14301,95,78,data\splits\pilot_100id\images\95\14301.png,high,14300,original
14300_low,14301,95,78,data\corrupted\blur_15x15_s5\images\95\14301.png,low,14300,15x15_s5
14311,14312,95,78,data\splits\pilot_100id\images\95\14312.png,high,14311,original
14311_low,14312,95,78,data\corrupted\blur_15x15_s5\images\95\14312.png,low,14311,15x15_s5
14271,14272,95,78,data\splits\pilot_100id\images\95\14272.png,high,14271,original
14271_low,14272,95,78,data\corrupted\blur_15x15_s5\images\95\14272.png,low,14271,15x15_s5
14334,14335,96,79,data\splits\pilot_100id\images\96\14335.png,high,14334,original
14334_low,14335,96,79,data\corrupted\blur_15x15_s5\images\96\14335.png,low,14334,15x15_s5
14364,14365,96,79,data\splits\pilot_100id\images\96\14365.png,high,14364,original
14364_low,14365,96,79,data\corrupted\blur_15x15_s5\images\96\14365.png,low,14364,15x15_s5
14363,14364,96,79,data\splits\pilot_100id\images\96\14364.png,high,14363,original
14363_low,14364,96,79,data\corrupted\blur_15x15_s5\images\96\14364.png,low,14363,15x15_s5
14327,14328,96,79,data\splits\pilot_100id\images\96\14328.png,high,14327,original
14327_low,14328,96,79,data\corrupted\blur_15x15_s5\images\96\14328.png,low,14327,15x15_s5
14359,14360,96,79,data\splits\pilot_100id\images\96\14360.png,high,14359,original
14359_low,14360,96,79,data\corrupted\blur_15x15_s5\images\96\14360.png,low,14359,15x15_s5
14320,14321,96,79,data\splits\pilot_100id\images\96\14321.png,high,14320,original
14320_low,14321,96,79,data\corrupted\blur_15x15_s5\images\96\14321.png,low,14320,15x15_s5
14332,14333,96,79,data\splits\pilot_100id\images\96\14333.png,high,14332,original
14332_low,14333,96,79,data\corrupted\blur_15x15_s5\images\96\14333.png,low,14332,15x15_s5
14367,14368,96,79,data\splits\pilot_100id\images\96\14368.png,high,14367,original
14367_low,14368,96,79,data\corrupted\blur_15x15_s5\images\96\14368.png,low,14367,15x15_s5
14318,14319,96,79,data\splits\pilot_100id\images\96\14319.png,high,14318,original
14318_low,14319,96,79,data\corrupted\blur_15x15_s5\images\96\14319.png,low,14318,15x15_s5
14347,14348,96,79,data\splits\pilot_100id\images\96\14348.png,high,14347,original
14347_low,14348,96,79,data\corrupted\blur_15x15_s5\images\96\14348.png,low,14347,15x15_s5
14328,14329,96,79,data\splits\pilot_100id\images\96\14329.png,high,14328,original
14328_low,14329,96,79,data\corrupted\blur_15x15_s5\images\96\14329.png,low,14328,15x15_s5
14323,14324,96,79,data\splits\pilot_100id\images\96\14324.png,high,14323,original
14323_low,14324,96,79,data\corrupted\blur_15x15_s5\images\96\14324.png,low,14323,15x15_s5
14341,14342,96,79,data\splits\pilot_100id\images\96\14342.png,high,14341,original
14341_low,14342,96,79,data\corrupted\blur_15x15_s5\images\96\14342.png,low,14341,15x15_s5
14321,14322,96,79,data\splits\pilot_100id\images\96\14322.png,high,14321,original
14321_low,14322,96,79,data\corrupted\blur_15x15_s5\images\96\14322.png,low,14321,15x15_s5
14349,14350,96,79,data\splits\pilot_100id\images\96\14350.png,high,14349,original
14349_low,14350,96,79,data\corrupted\blur_15x15_s5\images\96\14350.png,low,14349,15x15_s5
14319,14320,96,79,data\splits\pilot_100id\images\96\14320.png,high,14319,original
14319_low,14320,96,79,data\corrupted\blur_15x15_s5\images\96\14320.png,low,14319,15x15_s5
14352,14353,96,79,data\splits\pilot_100id\images\96\14353.png,high,14352,original
14352_low,14353,96,79,data\corrupted\blur_15x15_s5\images\96\14353.png,low,14352,15x15_s5
14339,14340,96,79,data\splits\pilot_100id\images\96\14340.png,high,14339,original
14339_low,14340,96,79,data\corrupted\blur_15x15_s5\images\96\14340.png,low,14339,15x15_s5
14360,14361,96,79,data\splits\pilot_100id\images\96\14361.png,high,14360,original
14360_low,14361,96,79,data\corrupted\blur_15x15_s5\images\96\14361.png,low,14360,15x15_s5
14348,14349,96,79,data\splits\pilot_100id\images\96\14349.png,high,14348,original
14348_low,14349,96,79,data\corrupted\blur_15x15_s5\images\96\14349.png,low,14348,15x15_s5
14365,14366,96,79,data\splits\pilot_100id\images\96\14366.png,high,14365,original
14365_low,14366,96,79,data\corrupted\blur_15x15_s5\images\96\14366.png,low,14365,15x15_s5
14330,14331,96,79,data\splits\pilot_100id\images\96\14331.png,high,14330,original
14330_low,14331,96,79,data\corrupted\blur_15x15_s5\images\96\14331.png,low,14330,15x15_s5
14324,14325,96,79,data\splits\pilot_100id\images\96\14325.png,high,14324,original
14324_low,14325,96,79,data\corrupted\blur_15x15_s5\images\96\14325.png,low,14324,15x15_s5
14331,14332,96,79,data\splits\pilot_100id\images\96\14332.png,high,14331,original
14331_low,14332,96,79,data\corrupted\blur_15x15_s5\images\96\14332.png,low,14331,15x15_s5
14345,14346,96,79,data\splits\pilot_100id\images\96\14346.png,high,14345,original
14345_low,14346,96,79,data\corrupted\blur_15x15_s5\images\96\14346.png,low,14345,15x15_s5
14393,14394,97,80,data\splits\pilot_100id\images\97\14394.png,high,14393,original
14393_low,14394,97,80,data\corrupted\blur_15x15_s5\images\97\14394.png,low,14393,15x15_s5
14375,14376,97,80,data\splits\pilot_100id\images\97\14376.png,high,14375,original
14375_low,14376,97,80,data\corrupted\blur_15x15_s5\images\97\14376.png,low,14375,15x15_s5
14591,14592,97,80,data\splits\pilot_100id\images\97\14592.png,high,14591,original
14591_low,14592,97,80,data\corrupted\blur_15x15_s5\images\97\14592.png,low,14591,15x15_s5
14577,14578,97,80,data\splits\pilot_100id\images\97\14578.png,high,14577,original
14577_low,14578,97,80,data\corrupted\blur_15x15_s5\images\97\14578.png,low,14577,15x15_s5
14605,14606,97,80,data\splits\pilot_100id\images\97\14606.png,high,14605,original
14605_low,14606,97,80,data\corrupted\blur_15x15_s5\images\97\14606.png,low,14605,15x15_s5
14542,14543,97,80,data\splits\pilot_100id\images\97\14543.png,high,14542,original
14542_low,14543,97,80,data\corrupted\blur_15x15_s5\images\97\14543.png,low,14542,15x15_s5
14566,14567,97,80,data\splits\pilot_100id\images\97\14567.png,high,14566,original
14566_low,14567,97,80,data\corrupted\blur_15x15_s5\images\97\14567.png,low,14566,15x15_s5
14589,14590,97,80,data\splits\pilot_100id\images\97\14590.png,high,14589,original
14589_low,14590,97,80,data\corrupted\blur_15x15_s5\images\97\14590.png,low,14589,15x15_s5
14378,14379,97,80,data\splits\pilot_100id\images\97\14379.png,high,14378,original
14378_low,14379,97,80,data\corrupted\blur_15x15_s5\images\97\14379.png,low,14378,15x15_s5
14482,14483,97,80,data\splits\pilot_100id\images\97\14483.png,high,14482,original
14482_low,14483,97,80,data\corrupted\blur_15x15_s5\images\97\14483.png,low,14482,15x15_s5
14414,14415,97,80,data\splits\pilot_100id\images\97\14415.png,high,14414,original
14414_low,14415,97,80,data\corrupted\blur_15x15_s5\images\97\14415.png,low,14414,15x15_s5
14576,14577,97,80,data\splits\pilot_100id\images\97\14577.png,high,14576,original
14576_low,14577,97,80,data\corrupted\blur_15x15_s5\images\97\14577.png,low,14576,15x15_s5
14594,14595,97,80,data\splits\pilot_100id\images\97\14595.png,high,14594,original
14594_low,14595,97,80,data\corrupted\blur_15x15_s5\images\97\14595.png,low,14594,15x15_s5
14578,14579,97,80,data\splits\pilot_100id\images\97\14579.png,high,14578,original
14578_low,14579,97,80,data\corrupted\blur_15x15_s5\images\97\14579.png,low,14578,15x15_s5
14451,14452,97,80,data\splits\pilot_100id\images\97\14452.png,high,14451,original
14451_low,14452,97,80,data\corrupted\blur_15x15_s5\images\97\14452.png,low,14451,15x15_s5
14513,14514,97,80,data\splits\pilot_100id\images\97\14514.png,high,14513,original
14513_low,14514,97,80,data\corrupted\blur_15x15_s5\images\97\14514.png,low,14513,15x15_s5
14555,14556,97,80,data\splits\pilot_100id\images\97\14556.png,high,14555,original
14555_low,14556,97,80,data\corrupted\blur_15x15_s5\images\97\14556.png,low,14555,15x15_s5
14384,14385,97,80,data\splits\pilot_100id\images\97\14385.png,high,14384,original
14384_low,14385,97,80,data\corrupted\blur_15x15_s5\images\97\14385.png,low,14384,15x15_s5
14435,14436,97,80,data\splits\pilot_100id\images\97\14436.png,high,14435,original
14435_low,14436,97,80,data\corrupted\blur_15x15_s5\images\97\14436.png,low,14435,15x15_s5
14496,14497,97,80,data\splits\pilot_100id\images\97\14497.png,high,14496,original
14496_low,14497,97,80,data\corrupted\blur_15x15_s5\images\97\14497.png,low,14496,15x15_s5
14402,14403,97,80,data\splits\pilot_100id\images\97\14403.png,high,14402,original
14402_low,14403,97,80,data\corrupted\blur_15x15_s5\images\97\14403.png,low,14402,15x15_s5
14388,14389,97,80,data\splits\pilot_100id\images\97\14389.png,high,14388,original
14388_low,14389,97,80,data\corrupted\blur_15x15_s5\images\97\14389.png,low,14388,15x15_s5
14477,14478,97,80,data\splits\pilot_100id\images\97\14478.png,high,14477,original
14477_low,14478,97,80,data\corrupted\blur_15x15_s5\images\97\14478.png,low,14477,15x15_s5
14399,14400,97,80,data\splits\pilot_100id\images\97\14400.png,high,14399,original
14399_low,14400,97,80,data\corrupted\blur_15x15_s5\images\97\14400.png,low,14399,15x15_s5
14552,14553,97,80,data\splits\pilot_100id\images\97\14553.png,high,14552,original
14552_low,14553,97,80,data\corrupted\blur_15x15_s5\images\97\14553.png,low,14552,15x15_s5
14629,14630,98,81,data\splits\pilot_100id\images\98\14630.png,high,14629,original
14629_low,14630,98,81,data\corrupted\blur_15x15_s5\images\98\14630.png,low,14629,15x15_s5
14626,14627,98,81,data\splits\pilot_100id\images\98\14627.png,high,14626,original
14626_low,14627,98,81,data\corrupted\blur_15x15_s5\images\98\14627.png,low,14626,15x15_s5
14625,14626,98,81,data\splits\pilot_100id\images\98\14626.png,high,14625,original
14625_low,14626,98,81,data\corrupted\blur_15x15_s5\images\98\14626.png,low,14625,15x15_s5
14636,14637,98,81,data\splits\pilot_100id\images\98\14637.png,high,14636,original
14636_low,14637,98,81,data\corrupted\blur_15x15_s5\images\98\14637.png,low,14636,15x15_s5
14614,14615,98,81,data\splits\pilot_100id\images\98\14615.png,high,14614,original
14614_low,14615,98,81,data\corrupted\blur_15x15_s5\images\98\14615.png,low,14614,15x15_s5
14622,14623,98,81,data\splits\pilot_100id\images\98\14623.png,high,14622,original
14622_low,14623,98,81,data\corrupted\blur_15x15_s5\images\98\14623.png,low,14622,15x15_s5
14647,14648,98,81,data\splits\pilot_100id\images\98\14648.png,high,14647,original
14647_low,14648,98,81,data\corrupted\blur_15x15_s5\images\98\14648.png,low,14647,15x15_s5
14637,14638,98,81,data\splits\pilot_100id\images\98\14638.png,high,14637,original
14637_low,14638,98,81,data\corrupted\blur_15x15_s5\images\98\14638.png,low,14637,15x15_s5
14649,14650,98,81,data\splits\pilot_100id\images\98\14650.png,high,14649,original
14649_low,14650,98,81,data\corrupted\blur_15x15_s5\images\98\14650.png,low,14649,15x15_s5
14616,14617,98,81,data\splits\pilot_100id\images\98\14617.png,high,14616,original
14616_low,14617,98,81,data\corrupted\blur_15x15_s5\images\98\14617.png,low,14616,15x15_s5
14635,14636,98,81,data\splits\pilot_100id\images\98\14636.png,high,14635,original
14635_low,14636,98,81,data\corrupted\blur_15x15_s5\images\98\14636.png,low,14635,15x15_s5
14619,14620,98,81,data\splits\pilot_100id\images\98\14620.png,high,14619,original
14619_low,14620,98,81,data\corrupted\blur_15x15_s5\images\98\14620.png,low,14619,15x15_s5
14623,14624,98,81,data\splits\pilot_100id\images\98\14624.png,high,14623,original
14623_low,14624,98,81,data\corrupted\blur_15x15_s5\images\98\14624.png,low,14623,15x15_s5
14641,14642,98,81,data\splits\pilot_100id\images\98\14642.png,high,14641,original
14641_low,14642,98,81,data\corrupted\blur_15x15_s5\images\98\14642.png,low,14641,15x15_s5
14644,14645,98,81,data\splits\pilot_100id\images\98\14645.png,high,14644,original
14644_low,14645,98,81,data\corrupted\blur_15x15_s5\images\98\14645.png,low,14644,15x15_s5
14618,14619,98,81,data\splits\pilot_100id\images\98\14619.png,high,14618,original
14618_low,14619,98,81,data\corrupted\blur_15x15_s5\images\98\14619.png,low,14618,15x15_s5
14627,14628,98,81,data\splits\pilot_100id\images\98\14628.png,high,14627,original
14627_low,14628,98,81,data\corrupted\blur_15x15_s5\images\98\14628.png,low,14627,15x15_s5
14634,14635,98,81,data\splits\pilot_100id\images\98\14635.png,high,14634,original
14634_low,14635,98,81,data\corrupted\blur_15x15_s5\images\98\14635.png,low,14634,15x15_s5
14610,14611,98,81,data\splits\pilot_100id\images\98\14611.png,high,14610,original
14610_low,14611,98,81,data\corrupted\blur_15x15_s5\images\98\14611.png,low,14610,15x15_s5
14643,14644,98,81,data\splits\pilot_100id\images\98\14644.png,high,14643,original
14643_low,14644,98,81,data\corrupted\blur_15x15_s5\images\98\14644.png,low,14643,15x15_s5
14615,14616,98,81,data\splits\pilot_100id\images\98\14616.png,high,14615,original
14615_low,14616,98,81,data\corrupted\blur_15x15_s5\images\98\14616.png,low,14615,15x15_s5
14621,14622,98,81,data\splits\pilot_100id\images\98\14622.png,high,14621,original
14621_low,14622,98,81,data\corrupted\blur_15x15_s5\images\98\14622.png,low,14621,15x15_s5
14611,14612,98,81,data\splits\pilot_100id\images\98\14612.png,high,14611,original
14611_low,14612,98,81,data\corrupted\blur_15x15_s5\images\98\14612.png,low,14611,15x15_s5
14639,14640,98,81,data\splits\pilot_100id\images\98\14640.png,high,14639,original
14639_low,14640,98,81,data\corrupted\blur_15x15_s5\images\98\14640.png,low,14639,15x15_s5
14631,14632,98,81,data\splits\pilot_100id\images\98\14632.png,high,14631,original
14631_low,14632,98,81,data\corrupted\blur_15x15_s5\images\98\14632.png,low,14631,15x15_s5
14685,14686,99,82,data\splits\pilot_100id\images\99\14686.png,high,14685,original
14685_low,14686,99,82,data\corrupted\blur_15x15_s5\images\99\14686.png,low,14685,15x15_s5
14663,14664,99,82,data\splits\pilot_100id\images\99\14664.png,high,14663,original
14663_low,14664,99,82,data\corrupted\blur_15x15_s5\images\99\14664.png,low,14663,15x15_s5
14676,14677,99,82,data\splits\pilot_100id\images\99\14677.png,high,14676,original
14676_low,14677,99,82,data\corrupted\blur_15x15_s5\images\99\14677.png,low,14676,15x15_s5
14680,14681,99,82,data\splits\pilot_100id\images\99\14681.png,high,14680,original
14680_low,14681,99,82,data\corrupted\blur_15x15_s5\images\99\14681.png,low,14680,15x15_s5
14666,14667,99,82,data\splits\pilot_100id\images\99\14667.png,high,14666,original
14666_low,14667,99,82,data\corrupted\blur_15x15_s5\images\99\14667.png,low,14666,15x15_s5
14681,14682,99,82,data\splits\pilot_100id\images\99\14682.png,high,14681,original
14681_low,14682,99,82,data\corrupted\blur_15x15_s5\images\99\14682.png,low,14681,15x15_s5
14671,14672,99,82,data\splits\pilot_100id\images\99\14672.png,high,14671,original
14671_low,14672,99,82,data\corrupted\blur_15x15_s5\images\99\14672.png,low,14671,15x15_s5
14662,14663,99,82,data\splits\pilot_100id\images\99\14663.png,high,14662,original
14662_low,14663,99,82,data\corrupted\blur_15x15_s5\images\99\14663.png,low,14662,15x15_s5
14658,14659,99,82,data\splits\pilot_100id\images\99\14659.png,high,14658,original
14658_low,14659,99,82,data\corrupted\blur_15x15_s5\images\99\14659.png,low,14658,15x15_s5
14667,14668,99,82,data\splits\pilot_100id\images\99\14668.png,high,14667,original
14667_low,14668,99,82,data\corrupted\blur_15x15_s5\images\99\14668.png,low,14667,15x15_s5
14659,14660,99,82,data\splits\pilot_100id\images\99\14660.png,high,14659,original
14659_low,14660,99,82,data\corrupted\blur_15x15_s5\images\99\14660.png,low,14659,15x15_s5
14684,14685,99,82,data\splits\pilot_100id\images\99\14685.png,high,14684,original
14684_low,14685,99,82,data\corrupted\blur_15x15_s5\images\99\14685.png,low,14684,15x15_s5
14650,14651,99,82,data\splits\pilot_100id\images\99\14651.png,high,14650,original
14650_low,14651,99,82,data\corrupted\blur_15x15_s5\images\99\14651.png,low,14650,15x15_s5
14654,14655,99,82,data\splits\pilot_100id\images\99\14655.png,high,14654,original
14654_low,14655,99,82,data\corrupted\blur_15x15_s5\images\99\14655.png,low,14654,15x15_s5
14679,14680,99,82,data\splits\pilot_100id\images\99\14680.png,high,14679,original
14679_low,14680,99,82,data\corrupted\blur_15x15_s5\images\99\14680.png,low,14679,15x15_s5
14665,14666,99,82,data\splits\pilot_100id\images\99\14666.png,high,14665,original
14665_low,14666,99,82,data\corrupted\blur_15x15_s5\images\99\14666.png,low,14665,15x15_s5
14669,14670,99,82,data\splits\pilot_100id\images\99\14670.png,high,14669,original
14669_low,14670,99,82,data\corrupted\blur_15x15_s5\images\99\14670.png,low,14669,15x15_s5
14655,14656,99,82,data\splits\pilot_100id\images\99\14656.png,high,14655,original
14655_low,14656,99,82,data\corrupted\blur_15x15_s5\images\99\14656.png,low,14655,15x15_s5
14661,14662,99,82,data\splits\pilot_100id\images\99\14662.png,high,14661,original
14661_low,14662,99,82,data\corrupted\blur_15x15_s5\images\99\14662.png,low,14661,15x15_s5
14651,14652,99,82,data\splits\pilot_100id\images\99\14652.png,high,14651,original
14651_low,14652,99,82,data\corrupted\blur_15x15_s5\images\99\14652.png,low,14651,15x15_s5
14674,14675,99,82,data\splits\pilot_100id\images\99\14675.png,high,14674,original
14674_low,14675,99,82,data\corrupted\blur_15x15_s5\images\99\14675.png,low,14674,15x15_s5
14652,14653,99,82,data\splits\pilot_100id\images\99\14653.png,high,14652,original
14652_low,14653,99,82,data\corrupted\blur_15x15_s5\images\99\14653.png,low,14652,15x15_s5
14683,14684,99,82,data\splits\pilot_100id\images\99\14684.png,high,14683,original
14683_low,14684,99,82,data\corrupted\blur_15x15_s5\images\99\14684.png,low,14683,15x15_s5
14653,14654,99,82,data\splits\pilot_100id\images\99\14654.png,high,14653,original
14653_low,14654,99,82,data\corrupted\blur_15x15_s5\images\99\14654.png,low,14653,15x15_s5
14682,14683,99,82,data\splits\pilot_100id\images\99\14683.png,high,14682,original
14682_low,14683,99,82,data\corrupted\blur_15x15_s5\images\99\14683.png,low,14682,15x15_s5
